"id","time","eta1","eta2","tx_time","hw_integral_1","hw_integral_2","y1","y2","y3","y4","quarter_day"
1,0,-0.0781175078949067,-0.0144398211033541,-Inf,0,0,-0.594800322107543,0.510040572677649,-0.698514294886144,0.311429701061848,0
1,0.195891634415004,0.428949886013997,-1.29143062771592,-Inf,0,0,-0.308356324649859,0.911565462607751,-1.99178944127225,-1.26519122689222,1
1,0.26257814825841,1.93328491665793,-1.62727400111497,0.259520694706589,0,0,1.80279005470494,2.30521809636519,-2.29741505397022,-0.693929335509744,2
1,0.650193509973206,-1.02355514009037,-0.427282287276576,0.259520694706589,0,0,-0.878066080678644,-0.359736563772953,-1.2292826296741,-0.351470011488224,3
1,0.983626079190235,-0.71978914836839,0.786276350125843,0.818788123291989,0,0,-0.796043196865066,0.481672497464043,0.264759236989607,0.837829268331302,4
1,1.10866329264662,-1.47553695347553,0.358694488950469,0.818788123291989,0,0,-1.6300473782139,-0.00811906748777289,-0.962837837924981,-0.0902125340269249,5
1,1.29205120571599,-1.57452568558677,1.39832436016388,0.818788123291989,0,0,-1.58348923328916,0.651644314249312,-0.0316913443094928,1.87787842556302,6
1,1.64215540339387,0.237905289013454,-0.747647952910659,0.818788123291989,0,0,0.220356903351855,0.425007571888665,-1.66066183865485,-1.38583323537413,7
1,1.82554331646323,-0.459879897802671,-0.319111914573216,0.818788123291989,0,0,-1.00943656100377,0.894783297679905,-1.31003214254811,-0.328286730434941,8
1,2.07978565049122,0.0202019718665727,0.385352323954388,0.818788123291989,0,0,-0.2759982850098,1.34072449170673,-0.796111138834262,1.08699954850848,9
1,2.38821077701697,0.22059256509049,-0.673122084793948,0.818788123291989,0,0,-0.188643636093922,0.446661416704295,-1.64420817870719,-0.462368657580143,10
1,2.57993450431676,3.31950088042664,-1.91044877865056,2.54343885895438,0,0,2.68622594347186,1.11219688893506,-2.67344773656933,-1.12769153119678,11
1,2.99255730872283,2.94883497814419,-2.17764625852686,2.79879337485808,0,0,2.51519760208295,2.99190883634145,-3.0573396810532,-2.80193038943512,12
1,3.0800833581423,1.93464848122193,-2.2498690320932,2.79879337485808,0,0,1.43240001343154,1.48911953266031,-2.87088951430817,-1.12397132799007,13
1,3.33015778505508,0.095928709226957,-1.12960400875915,2.79879337485808,0,0,0.0925360377734708,1.17750142349016,-1.91796995326895,-1.16100247171088,14
1,3.53438523370051,-0.629613277764495,-0.0341759092671243,2.79879337485808,0,0,-0.70919597842618,0.761946991347921,-1.13512865393042,-1.03810191938164,15
1,3.99702292348913,-0.560110344149339,-0.408335153435308,2.79879337485808,0,0,-0.703333983990284,0.368051675790201,-1.49215377423789,0.0256003055244299,16
1,4.20125037213456,0.123883568557245,0.0575032342483658,2.79879337485808,0,0,-0.107455782397638,1.02195985693486,-0.639796313461607,0.317281574823311,17
1,4.43465317058648,1.78167045981718,-0.954669065226936,4.4161042542358,0,0,1.37452892747381,1.19874591557272,-1.55235608470794,-0.384116357261577,18
1,4.55135456981244,1.76616811087712,-0.356487024289466,4.4161042542358,0,0,1.65915704554629,1.83949576278346,-0.590759900100498,-1.46821046716763,19
1,4.84727597499256,1.66319701078298,-2.00472624832258,4.4161042542358,0,0,1.32771512797655,1.23550937845451,-2.78752355254721,-2.16625655610983,20
1,5.03899970229235,3.79805631889567,-2.49392929432434,4.98436078719365,0,0,3.45882322824209,3.84896425814469,-3.02971560653826,-1.97494739269685,21
1,5.43911878535278,1.64116303967278,-2.67826134179905,4.98436078719365,0,0,1.21507136653651,1.32923823016629,-2.9712498512389,-1.51164436710013,22
1,5.68919321226556,0.811341129316174,-2.37439077098535,4.98436078719365,0,0,0.489439964715068,0.771928752297804,-3.20133432128029,-1.18187912231011,23
1,5.86007740398928,-0.0693085675161197,-1.57273466791818,4.98436078719365,0,0,0.129244585779477,0.700094097385935,-2.82066567448938,-0.468495258304813,24
1,6.06430485263471,0.460519257567926,-0.931763863200346,4.98436078719365,0,0,0.289725234051194,1.06893303557533,-2.2596930782301,-0.856817439196881,25
1,6.43941649300387,0.723974522676965,0.0681040599924415,6.13138673502343,0,0,0.706194557002404,2.28126875440407,-0.895928476935913,0.519063005304527,26
1,6.5769574278059,0.356672240481272,-0.499021206174406,6.13138673502343,0,0,0.290227271485357,1.62491990413629,-1.06628848223454,-0.682701822722571,27
1,6.95206906817505,-0.407007422099738,-0.832756496376201,6.13138673502343,0,0,-0.642053474537977,-0.338502867193214,-2.01808948540575,-0.295835499997681,28
1,7.00208395355761,-0.269515938477711,-0.730539520740805,6.13138673502343,0,0,-0.411487175958187,0.206668202103677,-1.5649518932893,0.0164013256024982,29
1,7.36469187258113,0.458103748257702,-0.310167057694238,7.30714813036522,0,0,0.363792167822088,1.18309381652084,-0.820718667909304,-0.207358531488848,30
1,7.52724025007443,0.807125486782002,-0.303677035156519,7.30714813036522,0,0,0.392032876700333,0.636145817648393,-1.02646750269465,-0.476846526792235,31
1,7.77314676987199,0.224798278829964,-0.230774320235656,7.30714813036522,0,0,0.0438482027962221,1.35373100489047,-0.941114987468139,0.468637668914883,32
1,8.1982732956237,1.77878068519178,-0.381061915058459,7.30714813036522,0,0,0.956644135720321,1.20134487911968,-1.0334534153333,-0.270268311247128,33
1,8.38999702292349,1.73917522001603,-0.147776681191365,7.30714813036522,0,0,1.59260881086342,2.35961662135155,-1.01786191188215,-0.0232546704497632,34
1,8.69842214944924,1.14504460351163,-0.849920718558111,7.30714813036522,0,0,0.931025839873944,2.16276757860393,-2.04266547640306,-0.2326455564128,35
1,8.84013099136648,0.722128202370763,-1.59588381683828,7.30714813036522,0,0,0.401155644453943,1.90614168509484,-2.92548238689369,-1.26716162109746,36
1,9.15689193212266,1.73298073398729,-0.882484940643345,8.86793817075399,0,0,1.59367680664302,2.1276561490656,-2.26347903450845,-0.607074071626479,37
1,9.48615659422447,1.17427303639895,-0.27842402355886,8.86793817075399,0,0,0.844490975474003,0.688353052121608,-1.18770633812265,-0.349280306476275,38
1,9.58618636498958,0.229331837392854,-0.862866983383571,8.86793817075399,0,0,0.35071694452784,1.54171014669332,-1.36441713480428,0.514402250154394,39
1,9.83209288478714,2.19220740760179,-1.88358902551335,9.82264499120199,0,0,1.87935672852707,3.2691616525611,-2.98711067985447,-2.66534158664832,40
1,10.1530217326585,0.658785730831674,-1.61074463035032,9.82264499120199,0,0,0.0763475755840275,0.290052695913747,-2.66112674518255,-1.38273286164597,41
1,10.3405775528431,-0.0267093195384881,-0.131796961742005,9.82264499120199,0,0,-0.194873302272611,1.19375759722661,-0.62634381202861,-0.882317799083911,42
1,10.5989877939863,0.670806447652884,-0.56372008815473,9.82264499120199,0,0,0.090761786067396,0.92635295338117,-1.65977485238129,-1.57556636769617,43
1,10.76987198571,-0.0824501366198905,-1.089773778715,9.82264499120199,0,0,-0.199105125325109,0.615177929029087,-2.63716924999659,-1.67750852170936,44
1,11.1949985114617,1.62355063654483,-0.277089022919499,10.9057709017357,0,0,0.692276072271046,1.76207184301756,-1.18191473471335,-0.432203295937624,45
1,11.4242334027985,0.646912868930424,-0.951620517240066,10.9057709017357,0,0,0.392601195453255,0.78739381684175,-1.59705737308018,-1.0950352851693,46
1,11.6534682941352,-0.248513326364207,-0.888980139547254,10.9057709017357,0,0,-0.555461543668176,0.969682224319047,-2.11181356737175,-0.819322311870352,47
1,11.9618934206609,-1.06436726048376,-0.564370864818441,10.9057709017357,0,0,-0.802197036092159,0.353951988829059,-1.79060023791515,0.256898306819832,48
1,12.0827627270021,0.57270457389523,-1.1120863654384,12.0385967537098,0,0,0.527530293159385,-0.353779480056911,-1.98302748179162,-1.63413687035661,49
1,12.2953259898779,-0.0497920450505493,-0.410590689876352,12.0385967537098,0,0,-0.379020371613052,1.06546465265558,-1.49919761421451,-0.510547459394033,50
1,12.6829413515927,0.66492186743106,-0.319886121680846,12.0385967537098,0,0,0.170694619550466,0.774179041071221,-0.963141985167921,0.512260144165764,51
1,12.8496576362013,0.829094515398811,-0.64094210387863,12.0385967537098,0,0,0.322880193598353,1.70355040077837,-1.42369814927702,1.55391588054273,52
1,13.0080381065793,0.0404588052565223,0.0145459819559301,12.0385967537098,0,0,0.111294952688102,0.255324944763671,-0.755352741255186,0.877121877861861,53
1,13.4289967252158,-1.32862001576727,-0.327109372294449,13.0558444504411,0,0,-1.39036458306201,0.501733748561075,-1.56784655862061,-0.668854424068301,54
1,13.6290562667461,-0.000482584599021049,-0.535156216748244,13.0558444504411,0,0,-0.27779351487551,-0.195568534033998,-1.35499170724074,-1.620197257653,55
1,13.9249776719262,-0.686487575678863,-0.611010878878738,13.0558444504411,0,0,-1.04923372264443,-0.0880367972949706,-1.49194170450815,-0.150948382622039,56
2,0,-0.680045300538418,0.401746493751688,-Inf,0,0,-0.948799961103229,0.474328590471868,1.05591897898302,-0.776946903378118,0
2,0.0166716284608514,-0.450556558622869,0.278305225914999,-Inf,0,0,-0.469621266357465,0.0957891921064368,1.70655174523148,-0.158547756445005,1
2,0.491813039595118,-0.704238536077568,-0.00466540243425159,0.0609971452387981,0,0,-1.01972513534641,0.987409092733957,0.577962942264019,-0.342035008481971,2
2,0.558499553438523,-0.710326350918058,0.229111069795418,0.0609971452387981,0,0,-0.721621155562102,-0.432228150146047,0.950254434975677,-0.291006837137972,3
2,0.854420958618637,-0.360778632047613,0.40591873601249,0.0609971452387981,0,0,-0.297624846261771,0.538322940137299,1.45194974881124,-0.364250694179978,4
2,1.02947305745758,1.0350699763721,-0.0958563967918827,0.881513397463669,0,0,0.892848318381264,1.41649226338465,0.366697707987565,-1.41702275064681,5
2,1.34206609109854,-0.788364880770915,0.618125058910781,0.881513397463669,0,0,-1.01776745829702,-0.882345912232426,1.51968154200186,-0.571304632155166,6
2,1.5546293539744,-0.924448946548641,0.507640976687139,0.881513397463669,0,0,-0.897494564386673,-0.456938172863053,1.30872883169266,-0.658521159564249,7
2,1.80887168800238,-0.131220556560995,0.521134603050942,0.881513397463669,0,0,-0.0477796843056972,0.583798750763002,1.50333653262584,1.29913980331747,8
2,2.00059541530217,1.26249973079322,-1.12602391902344,1.96954881688222,0,0,0.808001228006111,0.956190380016053,-0.331264551052399,-1.69691907906724,9
2,2.4632331050908,1.54231350960593,-0.284417003190108,1.96954881688222,0,0,1.31585801357349,2.78480900480391,0.333641517310586,0.87196548862179,10
2,2.64245311104495,0.861923860083485,-1.00802332381563,1.96954881688222,0,0,0.368599191294135,1.611789872648,-0.402999717886531,-1.81048863738786,11
2,2.80916939565347,0.33712564407497,-0.626367331603063,1.96954881688222,0,0,0.0785674777676904,0.789999857673326,0.0369205523711056,0.135329984743496,12
2,3.03423637987496,0.137231187670638,0.15691426691502,1.96954881688222,0,0,0.287971838456882,0.175795571173814,1.26436840883312,-0.676362385674559,13
2,3.26347127121167,-0.488913914068836,0.582108360807764,1.96954881688222,0,0,-0.814289766951408,0.144537631621375,1.78947605632613,-1.11547922999322,14
2,3.74694849657636,-0.466542636378127,0.611844358494681,3.34486288306697,0,0,-0.701664925687711,0.275871740906331,1.49678441928895,0.487472115486996,15
2,3.99285501637392,-1.35995610273518,1.2426599014632,3.34486288306697,0,0,-1.41348652336514,-0.230643310291829,2.30139592845133,0.15835679850003,16
2,4.1470675796368,-1.55742925736102,1.14140223508624,3.34486288306697,0,0,-1.61068420294368,-1.03751935105668,2.28108040368239,0.405528878819872,17
2,4.41381363501042,-1.28397880897227,0.602236101004194,3.34486288306697,0,0,-1.58356983990223,0.862847316347684,1.47514007135821,0.822366099381634,18
2,4.56385829115808,-0.146148821531503,0.322183306313568,4.53312533252622,0,0,-0.241114978703255,0.245461378936652,1.06044873544037,-1.36569065479794,19
2,4.75558201845787,-0.237054140773037,0.44581214796017,4.53312533252622,0,0,-0.152970128193968,0.29321403451529,1.05816647660473,-0.457654036614769,20
2,5.11402203036618,1.25048681738212,-0.667238210456097,5.00978692962358,0,0,1.14908287813037,1.22757960276534,0.112854970782309,-1.69047303249454,21
2,5.26823459362906,1.48309795705992,-0.528314013836361,5.00978692962358,0,0,1.16870163167616,1.37689710157926,0.642882196868383,0.060781999957506,22
2,5.62667460553736,-0.273329155469602,-0.287168505627701,5.00978692962358,0,0,-0.575823891972161,-0.306460802381007,0.14664638407366,-1.18813159069476,23
2,5.94760345340875,-0.564550363742529,0.103498578028899,5.00978692962358,0,0,-0.654592243775172,1.10103525607489,1.07904365497548,0.284162003521819,24
2,6.11015183090205,0.261291495041935,-0.428554654006739,5.00978692962358,0,0,-0.462080924810892,-0.282181346983957,0.609733900390464,-1.24791740773281,25
2,6.44358440011908,1.78078097622193,-1.4081797025988,6.4407994879535,0,0,1.10925609938018,2.26388995423934,-0.25507202173692,-1.87548658254073,26
2,6.61863649895802,1.05983872961206,-0.073281535204325,6.4407994879535,0,0,0.711580863074569,0.256877674317848,0.174530842669244,-0.748490944950401,27
2,6.88121464721643,0.515691218154241,-0.366534457288305,6.4407994879535,0,0,0.358951699742342,1.82578358814866,0.316108081205093,0.423385841324826,28
2,7.15212860970527,1.0781315072142,-0.388415253146553,6.4407994879535,0,0,0.519760445385502,0.694231058356833,0.601257287915971,0.544001936596805,29
2,7.43971420065496,0.38712004864084,-1.48878944483242,6.4407994879535,0,0,0.266363660996882,0.827723318975433,-0.448770744062841,-1.61270869810901,30
2,7.56475141411134,-0.24794593528874,-0.784426925640763,6.4407994879535,0,0,-0.296945577346542,-0.15037486378545,-0.0213664187026035,-2.00560636491624,31
2,7.97737421851742,2.91293413708839,-1.40321280949602,7.83331225594649,0,0,2.25382707629263,3.03603647319031,-0.0564227229986717,-1.16584057790216,32
2,8.08990771062816,2.1302176052948,-1.2629072661675,7.83331225594649,0,0,1.85403147889936,2.36684224530537,-0.745931375747211,-2.44745702661197,33
2,8.44417981542126,0.595748722090066,-0.326466178125068,7.83331225594649,0,0,0.419453314016644,1.57435605406029,0.133327173365676,-0.934323159542918,34
2,8.58172075022328,0.425756064502314,-0.178679280862127,7.83331225594649,0,0,0.235355169485829,0.83116468181753,1.12214989927712,-1.73706479678266,35
2,8.77344447752307,-0.253346384763158,0.299274093613452,7.83331225594649,0,0,-0.598776197944939,-0.466402206072885,1.11851118756819,-0.503080221836221,36
2,9.06519797558797,0.444424716822173,0.632769628487782,8.8016597898068,0,0,0.231069790543007,1.40790223925755,1.0799474720329,1.1565335489606,37
2,9.28192914557904,0.240663664514247,0.560666644720355,8.8016597898068,0,0,-0.523802387793043,-0.623329299512773,1.34225017198297,-1.51233377648811,38
2,9.68621613575469,1.88153333228427,-0.150223956058822,9.33480978478463,0,0,1.2295983763791,2.60139033167232,0.320826341982106,-1.037995666759,39
2,9.93212265555225,1.02443637354321,-0.912771155789734,9.33480978478463,0,0,0.648212169025314,-0.210485871922318,0.235541811175461,-1.2380800499832,40
2,10.1738612682346,0.891960790881176,-0.409863483670623,9.33480978478463,0,0,0.614163378156659,1.01840003143059,0.475390819492432,-1.71165922591593,41
2,10.4281036022626,-0.380050690277671,-0.272023569841845,9.33480978478463,0,0,-0.707376518599001,0.0906027148375749,0.581515462051958,-0.715811911941141,42
2,10.6490026793689,0.0863772469390939,-1.28819746676533,9.33480978478463,0,0,0.163044292644508,0.980091040895124,-0.767999103465688,-3.00134018045616,43
2,10.8240547782078,1.83555335657734,-2.19414299437492,10.7034800521385,0,0,1.30227039330654,1.96718807281078,-2.20870628856514,-1.43283050273006,44
2,11.2450133968443,1.60918678828982,-1.17737996865932,10.7034800521385,0,0,0.566144215711454,1.75118666395135,-0.650433892752179,-0.404605289611876,45
2,11.2700208395356,1.4900662460844,-1.1343981349363,10.7034800521385,0,0,0.819651182264958,1.93005509995822,-0.609314235143794,-1.09070685486131,46
2,11.5617743376005,0.450237778383774,-0.896849419597254,10.7034800521385,0,0,0.00471599861827826,0.347559719907309,0.373815719663429,-0.34506779471305,47
2,11.9535576064305,1.34169163236166,-1.0595525350758,11.5728802649107,0,0,1.16512446146845,0.758259347643561,-0.570787179318333,-1.37322261699393,48
2,12.2286394760345,1.30799354993001,0.573153907622903,11.5728802649107,0,0,1.25406058940165,1.58157972890163,1.3791566563943,-1.92516488715106,49
2,12.3620125037213,0.388423460020572,0.0483794802441943,11.5728802649107,0,0,0.145351498672862,-0.333167588011486,0.895025890532968,-0.18885649245999,50
2,12.7121167013992,1.65456102649628,-0.257282238149611,12.6293458164222,0,0,1.09568311028189,1.74026086397844,0.310272579656043,-1.52704883915261,51
2,12.7996427508187,2.33798409429616,-0.24418738051861,12.6293458164222,0,0,1.62422683174429,2.34420491725537,1.25125813652834,-0.581269299443729,52
2,13.21643346234,-0.463553492485817,-0.55722477648596,12.6293458164222,0,0,-0.72639621062096,0.573039680921305,-0.503556792424815,-1.51291796025805,53
2,13.3289669544507,-1.81518325265042,-0.33869805552373,12.6293458164222,0,0,-1.78019312896085,-0.234663417285035,0.266145061337429,-1.5939180206316,54
2,13.5165227746353,-1.10875372354949,0.344493929485509,12.6293458164222,0,0,-1.23870594465114,0.460465231030557,1.62023181442964,1.37886339281453,55
2,13.9041381363501,0.486896037051103,-0.962211383632105,12.6293458164222,0,0,0.330397450812826,0.283787718787178,-0.421066410869118,-1.06272071231666,56
3,0,1.55840691242308,-0.188365850737931,-Inf,0,0,1.75567596220098,0.332581099146367,0.620540972807652,-2.37802498331106,0
3,0.20422744864543,1.74065987289622,-0.960246114713583,-Inf,0,0,1.7113086865939,1.09535213159421,-0.072536108572475,-3.88970372956103,1
3,0.370943733253945,-0.219784106392836,-0.369101572633601,-Inf,0,0,-0.139095879448242,0.11953925198734,-0.12762814767378,-2.7412244639382,2
3,0.587674903245013,0.913042582879043,0.356488794736772,0.419302955595776,0,0,0.98937885828248,1.15385272929337,1.89867592861089,-1.04287087228736,3
3,0.808573980351295,0.450779671108305,1.49831454356176,0.419302955595776,0,0,0.746829030800519,0.922892116211677,2.03316692835868,-0.570188371244742,4
3,1.05031259303364,0.175049316895423,1.06277542075078,0.419302955595776,0,0,0.424745586674658,0.888073561600554,2.05789716976564,-1.90437487296343,5
3,1.35873771955939,0.0243304530766077,-0.494720277599179,0.419302955595776,0,0,-0.144674157760771,1.01113812596344,0.0601674338347222,-2.55066467853631,6
3,1.66716284608514,1.2447296406484,0.589064878607302,1.40748646636314,0,0,1.08907138937976,1.46114308903673,1.66732900758121,-0.839501379549398,7
3,1.76302470973504,0.38641563115292,0.470877913930779,1.40748646636314,0,0,0.509349408446528,-0.539462642777963,1.21308890927372,-2.27773210742268,8
3,2.10896100029771,-0.0962361227097967,0.637165059501655,1.40748646636314,0,0,0.195061321233949,0.413898541088731,2.09767064306321,-2.06202458666926,9
3,2.36320333432569,-0.0153891895292168,-0.544634886985987,1.40748646636314,0,0,-0.0231101257055387,-0.311769548246382,0.185131295458647,-2.00327344042141,10
3,2.53825543316463,1.44230921921693,-0.829975025967664,2.49891370462361,0,0,1.74843538792888,2.42950720816004,-0.103973424022511,-2.88037003795834,11
3,2.7883298600774,0.428561888110001,-1.29107029863791,2.49891370462361,0,0,0.832521992905091,1.34531388779439,-0.231377520519744,-2.48401086601198,12
3,3.21762429294433,0.753639549988432,0.238621249304037,2.49891370462361,0,0,1.10645482955961,0.0802118899270661,1.22367518943085,-1.95321893193892,13
3,3.43852337005061,2.07990805243825,-1.61760490398308,3.35916705261379,0,0,2.33376008701237,1.38445433970231,-0.875294756731084,-1.42314061787536,14
3,3.60940756177434,1.07967475709195,-0.437894879512263,3.35916705261379,0,0,1.23371992682382,2.50592014379419,0.157765981762038,-2.47685595879243,15
3,3.81363501041977,0.776653266046844,-0.127809769613155,3.35916705261379,0,0,1.0927412575037,0.695588159820633,0.395149749138946,-2.94424919221341,16
3,4.23042572194105,-0.147233501371268,-0.176766594902166,3.35916705261379,0,0,0.102002690607341,0.352805254409212,1.04331523456324,-2.15852239305408,17
3,4.41381363501042,0.602678198914337,0.435075376923577,3.35916705261379,0,0,1.18174920068409,0.36147094717288,1.52932034567378,-1.4662384569533,18
3,4.63054480500149,1.8434692372406,-1.4156210127585,4.46862379644747,0,0,1.70568456456895,1.40572933485708,-0.684959520818173,-3.35500587816349,19
3,4.94313783864245,0.175949349556292,-0.0605222390564392,4.46862379644747,0,0,0.54412040248246,1.68827066306264,0.519493096948448,-1.7503341579601,20
3,5.0890145876749,1.02155393589235,0.477786046243365,4.46862379644747,0,0,0.960898225235845,0.282870423344573,1.56953478664686,-1.07206243355471,21
3,5.25989877939863,0.670542523322553,0.25285465445446,4.46862379644747,0,0,0.783400994600313,0.859258288477124,1.31340466152789,-2.74144323911999,22
3,5.5724918130396,1.23688239630644,-1.55859447296025,5.41857243258542,0,0,1.26147301375429,1.73637028665086,-0.193426803117067,-2.85167913089365,23
3,5.97261089610003,0.757328021077246,-0.329754230813948,5.41857243258542,0,0,0.923950749784562,0.861749154716364,0.829689513874863,-2.03615753761479,24
3,6.06847275974993,1.49059330591581,-0.616276974964236,5.41857243258542,0,0,1.62231548272692,1.4983268678538,0.299355170326947,-2.27058438477363,25
3,6.47275974992557,0.640671439440434,-0.808188590112192,5.41857243258542,0,0,0.880163345574542,0.979459699536901,0.369118734280308,-2.2259282917512,26
3,6.58529324203632,0.968834198790431,0.125495435734361,5.41857243258542,0,0,0.930103893958506,1.86286640520539,0.950265157567125,-1.94204419875388,27
3,6.8687109258708,0.769998175131917,-0.608733770590384,6.73152012595764,0,0,1.13413124419693,0.671209780293861,0.0702498092240494,-2.47332705069059,28
3,7.20631140220304,0.0803501373692237,1.50476563242135,6.73152012595764,0,0,0.506590484145519,-0.535293229263769,2.62124592904886,-0.885327909238852,29
3,7.31467698719857,-1.17316829585474,1.85036645991907,6.73152012595764,0,0,-0.864947663359259,0.133991264695719,2.95431677406966,-0.229565465994583,30
3,7.73563560583507,-0.498347325738937,0.958392829862833,6.73152012595764,0,0,-0.229288467370546,0.379683074763289,2.12135969113669,-1.93616740270648,31
3,7.94819886871093,-0.259853272165451,-0.103638583138676,7.8620234131222,0,0,0.11529996399543,-0.362119633720235,0.61060458366489,-2.48718703940107,32
3,8.06490026793689,-0.32160521845252,0.96720775245294,7.8620234131222,0,0,-0.174307650654631,0.382792455146507,2.03442699009242,-1.23234462139326,33
3,8.25662399523668,-0.182813090979225,0.89698817458731,7.8620234131222,0,0,0.272370941323978,0.742740966756079,1.65975819710102,-0.697351293597347,34
3,8.74010122060137,1.01769115011794,-1.30761351372389,8.63304143974987,0,0,1.22705379999583,0.340817236110669,-0.319997886879554,-3.66180728193986,35
3,8.77761238463829,1.60599276719056,-1.18428025392098,8.63304143974987,0,0,1.3660244581496,1.14473805849794,0.00479670519756159,-3.39814544706296,36
3,9.11938076808574,1.00916341160783,-0.261473805322469,8.63304143974987,0,0,0.99278466766075,1.82542699883102,0.211769039530685,-1.01480510857915,37
3,9.30276868115511,0.0624225012956138,0.0188680654687289,8.63304143974987,0,0,0.0907068082695603,0.038698750343684,1.2306761381501,-2.25374289655241,38
3,9.67371241440905,-0.927024655769756,0.590802667553493,8.63304143974987,0,0,-0.866264898018889,-1.13696795675315,1.12763376837248,-1.76294496880995,39
3,9.78207799940459,-1.53468781205626,0.839114051077589,8.63304143974987,0,0,-0.565463771595194,-0.60164394685642,1.57864590867545,-1.47030364793796,40
3,10.0404882405478,0.366872268925953,1.09176383749818,8.63304143974987,0,0,0.61273325750289,1.32010301599072,1.4825027968667,0.180966327726628,41
3,10.3697529026496,-0.211981860014037,1.79057749695822,10.0944584524563,0,0,0.11576075497874,-0.309031302150823,2.83179398743373,0.0775744599578246,42
3,10.6948496576362,-0.76828277177758,0.859033903515458,10.402648535772,0,0,-0.511598573552971,0.583247500931977,1.38566234275792,-1.44404585495661,43
3,10.7657040785948,-0.462344795361263,1.05891193384235,10.402648535772,0,0,-0.0531599626571065,-0.224459344396388,1.80256842453587,-0.853747855601962,44
3,11.0282822268532,-1.69784510179501,1.92137598980923,10.402648535772,0,0,-1.2296537340533,-0.465329662815938,2.42344552002856,-1.6120148117607,45
3,11.3408752604942,-1.31958589936734,1.42806918417384,10.402648535772,0,0,-1.1048562752632,-0.41418621980567,2.7869695656412,-0.592277251962445,46
3,11.5034236379875,-1.15023192050155,1.52441096423633,10.402648535772,0,0,-0.911135880534374,-0.615998632340425,2.6938810308944,-0.387791734814852,47
3,11.9368859779696,-0.31387993642074,-1.07828918947101,11.6589235982893,0,0,-0.219737885958788,0.474941363550476,0.233427558281186,-3.02930804121618,48
3,12.1369455194999,-0.986453815411329,0.050485544207019,11.6589235982893,0,0,-0.414770647704969,-0.083523129954162,0.862182947468436,-1.52881264187874,49
3,12.4036915748735,-0.500952279838877,1.01419601531292,11.6589235982893,0,0,-0.188289093072216,0.25972063880077,2.05713118000222,0.0388985095438241,50
3,12.5912473950581,-2.05049861585016,0.78852947711222,11.6589235982893,0,0,-1.63507621323837,-0.536339720546647,1.69478027735199,-2.13149372786741,51
3,12.7704674010122,-0.0776406736345158,0.151283949563805,12.7509138621873,0,0,0.458341310358458,0.177323236992042,0.795950398162226,-2.80956292506917,52
3,13.2247692765704,-1.6739665070482,1.65440716163633,12.7509138621873,0,0,-1.17676204291646,-0.511778488220022,2.02486182549033,-0.88296495513673,53
3,13.2664483477225,-1.22842007489529,1.73181716787447,12.7509138621873,0,0,-0.666017220996674,-0.217220699962388,2.9530713598301,-2.36387517022289,54
3,13.5165227746353,-0.756372473545487,-0.338680781799279,12.7509138621873,0,0,-0.352385368499961,-0.0608739073249038,0.527941786740923,-1.6753671812918,55
3,13.8791306936588,1.56626353634784,-1.17767066694187,13.8696557393065,0,0,1.91600661817034,1.57600382958361,-0.197175367848591,-1.57879263390975,56
4,0,-0.812887142587955,0.371084160056013,-Inf,0,0,-1.13055225254189,-0.92232586539028,-0.691870216360424,-1.13163200579051,0
4,0.195891634415004,0.465960901518759,0.0606149343973916,-Inf,0,0,0.0338631392908891,0.771592489104421,-1.18115393475583,-1.18303156003395,1
4,0.404286990175648,3.03488805034639,-1.98928219121641,0.384081606601831,0,0,2.35258290777916,1.14605967875609,-2.75404518471094,-2.01872776880787,2
4,0.52515629651682,2.18688320516026,-0.797178635455318,0.384081606601831,0,0,2.04615480100848,0.696951327902538,-1.71462163963859,-1.46678075718147,3
4,0.912771658231617,0.318167641685845,-0.392424715683358,0.384081606601831,0,0,0.016847965508551,0.205958567807178,-1.2983503056065,-0.817190790326817,4
4,1.15867817802918,0.337689433815747,-0.66414136983491,0.384081606601831,0,0,0.538319795562578,0.448756651731122,-1.51344124122017,-1.59510664898589,5
4,1.41292051205716,1.25214521523321,-1.13110377429259,1.30939932970617,0,0,0.946831287588263,1.09074508189276,-1.77369169244938,-1.70935210927207,6
4,1.63798749627865,-0.0274468937630242,-0.91494859865491,1.30939932970617,0,0,-0.644908069456012,0.343554364151386,-1.15489990278167,-1.3504804856547,7
4,1.77552843108068,1.44580487269207,-0.612193385119516,1.30939932970617,0,0,1.04678743947239,1.23387082239361,-1.37610043363766,-1.25550651456668,8
4,2.22149449240846,1.75159932833079,-0.425423636522153,1.97927487117346,0,0,1.44163127269996,0.180883053619505,-1.27168055495973,-1.24185354106047,9
4,2.25483774933016,1.55306156518947,-0.205246679680736,1.97927487117346,0,0,1.19272238626877,0.202299993680192,-1.24245822177619,-2.45130175462486,10
4,2.58827031854719,0.0765390041683504,0.601555622939415,1.97927487117346,0,0,-0.157959544626278,0.150082428151671,-0.317352469321605,-1.13151847686219,11
4,2.84251265257517,0.124483017568182,1.54527294439496,1.97927487117346,0,0,-0.218870462057616,-0.204855577715463,0.566752378775926,-0.839058354375772,12
4,3.22179220005954,0.473874291041359,-0.352086413684482,2.93052807426474,0,0,0.163744581018254,0.0264190526883436,-1.21663943644928,-1.23501898555719,13
4,3.43852337005061,-0.866026222248882,-0.316069227677494,2.93052807426474,0,0,-0.815138072366897,0.10432440574217,-1.23126732348175,-1.53491282419857,14
4,3.73444477523072,0.0770909126378053,-0.0439080972601144,2.93052807426474,0,0,-0.150458182776598,-0.534175954284759,-0.988821802052799,-1.16454170637729,15
4,3.77612384638285,-0.170748579464683,-0.0687257513256248,2.93052807426474,0,0,-0.159410528300422,-0.29349427648421,-0.43329718306247,-1.01338701801842,16
4,4.17207502232807,0.691823861297708,-0.920036316205301,4.04145232233434,0,0,0.0284940700129702,1.99096375067278,-2.05768369637858,-0.620944770319921,17
4,4.31795177136052,-0.23697425802447,1.05318628773187,4.04145232233434,0,0,-0.606366173711568,1.15321817339293,-0.0880543896429795,0.672235329670694,18
4,4.70139922596011,0.34592328044179,0.137894785309213,4.04145232233434,0,0,0.155726679167822,0.360613191223569,-1.03117545845294,-1.96171925535094,19
4,4.83060434653171,0.154600369076892,-0.401617554110252,4.04145232233434,0,0,-0.182532986324087,0.292051359156239,-0.98860868519189,-1.46786884261829,20
4,5.19738017267044,1.01639778578361,-0.199104087993324,4.04145232233434,0,0,0.50592553072558,1.03093745170995,-1.15593076620474,-1.43817533499666,21
4,5.26406668651384,2.81826895568914,-1.21535949127526,5.24926395287307,0,0,2.36702363315856,1.33834671063096,-2.16222337521489,-2.29097593678527,22
4,5.58916344150045,1.08392162751741,-0.179489175825029,5.24926395287307,0,0,0.722615153664614,0.545821779661798,-1.07729381346163,-0.835502121101492,23
4,5.77671926168503,1.25963255152557,0.485396092042152,5.24926395287307,0,0,0.839824056922571,-0.310608261803869,-0.41184976150006,0.169333113835813,24
4,6.2226853230128,1.60945988396927,-1.63930590402539,5.24926395287307,0,0,1.00422231141186,0.323640429594163,-1.70864946897304,-3.58358422831418,25
4,6.34772253646919,2.61246434649664,-1.8586918403409,5.24926395287307,0,0,2.18763466319968,1.21345720683712,-3.15858484928437,-2.27931280906279,26
4,6.70616254837749,0.652569341784939,-1.76900209079191,6.3598813876635,0,0,0.244302563781731,-0.317211014287879,-2.45104145541826,-2.03374863958944,27
4,6.94790116105984,0.231360854168624,-0.8569054418764,6.3598813876635,0,0,0.0132034007847296,-0.269719455029847,-1.46837509580402,-1.89001925867053,28
4,7.1938076808574,1.89724054449726,-0.903014130854367,6.3598813876635,0,0,1.46590948069796,1.11223050089156,-2.06048185295021,-0.804597467717553,29
4,7.26883000893123,3.29399455662485,-1.88390062090795,7.26376072383629,0,0,2.50379339041694,1.78563347198126,-2.76032186523254,-2.56809839631277,30
4,7.57725513545698,2.00866992648681,-1.47409624070658,7.26376072383629,0,0,1.42162368392553,0.527076460246459,-2.33177719689946,-2.04195364978209,31
4,7.89401607621316,0.421549659725385,-1.12005924328577,7.26376072383629,0,0,0.321517046429853,0.281388633843892,-2.21291568951639,-1.8768461376572,32
4,8.17743376004763,0.771607241525149,-0.484562322585022,7.26376072383629,0,0,0.438985280066837,-0.206188458953685,-1.6886382994953,-1.20782739468199,33
4,8.41083655849955,-0.307139698909912,-0.258779447503935,7.26376072383629,0,0,-0.712851684752842,-0.233204441952575,-0.895187888405536,0.24194926526645,34
4,8.72342959214052,1.75296693725898,-1.58587852317224,8.67780519333632,0,0,1.66514420818476,0.539347114073305,-2.7872098933538,-2.8435932555942,35
4,8.79845192021435,1.25345352075161,-1.48267206877337,8.67780519333632,0,0,0.970901267050515,0.0987242559729617,-2.43526359051953,-2.46861594507398,36
4,9.19857100327478,-0.883951338134925,1.31581297309828,8.67780519333632,0,0,-0.996503501256765,-0.0118609820918252,0.042211436406562,0.247962779675153,37
4,9.34444775230723,-0.466401246113386,1.22445450182066,8.67780519333632,0,0,-0.43516341555181,-1.31613768206648,0.179527923758947,0.255912074321858,38
4,9.57368264364394,-0.343863608024656,1.16268343621561,8.67780519333632,0,0,-0.56654123287593,-1.15648156911811,0.128197303188123,0.0561332301114347,39
4,9.9487942840131,2.05900774561775,-0.329633250792723,9.92389884168067,0,0,1.63794790628265,0.768538585030351,-1.33731042666321,-1.00461436701781,40
4,10.1863649895802,0.756633065081467,0.415429727019878,9.92389884168067,0,0,0.382716791129605,0.710548614235514,-0.729372053867966,-1.49109080040424,41
4,10.2613873176541,0.815512184800362,-0.229777121895418,9.92389884168067,0,0,0.778123334717067,1.526872508724,-1.42775124980664,-0.755251822226988,42
4,10.7073533789818,0.216393261647407,-0.107858335567249,9.92389884168067,0,0,0.192817154331414,0.644698084103388,-0.998291798488968,-0.314848946919966,43
4,10.9782673414707,0.770336396225305,0.921822725547947,9.92389884168067,0,0,0.331930500068472,-0.0257346575118209,0.251154567820295,0.65866773451331,44
4,11.0157785055076,0.732363236106613,1.40373456985846,9.92389884168067,0,0,0.544444079343921,0.895225611572815,1.21027813091639,0.129341200893918,45
4,11.336707353379,1.11207892198154,-0.663441314586122,11.1338341451537,0,0,0.625955617767737,0.401278112160788,-2.22627268850171,-1.70046970228733,46
4,11.5951175945222,-0.619377998500883,0.0537931268439636,11.1338341451537,0,0,-0.68160631559387,-0.295863112663264,-0.730281006405522,0.233323623991568,47
4,11.7785055075915,1.95453546417878,-2.20638893947633,11.7537965575502,0,0,1.46549587116128,1.25003544623588,-3.1819146003717,-2.08330552993567,48
4,12.1411134266151,1.42996736448002,-1.09366826195195,11.7537965575502,0,0,0.822916225460086,0.311878900538329,-1.60707211937652,-1.15172621364868,49
4,12.4245311104495,1.57686275269488,-0.749962495710438,11.7537965575502,0,0,1.22911516916021,1.31390498986315,-1.71420327366765,-2.37643907724733,50
4,12.649598094671,3.59569844038907,-1.78263413225728,12.5639392726374,0,0,3.07948260175273,1.22780654535873,-2.98113367070615,-3.23814000460082,51
4,12.9413515927359,1.94862928309048,-1.95077946425447,12.5639392726374,0,0,1.4669870530916,1.49732018436394,-2.94863645358976,-2.59420394639471,52
4,13.1038999702292,2.00610636650437,-1.58449425720897,12.5639392726374,0,0,1.74840400018622,2.06857574715917,-2.64400889636802,-1.55249877650778,53
4,13.2539446263769,1.94132508140398,-2.05931372803509,12.5639392726374,0,0,1.30471269568706,-0.0427725792307039,-2.62224584523292,-3.94750337342348,54
4,13.6290562667461,1.56132804847622,-1.98106681099823,12.5639392726374,0,0,1.33962119639078,0.998301938782033,-2.78747991968668,-2.71813905439733,55
4,13.9583209288479,3.33644559439863,-1.83996240883925,13.7996837753919,0,0,2.91303992100641,2.24398023493481,-2.5635978010263,-1.47723459486955,56
5,0,0.32982069891687,0.486791634871537,-Inf,0,0,0.371552321601022,-0.630491717885524,-0.471836494480035,0.845333197413005,0
5,0.0333432569217029,0.409942618799903,0.726029525683972,-Inf,0,0,0.907599741148465,-1.95674626159618,-0.692301158068223,0.390072641911516,1
5,0.487645132479905,1.40722202919621,-1.9021539968285,0.390842609689571,0,0,1.58941982339493,0.733457198211288,-3.501620862825,-1.27276218850507,2
5,0.654361417088419,0.474458757915195,-1.03821599366138,0.390842609689571,0,0,0.538509945131691,-0.952000095444502,-1.95157436972691,-0.87624422381118,3
5,0.787734444775231,-0.148731409181859,-0.316569780167873,0.390842609689571,0,0,0.173172177767866,-0.629368011603424,-1.43378190846401,-0.616014232922062,4
5,1.20869306341173,-0.39867406737712,0.976248616623057,0.819262479499985,0,0,-0.0552107823144841,0.494781839272982,-0.397290927428449,0.981579014660627,5
5,1.4254242334028,-1.49828517907531,0.856687173404777,0.819262479499985,0,0,-1.61639839881813,-1.01712233936121,0.213267532286661,0.311381568355882,6
5,1.65049121762429,-0.559677148966384,0.249651519981422,0.819262479499985,0,0,-0.0966102142927217,-0.248568857050759,-0.804619587693459,-0.174580597237513,7
5,1.97142006549568,-0.118032565600472,-0.170577844582784,1.76657086601123,0,0,0.212912622882927,0.0404596799767822,-1.62790634139828,-0.442510084263754,8
5,2.15480797856505,-0.283183645635108,0.446397164341687,1.76657086601123,0,0,0.381990304468541,-0.950790009290675,-0.443954476879622,3.12369144756979,9
5,2.37987496278654,0.717805163917269,0.258139296489592,1.76657086601123,0,0,1.16009412727161,-0.272469549240407,-1.47637393141152,-1.15714917101623,10
5,2.55075915451027,0.91983251365217,0.13640507700092,1.76657086601123,0,0,1.2393489743853,0.60775427984246,-1.17509507562118,0.00335135263503944,11
5,2.9800535873772,-0.812039367928742,0.682295051331379,1.76657086601123,0,0,-0.189962670697814,-0.477187335522295,-0.107271936791332,0.157194115536556,12
5,3.11342661506401,1.1350082277473,-1.11735382133979,3.11216133394673,0,0,1.147351416179,0.110628973194988,-2.66741649980846,-1.12690064313305,13
5,3.38017267043763,-1.68191094565485,0.423928965435976,3.11216133394673,0,0,-0.82572367304477,-1.18675100689775,-0.549801118604479,1.14931514788388,14
5,3.6302470973504,-2.80654956845202,1.48247790874724,3.11216133394673,0,0,-2.13002943245416,-1.67126775248035,0.771614378873288,2.38305566996652,15
5,3.84281036022626,-3.07242693893661,2.84656827857896,3.11216133394673,0,0,-2.49078918985051,-2.21885727509702,1.59213154682785,2.19465419856853,16
5,4.08038106579339,-2.43827673307696,1.49749564261262,3.11216133394673,0,0,-1.68239117770951,-1.76360455898609,0.417457840180484,1.41764824755918,17
5,4.45132479904734,-0.440605442804379,1.62262565729675,4.20705670366744,0,0,-0.165642930529125,-0.247265388866754,0.759899782073487,2.12524648838977,18
5,4.51801131289074,-0.221956741316214,0.702675372427864,4.20705670366744,0,0,0.18577661089983,-0.0300677715484845,-0.198507505866127,-0.172760734641084,19
5,4.91396248883596,-0.415768394715794,2.0290661634397,4.20705670366744,0,0,0.0793568898617614,-0.819851048262129,0.760281383372015,1.86165786153459,20
5,5.17237272997916,-1.49290300218072,1.17309284425584,4.20705670366744,0,0,-0.734661380064024,-1.3809760251406,0.552206937562465,2.53051140309547,21
5,5.25989877939863,-1.55100624902514,0.547130323547067,4.20705670366744,0,0,-0.824672477777278,-1.89560442191041,-0.713536494353289,0.107263692814493,22
5,5.68085739803513,-2.51716924517371,2.31850368068658,4.20705670366744,0,0,-1.83057876133444,-1.22844741409456,1.73650295139177,2.90854859274674,23
5,5.93509973206311,-0.548136331823182,0.937708322333815,5.81283924208524,0,0,-0.20395772792602,-1.50215419994315,0.065507947841271,-0.174482534457295,24
5,6.18100625186067,-0.267610103843346,1.99247937158,5.81283924208524,0,0,-0.0748630577769432,-1.20007714823505,0.994243080267306,2.66450120958609,25
5,6.39356951473653,-1.74894252747708,1.0908287483159,5.81283924208524,0,0,-1.60543325752756,-2.55249626768976,0.163685678635358,0.708980198108916,26
5,6.61446859184281,-0.768018284226045,0.492846419325524,5.81283924208524,0,0,-0.495458673077706,-1.0200256275626,-0.847029534909866,-0.0274052205502919,27
5,6.87704674010122,0.626062747497271,-0.797948628144742,6.66215709924089,0,0,0.500574432717072,0.628727794123133,-1.82425984063064,0.350725444000573,28
5,7.23965465912474,2.0048659554406,-1.02056482868962,7.23034104743184,0,0,2.10535646034233,0.0612035922717422,-2.02848432511451,0.081448670428561,29
5,7.49806490026794,0.659008075967063,-0.716758278690176,7.23034104743184,0,0,0.938849161841397,0.0143317416543214,-2.05665770699196,-0.409233185788764,30
5,7.60226257814826,0.931202184511196,-0.400715532577947,7.23034104743184,0,0,0.96379496544188,0.191627224853318,-1.43090043721317,-0.00877546080706171,31
5,7.85233700506103,-0.410838701787713,-0.0588529643215605,7.23034104743184,0,0,-0.195415535792182,-1.5947264568143,-1.01196000334664,-0.493173974572125,32
5,8.17326585293242,0.0206394078241783,-0.317100125723009,7.23034104743184,0,0,0.539776973844825,0.193953283446286,-1.74664161842001,1.02378815669888,33
5,8.48585888657339,0.769058691101526,0.285294391000819,7.23034104743184,0,0,1.00419611129391,0.0546625514488001,-1.11544141441977,-0.00970617682771341,34
5,8.54837749330158,0.840407879511995,-0.111752531994093,7.23034104743184,0,0,1.28138266624448,0.375390905492335,-1.72434788804255,0.421085396077974,35
5,8.95683239059244,0.164039535042984,-0.481285750529357,8.57818579867912,0,0,0.487802813834521,-0.0394306295578355,-1.56329216311618,-0.864628650075403,36
5,9.17356356058351,-0.356250771912515,-0.148400583403127,8.57818579867912,0,0,-0.101448256001233,-0.486554851644228,-1.35100531595961,0.567341388134213,37
5,9.35695147365287,0.15519205264692,0.975894431055899,8.57818579867912,0,0,0.854964521110686,-1.21396106256855,-0.345557009776598,1.11679539686705,38
5,9.67371241440905,0.698613630993178,0.344806034534861,9.3732013184416,0,0,0.667580344382217,-0.477730242186838,-0.922313230060856,-0.000941024108720823,39
5,9.87377195593927,-0.181375474892249,-0.000834443283215719,9.3732013184416,0,0,-0.0787122725526677,-1.08739401350691,-0.924364102787067,1.28509290233902,40
5,10.2488835963084,-1.04617362209955,0.470792183146907,9.3732013184416,0,0,-0.616887380954957,-1.24630963208954,-0.991789835873716,0.387572655750844,41
5,10.3655849955344,-0.51559093777303,1.4333275579004,9.3732013184416,0,0,-0.357426542351515,-0.990920789828332,0.768635796337221,-0.0341635656044073,42
5,10.6114915153319,-0.776973650919416,0.767585128148749,9.3732013184416,0,0,-0.302321707922487,-0.44885866608947,-0.497352515500926,0.797209940433631,43
5,10.9407561774338,-0.441277796298552,0.391721968730829,9.3732013184416,0,0,-0.685349750821916,0.500203603468863,-0.465009554740973,-0.393515565523852,44
5,11.1199761833879,0.258722833725807,-0.411518792210751,11.0393343664527,0,0,0.656212079558118,0.505713397107243,-1.41785337777736,0.819718226333282,45
5,11.3408752604942,0.720867917438355,0.72121183951876,11.0393343664527,0,0,1.09596136939913,0.821296936863886,-0.357110873187841,0.570623983859312,46
5,11.6534682941352,-0.639391667575467,0.347706451798078,11.0393343664527,0,0,-0.679958931612939,-0.667384929683992,-0.779367457461933,0.487664709401557,47
5,11.7951771360524,-0.231868575617074,0.804633070545555,11.0393343664527,0,0,-0.245971537610397,0.0330899769212795,-0.255165600678497,1.90473453155118,48
5,12.0202441202739,0.375271137472917,0.334937596387919,11.808945358618,0,0,0.808877194956513,-0.145381965484738,-0.732704650487792,1.29725138005845,49
5,12.3036618041084,-0.0288294613652202,0.940539923099984,11.808945358618,0,0,0.185308372983955,0.229406338025692,-0.218265821749329,0.210278249536423,50
5,12.512057159869,-1.33196543718951,1.0316375666288,11.808945358618,0,0,-0.97648447297488,-0.786111611954821,-0.596478941443381,0.701466762384965,51
5,12.7954748437035,-1.60950493706973,0.353365888723736,11.808945358618,0,0,-1.00933711280664,-1.62511462513694,-0.65235137430725,-0.692322230091814,52
5,13.0497171777315,0.498189321057319,0.468202559737963,12.8792593849375,0,0,0.885928171881477,-0.836519752575955,-0.749248126904012,-0.486204614139793,53
5,13.4248288181006,-0.217118959813749,0.543582790073584,12.8792593849375,0,0,0.0177061961417482,0.249493173644217,-0.393182055677135,-0.880336064509421,54
5,13.5998809169396,-0.915196496111127,0.231554797547978,12.8792593849375,0,0,-0.404619457523597,-1.07117549890028,-1.14929121986641,0.0752720216920326,55
5,13.8207799940458,0.22450038373862,0.596187001955516,12.8792593849375,0,0,0.870569892938786,-0.199183927810455,-1.00346016382175,0.623267046438503,56
6,0,1.65724814198175,0.221810949055569,-Inf,0,0,1.74693086690703,-0.552454245448987,0.936473130626918,-0.212378921632243,0
6,0.0708544209586186,2.86918257027471,-0.590334876377877,0.0580222176387906,0,0,2.65866444032138,1.35979304949681,-0.12905435904153,-1.14947198572759,1
6,0.416790711521286,0.787531655241101,-1.06053153746612,0.0580222176387906,0,0,0.738736311746941,-1.00569573279669,-0.116418447920104,0.16542681952536,2
6,0.512652575171182,0.597922373311394,-0.863009962963263,0.0580222176387906,0,0,0.9736716295653,-0.778736818380511,0.205010909789922,-0.820505373409901,3
6,0.812741887466508,0.130180256496397,-1.06325364137222,0.0580222176387906,0,0,0.244182410582785,-0.863443170745554,0.0971434360621533,-2.3526733495341,4
6,1.2003572491813,1.38141455056241,-0.884521876747023,1.12222203765817,0,0,0.874553690373422,-0.905506201414225,-0.84941482568217,-1.01794079507047,5
6,1.34206609109854,0.577425490693146,-0.188966812321112,1.12222203765817,0,0,0.720978505840958,-0.946055128114488,0.238077679361646,0.326318416868664,6
6,1.683834474546,0.480532527852585,0.0462185370188998,1.12222203765817,0,0,0.730006854381609,-1.21169844554803,0.709314473296581,0.479031687320633,7
6,1.82971122357845,0.378309591514175,-0.0870930148311368,1.12222203765817,0,0,0.116121920180885,-0.387739916379011,0.563497410732526,-0.417898438994885,8
6,2.11729681452813,0.187521785291007,-0.881143435253446,1.12222203765817,0,0,0.31346652302817,-2.14543673444297,-0.561393578074824,-0.0312902718033571,9
6,2.4632331050908,2.06318355721848,-0.85966707656307,2.40345328563932,0,0,2.05554309870172,0.604863570160057,-0.269747913939221,-1.46122177576505,10
6,2.65912473950581,2.19860502572336,-1.33834553306205,2.40345328563932,0,0,2.23580754667391,0.899265772221179,-0.602640986206496,-1.10545849210813,11
6,2.94254242334028,1.55207207846176,-0.206271313514966,2.40345328563932,0,0,1.17506445705065,-0.361983378632494,0.703936268822593,-0.074079598776987,12
6,3.00922893718369,1.89871010333891,-0.201386954887792,2.40345328563932,0,0,1.60006924015311,-0.912275688219753,0.601194034958196,0.0399365093345538,13
6,3.44685918428104,1.80241262887585,-1.92859650554716,3.1112400655581,0,0,1.83363393659764,-1.10769922616497,-0.989854812685901,0.104731987459041,14
6,3.53021732658529,2.19352334005817,-1.38741850242167,3.1112400655581,0,0,1.91617348721378,1.03505520485954,-0.514520314046488,0.113952336788733,15
6,3.93867222387615,1.99436682874668,-2.74200360314977,3.1112400655581,0,0,1.76310537006621,-1.51886464069739,-1.90002014800397,-2.37109081401183,16
6,4.15957130098244,1.17187271471774,-1.33865432661301,3.1112400655581,0,0,1.05383716457392,-0.896170823141438,-0.569988954969515,-1.76747885387818,17
6,4.35963084251265,1.37282779707002,-2.45432669369556,4.21312555737543,0,0,1.0997419166588,0.120953813412987,-2.05844571567818,-2.0593456529176,18
6,4.65555224769277,-0.420461645173344,-0.230163024813445,4.21312555737543,0,0,-0.206337817717323,-2.20086351080756,0.224124328108778,-0.594967294511604,19
6,4.75974992557309,-0.0800490391897307,0.053777192619895,4.21312555737543,0,0,-0.0615244085792082,-1.19474461606001,1.08057545688115,0.446752975171977,20
6,5.24322715093778,1.71896620243509,-0.761256403181036,5.00850813010743,0,0,1.53273935133154,-2.06417653621193,-0.129858874371338,1.25055645803904,21
6,5.35992855016374,1.62785508571477,-1.18491185112935,5.00850813010743,0,0,1.56319268984022,0.0931316659235132,-0.651944033312549,-0.421150533949292,22
6,5.639178326883,2.10683468228617,-0.95530870836905,5.00850813010743,0,0,1.79329800501747,0.259317264383013,-0.32415993926723,-2.02171961025864,23
6,5.99345043167609,2.68075676070462,-2.6300165959212,5.00850813010743,0,0,2.24106877357882,0.637589933900771,-1.3693502883993,-2.10927466710192,24
6,6.03929740994344,2.19884175417585,-2.43940600562435,5.00850813010743,0,0,1.87889668415128,0.940811184071462,-1.87729075001369,-2.34473593697806,25
6,6.39356951473653,2.45386984894298,-1.58788951407783,5.00850813010743,0,0,2.26386762299025,0.516435688411639,-1.31577723606491,-2.27541797596238,26
6,6.68532301280143,3.92809275251005,-3.14390350352394,6.56011105770102,0,0,3.55543815213861,-0.099876628272729,-2.6448974756187,-2.68946162444092,27
6,6.76451324799047,3.15396882012865,-2.78067704985866,6.56011105770102,0,0,2.86375616079369,0.0342079555644055,-2.23500282116499,-0.368692484874515,28
6,7.05626674605537,1.39010535483173,-2.48494587892357,6.56011105770102,0,0,1.43488813919368,-0.757484546941943,-2.31567537963358,-2.25705638023377,29
6,7.42304257219411,1.06793881913071,-1.71450382960341,7.17853934083743,0,0,1.06979911084224,-0.166623675504396,-1.51483348838951,-0.368893037567482,30
6,7.6147662994939,0.813201451721127,-1.07868726176063,7.17853934083743,0,0,0.616743010757104,-0.918559496453391,-0.504993340431081,-0.14970743009158,31
6,7.87734444775231,0.806102810502295,-0.412474719301775,7.17853934083743,0,0,0.851125096331493,-0.860099088099542,0.0753380429982011,-0.0330738562144009,32
6,8.13158678178029,-0.24908887640365,0.278759118014497,7.17853934083743,0,0,-0.527879730884842,-1.28509700351722,0.472013773964777,0.179177831565413,33
6,8.29830306638881,-1.03795743940108,0.993200034154814,7.17853934083743,0,0,-0.31007086128183,-2.01931310574285,1.71847440803822,1.35344434553774,34
6,8.62756772849062,-0.858958041385592,0.387010596828238,8.34341356408281,0,0,-0.873547169866252,-1.19924014298236,0.897797159364412,0.0643635114619255,35
6,8.82345936290563,-1.59658800251974,1.65792318778153,8.34341356408281,0,0,-1.68917936732362,-1.95808829626838,1.87049558232037,1.51889308509862,36
6,9.17356356058351,-1.21654564090463,0.9206352988478,8.34341356408281,0,0,-1.37025965414103,-2.15025254133637,1.33417136532577,0.0883672436625705,37
6,9.37779100922894,-0.835836772631321,0.161225577729877,8.34341356408281,0,0,-0.734919416166867,-2.78115335816027,0.354887944118708,0.532925908219978,38
6,9.54450729383745,-0.00990748633707134,-0.256468148700336,8.34341356408281,0,0,-0.0989351758434451,-1.32901211283102,-0.224738937024425,-0.490136064192621,39
6,9.8195891634415,0.662712209228622,1.37283924371447,9.81053671516263,0,0,0.69332204130875,-0.489566873172747,2.7199166419433,1.52445953796583,40
6,10.2322119678476,-0.723497581476512,1.83706798068967,9.81053671516263,0,0,-0.529047782841476,-1.02720260736523,2.43893532873489,1.88551197271574,41
6,10.4447752307234,-1.22586284305881,1.45463904682104,9.81053671516263,0,0,-1.30739332591921,-3.0196955125226,2.03128253761036,0.836888398291615,42
6,10.6656743078297,-1.94177967436173,1.05740182877345,9.81053671516263,0,0,-1.80638034008026,-2.25759676523503,1.69306161623154,1.01505187756302,43
6,10.9324203632033,-0.49560959748064,0.747757911899343,10.8178987240473,0,0,-0.235731724088158,-0.611756260945274,0.77974912735029,0.336970642729046,44
6,11.220005954153,-2.03102750114571,1.37048889807138,10.8178987240473,0,0,-1.74373845102626,-1.96526364263098,2.54476812138785,0.843497831197774,45
6,11.4117296814528,-1.07695248444086,0.795167945963482,10.8178987240473,0,0,-0.668565641740014,-1.0818610789273,1.31488088243403,0.0593327188310139,46
6,11.5117594522179,-0.241852227294266,0.737954899960984,10.8178987240473,0,0,-0.447501681937051,-1.48321283411665,1.10018329564786,0.37995389956622,47
6,11.8160166716285,2.22805147556161,-1.38203560727636,11.7086650089862,0,0,1.77960809745044,1.10550461239991,-0.00745816559397183,-2.93743868266973,48
6,12.1077701696934,1.16576515742522,-1.5558459317312,11.7086650089862,0,0,0.998035502480586,0.169399762749693,-0.52101138435598,-0.732477869285274,49
6,12.4495385531408,-0.280549787848417,-0.511957703286959,11.7086650089862,0,0,-0.350538821942785,-1.61339195782057,0.221759316066048,-1.00218313517382,50
6,12.5787436737124,0.669926665907283,-0.664564309272737,11.7086650089862,0,0,0.687084463519404,-1.13660356883586,-0.0739266988987125,-0.869221185349914,51
6,12.9455194998511,-0.469174938901048,-1.34833092444764,11.7086650089862,0,0,-0.265304512231631,-0.873253939981035,-0.155562867995524,-2.02929861455273,52
6,13.0122060136946,-0.547423007546491,-1.34819400638828,11.7086650089862,0,0,-0.570320799904847,0.223550320357839,-0.564310526176848,-0.883796741732937,53
6,13.4498362607919,3.19147471754281,-3.10002538968567,13.3049205710664,0,0,2.71234805438426,-0.282408859657,-2.06144009872409,-3.49532886001694,54
6,13.5957130098244,2.39861927520544,-1.72586943650695,13.3049205710664,0,0,2.15488877861961,0.0840023796302449,-1.04155036267267,-3.02369498695712,55
6,13.9083060434653,1.73621749898631,-1.66157923685493,13.8089854232268,0,0,1.80981011978282,-0.518130810713811,-1.11531518613979,-0.970376262318131,56
7,0,-1.15432572070847,0.570612930545902,-Inf,0,0,-0.953047644638901,-1.21891588576455,-1.18371733824486,1.53221341050011,0
7,0.220899077106282,0.148336626949787,0.486925525761869,-Inf,0,0,0.0460058357283274,2.07609602660231,-0.580571965925645,0.0958888984448765,1
7,0.43763024709735,1.33717456303383,-0.279021976057938,0.349645430082455,0,0,1.60724476206034,0.277445955477667,-1.15993768574922,-0.46659444170022,2
7,0.691872581125335,0.0529755299753612,0.725809783557627,0.349645430082455,0,0,0.170048112648246,0.405982651785355,-1.01194533075573,0.326792049896985,3
7,0.921107472462042,0.879361177600392,0.273703297360671,0.834670711237077,0,0,0.537947162353134,0.482857487144951,-0.866548812954449,0.844146426340133,4
7,1.05031259303364,-0.142863645166875,0.751848684406324,0.834670711237077,0,0,-0.17549859959172,1.10287730620028,-0.266819508966789,0.394146662831712,5
7,1.36707353378982,-1.52528366407451,0.673624363546164,0.834670711237077,0,0,-1.61527630739388,-0.00676793155702576,-0.414256882043376,2.05582730659168,6
7,1.50044656147663,-1.47789507777361,0.394731503698948,0.834670711237077,0,0,-1.62107676820981,-0.650942770966195,-0.918972131227059,2.59109666594798,7
7,1.90473355165228,-1.49904422507322,1.88957775595631,0.834670711237077,0,0,-1.1510438207636,1.94690155906337,1.1109841489332,2.17736271938794,8
7,2.13396844298898,0.205905548233153,0.512267695220278,1.98615133424397,0,0,0.186737876467733,1.08743400335732,-0.705430636231814,1.68453987090117,9
7,2.41321821970825,-0.392081178056299,0.140891371217536,1.98615133424397,0,0,-0.592277470263843,1.13290458816945,-0.795192248116968,0.654887198850253,10
7,2.65078892527538,0.039003763866993,0.122728730364362,1.98615133424397,0,0,-0.049114933565347,0.128090338261841,-1.16825550907404,-0.182542652551076,11
7,2.7549866031557,0.790398422521148,-0.166270689325099,1.98615133424397,0,0,0.47641565613996,0.529532284423341,-1.7632488899831,-0.0581909687062879,12
7,3.24263173563561,4.40103066301659,-2.61171745647593,3.0521665749552,0,0,4.10613854649467,2.79129836228898,-4.30492185254507,-3.17810272529687,13
7,3.45936290562667,1.96278980259435,-2.69742302541202,3.0521665749552,0,0,1.95944621430645,1.22195055770848,-3.43177070173248,-1.80439314592947,14
7,3.5969038404287,1.97930509605354,-2.90940761088555,3.0521665749552,0,0,2.07683594254174,2.52252453694981,-4.31405060378096,-3.6099543491185,15
7,3.77612384638285,0.9025381928141,-2.04305984533193,3.0521665749552,0,0,0.68574239752997,0.879469151071859,-3.46545002789908,-0.470874991189784,16
7,4.19708246501935,0.238677348503519,-0.222919652397338,3.0521665749552,0,0,-0.274371949057018,0.306471766968326,-1.01882240098448,1.008371883014,17
7,4.35963084251265,1.43630232207516,-0.668749829728042,4.30008390016603,0,0,0.915599603870183,0.761469704628193,-1.90966369758935,-0.362789638745254,18
7,4.64304852634713,1.49641647247306,0.0247590874647792,4.30008390016603,0,0,1.18187046930203,0.60310473564929,-1.09940770973368,0.483727866392505,19
7,4.89729086037511,1.80102250949655,-0.1241295461453,4.30008390016603,0,0,1.40206709462302,1.43145514239004,-1.8276026530833,0.65493727746899,20
7,5.03899970229235,0.91750513483038,-0.0573514253874117,4.30008390016603,0,0,0.879312389729723,0.723874588359524,-1.69724191148342,0.959007172853443,21
7,5.28490622208991,1.67278810051157,0.154858902687592,4.30008390016603,0,0,1.45918450930488,1.08720363792225,-1.03693970398681,0.341897903284194,22
7,5.62250669842215,1.94156974651041,0.210861971082975,5.60273243374227,0,0,1.65253325970701,0.0215301679252564,-1.06587822855646,0.376775610453212,23
7,5.98928252456088,-0.084632170051182,1.50733233158907,5.60273243374227,0,0,-0.371490596106655,0.449731662642638,0.713983775574335,1.36221780068461,24
7,6.18100625186067,0.0424720280740623,0.623053276823846,5.60273243374227,0,0,0.0931626846664185,0.6431938386948,-0.265081668189344,0.190282083534181,25
7,6.36856207204525,-0.282189007597965,0.509913978156322,5.60273243374227,0,0,-0.240665726994952,0.785692251290111,-0.723289261032283,0.603139653091975,26
7,6.5144388210777,0.64570137401733,-0.982394672626555,6.39348932161318,0,0,0.674023943776705,0.983413973293992,-2.34406794107314,0.0167788146875151,27
7,6.79368859779696,0.739026191575525,-0.183137581444731,6.39348932161318,0,0,0.812048934910865,1.29478048735222,-1.55059190257951,0.223385029341084,28
7,7.11044953855314,-0.0789352054993859,-1.37495955908948,6.39348932161318,0,0,-0.485424629656091,0.760597776005083,-2.06587403173106,-0.955845679880413,29
7,7.4522179220006,2.60691220527865,-1.6622122553387,7.38633102687219,0,0,2.02576409471059,1.927963866511,-3.042317003519,-1.74942689842909,30
7,7.70646025602858,0.977297746742477,-0.900404134357591,7.38633102687219,0,0,0.84111164180028,1.56507846949518,-2.02621533274617,-0.393303457076362,31
7,7.91902351890444,0.577948513692436,1.0496151193732,7.38633102687219,0,0,0.233492079250214,1.62849117170019,-0.193637161743283,1.47893015872993,32
7,8.11074724620423,0.532353769509411,0.0925417904466835,7.38633102687219,0,0,0.321958726519277,1.02014323594726,-1.33265509834808,0.941549908257211,33
7,8.37332539446264,0.0250222407348828,-0.320364382100635,7.38633102687219,0,0,0.0577049145249159,0.80481381718841,-1.44444599522478,0.424500860318014,34
7,8.70259005656445,-0.705057142422645,0.41903464441125,7.38633102687219,0,0,-0.648144605467002,0.456366069571236,-0.610467055247051,0.866373534724955,35
7,8.82762727002084,-0.81234607250456,0.526686371895097,7.38633102687219,0,0,-0.726809855600628,-0.259216413073115,-0.482144605799525,1.4909038214094,36
7,9.09854123250968,2.08530080445002,-0.586913911216902,9.0357497984633,0,0,2.02897098823005,1.56285856126184,-2.31950930067116,-0.0898583396400325,37
7,9.27776123846383,1.7987681699783,-0.905322606563103,9.0357497984633,0,0,1.6063109050052,1.58469851729855,-2.58799039432926,-0.864861942928578,38
7,9.62786543614171,2.82394081013978,-0.657097898377311,9.36143856687256,0,0,2.60087911119623,1.62641315141595,-2.2518545415875,-0.148377886093127,39
7,9.91961893420661,0.280137476458862,-0.833964552983753,9.36143856687256,0,0,0.365388648768865,0.680304901216736,-2.12715029923756,-0.294458705463206,40
7,10.0738314974695,-0.311141713733673,-1.09133998743276,9.36143856687256,0,0,-0.233158620429978,0.453962672564122,-1.89625393414006,-0.313653723933673,41
7,10.3280738314975,0.435112589745528,-0.369495725908459,9.36143856687256,0,0,0.198609119060421,0.825603972829447,-1.63902878550469,-0.262558372655017,42
7,10.7115212860971,0.582930151127469,-1.08927163752059,10.4450209967147,0,0,0.401313511723242,0.840825869516284,-2.24085852087039,0.794595936226836,43
7,10.7532003572492,0.377238667186326,-0.378962806841666,10.4450209967147,0,0,0.263146851034948,0.660509640985499,-1.85957739399782,0.0907596963268523,44
7,11.2283417683834,-0.483029341178901,0.545123192083486,10.4450209967147,0,0,-0.380104071357032,-0.59741441405849,-1.03612183907746,1.26683586252819,45
7,11.2825245608812,-1.12863102197723,0.311991592917242,10.4450209967147,0,0,-1.10610822146959,-0.0762347350101689,-0.935380170630881,0.72380068442653,46
7,11.6868115510569,0.302323977164259,0.105529090330251,11.5617577438511,0,0,0.257768655062512,1.3904703866968,-1.50118147546184,0.361805458098322,47
7,11.9118785352784,-1.15368743521931,1.07256754269681,11.5617577438511,0,0,-1.0095890180287,-0.688459176687081,-0.617374012531609,1.31793083983751,48
7,12.0244120273891,-2.39217840477384,2.40000390347311,11.5617577438511,0,0,-2.241964446025,-0.195972894019072,1.15850629685542,2.23470739641106,49
7,12.4620422744865,-2.23337345702451,1.59561800998564,11.5617577438511,0,0,-1.99993129154151,-0.668471909826235,0.359222662332029,1.6061442356964,50
7,12.628758559095,-0.002933942252687,0.161412711345159,12.6254414102546,0,0,0.197917772424578,-0.699022841035574,-0.430434564748925,0.782158377021334,51
7,12.7746353081274,0.353660805342795,0.853186312640695,12.6254414102546,0,0,0.561643113361914,0.492267144295632,-0.299925134314092,1.91480713812622,52
7,13.158082762727,-2.25083608075148,2.23837674215579,12.6254414102546,0,0,-2.12456022321653,-0.740403515090487,0.229685536833321,2.68001621110727,53
7,13.2872878832986,-1.22151482353615,1.99963707843754,12.6254414102546,0,0,-1.18629506732295,-0.392006068851279,0.636256540840011,1.14839460414563,54
7,13.5998809169396,0.933051171012163,-0.0973380887334532,12.6254414102546,0,0,0.846110169844938,1.0520574221798,-1.23405728647525,0.559501473011621,55
7,13.8749627865436,2.4673482662609,-0.761838152978698,13.6618409639574,0,0,2.22015919821138,1.4590495648504,-1.93398190281746,-0.0387602015317486,56
8,0,1.88482751308985,0.223655048579922,-Inf,0,0,1.55630324285469,2.05178815058491,0.71740071583781,-0.623701122783553,0
8,0.00833581423042572,1.8348176020411,0.300617997678691,-Inf,0,0,1.10751885667909,1.71913364571674,0.513356265238227,-0.739904794396932,1
8,0.32092884787139,1.66472733554759,-0.824762521284271,0.207688382011838,0,0,1.39211991299571,-0.000107655301578635,-0.360693896605059,-2.52952150984135,2
8,0.662697231318845,-0.301210278424396,-0.332377824950652,0.207688382011838,0,0,-0.769694457074781,0.112252851461309,-0.0496650085184624,-2.737020646171,3
8,0.766894909199166,0.33516157223582,-0.601883797489179,0.207688382011838,0,0,0.12127841316703,0.207223769868849,-0.432114264003902,-2.20808926938108,4
8,1.06698422149449,1.03025675539783,0.489618042483444,0.207688382011838,0,0,0.311510341650464,1.06749148521966,0.933825568192601,-1.50024970217948,5
8,1.43792795474844,1.74147149601195,-0.442183182462635,0.207688382011838,0,0,1.22617491367457,0.872115779970322,-0.641643213126459,-2.05641263614311,6
8,1.57546888955046,2.759594245302,-1.11468284919047,1.49462485096704,0,0,2.31593806815467,2.69741732434212,-0.621927702445119,-2.48255333334711,7
8,1.77552843108068,2.59639535392292,-1.83893358198478,1.76146738857138,0,0,2.0322859577539,2.27494023148299,-0.987854267282632,-3.47663336427011,8
8,2.05477820779994,1.05787068542501,-0.322931148545152,1.76146738857138,0,0,0.545335107245562,2.23623885143041,-0.460490337262748,-2.05271842675134,9
8,2.30485263471271,-0.169572816320666,0.203672717670163,1.76146738857138,0,0,-0.798636589423686,0.715474756316791,0.673426442651275,-2.12606720158054,10
8,2.56743078297112,-0.355340413990968,-0.00209304519390535,1.76146738857138,0,0,-0.575060270785045,0.32202672854657,0.492598921482428,-1.82462716396788,11
8,2.90086335218815,0.0335942105464399,-0.082971905573959,1.76146738857138,0,0,-0.187190865387609,0.872657246227322,0.210163972179156,-1.11795603333681,12
8,3.03840428699018,0.00050265947844591,-0.364622428773969,1.76146738857138,0,0,-0.106727965730971,-0.158820428947433,0.249509834793793,-2.49052346649038,13
8,3.31765406370944,1.27503791754219,-0.105140813429559,1.76146738857138,0,0,1.04423383967567,1.89501393742343,0.377062452822451,-1.32254192682802,14
8,3.61357546888955,2.37826415356515,-1.48663082970758,3.51629289769962,0,0,1.69413829445371,0.807222558124267,-1.14850402239852,-2.71323311241753,15
8,3.9220005954153,1.26286732827874,-0.0574570041823512,3.51629289769962,0,0,1.08809449035246,1.82764315775663,0.326557534214424,-1.59362503025295,16
8,4.08038106579339,1.07423443947356,-1.17462620750559,3.51629289769962,0,0,1.13561700251716,0.502823450782104,-0.575693038961569,-3.19764116935678,17
8,4.3096159571301,0.550691559030029,-1.23161689972543,3.51629289769962,0,0,0.176471051489366,1.31181370819961,-1.24757415932778,-3.08409695499997,18
8,4.71807085442096,2.10579695230256,-1.4553423346978,4.64442571726843,0,0,1.5736618103164,1.82983686276617,-1.32493294755775,-3.9451907127723,19
8,4.80142899672522,1.94495399786067,-1.93098589528233,4.64442571726843,0,0,1.61038738917514,1.35403824667215,-1.14409155245671,-2.2451615953941,20
8,5.22238761536171,0.0205461626801473,-0.523247853115275,5.07192266012112,0,0,-0.167317006205877,1.25821190407949,-0.432724791085404,-3.0677475267858,21
8,5.46829413515927,-0.253542569410492,0.127496057370721,5.07192266012112,0,0,-0.233977348885104,0.623673023783773,0.301966025798427,-1.66423467021825,22
8,5.67668949091992,-0.205303761421889,0.535928877503943,5.07192266012112,0,0,-0.489276767534321,0.948644856926588,1.18921575620455,-1.16675639538603,23
8,5.9642750818696,2.24211977655705,-0.343996970590081,5.07192266012112,0,0,1.79847005254461,0.839307500870164,0.153721508961489,-1.82816644000244,24
8,6.1559988091694,1.00072964918281,-0.604316753005376,5.07192266012112,0,0,0.774644011745947,0.471114556467665,-0.423659955865519,-1.38510946188789,25
8,6.481095564156,3.20618904585147,-1.73062337749325,6.33412416571608,0,0,2.6136216270404,2.83255238178159,-1.70035500778987,-2.78423574482154,26
8,6.63947603453409,2.77817851505228,-1.08038654118027,6.33412416571608,0,0,1.98795170555398,1.59500786658016,-0.435598511364798,-1.61556595597906,27
8,6.75200952664484,1.67161671256329,-0.870679412204385,6.33412416571608,0,0,1.31169336253894,0.587076478596148,-1.07135866388411,-2.01775874295422,28
8,7.21464721643346,3.8917176918815,-1.54673579595295,7.19244072117055,0,0,3.52086938809944,3.13094722803281,-1.51576041469606,-2.15454075055832,29
8,7.39386722238762,2.79203812669639,-2.29696197417755,7.19244072117055,0,0,2.08050044233051,1.65281255073831,-1.97618932683395,-3.27547243349558,30
8,7.56475141411134,0.783273278467306,-1.33312324754082,7.19244072117055,0,0,0.531742922200828,1.31128769565676,-1.0274395265158,-2.55706271266517,31
8,7.86484072640667,1.2911636292086,-0.47906467141617,7.19244072117055,0,0,0.749710846109675,1.2918268805408,-0.226454001960534,-1.9013457623504,32
8,8.07323608216731,2.14395157977266,-0.334986237554907,7.19244072117055,0,0,1.90109704498026,1.01033049017298,2.87309616967685e-05,-1.88499985184906,33
8,8.4900267936886,-0.159270160017645,-0.677541082958556,7.19244072117055,0,0,-0.490466068123096,0.836805340446217,-0.204271680827402,-1.86882864389618,34
8,8.54004167907115,0.11315389293027,-0.8346499750579,7.19244072117055,0,0,-0.264966204279477,1.66245676568038,-0.823195490409864,-1.40878992554055,35
8,8.79428401309914,0.570491121206079,-1.24318510373997,8.67228555105125,0,0,0.323459624123553,0.994359798391588,-0.30346785011528,-1.47872988215447,36
8,9.03185471866627,0.714463811942727,0.0412791960472897,8.67228555105125,0,0,0.444162875917659,0.931219517422931,0.415504154757458,-1.00612097481907,37
8,9.27776123846383,2.01236108640388,-0.975597373268102,9.26848442955659,0,0,1.52900482114185,0.865271167981127,-0.650796287066722,-1.19262915460503,38
8,9.73206311402203,1.00535198695157,-0.43754561285428,9.26848442955659,0,0,0.296763476676007,1.20618589131825,0.298715508056214,-2.15764278860307,39
8,9.76123846382852,0.836386877505803,-0.26300741929683,9.26848442955659,0,0,0.404507226584778,0.38829743841887,-0.303090631528251,-0.790529860271352,40
8,10.0571598690086,0.635490972112503,-0.241659999346124,9.26848442955659,0,0,0.358208826900265,0.392950274679585,0.376030382525411,-2.83650385352776,41
8,10.3155701101518,1.49905310125502,-1.46548428835233,9.26848442955659,0,0,0.940445271297057,1.07911089165986,-0.443789402715248,-2.45642590645808,42
8,10.5281333730277,2.46049359057779,-1.70262384687053,10.385418305435,0,0,2.08718281040154,1.01945962358025,-1.65276405936968,-3.1517579697779,43
8,10.944924084549,1.14605942652748,-1.47939306703337,10.385418305435,0,0,0.888850362783001,1.12938696354897,-1.29832004410355,-3.40806313868871,44
8,11.2033343256922,0.592660437432728,-0.376730861428314,10.385418305435,0,0,0.406252521639006,0.161724436334784,-0.239405673199454,-1.65784665777979,45
8,11.474248288181,2.69029427804576,-1.28900078969349,11.4261741434493,0,0,2.38257451392154,1.57329452632843,-0.946479078472418,-2.3357623513074,46
8,11.7243227150938,2.39761526918407,-0.576515367353715,11.4261741434493,0,0,1.69839153452875,1.65936353103057,0.242140410014986,-2.40262579499282,47
8,11.7701696933611,2.40347735443605,-0.576277059987059,11.4261741434493,0,0,2.04136232685939,0.960349138047031,-0.372547770720529,-0.613915115063753,48
8,12.0452515629652,2.99716242705883,-0.97276463018615,11.4261741434493,0,0,2.38698433589079,2.08277584727388,-0.930832473282592,-3.35185347190863,49
8,12.4203632033343,2.8421251078225,-1.7862276231561,11.4261741434493,0,0,2.02813480935918,1.82713040223253,-1.12836767565001,-2.68306823897905,50
8,12.7496278654361,2.41701932423822,-1.27607255051163,11.4261741434493,0,0,1.99182890575138,1.83740798165224,-0.735357964976488,-2.54938163330555,51
8,12.9788627567729,0.70207899576762,-0.343483971479443,11.4261741434493,0,0,0.439164163853347,1.01363805041825,-0.432315787570807,-0.841349384160409,52
8,13.0622208990771,0.652308790845842,-0.34510929524412,11.4261741434493,0,0,0.0265593373276619,1.05118968699748,0.190155514084801,-0.84872245925157,53
8,13.4373325394463,1.23077906373893,-1.53071666602196,13.2489660798823,0,0,0.971132578555427,1.35300179375179,-0.97368817421173,-2.89681715825402,54
8,13.6749032450134,1.44779546462037,-1.184372021443,13.2489660798823,0,0,0.894619255791724,1.54476753773379,-0.744753309985374,-2.40561482520705,55
8,13.7916046442394,0.401959089670843,-1.38000168412922,13.2489660798823,0,0,0.0825279576699832,0.686329494138711,-0.429635029843049,-1.96318044274842,56
9,0,0.0479666697291768,0.147788604531253,-Inf,0,0,-0.223297886072048,-0.104698800891019,1.48499749093184,0.971017185984193,0
9,0.141708841917237,0.58691358550115,-0.783194972231073,-Inf,0,0,0.349076509981459,0.465703380673075,0.229684069843065,0.365722716696967,1
9,0.391783268830009,1.4386365995508,-0.700476188633183,0.246604197740089,0,0,0.699286045118439,0.167228372990381,0.395336346864912,0.73243419648679,2
9,0.625186067281929,0.0993497656705206,0.170719513761068,0.246604197740089,0,0,-0.287078664565134,0.632451111158246,1.27566237199889,0.535968764781988,3
9,0.812741887466508,-1.04668669139621,0.362529528450849,0.246604197740089,0,0,-1.37529541749775,0.418521837115194,1.25696078548115,1.03460635194629,4
9,1.05448050014885,-1.10220749400726,0.785509841596374,0.246604197740089,0,0,-1.33634850102256,-0.685039174070806,2.15796841221122,2.22582867992679,5
9,1.47960702590057,1.60136446571047,-1.36220513906266,1.4102626616583,0,0,0.838091122553291,0.704721676512499,0.0527757821053724,-0.32914970787794,6
9,1.60047633224174,1.68082157410067,-0.636208323753106,1.4102626616583,0,0,0.84252777698385,1.39915317440425,1.07115636595466,0.471305361529607,7
9,1.76302470973504,0.910936295127034,-0.428934739197794,1.4102626616583,0,0,0.394417953198439,0.715882723365192,1.64157299802742,1.32283868888798,8
9,2.07978565049122,-0.0188059669032245,0.334185660091172,1.4102626616583,0,0,-0.348947492993663,1.05036597992949,1.89316554478405,0.420526233076775,9
9,2.44239356951474,1.10745992380313,-0.977773058990093,1.4102626616583,0,0,0.587290896642908,1.38793217624771,0.589475546027832,0.854523220697593,10
9,2.55075915451027,0.964798419528024,-0.940895693135409,1.4102626616583,0,0,0.52485724977996,0.894787353380698,0.148788360677423,1.10209161485562,11
9,2.7549866031557,2.71706782803412,-2.91485307520989,2.57645841871496,0,0,2.14266109083032,0.625893971335962,-1.41943894188695,-1.69705082827023,12
9,3.19261685025305,0.814997257215655,-1.23108339811711,2.82722958863641,0,0,0.337848936500778,-0.568091627854014,-0.0478802687831826,1.7562808877418,13
9,3.35516522774635,0.917904966904099,-0.345093454514601,2.82722958863641,0,0,0.296542078705343,0.476450591377579,1.13527790980533,0.585776097937384,14
9,3.66775826138732,1.65101400583541,-2.1285541020833,2.82722958863641,0,0,0.940013418842635,1.04613495545813,-0.795391130557491,-2.24212200854474,15
9,3.92616850253052,2.03963601842956,-2.12787060974196,2.82722958863641,0,0,1.37345208552182,0.986125053421194,-0.951000314369788,-1.23344651873791,16
9,4.19708246501935,2.22783119964574,-1.56997772947421,2.82722958863641,0,0,1.5697285970092,1.88871757513822,0.70914068483653,-0.511142177442506,17
9,4.45132479904734,1.02275961481845,-1.17055757859394,2.82722958863641,0,0,0.198454560109959,-0.0307626833062337,0.811879966978825,-0.35343658294546,18
9,4.53468294135159,0.876993691738682,-0.917500883746873,2.82722958863641,0,0,0.228339042623715,1.74010130704621,0.799691278797208,0.654737681880578,19
9,4.99315272402501,0.71605269216671,-0.605808883229462,4.59996996782004,0,0,0.00423040675132352,0.557163222664629,1.06766820782903,0.570405713654735,20
9,5.20154807978565,-0.341964477812414,-0.77969041134973,4.59996996782004,0,0,-0.386783360372161,0.0479655192785732,1.36859621844786,0.65722345554675,21
9,5.26823459362906,1.54640785434891,-1.053709313674,5.25662296441419,0,0,0.640550396068825,-0.213310767335205,0.3184686088372,-0.195932694205573,22
9,5.61000297707651,0.856278872064628,-0.406314540689013,5.25662296441419,0,0,0.311384839714969,-0.484994199801655,0.628610599864897,-0.191554252176539,23
9,5.96844298898482,-0.63203069847536,-0.52865316820642,5.25662296441419,0,0,-0.845294741380208,0.256497643028296,0.839600545907524,-0.88276213332831,24
9,6.09764810955642,-0.0851572743408726,-0.264222769578674,5.25662296441419,0,0,-0.498215339677875,-0.342246629856477,0.850104970614502,-0.0715496885025241,25
9,6.47275974992557,1.16135507999556,-1.61415055817615,5.25662296441419,0,0,0.4537893314126,0.540395006559319,-0.247133414889048,-0.249290068857473,26
9,6.676987198571,1.21989486647815,-1.04805769793319,5.25662296441419,0,0,0.746368869843455,0.290692940679547,0.715812409710444,0.150342727453639,27
9,6.91455790413814,3.53786760465612,-2.24141003889157,6.69984609152978,0,0,3.01145017568627,2.26330812282854,-0.831636668486883,0.509665491689998,28
9,7.18130395951176,1.8831424423632,-0.902130133792875,6.69984609152978,0,0,1.26925720311802,1.0138526255173,0.446903406662432,0.696682284178787,29
9,7.28133373027687,1.54646703785042,-0.804925639971254,6.69984609152978,0,0,0.910106570223909,1.24526990658531,0.453056422033374,-0.0307565043600622,30
9,7.58559094968741,1.01091735918389,-0.229878589118612,7.45766094344346,0,0,0.514385183590461,-0.267845424106778,1.60771905333962,1.03644070846647,31
9,7.83983328371539,0.0641939385865329,0.539497796328166,7.45766094344346,0,0,-0.224013110874628,-0.209647936924528,1.60747534994317,1.37988125662837,32
9,8.02322119678476,-0.193083177878525,1.46405837034581,7.45766094344346,0,0,-0.753323633107229,0.880588761465479,2.83374265373895,1.4778842402903,33
9,8.49419470080381,-0.963729391507528,1.65763488354431,7.45766094344346,0,0,-1.34654761970056,0.340830151224643,3.70402781460902,3.29186883717787,34
9,8.64007144983626,0.703904984927253,0.130136192772631,8.55344307325745,0,0,-0.434113981901627,0.424629502421281,1.72273654074438,0.986048044547002,35
9,8.80261982732956,0.493576794505983,1.02837214482406,8.55344307325745,0,0,-0.0165852987186589,0.136428749632498,2.22011682772352,0.835095233267017,36
9,9.05269425424233,-0.0393417549160493,1.64632179626796,8.55344307325745,0,0,-0.496835775621159,0.807821980961112,3.11351594187491,2.29468184105101,37
9,9.48615659422447,-0.650593975751038,2.11895221504934,8.55344307325745,0,0,-0.883954000144175,-0.84292002129062,3.22909248872711,2.34630323044911,38
9,9.68204822863948,1.56075762473034,-0.449652220906267,9.5649726121758,0,0,0.900767715207609,1.01989544891791,0.781080597402331,0.419795715927262,39
9,9.99880916939565,0.0364603075437209,-0.303491695070059,9.5649726121758,0,0,-0.374573496473368,1.10202515455534,1.70982119548348,1.5245512723078,40
9,10.0029770765109,0.0187954660175356,-0.452454751663714,9.5649726121758,0,0,-0.637110525072754,0.663706495247845,0.743210134834397,-0.0908286891507751,41
9,10.3405775528431,-0.226404196985055,-1.02417319642931,9.5649726121758,0,0,-0.566583349208507,0.745965377718912,0.313780442360878,0.179992536886725,42
9,10.7198571003275,1.44319240693081,-1.15161054353285,9.5649726121758,0,0,0.919886286339034,0.803966520948571,0.449997631629108,-0.88385158534336,43
9,10.9115808276273,1.85711153746502,-1.60946223056103,9.5649726121758,0,0,1.56497117907156,1.13725608837105,-0.0749396748395159,-0.717779655756226,44
9,11.1866626972313,2.65775849881051,-3.09557822511283,10.9533037107026,0,0,1.91306449084335,0.65572371157946,-1.32267019740012,-2.17036778980515,45
9,11.2700208395356,1.19684806279338,-2.78462749357445,10.9533037107026,0,0,0.46423394408445,0.986650354325111,-1.35559920225772,-1.47013889073994,46
9,11.5867817802918,1.24659946290367,-2.20711962323669,10.9533037107026,0,0,0.986657768307367,1.59254565968956,-0.96403052281196,-1.28014478447854,47
9,11.9910687704674,1.84162396992776,-1.92943930043807,10.9533037107026,0,0,0.932867642749923,0.570824709296477,-0.968793912626764,-1.26162220001833,48
9,12.2244715689193,3.24838464574192,-2.23328950158342,12.1385530914449,0,0,2.45362309281307,2.63475525754312,-1.10224324253528,-1.08326829151335,49
9,12.3995236677583,1.75987272347499,-1.3288115284361,12.1385530914449,0,0,1.04292281119279,0.89155399898531,0.56441359237098,0.851706965150713,50
9,12.649598094671,0.81269203405369,-1.34958211342229,12.1385530914449,0,0,0.453733068954089,1.27921910029176,0.0693001172391646,0.221134965537406,51
9,12.7954748437035,0.777810765652732,-0.644458237709091,12.1385530914449,0,0,0.214548781106304,0.827821637887498,1.06397784503862,-0.236127640591017,52
9,13.0955641559988,1.82617530060698,-1.17564916419583,13.0305229627778,0,0,1.16162750528654,1.11432762952033,0.627204566106081,-1.09781067957461,53
9,13.295623697529,1.04806236972348,-0.976638124444022,13.0305229627778,0,0,0.609792728264086,-0.401363270283143,0.588908673433761,1.1177284152211,54
9,13.6415599880917,-0.393682258729068,0.0963281760451022,13.0305229627778,0,0,-0.482506362129714,-0.109374610831058,1.30150152871004,1.94209402579047,55
9,13.8916344150045,1.70176672853328,0.290200085092769,13.7240893451381,0,0,1.22882898526114,1.52911894816162,1.9262219689779,1.66902541127429,56
10,0,2.15741810294391,-2.02831805521703,-Inf,0,0,1.66644022233761,0.587080504641732,-2.55649135892852,-0.516123560710044,0
10,0.00416790711521286,2.17510333864444,-2.01899821702146,-Inf,0,0,1.94059440896346,0.240271715533394,-2.36861028894341,-0.904566171012444,1
10,0.387615361714796,2.44024423463269,-2.58455833301413,0.117938666604459,0,0,2.0259913910326,1.41037816766047,-2.4375966568867,-1.20408599427323,2
10,0.746055373623102,3.79819502405909,-1.88642165134999,0.644888340866265,0,0,3.39676966126159,1.42170397888738,-1.79407727310645,-2.12469752264554,3
10,0.825245608812146,3.06345825426522,-1.39037164760153,0.644888340866265,0,0,2.86843338072822,1.6988298270976,-1.4298513513662,0.376932696891266,4
10,1.18368562072045,0.441416160309776,-0.356379181450705,0.644888340866265,0,0,0.201488469674293,0.313044255546794,-0.615688994754241,0.96873260796926,5
10,1.3295623697529,-0.652797115742946,0.0929323855743072,0.644888340866265,0,0,-0.660859151781595,-0.367594605742344,-0.15097830491257,0.475431393930365,6
10,1.58380470378089,-1.12680030927283,1.69068354965825,0.644888340866265,0,0,-0.918366974137346,-0.531015885443309,1.70613122849957,3.53579298756148,7
10,1.82971122357845,-0.362916632993354,1.50697488342717,0.644888340866265,0,0,-0.465726091625569,-0.684186199292311,1.89648636766688,1.86982046131584,8
10,2.075617743376,0.957882056134262,-0.469920661071463,0.644888340866265,0,0,0.989416819381521,0.26351973461162,-1.00721950334657,0.176720493276361,9
10,2.45072938374516,1.9414732176776,-3.22875579953409,0.644888340866265,0,0,1.50367720461163,0.0357387243246836,-4.35497977989535,-1.81620792633688,10
10,2.53408752604942,4.1126434678366,-3.20036159861317,2.52188282624926,0,0,3.50981401417017,2.34960063124724,-3.61297697306267,-1.57069748063386,11
10,2.83417683834475,1.61818265525833,-1.84385494071965,2.52188282624926,0,0,1.35132239873345,0.101223602159237,-1.68435321556109,-0.288831227109394,12
10,3.18011312890741,2.55180265506201,-2.32552755616636,3.10370481339677,0,0,2.24739659261457,1.63070878118722,-2.45989781574662,-1.59284662420266,13
10,3.27597499255731,1.693174976504,-1.44110306222437,3.10370481339677,0,0,1.29460212151835,0.804805380990041,-1.84584452610044,-0.816663697170257,14
10,3.58440011908306,-0.797844099590788,-0.196308558912932,3.10370481339677,0,0,-0.94956800076906,-0.390613920411815,-0.607255590998672,1.24840585149673,15
10,3.80113128907413,-0.094231095152813,0.731183439268544,3.10370481339677,0,0,-0.325784379549155,0.390060223119966,0.657116893797209,0.712624135791401,16
10,4.11372432271509,-0.160376955535441,0.0188945963325353,3.10370481339677,0,0,-0.0225482305455709,-0.451626321444657,0.18146907970551,1.28655377003888,17
10,4.36796665674308,0.457051858497246,-0.787562742929504,3.10370481339677,0,0,0.0496248771151668,-0.211412606795947,-0.333754191009326,-0.238872792712213,18
10,4.70556713307532,1.80105395570229,-1.1891120804605,4.61968938325747,0,0,1.43946926543852,0.607506517811762,-1.7424626171878,-0.473405032218142,19
10,4.88895504614469,0.941617892820668,-0.491268735035594,4.61968938325747,0,0,0.557578670361653,0.129736946133671,-0.834311231702443,0.263100118687593,20
10,5.19738017267044,2.76678748845413,-2.56808213742645,5.11970866039897,0,0,2.31577475081568,0.643031261074827,-3.00360623813883,-0.64503963584472,21
10,5.42661506400715,1.9372385731361,-1.78451093861211,5.11970866039897,0,0,1.96604004512681,0.267665760041484,-1.80999541661419,-1.34727902441396,22
10,5.58916344150045,0.849132429499756,-0.708245303297239,5.11970866039897,0,0,0.649654763263486,0.151535561781736,-0.559016266184638,0.975706268015387,23
10,5.90592438225662,1.55568020198565,-1.32700427965082,5.11970866039897,0,0,1.41868188056605,0.0652270775643298,-1.91572108843109,-1.46975163310403,24
10,6.10598392378684,1.2291028196361,-1.80909861906911,5.11970866039897,0,0,1.10593170276705,1.2960276833557,-2.40691495703081,-0.97170305568786,25
10,6.37689788627568,0.746336463784939,-1.74118403886034,5.11970866039897,0,0,0.598512298150019,0.0777079349960172,-1.87288941124301,-2.15011021347413,26
10,6.53527835665377,0.47716569441934,-0.494975853367249,5.11970866039897,0,0,0.485671815448782,-0.0461236010021821,-0.83556034426161,1.09389760728153,27
10,6.78952069068175,1.29856091850654,-0.404771318361803,6.53999163102215,0,0,1.17243898985707,0.0910630255251352,-0.299946511268464,1.16508880347826,28
10,7.04376302470973,0.430371543108746,-0.785943053405603,6.53999163102215,0,0,0.132294906000423,0.223413316729726,-1.06984407924592,-0.622634159464269,29
10,7.45638582911581,1.94916727009534,-2.55773529817081,7.25894718795227,0,0,1.30813864674243,0.256568542304165,-3.07851655811547,-1.56752945747557,30
10,7.58975885680262,1.52531584953477,-0.867447160535646,7.25894718795227,0,0,1.23388037534353,0.527380484424806,-0.932923047450043,0.384354094953148,31
10,7.95653468294135,0.622577535040187,-0.350917535223523,7.25894718795227,0,0,0.815394071167926,0.491002404698418,-0.212793782752614,1.17442070011243,32
10,8.20244120273891,1.53134606252819,-1.07051172318929,7.25894718795227,0,0,1.31264349026639,0.514808615188133,-0.772579149023053,-1.05043205998053,33
10,8.26912771658232,1.23732899481661,-1.11205549725645,7.25894718795227,0,0,0.840482062677389,-0.188241511148874,-1.14253750848434,-0.153745593169136,34
10,8.64840726406669,1.32896782673453,-0.847369219243063,7.25894718795227,0,0,1.34651859569047,0.321174923248352,-0.976717556228073,0.425750404244951,35
10,8.96100029770765,2.30495958885139,-2.39937463980234,8.72180226471705,0,0,2.14998530795207,0.91176836460755,-2.81047102889617,-1.49737639644419,36
10,9.21524263173564,0.722023467295815,-0.380309070950384,8.72180226471705,0,0,0.474070985320533,0.670182159842717,-0.0921054029359706,0.679766651053251,37
10,9.34027984519202,1.11989229263437,0.994397687244279,8.72180226471705,0,0,0.840700051377306,0.906704212608479,0.944827474340344,1.27977579867369,38
10,9.66120869306341,2.84983097060975,-1.85764426578035,9.58199185680849,0,0,2.36527099822133,0.80390077128873,-2.1709149608366,-0.768835590803128,39
10,9.98630544805001,-0.24414101701244,-0.779501195388613,9.58199185680849,0,0,-0.278244751544979,-0.137832187515764,-0.950916759602085,1.15664406929772,40
10,10.0863352188151,0.200904754468693,0.451461445559042,9.58199185680849,0,0,-0.364970479239166,-1.24166161690791,0.757748920235552,1.19272958977548,41
10,10.3864245311104,0.472261049669896,0.622847832352243,9.58199185680849,0,0,0.318496065336008,0.364113580251346,0.470776058797969,2.35260135590186,42
10,10.6406668651384,0.581931983401757,0.106240961099345,9.58199185680849,0,0,0.278788370191566,-0.12897860677309,-0.298785738914215,-0.344961951210976,43
10,10.8699017564751,1.83758200099242,-0.818099437152292,10.8598470426684,0,0,1.67723344680602,-0.151767281912384,-0.528692856522325,-0.319179230318864,44
10,11.0199464126228,1.66325147328388,0.111516751673383,10.8598470426684,0,0,1.26446327703936,0.137111172114818,0.0949523660157016,1.28071649910537,45
10,11.4450729383745,0.214075365130105,-0.524596648637256,10.8598470426684,0,0,-0.0572952605791804,0.379818202951626,-0.519643652799361,1.50968406196277,46
10,11.5242631735636,0.397243554374442,-0.102647171320846,10.8598470426684,0,0,0.13752536433469,-0.104840092239824,-0.357520367455346,0.890189553402001,47
10,11.9910687704674,0.399293140006082,0.781852788883932,11.6135276126245,0,0,0.532573290664848,-1.03588517406782,1.27446791851779,1.63528709129144,48
10,12.0869306341173,0.42067334432929,0.566862645010396,11.6135276126245,0,0,0.148425264434821,-0.0243367567062931,0.499972749789457,0.796779540522461,49
10,12.4203632033343,1.40270332248194,-0.849968503324503,11.6135276126245,0,0,0.899048553979527,0.0729654445069262,-0.916994771902507,0.704744884554877,50
10,12.707948794284,1.91198975086128,-1.06696587195374,12.6027991321421,0,0,1.63136089664594,0.729552061421411,-1.27723209530945,0.542710238637257,51
10,12.8913367073534,0.649722048988325,-1.40775170796128,12.6027991321421,0,0,0.49699672392426,-0.211715509683946,-1.29345360846248,0.0247900629203369,52
10,13.1830902054183,0.899794472140245,-1.15615179706943,12.6027991321421,0,0,0.587576126513791,-0.210707389094294,-0.431086890875652,-0.24679159059103,53
10,13.3914855611789,0.60079272986442,-0.246512947315954,12.6027991321421,0,0,0.680650997998134,0.356077566287075,-0.110475373389477,0.472934654612608,54
10,13.5415302173266,-0.103339000283842,-0.751962521518131,12.6027991321421,0,0,-0.322400852578994,-0.0320776883608301,-0.438545039022227,0.409425512985358,55
10,13.9791604644239,2.15999572330691,-1.33236623469918,13.9789031875669,0,0,1.83635936562468,0.362900075863955,-1.53706614706893,-0.689273622030611,56
11,0,-0.209841928206043,1.90074215598902,-Inf,0,0,-0.696537401988743,0.139240728087,1.00751719349895,3.2079377244298,0
11,0.0958618636498958,-0.554850205928777,1.52367392274378,-Inf,0,0,-1.10660506778024,0.13668253565354,0.630697515033153,2.58839164738175,1
11,0.325096754986603,2.07210359090166,-0.402204113407133,0.320376260171179,0,0,1.47422762878679,0.975058614558995,-0.849544674318527,0.916213644626237,2
11,0.616850253051503,1.21155833194288,-0.328906361903696,0.320376260171179,0,0,0.350992195794207,1.32081642297817,-1.12601920944547,1.71033763469824,3
11,0.791902351890444,-0.240049106919829,-0.0452569401458684,0.320376260171179,0,0,-0.74156406056512,0.987898543658036,-0.984620905643934,1.19254266935501,4
11,1.13783864245311,0.752242284117056,0.167898724453304,0.320376260171179,0,0,0.0766398342377925,0.438942248959983,-0.61134063492776,0.922232705416146,5
11,1.31705864840726,2.56762575087987,-1.04704892362058,1.16370681335505,0,0,2.04747280962129,1.73228500933009,-1.43794890695728,-0.36042223040021,6
11,1.69633819589163,1.913101637272,-0.951354636629825,1.16370681335505,0,0,1.44500828422337,1.03796552862606,-1.5062855064476,0.162502248240341,7
11,1.9755879726109,2.625949877487,-1.47461139257846,1.16370681335505,0,0,1.52040355816316,2.25373517672416,-2.15613226556391,-1.15958798371826,8
11,2.0422744864543,2.43878763164867,-2.24443737373579,1.16370681335505,0,0,2.11310812624594,0.655686803558433,-2.57750735227388,0.179464349436722,9
11,2.27567728490622,2.59094463456175,-2.58754982204773,1.16370681335505,0,0,1.87510904864493,1.4511754126707,-3.47665645804794,-0.446780527651417,10
11,2.73414706757964,3.69505966310068,-2.9005651121119,2.57829973424892,0,0,2.9136450617775,3.14903413752608,-3.60430902420705,-1.85036903182908,11
11,2.87168800238166,1.87471813863233,-2.32434658004283,2.57829973424892,0,0,0.8021293839019,0.524943884153113,-2.61572556651307,-1.12875888933057,12
11,3.23846382852039,1.4548507278359,-0.80393161418952,2.57829973424892,0,0,0.877097783929097,1.89050541418357,-1.84094446950968,0.368440453441945,13
11,3.49687406966359,2.83070437084107,-1.35478063976427,3.43165228524639,0,0,2.14090942588674,2.10761383707741,-1.67285792865872,0.0411049851429926,14
11,3.58440011908306,2.62818415579919,-1.56180939366337,3.43165228524639,0,0,1.87756569414501,1.80668988162345,-2.62631712070148,0.0311334978623636,15
11,3.759452217922,0.33137228515677,-0.3349246169866,3.43165228524639,0,0,0.391139964156584,0.888037711758202,-0.957981732926784,0.634100452871132,16
11,4.08038106579339,-0.689223084508053,-0.175470445630836,3.43165228524639,0,0,-1.01557617372801,-1.22082145623455,-0.576746547434366,1.05314400338646,17
11,4.33879130693659,1.15536415988853,-0.378967335165987,3.43165228524639,0,0,0.915402094111444,0.972874381458559,-0.860440524904756,0.147445030215551,18
11,4.73891038999702,0.775372928966964,-1.18592579316613,4.43990722477185,0,0,0.168858111953029,-0.170827818564703,-1.89995829195247,1.20324304882703,19
11,4.75558201845787,0.485947514461466,-0.940095612499116,4.43990722477185,0,0,-0.0574593209992833,0.736543204111255,-1.39644637905939,0.231074183954601,20
11,5.0890145876749,0.242687321496214,0.671232651405783,4.43990722477185,0,0,0.0312661441196798,0.170408002635824,0.101551298356344,1.35712736589891,21
11,5.32658529324204,1.35699197739472,0.358736855300748,5.24793092432933,0,0,0.937122904293838,0.71660606612391,0.00705967410552688,0.986313595613079,22
11,5.58082762727002,-0.707611198586942,0.0773275297090789,5.24793092432933,0,0,-1.07059738665562,-0.107546459258096,-0.939969543479308,2.65018893422506,23
11,5.94760345340875,-0.790179959039541,0.520219578238457,5.24793092432933,0,0,-1.03101348223699,-0.109173537506372,-0.149082625193138,1.61864977813217,24
11,6.05596903840429,-1.20577955471076,1.68031526826899,5.24793092432933,0,0,-1.23675270280601,-0.0290559776775767,0.987620813455425,2.88220001638022,25
11,6.31021137243227,-0.584314840244228,0.856895657861202,6.21666527086726,0,0,-0.719616362300753,0.606336573256721,0.182782090286371,1.9012269254056,26
11,6.57278952069068,-2.61214802042535,2.34868234659033,6.21666527086726,0,0,-2.92122714514933,-0.990464178900966,1.47207868900922,4.53170739849169,27
11,6.83536766894909,-0.725074753712344,1.1697962660257,6.21666527086726,0,0,-1.03480854229827,1.21390600240794,0.514149508904616,2.03206653972122,28
11,7.00625186067282,-0.898515309602528,1.41715722645268,6.21666527086726,0,0,-1.0165475605389,0.0119271564573111,0.987100208143142,1.88264607419702,29
11,7.4522179220006,-0.912351933049502,0.66086801244844,6.21666527086726,0,0,-1.2531460981178,0.247307620294015,0.357552547422247,1.93392315949577,30
11,7.62310211372432,-0.787633927094387,1.22499671776153,6.21666527086726,0,0,-1.00519721472725,0.888643315321108,0.424042081783678,2.4108328031467,31
11,7.86484072640667,-0.799734270927583,1.91655871483169,6.21666527086726,0,0,-1.31979442769534,-1.310179619506,0.694709124374529,2.63371791250919,32
11,8.17326585293242,-0.566625811834479,0.905514319967904,7.93454987256465,0,0,-1.21472048049228,-0.409736090497963,-0.130536340251826,2.09845381242025,33
11,8.46918725811253,0.326317785236487,0.903385049210992,8.24184038656262,0,0,0.0285212574493116,0.629596060041758,0.207662776728081,1.54405353658486,34
11,8.59839237868413,0.581260734194583,0.360234570955953,8.24184038656262,0,0,0.0402517746000732,1.66403226418198,0.0166010652980724,0.344322373855839,35
11,8.77344447752307,0.574823256452332,-0.391569905500296,8.24184038656262,0,0,-0.116864003177437,1.53905910634744,-1.66685741493086,1.63864834268069,36
11,9.13188448943138,0.907939029891431,-0.732329841650086,8.24184038656262,0,0,0.0845432952570351,0.941851060025014,-1.32628064287493,0.474578558042108,37
11,9.48198868710926,0.212441009202816,-1.30557012764242,8.24184038656262,0,0,-0.347643686876839,0.279821823072527,-2.17141603106066,-0.321304012546331,38
11,9.59869008633522,0.356087984418888,-1.70155638270559,8.24184038656262,0,0,0.0552242566279657,0.114603297868401,-2.22434417812464,0.303847287627061,39
11,9.79874962786544,1.48408788899282,-1.83427884721037,8.24184038656262,0,0,0.966780314836599,1.35561512036216,-2.29680759556597,-0.370017674377101,40
11,10.0488240547782,2.20392954933073,-0.853139284291114,9.8892718703092,0,0,1.68564410665242,0.152668701653546,-1.87781976887087,0.348650659017956,41
11,10.4322715093778,0.910999510924799,-0.0203777622404845,9.8892718703092,0,0,0.482558865419446,1.45733957131989,-0.025665028150666,2.65140634947087,42
11,10.749032450134,0.839221637684338,0.420406659899159,9.8892718703092,0,0,0.363124871383442,0.549075903738898,0.184210371954594,1.6912925000808,43
11,10.9740994343555,1.06727019800713,-1.02192372108735,9.8892718703092,0,0,0.538230627455218,2.05114827848658,-2.07755657749937,0.538110329270782,44
11,11.220005954153,1.64664077223302,-2.4088548433087,11.1367379297789,0,0,1.1846059106051,2.16474467074814,-3.23753348893766,-0.569132516131126,45
11,11.4909199166419,0.666938589996599,-1.67753197355645,11.1367379297789,0,0,0.196994045096992,0.310271257884114,-2.18062571076635,1.5159505775845,46
11,11.5784459660613,1.75966083131979,-2.52675024797618,11.5185467378272,0,0,1.26414145699134,0.343340282355671,-2.66977844888417,-1.28139203570849,47
11,11.9994045846978,1.61592055230231,-1.42584988889078,11.5185467378272,0,0,0.942354707489803,2.02500853587886,-2.05057037136702,0.133299085545989,48
11,12.0327478416195,1.47762280269135,-1.26254446016989,11.5185467378272,0,0,0.841063998751891,2.35994012234858,-2.08451616050482,0.211207851230993,49
11,12.4120273891039,0.949356292683198,-0.994331542136284,11.5185467378272,0,0,0.61417674786614,1.39278945515786,-1.50384721063949,0.252424828983321,50
11,12.628758559095,2.5070317244866,-2.56319366444072,12.594441821265,0,0,1.97663489946287,0.867145742472814,-3.25584479897337,-1.47249605945954,51
11,12.903840428699,1.50142574881742,-2.467230490691,12.594441821265,0,0,1.44596389924177,1.70423787254393,-3.43497674502449,-1.08026624443268,52
11,13.0288776421554,0.860600409306678,-1.81015616921375,12.594441821265,0,0,0.247358019066413,0.957648282328627,-2.77146495564123,-1.34928405303212,53
11,13.3831497469485,-0.718769427581196,-0.359643542915093,12.594441821265,0,0,-0.890208465219613,0.194937152854832,-0.589083350921709,0.93565066267417,54
11,13.7040785948199,1.58359570671202,-0.374875289577012,13.6670766875031,0,0,0.808880674741467,1.50902802475941,-0.621275834418659,0.10884803341126,55
11,13.7665972015481,0.8489510593567,-0.00382780242419569,13.6670766875031,0,0,0.410643969506374,0.201969216419665,-0.39212877125876,2.44158034696748,56
12,0,0.884486050402401,0.278883286492356,-Inf,0,0,0.939111201716473,1.65166416576181,-0.920456785202714,1.8548983533393,0
12,0.0625186067281929,0.643326369899601,0.183486605222794,-Inf,0,0,0.475840835503206,0.921774720510408,-0.184458409140641,0.810003439870862,1
12,0.487645132479905,1.77217650555601,-2.12289394459002,0.402645938575733,0,0,1.77477302716236,0.896196730878776,-2.63188667563008,-1.00267926053871,2
12,0.604346531705865,1.0366680048749,-1.42895950799607,0.402645938575733,0,0,0.869583157734156,1.03698084181705,-2.19556720619633,-0.312762046652475,3
12,0.996129800535874,-1.47851908063435,1.94362973437693,0.402645938575733,0,0,-0.999981493092271,-0.0761413247515157,1.860741645491,2.43143102478489,4
12,1.17534980649003,-2.16268368645326,1.69661952829883,0.402645938575733,0,0,-1.93424891006815,-1.23859496826157,0.960263597620497,2.64015239144279,5
12,1.4921107472462,-0.266548781995497,0.697132073820366,1.46646071250837,0,0,-0.224938099651205,-0.305308504110537,0.487214402615473,0.621208236208326,6
12,1.67549866031557,0.498896894494729,-0.026815241767435,1.46646071250837,0,0,0.720034423823214,0.321017184153747,-0.30599854624676,0.416474722566165,7
12,1.98809169395653,-1.29155968091236,1.4242561109641,1.46646071250837,0,0,-0.933662295436138,-0.773646554241378,0.139763638965833,1.49886070794359,8
12,2.19231914260196,-0.0137661218594905,-0.104111252949209,2.04643578794427,0,0,0.127255884124763,0.116536691516142,-0.296175508146964,0.262143192506659,9
12,2.42155403393867,-0.840220499107587,-0.274206040789789,2.04643578794427,0,0,-0.635631080552518,-0.128406100701327,-1.06739127396961,0.0294033709295196,10
12,2.60910985412325,-0.917292933107663,0.619915411365955,2.04643578794427,0,0,-0.729796732462886,-0.829403982992673,0.0389436189451798,-0.745657490686686,11
12,2.99255730872283,0.292072413242704,0.758504779734598,2.04643578794427,0,0,0.460524174859698,0.0992790225586994,0.159853844521205,0.449992720283487,12
12,3.03006847275975,0.368622959441281,0.909977272799226,2.04643578794427,0,0,0.351644476409084,-0.83334901886721,0.168910433508705,1.09561751931812,13
12,3.46353081274189,1.82893838250285,-2.88151664930066,3.44161608593467,0,0,1.9739195316562,0.696177123147613,-3.67089610756389,-1.269073486481,14
12,3.50520988389402,1.79728305116808,-3.08343396768081,3.44161608593467,0,0,1.63652774962317,0.731488971018221,-4.02865008057621,-2.15544604424452,15
12,3.95117594522179,-0.469094115040477,-0.11648486266214,3.44161608593467,0,0,-0.11574156796112,0.852038919558003,-0.310795386428421,0.0962187914041386,16
12,4.04703780887169,0.255533933132712,-0.0339264418346129,3.44161608593467,0,0,0.673767439603786,0.233826386303489,-0.461359460004891,0.825710663499114,17
12,4.4388210777017,1.33702457650151,-1.60916150401834,4.28361359894491,0,0,1.22475080375359,0.307439702563862,-1.86491285986681,-0.879819160029018,18
12,4.70139922596011,1.24231139003739,-0.81072391455511,4.28361359894491,0,0,1.56597037139203,-0.381776196050222,-1.35497276210048,0.168068037543679,19
12,4.78475736826436,0.653150709716058,-0.74091406820586,4.28361359894491,0,0,0.894327609058433,1.02726865673364,-1.33070414010633,-0.47298318374027,20
12,5.07651086632927,0.102576551703586,-0.365906215116356,4.28361359894491,0,0,0.307299491695604,0.450655271045139,-1.01752254906235,-0.329173944358625,21
12,5.39327180708544,1.03685547362691,0.418073041200184,4.28361359894491,0,0,0.907585510087959,0.426945972696818,0.0816591864557019,1.80367041743409,22
12,5.69752902649598,2.91639579552767,-1.32504001046129,5.66840826984531,0,0,2.37476906539366,1.46320066311147,-1.88415017109765,-1.75271103322272,23
12,5.835069961298,2.91948258542091,-1.69401342509935,5.66840826984531,0,0,2.72505353791635,2.25024384620401,-2.28470737863259,-1.20273022867768,24
12,6.12265555224769,1.04665478216207,-0.841602300142387,5.66840826984531,0,0,1.0730698776314,0.253462912961718,-2.06706255733391,0.154406952129644,25
12,6.47275974992557,0.0055686295297245,-0.946627070585359,5.66840826984531,0,0,0.422129429173232,-0.75922113117418,-2.10216886489363,0.075152337452011,26
12,6.71449836260792,1.37697998226359,-0.787327371068802,6.70378347231398,0,0,1.24616856976114,1.3614599201228,-1.75702392220638,-0.82330053858899,27
12,6.81036022625782,1.09323522147296,-0.195252977880005,6.70378347231398,0,0,0.973718182318589,0.0737390580434868,-0.528162819658473,1.0100974584415,28
12,7.2271509377791,0.339737272672222,-0.3210001556897,6.70378347231398,0,0,0.335899319813339,0.504141818517966,-0.522975150268596,1.64592255046503,29
12,7.26883000893123,0.263934886661632,-0.206261408687732,6.70378347231398,0,0,0.651028003547918,-0.0188030157110423,-0.831867134456028,-0.065176305213537,30
12,7.53557606430485,1.08564003437836,0.631069224247451,6.70378347231398,0,0,1.13451751678307,0.625424099881402,-0.0296408215552558,0.686827614789046,31
12,7.91902351890444,1.05628266648255,-1.48061754122411,7.7113956608917,0,0,0.852431373454217,0.712484701558735,-2.56373012088821,-0.629628577020311,32
12,8.08573980351295,-0.266905122525783,-0.198321462696864,7.7113956608917,0,0,0.135860300651208,-0.83020511685791,-0.834847572674329,0.4074895090172,33
12,8.42334027984519,-1.86919875678582,0.445516426708218,7.7113956608917,0,0,-1.41003106346694,-0.837341664378433,0.502009247252119,0.142980372153565,34
12,8.51503423637988,-0.747138871297022,0.0439718114532986,7.7113956608917,0,0,-1.11139437405032,-0.112170591430115,-0.881944073545995,1.40550391542793,35
12,8.91515331944031,0.517640719563606,0.500845002294353,8.79492542325483,0,0,0.545648949227063,0.551846640544056,-0.00293082733881686,0.843550844735314,36
12,9.11521286097053,0.174110491334585,0.589115171283792,8.79492542325483,0,0,0.550653726255361,1.13688369552485,-0.153519218944277,0.708068028543128,37
12,9.37779100922894,-0.258594469330785,0.266084961675079,8.79492542325483,0,0,0.0746751375660875,-0.328046354771958,-1.01729673596925,2.34094820871026,38
12,9.71955939267639,1.35799984100794,-0.540274456571726,9.64711218709842,0,0,1.48488300161645,0.831080076625871,-0.864519568363011,-0.418251668117065,39
12,9.93629056266746,1.50095285958522,-1.05952318584646,9.64711218709842,0,0,1.75207522033446,0.00952113895292239,-2.00728536568063,-0.199937889408219,40
12,10.1863649895802,-0.559170568022386,0.926106264249168,9.64711218709842,0,0,-0.337938998968377,-0.394700575789548,-0.121075771290234,1.38868897413508,41
12,10.298898481691,-1.16258490313087,1.66997072295555,9.64711218709842,0,0,-0.937671621747311,0.324204508791883,0.632462546233502,2.51137498931474,42
12,10.7240250074427,1.32805415877766,0.0768670346787037,10.6508339121759,0,0,1.48215322167244,1.91795377646525,-1.06833254078199,-0.448376397858335,43
12,10.9866031557011,1.15841909370325,0.292321477535383,10.6508339121759,0,0,1.35883036452246,-1.27423926124532,-0.476572487694828,0.0990222208594117,44
12,11.2075022328074,1.25458513873317,-0.540911842358412,10.6508339121759,0,0,1.46910163569072,0.642983769283082,-1.34433532680618,1.4209944395207,45
12,11.3492110747246,1.52164002913933,-1.30274260495416,10.6508339121759,0,0,1.39425937912842,-0.0862286200724646,-2.13965709806714,-0.123471112321907,46
12,11.6493003870199,-0.0346940232232326,-0.535181540505435,10.6508339121759,0,0,-0.0636271336630925,-0.468820421007874,-1.8044832479973,-0.122515566499991,47
12,11.8910389997023,0.996548599774617,-1.24632145176455,10.6508339121759,0,0,0.964455227826729,0.787634132734156,-1.4158115342686,-0.105582450716392,48
12,12.1577850550759,1.23592858081632,-1.92213245727642,10.6508339121759,0,0,1.00318134840773,0.0902090958324582,-2.5846636426712,-1.66487631983389,49
12,12.3828520392974,1.36702902029328,-1.29078731161251,12.158284680968,0,0,1.48545343651426,1.06179834494635,-1.92644848438858,-0.556815786669375,50
12,12.6370943733254,2.14329114243514,-1.59778373912401,12.4830341693265,0,0,1.54721174460288,0.598865203240567,-2.33296170963577,-0.603049469893124,51
12,12.7537957725514,1.4594326966594,-0.420332263143121,12.4830341693265,0,0,1.36125887478057,0.450215397179611,-0.973589995153451,0.659267896723836,52
12,13.1955939267639,1.97023674458902,-0.210133307251807,12.4830341693265,0,0,2.32006743998481,0.314067768800879,-1.29230197785086,-1.02612241007835,53
12,13.4248288181006,0.435010944165935,-0.58414351104242,12.4830341693265,0,0,0.392180757152947,-0.420370474971487,-1.35762202249928,0.477253349373049,54
12,13.6373920809765,-0.0853427863502926,0.537323515778371,12.4830341693265,0,0,-0.184439320624116,0.489435998508051,0.0907309613683368,-0.275199321586448,55
12,13.8541232509676,-0.335381211484627,-0.0714387009986405,12.4830341693265,0,0,-0.299786582768538,0.615338886552714,-0.770856772722748,-0.133713639744111,56
13,0,0.688165550781628,-0.0810477079885085,-Inf,0,0,0.796738027274076,1.43036655511627,-0.8412886615354,-1.02428240988058,0
13,0.0500148853825543,0.444327301529873,0.307263486677265,-Inf,0,0,0.416713517383227,0.231429848058953,0.538389396649277,-1.17810871647829,1
13,0.450133968442989,1.58142897314975,0.10557920923093,0.228798126464244,0,0,1.1540938498711,0.930757852434246,0.120528158384389,-1.59957894571661,2
13,0.529324203632033,1.81301353731096,-0.0932192019475825,0.228798126464244,0,0,1.72896682164121,1.81190174629191,-0.535828273352727,-0.209959473518812,3
13,0.837749330157785,0.498670190828735,-0.946997026973882,0.228798126464244,0,0,0.214822367459398,0.405545873228327,-0.6894047285522,-2.46760544459114,4
13,1.21286097052694,1.22569543098002,-0.248697162058699,0.228798126464244,0,0,0.883946406675253,1.58710312006967,-0.511757671590993,-0.835624165322545,5
13,1.38791306936588,1.13467285364082,-0.501060480085425,0.228798126464244,0,0,1.36943620247316,0.985354627551708,-0.281732724309564,-0.308841608038429,6
13,1.64632331050908,2.51573419556382,-1.29309011641226,1.39267508145243,0,0,2.64419671529632,0.631859386553967,-1.2746890314818,-3.02546849597479,7
13,1.87139029473057,0.192254798346399,-0.333579867553153,1.39267508145243,0,0,0.0392523396913125,1.59324818383995,-0.382412046292827,-0.484160949700784,8
13,2.23399821375409,2.07658154972623,-1.13663903045377,2.19325360769513,0,0,1.96982341606104,1.52586105578042,-1.00379560723363,-1.2760261669959,9
13,2.27567728490622,2.27050094168348,-1.30465485762036,2.19325360769513,0,0,2.06750431950414,1.05449347486051,-1.52699229259737,-1.00248436727514,10
13,2.71330753200357,-1.19105118964015,1.00777532792227,2.19325360769513,0,0,-1.23189308451288,0.197015359400241,1.15655945206965,0.963525688858841,11
13,2.82584102411432,-1.14573448555298,1.74815959761956,2.19325360769513,0,0,-1.08836885387149,1.00880386967559,1.48601106992102,0.0342765010393615,12
13,3.05090800833581,-0.00425655073942416,0.518351736777469,2.19325360769513,0,0,-0.0499634346548281,0.0737370357489364,0.428766649535881,-0.511043884374831,13
13,3.34682941351593,1.84477611215827,-1.79891016508271,3.23831857584345,0,0,1.76102130899106,0.587109353420374,-2.03115915718472,-1.92386414232377,14
13,3.5010419767788,1.21282779647667,-1.31417332476643,3.23831857584345,0,0,1.1754856213778,0.367644778023097,-0.772481127485118,-2.31090093488824,15
13,3.80113128907413,0.894627392004503,-0.670969458757378,3.23831857584345,0,0,0.637790189837451,0.541796514952883,-0.639689302063734,-2.20504853158746,16
13,4.12622804406073,0.747812977183431,-0.669040258411602,4.01625298770825,0,0,0.896242761287108,0.115413464917978,-0.64801830837885,-0.654438538888706,17
13,4.30544805001489,1.80508190947895,-0.779851531322533,4.01625298770825,0,0,2.13564577505379,1.0760692960836,-1.20075998106736,-1.27015250095057,18
13,4.72640666865138,-0.0566511243972702,-0.0648609431083637,4.01625298770825,0,0,-0.0460803027308531,0.271390501166906,-0.0919357706658252,-1.4174986686899,19
13,4.85144388210777,-0.23505415634259,-0.304346255304236,4.01625298770825,0,0,0.0522460918032739,1.70293547301,-0.010383155873615,-0.883214820281208,20
13,5.14319738017267,-0.657462590175468,0.456487738383894,4.01625298770825,0,0,-0.199904388823711,-1.70021800121138,0.621874304830588,0.0467758678178271,21
13,5.27240250074427,1.12955998891068,-1.78754718335234,5.21794092363248,0,0,1.24458149426463,1.1731622052907,-1.75832007939225,-3.23557728502322,22
13,5.55165227746353,0.970380213912052,-0.550404113465054,5.21794092363248,0,0,1.04888543766312,0.954151892708224,-0.318723174973059,-0.492490964481644,23
13,5.86007740398928,1.89802051059126,-0.637300532197408,5.21794092363248,0,0,1.84900328320536,1.29106105911655,-0.884670296572849,-0.995936140016126,24
13,6.03929740994344,1.10995000121404,-1.53641522292726,5.21794092363248,0,0,0.943219047495597,0.807835402707396,-1.13073190348977,-2.19967945678233,25
13,6.35605835069961,0.266768973642286,-0.633406634427759,5.21794092363248,0,0,0.482713113877844,1.42877397179989,-0.525257338720603,-0.107325784877874,26
13,6.52694254242334,-0.192155653893495,-1.50698037477114,5.21794092363248,0,0,-0.00189920388469299,-0.652071360454119,-1.2858253824119,-1.8991935117178,27
13,6.88538255433165,1.27778355740355,-1.77146010292532,6.6766954132714,0,0,1.41724361574968,0.271053111911368,-2.26731867075957,-1.53769708327286,28
13,7.23131884489431,-1.1506800557951,0.426438494068086,6.6766954132714,0,0,-1.330464743574,0.921050612806218,0.273691658989648,-0.0164332861904339,29
13,7.33134861565942,-0.244597299291305,0.58654733911243,6.6766954132714,0,0,-0.145505785192714,-0.0741766638953279,0.763849468085713,-0.807437313993376,30
13,7.53140815718964,-0.727459272076548,0.027603185640411,6.6766954132714,0,0,-0.7508745222246,0.44824311206597,0.245427329581042,1.53191013113818,31
13,7.99821375409348,0.166653232241788,2.13765587938364,7.67371724174501,0,0,0.187046469233506,0.503254825714336,2.58746249396522,0.936479232293923,32
13,8.01071747543912,0.267144534696656,1.85589447352192,7.67371724174501,0,0,0.662463651914541,-0.238956895835339,2.00333500792166,1.91613311638906,33
13,8.41917237272998,1.09374474932657,-0.369510755497185,7.67371724174501,0,0,0.859047403592528,0.846493579876568,-0.317318254643161,-1.05727656007186,34
13,8.52753795772551,1.2986324693061,-1.25732978010417,7.67371724174501,0,0,1.14484597445392,1.44533054904489,-0.951483087539505,-1.46458739997947,35
13,8.93599285501637,1.18658839874322,-1.20486375998627,8.56614081145694,0,0,1.33477379480364,0.189730778706062,-1.3745370426098,-2.2633730370986,36
13,9.13605239654659,0.813188454242198,-0.15920644658313,8.56614081145694,0,0,0.944770274342493,1.07609292354521,-0.300824569988652,-1.64930252066487,37
13,9.43197380172671,0.509239023443392,-0.689751062130825,8.56614081145694,0,0,0.703700214206289,1.01656019479432,-0.92669004569185,-0.920889421713036,38
13,9.66954450729384,-0.0209329468422004,-0.0406920591346355,8.56614081145694,0,0,0.146335390652853,0.214390719436859,-0.526725442141527,0.919008894462845,39
13,9.97796963381959,0.702707054500142,0.0312482199173765,9.95739112694998,0,0,0.966175892551348,0.403628834853318,-0.40180999627062,-0.851217313388325,40
13,10.123846382852,0.296873149906665,0.875498183353728,9.95739112694998,0,0,0.778688843230572,0.960092398923658,0.232991967349497,-0.569024537219721,41
13,10.3655849955344,0.0360964086673933,0.0249153716806428,9.95739112694998,0,0,0.323125582481237,-0.164353131013767,-0.477353122596769,-0.412959025411603,42
13,10.6406668651384,0.620177857162116,-0.351328929624327,9.95739112694998,0,0,0.751972551568081,1.88394674029579,-0.383502451513548,-1.76297559812497,43
13,10.8157189639774,0.477409271173635,-1.16402852756194,9.95739112694998,0,0,0.627503907599763,0.000983402219122131,-0.55012040546441,-0.288045727628608,44
13,11.0949687406966,2.45887886950953,-1.87769931301137,11.0390871432664,0,0,2.2493009571814,0.714912526567625,-1.26508713270931,-3.19513321057914,45
13,11.4409050312593,0.39391732153993,-1.41151445177775,11.0390871432664,0,0,0.243208093250312,0.83750828082418,-1.85144130017934,-1.50874768503026,46
13,11.6951473652873,0.662049345810909,-1.65300924790284,11.0390871432664,0,0,0.751247582454007,1.42095685486874,-1.60711190211744,-2.60546939015101,47
13,11.8576957427806,0.303998763952604,-2.16980149694805,11.0390871432664,0,0,0.198120314382472,0.00992828642479637,-2.03561178203144,-3.54918235323864,48
13,12.1452813337303,-0.0823649468515626,-0.893945250850054,11.0390871432664,0,0,-0.0395409774958891,-0.460180125161185,-0.777369712459582,-1.51240321636731,49
13,12.3995236677583,1.17105745588619,-2.08305505996872,12.2406156912249,0,0,1.00036974864935,0.0803676228619354,-1.88038662189054,-1.36538148961369,50
13,12.628758559095,0.501066386700821,-1.1026978233036,12.2406156912249,0,0,0.585559295703989,-0.665088738214685,-0.810647733113962,-1.64359565098589,51
13,12.7954748437035,0.603213462451517,-0.865206270833367,12.2406156912249,0,0,0.996087614111649,0.683062641431056,-0.645499951755084,-2.55518902096662,52
13,13.1164036915749,2.52193345075176,-2.39045775437701,12.9269467815542,0,0,2.15474068393924,2.08917992303043,-2.18421937327143,-3.9813812904197,53
13,13.4373325394463,-0.406598631449584,-0.824885342931206,12.9269467815542,0,0,-0.0894865026917124,1.74797938218115,-1.0430599517597,-1.91101091211059,54
13,13.6290562667461,0.247849915270026,0.196967636947835,12.9269467815542,0,0,0.72885349501681,-0.206944800989665,0.189483744720989,-0.364375803434447,55
13,13.9499851146174,2.40812086325523,-0.991166784907482,13.883216501202,0,0,2.0023164042068,1.90026456716597,-1.1261076843292,-0.70871908653051,56
14,0,-0.676506660580767,0.292613951812288,-Inf,0,0,-0.365632927560207,0.720497000471964,-0.635552226022887,1.23319266538291,0
14,0.0500148853825543,-1.06582719410432,0.617666506810811,-Inf,0,0,-0.838305462051215,-0.428312087320221,-0.169437052745486,1.13135210293203,1
14,0.462637689788628,0.836132552963979,-0.603272044782922,0.312880539579783,0,0,0.912906630433294,1.1106722544836,-1.10935370551296,0.554026934397459,2
14,0.629353974397142,-0.460879649476992,-0.952121870753321,0.312880539579783,0,0,-0.143550456665042,-0.315338805107414,-1.96683883196778,-0.0541074321658606,3
14,0.896100029770765,-0.918362928833687,1.28986148160716,0.312880539579783,0,0,-0.230604939748252,-0.472003969187066,0.578813990315153,1.6740675257212,4
14,1.18785352783567,2.62764192556738,-1.42787792563888,1.16904893719878,0,0,2.85341365623649,1.49290612714431,-2.25266509445363,-0.497863018030544,5
14,1.43376004763322,0.570225143380223,0.727350818808492,1.16904893719878,0,0,0.783482418386875,1.6567376620065,-0.50744135322546,0.286717199798308,6
14,1.67549866031557,-0.632245349935346,0.986391958260035,1.16904893719878,0,0,-0.514548559898275,-0.623316749219386,0.316433205651773,1.63797500664424,7
14,1.95474843703483,0.519509027164753,-0.865032858292908,1.16904893719878,0,0,0.481485937647501,-0.510584334372761,-1.94252282757227,0.908985271062021,8
14,2.15897588568026,0.898524106756111,-0.401213808575961,1.16904893719878,0,0,1.03343942160647,1.57886894079203,-1.17266425943491,1.12878924589566,9
14,2.35903542721048,3.59178766555176,-2.33051286064225,2.35008887650553,0,0,3.51323239772153,1.20101601881681,-3.21062866747062,-0.972038960118786,10
14,2.71330753200357,2.33471134651723,-1.48118741455828,2.35008887650553,0,0,2.47392165862537,1.6842889967702,-2.29533511420399,-1.47582255694293,11
14,2.87168800238166,1.48652868977596,-1.62869336262665,2.35008887650553,0,0,2.09288683127964,1.10887409544228,-2.94930205678076,1.25685552605724,12
14,3.00922893718369,2.17269848375591,-2.06982684939997,2.35008887650553,0,0,2.61509902245821,0.601875410328793,-2.9934195820278,-0.385403577313856,13
14,3.39684429889848,1.96907966882752,0.0410767311591829,2.35008887650553,0,0,2.06999934383008,0.909329848605507,-0.877111404380107,1.02898825600264,14
14,3.67609407561774,1.64608416778837,-0.476227350785021,3.53004980985469,0,0,1.85405706902716,1.35372026858851,-1.25428693767592,-0.163742831264903,15
14,3.83030663888062,1.60454169096712,-0.88301621900881,3.53004980985469,0,0,1.71787191911417,0.420042508637925,-2.22281397155626,-1.17240398220422,16
14,4.04703780887169,1.63921801042851,-0.60160402650456,3.53004980985469,0,0,1.84621582121256,0.193149056900423,-1.7082211272805,0.770403106545344,17
14,4.3429592140518,1.87700903902558,-1.26968410906553,3.53004980985469,0,0,2.01154747893826,1.58124932334176,-1.80375673733434,1.29470251602909,18
14,4.50133968442989,1.47891403567118,-2.0655567609328,3.53004980985469,0,0,1.53751775725156,0.991408247269222,-2.87641170721817,0.0926161612441098,19
14,4.96397737421852,1.05462993139455,-0.659924614975372,4.71660106297797,0,0,1.11069651128241,0.665064901212289,-1.75091071056174,-0.100892500715353,20
14,5.14319738017267,0.148279686322362,0.0673125123371249,4.71660106297797,0,0,0.539401929879014,0.154727898959678,-1.04332374225516,0.794896040765049,21
14,5.33492110747246,0.212409736817397,-0.158740055049277,4.71660106297797,0,0,0.467922015829281,-0.592655315361185,-1.11706967269851,1.28193575199154,22
14,5.61000297707651,2.45948392506954,-1.19571217344569,5.52163943896572,0,0,2.31653188056787,1.76952807876181,-2.44640908931845,0.348998598271669,23
14,5.97677880321524,0.49555847662373,0.180997827068707,5.52163943896572,0,0,0.8791896030174,0.952236043273028,-0.746971494038261,-0.189311831188575,24
14,6.0934802024412,-0.678976827248013,1.60051144160401,5.52163943896572,0,0,-0.309561692430481,-0.711012882070715,0.847312124006257,2.77770256926553,25
14,6.33938672223876,0.258056263528766,0.017067162339151,6.25550793489764,0,0,0.36160386440672,0.487782850587922,-1.15413017374645,0.936650745678718,26
14,6.62697231318845,-0.392888109716618,0.636777180884093,6.25550793489764,0,0,0.0182667125781391,-0.241981223310835,-0.585927883179591,-0.0700261302710279,27
14,6.88121464721643,-0.552264086414629,0.301647662052694,6.25550793489764,0,0,0.00795184847229388,-0.836947157865601,-0.531540833488158,0.773450259447671,28
14,7.12295325989878,1.31089548609619,0.837630479201813,6.25550793489764,0,0,1.60890474690046,1.71355429907106,-0.381448266093776,1.43818108109473,29
14,7.36469187258113,2.0134609356,-0.156478428190231,7.31182689907638,0,0,2.38821130229078,2.17342814129167,-1.42635070475165,1.293442418947,30
14,7.71479607025901,-0.773712056309094,1.09251261434718,7.31182689907638,0,0,-0.569565577967194,-0.662364735277566,0.0178960209179922,1.84310092623275,31
14,7.78565049121762,-0.781450602216857,0.39317212813005,7.31182689907638,0,0,-0.491799164989713,-0.858275099061551,-1.06507083804523,1.35807397824186,32
14,8.23995236677583,-0.533681725429958,-0.327014290883526,7.31182689907638,0,0,-0.378349591780889,-0.104121285116241,-1.39336301461159,-0.22266239037887,33
14,8.31914260196487,0.150046179870996,-0.25437079616065,7.31182689907638,0,0,0.069338876909062,-0.77111349878449,-1.93395185048351,-0.0438094943794578,34
14,8.68175052098839,2.29589881809415,-1.05792116745644,8.65079013019299,0,0,2.02050995230637,1.2870284580364,-1.63784034446278,0.546236626529095,35
14,8.86097052694254,0.807526984362544,-0.660701681386669,8.65079013019299,0,0,1.23414999936938,1.10333060676596,-1.52246832357199,0.616465237786771,36
14,9.05686216135755,-0.290290416023525,-1.09639659505681,8.65079013019299,0,0,-0.012100059659689,-0.742081596516564,-2.41269134264537,-0.673460256518819,37
14,9.47782077999405,-0.118480648110724,-0.246426331092822,8.65079013019299,0,0,0.170359276751866,-0.18120474100919,-1.59750127329674,1.14765208439074,38
14,9.59035427210479,0.199256000229131,0.0855732861845433,8.65079013019299,0,0,0.400730934516733,-0.0906660441572839,-1.36052543622492,1.26816201640736,39
14,9.82792497767193,2.20974489600313,-0.937417618546863,9.79934638031543,0,0,2.26911326267866,1.09468616581791,-1.49644495597413,0.457283537881329,40
14,10.161357546889,1.53603384862764,-0.726249256007424,9.79934638031543,0,0,1.80198796954826,1.38017090145198,-1.6438033956141,0.709761013741742,41
14,10.3489133670735,-0.77217374587549,-0.372256136878617,9.79934638031543,0,0,-0.0372419123506486,-0.733142794826947,-1.15583566416506,1.4027542441872,42
14,10.7115212860971,0.638258863554703,0.750500479116839,10.4245466595104,0,0,0.999989525639302,-0.379558627170184,-0.527404556148275,0.963161239302369,43
14,10.9574278058946,0.487917259704823,1.17628151367646,10.4245466595104,0,0,0.497245085784819,1.42639266115189,0.403411438143542,2.42654009470808,44
14,11.2033343256922,-0.040067799920765,0.719630616635575,10.4245466595104,0,0,0.255293360075834,-0.483443313795555,-0.19549347607552,2.26164366046622,45
14,11.4242334027985,-0.584672733572326,0.306001174939321,10.4245466595104,0,0,-0.448957620553519,0.486074785233701,-0.99175213127638,0.551390475652955,46
14,11.5367668949092,-0.697385421249412,0.796353155136635,10.4245466595104,0,0,-0.0664282371522536,-0.524468391386912,-0.983145409515321,1.12691903839781,47
14,11.9202143495088,-1.20698884734729,0.342649612081359,10.4245466595104,0,0,-1.01736471067901,-1.62791739440052,-0.895216429374441,0.937890048112825,48
14,12.178624590652,-0.803169575969942,1.14567947037527,10.4245466595104,0,0,-0.586796499774933,-0.299678143538477,0.17933630647483,1.84928806805429,49
14,12.4703780887169,0.254351160372887,1.00063817387332,12.1854584839464,0,0,0.599302047877147,0.293197816673455,0.051886313166226,2.12693127986634,50
14,12.6079190235189,-0.688891816572011,1.7358296702649,12.1854584839464,0,0,-0.171419178070934,-0.100152627536513,0.401098095940402,1.5861344679597,51
14,12.8871688002382,-0.542172533864465,1.10162049443464,12.6556039184815,0,0,-0.0332182137246227,-1.31662246521481,0.236074718926442,2.51081875837435,52
14,13.0330455492706,-1.04230134161847,1.52591619943509,12.6556039184815,0,0,-0.492025253488895,-0.792952487578344,0.652441488153178,1.96889488615215,53
14,13.3664781184876,0.875371584312929,1.37291779565383,12.6556039184815,0,0,0.655740403060414,0.824533647071215,0.224100588142329,1.86923019979154,54
14,13.7290860375112,2.29598233308101,-1.23644671752382,13.6498309286428,0,0,2.35249693332914,0.967805580562464,-2.63254755852993,0.623484856277769,55
14,13.9541530217327,1.50883401833913,-1.36264070581654,13.6498309286428,0,0,1.39975119710232,0.36227732291325,-2.26202107794119,0.449049057056714,56
15,0,-1.28980448554024,-0.525077114695163,-Inf,0,0,-0.273746660126937,-0.846250532260588,0.28154212196123,-1.06729655660244,0
15,0.108365584995534,0.580185334822491,-0.89624182872137,0.0231805777642876,0,0,1.58811186077293,0.213563652667784,-0.770834989177696,-1.80485628457318,1
15,0.345936290562668,0.25215463247555,1.00722772200787,0.0231805777642876,0,0,1.00437678109746,-0.400118323277387,1.39332286033702,-1.89437718930901,2
15,0.666865138434058,-1.37933536456121,-0.171107902373621,0.0231805777642876,0,0,-0.573400865296751,-0.680891379832564,0.0266114651133163,-0.496631970828169,3
15,0.783566537660018,-0.502975125237139,0.799366391806193,0.0231805777642876,0,0,0.176136340625386,-1.30920059675984,1.13898351785324,-0.211279083525607,4
15,1.19618934206609,0.239555450146798,0.13981158891126,0.841341034600583,0,0,1.11064631618901,-0.568559595756997,0.611017982096323,-0.970830493029409,5
15,1.4587674903245,-0.403944794901084,0.676151934529219,0.841341034600583,0,0,0.194525821908639,0.207146676992898,1.25132807338902,-0.222223006825718,6
15,1.65465912473951,-0.0449460941939605,-0.761105601328923,0.841341034600583,0,0,0.463910897997806,-0.510554302979832,-0.447447707746533,-2.32852618203102,7
15,1.9130693658827,1.69119289760332,-1.71971528814035,1.76170534367781,0,0,2.30336724889906,0.969939382354748,-1.05224315291215,-2.12136929750039,8
15,2.03810657933909,1.9823336870103,-0.891159993032214,1.76170534367781,0,0,2.69022913677881,-0.0569377129369228,-1.06465614133711,-1.97212633424426,9
15,2.4965763620125,0.941503092127173,-1.36402366480137,1.76170534367781,0,0,1.29420616391821,-0.225588336840843,-1.27282110582259,-3.1882782067429,10
15,2.51741589758857,0.869260596473081,-1.39646682036236,1.76170534367781,0,0,1.49023873952842,0.48415980447695,-0.991696903981953,-1.79211334201621,11
15,2.91336707353379,-0.788913535753058,-0.235813214284141,1.76170534367781,0,0,-0.0335096231329123,-0.937850608044144,0.456823324467947,-1.32870583211578,12
15,3.06757963679667,-0.201265866621492,0.492815954354731,1.76170534367781,0,0,0.365779269621592,-0.137290836329232,0.301564000079962,-0.0959099577375022,13
15,3.43852337005061,1.84990062043853,-1.68265347934816,3.32887435058992,0,0,2.24166662038333,-0.40245303704042,-0.949541925244533,-2.19150902126425,14
15,3.6302470973504,0.821173306381129,-1.68951069324292,3.32887435058992,0,0,1.45330074636891,-1.13456292576825,-1.35122866980507,-2.21441704128315,15
15,3.88032152426317,-1.08010311017174,-0.187351705930257,3.32887435058992,0,0,-0.111443370177215,-0.438045452687308,0.178186365892001,-1.59525795170336,16
15,4.17207502232807,-1.16389415730951,0.567603606346724,3.32887435058992,0,0,-0.366036960174511,-1.15918792979618,0.938707469044529,-1.04839086368784,17
15,4.36796665674308,-1.16325022049294,0.476207725835808,3.32887435058992,0,0,-0.545274977212406,-0.887395227272108,0.5714387038817,-1.28734397410608,18
15,4.56385829115808,-1.04364796577592,0.140733956545152,3.32887435058992,0,0,-0.336726559371867,-1.40563552890365,0.866741977631128,-0.333537184364545,19
15,4.77225364691873,0.738537089941746,0.58516702229767,4.6561126740112,0,0,1.1510255134852,-1.01524619089916,0.757960128672701,0.403498859369402,20
15,5.19321226555522,1.61676154896058,0.529352811972566,5.18964098262636,0,0,2.38947078742138,0.592459755696855,0.761813757980892,-0.359964667539391,21
15,5.28907412920512,1.02241414359181,-0.655187852513408,5.18964098262636,0,0,1.94112144265164,-0.276991190191821,-0.221217777182387,-0.0906546541888609,22
15,5.65168204822864,-2.0135114821909,2.79146618492761,5.18964098262636,0,0,-1.04356522708019,-0.20787425723,2.85023627859357,1.85526976907561,23
15,5.82673414706758,-1.94787450373685,2.12730335428105,5.18964098262636,0,0,-0.891340525980461,-1.76308683231542,2.23925588816532,0.728263323146852,24
15,6.18100625186067,-1.94848504712957,1.67894567461373,5.18964098262636,0,0,-1.24057614934882,-0.344168846969507,2.20629011404919,0.680941655852995,25
15,6.31437927954748,-0.816647028614447,1.87864888233763,5.18964098262636,0,0,-0.0302752069286341,-0.502717985268677,2.09298922355523,-0.0563922750721691,26
15,6.55194998511462,-0.835813538909663,1.97242391304097,5.18964098262636,0,0,-0.0960387639311344,-0.872422653280987,2.07061192640435,-0.771974207306052,27
15,6.76868115510569,1.64628209512673,0.751183228082889,6.61881281173645,0,0,2.090221500839,0.00905604135465621,0.626417978839255,-0.742197792064375,28
15,7.16463233105091,-0.181920884501594,0.247905457974691,6.61881281173645,0,0,0.718872442775715,-2.01847253708127,0.422665778980763,-1.98257428113767,29
15,7.4855611789223,-0.82851121569777,-0.429585648919043,6.61881281173645,0,0,0.100785750753199,-2.05105865892274,-0.521673499979175,-1.73675593555948,30
15,7.50223280738315,-0.751148240489101,-0.564151829937549,6.61881281173645,0,0,-0.204842630478547,-0.061428622133344,-0.433561719180889,-0.948162055124824,31
15,7.85233700506103,1.06598897760653,0.226539997928684,7.60923855724888,0,0,1.90027666670701,-0.0432469871453395,0.645478048180436,-0.85033135927837,32
15,8.04822863947603,-0.541507591389598,0.666009550513536,7.60923855724888,0,0,0.242379263828175,0.0945406006552697,1.27604459795673,-0.250108156163926,33
15,8.27746353081274,-0.696615560905501,1.55851457403856,7.60923855724888,0,0,-0.0715571338237283,0.199748720397341,1.90066353901819,0.477559126282877,34
15,8.57338493599286,-0.701028688426435,1.57288439430565,7.60923855724888,0,0,-0.189945866002391,-0.305302403166863,1.56817168270465,-0.548550811097546,35
15,8.83596308425127,1.02584079952092,-0.348533403438095,8.76327898729091,0,0,1.38512141043781,0.355249536367886,-0.0299515213734352,-1.50947540727665,36
15,9.22774635308127,-1.22440854081919,1.01285586945735,8.76327898729091,0,0,-0.445253010428038,-1.28385767768682,1.78402139840036,-0.150697543013626,37
15,9.27776123846383,-1.45722810962879,1.2743707260108,8.76327898729091,0,0,-0.485771758633492,-1.51020276832591,1.42137236254003,-0.626908397407654,38
15,9.66954450729384,0.482297157305295,0.930421245070225,9.30194579670922,0,0,1.11520552729577,-0.570825703440729,1.02805104446693,-0.785557096250509,39
15,9.7862459065198,1.29642744983919,0.326582501746223,9.30194579670922,0,0,1.66030708237835,-0.940919274102595,0.587347871769355,-1.03085092485888,40
15,10.1655254540042,-0.194668463094562,0.230369791541527,9.30194579670922,0,0,0.36224716277171,-0.479373320458362,0.503209123434273,-1.13703678802494,41
15,10.3697529026496,0.0632850998492092,-0.233450298310144,9.30194579670922,0,0,0.889414093794809,-0.778971873440751,0.364941021882808,-1.16812557848631,42
15,10.553140815719,-0.457933628387161,0.391668151059984,9.30194579670922,0,0,0.0723081713919902,-0.910501875219591,0.478279092468423,-0.820448546663291,43
15,10.8990771062816,1.22615133723044,-0.416217467920043,10.8627484193824,0,0,1.98171263350175,0.0706746923839915,0.246825277303888,-1.20098119540754,44
15,11.0366180410837,-0.775046365554509,0.829825414313057,10.8627484193824,0,0,-0.122962457285769,-0.983499386756549,1.50111091431007,-0.713474517625304,45
15,11.3492110747246,0.31749340238083,1.07283405386862,10.8627484193824,0,0,0.867172227480841,-0.626022666113311,1.77842551408654,-0.128136904503207,46
15,11.6451324799047,2.04037017494428,0.906837702498137,11.6141121428729,0,0,2.52207424582454,0.870994794642846,1.24958914370477,-0.924438190962296,47
15,11.9077106281631,0.344284804155335,-0.330093463083687,11.6141121428729,0,0,1.21629502730773,0.108982747804524,0.264663464685742,-1.31854332026838,48
15,12.0452515629652,-0.0672656238449465,0.800842493010083,11.6141121428729,0,0,0.4863587768353,-1.19288735829401,0.789412521203492,0.542139177566335,49
15,12.2828222685323,-0.644450079626399,1.45997736927302,11.6141121428729,0,0,-0.282335731093903,-1.39712296352379,2.1180331014912,1.13521036814222,50
15,12.6662697231319,-0.320790911556319,0.283393809599872,11.6141121428729,0,0,0.107827039164849,-0.923266271004941,0.400371630945567,-0.1390225418532,51
15,12.9330157785055,0.0103549088174574,0.331487797021993,11.6141121428729,0,0,0.697022330144879,-1.07020230632586,1.10803577709183,-0.661045634031844,52
15,13.1122357844597,-1.16752377678192,0.936528591856709,11.6141121428729,0,0,-0.47281756982831,-1.716545906156,1.14340486642434,0.700929531445829,53
15,13.3039595117595,-1.29309184960643,0.97570841366532,11.6141121428729,0,0,-0.980399436449557,-1.55537798073613,1.25611746829612,-0.622435327393754,54
15,13.6790711521286,-1.37179037690793,-0.223985616224743,13.3498139656632,0,0,-0.635691642061109,-0.345943289337992,0.148935040548869,-1.17680407857104,55
15,13.8999702292349,0.381960653926368,-0.0386678079611246,13.8813846443314,0,0,0.907677185381919,-0.426417251842035,0.388441891341222,-1.59404437708089,56
16,0,0.0107864751385813,0.0146633096624846,-Inf,0,0,-0.00604691453765495,0.0275674388463018,-1.38697521015707,1.3226444703708,0
16,0.0208395355760643,0.281620901020394,0.0604330641086671,-Inf,0,0,0.375339531669284,0.757761113169087,-1.52825122268622,0.993053966208585,1
16,0.387615361714796,1.84778186836366,-1.8603891673137,0.27935292783659,0,0,1.91776125175149,0.0887781917931555,-3.99142326726463,0.812909250739724,2
16,0.741887466507889,0.607622231614094,-2.02025319831704,0.27935292783659,0,0,0.906502266078856,0.891782331323522,-3.86751787601139,0.606141958107218,3
16,0.958618636498958,1.17167845095018,-1.2139625016412,0.27935292783659,0,0,0.768114852390445,0.313661672807886,-3.26009164902835,1.73838803912734,4
16,1.14200654956832,2.57964498724318,-1.590620947351,1.09060306018039,0,0,2.53764616378079,1.13116170746677,-3.22488013909688,-0.975456923994821,5
16,1.32539446263769,2.1176201982536,-2.18525042670253,1.09060306018039,0,0,1.96928323591305,0.941704413046532,-3.77870519588686,-0.508299958628665,6
16,1.52545400416791,1.08464257914132,-0.991127334241338,1.09060306018039,0,0,1.25112516918032,-0.478362549931564,-2.73102059979766,1.52292833005506,7
16,1.79636796665674,-0.286485254411626,-0.97010664683126,1.09060306018039,0,0,-0.254652169659183,0.347954926334333,-3.09310204575166,2.13081180232145,8
16,2.09228937183686,2.40708005218321,-1.37990969064287,2.08328010462798,0,0,2.03468475613422,0.374623877087876,-3.49040381500748,0.160208885648179,9
16,2.3006847275975,1.36846828523592,-0.824040002575589,2.08328010462798,0,0,1.76363437076914,0.0546189839022873,-2.69939235837988,0.758441859727663,10
16,2.61327776123846,0.0880146867169023,-0.24222479665097,2.08328010462798,0,0,-0.0937151333025957,0.363981951147431,-2.07220619874163,0.927740868884713,11
16,2.81333730276868,-1.10199590049192,0.398151456362353,2.08328010462798,0,0,-0.976974304842401,-0.469772023377952,-1.70584565573775,2.52248995032182,12
16,3.18428103602263,-1.07452416848365,1.16303609636439,2.08328010462798,0,0,-1.14815128036081,-0.654064165867482,-1.00123547571676,2.69955396121271,13
16,3.29264662101816,-1.43267937833654,0.968310091348708,2.08328010462798,0,0,-1.34275451013221,0.0365578599768356,-1.06576112716655,1.71248122556326,14
16,3.73027686811551,-0.85331100964922,-0.441395890671881,3.34914297242112,0,0,-0.878249364306603,-0.618641494236673,-2.08775744789472,0.49622593427848,15
16,3.98868710925871,-1.44530102374591,0.519652635255666,3.34914297242112,0,0,-1.5863531642795,-1.63494592740184,-1.01814489903649,1.89363737098883,16
16,4.06370943733254,-1.40411182722395,0.944258695428576,3.34914297242112,0,0,-1.81866545216965,-0.802229690494148,-1.145922693451,2.56229111199504,17
16,4.41381363501042,0.869608626711514,-0.420696348657757,4.17499075449752,0,0,0.603146276960396,0.0323342714304705,-2.61570992151868,0.547517848604359,18
16,4.56385829115808,-0.270393364312883,-1.02787361149075,4.17499075449752,0,0,-0.116249948634745,0.638424933915952,-3.17286069871042,0.581713522830654,19
16,4.89729086037511,0.129757421136965,-0.965710527982677,4.17499075449752,0,0,-0.041703844714807,-0.783655620403831,-2.51171279514476,0.464998679108568,20
16,5.05150342363799,0.556741040877088,-0.23671758930832,4.17499075449752,0,0,0.612220227938103,0.7871180361949,-2.22661286232522,1.85756816650445,21
16,5.34325692170289,0.314223827948987,-1.61873877084455,4.17499075449752,0,0,0.0316983601671334,0.915637831515422,-3.56807988523365,0.679209389259923,22
16,5.71420065495683,1.07398438515903,-1.47288907852544,5.39966364923435,0,0,0.874229083791632,0.0564222368532764,-3.09162435352001,0.199778256917413,23
16,5.7683834474546,1.36706607494273,-0.863679728686325,5.39966364923435,0,0,1.50165971050501,0.883000960040523,-2.93352263481466,0.952296216138173,24
16,6.0934802024412,2.11002312429119,0.0341725944470097,6.07424353993355,0,0,2.01708559294162,0.713508739136215,-1.71308273585331,2.53543177628987,25
16,6.32271509377791,0.462020586971522,1.29518306390198,6.07424353993355,0,0,0.389403360214977,0.761500907370723,-0.608429884023031,3.48841799660968,26
16,6.65614766299494,-0.250603297473782,0.953166014123901,6.07424353993355,0,0,-0.240134401715113,-0.0140507763649729,-0.988443405208252,1.89301572594752,27
16,6.92706162548378,0.316797102900759,0.43134540601788,6.07424353993355,0,0,0.24061534591986,-0.13929472006785,-1.70228166830603,2.1595883330665,28
16,7.18547186662697,2.26025203487044,-1.07751260390873,7.11581397739848,0,0,2.16535420513884,1.71692883765688,-2.76311880481303,1.17962465824251,29
16,7.2604941947008,1.4268000938261,-1.00246952946272,7.11581397739848,0,0,1.04146045848791,1.53267559245163,-3.46347481425968,0.501571277508187,30
16,7.62310211372432,1.35066605024797,-1.70758992329376,7.11581397739848,0,0,1.2564977402799,0.497116198778132,-3.72177895674242,0.539209385403067,31
16,7.81482584102411,1.40794208511372,-0.969136388839385,7.11581397739848,0,0,1.12409960742038,0.256818408186097,-2.60286722008834,1.33715618098522,32
16,8.20660910985412,1.37760724804697,-2.53243088393175,7.11581397739848,0,0,1.20662034959056,-0.354268499599079,-4.20300096372818,-0.870045791793073,33
16,8.38582911580828,3.0920787409284,-3.39232173369723,8.28195639851933,0,0,2.5006556742928,0.45033072036117,-5.02473408038953,-1.75570641773581,34
16,8.53587377195594,2.03727124026692,-2.92900377937514,8.28195639851933,0,0,1.63141347612215,0.0339193477214662,-4.63211446795818,-0.749263689696887,35
16,8.79011610598393,-0.120173327290566,-0.592149754898948,8.28195639851933,0,0,-0.00159878103804931,0.793889893830759,-2.88282335152555,-0.928507909166717,36
16,9.03602262578148,0.981063097216143,0.534676268863824,8.28195639851933,0,0,0.870719467587872,0.233421398211358,-0.958230452941117,2.4119557927311,37
16,9.34861565942245,1.23698687472458,-1.10218260997879,8.28195639851933,0,0,0.862268892541838,-0.319804620329893,-3.41480408585746,-1.36892006295787,38
16,9.52366775826139,0.959581639012122,-0.824957719190832,8.28195639851933,0,0,1.05987715311166,0.421199660590069,-2.48990531607693,1.30389285223769,39
16,9.99047335516523,0.655889593965831,-0.40214492998075,8.28195639851933,0,0,0.706865942221957,-0.735847085700881,-2.15743353501286,0.706980955680065,40
16,10.0113128907413,0.615392419132318,-0.0365369733927265,8.28195639851933,0,0,0.414029701614457,0.320679744030264,-1.72448841743364,2.14608358850469,41
16,10.2738910389997,0.9378556784603,-1.19263812901069,10.0784065133964,0,0,0.543299760035425,1.11652372714279,-3.27451143777923,1.16028440930345,42
16,10.6531705864841,0.105790434216036,-0.321023483776707,10.0784065133964,0,0,-0.338612558663796,0.328688417557881,-2.29459240149292,2.35177216030055,43
16,10.7740398928252,0.746392991853148,-0.54359133373332,10.0784065133964,0,0,0.871106451971587,0.928839607103927,-2.508990189413,1.31959803435946,44
16,11.2325096754987,1.38181787030034,-0.211399541748389,10.9186211186981,0,0,1.00731093748305,0.503641722811081,-2.02019529597253,0.90987759040878,45
16,11.3158678178029,0.191775259476025,-0.431898986388654,10.9186211186981,0,0,0.149594093964702,0.342558446248701,-1.88230285236474,1.93269661187301,46
16,11.6618041083656,1.72571566361413,-0.329254232201169,11.6329871676898,0,0,1.38908729557262,1.06014179005432,-2.02622110598116,0.96550508361184,47
16,11.9994045846978,0.241042788777528,0.557231287241505,11.6329871676898,0,0,0.0997898654099896,-0.347209275708683,-1.33134902910164,2.43141215524148,48
16,12.1827924977672,-0.916518424208501,1.6048139064932,11.6329871676898,0,0,-0.825191095934258,-1.50065204484937,-0.281211058539856,3.89959797955543,49
16,12.3620125037213,-0.964320937763242,1.03539459789733,11.6329871676898,0,0,-1.08229489899928,-0.52079039955522,-1.42078806151565,4.47358723799949,50
16,12.628758559095,-0.0919640381974021,0.756927993170136,11.6329871676898,0,0,-0.276405310648655,0.10269460161564,-0.999536578544748,2.48345980643453,51
16,12.9455194998511,-0.154375910253226,-0.27723481090418,11.6329871676898,0,0,-0.278430013358231,0.040980759915511,-2.29392097998487,2.02754240911412,52
16,13.0497171777315,-0.318795009204664,1.6296967885359,11.6329871676898,0,0,-0.164350943020979,-0.290344470908726,-0.638910898726576,3.55013570687718,53
16,13.2831199761834,1.05490268110119,0.411589832679989,13.0666528829391,0,0,0.871882903326264,-0.125785906670109,-1.47288636481258,1.91540393830327,54
16,13.5373623102114,2.19566008394379,-0.0439427956826536,13.0666528829391,0,0,2.09132852878683,1.73507696466716,-1.83118197507441,1.6406034172885,55
16,13.920809764811,3.5451067512013,-1.04305394706897,13.8284032857628,0,0,3.03338224667747,1.93854847767949,-3.30553707868421,1.20662999116056,56
17,0,-0.864579264360293,2.41256439066856,-Inf,0,0,-0.394542741520195,-2.34386002043422,1.82904642676614,3.31705414950454,0
17,0.108365584995534,-0.66479443611422,3.03100600179607,-Inf,0,0,-0.718981961471938,-0.687734917432531,1.84909980685115,2.3296520364668,1
17,0.250074426912772,1.5473399037815,0.202267848777383,0.228383030730765,0,0,1.37036948906319,0.714177717457565,-0.349978656585738,1.25907955080471,2
17,0.637689788627568,0.681528601398277,0.273320336793547,0.228383030730765,0,0,0.571519690765636,-0.330206879185552,-0.69984228243224,1.4706326778399,3
17,0.933611193807681,2.33066292912282,-1.299411924696,0.888656792927605,0,0,2.35697373333479,0.567099842852655,-1.92570109672785,0.542965607780237,4
17,1.1670139922596,1.22592765573673,-2.07607854130805,0.888656792927605,0,0,1.39950142153333,-1.06412068795905,-2.68993939286483,0.502893836047343,5
17,1.37540934802024,0.263786198877924,-1.0292275314881,0.888656792927605,0,0,0.769774788574718,-1.57423130937479,-2.23040047245683,0.953297426589627,6
17,1.54212563262876,0.557986214375259,-0.392890248102925,0.888656792927605,0,0,0.777873932241206,-0.0636846676226127,-1.28970931886666,-0.0451034965154684,7
17,1.75885680261983,-0.313207489128885,0.263555740102488,0.888656792927605,0,0,0.139108205768018,0.00597520073820201,-0.718215883382678,2.39046562860059,8
17,2.18815123548675,0.992881042293212,-1.75300475959397,1.83069092072188,0,0,1.52815324757858,0.41979981027871,-2.4694246982934,-0.348797361602534,9
17,2.35486752009527,1.23907302631816,-1.10970770473931,1.83069092072188,0,0,1.46675279354819,-1.2301962145203,-2.31774600399278,-0.297978613243463,10
17,2.69663590354272,2.08380060724659,-0.701711167276829,1.83069092072188,0,0,2.39505741930684,0.489099989465287,-1.64139459635662,0.0181737705518589,11
17,2.80083358142304,1.0112007513203,-1.70785577834012,1.83069092072188,0,0,1.53530768970939,0.123409975285247,-2.44918486346685,-0.388563799055994,12
17,3.0800833581423,1.05677309046339,-1.79627571962133,1.83069092072188,0,0,1.33811973782322,-0.903936047598035,-1.57180803948102,0.822419131559609,13
17,3.26763917832688,0.745032859135067,-1.06228157595468,1.83069092072188,0,0,1.19499422422633,-1.04525698397382,-1.74427095734232,-0.300407587627599,14
17,3.58856802619827,2.22101520427075,-2.3484537426649,3.42976684444047,0,0,2.52268381584881,1.01967035321898,-3.26552538893239,-0.0767375822995923,15
17,3.7927954748437,1.20790382288184,-0.273626188157497,3.42976684444047,0,0,1.36675845674439,1.55184451026512,-0.673682432132969,0.847839340248614,16
17,4.00119083060435,0.101304734029874,0.225197156958578,3.42976684444047,0,0,0.0343827363127489,-0.782317079421647,-0.49970010092016,1.50680648111759,17
17,4.25543316463233,1.14820040177694,0.588522331374039,3.42976684444047,0,0,1.46197953435245,0.000781987927409973,0.027958161448142,1.92456870202454,18
17,4.51384340577553,2.01555411800141,-0.710832828443813,4.50938117026101,0,0,1.85554847784531,0.874892715984601,-1.81973012810788,0.668616779064552,19
17,4.8597796963382,-0.58274384762394,0.384379451226033,4.50938117026101,0,0,-0.00899440357994535,-0.971095292231833,-0.252710543704662,1.20056106286069,20
17,5.23489133670735,0.137106966071882,-0.101480780911953,5.02693667273539,0,0,0.242728511541199,-1.14220697971522,-0.695320405938703,2.04789713610628,21
17,5.45995832092885,0.344671978135061,-0.294964494968432,5.02693667273539,0,0,0.460635358971657,1.06595994929231,-0.79294825463399,0.984120466108833,22
17,5.69336111938077,-0.0822093204836248,-0.0938584489258848,5.02693667273539,0,0,0.468473076805196,-0.331715953194254,-0.946956370964343,1.94685788394425,23
17,5.8975885680262,0.0202125006233457,-0.0214551277798067,5.02693667273539,0,0,0.367453558491966,-0.786262841062757,-0.575182319875999,0.0318409629962075,24
17,6.05180113128907,-0.0246563595401311,-0.403852504772844,5.02693667273539,0,0,0.123082279473316,-0.339236581010942,-1.26350748704482,1.72831363396263,25
17,6.33521881512355,1.85146875419608,-1.73280430246924,6.26547118070392,0,0,1.99515719814834,1.63035788524373,-2.19787000447948,-1.5976184904058,26
17,6.6436439416493,0.929905976472954,-1.07967691363493,6.26547118070392,0,0,0.885179303592493,-1.256390506083,-1.88475761606903,0.374018942374331,27
17,6.96040488240548,1.41236340999011,-0.533408184913188,6.26547118070392,0,0,1.74610447326172,-0.270681537462855,-1.49821208770704,0.985359023621917,28
17,7.13545698124442,1.09682217582146,-0.953141336223305,6.26547118070392,0,0,1.41093991636032,-0.316986668594698,-1.73863668206846,0.0226961971839627,29
17,7.42721047930932,0.996103049752187,-0.973479061972471,6.26547118070392,0,0,1.14433616798812,-0.654450729252961,-1.48061513357658,-0.427881991356349,30
17,7.5522476927657,0.944219791657647,-1.39451792553712,6.26547118070392,0,0,1.46039305627865,0.148755809997129,-2.10703963063771,-0.157983486735053,31
17,7.78565049121762,0.748215394342938,-1.15616750849795,6.26547118070392,0,0,0.877220189018838,-0.779136122273909,-1.93864171108094,-0.745892993478119,32
17,8.16909794581721,1.91754043202332,-1.68888133263036,7.94954033662708,0,0,1.68154616752693,0.263311609188829,-2.79671247777757,-0.997583833847952,33
17,8.48585888657339,3.56088041506556,-2.16384396703879,8.30328500211203,0,0,3.3315371217682,0.791887288143595,-3.4320396534624,-0.652515085030099,34
17,8.64423935695147,3.53080189870883,-2.13777126252825,8.30328500211203,0,0,3.12935230675993,0.512404739903677,-2.86902211870397,-0.924412420838971,35
17,8.85680261982733,3.5146596102382,-2.76605348445255,8.30328500211203,0,0,3.62166248719237,1.66092471993854,-3.56685176421544,-1.57000735571152,36
17,9.08186960404882,2.629948927834,-2.01956328207162,8.30328500211203,0,0,2.75052921680157,1.2324976089286,-2.12776378540176,-0.808475016398779,37
17,9.46948496576362,0.963420394765539,-0.596744329755823,8.30328500211203,0,0,1.2361156710172,-0.199601346066674,-1.32582563000521,1.56333835597795,38
17,9.66954450729384,1.59479675275455,0.403952110696982,8.30328500211203,0,0,1.87004016938768,-1.13042039329356,-0.45478734824519,3.1560356922544,39
17,9.83209288478714,1.84448316266926,0.550272162721109,8.30328500211203,0,0,1.92799226938675,-0.309692252513678,-0.724311059675224,1.99657053405134,40
17,10.0654956832391,3.1761423842864,-2.20673285239906,10.0435574069225,0,0,2.83759445407346,0.54146602935555,-3.17830918992434,-1.63021249497877,41
17,10.3280738314975,2.49065823367952,-1.305991613359,10.0435574069225,0,0,2.55031406707426,0.94810742143231,-2.35105582244107,-0.281738522223791,42
17,10.5197975587973,1.02989683568393,-0.269381282966604,10.0435574069225,0,0,0.994874210387924,0.643461332199699,-1.44506636440798,1.51482955857823,43
17,10.8699017564751,2.34014357553757,-0.981903121039882,10.6019367489785,0,0,2.01843131890765,-0.17136130416932,-1.54668864826684,0.805143540864014,44
17,11.1658231616553,0.265698715144761,0.522413697304557,10.6019367489785,0,0,0.388745965551398,-1.52221400535725,-0.288402049801823,1.40560538684868,45
17,11.2991961893421,0.409676270841695,1.66931527844999,10.6019367489785,0,0,1.01641423697893,-0.189335292616537,1.03944527872897,2.61512615447014,46
17,11.6326287585591,0.6205692246421,-0.490086178901175,10.6019367489785,0,0,0.656463489047528,-0.224142108446111,-1.23044896946622,0.174127764028714,47
17,11.9743971420066,1.76304260361883,-1.15769786680165,11.8521655566561,0,0,2.19396628868484,0.776519649740271,-1.87805545931215,-0.387045023970228,48
17,12.1661208693063,2.71596965446214,0.0332868710851096,11.8521655566561,0,0,2.91239977640299,1.0722123013233,-1.06265453194458,1.16497441963663,49
17,12.316165525454,1.32033282545387,0.638143170341592,11.8521655566561,0,0,1.46750086925253,-0.528534902611152,-0.253382266983922,1.08219843375396,50
17,12.7037808871688,-0.806199672998622,0.669195247039494,11.8521655566561,0,0,-0.55915600808262,-1.05159489633169,-0.118195099159897,0.488828706976098,51
17,12.9455194998511,-1.34640519245294,0.630930389547599,11.8521655566561,0,0,-0.951015334362528,-1.99261136168403,0.384850993673134,1.9627137127503,52
17,13.1164036915749,-2.11185773087551,0.521273290463499,11.8521655566561,0,0,-1.32995957425358,-2.40627145156228,-0.680521929596555,1.5244335656486,53
17,13.2997916046442,-0.213073925279068,0.0667704644095052,13.192902058388,0,0,0.00141759877827302,-2.26962442722163,-0.996755921087592,1.34770411294731,54
17,13.6165525454004,0.256225678754238,0.544936044881412,13.5642728312872,0,0,0.628822914247773,-0.374902254372628,-0.232911746172204,1.36601502260622,55
17,13.8541232509676,-0.25025385640936,0.50297543998681,13.5642728312872,0,0,0.149576629363659,-0.643889281930143,0.278150969309973,1.26017927848107,56
18,0,1.86359248121449,-0.956214899016242,-Inf,0,0,1.20340599100857,0.428389723421643,-1.98820050441627,-0.904909446428547,0
18,0.187555820184579,1.55627916317618,-0.926331210245093,-Inf,0,0,0.646583103980127,-0.127385471607775,-1.62284415183644,-1.23281176554195,1
18,0.341768383447455,3.3643569789275,-2.0240590748344,0.273320679471362,0,0,2.98907705573807,0.477603768450542,-2.32695642990671,-1.95225461535934,2
18,0.712712116701399,3.03742321244792,-1.57666194921396,0.273320679471362,0,0,1.84908139740984,0.252042883848575,-1.68146576640301,-2.64576116837654,3
18,0.904435844001191,1.4359183428416,-1.67382465013192,0.273320679471362,0,0,0.866103757733526,-0.582353145218981,-1.66658531455766,-1.48085429980449,4
18,1.03364096457279,1.34811113072023,-1.9639338993906,0.273320679471362,0,0,0.347668947768667,0.8253439472042,-2.08473729465914,-1.38009972444312,5
18,1.25870794879428,3.42510505186528,-2.24868322870422,1.12684902548611,0,0,2.37719881957892,1.36038404491872,-2.95970072371611,-1.03698983137112,6
18,1.6213158678178,2.04851909838569,-1.83232959162123,1.12684902548611,0,0,1.29209083779335,0.114467918020612,-2.00764870053104,-2.46920756344043,7
18,1.91723727299792,1.30893471850434,-2.16785009965593,1.12684902548611,0,0,0.704671519077976,0.0904465209653849,-2.29621868941591,-2.64212190965972,8
18,2.04644239356951,1.19188705333434,-1.91294873370916,1.12684902548611,0,0,0.496567672351349,0.959533199912068,-1.71575943879553,-1.58268806469002,9
18,2.29651682048229,1.3794968547763,-1.86439206133099,2.23161651861961,0,0,0.808304048160167,-0.0699814828088898,-2.24742309215394,-0.415179678177598,10
18,2.67996427508187,1.59022815564319,-0.74654106121744,2.23161651861961,0,0,0.772989561855808,-1.50337222994721,-0.998166090253222,-2.31456198928128,11
18,2.9800535873772,3.0793469877456,-2.63223584171416,2.89454625436965,0,0,2.25537584694996,0.670997871781697,-2.5209453555889,-1.90764770900545,12
18,3.18011312890741,2.31018680609731,-1.27318267128072,2.89454625436965,0,0,1.76913082906147,0.599719756935577,-1.40131278213826,-0.757933265644907,13
18,3.25930336409646,2.00136218051733,-1.82352344781865,2.89454625436965,0,0,1.04195068108264,0.937390261285942,-2.20518487712804,-2.42219611539525,14
18,3.563560583507,1.13346539663516,-1.36061409312743,2.89454625436965,0,0,0.40505900486266,-1.33721580010152,-1.82752720504075,-1.58969040817675,15
18,3.78029175349806,-0.282409416890873,-1.9516017725971,2.89454625436965,0,0,-0.610942962373871,-1.58314030263553,-2.62844285067675,-2.27729863271162,16
18,4.00535873771956,-1.65320733700327,1.59259692698139,2.89454625436965,0,0,-2.14925472290533,-2.60461331975161,1.72598755065892,3.14212525818561,17
18,4.43048526347127,0.304282834495999,0.33095755355345,4.05708297897811,0,0,-0.190648483357288,-0.252888479243422,0.203444400808844,1.08610547056286,18
18,4.59720154807979,-0.206041742475833,-0.686548897411904,4.05708297897811,0,0,-0.415818893155275,-0.925880555572221,-0.807861554345891,-1.22029282892198,19
18,4.84727597499256,-0.441051763630427,-1.11966460823576,4.05708297897811,0,0,-0.703971872559782,-0.316994576712298,-1.77313706622337,-2.04841174119394,20
18,5.06400714498363,-0.801221609821336,-1.31625038893711,4.05708297897811,0,0,-1.44144766227606,-0.257713731811851,-1.99035233894711,-1.749356564523,21
18,5.43911878535278,1.53719679491341,-1.35985742390829,5.34882294124959,0,0,0.832786302143804,-1.00832096403614,-1.7980819927309,-1.82933127151133,22
18,5.70169693361119,1.07165837041635,0.102121875985409,5.34882294124959,0,0,0.378750009255463,0.522621290335363,-0.106027219174846,-0.110240064077394,23
18,5.79339089014588,0.318845275859698,-0.74691556620893,5.34882294124959,0,0,-0.193485743583894,0.0626979282788349,-1.39693147340878,-1.0395427463988,24
18,6.0267936885978,1.16997563797266,-1.23922933322542,5.34882294124959,0,0,0.458784864692457,0.89339337929641,-1.71845404954339,-1.68428099442085,25
18,6.42691277165823,2.73142786361063,-1.44259304755563,6.24160425142707,0,0,1.91783158771262,0.829901257279226,-1.61082230990558,-1.88460046479704,26
18,6.72700208395356,-0.0954575425285388,-0.2666539663348,6.24160425142707,0,0,-0.695134423969832,-1.68929124180469,-0.857141889108605,-0.608596400445058,27
18,6.7728490622209,0.256899469993607,0.329376579064166,6.24160425142707,0,0,-0.0436592339993038,-0.435567523164514,0.166762738591898,0.383537635750124,28
18,7.15212860970527,1.49864566404809,-0.54165884439752,6.24160425142707,0,0,0.573240729981723,0.104044966565645,-1.02015334971928,0.621036449399505,29
18,7.44388210777017,1.21231437271529,-0.433505055147392,6.24160425142707,0,0,0.0948678413211572,0.46634516476134,-0.822953229055533,-0.41623488200865,30
18,7.65644537064603,-0.0744711964183965,0.0574275765728717,6.24160425142707,0,0,-0.797938514133483,0.809278830642768,-0.165835436089607,0.395795250566795,31
18,7.82732956236975,-0.207035373205122,-0.0947314249910711,6.24160425142707,0,0,-0.761246101907578,-0.589660633520801,0.0552886311429266,-0.897646964069599,32
18,8.01071747543912,2.47680697629457,-0.593408569689749,7.84522703637978,0,0,1.55951781984789,1.4830931595213,-0.22388997229801,-0.422150375836962,33
18,8.29830306638881,1.33628463066089,-2.04579662407146,7.84522703637978,0,0,0.19160009844096,0.321146525238379,-1.78152946950835,-2.93686355084936,34
18,8.5233700506103,2.14723077823738,-0.186468751291496,7.84522703637978,0,0,1.75227932101074,0.970282263494952,-0.712714517276219,-0.0474475366726418,35
18,8.84013099136648,2.98255891369397,-1.95508003714489,8.8034480043078,0,0,1.84598440707066,0.166432215972134,-1.63236689258133,-1.13235348987062,36
18,9.00267936885978,2.11940451869167,-1.52954760542686,8.8034480043078,0,0,1.40179076639585,1.14672981450556,-2.31386302992935,-1.54609907872526,37
18,9.29026495980947,0.318908478113148,-1.1143604354955,8.8034480043078,0,0,-0.626570199627172,0.173978223552559,-1.18766136100785,-0.289194050226623,38
18,9.55701101518309,1.56489698421669,-1.05991623086561,9.46486426192121,0,0,0.622920127118718,0.77227237538336,-1.47011227086368,-1.58568305091331,39
18,9.75707055671331,0.842714481264955,-0.12006054589318,9.46486426192121,0,0,-0.0432670376174702,-0.313619468172222,-0.751885273413733,-0.617715292574068,40
18,10.044656147663,-0.453584046432512,0.701077943734251,9.46486426192121,0,0,-0.613625318476392,-0.2494529705344,0.688958902772628,-0.0755992290968491,41
18,10.298898481691,0.046250869539415,-0.00529488019437978,9.46486426192121,0,0,-0.459893668005744,-0.756213176841419,-0.556798203485236,-0.470815321266242,42
18,10.6281631437928,-0.0598236135013329,-0.619166440947344,10.358267745055,0,0,-0.723407619824199,-0.885324914868105,-0.825325840998732,-0.148420789871912,43
18,10.8907412920512,-0.396929318381286,0.649957035341533,10.358267745055,0,0,-0.991535772345452,-0.975705733542367,0.663047851927897,-1.26759893836965,44
18,11.140815718964,-0.66465954067466,1.12947793000149,10.358267745055,0,0,-1.15184257331661,-0.717896745485633,0.718940427363107,0.276686242683563,45
18,11.3450431676094,-0.724353165990897,0.977498525664324,10.358267745055,0,0,-1.44389077399977,-1.40194632554368,0.720745052996936,-0.027294439453231,46
18,11.6993152724025,-1.09445733483613,1.51198057486239,10.358267745055,0,0,-1.76061461651855,-0.331354415378942,1.55563772705442,1.83288845122984,47
18,11.9118785352784,0.0292147091440482,0.247471705364471,11.8438925582951,0,0,-0.583890968696916,-0.771490375091683,0.311976437737363,0.56396213691907,48
18,12.0077403989283,-1.07491288662271,1.0533564477573,11.8438925582951,0,0,-1.73696133275944,-0.520028592416261,1.16608975775904,1.09560541351223,49
18,12.4953855314082,-2.45348024299431,1.60439676886098,11.8438925582951,0,0,-2.89662184737136,-1.44008860436227,1.06672976829163,-0.162631138183121,50
18,12.5537362310211,-2.54147451821252,1.64443673549092,11.8438925582951,0,0,-2.77158887208661,-1.85740715235828,1.24011351158907,1.07217079463905,51
18,12.8871688002382,-2.12341345502134,1.74980526931376,11.8438925582951,0,0,-2.83675179159278,-2.26620604673752,1.05565932123301,2.24271142491237,52
18,13.0872283417684,0.197691559683691,1.28300544162151,12.8962002235715,0,0,-0.57464320449084,0.0598213136788381,0.938745028141887,0.9430093954749,53
18,13.3373027686812,0.596141492555254,0.156675176014229,12.8962002235715,0,0,-0.0312168350289496,-0.880785160100723,0.0589336553830913,-0.54371857917789,54
18,13.5373623102114,0.338684542505793,-0.498215907788517,12.8962002235715,0,0,-0.259466913881178,-0.328087301270512,-0.708250640139785,-1.0694037568795,55
18,13.9458172075022,0.914458423339125,-0.641642573239441,13.7848919030279,0,0,0.218352768582368,-0.212417319166283,-0.857290525718946,-0.664920852362053,56
19,0,0.146227004932153,0.197200958950453,-Inf,0,0,0.994670888199215,0.726141717471156,0.808673395507598,-1.18671102743126,0
19,0.120869306341173,-0.167168631664015,0.913743783006512,-Inf,0,0,0.618602000433193,0.0721592240229081,1.55094982518231,0.371468862363194,1
19,0.450133968442989,0.879685713252174,-1.11520129281003,0.422883650357835,0,0,1.50188089488327,0.418474721116324,-0.996078598565123,-3.60662264026634,2
19,0.646025602857993,1.04698166272672,-0.46607069586334,0.422883650357835,0,0,1.82312816464802,0.260432355338805,0.0612034376440424,-3.14993641027164,3
19,0.966954450729384,0.0643518573833052,0.825470503692716,0.422883650357835,0,0,0.143397397260363,-0.441622530325508,1.20125516445255,0.0269354758051775,4
19,1.1003274784162,0.474837728560749,2.0282761795018,0.422883650357835,0,0,0.789836005447178,0.143902273622989,2.65510314955962,-0.504916034278646,5
19,1.32122655552248,-0.00181955349352747,1.24008257090403,0.422883650357835,0,0,0.399458236556122,-0.668441828208187,1.84353120718564,1.50119346769193,6
19,1.72551354569812,1.46379599314934,1.00749230008446,1.4414656119636,0,0,1.50749307909872,0.00894165466759655,2.16675261636527,0.193262479870282,7
19,1.77552843108068,1.12832030659179,0.546715797718408,1.4414656119636,0,0,1.60607555813228,1.26100732887959,1.22082448965579,0.834817568913685,8
19,2.03393867222388,0.0157631466497699,-0.427504001214778,1.4414656119636,0,0,0.630753065732215,-0.826672864878287,0.0818584441066397,0.112799633925489,9
19,2.25483774933016,-0.20662409621497,-0.370357166946979,1.4414656119636,0,0,0.403331258870315,-0.177973687534631,0.483352824644046,-0.740969538561904,10
19,2.50908008335814,-0.498376099657376,0.606087936131422,2.28389868135206,0,0,-0.284649048841113,0.030665656520794,1.70155106539404,0.293177140885232,11
19,2.84251265257517,-0.989775163111664,0.520948297033669,2.28389868135206,0,0,-0.52774609612564,-0.606983640253974,1.56555805662178,0.407705169495122,12
19,3.24679964275082,0.245259016442561,0.383333556875453,2.98222816097013,0,0,0.775064866903511,0.0635542574925323,1.01923122907993,-1.99801908368731,13
19,3.40518011312891,-0.137228016072387,1.48620367485506,2.98222816097013,0,0,0.182783607654246,-0.0676197004359556,2.78906103735328,-0.656189660861239,14
19,3.62607919023519,-0.694971446550609,1.34713443995965,2.98222816097013,0,0,0.290537575176419,-0.373704345131626,2.0439277797048,1.28073165197652,15
19,3.93033640964573,-0.134922321946785,0.687319222504972,2.98222816097013,0,0,0.62097895060379,-0.144351067799475,1.54677580171072,-0.522959342508449,16
19,4.02203036618041,-0.468276845795049,1.06997445692424,2.98222816097013,0,0,0.518170661604702,-0.500346176196526,2.79993617137437,-1.48985647868024,17
19,4.45132479904734,1.73033943243187,0.402739913208388,4.26315680359705,0,0,2.17621857438386,0.40794667609615,1.02165161678819,-1.54004162595828,18
19,4.59303364096457,0.909175565323869,0.151706694370658,4.26315680359705,0,0,1.48085864325473,0.743893130408132,0.861319977210675,-1.4275767411064,19
19,4.75558201845787,1.10315909122165,-0.31277528792021,4.26315680359705,0,0,1.18268834190679,-0.480790748094442,0.280837783488899,-0.968549735014884,20
19,5.1515331944031,-0.174994769182782,-0.968748610790409,4.26315680359705,0,0,0.209168822116917,0.00310223813806891,-0.377530796196155,-1.7156036059435,21
19,5.44745459958321,0.510071715720099,0.0213240841938355,4.26315680359705,0,0,0.961444390569036,-0.0273104051099478,0.671740564718336,0.0756888789891976,22
19,5.61833879130694,4.06798935265507,-1.20154571327993,5.59551631500049,0,0,4.10994162841632,2.49135225946587,-0.803178480313017,-1.13466892633407,23
19,5.75171181899375,2.59346141984052,-1.64390018665107,5.59551631500049,0,0,3.18468961831499,1.31176094756268,-0.620331382411248,-1.72589274836328,24
19,6.16016671628461,1.08036698446949,-1.13153964786444,5.59551631500049,0,0,1.83608180183565,0.0948412441628211,-0.139171458460191,-2.04653218846193,25
19,6.38940160762132,2.60123247661865,-1.02128846597918,6.27691322536064,0,0,2.61061493619175,0.668925395288563,-0.829087007227601,-1.86591460581283,26
19,6.60196487049717,2.15230808980508,-0.288774953585438,6.27691322536064,0,0,2.50867019997818,1.98028368795502,0.78856646269301,-1.3307098343472,27
19,6.87704674010122,0.792943465787394,-0.0984953836796148,6.27691322536064,0,0,0.984817282369986,-0.174855550013945,1.16047780347657,-0.840610644916197,28
19,7.24799047335517,0.126048077572559,-0.248721156202293,7.10947373463916,0,0,0.451764018984308,-0.422582643169946,0.792034450498803,-1.42073712119729,29
19,7.33968442988985,0.484381989351084,0.259586364568995,7.10947373463916,0,0,0.837305362685766,0.493987294796345,0.928775725402793,-1.33921498326679,30
19,7.66061327776124,-0.280959170633927,0.0981168071199127,7.10947373463916,0,0,0.174368051185062,0.205272259863162,1.18332074628825,-0.744421795683851,31
19,7.94403096159571,0.440502053783752,-0.537655003101073,7.10947373463916,0,0,0.723268373453912,0.474445509285472,-0.0285433405238327,-1.31604374789392,32
19,8.07323608216731,0.790557632876502,-0.483323774840777,7.10947373463916,0,0,1.61918574525131,-0.0717680792496854,0.260275852064163,-0.761947211665918,33
19,8.37749330157785,1.7822032489486,-0.908382640788442,8.18319046956917,0,0,1.85322927845395,0.493455304760747,-0.297959584863585,-0.239816254872584,34
19,8.64007144983626,0.776893540462924,-0.340866472809274,8.18319046956917,0,0,1.09941014816507,0.736727706945446,0.686862861866932,-1.29032318903023,35
19,8.76510866329265,1.09783112120518,-0.276372379610802,8.18319046956917,0,0,1.71688045693305,0.0262837434524513,0.537773338798725,-1.23837719898776,36
19,9.06936588270319,1.97706323091956,-0.751781685841575,8.18319046956917,0,0,2.52731835422031,0.446835449055099,-0.0837484277423707,-1.7380540727327,37
19,9.49032450133969,1.59905230728179,-2.8924564157388,8.18319046956917,0,0,2.20766594444734,0.546813436790865,-2.38610269305982,-2.51288077469704,38
19,9.70705567133075,1.53141894019338,-1.71896113984866,8.18319046956917,0,0,1.72799976855546,0.895076243246005,-1.00054376823235,-2.60390615944628,39
19,9.9154510270914,2.51235633410087,-2.30093522376708,9.74521069611208,0,0,2.50458244322425,1.06330762705472,-1.85003336892698,-3.77239601718597,40
19,10.2238761536171,1.17468476562066,-1.03274075033044,9.74521069611208,0,0,1.42502795088377,-0.299655130224296,-0.233116830631431,-2.49633498139426,41
19,10.4572789520691,-0.149511159246748,-0.0610695840475493,9.74521069611208,0,0,0.495414236716358,0.0482775367681944,0.622818303919191,-0.196821682321455,42
19,10.7115212860971,-0.981846680525958,-0.125778236706841,9.74521069611208,0,0,-0.650942424830903,-0.454863383051417,0.467176852427255,-0.13831043652266,43
19,10.8198868710926,-1.55071190919497,-0.147046162300897,9.74521069611208,0,0,-0.975121094910005,-1.58878834885522,0.762803935877647,-0.383923482588309,44
19,11.1658231616553,0.192581139666241,-0.602695699894436,10.9696911570204,0,0,0.752520115347156,1.53915561063695,0.26871934879695,-1.0142717663523,45
19,11.4117296814528,-0.570888603533199,0.71818723715636,10.9696911570204,0,0,0.34410999472138,-0.533855068541217,1.88193777285133,-0.239358258299988,46
19,11.6618041083656,-0.13232475825386,0.717994620210438,10.9696911570204,0,0,0.346710571012176,0.0975929803945393,1.65280261958091,-0.453339667044787,47
19,11.9077106281631,-0.316348378012878,0.381255698656352,10.9696911570204,0,0,0.243594931318724,-0.261150057121593,1.73535252419053,0.436516481707114,48
19,12.2036320333433,1.00548848724604,-0.936597086067885,11.9366723518156,0,0,1.36218396676061,1.02765607597409,0.356211347354309,-0.60700591836941,49
19,12.3620125037213,0.524992455852566,0.0936378621921115,11.9366723518156,0,0,0.902283912316974,0.728878436744452,1.14611516896529,-2.89805031488479,50
19,12.7329562369753,-0.372472467922503,0.101727297938126,11.9366723518156,0,0,0.107593707807263,-0.385117458773453,0.830158632656333,-0.836467317650566,51
19,12.9121762429294,2.16411699909609,-0.517431742102839,12.8782338846493,0,0,2.3260311745211,1.58529678970186,0.1735091543585,-1.90354092156607,52
19,13.078892527538,0.969451184808171,-0.679119149060525,12.8782338846493,0,0,1.31516906753295,0.361502923288127,0.02283791904253,-1.13989603816298,53
19,13.4039892825246,0.0735454116391492,0.099992843793256,12.8782338846493,0,0,0.950185970886131,0.234119651561835,1.02622918770726,-0.432124605413884,54
19,13.5873771955939,0.167168350406815,-0.523836682843407,12.8782338846493,0,0,0.541984807578581,-0.08568892420566,0.565985191267532,-1.63368206516896,55
19,13.7707651086633,0.661839572256215,-0.714961910594988,13.6943531642901,0,0,1.02761476034137,0.781051438243541,0.0617869679705146,-1.36065606224023,56
20,0,0.380021332044448,0.790413445080088,-Inf,0,0,1.09496701078748,-1.90992153860544,2.24138354636335,-1.83105243339985,0
20,0.166716284608514,2.37537688169887,-0.339991640972837,0.112363183451816,0,0,3.11519207337993,0.703347332592633,1.03263333181832,-0.988071710440458,1
20,0.462637689788628,0.189436740537113,-0.324177784145561,0.112363183451816,0,0,1.0590321813802,-0.487813165864552,1.02685915936911,-1.14194096708919,2
20,0.583506996129801,0.766656955424236,-0.274883188431393,0.112363183451816,0,0,1.73756478343737,1.01224302578854,1.07180154251855,-2.21750118924326,3
20,0.854420958618637,1.56205319209214,-0.758562435993965,0.688305581731793,0,0,1.85846824147382,-1.27087224693156,0.295688440827027,-1.76939636225831,4
20,1.1670139922596,0.731982470430983,-0.856892587806744,0.688305581731793,0,0,1.69047267652789,-0.42459172795697,0.35593645204136,-2.12536702259571,5
20,1.25454004167907,1.28279512553232,-0.267440860205019,0.688305581731793,0,0,2.46530136821542,-0.374194315398382,0.872430872362972,-1.4775795066086,6
20,1.50461446859184,0.431766131865912,0.88697038216518,0.688305581731793,0,0,1.69644660354198,-0.691887497702347,2.03408330677449,-1.09951809215042,7
20,1.88806192319143,-1.43875831399393,1.13464630514203,0.688305581731793,0,0,-0.132646704142045,-1.24658665963664,1.77781736660738,-0.132752794358353,8
20,2.22983030663888,0.414539475713285,0.51630761684072,2.21422460116088,0,0,1.44243372743666,-0.729253669976475,1.47286965898259,-1.01662008509648,9
20,2.34653170586484,-0.572418386398437,1.36112797626849,2.21422460116088,0,0,0.477563267706855,-1.24828082277683,2.21617397679948,0.510722313486631,10
20,2.5924382256624,-1.36170838468556,0.717140793998821,2.21422460116088,0,0,-0.321506834072377,-2.64539752218278,1.6882023757372,-0.380522073289291,11
20,2.84668055969038,-1.52042391452652,1.98468303961664,2.21422460116088,0,0,-0.141167770210122,-2.15793869974439,2.48252754664724,0.447392714001915,12
20,3.20512057159869,2.2201737763833,-2.00298181023672,3.15565513427763,0,0,2.77659014364083,0.0512103557764748,-0.722382862755614,-2.45522809965251,13
20,3.39684429889848,1.22534502489397,-0.58172924449713,3.15565513427763,0,0,2.17078734397017,0.162999784888784,0.475251557777441,-1.3139883540569,14
20,3.55939267639178,-0.0560731892059298,-0.599683160757477,3.15565513427763,0,0,0.502469499221433,-0.10309946684718,0.113647160518871,-2.71250423741176,15
20,3.89282524560881,0.637441381114264,0.174486167768208,3.15565513427763,0,0,1.68422385065349,-0.621295138071456,1.44734951263433,-0.579889710713507,16
20,4.11372432271509,0.570729048964475,-0.182239654584904,3.15565513427763,0,0,1.46395854965257,-1.18191022594331,0.986317466003556,-1.95033323861646,17
20,4.32628758559095,-0.39314729435914,-0.373408142256602,3.15565513427763,0,0,0.154887087590673,-0.383220108786569,0.885391160293776,-1.42735495335425,18
20,4.60970526942542,1.68297924362692,-1.24241021612974,4.56522013744554,0,0,2.28309889672682,0.730803223961206,-0.403384676299334,-3.36654258706841,19
20,4.92229830306639,0.0202608051854053,-0.900390005305887,4.56522013744554,0,0,1.1078241478149,-0.82653376053,0.321453340659652,-2.41711685941662,20
20,5.00982435248586,0.48905843573718,-0.482965764421761,4.56522013744554,0,0,1.10232001050136,-0.823207331037659,0.519448929617215,-1.98333071839587,21
20,5.48079785650491,0.519114789739369,-0.12078582693465,5.10101781239769,0,0,1.69456687701814,0.545589980431362,1.10095321999458,-0.246832917866301,22
20,5.68919321226556,-0.109521170202547,-0.563236075336359,5.10101781239769,0,0,1.09151491100218,-1.36261356468593,0.496655848668564,-1.53018845489556,23
20,5.8017267043763,0.674193458945085,-0.296434662003645,5.10101781239769,0,0,1.61167509814165,-0.527376443783187,0.854674749086254,-1.55694519095064,24
20,6.17267043763025,0.0674177945175017,-0.202142101816447,5.10101781239769,0,0,1.07135348143416,-0.869292897190872,0.913889834421492,-1.93066397696662,25
20,6.44358440011908,-0.0831705631575395,-1.5623592714091,5.10101781239769,0,0,1.27120730748899,-0.852229540314101,-0.620660331656225,-2.47189663864264,26
20,6.70199464126228,-0.521494859375877,-0.72145958067054,5.10101781239769,0,0,-0.123479350816746,-1.42788323530861,0.264632581456126,-0.558495811373527,27
20,6.8395355760643,0.659914762404628,-0.222741224768637,5.10101781239769,0,0,1.72461248179312,0.732179086856198,0.77517305584507,-1.08082897766351,28
20,7.00625186067282,1.80191229077803,0.0373066284997228,6.87797558367109,0,0,2.64349515345455,0.540509795436501,0.901688354177576,-1.67091072885136,29
20,7.42721047930932,1.23251298711983,0.0264330770596607,6.87797558367109,0,0,2.21132189923042,0.317396148754309,2.09515780032621,-0.729970617878044,30
20,7.53140815718964,0.498738978590403,0.0396249366128135,6.87797558367109,0,0,1.45715080362611,-0.195360452519238,1.70533132383844,-0.926312941529343,31
20,7.98154212563263,0.907428335205332,-0.0199747836301495,7.70570066814454,0,0,1.68440737959934,-0.290096871049316,0.651120348936115,-0.910447926753102,32
20,8.12325096754987,-0.235683377268919,0.446392539927952,7.70570066814454,0,0,0.631502967111706,-0.858186199688959,1.12031268019798,-0.377325040026656,33
20,8.3274784161953,1.05421779464279,1.3469967169671,7.70570066814454,0,0,1.84865418787246,-0.533276506234136,2.32111931384168,-0.56423020771289,34
20,8.53170586484073,-1.38458032471499,-0.941309838833435,7.70570066814454,0,0,-0.412921721999973,-1.03417311683899,0.71424225912371,-2.15482882738663,35
20,8.88597796963382,-0.890471397143741,0.361934404343934,7.70570066814454,0,0,0.342070373265385,0.644206095068599,1.12564485900239,-0.901024108391524,36
20,9.01101518309021,-0.488919883295427,-0.0363891109917114,7.70570066814454,0,0,0.346280565862461,-1.6024286903802,1.57631565571543,-0.103784121055629,37
20,9.48198868710926,1.14764875073075,-1.71593896316135,9.04097892021259,0,0,2.11950419600821,-0.0612131427858488,-0.77179400713324,-3.36038696428053,38
20,9.60702590056565,0.206088190128537,-0.877278129973805,9.04097892021259,0,0,1.10157953371203,-0.255131704416619,0.0525833410098563,-0.785356417355459,39
20,9.99880916939565,1.67634691270119,-1.80297661632355,9.91151486954903,0,0,2.33572893167815,-0.895414643063006,-0.579293227421928,-2.20464767129084,40
20,10.2447156891932,0.526861055289181,0.226588678071288,9.91151486954903,0,0,1.49599069418934,0.0748314691799095,1.23258673626426,-0.973094053004834,41
20,10.4447752307234,-0.253787372512894,1.04929488766532,9.91151486954903,0,0,0.786181609278804,-0.411333349149631,2.37142474928695,0.550655671604684,42
20,10.6490026793689,-0.246402812977076,0.386288587217418,9.91151486954903,0,0,0.775004480866755,0.00035544001662513,1.4931321477414,-1.07593101181525,43
20,10.8990771062816,1.63006603448469,-1.67200373924799,10.7422984618747,0,0,2.18203414259557,0.338988530307146,-0.904169463415093,-3.57244625640848,44
20,11.140815718964,1.53895218371737,-2.24971868664839,10.7422984618747,0,0,2.42175816966521,0.462292951721438,-0.600163021513072,-2.66775381479925,45
20,11.2658529324204,1.288163874069,-0.991510197156771,10.7422984618747,0,0,2.26108574270045,0.362520855470584,0.472396235727121,-2.74579519739484,46
20,11.7243227150938,0.26950685644161,-0.840525074727364,10.7422984618747,0,0,0.989708521289883,-0.411912690439094,0.0342177460988993,-1.71145264717655,47
20,11.866031557011,0.290415279487297,-0.505974788710879,10.7422984618747,0,0,1.07030756788309,-1.12855541900603,0.876614953986783,-1.27636168771517,48
20,12.1077701696934,0.726606000395727,0.171031644535392,10.7422984618747,0,0,1.68473135863369,-0.185919182153413,1.66620719258304,-0.0213203125886972,49
20,12.3078297112236,2.45234064817895,0.146062060120042,12.2718171713444,0,0,3.45754795262562,-0.434597653683444,1.29208935369231,-0.905808302361832,50
20,12.5078892527538,0.519823934475746,0.57949979893723,12.2718171713444,0,0,1.64080838355064,-0.279741458312825,1.33115188213785,-0.991126276671976,51
20,12.8121464721643,-1.44098848954859,0.825500741783077,12.2718171713444,0,0,-0.460753605160388,-1.60676643158782,2.09098307445462,0.714583343503784,52
20,13.0580529919619,1.21612145462066,-0.52957501763749,13.0439019219269,0,0,2.12683424003823,-0.412112441649289,0.842935279368946,-1.39560681861965,53
20,13.2706162548377,0.47658366132335,-0.0984627737231298,13.0439019219269,0,0,1.53135451688466,-0.770823665536654,1.04957530478608,-1.79778578663415,54
20,13.6915748734742,0.642885292896465,0.699558429923496,13.0439019219269,0,0,1.25037907503185,-0.0776081168920847,1.50283949859887,-0.195168900600269,55
20,13.7957725513546,0.903168340789128,-0.313488616601989,13.0439019219269,0,0,2.04470369224654,0.0772162151693929,0.675158700152948,-1.71106317352949,56
21,0,0.0557982651146182,0.744135366952696,-Inf,0,0,-0.304646568741474,1.36184116312395,1.21741019670585,-1.5939925461968,0
21,0.17505209883894,-0.617471701524696,0.391983122222054,-Inf,0,0,-0.165724925375017,0.516047581959621,1.06734433759367,-2.16644539207078,1
21,0.475141411134266,1.62749002521785,-0.491221059164127,0.296836908767,0,0,1.23255840354057,2.68456000893996,-0.159086660046394,-1.4691922169452,2
21,0.550163739208098,0.848742380969825,-0.120201564058661,0.296836908767,0,0,0.898499211571599,0.761879838336013,-0.0447756816233859,-1.24008455267114,3
21,0.937779100922894,-0.270248429630715,0.561988398986539,0.296836908767,0,0,-0.444404599772634,2.27807971590732,1.2045285121043,-0.0538991986737151,4
21,1.18368562072045,1.08901286686411,-0.271216809926975,1.13707660403855,0,0,0.890406989140001,2.21180794366488,0.419141810211344,-2.2564473153559,5
21,1.32122655552248,0.0993194405774612,0.798575195838476,1.13707660403855,0,0,0.0646119709190373,1.66036063387346,1.7854573120172,-0.842594987913982,6
21,1.54212563262876,-0.733321837268391,1.40310147075877,1.13707660403855,0,0,-0.337479603378972,1.10928235627879,2.57935783017253,-1.3729460696307,7
21,1.77136052396547,0.886718457279472,0.59811406012972,1.73872735525589,0,0,0.831326412506681,2.60754430363082,1.30861111718362,0.49632732992097,8
21,2.2048228639476,-0.375178742047826,1.13070030688478,1.73872735525589,0,0,-0.206095055671862,0.770251029820176,1.99545401466126,0.29917621768298,9
21,2.45072938374516,-0.516620797575169,1.3378163696925,1.73872735525589,0,0,-0.498147747518923,1.56854524006807,2.42974704908982,0.0669707184908514,10
21,2.53408752604942,-1.02436307534607,1.30818016024879,1.73872735525589,0,0,-1.04399309069063,-0.478759191737074,2.47373785938028,0.43875561435214,11
21,2.8508484668056,-1.28506283413008,1.44090103929392,1.73872735525589,0,0,-1.64001894669943,0.272181569776435,2.40726879940296,-0.162993309492147,12
21,3.11759452217922,-0.549673807533233,0.608514876623035,1.73872735525589,0,0,-0.334374392332087,1.75094197461194,2.06766918397126,-1.32085317803433,13
21,3.45519499851146,0.296391202894951,0.138938662561552,3.23277565868965,0,0,0.228237237254982,0.675002907403408,1.11819537694085,-0.425107404913048,14
21,3.71777314676987,0.0357367270188772,0.350962329884981,3.23277565868965,0,0,-0.162055630258522,1.94512775948245,1.08277991182928,0.298968358386776,15
21,3.89282524560881,0.183322468046584,0.516179095167438,3.23277565868965,0,0,0.201267727354812,0.680264827700493,0.604799058120417,0.0876991532828137,16
21,4.07204525156297,-0.872819182258184,-0.134145345143679,3.23277565868965,0,0,-0.630714722068226,0.0280426954306894,1.07620106843167,-0.216771475078829,17
21,4.46799642750819,1.02256567565529,0.684101575408693,3.23277565868965,0,0,0.871081035573397,1.83613546972167,1.23658224309048,-0.461939742492889,18
21,4.55969038404287,0.845295452932683,0.410866860979153,3.23277565868965,0,0,0.663042679314836,1.38790929615063,1.79459345039827,0.120672943470584,19
21,4.8597796963382,1.61157996733414,0.230745621364955,4.61626771184831,0,0,1.26416006746513,2.46653047374819,1.37937383746439,-1.36577525699004,20
21,5.01816016671629,0.951729109743262,0.0227778041323624,4.61626771184831,0,0,1.12682069207964,2.17632071548423,0.567243870957813,-1.56274499525824,21
21,5.39743971420066,0.793892041578839,-1.024822340298,5.19181559008116,0,0,0.703135586983421,0.8772298475494,-0.0106406578720166,-3.3267278946019,22
21,5.7350401905329,0.284554898830583,-0.700759940909632,5.19181559008116,0,0,0.466450981813476,0.656701380914752,-0.0295923716014527,-2.01101962350045,23
21,5.92676391783269,0.0294221597539527,-0.915893985312786,5.19181559008116,0,0,0.0946396020569805,1.98742983254158,0.209631819625471,-2.10002948941291,24
21,6.0267936885978,1.01662406096109,-0.667080807327958,5.19181559008116,0,0,0.714284452143783,1.75184437271223,0.381656031180488,-1.31585924104249,25
21,6.46442393569515,-0.112881733944297,-0.171048632441469,5.19181559008116,0,0,-0.052172687242933,1.19119901721424,0.493148454729249,-0.264106236444933,26
21,6.65197975587973,0.0397236724427152,-0.117214571681613,5.19181559008116,0,0,0.320570175681132,0.859664045129461,1.22555484261076,-0.577484806495293,27
21,6.8061923191426,1.87974918383004,-0.430176628414111,6.69546127322918,0,0,1.59063148279202,1.89978541550343,0.0652274723051482,-0.902718230359257,28
21,7.18130395951176,1.62433211294725,-0.0845375136546613,7.11518945394693,0,0,1.13831196627844,1.91943060930485,1.14085576126954,-1.55967216035545,29
21,7.49389699315272,0.141749168126506,0.517835916547923,7.11518945394693,0,0,0.167249124416838,1.03842399536988,1.32201055499256,-1.01674730990998,30
21,7.63143792795475,-1.00264740791575,1.04178687610591,7.11518945394693,0,0,-0.85187186676925,0.846900049608479,2.41581356347707,-0.462473636664013,31
21,7.91068770467401,-0.0350670370619848,-0.079393668670879,7.11518945394693,0,0,-0.239703033624091,1.44525184337934,0.794514744271853,-0.95165007345375,32
21,8.23578445966061,-0.228443204585906,-0.413843260106358,7.11518945394693,0,0,-0.12679996627179,0.772413339854944,0.709365209923572,-1.98822137777651,33
21,8.4566835367669,0.410745974610283,-0.391698695897939,7.11518945394693,0,0,0.570073098943134,2.60617558304093,0.477270862487132,-0.924857852240219,34
21,8.50669842214945,0.784762676974906,-0.415042568617562,7.11518945394693,0,0,1.04857837452133,1.75906335192861,0.890190240175025,-2.05730777581075,35
21,8.9109854123251,2.86236489752402,-1.10641749846504,8.86865267016423,0,0,2.61526344296287,2.74543197250315,-0.466243389821406,-1.87447764770858,36
21,9.0401905328967,1.58501078244687,-1.1667786151609,8.86865267016423,0,0,1.61316697396092,2.61803069107476,-1.08262156395775,-1.91546342629744,37
21,9.32777612384638,0.147330767274466,-0.0589478458305041,8.86865267016423,0,0,0.467234078613423,1.48805084527173,0.673699289851751,-1.69157135442139,38
21,9.59869008633522,-0.448795769481225,0.0765984156127221,9.35227317012166,0,0,-0.42150465559927,1.47662042404623,0.880907825006191,-1.28059563312145,39
21,9.93629056266746,-1.51286970650279,0.434794263016853,9.35227317012166,0,0,-1.54688969117539,0.590367284154216,0.894540143857149,-2.07229570015449,40
21,10.0154807978565,-1.58403818343439,0.511917360241575,9.35227317012166,0,0,-1.54492687038602,-0.818870366144651,1.08130149613791,-0.259343555075179,41
21,10.4406073236082,-0.998159215584327,0.762115454373189,9.35227317012166,0,0,-1.02810218194979,0.89140374499153,2.08631532256348,-0.992993309629784,42
21,10.5573087228342,-1.30166442031732,-0.209173470380125,9.35227317012166,0,0,-0.968419592007417,-0.411261751517711,0.410398644987416,-2.12052402378253,43
21,10.8782375707056,0.132364112249658,-0.528638923714793,10.6717702799996,0,0,0.462613633522053,0.934025078737041,0.534573648795176,-1.83719846745671,44
21,11.2450133968443,-0.765677703809849,0.911745382901736,10.6717702799996,0,0,-0.901599819031457,1.49511380670195,1.77509726043652,0.519052283941438,45
21,11.3283715391486,-0.488430163201035,0.549221807934435,10.6717702799996,0,0,-0.595143534925581,0.410350325230191,1.28559038179269,-1.59887736420853,46
21,11.5409348020244,0.781472226281541,-0.335288105436736,11.4729014232325,0,0,0.551611744008107,1.41280721728798,0.299359142368422,-1.20852444619192,47
21,11.9368859779696,2.11059532982982,0.115795714875178,11.4729014232325,0,0,2.10870964128336,1.97205124795335,1.11852683461386,-1.62791809581426,48
21,12.0535873771956,0.723152015592297,-1.21861440187969,11.4729014232325,0,0,0.52240241563814,1.81559292667393,0.126967654782255,-1.74800152712257,49
21,12.4828818100625,0.642155557237037,-0.736775858832589,11.4729014232325,0,0,0.538999069901149,1.56889585898078,-0.289694543308554,-1.02629188028879,50
21,12.6537660017862,-0.144573124483192,-0.553168327150231,11.4729014232325,0,0,0.246620531037412,1.04226738157884,0.00742662586079895,-2.65053656553887,51
21,12.7996427508187,0.0713491205177117,0.0990043805888054,11.4729014232325,0,0,0.105546328543118,0.824155238311541,0.899115425019025,-1.98491191137751,52
21,13.0705567133075,3.22569075827486,-1.5131310382096,13.0435363093875,0,0,2.5589840845449,2.89608324738431,-0.695567514756008,-1.74365527898137,53
21,13.4665078892528,1.79062683973156,-1.85774221212591,13.0435363093875,0,0,1.58562901839803,1.13868283867956,-0.741653518041312,-3.37265643147304,54
21,13.6582316165525,1.82184087208326,-1.57340406893205,13.0435363093875,0,0,1.59769273936036,2.24059692593757,-0.451923890970584,-2.54635567756064,55
21,13.9333134861566,4.01560659570353,-1.80845646512254,13.9283419540268,0,0,3.71689223057668,3.2941107521841,-0.624060908879152,-3.51955038717757,56
22,0,0.358136908339622,-1.26989050675325,-Inf,0,0,0.550498058040475,0.454318026003786,-1.70582554565963,-2.29469183915978,0
22,0.104197677880322,0.43610662744666,-0.713765987409408,-Inf,0,0,0.851381608649917,1.47655942747613,-0.896957549785856,0.122440896465442,1
22,0.250074426912772,0.581082694689099,-0.586719421210332,-Inf,0,0,0.446918103141762,1.08678590700049,-1.10383853109217,0.129503108449824,2
22,0.716880023816612,0.823973486658307,0.363421218036598,0.313896614522673,0,0,1.0393452855286,1.84752823300978,0.232921999340098,0.735092883942711,3
22,0.771062816314379,1.28992486597024,-0.142559712875492,0.313896614522673,0,0,1.2333354796884,0.61617826978983,-0.23299757807485,1.01921342329107,4
22,1.11283119976183,0.648699108757298,-0.807959673504699,0.313896614522673,0,0,0.403508732029277,1.05552798052804,-0.773195138243132,-0.020050511582798,5
22,1.49627865436142,1.00840977710954,-2.03366060611478,1.29175349213004,0,0,0.859939440914699,0.609515790092339,-2.01623928299351,-0.793824592188855,6
22,1.73801726704376,-0.386789502289985,-1.27356091786398,1.29175349213004,0,0,-0.312544476240183,0.660928402581055,-1.33633414150817,-1.02482015665208,7
22,1.89222983030664,0.29246156417944,-0.71998010722337,1.29175349213004,0,0,0.666091590960271,0.424455557115054,-1.04962367179109,-1.04198449417687,8
22,2.15480797856505,-0.258693558712349,-0.575536812398466,1.29175349213004,0,0,-0.131667560142532,0.300934720105083,-1.08574575744079,-1.34193462451401,9
22,2.40905031259303,0.245113874650474,0.207999276461891,1.29175349213004,0,0,0.0257486673860863,0.469018578716385,-0.944026602759664,-1.03326536254509,10
22,2.67996427508187,0.717295954408232,-1.12102722606177,2.47706537986747,0,0,0.773415964671509,0.328241352329931,-1.27565312474844,-1.2277620195766,11
22,2.75081869604049,1.09040311674016,-0.467398977357653,2.47706537986747,0,0,0.931364502745936,-0.19286357242382,-0.704338645740814,-0.773966873553853,12
22,3.01756475141411,0.893284317441865,0.210060589815037,2.47706537986747,0,0,0.556775775655652,0.220234668766957,-0.247467057421762,1.20207689327507,13
22,3.36350104197678,1.99790825545226,-0.280572558404803,3.35476783608946,0,0,1.7066466073534,2.15074068534743,-0.495939767962776,-0.0629575490115149,14
22,3.66775826138732,-0.31894506217371,0.879245760435899,3.35476783608946,0,0,-0.399678949311216,0.558779220916977,0.346899937167841,0.276810360354929,15
22,3.91366478118488,-0.95762252336165,0.873154853077297,3.35476783608946,0,0,-0.786830538042189,0.586053564522776,0.0414324939676813,1.92801187041481,16
22,4.13873176540637,-0.890588609721226,1.27823145304025,3.35476783608946,0,0,-0.79689376870651,0.506838837775235,1.41462016290394,0.15925008986371,17
22,4.46799642750819,0.321739806899355,-0.0367019487741847,4.26395717707212,0,0,0.0132662438439571,1.27929599327907,-0.467731361517127,-0.67272811789801,18
22,4.7305745757666,-0.643362699737535,0.932131254465764,4.26395717707212,0,0,-0.503785577137337,0.897693689175475,0.886839497526889,2.25043063399789,19
22,4.94730574575767,-0.77425517734163,1.12285792140091,4.26395717707212,0,0,-0.827957051000126,0.630738852486717,0.866855411791846,1.16610673080959,20
22,5.22655552247693,0.485493293032279,1.55893602920788,5.21981615758537,0,0,0.319881265264936,0.38409833480055,1.18350339873429,1.31874811162578,21
22,5.28490622208991,-0.150944042965129,1.47881355736673,5.21981615758537,0,0,-0.239697354325976,0.00713341653128657,1.07432581765006,1.22716378126146,22
22,5.5433164632331,-0.326122105585569,1.30233298277861,5.21981615758537,0,0,-0.128182331467123,0.738839312315414,1.0595283936727,1.0935474131262,23
22,5.8975885680262,-0.147562925580303,0.508890469131767,5.21981615758537,0,0,-0.0328435090807579,-0.399239217793907,0.591545269756855,0.430873683067301,24
22,6.11015183090205,-0.276513053552362,0.135887138122444,5.21981615758537,0,0,-0.368483884102427,0.140075953350963,0.023720468566554,1.06597660204462,25
22,6.2560285799345,-0.514068818573635,0.999275463754458,5.21981615758537,0,0,-0.502129455329083,1.18666030084912,1.20321885686499,0.357316617461858,26
22,6.66448347722536,1.61030517262636,-0.951149241911292,6.44746236567242,0,0,1.360973918966,1.43070818628648,-0.997993165394507,-0.678151280266553,27
22,6.77701696933611,1.26000762748688,-1.07419226440466,6.44746236567242,0,0,0.954809843111684,1.45227766410525,-1.50842111558967,-0.5152989814281,28
22,7.16463233105091,1.21370309895784,-0.469679852384569,6.44746236567242,0,0,0.972460962147187,0.323873568372951,-0.886675237113555,-0.232991036688735,29
22,7.39386722238762,2.09913269739157,-1.63971610797196,7.38089328604894,0,0,2.37854245511,1.71132539487856,-1.97549076124177,-1.10961056803181,30
22,7.56058350699613,2.5298719359846,-2.25210897889429,7.38089328604894,0,0,2.79981218902395,1.11137973123879,-2.32309372227018,-2.64323897660167,31
22,7.78565049121762,0.612688434947064,-2.17838738876038,7.38089328604894,0,0,0.390766336918863,0.248586924548227,-2.62942830786109,-2.46956306334494,32
22,8.09824352485859,0.877610365887431,-0.618270796147818,7.38089328604894,0,0,1.28762956233054,0.0477207423311545,-0.914280727270721,-0.295016704098573,33
22,8.28996725215838,0.654645211840985,-1.3843122996084,7.38089328604894,0,0,0.634797529800994,1.1338863935256,-0.929642930338274,-1.99121987444109,34
22,8.56504912176243,0.722335888705562,-0.860039614930819,8.34136636428033,0,0,0.516732857487201,1.13829858013515,-0.649748823490212,-1.20165847860182,35
22,8.96100029770765,0.381682147579867,0.597416898081443,8.34136636428033,0,0,0.0345940474256752,1.42535538472835,0.112129494398011,0.991254450499931,36
22,9.02768681155106,1.10367723119136,0.636118539816154,8.34136636428033,0,0,1.19139665518452,2.04694519275817,0.535025341492806,-0.0879025162619133,37
22,9.25692170288776,0.768155184525677,-0.275631081088653,8.34136636428033,0,0,0.537328424625613,0.673214010577351,-0.817804395651075,-0.948153104183246,38
22,9.7237272997916,0.571805865789923,-0.925953711853002,9.31009866668162,0,0,0.553285532213222,-0.00356239459940444,-1.49253117163625,-0.926201633620823,39
22,9.86960404882405,0.618167593698323,-0.184954909563396,9.31009866668162,0,0,0.197595037292048,1.2105810478218,-0.581140801199404,-1.16855223527776,40
22,10.2030366180411,-0.57559810373831,0.550085972958589,9.31009866668162,0,0,-0.239875037368014,-0.370343807369283,0.348795672419787,0.581098332744929,41
22,10.4155998809169,1.32662414308973,0.02876922451941,10.3858684119589,0,0,1.11954045398387,1.54613409805111,-0.2299705058688,0.101742061416961,42
22,10.6031557011015,1.05767914144548,0.148552421672483,10.3858684119589,0,0,1.07996217643977,1.41474615664276,-0.622360613822589,0.689357532753375,43
22,10.8157189639774,0.471987938165058,1.2770783998858,10.3858684119589,0,0,0.225740877908541,0.470822708534526,0.984302986292204,0.975514854378009,44
22,11.0741292051206,-0.605843543681677,1.20629031800766,10.3858684119589,0,0,-0.296922517896669,0.052160473310425,0.298950257290828,0.393992157775586,45
22,11.4242334027985,0.837064409838863,1.34350359409554,10.3858684119589,0,0,0.742945622680266,0.923184295874403,1.21583291955809,1.10557235063089,46
22,11.611789222983,0.218201873558139,0.248606053456056,10.3858684119589,0,0,-0.293903270922769,-0.186556965124987,0.097804923088989,0.663872555318257,47
22,11.786841321822,1.46826057371873,0.0390045365342807,10.3858684119589,0,0,0.980086095629765,1.84040148317182,-0.285300328329229,-0.754618136327864,48
22,12.0994343554629,2.90972268080051,-2.75980687985815,12.0533971753007,0,0,2.86983523141438,2.48583812950243,-3.33462285841925,-1.82481094728298,49
22,12.43286692468,1.25825403973482,-1.65905317938484,12.0533971753007,0,0,1.10989967295854,0.695067425717675,-2.33984987547977,-1.00427042611534,50
22,12.570407859482,1.72900583105022,-1.00989927846316,12.0533971753007,0,0,1.44829727167496,1.01011386806515,-0.9751931990606,-0.651121502944698,51
22,12.9205120571599,1.62330960232998,-1.5627132399005,12.7251830952027,0,0,1.51179214855319,1.11411227042727,-2.10127672588955,-0.631614215757509,52
22,13.0122060136946,1.18069046509197,-1.07862801074238,12.7251830952027,0,0,1.07169092230103,0.692855705230042,-1.12597094620987,0.141501658119872,53
22,13.3748139327181,0.892154574065058,-1.04930149761354,12.7251830952027,0,0,0.729194387442974,1.06303174924446,-1.11834257368596,-0.699581404202367,54
22,13.5665376600179,1.14278079365886,-0.531100928635978,12.7251830952027,0,0,1.31214644003718,0.669989444284421,-0.868304791532705,-0.310860385406273,55
22,13.7707651086633,3.88327361959177,-3.06592023910157,13.7352852108888,0,0,3.77432620900856,3.54238281370649,-2.90369861028945,-2.3617538584912,56
23,0,-1.31838126826794,1.94563108572221,-Inf,0,0,-1.4086774998725,-0.557763859169508,1.43310180513258,0.823278273092062,0
23,0.133373027686812,-1.2191761957495,1.60888580117334,-Inf,0,0,-1.07695963622569,-0.769016426254215,1.77180777266139,-0.311812650870805,1
23,0.483477225364692,1.63407203935468,-0.795380709694296,0.405322549003176,0,0,1.84753887735176,1.15783280270659,-1.03885172695336,-1.33947406645213,2
23,0.621018160166716,0.805173245864721,-1.05451192809854,0.405322549003176,0,0,0.309361218164856,0.46356318447165,-1.29497816632505,-1.29508142063827,3
23,0.796070259005657,2.09167795825907,-1.8647652593936,0.684548725768064,0,0,2.11955156351758,0.509378082388541,-2.07624662759087,-2.35345906713312,4
23,1.12533492110747,0.369287338407416,-0.442942591738262,0.684548725768064,0,0,0.502250195401833,-0.258912800453215,-0.734358437881614,-0.940772886192568,5
23,1.27537957725514,0.333519629509935,-0.198255850874399,0.684548725768064,0,0,0.123756579146293,0.430124404043693,-0.65948930194793,0.467932812317388,6
23,1.60464423935695,-0.860285689018134,0.526351390754492,0.684548725768064,0,0,-0.618956623231892,-1.1664669127834,0.278213782446038,0.580067422877504,7
23,1.98392378684132,0.578060539013082,0.0992778347057145,1.79034335638504,0,0,0.608292832963014,1.31099883780573,-0.0346797762675477,-0.095926847619106,8
23,2.13396844298898,-0.0762735010957866,-0.205744697395309,1.79034335638504,0,0,0.0567834166962676,-0.23454305001136,-0.752049081697573,-0.568658699138483,9
23,2.25900565644537,-0.207047789521311,0.177806271309742,1.79034335638504,0,0,-0.253841999111187,0.120315848852141,-0.0539387408181504,1.5147237900132,10
23,2.70080381065793,0.456264625189192,-0.985689377305067,1.79034335638504,0,0,0.463078772165745,-0.0468941826069794,-1.00766930855208,-0.871165439807947,11
23,2.78416195296219,1.14011913047709,-1.11320241908383,1.79034335638504,0,0,1.43566086823053,0.918172679351605,-1.45339688232917,-2.06485380074258,12
23,3.05507591545103,4.23123227602623,-3.26327782365413,2.86531611175205,0,0,3.63986756449012,1.85950054985177,-3.31843827631347,-3.38394096762458,13
23,3.48853825543316,3.72037316757569,-2.96847537936722,2.86531611175205,0,0,3.50132637037618,0.985148837446176,-2.86432289600655,-2.76409643721955,14
23,3.70943733253945,2.56415328904113,-3.34599951976228,2.86531611175205,0,0,2.79655447548851,1.33534426044805,-3.64660214834411,-2.22342622203701,15
23,3.97201548079786,2.7870898416277,-2.17431499808421,2.86531611175205,0,0,2.20474031655227,0.678441586060781,-2.23669190382634,-1.84108826812262,16
23,4.1804108365585,3.99442407563921,-2.99147492332177,4.1760200473874,0,0,3.4269518734689,3.06384238532251,-3.14140929498779,-3.75481654868642,17
23,4.28460851443882,3.52130056738047,-2.77822441234211,4.1760200473874,0,0,3.0166297870263,0.721989862467348,-3.21661745897335,-2.63876740236725,18
23,4.61804108365585,0.590996837486099,-1.19306354222702,4.1760200473874,0,0,0.664216064736658,0.418750979456631,-1.04122008475509,-0.83171001624052,19
23,4.9889848169098,4.02141890282873,-2.02983831403289,4.98646867344192,0,0,3.69921515094565,1.78466656986658,-2.57861145561309,-2.4188761325612,20
23,5.14319738017267,3.83085503642234,-2.32851657839955,4.98646867344192,0,0,3.26281404291771,1.63185726852566,-2.29065707283081,-2.43745147277738,21
23,5.3807680857398,2.16671513142538,-2.10308521360098,4.98646867344192,0,0,1.58068201236007,1.16897009396777,-2.99900522274478,-1.77590691195687,22
23,5.69336111938077,0.987538444744145,-2.03217543328802,4.98646867344192,0,0,1.13453155178878,1.15167833968159,-1.4903567386717,-1.0673053995552,23
23,5.78505507591545,1.40843594331142,-2.16146017799266,4.98646867344192,0,0,1.32390806352638,0.225056014976133,-1.97949887296353,-1.59826816329057,24
23,6.0934802024412,3.2611727578154,-2.64246234010733,6.0164153132713,0,0,2.63262382479041,2.77608110061071,-3.27633513800994,-4.07659440769951,25
23,6.44358440011908,0.305233460354884,-1.75929449732057,6.0164153132713,0,0,0.280974874925814,0.779064904690158,-1.97328473838287,-1.22791393006634,26
23,6.68115510568622,-0.342500062057312,-0.0780581274056915,6.0164153132713,0,0,-0.510751478966074,-0.182468885335912,0.213440845443829,-1.05909952213207,27
23,6.83536766894909,-0.056263239094332,0.698565554049241,6.0164153132713,0,0,0.300074116077333,-0.148678663798149,0.586073255293852,0.430871431672375,28
23,7.08127418874665,0.259885669941652,0.833364262090632,6.0164153132713,0,0,0.418625926907521,0.69069475200408,0.138223585725238,0.956557731022065,29
23,7.3563560583507,0.303848123042419,0.153440649647829,6.0164153132713,0,0,0.165090637293721,-0.504730773365932,-0.18804087409916,0.755486420770868,30
23,7.66478118487645,0.307244163997578,-0.088662406813633,6.0164153132713,0,0,0.243058705199242,0.0341402625769895,-0.166615885895488,-1.07644554871707,31
23,7.91902351890444,0.0804341578714182,-0.447131919840417,7.68318386712255,0,0,0.185255343423749,0.415284705459702,-0.155653091469068,-0.853809234810636,32
23,8.15659422447157,0.447853636259492,0.240780932686278,7.68318386712255,0,0,0.388768221175848,0.742565602085698,0.421188462535881,0.254988176024956,33
23,8.35248585888657,0.308410170344078,-0.898403635814631,7.68318386712255,0,0,0.656969178588303,-1.57053217617087,-1.16463053270612,-1.41173685034804,34
23,8.58588865733849,2.169801984138,-0.85606347216959,7.68318386712255,0,0,2.15865060992181,1.45058057553669,-1.20838579722693,-2.10105898782403,35
23,8.76094075617743,1.33510267712126,-1.53841314369469,7.68318386712255,0,0,1.57754501437935,0.892458439532794,-1.11263927773526,-1.3190051934542,36
23,9.21941053885085,1.76629858203932,-1.4774958812252,8.88537150885408,0,0,1.58286272883698,-0.135083476814436,-1.62606123221977,-0.910475331414913,37
23,9.45281333730277,1.80457310111802,-1.60488083199218,9.24646357275331,0,0,1.64687610581516,0.788418645377414,-0.987808038098219,-0.306532597171549,38
23,9.51533194403096,2.10086157950315,-0.887990400448875,9.24646357275331,0,0,1.60116347254947,0.56459389516317,-1.31074521990982,-0.261931623669813,39
23,9.97380172670438,0.819351425713517,-0.860887804114547,9.24646357275331,0,0,0.877807587829525,0.373706144772614,-0.826740329169603,-1.02777248777826,40
23,10.1905328966954,0.0254574240490697,-1.99604942870541,9.24646357275331,0,0,-0.0205045758660556,-0.646811074312829,-1.89501701561211,-0.999828107487747,41
23,10.4197677880322,0.927543959848951,-1.95345626067086,9.24646357275331,0,0,0.349379167354022,1.28360831251425,-2.69212933002249,-2.48290309408145,42
23,10.5114617445668,2.94153834681546,-2.75954521753467,10.4731075658982,0,0,3.00049423762932,1.09161485686736,-2.77558391288138,-2.4225918268137,43
23,10.7573682643644,2.30570524323793,-1.46941966736431,10.4731075658982,0,0,2.23765981617137,1.00419566691104,-1.45541924509951,-1.06038512147824,44
23,11.082465019351,0.971053014892623,-1.55339697485673,10.4731075658982,0,0,0.908641793467767,0.188750377876654,-2.08880508927392,-1.73832787864462,45
23,11.474248288181,-0.175033659748411,-0.737702679965968,10.4731075658982,0,0,-0.199683117741265,-0.141463441271732,-1.63221609450136,-0.0492399416305135,46
23,11.6618041083656,-0.90560591682057,0.919569279050825,10.4731075658982,0,0,-0.763201851681725,-1.13139998624817,0.645738901860802,0.252432327515591,47
23,11.8035129502828,0.630166611753986,-0.48395470625287,11.7050427668065,0,0,0.483956705600309,0.275184274132382,-0.747512873278538,-0.80771611690765,48
23,12.0785948198869,0.873126786208896,-0.696809277749187,11.7050427668065,0,0,0.747905250923449,1.17022273149019,-1.00155736830453,-0.135353651944625,49
23,12.374516225067,0.445725394985254,0.0731590119305148,11.7050427668065,0,0,0.271536103315336,-0.153330547788365,-0.131861296564899,0.0338860055348822,50
23,12.5537362310211,0.761776578362039,-0.0779638328996508,11.7050427668065,0,0,0.489355249348138,0.214468189811914,-0.0590164521931337,0.692491168236233,51
23,12.8913367073534,0.293284260679948,0.626982701176626,11.7050427668065,0,0,0.538284137167397,-0.534338412545124,0.518811179999778,-0.998027915814238,52
23,13.0497171777315,0.197297451446251,0.654861099178528,11.7050427668065,0,0,0.043415883821157,-1.06393415237169,0.523259727813785,0.129262316976951,53
23,13.274784161953,-0.275893821140203,0.347104058916088,11.7050427668065,0,0,-0.226126142018518,-0.870532155552258,-0.36209327522525,0.161135360859521,54
23,13.6957427805895,1.56233107838449,-0.661408180041361,13.5825878165197,0,0,1.68410248043675,-0.0147334742531814,-0.4205607578517,-0.0983776807075497,55
23,13.9291455790414,-0.844024189852095,0.63487675178489,13.5825878165197,0,0,-0.863787902578223,-0.788001630101997,0.420057624307643,-1.00369668445023,56
24,0,-0.533196358270185,0.895696972609557,-Inf,0,0,-0.584480379308076,0.190837097538943,-0.812071630772387,1.3107213923196,0
24,0.0166716284608514,-0.524715448274509,1.18485054277652,-Inf,0,0,-0.68400531513438,0.178403110676015,-1.1006345010659,1.22316107363802,1
24,0.46680559690384,1.09764021116936,0.432440797514335,0.284341856301762,0,0,1.26332257031125,1.10072892863475,-0.755074564058917,0.810904160063552,2
24,0.737719559392676,0.127601607634701,-0.441818419548999,0.284341856301762,0,0,0.0161153886682863,-0.279982709494946,-2.70324184119378,0.589777452499885,3
24,0.850253051503424,0.700668095291002,0.235867734601962,0.284341856301762,0,0,0.792787437599638,0.150216697790195,-1.1870008987836,1.12773667325665,4
24,1.15451027091396,2.54942267137807,-1.69781680680561,0.904787240035903,0,0,2.28360795825054,2.66278451284534,-3.22944582237981,-1.77825782640576,5
24,1.38374516225067,2.01099336582358,-2.44032835897824,0.904787240035903,0,0,1.8508206607539,0.558423901821018,-4.56973857202017,-1.35349639556488,6
24,1.60464423935695,2.8738895910259,-1.07882935773066,0.904787240035903,0,0,2.83677357025351,1.52077582738936,-3.21595180640616,0.294440948371269,7
24,1.98392378684132,4.65892534311842,-2.93672455209831,1.93790997471302,0,0,4.25871068514529,2.37255481776546,-4.56169547413436,-1.27944072875157,8
24,2.20899077106282,2.3468363751073,-1.75804950610602,1.93790997471302,0,0,2.45805679066276,0.452802328642887,-2.87122529856189,-0.683534146247687,9
24,2.31318844894314,1.13584794558148,-1.50784650370977,1.93790997471302,0,0,1.32660712455423,0.00231532331965623,-3.3097844594887,-0.869852127248912,10
24,2.53825543316463,1.18254108196159,-2.21827529041702,1.93790997471302,0,0,1.28306835801765,0.852148184390978,-4.30645655586655,-0.623452833919353,11
24,2.93420660910985,-1.15598277296302,0.611419020094171,1.93790997471302,0,0,-0.714563927092644,-0.544040428711968,-0.863918144053939,0.947406602425759,12
24,3.15927359333135,-1.45900620301055,1.19080315195796,1.93790997471302,0,0,-1.15692853906403,-0.492372170937749,-0.510663495786099,1.32965260806594,13
24,3.45936290562667,0.369500669050905,0.648818924307922,3.26367922375838,0,0,0.543399831159125,0.297703122055243,-0.736192483304426,0.918282952113344,14
24,3.58440011908306,-0.42234704397348,0.599020089737324,3.26367922375838,0,0,-0.00399701293949264,0.11991237046496,-0.940708609953339,1.59610541914391,15
24,3.77612384638285,-0.929345018807434,1.1270127179391,3.26367922375838,0,0,-0.3915014429391,0.328980285012911,-0.36912338860987,1.85897920686975,16
24,4.00535873771956,-0.435122904343331,1.58630457919989,3.26367922375838,0,0,-0.0472582240086853,-0.864877765206679,0.267484302661275,0.80460003619361,17
24,4.31795177136052,1.13553966769442,1.87592606241786,4.20832117767288,0,0,1.19696711542906,0.0856357910396515,-0.238805559874947,2.166510090784,18
24,4.56385829115808,0.550802293237745,1.33601069596874,4.20832117767288,0,0,0.477427314172511,0.46089536816027,-0.470300286064132,1.25044970760245,19
24,4.89729086037511,0.101751210103597,0.661972210882047,4.20832117767288,0,0,0.336704773693765,-1.00435253015187,-0.470934141474046,1.24067568375706,20
24,5.08067877344448,0.0753176395355223,0.535421297934604,4.20832117767288,0,0,-0.138520289802738,0.614670255426574,-0.795369704474426,1.12232427170185,21
24,5.43911878535278,0.603696710037553,-0.0882048708858311,4.20832117767288,0,0,0.662361646795574,0.926660341784981,-1.87390998286289,0.853098966492047,22
24,5.62667460553736,0.242345044241719,-0.63947251799042,4.20832117767288,0,0,0.269045402793239,-0.118973429858683,-2.38405977439187,0.809032090493556,23
24,5.83923786841322,3.26385603257593,-1.52479497742839,5.78892620018719,0,0,3.02659626589779,1.93361316252492,-2.99088832139776,-0.760842189517524,24
24,6.07680857398035,1.19899271249492,-0.54185686139012,5.78892620018719,0,0,1.44163130665305,0.688326382617552,-1.94612414114988,-0.338277396913996,25
24,6.43524858588866,0.346022860900679,0.00836551874236618,6.08164559045198,0,0,0.702663247664403,-0.544033735406695,-1.24543550076536,-0.801514751871393,26
24,6.74367371241441,-0.279692667834689,-0.387771906467331,6.08164559045198,0,0,0.0898232520151621,-0.413275812170978,-1.76102048059966,0.638887457740067,27
24,6.84370348317952,-0.347652707866021,0.130810910395772,6.08164559045198,0,0,0.133071300287716,-0.079010736424626,-1.80016452656114,0.850772469569493,28
24,7.06043465317059,0.26399995830293,0.0465442746613666,6.08164559045198,0,0,0.515878020785194,0.857255003788267,-1.8820258917677,1.26733803557718,29
24,7.44388210777017,-0.189197562432279,-0.207668029943083,7.17846402377965,0,0,0.080582259141267,0.423390771342874,-1.76895794844148,-0.58795617748761,30
24,7.63977374218517,-0.125583148440148,0.377404197634841,7.17846402377965,0,0,0.00484847872663922,0.747331990626413,-2.2757914889187,2.0317430074753,31
24,7.82316165525454,0.29097239634451,1.01596015650614,7.17846402377965,0,0,0.564343861999427,-0.631962839424158,-1.07829358680712,0.841548736389824,32
24,8.01488538255433,0.38870857306524,0.122070751991167,7.17846402377965,0,0,0.467717477260756,0.400848822618348,-1.17514462030455,1.30443314761036,33
24,8.38582911580828,2.54490289895429,-0.868939329474709,8.28228063127921,0,0,2.66410874731064,2.13990525557056,-2.39701460886047,-0.349545139814186,34
24,8.56504912176243,1.28247679765364,-1.89050936243682,8.28228063127921,0,0,1.06153217725381,0.693569288562544,-3.55533482814826,-1.01554106210879,35
24,8.91515331944031,0.0123362748157794,-0.0115066447442657,8.28228063127921,0,0,0.445214726608572,0.475147242933009,-1.92580545882891,0.617286595425822,36
24,9.13188448943138,0.5302217507461,-0.584261117788553,8.28228063127921,0,0,0.499122870289973,0.105079740626964,-2.07394743604782,-0.565885719076911,37
24,9.32777612384638,0.177994999322293,-0.376884839412229,8.28228063127921,0,0,0.503672049059721,0.0570940715914068,-2.07940063219167,0.420293196018967,38
24,9.66120869306341,2.13305538084895,-0.35918961034122,8.28228063127921,0,0,2.19828126096867,1.13206561428597,-1.94192128971805,0.591040510651577,39
24,9.80291753498065,1.50010241404386,-0.263045073278471,8.28228063127921,0,0,1.30648557304998,2.21231389077335,-1.40312740713676,0.227102244003363,40
24,10.0363203334326,1.9115107186544,-1.5498448018605,8.28228063127921,0,0,1.93338668344334,1.42996375422106,-3.22402773838209,-0.525169419992041,41
24,10.3947603453409,0.616115267055526,-1.73584250822932,10.0974286787516,0,0,0.455670139913867,-0.0788464530657576,-3.88097772025057,-1.60959668103888,42
24,10.7365287287883,2.23327971830189,-1.58607938237114,10.5872401196563,0,0,2.37088937570157,0.782243810960259,-3.30297782839152,0.0946645076056771,43
24,10.8490622208991,0.877846850627274,-1.800460575569,10.5872401196563,0,0,1.17177344111495,-0.000239538363574709,-3.67279246793178,-3.30779779369136,44
24,11.0866329264662,0.707397279829345,-0.0815832804396788,10.5872401196563,0,0,0.989915634984582,0.696582467721987,-1.51407686706123,0.501185233513734,45
24,11.336707353379,0.501525952134305,1.56963581212567,10.5872401196563,0,0,0.942611228213341,0.895802098089163,-0.602237778847213,0.365478403505746,46
24,11.5367668949092,1.6112874230975,0.43004653600729,10.5872401196563,0,0,1.71482522157147,0.715900178172793,-1.20461745569931,0.358081466354489,47
24,11.9994045846978,-0.556886262827764,1.13148221572327,11.5650136172342,0,0,-0.632653146230268,-0.273432930112323,-1.05070666521065,-0.542171967652758,48
24,12.0160762131587,-0.681083139720566,1.35307857818065,11.5650136172342,0,0,0.0253936223917349,-0.746630603239971,-0.586938346818779,1.50137428661559,49
24,12.3245013396844,-0.652811122315318,0.992035419627149,11.5650136172342,0,0,-0.733457749978893,-0.682139140829598,-0.470753435571929,2.47108529748186,50
24,12.5537362310211,-1.01501515813532,0.160148138906644,11.5650136172342,0,0,-0.667406221973715,0.252009753209771,-1.5010556730062,0.949723174342523,51
24,12.8163143792795,0.688663652959442,-0.342780657572939,11.5650136172342,0,0,0.764109137769554,1.97080179578058,-1.69913302789642,-0.439061570820244,52
24,13.0622208990771,-0.615372480843749,-0.943934145558435,11.5650136172342,0,0,-0.164889927625669,-1.30775230170611,-2.47775897966891,-0.419450968268759,53
24,13.2789520690682,0.869086325732551,-0.253802725099234,13.0777870843903,0,0,0.813380115932085,1.62425951132693,-1.63427431329493,-0.279685866809973,54
24,13.5248585888657,-0.405480964934972,-0.122303912738773,13.0777870843903,0,0,-0.286312087774385,-0.162333000902741,-1.6636230759847,-0.313441077109096,55
24,13.7624292944329,0.817048601007171,-1.35197565606579,13.5530067410087,0,0,1.03949902645135,0.0213412927643233,-2.74980520267608,-0.341814925071909,56
25,0,0.370840324406242,-0.0270701426239465,-Inf,0,0,0.570016373918127,0.496188893602521,0.372058750089022,0.945525735476751,0
25,0.191723727299792,1.2018784677055,0.371956459203462,-Inf,0,0,1.29126090265247,0.840885115084758,1.05267684346585,-0.194058674096269,1
25,0.266746055373623,3.57524932975248,-1.52196755319654,0.203595908044372,0,0,3.34441029629712,2.27630669780682,-1.60812408994842,0.231758071067664,2
25,0.629353974397142,1.55311192442539,-2.31068775296055,0.203595908044372,0,0,1.44139186275297,0.277234277230188,-2.22082112831717,-0.437766339231914,3
25,0.879428401309914,2.21512242824332,-2.62165110112843,0.655436977742311,0,0,1.8374817397558,1.14609731485725,-2.23107746582943,-1.59909724566099,4
25,1.19202143495088,0.830332612487315,-1.50777731845998,0.655436977742311,0,0,0.996046294556395,1.22386231273006,-0.807973002708002,0.0559922251596138,5
25,1.2628758559095,1.2512256211395,-1.52703362968488,0.655436977742311,0,0,1.12039480863224,1.85009390634658,-0.909208028681193,-2.49675390392536,6
25,1.52128609705269,1.4467417446603,-1.31018160044421,0.655436977742311,0,0,1.42850483147923,0.576355212148605,-0.625755489815664,-0.23309476597474,7
25,1.79220005954153,-0.0688032735528104,-0.722017759483975,0.655436977742311,0,0,0.202558456811395,-0.278489892116612,-0.319128523120024,0.344807929286903,8
25,2.13396844298898,-0.415070097228518,-0.986697720459939,0.655436977742311,0,0,-0.597550018454938,0.157457718369755,-0.262720146045686,0.916930247447005,9
25,2.26317356356058,-0.420621436750246,0.53107801087267,0.655436977742311,0,0,-0.336823690685102,0.724559431136602,0.998450141674405,1.94559942587967,10
25,2.57159869008634,0.860616543778129,-0.28181043750412,2.35404235599204,0,0,0.642361000384586,0.231775473110531,0.548516652797293,0.425340951554288,11
25,2.80500148853826,0.0761280868104476,-0.483801927421656,2.35404235599204,0,0,0.0550846743677619,0.714512099695372,-0.0159279504257473,1.2187928246324,12
25,3.18011312890741,-0.0944392506186548,0.26479821978518,2.35404235599204,0,0,-0.131946797160416,-0.785940434405055,0.556256337803961,0.897533666666341,13
25,3.42601964870497,0.249065596422485,0.413860529941987,2.35404235599204,0,0,-0.0319088339733363,-0.187851768713223,0.907119760245573,1.44014255788319,14
25,3.52604941947008,-1.00627242025988,-0.0423410889397735,2.35404235599204,0,0,-1.14062414772787,0.291119553287771,-0.179303980035018,0.922166938612533,15
25,3.96784757368264,0.989043493068701,0.243780798999504,3.64670207979552,0,0,0.503542402623432,0.638109029254797,0.611777549520899,1.42005525604164,16
25,4.05954153021733,1.18293479782402,-0.948306450038559,3.64670207979552,0,0,0.736127227956239,0.685998302581591,-1.17437514302837,0.387739954135363,17
25,4.44715689193212,0.630117767244864,-1.49184185384041,3.64670207979552,0,0,0.269984351328353,0.778660886505101,-0.975627529890248,-1.16858682195608,18
25,4.64721643346234,-0.464926338648795,-1.19242941772959,3.64670207979552,0,0,-0.834220762056264,-0.788182264119869,-1.06037345810808,-0.639486407528278,19
25,4.88478713902947,1.87955334280817,-0.719735788822321,4.75249016079335,0,0,1.33508946476436,0.745426496510109,-0.436935878293785,-0.203293968493595,20
25,5.0223280738315,0.721982763856715,-0.191591422268823,4.75249016079335,0,0,0.769595833223983,0.854151057394551,-0.0799353420376701,0.721255240780661,21
25,5.43078297112236,1.65435567309818,-1.35623546847539,5.3929527786238,0,0,1.73479958359651,1.11208055375746,-0.916299589289321,-0.975989864370222,22
25,5.58499553438523,0.129271643301807,-0.82945367314547,5.3929527786238,0,0,0.0980028170341054,-0.66333216535957,-0.711497600359284,-0.586669167250303,23
25,5.8642453111045,-0.278814069734598,-0.103927280334565,5.3929527786238,0,0,-0.38267656827325,-0.0902680589559115,-0.384766039823909,0.00253481666974564,24
25,6.15183090205418,-0.679428474296061,0.314826770062059,5.3929527786238,0,0,-0.158844272200684,-0.663304412761526,1.17401692442398,0.29874196535614,25
25,6.26019648704972,-0.277125716833534,-0.537724833269207,6.18874539552579,0,0,-0.355070206473507,0.0252329394078202,-0.177826983967287,0.903243100707649,26
25,6.55194998511462,-1.15281887977877,1.68539354818759,6.18874539552579,0,0,-1.48966939298918,-0.780870346156837,2.21730857522397,2.82046044301285,27
25,6.96457278952069,-0.551086975215048,0.934341131869767,6.18874539552579,0,0,-0.864479333967349,-0.335959688660069,1.40247887779032,0.967641285952537,28
25,7.21047930931825,1.01661541937902,0.945347811186473,7.17985217402367,0,0,0.873981011564705,0.283214643202946,1.63936191145729,3.05687938554496,29
25,7.31050908008336,0.174329282276942,1.17623424755898,7.17985217402367,0,0,0.130546695389969,-0.804705298960505,0.980915120764291,1.97720130937147,30
25,7.53557606430485,0.516958167350425,0.424140598000647,7.17985217402367,0,0,0.858004560046025,0.612967035364544,1.28277405957376,0.216569958417824,31
25,7.82732956236975,-1.52853672305548,0.229982084738913,7.17985217402367,0,0,-1.43317440213954,-1.02941784038754,0.544979210758583,1.70398923466562,32
25,8.16909794581721,-0.739969327997112,1.17465181279894,7.17985217402367,0,0,-0.800020384152208,-0.347181140245616,0.964972456270737,1.1349871331288,33
25,8.27329562369753,1.24447203367999,0.0907549785289485,8.24919612203689,0,0,1.12643891472339,0.753104402444423,0.730903182114243,0.477055581621634,34
25,8.54004167907115,0.449996544049951,-0.131115055678049,8.24919612203689,0,0,0.300562894483359,1.04345289136069,0.0543190027265639,0.104444242986206,35
25,8.78594819886871,-1.33539199009897,1.08791694944387,8.24919612203689,0,0,-1.01658193739187,-0.796940195650035,1.47321909461784,1.66018621561585,36
25,9.23191426019649,-0.498685555563999,-0.0380710957696611,8.24919612203689,0,0,-0.514923215834138,-0.397256925235862,0.0825465218734114,1.13262449817025,37
25,9.25275379577255,-0.623750096555843,-0.26222858260841,8.24919612203689,0,0,-0.772525660607843,-0.813447496618206,-0.149350486639854,-0.948999422250717,38
25,9.54033938672224,-1.7026422453973,0.493543961509871,8.24919612203689,0,0,-1.4678751958798,-0.832980310957625,1.17681354790802,2.26166208830572,39
25,9.94462637689789,-0.724111627393935,1.07171904647026,9.65489294981369,0,0,-0.190480037218238,0.348625410239695,0.986261122103359,1.70415017140859,40
25,10.0613277761238,-1.1585767942385,1.70097527672846,9.65489294981369,0,0,-1.33577881687029,-0.404979178275347,1.91799245521848,2.16386892134645,41
25,10.3322417386127,-2.7558422950216,1.58063296930668,9.65489294981369,0,0,-2.36233501116586,-1.64000745335224,2.20607303395508,2.41555707194993,42
25,10.7323608216731,-1.78823562323679,2.53175467410539,9.65489294981369,0,0,-1.72386541785149,-0.200112280673536,2.62489797164731,3.21912679892888,43
25,10.7740398928252,-1.96600054579493,2.62047636548848,9.65489294981369,0,0,-1.65863571122103,-0.433606272459817,2.72426053807973,2.72336359891278,44
25,11.0908008335814,0.257631212416738,0.6652316206766,10.965005485812,0,0,0.385715541983382,0.747706160170404,1.28850118229824,1.11980187116236,45
25,11.4659124739506,0.312504301449858,0.810018362685636,10.965005485812,0,0,0.213794351586012,-0.203050252785591,1.01230794772274,0.935015429890041,46
25,11.6618041083656,0.872790792352628,-0.540393709485681,11.4777186712519,0,0,0.870099911544197,0.799858769811873,-0.318903180182786,1.2936988357433,47
25,11.7743376004763,0.915986928426961,-0.491684662359818,11.4777186712519,0,0,0.643486897714302,0.688409736382195,-0.61614733793694,1.77149967775691,48
25,12.1702887764216,-0.41063446495385,-0.306586502527549,11.4777186712519,0,0,-0.937554094549043,-0.00768665403467778,0.0607256473473714,1.15713966189444,49
25,12.4787139029473,-0.904732495441994,-0.0548381338721212,11.4777186712519,0,0,-0.777289948596612,0.193309243555893,0.763067469216947,1.65320976121797,50
25,12.5037213456386,-0.863908445928362,-0.453925455011531,11.4777186712519,0,0,-0.927028741390238,0.935557004781539,-0.557716562524769,0.0367654313613292,51
25,12.9413515927359,-0.374504477764139,-0.531331254786798,12.537615977602,0,0,-0.875266946914407,-0.128400918651225,-0.333535171113659,1.19078895047782,52
25,13.0747246204227,-0.731243617024624,-0.0759525226519701,12.537615977602,0,0,-0.777278271122718,-0.671520341217703,0.668432170049163,1.12671495727668,53
25,13.3414706757964,0.426185168766094,0.458546736594073,12.537615977602,0,0,0.309278422220542,0.288049454492883,1.00181018551236,-0.382605338276269,54
25,13.5623697529027,0.47799332433275,-0.510146306297015,12.537615977602,0,0,0.64160664163345,0.655470772063852,0.0109815604220265,0.538859313522677,55
25,13.7916046442394,1.46555137829644,-0.580208226324733,12.537615977602,0,0,1.45568113222049,1.35485792146902,-0.103739902725476,0.556751880555071,56
26,0,-0.484402870107224,0.0552374388376334,-Inf,0,0,-0.273527199911025,0.584006430134011,-1.83414196797867,1.23184314821499,0
26,0.00833581423042572,-0.736366776551441,0.193484941541692,-Inf,0,0,-0.961773728814806,-0.305610649497339,-0.946668186875375,1.34921614149175,1
26,0.300089312295326,-0.889534718131883,0.53712679821372,-Inf,0,0,-0.936221825237098,-1.09230009180011,-1.21958587721621,1.66608885916321,2
26,0.716880023816612,0.872198564259844,-0.984255491536584,0.323604341363534,0,0,0.666978590363399,0.444268981933265,-2.34120052909983,1.16151515756792,3
26,0.891932122655552,0.194939411870818,-0.332891733874159,0.323604341363534,0,0,-0.122181196829454,0.574112465658556,-1.26303043228867,0.519878548566108,4
26,1.07532003572492,-0.147300071275167,-1.20449925047434,0.323604341363534,0,0,-0.527879040376416,0.0214412566750913,-2.88680727780593,-0.345182958861671,5
26,1.31289074129205,0.990411475440223,-1.00612627483603,1.10146474919568,0,0,0.756001531413258,0.721414920814278,-2.40475939958025,1.22859239380939,6
26,1.65882703185472,-0.414270341843011,0.280976374893581,1.10146474919568,0,0,-0.705928346487478,-1.69375983124877,-1.07376839792577,1.25978642543967,7
26,1.8463828520393,-0.576064241581292,0.021500323647177,1.10146474919568,0,0,-0.419072955262644,-0.029610719705981,-1.4502052155856,1.75143970734226,8
26,2.06311402203037,-0.763177381647948,-0.184773163956525,1.10146474919568,0,0,-1.21540664948006,0.542204128439544,-1.77734586900228,0.82090738074715,9
26,2.30485263471271,0.26210856423033,0.248492079713474,1.10146474919568,0,0,-0.220098074844956,-0.410573825966369,-1.23310963107698,1.6672254312317,10
26,2.64245311104495,1.6900517635078,-0.546759998809064,2.41330605670452,0,0,1.34518151555822,0.463031182715466,-1.55267429123492,-0.303773216513585,11
26,2.87168800238166,1.29743470124639,0.323289216782913,2.41330605670452,0,0,0.823879316897181,1.11913182384892,-0.453928469718094,1.58445338833971,12
26,3.02590056564454,0.775465460361239,-0.803389571764678,2.41330605670452,0,0,0.645044482361618,0.390888428922889,-2.21229871817318,0.758266926541283,13
26,3.31348615659422,-0.170504206104063,-0.380928638953582,2.41330605670452,0,0,-0.443735736784782,0.136051740972555,-1.79252541858347,0.362929569626938,14
26,3.63441500446561,1.2536732033198,-1.0596647868194,3.4879902648453,0,0,0.603523062406093,0.330878498938637,-1.77419777723896,0.481216213914983,15
26,3.81780291753498,0.386006310571474,-1.51031211998702,3.4879902648453,0,0,0.160710050384754,-0.299018235009781,-2.73446828266785,0.331652383735865,16
26,4.10122060136946,1.13609262913485,-0.552004459720131,3.952075726718,0,0,0.677063589090588,-0.0153760861523962,-1.50968263162428,-0.652439046739014,17
26,4.3429592140518,1.24738670225687,-0.347444717242649,3.952075726718,0,0,0.97955275422407,1.29822943068441,-1.34166065027066,1.07270261704166,18
26,4.51801131289074,1.30064576682102,-1.16436536356396,3.952075726718,0,0,0.79882277668826,0.107973084977216,-2.04125742048495,0.70518949946511,19
26,4.80142899672522,1.47393422180624,-2.47009848587121,3.952075726718,0,0,1.39575874415544,0.655466681634562,-3.69148434647731,-0.431163525733499,20
26,5.06817505209884,2.01714537266735,-2.59168838629474,3.952075726718,0,0,1.4483539333891,1.26777449692092,-3.34476682147106,0.22237412814426,21
26,5.3140815718964,1.50646613444071,-3.54253471364962,3.952075726718,0,0,1.34629235957326,0.443171382944334,-5.19738092291963,-0.154347009756867,22
26,5.51830902054183,1.13073741737137,-2.52477835049412,3.952075726718,0,0,0.688170052118159,0.797147583109312,-4.07696452669958,-2.57108666494644,23
26,5.84340577552843,2.1698297605782,-2.01854294967328,5.5215108100701,0,0,1.91951215037261,2.04816072313571,-3.01629517616344,-0.772146973164403,24
26,6.2226853230128,1.11174147859023,-1.03100338450023,5.5215108100701,0,0,0.888722675752882,0.930049503041121,-2.56863150792901,0.846202456655674,25
26,6.45608812146472,1.94107012310124,-1.08911277802345,5.5215108100701,0,0,1.7724544041542,0.515084641479809,-2.53702780145364,0.801196633537836,26
26,6.72700208395356,0.137311453385551,-1.26647819708424,5.5215108100701,0,0,0.0722400239233419,0.608777357062451,-2.06415749373879,1.32231870937297,27
26,6.86037511164037,2.22114384926658,-1.85920963894544,6.85758902909091,0,0,1.96008537462661,1.40450491880238,-3.08375266969915,0.757675375523123,28
26,7.18547186662697,0.469718121821469,-0.344480074408742,6.85758902909091,0,0,0.113333783008929,0.507692311949796,-2.01916888614531,1.12747140573017,29
26,7.31050908008336,-0.205401759861104,-0.42165188275951,6.85758902909091,0,0,-0.122117100322198,-0.34746745663004,-1.68552677807847,0.795531591900999,30
26,7.51473652872879,1.06040926662071,-0.316457178626082,7.4149086714364,0,0,0.790984867801921,1.24123602929515,-1.45574040666398,0.43204207107517,31
26,7.88568026198273,0.177014252399504,-0.240210950260839,7.4149086714364,0,0,0.132640672907949,1.02246533326463,-1.18631913463729,0.474801432255332,32
26,8.04406073236082,0.412866126910347,-0.478193456597571,7.4149086714364,0,0,-0.0224073688950749,0.426949697383698,-1.59804037725213,1.04386700411136,33
26,8.42750818696041,1.07785455094727,-0.0448637555463999,7.4149086714364,0,0,0.454055019544369,0.191616517873146,-0.885618954139381,0.518388538288621,34
26,8.63173563560584,0.888721488735943,-0.538511495732958,7.4149086714364,0,0,0.368873610074567,1.76207806341979,-1.68271378698028,-0.0474810044839186,35
26,8.99851146174457,0.923411974935014,-1.56578544717481,8.74075194211641,0,0,0.592851812697533,1.06983862769871,-2.97990981284222,-0.672575653864014,36
26,9.24025007442691,1.01608200156468,-0.865000605884238,8.74075194211641,0,0,1.03965669006516,-0.0105864340824835,-2.27819467519739,0.42166386194998,37
26,9.29443286692468,1.08225444634954,-0.946732668870965,8.74075194211641,0,0,0.801881577089417,1.25306087557643,-1.85986194818255,0.575860281845892,38
26,9.57785055075916,2.5326051339279,-2.90667845896835,9.54132316269231,0,0,2.07869679518644,1.19229411345738,-3.85366408482446,-1.60571582993095,39
26,9.89877939863054,-0.267756509602076,-1.35949858704904,9.54132316269231,0,0,-0.829757176739694,-0.290625568839089,-2.62798738328805,-0.951766651075304,40
26,10.1780291753498,-0.77860038357291,0.346006931369314,9.54132316269231,0,0,-0.679356533107539,0.538209703522329,-0.449495791923629,1.58183499410807,41
26,10.2530515034236,-0.697898327997956,0.0199790849566217,9.54132316269231,0,0,-0.746696941914197,-0.69310704479871,-1.49319812291398,2.02338501479711,42
26,10.5114617445668,-0.0427072145549588,-0.38621566666509,9.54132316269231,0,0,0.327144457576965,-0.252013968792876,-1.42299763616748,0.869318571583524,43
26,10.7657040785948,-0.193919521668606,-0.783937513130495,10.5378965224659,0,0,-0.364971272521246,-0.258422709777775,-1.88796740117747,0.320687248833186,44
26,11.0699612980054,0.0812486938127472,-1.48040602786337,10.5378965224659,0,0,-0.533195283430273,-0.253211110577606,-2.69843128127,2.04412528296399,45
26,11.4784161952962,0.725796644743912,-1.1185008944409,10.5378965224659,0,0,0.29482775076594,0.249966381455184,-2.37126463727876,-0.179438321127448,46
26,11.532598987794,0.720069965132215,-0.81362258541462,10.5378965224659,0,0,0.586706660542103,1.17619270397585,-2.21602699418946,0.198818460183636,47
26,11.7660017862459,0.329230994081325,-0.300115938771158,10.5378965224659,0,0,0.395780308076636,0.339652691904982,-1.65698824351543,0.778107870989712,48
26,12.2286394760345,0.933731812662742,-0.244383245614793,12.0426406678547,0,0,0.230735265680461,0.123975851423383,-1.52906956828409,2.19860210514931,49
26,12.4412027389104,0.958008776206503,0.63905170809378,12.0426406678547,0,0,0.827333976961995,-0.117503873401341,-0.870706076624536,2.31506433726314,50
26,12.5495683239059,0.981159270949032,1.18067918205951,12.0426406678547,0,0,0.544177047732113,1.34109644161348,0.0225888339520376,1.84888367047862,51
26,12.9496874069664,0.777893223776641,-0.215786234451875,12.0426406678547,0,0,0.509530876166299,0.646816442565223,-1.75363905314612,0.385260925232291,52
26,13.2122655552248,0.723442233813202,-1.48980903888528,12.0426406678547,0,0,0.987377297613237,0.316296756957284,-2.53080299352912,-0.116342123080392,53
26,13.3081274188747,2.85624984384368,-2.37652521107398,13.2163415992418,0,0,2.37460187852297,0.317778793262237,-3.4858464631715,-0.324987417182363,54
26,13.6957427805895,0.463319197251558,-1.4862387891211,13.5685680498718,0,0,0.258485681401564,0.239338433166521,-2.75057898088116,0.341236825468681,55
26,13.7707651086633,-0.168663825063885,-0.632712528952037,13.5685680498718,0,0,-0.379395812684376,0.460602244763204,-2.03548402793317,-0.229298098886319,56
27,0,0.0412382398973323,-0.773423713936894,-Inf,0,0,0.293705342933807,0.564346477629319,-1.20122379857661,-0.671258611753563,0
27,0.0666865138434058,-0.116456652239487,-0.723456311185412,-Inf,0,0,0.341256615106444,1.4032348281341,-0.900619159622039,0.914981853596283,1
27,0.450133968442989,0.883352248635437,-1.01159441741303,0.0706811314914376,0,0,1.02287116272775,1.23814725563085,-1.54300184262568,0.936678697037008,2
27,0.675200952664484,0.524285677387682,-0.543049646138832,0.0706811314914376,0,0,0.629191667415512,2.58360542697921,-0.886532190076692,1.2730557344576,3
27,0.875260494194701,0.258611909283264,-0.931715351586974,0.0706811314914376,0,0,0.561851966787406,0.715405964856707,-1.76937556401596,0.15023587227391,4
27,1.22536469187258,2.49809279174712,-1.51001756895825,0.876148450326246,0,0,2.41577216206698,3.410082145191,-1.80264246146508,-0.218383742051708,5
27,1.47127121167014,1.70762893130188,-1.12035548817429,0.876148450326246,0,0,2.11207333471454,1.89221806431495,-1.73162677144144,-0.925271853015902,6
27,1.64632331050908,0.34926003129435,-1.60150842253194,0.876148450326246,0,0,0.562524160618664,1.33294940643904,-1.98776306226297,0.669585208702843,7
27,1.96725215838047,2.16323572052637,-1.75355350904724,1.92004627764332,0,0,2.1025235718308,1.85767756870122,-2.4939301979109,-0.245766615864707,8
27,2.06311402203037,1.04289515530471,-0.588683531346985,1.92004627764332,0,0,1.24613679855549,1.96399667649997,-0.625773722228503,0.168784853237416,9
27,2.45072938374516,0.591830214121504,-0.0452116411064127,1.92004627764332,0,0,0.91194766965419,1.02881036705231,-0.276315151726726,1.61042706676919,10
27,2.66329264662102,1.47192143220936,-0.593796846830674,1.92004627764332,0,0,1.63924409287314,2.93474109554664,-1.05963763973128,1.63672563352011,11
27,2.89252753795773,0.890827000149397,-2.09670455462082,1.92004627764332,0,0,1.23266475157717,1.21047933858521,-2.45125251898554,-0.904307393745547,12
27,3.08425126525752,2.12928506535646,-2.46783593866863,2.96981998064484,0,0,2.05485959312738,2.94673783309988,-3.22851561544179,-0.971410276442895,13
27,3.25930336409646,1.11273105896914,-1.89921583770654,2.96981998064484,0,0,1.18607114749345,1.99053451186278,-1.885126965386,-0.581093331048048,14
27,3.73444477523072,1.15395675529745,-1.34421615211591,2.96981998064484,0,0,1.60110716948037,2.61893615264567,-1.9311704259225,-1.68394848191313,15
27,3.955343852337,-0.379034159075166,-0.184430862038244,2.96981998064484,0,0,0.0523534915579636,0.134137057587694,-0.473732683552061,0.925265969024748,16
27,4.05537362310211,-0.486325077432009,-0.05530591903456,2.96981998064484,0,0,-0.250466672141249,0.59822738028585,-0.211890635461425,1.81819390766582,17
27,4.40964572789521,1.78835934855805,-0.570920402875158,4.34953888237226,0,0,1.95393473995508,2.51639854468469,-1.05455099355795,0.7180904208534,18
27,4.67222387615362,0.661767657833718,-0.480493550687758,4.34953888237226,0,0,1.03881982131877,1.68709591233554,-0.97146997317938,-0.942534323913291,19
27,4.95564155998809,-0.642020212870888,0.096001472465038,4.34953888237226,0,0,-0.0945391091045175,-0.150374532268083,-0.0854569631242253,1.89579038673857,20
27,5.20154807978565,0.691970063431123,0.448780471595696,4.34953888237226,0,0,0.981596624217292,1.40851035405841,0.247431567120012,1.92389408119823,21
27,5.39327180708544,-0.347666901679122,-0.522224900382068,4.34953888237226,0,0,-0.0329506549667008,1.68921398539409,-1.14018752934976,0.111292086589005,22
27,5.5099732063114,1.16148303430743,-1.03424269761815,5.44724656270387,0,0,1.49966492889089,2.48054284630852,-1.38518931491091,0.93950789162601,23
27,5.82673414706758,-0.656881822890394,0.874122953148018,5.44724656270387,0,0,-0.384508818514571,1.33819437849123,0.487705297180891,1.79999408560973,24
27,6.08514438821078,-0.937212457737986,0.810821571419343,5.44724656270387,0,0,-0.432178010044479,0.611425749223863,0.647852579169187,2.06866004499348,25
27,6.28103602262578,-1.21271416015937,0.422297112647128,5.44724656270387,0,0,-0.796265671956775,1.15933781825243,0.675331312467574,2.06005440122986,26
27,6.67281929145579,-0.397206123098796,1.519444240031,6.40121994231684,0,0,0.157117671837277,0.208666677429195,0.972479896564601,1.67475097148153,27
27,6.85620720452516,-0.889763505285993,1.77750654296105,6.40121994231684,0,0,-0.932602630963069,-0.126318224461285,1.8566257419489,1.77894555284842,28
27,7.0979458172075,-0.35934514554377,0.952616368331071,6.40121994231684,0,0,-0.274339277837149,-0.391268121122488,0.968118995049321,2.23491605137272,29
27,7.28966954450729,0.379998732656403,-0.659033331282918,6.40121994231684,0,0,0.766683101926144,0.584345131771406,-1.06538894800583,1.86380543591202,30
27,7.74813932718071,1.25969464253301,-1.26138676656687,6.40121994231684,0,0,1.3722062421681,2.08895609336005,-1.65688540125715,-0.310192004166593,31
27,7.96903840428699,2.50020172633774,-1.65977810849317,7.84307355886468,0,0,2.48857204625414,1.93877151387021,-1.76078800638706,0.345475182249162,32
27,8.06490026793689,1.83777635693535,-1.82931831706095,7.84307355886468,0,0,2.20314379158311,1.65696542887137,-2.36185474671338,-0.511835308610446,33
27,8.30247097350402,1.57805507490073,-1.12464535169923,7.84307355886468,0,0,1.95092675630907,2.1380480042778,-1.47497269587655,-0.72567153387188,34
27,8.69842214944924,2.24019342043336,-0.796505050947169,7.84307355886468,0,0,2.15360726079875,2.5404398260295,-1.11009269232697,0.0934501825845209,35
27,8.75677284906222,2.21736123028014,-0.666489564751602,7.84307355886468,0,0,2.38866166917148,2.42254547895748,-1.12112211108495,0.235734930702507,36
27,9.22774635308127,0.73589163945209,-0.647414079539638,8.87774543059954,0,0,0.7898177348228,0.685523969297794,-0.450157772758592,-0.426807395747016,37
27,9.38612682345936,0.521836209868201,0.61761460533996,8.87774543059954,0,0,1.01018694965,1.29084429168945,0.326613009301372,2.3626997208292,38
27,9.71539148556118,1.15943768543964,0.0189619949017055,8.87774543059954,0,0,1.68508259466571,2.11165770910476,-0.56076565265678,-0.10776384767037,39
27,9.84876451324799,2.35803347294891,-0.509710406726572,9.82913693886501,0,0,2.55433871885404,2.87278872469863,-0.722901038438362,1.51688017779996,40
27,10.1988687109259,1.87786406123266,-0.93074469966035,9.82913693886501,0,0,2.27028455264412,1.9763720382095,-1.18609619310338,0.308190813952599,41
27,10.4989580232212,0.789264432320301,-0.319294914026525,9.82913693886501,0,0,1.00041756919389,1.87554220411129,-0.422253688815421,0.691726421028258,42
27,10.7281929145579,-0.044721953197271,0.12295067053743,9.82913693886501,0,0,0.226951312165482,0.502307933515091,-0.90619163635854,1.83865796892086,43
27,10.7782077999405,-0.44003702148773,0.166480902481581,9.82913693886501,0,0,0.27492100277457,0.344513111262493,0.0840433232633667,3.05324272390861,44
27,11.1824947901161,0.332552395913448,0.937075703843846,10.8266454256659,0,0,0.37322569818044,1.68248237709452,0.139542172463785,1.07085024642159,45
27,11.4534087526049,-0.912965242269605,0.918584710409125,10.8266454256659,0,0,-0.39762961878333,0.164539269483392,0.736884541885975,0.998723207307316,46
27,11.7493301577851,-0.88837483233194,0.688959060711575,10.8266454256659,0,0,-0.781295995059085,0.285226588064152,0.4996860610613,1.10978954513643,47
27,11.8243524858589,-0.244286625166201,0.710232408125824,10.8266454256659,0,0,0.221959622552998,1.42193866188688,0.0493042341142599,1.7823122725434,48
27,12.1661208693063,1.78167207623772,-0.766195506115654,11.9357178020327,0,0,2.18979654058394,2.48270479068932,-0.561744333601037,0.535162978223479,49
27,12.4453706460256,-0.0739585561645212,0.861235622990878,11.9357178020327,0,0,0.351950650847584,1.73742111750621,0.591081841130306,0.666900064671745,50
27,12.5912473950581,-0.00998413499425192,-0.144973159167997,11.9357178020327,0,0,-0.15015599710095,0.569354660798183,-0.267644603821719,1.33333714041002,51
27,12.7996427508187,0.703423393773704,0.022092254643782,11.9357178020327,0,0,0.990347805777939,2.52842446036454,-0.595729021611652,0.688411256890454,52
27,13.078892527538,1.70581756569853,-2.29896614230567,13.0629678196524,0,0,1.75459454891746,2.32038372705334,-2.21624072551338,0.6083402700065,53
27,13.3956534682941,1.22934309740261,-2.20026508442556,13.0629678196524,0,0,1.27571151930403,2.384124313498,-2.4039395535815,0.41001301500675,54
27,13.5623697529027,0.458920320585198,-1.72405402576268,13.0629678196524,0,0,0.329048381421966,2.03788654695834,-1.96359470534161,-1.17862591044317,55
27,13.9833283715391,0.0709416544768015,-2.29707770133062,13.872057145345,0,0,0.437197940103017,0.772527526783762,-2.49637426289115,-0.774638933459971,56
28,0,2.02727182505167,-0.801640321453736,-Inf,0,0,1.76794646024372,1.0992889224111,0.144589835146438,-0.981941075876993,0
28,0.100029770765109,2.32412867447248,-1.88415858684877,-Inf,0,0,1.79514459578058,1.51957462343628,-0.845375324408856,-0.924193891092157,1
28,0.462637689788628,2.29227217613727,-3.02327904027935,0.376292182551697,0,0,2.06269304796303,1.47908987073596,-2.12146175849657,-2.44140336636428,2
28,0.504316760940756,2.32028023318759,-3.27374434811565,0.376292182551697,0,0,1.80614610515635,0.911058447742374,-2.22515205750865,-2.62630539227676,3
28,0.787734444775231,2.17322599574245,-2.52855788906287,0.376292182551697,0,0,1.83553572116351,1.6801305240609,-1.51585385505442,-0.247482999142551,4
28,1.15451027091396,1.49937535005647,-1.45507465284251,0.376292182551697,0,0,1.0661899512481,0.840529006897615,-0.646934950678289,-0.670065823348205,5
28,1.30455492706163,3.19795449828008,-2.71095685212844,1.27647231223348,0,0,2.55147248781741,1.99479690664892,-1.92964300391127,-1.72417217358749,6
28,1.683834474546,1.83456086865512,-1.63255575080243,1.27647231223348,0,0,1.15059394304337,0.639006446729073,-0.988432584331954,-0.764152945801176,7
28,1.80470378088717,2.02204638551244,-0.550424979383495,1.27647231223348,0,0,1.57569774745454,0.68802598348127,0.737883988920145,-0.572144226493883,8
28,2.17981542125633,1.34661759822757,-1.61925783972062,1.27647231223348,0,0,1.09395158742503,1.79082235517475,-0.0935627793990111,-0.694223994695095,9
28,2.42572194105389,0.550827323129691,-0.980404799229109,1.27647231223348,0,0,0.447674250841127,-0.12397391260618,0.109968517397249,-0.191790524426294,10
28,2.53408752604942,2.17583008352633,-2.31719584194146,2.44087963518328,0,0,2.31195021416691,2.15425196806776,-1.46885774163296,-0.690164414114175,11
28,2.88002381661209,-0.0687655897850379,-0.497806711404317,2.44087963518328,0,0,-0.00460165044256208,0.21659263995211,0.917255649179199,0.585997992436221,12
28,3.15510568621614,0.750966441931809,-0.450652949188396,2.44087963518328,0,0,0.449202552260883,1.29997625021095,0.615770508715862,-0.4731220234374,13
28,3.29264662101816,0.463581234220379,-1.43543800657939,2.44087963518328,0,0,0.22470803434997,0.524671328022014,-0.0292709508717906,0.0807681171082549,14
28,3.60523965465912,2.55352838326642,-1.72756259138189,3.42625302217829,0,0,2.21038014926325,1.79666061785404,-0.668646854644272,-0.464010679978865,15
28,3.79696338195892,2.40490742104863,-1.69847272566722,3.42625302217829,0,0,1.9039629645125,1.20733771412558,-1.09249077923664,-0.550058198198286,16
28,4.13039595117595,1.17617042825815,-0.938192288832811,3.42625302217829,0,0,0.889164831530904,1.34017939296521,-0.114329079919981,-0.371767443092701,17
28,4.33045549270616,2.18856089833244,-1.54447548315363,4.27412550814199,0,0,1.90544892553174,0.401083842112251,-0.382037730982928,-1.11191804266484,18
28,4.64721643346234,-0.152394486738335,-1.05068552319005,4.27412550814199,0,0,0.00164720088690384,1.51611674946758,0.414991125462153,-1.29456129761408,19
28,4.81810062518607,-1.04631050463914,0.639895215686116,4.27412550814199,0,0,-1.02433896361096,-0.485520504361473,1.71040178554938,0.540386474203709,20
28,5.11402203036618,-1.3117954304159,0.568163413432214,4.27412550814199,0,0,-1.06739575002653,-1.46285174557053,1.56781408893102,-0.157053016416026,21
28,5.45995832092885,0.764802196014502,-0.00795681385783274,5.36619307560882,0,0,0.379055167100214,1.16046747451175,1.28188559512388,0.523269016812447,22
28,5.66835367668949,-0.238225268101068,0.602429238324279,5.36619307560882,0,0,-0.401212192344237,-0.156252155552817,1.38144328164194,2.1491237817531,23
28,5.91842810360226,0.0687123759744697,0.802295307984864,5.36619307560882,0,0,-0.0186615433498098,0.844410248724041,2.33779627371084,1.45991249182702,24
28,6.11848764513248,0.650988294604895,-0.312006202135836,5.36619307560882,0,0,0.543250003133232,0.34664660444842,1.27885272605684,1.36269491781822,25
28,6.28937183685621,0.847715049596,-0.0513339876322295,5.36619307560882,0,0,0.658084436011266,1.21488399482565,0.802685889681687,0.429963857002936,26
28,6.50193509973206,0.120984558321585,0.0266584772054742,5.36619307560882,0,0,0.0562721803566367,-0.422272523264207,1.37559633036572,-0.597667195066214,27
28,6.85620720452516,1.56166919725577,-1.29617882573367,6.59563385670861,0,0,1.28187475506996,1.25650668834643,-0.461117954093184,0.380113757077352,28
28,7.24799047335517,0.298415055626967,0.337244603831949,6.59563385670861,0,0,0.182845152034514,0.238823529582546,1.61299171918998,0.318205923887077,29
28,7.43971420065496,1.04695996279374,-0.293814041605572,6.59563385670861,0,0,0.79076230772802,1.12466635924482,0.912191895426449,-0.995063673396308,30
28,7.59392676391783,0.0501559795605428,-0.917912958763306,6.59563385670861,0,0,-0.0882743414591147,-0.253374947418446,0.302324583824315,-0.152298965097654,31
28,7.96070259005656,2.47356859543013,-3.19601512556175,7.67820618654279,0,0,2.28046587824614,0.867679803545435,-2.27967997432606,-2.56734444095598,32
28,8.04822863947603,2.07365183512559,-3.37579006440163,7.67820618654279,0,0,1.92569582927018,0.167946487174718,-2.58011441700476,-2.43972444123427,33
28,8.49419470080381,0.998738392004245,-1.50509468554425,7.67820618654279,0,0,0.987532780120855,0.0882398826589799,-0.294807437119916,-0.41065447033007,34
28,8.70675796367967,2.70066775216948,-1.34528104438321,8.67391950752085,0,0,2.26827362161937,2.11611811904088,-0.407347812068794,-0.12063272388076,35
28,8.7817802917535,2.39059932454573,-0.683199324828462,8.67391950752085,0,0,1.99412048847758,1.25020442563118,0.562350777923884,-0.686479525363275,36
28,9.18189937481393,2.7455968482679,-0.455754596258415,8.67391950752085,0,0,2.37322260782141,1.37884836516211,1.54137031466661,0.257995905398718,37
28,9.34861565942245,2.0470339713922,-1.67927410413749,8.67391950752085,0,0,1.86895709706272,0.560906981888917,-0.95366013982811,-1.43568963280542,38
28,9.7237272997916,1.73147635485027,-1.25679606651298,9.71931424928614,0,0,1.24042044652098,0.609512217538389,0.146783813015815,-0.904909782856041,39
28,9.96129800535874,1.44527905053756,-0.584022014093345,9.71931424928614,0,0,0.879973971052252,0.796971219168381,0.172214472091668,0.363876344469667,40
28,10.1780291753498,0.554935437010462,-0.421222856966431,9.71931424928614,0,0,0.445052009521431,-0.301110033138185,0.256453780783831,-0.665511311391431,41
28,10.3155701101518,0.774441617317076,-0.574746508271777,9.71931424928614,0,0,0.694587682513052,0.683750738753773,0.922497030809732,0.531222854053911,42
28,10.749032450134,0.546979281973876,-0.692213135452221,9.71931424928614,0,0,0.946260858324256,0.0267690073398677,0.0967914118357552,-0.314467472464894,43
28,10.9365882703185,1.78467987619136,-1.06062367025793,10.7617156195974,0,0,1.92992460533209,1.57254729326988,0.207644136931964,-1.51712721872593,44
28,11.2491813039595,-0.883959132933691,-0.214489418300627,10.7617156195974,0,0,-0.825849205908409,-0.825589913564141,0.729696757362842,0.715524309757172,45
28,11.3450431676094,-0.15614100255573,-0.483110756282222,10.7617156195974,0,0,-0.416477275448767,1.3651722575922,0.533979798943662,-0.046009420482713,46
28,11.5992855016374,0.0564152087831946,0.533143211103029,10.7617156195974,0,0,0.269035335497504,1.13671091898385,1.39201771192764,0.143604853783557,47
28,11.8701994641262,-0.0679287294670071,0.835084382629461,10.7617156195974,0,0,-0.328478416019509,0.908139675839736,1.59342103889923,0.70783419271536,48
28,12.1911283119976,1.14259914621746,-0.862915073840177,11.9727383631085,0,0,1.53226519217552,0.4054587981523,0.0546042449513206,-0.0787068293707651,49
28,12.2828222685323,0.992120728782104,-0.964559939309934,11.9727383631085,0,0,0.764031011025621,0.774695400296116,0.300617955049777,-0.230957431323684,50
28,12.6162548377493,1.08265694456904,-0.193902597445317,11.9727383631085,0,0,0.699944559260617,0.867158403750873,0.951751171893064,-0.0433765398174598,51
28,12.9871985710033,2.56211650181793,-1.47280607375617,12.9855492743681,0,0,2.22052802674207,1.05538709143914,0.133763052225227,-0.659946788919314,52
28,13.1705864840726,1.76649782719038,-0.21345675120778,12.9855492743681,0,0,1.55993295894359,1.28413114983378,1.4023780200965,-0.248254380774774,53
28,13.3873176540637,0.928453285137871,-0.531177536070371,12.9855492743681,0,0,0.637628586690761,1.23906401464218,0.936451194964903,1.01176599279346,54
28,13.6749032450134,2.60574297792373,-1.44279070940666,13.6159627635265,0,0,1.92741060510175,1.17494517284444,-0.087566211323545,-0.851796290405364,55
28,13.7791009228937,3.75072678484724,-1.17654369792543,13.6159627635265,0,0,3.29099419300477,2.04628789608589,0.127549419027095,-0.705026753950905,56
29,0,0.478212801382383,-0.546564858166149,-Inf,0,0,-0.115402653958669,0.389528333200787,-0.719335032417063,-0.0145668288249834,0
29,0.0625186067281929,-0.4198771345877,-0.489903706688989,-Inf,0,0,-0.652060454723172,0.217349402302649,-0.673550965417186,1.104113336483,1
29,0.425126525751712,1.13421615434159,-0.890773064132703,0.0722751911496744,0,0,0.576180462308618,1.4919074416627,-0.72238830713604,0.30270265395748,2
29,0.575171181899375,0.977007980968416,-0.270040023217162,0.0722751911496744,0,0,0.130531436358383,1.17442508421172,0.0372249967078846,-1.16351112403684,3
29,0.97529026495981,0.814472406094365,-1.20639601640745,0.0722751911496744,0,0,0.424609696953281,0.197352326922485,-1.4867983954031,-0.501464499235966,4
29,1.07948794284013,0.627789687896736,-0.963657411557982,0.0722751911496744,0,0,0.223940556190663,-0.294775786534254,-1.22282679921203,0.112289721282003,5
29,1.48377493301578,1.31021234403011,-0.0095842803074651,1.30509518428992,0,0,0.879239485502013,1.5970837801923,0.724357688612391,-0.825762611061245,6
29,1.6213158678178,0.422816158761671,1.06464777033692,1.30509518428992,0,0,-0.116362885220348,0.240281135078715,1.30609847049101,-0.35359467523458,7
29,1.96725215838047,-0.420605613211776,0.315636519832862,1.30509518428992,0,0,-0.644686953736495,-0.407207358936648,0.589772237500013,-0.472021008464834,8
29,2.23399821375409,0.405372385037323,0.0109020908445904,1.30509518428992,0,0,-0.161928548421561,0.112719127555847,0.342820417770782,-0.483910015085208,9
29,2.43822566239952,1.8757695524747,-0.81627403160136,2.42929999509002,0,0,1.38454120663638,1.41155254798481,-0.127716490852193,-0.161024221777482,10
29,2.60077403989283,1.39452211890463,-1.08406662018543,2.42929999509002,0,0,1.36776028220386,-0.611772534665117,-1.20435749382423,-1.92980352637824,11
29,2.80083358142304,1.21721327523014,-0.992654056036753,2.42929999509002,0,0,0.625073760245993,0.00457057569312613,-0.980432038389495,-0.238312323104274,12
29,3.24679964275082,2.56240273373133,-2.88082060824084,3.03354854389953,0,0,2.08461965979172,1.53382354794709,-2.54239318494275,-1.77344628662793,13
29,3.28014289967252,2.55012345290832,-2.41880264614172,3.03354854389953,0,0,2.17957607991142,1.33264750815908,-2.20113515576972,-2.87501959245873,14
29,3.54688895504614,1.71274307766568,-0.98403612922487,3.03354854389953,0,0,0.747073151162492,0.182142808516692,-0.219433244039843,0.0691349073855259,15
29,3.93450431676094,1.54591680367709,-1.65994693509397,3.03354854389953,0,0,1.1991747470833,0.796546877621594,-1.08687232035289,-2.12980864429936,16
29,4.20541827924978,1.06689288511545,-0.381755445187305,3.03354854389953,0,0,0.375600357451485,1.19710512823895,-0.0174218831885444,-0.670410818157414,17
29,4.32628758559095,0.993465972323508,0.307132184483421,3.03354854389953,0,0,0.647736661972342,1.25092683183428,-0.258320366245358,1.66674897854603,18
29,4.70139922596011,0.990545351720208,-1.03713006479451,4.51404225797607,0,0,0.370582834594888,0.00719347254293967,-0.75982439673466,-0.96912397814413,19
29,4.86811551056862,0.0067593127345949,-0.315791598099573,4.51404225797607,0,0,-0.648493039415586,0.351576810768158,0.227945963241768,-0.467649967753144,20
29,5.20571598690086,0.830194291319236,0.504381129152443,4.51404225797607,0,0,0.358312406461307,1.07771693168948,0.62391010189504,-0.260456834450404,21
29,5.2515629651682,1.49519279619808,0.550074103895587,4.51404225797607,0,0,1.32609911361884,0.252739539408496,1.02671305866825,0.742422999734467,22
29,5.639178326883,1.17617319644576,0.0208309760157823,5.63035311746912,0,0,0.828300968785394,0.246891160922411,-0.16927834673515,0.838698834916912,23
29,5.9642750818696,-1.33482540155342,1.47286177074533,5.63035311746912,0,0,-1.50736082307775,-0.164508628894684,1.41170639412052,1.35589689286017,24
29,6.13515927359333,-0.785647739137997,1.98917274097392,5.63035311746912,0,0,-1.20322137757374,0.139720974692367,1.8952368837664,1.72497389673416,25
29,6.42691277165823,0.250887345073374,1.26670653929649,6.23517210927183,0,0,0.0337783029077622,0.451825250624136,1.37934082349677,-0.176321279077265,26
29,6.66448347722536,-0.154125541460663,1.05546660840394,6.23517210927183,0,0,-0.223402678008917,-0.567037064047968,1.23868772041831,1.8469389387959,27
29,6.8395355760643,-0.988044262410133,0.191083728727922,6.23517210927183,0,0,-1.12962494782663,-0.740895515971435,0.665214485535875,0.236703422098614,28
29,7.0979458172075,0.105893007524626,0.459183669306491,6.23517210927183,0,0,-0.335010636826047,-0.52749820731124,0.65955888333373,0.262610000715192,29
29,7.33134861565942,-0.557890431105048,-0.152211069437795,6.23517210927183,0,0,-0.699675119827274,-0.341962761890877,-0.51277299181806,-0.399926542779135,30
29,7.55641559988092,0.840701506063049,0.237263742281104,7.3594634954925,0,0,0.553046901241649,-0.130867806592256,0.20739928376195,0.607461112019437,31
29,7.94819886871093,0.151568910841531,-0.219682404930268,7.3594634954925,0,0,-0.179501180317923,-0.394367596010684,-0.0813295940351886,2.04483592770197,32
29,8.18576957427806,0.593547577256362,0.232280056122823,7.3594634954925,0,0,-0.0179041894835336,0.895916240755878,-0.0318283805358882,0.426391140031599,33
29,8.26079190235189,0.723294666105535,0.679328269839444,7.3594634954925,0,0,0.224512597505692,0.890423326702075,0.788965096189796,1.25129283792302,34
29,8.51086632926466,1.92144715424018,-0.436760867381499,8.31362115920951,0,0,1.35412983041713,1.81181303244405,-0.756392477456725,0.197134371529676,35
29,8.85680261982733,1.65099847847138,-0.301289247642316,8.31362115920951,0,0,1.18715096874513,1.55780427613636,-0.0899171437874658,-0.315478743953676,36
29,9.0735337898184,2.03440753406841,-0.54325265074693,8.31362115920951,0,0,1.21153827916649,0.991889517973505,-0.459411545747363,-0.99973308109254,37
29,9.28192914557904,0.642546624948438,-0.476812175574556,8.31362115920951,0,0,0.458014965359593,1.3494918627671,-0.663238885837062,-0.366442125577219,38
29,9.56951473652873,1.86754637897116,-1.02601939205492,9.36817728048907,0,0,1.42594768606882,0.80843725153028,-1.12540786609662,-0.496825220278601,39
29,9.8529324203632,0.170383713479311,-0.672016998604404,9.36817728048907,0,0,-0.191359682346218,-0.111835435733206,-1.11458427172746,1.10829968878588,40
29,10.0571598690086,0.37188957805557,0.273073574055129,9.36817728048907,0,0,-0.0605881338302989,1.10129400976801,0.170370599656068,0.723674307465617,41
29,10.3114022030366,-1.25808134077497,1.02299667142741,9.36817728048907,0,0,-1.33701431256111,-0.644851739444861,0.585212831599058,0.143815146887784,42
29,10.5781482584102,-0.391547056022851,1.46646568687339,10.4008357226902,0,0,-0.718270586312848,0.19261500207384,1.39309385336522,0.0494926067699677,43
29,10.9615957130098,-0.00845368020070633,1.75496291483364,10.4008357226902,0,0,-0.339935026696628,0.646949914229522,1.46611554260715,1.36362053093602,44
29,11.2491813039595,-0.871691946358774,0.497187019415516,10.4008357226902,0,0,-1.39560535455272,-0.275337612079801,-0.144782103169028,0.369580635908752,45
29,11.3825543316463,-0.209873433680057,0.934981271094624,10.4008357226902,0,0,-0.602799482283995,-0.566170336281819,1.11076866342508,0.0236265530916723,46
29,11.5034236379875,-1.58832129752062,-0.615190122277175,10.4008357226902,0,0,-2.05168721298639,-1.49164775870219,-0.675898456574514,-1.39427942224116,47
29,11.9702292348913,-1.26887444477854,0.228185791833342,10.4008357226902,0,0,-0.938703453214872,-0.381653692631858,-0.360877989996993,1.52152820415267,48
29,12.0577552843108,-1.24552443262504,1.24122230468629,10.4008357226902,0,0,-1.67530268973756,-1.25400834655888,1.61663492222176,1.93134085794904,49
29,12.4286990175648,-1.16600066318075,1.42849335338659,12.0594732491801,0,0,-1.57219338340393,-0.673225713750596,1.23194050934782,1.36583999355998,50
29,12.6704376302471,-1.45741823769244,2.06236987344042,12.0594732491801,0,0,-1.59067699202607,-1.32920994654869,2.01109900792993,1.39175063157429,51
29,12.9871985710033,-0.765765972247935,0.730848087001668,12.8465474234213,0,0,-0.956761956593808,0.506915011684488,0.855528170303798,0.998595458825653,52
29,13.2289371836856,-0.250194358224348,0.416070784354376,12.8465474234213,0,0,-0.835321375967129,-0.0822297450604562,0.300478065189181,-0.227588481871406,53
29,13.2789520690682,-0.114911886945938,0.198181320855494,12.8465474234213,0,0,-0.517788231998326,0.585504977053302,0.238358229726414,0.558052844452401,54
29,13.6540637094373,-0.693302333801498,0.871295701771559,12.8465474234213,0,0,-1.11779642992309,0.00414484888707761,0.923147695707954,-0.0253858223299613,55
29,13.8082762727002,-0.605707884536777,0.315073449567419,12.8465474234213,0,0,-0.946965826104286,-0.356119917589985,0.166776193890635,0.209454571064518,56
30,0,-1.03900821076751,1.3337705177554,-Inf,0,0,-0.56894537459391,-0.945235007589068,1.68077129838281,2.16244473469435,0
30,0.00416790711521286,-1.1076920919902,1.51845804452658,-Inf,0,0,-1.11897454359352,0.296760942904028,2.24959901342365,2.58707740864033,1
30,0.366775826138732,-0.207470747516884,0.913079042338815,0.0109949293197133,0,0,0.00255593374844762,0.323285679269938,1.51287153286116,0.963136624427905,2
30,0.733551652277464,-0.684421233610719,0.984748144362021,0.0109949293197133,0,0,-0.331069896375781,-0.237498181581741,1.24401296785053,2.8109169240964,3
30,0.796070259005657,-0.797970599456006,1.65950108696705,0.0109949293197133,0,0,-0.582247604566742,0.0685478354379678,2.38549908172633,2.42716141771112,4
30,1.02530515034236,-1.4871429540312,1.16896895698066,0.0109949293197133,0,0,-1.26730584620154,-1.68663979593003,1.94903314351202,1.53616955974347,5
30,1.47960702590057,-0.24813884282383,-0.00845447074432843,1.25414504615877,0,0,-0.428979590889126,-0.684360534949442,0.614268314195024,1.73588144210643,6
30,1.69217028877642,0.143595062296854,0.577705881838421,1.25414504615877,0,0,0.287303322842708,0.183601652951258,0.997301083897107,1.6901735430177,7
30,1.7838642453111,-1.19221196915418,-0.254427179953296,1.25414504615877,0,0,-0.81034284918442,-0.495797260879263,0.35095541560393,1.48651439313093,8
30,2.03810657933909,-0.166076786395269,-0.568568875081096,1.25414504615877,0,0,-0.026181439170094,0.340081100591171,-0.740876093051964,0.559558567202129,9
30,2.35486752009527,0.735882372802199,-1.87917967480164,1.25414504615877,0,0,1.03459158902288,0.719212480010164,-1.18048253704951,-1.27511384637236,10
30,2.57159869008634,1.37473778342826,-1.8660747839847,2.41446543002609,0,0,1.67447477990912,-0.0846581895186493,-1.34666288357509,-1.131209126718,11
30,2.95921405180113,-0.124097212681338,-0.322373985358928,2.41446543002609,0,0,-0.217924579978405,0.174688533041511,-0.365587550378196,-0.0317151976798639,12
30,3.18428103602263,0.766133639726087,-0.0541120020399658,3.11312539090331,0,0,0.882548025266234,0.51708734151585,0.412354347877295,0.672924280231494,13
30,3.28431080678773,0.97944369184651,1.01236440176196,3.11312539090331,0,0,1.26766733096844,0.608782836593421,1.47393189045417,3.76367349016758,14
30,3.60107174754391,-0.253639596017994,0.532306389859567,3.11312539090331,0,0,0.14558247457019,0.244276080123479,0.902865820934125,1.8411303264512,15
30,3.93867222387615,-0.096683875161422,-0.237023089786812,3.11312539090331,0,0,-0.304671575521335,0.51541509404373,0.596580532178457,0.834132825845754,16
30,4.12206013694552,0.424831360187216,-0.40001064106097,3.11312539090331,0,0,0.801930622420786,0.358721641923816,-0.288278573929223,0.87944939120947,17
30,4.4721643346234,0.694718775087521,0.0812379467676935,3.11312539090331,0,0,0.829950443118428,1.07505044591149,0.509205747775085,2.58602924248861,18
30,4.58052991961893,1.27069131556405,0.0926278308404312,3.11312539090331,0,0,1.31787185309894,0.695552071406495,0.555222524778069,1.61536000432196,19
30,4.79309318249479,3.15152187956157,-1.32378901940581,4.6171569202955,0,0,2.93772042315235,1.95428093503238,-0.622040501838305,-1.0619860741379,20
30,5.00148853825543,1.12076990328605,-0.728304853798874,4.6171569202955,0,0,0.879211669012782,-0.119865765695514,0.00662699322536753,-0.0552047411128218,21
30,5.30991366478119,1.8493796208547,0.11148738416912,5.05042034368067,0,0,1.88312972004833,0.850689318799351,0.593455204801329,2.20412328064257,22
30,5.7350401905329,1.31936607058967,-1.28408286844906,5.05042034368067,0,0,1.1489452319441,1.20778141455634,-0.449558892750092,-0.438859439836412,23
30,5.78922298303066,1.43978067359462,-1.05637508605517,5.05042034368067,0,0,1.42996775653688,-0.706062236559447,0.235525317366872,-0.0241809545801605,24
30,6.10181601667163,0.235451714749752,-0.708587433497544,5.05042034368067,0,0,0.334160638519557,-0.14442750111135,-0.357571886024267,-0.406306702209721,25
30,6.37689788627568,2.1098965099143,0.0142716456120665,6.2585216496498,0,0,2.18383707842795,0.65218056946415,0.320182547026852,0.81343450379845,26
30,6.71033045549271,1.03651386295672,-0.294072840981089,6.2585216496498,0,0,1.12198973258176,0.537570699607012,0.188373621178082,1.40063656082082,27
30,6.76034534087526,0.736389317663362,-0.236395552852972,6.2585216496498,0,0,0.49555650297267,0.658257647285029,0.425384420220245,1.62115374376368,28
30,7.01041976778803,0.474677886773958,-0.623250766047606,6.2585216496498,0,0,0.712149270687192,0.822271161891643,0.524279762738009,0.504961875907278,29
30,7.39386722238762,0.661202155049538,0.254878816425551,6.2585216496498,0,0,0.576525490867493,0.571394150555736,0.996946412537891,2.11815212614989,30
30,7.52307234295921,1.21961125571927,-0.086938065150789,7.42166451389113,0,0,1.25235592709448,-0.260861757109389,0.751860705981197,1.28407298859703,31
30,7.84816909794582,-0.601779265926275,0.242378909915714,7.42166451389113,0,0,-0.656534977609206,1.04744920064378,0.528123228564193,0.89921936337082,32
30,8.16076213158678,-1.72021641128777,0.723152163616217,7.42166451389113,0,0,-1.55183978065757,-1.4026969317202,1.33372174084955,2.68546819026965,33
30,8.35248585888657,-1.09992231085773,0.689433324374287,7.42166451389113,0,0,-1.1315590965831,-0.646335052193745,1.32073696822506,1.74788853303415,34
30,8.73176540637094,0.00455566497094401,1.62283612783755,7.42166451389113,0,0,0.199043892053745,0.32542025692105,1.91620876329072,3.0817186554464,35
30,8.94016076213159,0.931406032950953,1.67034699803954,8.87899998860398,0,0,0.940378884137144,0.26552136088627,2.48426044927582,2.03532643267084,36
30,9.21107472462042,-0.776040530255703,1.27564517798152,8.87899998860398,0,0,-0.356195976937225,-0.251538204542002,1.57287043830308,0.374574415358141,37
30,9.35695147365287,-0.952091689726723,1.58691202845763,8.87899998860398,0,0,-0.906445206494267,-0.380625212530907,2.48186581697644,1.01909299468175,38
30,9.62786543614171,-1.65761089595237,-0.261764298439606,8.87899998860398,0,0,-1.24254168330006,-1.13866595638226,0.424469247120523,2.11732104941993,39
30,9.93212265555225,-0.96375360023489,0.555672097385279,9.69886743028899,0,0,-0.520274897455051,-0.284396580555951,0.815731016280887,1.61029316253673,40
30,10.1280142899673,-1.12505906685262,1.64390479430636,9.69886743028899,0,0,-0.718443905578183,-0.477497631769747,2.24473300404205,1.99903573056887,41
30,10.436439416493,-0.586360793680168,1.35339369130645,9.69886743028899,0,0,-0.424064293233766,-0.488042557300902,2.71491075897304,2.08928461856017,42
30,10.5489729086038,-0.355526810757548,0.134954895325504,9.69886743028899,0,0,-0.349027775207205,1.40529520454157,1.31473371829382,1.17365936017235,43
30,10.9074129205121,-0.320332606663016,-0.670694278567815,9.69886743028899,0,0,-0.198573518649049,-0.555803582907933,-0.340954929472316,-0.688102953661696,44
30,11.2450133968443,1.59545634655567,-1.85367792727814,11.1756161854656,0,0,1.59787750263511,1.9697814606257,-0.85149464286131,-0.469883634542655,45
30,11.4492408454897,0.304323447137279,-1.0944001357905,11.1756161854656,0,0,0.625966962353661,0.40483621934499,-0.688636268282328,0.413305986040605,46
30,11.6993152724025,1.30603067798539,-1.24914322132655,11.6799272216659,0,0,1.32871419435273,1.00324010183447,-0.990499689674054,0.316103847545894,47
30,11.8618636498958,0.368049460161057,0.596988731898559,11.6799272216659,0,0,0.451220247265727,-0.0660389917931413,0.203440356940386,2.32263629693453,48
30,12.2244715689193,0.374341291281449,1.17871241439732,11.6799272216659,0,0,0.154056415513655,-0.143922196992154,1.95626034012934,2.14898651784604,49
30,12.3245013396844,0.703468202323121,0.982717712383253,11.6799272216659,0,0,0.818548381163611,1.16562050641215,1.83565950618654,2.22893121796834,50
30,12.6746055373623,1.86012240734548,-1.28052835959749,12.606001013915,0,0,1.62777526809631,1.12720439821318,-0.959534890626864,-0.335304071366772,51
30,12.9163441500447,0.955495658121092,-0.00261203331153601,12.606001013915,0,0,0.513078502400713,1.22478317770238,0.383154008863804,1.12631301728116,52
30,13.21643346234,1.11474702753163,-0.9415113886501,12.606001013915,0,0,1.12711611713735,0.210133955467207,-0.22347250317427,-0.983608724040071,53
30,13.3081274188747,0.720532838944358,-1.02966815272035,12.606001013915,0,0,0.674614717266467,-0.397562221498525,-0.468789178483031,0.170381445788055,54
30,13.5206906817505,0.975298141718317,-0.882207642019401,12.606001013915,0,0,0.777456019688149,1.4108637998672,-0.436744571327136,-0.523320113018394,55
30,13.7749330157785,0.834842400615114,-0.207852261009418,13.6234404386138,0,0,1.01715586648517,-0.338373658592891,1.08242529202429,1.78193549569248,56
31,0,-2.54044108964605,2.52203816230558,-Inf,0,0,-2.13641892376174,-1.10041659313318,3.71959105753907,4.21304346713137,0
31,0.17505209883894,-1.59125644439128,3.02531380248599,-Inf,0,0,-1.46080435734742,-1.7061351802268,3.96634764657833,4.12277415444268,1
31,0.420958618636499,-1.13302519045547,1.8685906545551,0.197453289711848,0,0,-1.11543482115263,-0.376331508640119,2.9714971626543,3.17053380109912,2
31,0.708544209586186,-2.42533697127597,1.84874203028031,0.197453289711848,0,0,-2.38007245018846,-1.34107111821182,2.85785628103322,2.60785276101399,3
31,0.771062816314379,-2.8887276025507,2.04589313333246,0.197453289711848,0,0,-2.73131841243814,-1.61649268137334,2.5647903087642,4.6379846082412,4
31,1.18785352783567,-0.947363955662386,1.94046724760687,1.07393329103764,0,0,-0.707092639506736,-0.988077003478537,2.89253682303263,3.73826590210648,5
31,1.31289074129205,-1.09133368131499,2.9305439195409,1.07393329103764,0,0,-0.81853125199449,-0.99090238900795,4.03275290643325,4.275610039702,6
31,1.6213158678178,-2.35453584085813,3.51305409078985,1.07393329103764,0,0,-1.7998916419532,-1.98558465317249,3.74927490730772,4.20454651881057,7
31,1.95474843703483,0.431740706068543,0.608681955520409,1.90679501050259,0,0,0.791637285533504,0.249179106395836,1.35616114421936,1.13663242491006,8
31,2.01309913664781,0.444875227524118,0.460042621125919,1.90679501050259,0,0,1.03955261604491,-1.20423353644899,1.17234510465806,2.74230729191487,9
31,2.25066984221495,-0.257726131736102,-0.195729616027802,1.90679501050259,0,0,0.0924311151845282,-0.614705051269793,1.37030904526845,0.746521003894786,10
31,2.61744566835368,1.4008609162877,-1.55112473123905,1.90679501050259,0,0,1.248527125335,-0.0331652121151253,-1.30520413765639,-0.340469989745607,11
31,2.99672521583805,2.14908544146608,-1.86165528685932,2.89199484579193,0,0,1.87298257562465,1.97660191041676,-1.46011373811074,1.05213312742792,12
31,3.22596010717475,1.25436644657435,-1.28345619508927,2.89199484579193,0,0,1.14844855094805,1.34863766560065,-0.840012037904793,0.314015785745724,13
31,3.38850848466806,0.438668937651348,-0.577144477015086,2.89199484579193,0,0,0.728445131961822,0.590183777760519,-0.245852244414286,1.96608797132965,14
31,3.68859779696338,0.438358057772093,-0.903250417863023,2.89199484579193,0,0,0.66963211956641,-1.03163393063511,-1.19693304774029,1.33657708416182,15
31,3.78862756772849,0.191665099600526,-1.44333193747758,2.89199484579193,0,0,0.323083885512166,-0.855102415038205,-0.891454952192422,0.114767468242684,16
31,4.10538850848467,1.28789875408115,-1.26703472472571,2.89199484579193,0,0,1.17765983075889,0.290698341567584,-0.165849592457538,1.28751900379527,17
31,4.41798154212563,1.46043266070448,-0.181351838250752,4.19889717762573,0,0,1.41162727123284,-0.136836830792773,0.959785321566691,1.97329046625088,18
31,4.50967549866032,1.07168234244379,-0.123918949013593,4.19889717762573,0,0,1.07864981142889,0.358071180922488,0.868527725019349,0.971175627660061,19
31,4.90562667460554,-0.0338415341180347,-0.0582695719688701,4.19889717762573,0,0,0.212050389090795,-0.472728862597901,1.17158764020605,1.49713983824622,20
31,5.06400714498363,-0.535906239927904,1.35137837761182,4.19889717762573,0,0,-0.21102496192677,-1.17384850382172,2.4748855677525,2.98410472241938,21
31,5.35159273593331,0.897119814199618,-0.750725192735073,4.19889717762573,0,0,0.813534858500663,0.0662151427484987,-0.040020041726077,1.59336916230624,22
31,5.55582018457874,2.92754777290803,-2.72237962605817,5.5148244414389,0,0,2.57982031335289,0.846555448731774,-2.14684487668929,-0.365041570494677,23
31,5.96844298898482,1.85236371133527,-0.950352556302164,5.5148244414389,0,0,1.80046565943444,0.625348190933752,-0.0625274620296563,0.552539850896561,24
31,6.10598392378684,1.45795587858369,-0.994211923178581,5.5148244414389,0,0,1.16825262759526,0.257564094738046,-0.608868033894084,1.57695882816534,25
31,6.36856207204525,0.736004247993612,-0.32514958550994,5.5148244414389,0,0,0.887100205826743,0.251493570221965,0.529424018495007,1.04619127290869,26
31,6.50610300684728,2.50499178304312,-2.30436697115197,6.47398499808131,0,0,2.24632520305395,0.666085776506632,-1.81571606238471,0.450818188248731,27
31,6.9353974397142,0.263734946726558,-0.91523493444518,6.47398499808131,0,0,0.189101065583124,-0.588643003573546,0.241609757880827,0.61024198253382,28
31,7.02292348913367,0.536239309395419,-0.597946703287217,6.47398499808131,0,0,0.512842987842301,0.937544584495202,0.459072332513738,1.57587358934936,29
31,7.27299791604644,1.07161572636731,0.0267976145874064,6.47398499808131,0,0,1.15428164099311,-8.59814055212127e-05,1.04509402079775,1.53822469559719,30
31,7.6481095564156,-0.111568493156495,-0.731118546173318,7.28234234159956,0,0,-0.141312002054638,0.125478289484652,-0.506818289613373,2.05773106025088,31
31,7.99404584697827,-0.802492047727396,0.62299191524162,7.28234234159956,0,0,-0.584958864949697,-0.491357974559842,1.175718389347,3.19152262781036,32
31,8.24828818100625,-1.2060027999729,1.08050979983607,7.28234234159956,0,0,-1.07946641380234,-0.344006072667603,1.75651272197014,2.52813317573244,33
31,8.44001190830604,0.311072984772481,-0.00512682247483442,8.31059640884363,0,0,0.173997315240392,-0.219013497754549,1.11995138840948,1.21979935228547,34
31,8.62339982137541,-0.488960914809495,0.648974701018993,8.31059640884363,0,0,-0.137565724086451,-0.740671287668538,1.73837141421671,2.41425016651696,35
31,8.99017564751414,-0.124254091122435,1.6282000728762,8.31059640884363,0,0,0.0836861897322859,-1.3146703446506,2.01539909820137,3.66769228877991,36
31,9.04852634712712,-0.540475940914401,1.51540951299553,8.31059640884363,0,0,-0.658080112585257,-2.35677933721784,2.02960022001273,4.05764243673941,37
31,9.34861565942245,-0.990506659535776,-0.0721746513128642,8.31059640884363,0,0,-0.541882128680672,-0.715060807733851,0.846130931045598,1.54401105702407,38
31,9.53200357249181,-0.503415713809795,-0.0838767935257024,8.31059640884363,0,0,-0.459424386659107,-0.898693461897373,0.583136407666795,1.46999045096442,39
31,9.96963381958916,0.0656007140034691,0.920997958392727,9.93280413707969,0,0,0.153050342856737,-1.03461247138528,1.74600072874391,1.75589935919791,40
31,10.2447156891932,-0.249700882015378,0.860190483528443,9.93280413707969,0,0,0.183777012380493,-0.675819879519999,1.76697621876866,3.40518264619348,41
31,10.436439416493,1.0927779887125,-1.34105231997761,10.3758959380964,0,0,1.18228956994838,-1.31473121999534,-0.647331236827856,1.23429762436409,42
31,10.6781780291754,-0.35046321353898,-0.676933580429104,10.3758959380964,0,0,-0.321493086001021,-0.563656148817865,-0.063703269293859,1.33561434874424,43
31,10.7657040785948,-0.200664482300272,0.676870985173283,10.3758959380964,0,0,0.102280336206555,-1.40525405277644,1.19584084576388,2.72739179158733,44
31,11.220005954153,-0.542829016480003,0.84329678518978,10.3758959380964,0,0,-0.289789096467565,-1.83071317057703,1.49768195987101,4.00743833422005,45
31,11.4909199166419,-1.23312858232102,0.257183116448274,10.3758959380964,0,0,-1.17364202644431,-1.48880150245557,0.48308333710089,1.77810131913483,46
31,11.6493003870199,0.113989197415358,-0.471249993733144,11.5623065797648,0,0,0.189200075599517,-0.00315438793793621,-0.0896774762927751,0.796400383695391,47
31,11.7618338791307,0.0475957074187541,-0.21862627758864,11.5623065797648,0,0,0.0273951908755718,-0.963508156191283,0.696332929862142,0.89416420373556,48
31,12.0785948198869,-0.555307095268313,-0.234761313973552,11.5623065797648,0,0,-0.453681669792244,-0.792784696133196,0.672949552816943,2.22114102796414,49
31,12.4787139029473,-0.413677265222846,-0.0298126897221696,11.5623065797648,0,0,0.10768809934838,-0.402174298579591,1.09149408992052,1.59033548614938,50
31,12.6329264662102,-1.96714038458718,0.445911274730137,11.5623065797648,0,0,-1.55255016334253,-2.15999697197089,0.975648154752702,3.68858152041513,51
31,12.9330157785055,2.12252551417016,0.462494266081768,12.9258466687071,0,0,2.16326099345895,0.613617067670788,0.846063559874524,3.01565085469736,52
31,13.0288776421554,1.90090542848491,0.0478225003345007,12.9258466687071,0,0,2.228954108739,1.10815472917343,0.911240515072146,1.87776616945238,53
31,13.4415004465615,0.496417587552917,-0.181754429906175,12.9258466687071,0,0,0.540917729647126,0.760185818246131,0.88833517457477,2.05839384904165,54
31,13.7207502232807,0.231961566043674,-0.651912067717922,12.9258466687071,0,0,0.344252770830434,0.223357220155989,-0.304129035447674,2.25787361509283,55
31,13.9541530217327,0.509992943557453,-1.05834711586359,12.9258466687071,0,0,0.323678331282182,-0.863095809419881,-0.792930751365005,0.879681440475162,56
32,0,-0.91682768463831,0.142324507964169,-Inf,0,0,-0.867998103476034,-0.716068176952243,1.02599147265476,0.662920520425775,0
32,0.0250074426912772,-0.969346859802548,0.572958633403876,-Inf,0,0,-1.26596961998895,-1.77406225020944,1.39963638833424,0.35241153835086,1
32,0.35010419767788,-0.0203505947231652,1.10135258222974,-Inf,0,0,-0.693136709818483,-0.102883761721969,2.15591198489284,1.21346045334116,2
32,0.650193509973206,0.873970894413632,-0.0367807943024862,0.448465170012787,0,0,0.252746184459754,-0.48277012756646,0.890169799692714,0.63265828563422,3
32,0.758559094968741,1.74288206375507,-1.40840229055792,0.73817657874718,0,0,1.17827887347476,-0.0617599387642365,0.28647213857296,-0.0425260164636169,4
32,1.14617445668354,0.250160584383329,0.74272887680517,0.73817657874718,0,0,-0.206330165722399,0.18567609232603,2.21738914209785,1.70282218274167,5
32,1.27954748437035,-2.26074447728418,1.18797782279406,0.73817657874718,0,0,-2.67767260108596,-0.954246480620884,2.96849445274496,1.06791544402125,6
32,1.69217028877642,-1.07188878739697,0.961516054135621,0.73817657874718,0,0,-1.42366027186858,-0.12044788626346,2.36991418372611,1.54049035925884,7
32,1.81720750223281,-0.504464233771898,0.17610612509501,0.73817657874718,0,0,-1.02006842383877,-0.961422577183422,1.34247260283438,0.784441238113139,8
32,2.20065495683239,-0.560485429297258,1.06486596684293,1.85139058297142,0,0,-0.864568451562792,-1.09817069347379,1.77678630166311,1.02598250924007,9
32,2.27150937779101,-0.330701554320968,0.949465458148075,1.85139058297142,0,0,-0.998206866120224,0.803526798540198,2.74949769044581,0.432236321661968,10
32,2.66746055373623,-0.443265748219646,-1.22758844252757,1.85139058297142,0,0,-1.18806491936911,-0.320412654409373,0.307256008340498,1.62280350106386,11
32,2.86752009526645,1.14892039790451,-1.20424770965751,1.85139058297142,0,0,0.365412168013017,0.44630187835054,-0.351391469966358,-1.15438037811186,12
32,3.02173265852932,3.03767959249597,-2.60848831844987,2.9118354916286,0,0,2.23259480166432,0.801274529728296,-0.890707528593235,-0.86083973461475,13
32,3.3384935992855,0.245771152380621,-2.08125169307782,2.9118354916286,0,0,-0.441121851985347,-0.457955068997565,-0.857429746514435,-1.85558600347516,14
32,3.50937779100923,1.91699093331286,-1.45229663287259,2.9118354916286,0,0,1.1429226398414,-0.0834439795983459,-0.390772542744282,-0.336901131822841,15
32,3.99285501637392,0.760150110915269,-0.486306166999224,2.9118354916286,0,0,0.282899897601407,0.286308229700128,0.599163600256104,0.330653776377875,16
32,4.13456385829116,1.86396685569492,-1.30243373113136,4.04472246339294,0,0,0.872528115267556,-0.681346645143004,0.24801064113403,-0.857458666556892,17
32,4.43465317058648,-0.535765896973523,-0.264950023548635,4.04472246339294,0,0,-1.28614825154791,-1.26081324052404,0.729299082540472,0.367975401150576,18
32,4.54301875558202,-0.271285306861197,0.168727491937006,4.04472246339294,0,0,-0.57220461341318,-1.00622468058957,1.52122717669906,1.50075882234307,19
32,4.90145876749032,-0.887610307689835,0.904817252182665,4.04472246339294,0,0,-0.978970109653253,-1.16392484071975,2.84079938497371,1.68038687295105,20
32,5.14319738017267,0.907106219976212,0.119618195389332,5.06498336148484,0,0,0.711889409903349,-0.552387949336528,1.21747338643778,1.29481943321431,21
32,5.41411134266151,0.389278522198286,0.703758666548531,5.06498336148484,0,0,-0.119186266789034,-1.94655692713368,1.45574786127963,1.76926786058562,22
32,5.6058350699613,0.14302735220234,0.834749065466168,5.06498336148484,0,0,-0.287935229779928,-0.670908358634028,2.02909903241885,1.71046335512056,23
32,5.90592438225662,-0.140412833750001,0.296686127021571,5.06498336148484,0,0,-0.543007625743639,-0.937792608410237,1.99699924991615,2.36328545045498,24
32,6.00178624590652,0.321376842613537,0.156131376785508,5.06498336148484,0,0,-0.357681988517563,-0.0288672666985519,1.31656842885069,0.652602393580715,25
32,6.45192021434951,-0.305585415055855,0.840910112827946,5.06498336148484,0,0,-1.06822885996954,-0.323196328373689,2.21278193647379,1.40081419006986,26
32,6.50193509973206,1.20175734002504,-0.185667680831881,6.47925074686153,0,0,0.477405289158962,-0.669034040048745,1.26452673902147,1.42955570587393,27
32,6.86037511164037,0.897007289083374,-0.0530465302060348,6.47925074686153,0,0,-0.0219455655765428,0.118980515333849,1.26791648213039,1.63144513293224,28
32,7.10211372432272,0.979099138502799,-1.11241381231998,6.47925074686153,0,0,0.042095370456317,0.706557714768394,0.106506904942798,0.286327204078285,29
32,7.2604941947008,-0.101080365444524,-0.656249677044653,6.47925074686153,0,0,-0.296184454405299,-1.25417048556395,0.808093979414482,1.22895964653406,30
32,7.63560583506996,1.14370853469102,0.270464217132642,7.49843072310233,0,0,0.218284322174544,1.1096833615571,1.54935879815958,1.32116535429596,31
32,7.81899374813933,0.38404581347909,-0.136504588960543,7.49843072310233,0,0,-0.435642610992548,-1.45524653949923,1.2472874424343,0.522452121499872,32
32,8.01905328966954,-1.23972438613728,0.377351085436209,7.49843072310233,0,0,-1.45071397373146,-0.836662896572821,1.03313658461707,0.149774262187336,33
32,8.41083655849955,-0.948751148964587,0.193788303566846,7.49843072310233,0,0,-1.00827933319944,0.234779031019355,1.29667209305586,0.485481819775536,34
32,8.61089610002977,0.361695150907333,0.60632380160516,7.49843072310233,0,0,-0.189027509278722,-0.508505771517845,2.2031890220813,0.381562116894794,35
32,8.86513843405776,2.75171255757772,-1.30485429126231,8.74854745802899,0,0,1.924342715442,0.429589831241243,-0.713335672810783,-1.41847714723263,36
32,9.10270913962489,0.842237589011453,-0.397900424623766,8.74854745802899,0,0,0.255272000874056,-0.477131170276478,0.737266914924341,0.368826397063158,37
32,9.30693658827032,-0.874021308072956,1.73035101720397,8.74854745802899,0,0,-1.23855746349961,-0.756603776423061,3.03513597658895,1.92262822071604,38
32,9.55701101518309,-1.11033128033781,0.977551072377156,8.74854745802899,0,0,-1.36960421605853,-1.32811578080341,2.23239276690038,1.34109933764534,39
32,9.9154510270914,1.4815481457571,0.94568488005563,9.81202227820893,0,0,0.749911176022664,0.506309550415252,2.47574408359789,2.282928728257,40
32,10.0946710330456,0.295757377416662,1.2399123334885,9.81202227820893,0,0,-0.251463844612425,-0.783484728537978,2.36124339579056,0.755055940197918,41
32,10.37808871688,0.589091925157842,0.219581068770296,9.81202227820893,0,0,-0.0213638521635193,-0.606557330920407,1.46694642928342,0.947702235475166,42
32,10.7448645430188,0.0318122821739466,-1.1615738058944,9.81202227820893,0,0,-0.293702374842011,0.491796901360193,-0.0975405728636121,-0.409957625642063,43
32,10.8115510568622,-0.17327610276505,-1.47202146608729,9.81202227820893,0,0,-1.00821579470233,-0.167014953483111,-0.097595698175177,-1.26639999839357,44
32,11.2158380470378,1.60109032062826,-0.557109902276289,10.9752160021623,0,0,1.26638003780525,0.919494483607749,0.58382673005264,-0.505837141704276,45
32,11.4450729383745,1.18006828994069,-0.738256902899254,10.9752160021623,0,0,0.550845509375375,-0.966851653330565,0.252866882597302,-0.436063271450567,46
32,11.5826138731765,0.101811605222819,-0.361867509257116,10.9752160021623,0,0,-0.385021554390372,-0.684010282141319,0.483435162642903,0.74355207243516,47
32,11.9535576064305,0.613363726362622,-0.770395330035914,10.9752160021623,0,0,0.186958490852546,0.798931256731239,0.911220875919772,-0.0069855701600305,48
32,12.1244417981542,1.41307634272,-0.892858630686327,12.0025889015094,0,0,0.435543840574175,0.074131474018434,0.732614137657595,0.999597482978729,49
32,12.4370348317952,-0.370990596491649,0.685087506420948,12.0025889015094,0,0,-0.822325805766447,-1.38629399133699,1.51524278737962,0.880878509376937,50
32,12.6829413515927,-0.91013702224864,0.956646700725789,12.0025889015094,0,0,-1.43749030990682,-0.0430558424055152,1.69423690530097,0.535951257243827,51
32,12.9997022923489,-1.52321068755057,0.309282931360667,12.0025889015094,0,0,-1.73917959030581,-0.0115950846693369,1.54940159371907,0.809232907554098,52
32,13.1414111342662,-0.169270695987337,-0.365921175397037,13.0950572331221,0,0,-0.453921242503055,-1.28367062710982,0.84521624357906,1.06708278002454,53
32,13.3748139327181,-1.33441087225773,0.491539932305575,13.0950572331221,0,0,-1.69792609458167,-1.12798100819379,1.80219120698828,0.753278920177954,54
32,13.7165823161655,-2.13264991536593,2.31005104583335,13.0950572331221,0,0,-2.17686567060781,-1.34829225301288,3.32567694488889,2.14504081680967,55
32,13.9041381363501,0.306343225734681,0.923658141812808,13.8049603165011,0,0,-0.156782792904383,-0.175355044908095,2.43712663005261,1.31380097083811,56
33,0,0.351744382067287,-0.243635953258166,-Inf,0,0,0.688620552999423,0.610765943759699,0.229799237228766,0.353058846620645,0
33,0.104197677880322,2.03435841769543,-1.41498016552049,0.0862677258322947,0,0,1.75579761169283,0.833365505466585,-1.15536731877451,0.436398581771377,1
33,0.329264662101816,1.66379312442413,-1.28560334801939,0.0862677258322947,0,0,1.64525752119983,0.952822369333418,-0.535659503708367,-0.543844085699001,2
33,0.575171181899375,1.13548482988172,-1.77238091758788,0.0862677258322947,0,0,1.0720634376459,0.975549648152708,-1.30152317689288,-0.0158444449456181,3
33,0.816909794581721,0.405870776680578,-0.346907892050081,0.0862677258322947,0,0,0.574953978216732,0.426799688884781,-0.218276342254326,0.863140633606767,4
33,1.04197677880322,2.04070776629017,-0.871340533717713,1.00174971346099,0,0,1.94175567207028,0.209129505024243,-0.621046811265391,0.617579014256823,5
33,1.31705864840726,0.952427568097771,-1.25521328996685,1.00174971346099,0,0,1.03397756965154,0.0950772229541096,-0.996569024848707,1.21328710129417,6
33,1.5879726108961,0.00160331681177611,-1.14945077293831,1.00174971346099,0,0,0.0334141725688464,-0.0682496707526883,-1.14849432689051,-0.331046236815171,7
33,1.94224471568919,0.772110290833385,-1.36692702623318,1.00174971346099,0,0,0.650331238606649,0.261684700918454,-0.997190440783015,-0.22401874744623,8
33,2.0089312295326,1.26380244493012,-1.08264239760452,1.00174971346099,0,0,1.21616701414256,0.444173095521961,-0.731624582940336,0.730242356176116,9
33,2.33819589163441,1.43001638233581,-1.23124397541606,1.00174971346099,0,0,1.1625925431646,-0.159922707810471,-1.22319209732871,1.54490047090715,10
33,2.62994938969932,1.63161331894714,-2.44668727565626,2.34434407010782,0,0,1.65226143914534,0.156374806571614,-2.32840290051255,-0.909311449146479,11
33,2.78416195296219,1.01725743002151,-1.64334425577391,2.34434407010782,0,0,0.653501005953208,-0.0415595117244579,-1.80660616171396,0.526264115272304,12
33,3.00506103006847,1.20307117922677,-0.865491470849541,2.34434407010782,0,0,1.39063487517445,0.673435335682587,-1.28754502231716,-0.0140274143620083,13
33,3.28014289967252,1.40318003777433,-0.115920125036153,2.34434407010782,0,0,1.40133397580862,0.102375827040889,0.41513029384193,1.52620584653629,14
33,3.54688895504614,1.30679790497043,-0.955460663179593,2.34434407010782,0,0,1.02610320953057,0.580802376667524,-0.693216618464064,0.734060587438371,15
33,3.89699315272403,0.597020002922188,-0.433402343482874,3.58969936498369,0,0,0.663308156485491,0.258372931383383,-0.108001555630233,0.681821510143157,16
33,4.22625781482584,-0.546718404707355,0.317307332130852,3.58969936498369,0,0,-0.462898871884365,-1.76384323780523,0.569721789481281,1.10653989097619,17
33,4.4388210777017,0.433772138729445,0.0958442083300576,4.26384397548838,0,0,0.438487776403622,-0.678340993744663,-0.0300096254038691,1.19168060837851,18
33,4.72640666865138,-0.848602566087042,2.30070177972005,4.26384397548838,0,0,-0.804935100971402,-0.265161409620682,2.36577741592178,2.71047540868741,19
33,4.80559690384043,-1.56182795519767,1.44012455363747,4.26384397548838,0,0,-1.56127516559372,-0.277394234899178,1.5917933226575,1.83821862992536,20
33,5.10568621613576,-2.18458003557481,1.6061813658089,4.26384397548838,0,0,-2.05070757823715,-1.1090011094031,1.76562763692328,1.63390334956427,21
33,5.30574575766597,-2.00788606272478,1.66579889804668,4.26384397548838,0,0,-1.52150472182937,-0.442551687515169,1.6083279033449,1.69674309272809,22
33,5.52247692765704,-0.112266594422004,1.15368133589494,4.26384397548838,0,0,-0.0222594949919248,-0.747588977508797,1.60368293450276,2.15122901394464,23
33,5.86007740398928,1.60618392510903,-0.238180790025944,5.62105070719531,0,0,1.48013887583781,0.664019045551504,-0.264384344361111,1.26115195986792,24
33,6.21851741589759,-0.0692527294601117,-0.606335273124398,5.62105070719531,0,0,0.0447107742291536,0.264103695496104,-0.223460889196188,2.26804434578163,25
33,6.26436439416493,-0.065310528833457,-0.380996358989562,5.62105070719531,0,0,-0.0799979472164572,0.925554839386302,-0.483242501867117,1.02348654198901,26
33,6.61446859184281,0.270783672293318,0.479232893244916,5.62105070719531,0,0,-0.0203989830822852,-0.0968942082601614,0.334472398821175,1.16390056941832,27
33,6.95623697529027,2.71581977187105,-1.06156752060901,6.66332262907034,0,0,2.58153561009583,1.91085660999927,-0.537589476611275,0.67674727896688,28
33,7.01875558201846,2.79903880406928,-0.876460857385195,6.66332262907034,0,0,3.00979244094851,0.377153869467945,-0.735826740676504,0.719247037131043,29
33,7.31884489431378,3.5641200143053,-2.09204222295203,7.14727392146507,0,0,3.24970518316215,1.80193732478276,-2.65608177594984,0.268485460759395,30
33,7.53140815718964,1.89046665081357,-1.45378757955446,7.14727392146507,0,0,1.96241874710769,0.157221971286348,-1.3652703475867,1.0041769638385,31
33,7.9398630544805,1.14551909669641,-1.52391041508828,7.14727392146507,0,0,0.997467880300007,0.568787126755913,-1.62337074182539,1.30904199300471,32
33,8.15659422447157,1.38741538237999,-1.40915773822026,7.14727392146507,0,0,1.42848908823879,0.815388667866369,-1.74465277654889,0.559864742036098,33
33,8.38999702292349,0.804224122535083,-0.786336774912598,7.14727392146507,0,0,0.788309018953831,0.316382694574705,-0.587960156468455,1.18144548098767,34
33,8.53587377195594,0.703569912414154,-0.187225090085593,7.14727392146507,0,0,0.706355953353715,-0.261195998739449,0.37608389275659,1.21975855777886,35
33,8.88181006251861,0.291418338840066,0.291138960597776,8.63844641340861,0,0,-0.0533202004256833,0.717986767771098,0.154418963824908,1.11762060083401,36
33,9.24441798154213,0.734321574036724,0.749539061896577,8.63844641340861,0,0,0.821820809368577,0.727151869047799,0.802450960829361,1.53719482888964,37
33,9.25692170288776,0.565401103751611,0.668114570526661,8.63844641340861,0,0,0.225381824523526,1.28600017636264,0.750350615448927,2.35795225869905,38
33,9.71955939267639,0.839723363543046,0.36607855136207,9.27192887333938,0,0,0.539666885664526,0.34228378824374,0.398782578477363,1.99681315414919,39
33,9.76123846382852,1.05103282955416,-0.0105096720170175,9.27192887333938,0,0,0.6145213459038,0.841684959071494,0.374731379236249,1.49564937420235,40
33,10.2447156891932,0.441063967256756,-0.425586884947279,9.27192887333938,0,0,0.310553944411486,-1.45331284010125,-0.228482142336746,1.67487134574654,41
33,10.3072342959214,1.08409420475864,-0.636900885372965,9.27192887333938,0,0,0.709811159082042,1.09287610076731,-0.509059215038445,0.681555696842412,42
33,10.7115212860971,0.874144710934356,-1.19964441790892,9.27192887333938,0,0,0.813650769102152,-0.573273414903882,-0.737452460849077,0.766760015632052,43
33,10.828222685323,2.10462052119094,-2.77234460166381,10.7859267963616,0,0,2.03830390225494,0.207234189836368,-3.24706399008188,-1.38621637171027,44
33,11.0366180410837,-0.409462463667699,-1.97712022444255,10.7859267963616,0,0,-0.175393951988905,-1.24653498378639,-2.20763240782403,0.478140525979449,45
33,11.4534087526049,-0.263235524640848,0.454904307814301,10.7859267963616,0,0,0.0187511419769931,-0.505098629043391,0.0906742619666923,1.52910283186399,46
33,11.7159869008634,1.20294304183585,-0.921044388176748,10.7859267963616,0,0,1.11266080460948,0.79211461805605,-0.686025076331944,-0.264688922765419,47
33,11.9410538850848,2.51426060096957,-2.82259483068702,11.7342173028307,0,0,1.93740099557021,0.336905611767682,-2.69629343713685,-0.554126608236926,48
33,12.0869306341173,2.53398425628358,-2.72443112063906,11.7342173028307,0,0,2.44267015781821,1.23048169528853,-2.5587934235734,-1.13424014283431,49
33,12.3786841321822,2.15225171156785,-2.54358336005865,11.7342173028307,0,0,2.05545115116592,1.24064582939986,-2.91234193739073,-1.30502880532613,50
33,12.7412920512057,1.95437040819894,-1.28792956285651,11.7342173028307,0,0,1.90592274343055,1.49521000447321,-0.562171470422906,0.453074886553482,51
33,12.8496576362013,1.81093678602505,-1.32928469338016,11.7342173028307,0,0,1.87116169292648,1.50346905498258,-0.778543915571856,0.131634749099207,52
33,13.0622208990771,2.11872354990173,-1.72983142538799,11.7342173028307,0,0,2.26915648325379,0.0632025729617189,-1.76254531002534,-0.682469183159055,53
33,13.3122953259899,3.86586616024233,-2.77455295571614,13.066428577762,0,0,3.58221985228172,1.56534508161693,-2.428504177432,-1.23513217876607,54
33,13.7332539446264,1.35059646582329,-2.36203337983494,13.066428577762,0,0,1.78499353401271,-1.04488330549466,-1.95186098512933,-0.594532986097096,55
33,13.8958023221197,2.98319679400751,-2.33182878641736,13.7645136823645,0,0,2.80523484012289,0.638816861449415,-2.64572007788042,-0.121981140285705,56
34,0,0.856539498850253,-0.0424060590127507,-Inf,0,0,0.152517118676882,0.615748467440224,-0.241456629783777,-2.12692587085472,0
34,0.17505209883894,0.586835845010724,0.736217125915084,-Inf,0,0,0.188581710346777,0.830450392532403,0.874216326711274,-0.386688968425583,1
34,0.308425126525752,1.22414648073242,0.345241977520178,0.199434955394827,0,0,1.12452674387684,0.618240141489767,-0.00179000731509499,-1.83986645415814,2
34,0.683536766894909,0.0171677094593577,-0.646411784232812,0.199434955394827,0,0,-0.283465879130622,-0.229581485852307,-0.749984339807303,-2.44710652965317,3
34,0.925275379577255,1.49460180822331,-0.0632686882150023,0.88991710867088,0,0,1.05977153275292,1.70136924701476,-0.538770170938282,0.941522732365537,4
34,1.07532003572492,0.100587347552011,0.333769793283628,0.88991710867088,0,0,-0.210905785615889,0.280891002096628,-0.124526871458326,0.247906056845187,5
34,1.28371539148556,0.188553299732053,1.34524963611356,0.88991710867088,0,0,0.177626335457825,-0.188165146783013,1.57153962081282,-0.937526722002874,6
34,1.70884191723727,-0.0765815349196161,0.868627085457769,0.88991710867088,0,0,-0.246439465827456,-0.027396669868781,0.392589872317546,-1.50670081989722,7
34,1.87555820184579,-0.753605916466025,0.95978975061271,0.88991710867088,0,0,-1.00010029717947,-1.19980455845688,0.547193180135574,-0.96778127224807,8
34,2.22566239952367,1.46351856084462,0.284209262645462,1.95838001598246,0,0,1.24422839009171,0.940996171774858,0.430739246880844,-1.80201465479724,9
34,2.47156891932123,-0.397059978219456,-0.193178872430967,1.95838001598246,0,0,-0.389900790319389,-0.0292531457554939,-0.702387275620997,-3.07651010043204,10
34,2.721643346234,-0.886768537821529,0.505744362110484,1.95838001598246,0,0,-0.943127182762392,-0.0193415983442423,0.584610932644939,-1.32226329445724,11
34,2.98422149449241,-1.76289713715128,0.620762007991844,1.95838001598246,0,0,-1.85283805388223,0.129943386088205,0.533454955209146,-0.532638095148983,12
34,3.04257219410539,0.242658535495597,-0.039473533125006,2.98826438162404,0,0,0.0929638687883989,1.0382331373044,0.101687094261396,-1.15279064235615,13
34,3.43018755582018,-0.1305036687035,0.408052119580808,2.98826438162404,0,0,-0.8713780640766,1.34459148846124,0.322718342877524,-0.823361098993006,14
34,3.54272104793093,-0.445222409338829,-0.338792098432418,2.98826438162404,0,0,-0.649082047382679,0.593291946918249,-0.417951176008205,-1.19454569154317,15
34,3.83030663888062,-0.411057104140934,1.18508969776948,2.98826438162404,0,0,-0.490006167521259,-0.225360351963469,1.4176577475241,-0.363088451790127,16
34,4.03870199464126,-0.445446346360751,0.631148081089392,2.98826438162404,0,0,-0.661470316789139,0.488677548354171,1.00857248906444,-0.72245800603525,17
34,4.41381363501042,0.114261584746781,-1.44334742818003,2.98826438162404,0,0,-0.360931742021243,0.854388175458052,-2.01759920949797,-3.25618171419651,18
34,4.5055075915451,2.46026808207434,-1.83824280447265,4.4801254833744,0,0,2.17049088322012,1.84233544017728,-1.88671441351383,-3.39458565473771,19
34,4.87228341768383,-0.716871604874967,0.125092757893993,4.4801254833744,0,0,-0.98497323899211,-0.12577920846189,0.024451286233965,1.29043988842423,20
34,5.03483179517714,-1.34320810121111,1.82325092087685,4.4801254833744,0,0,-1.34362102286007,-0.488147322515517,1.87869917374815,-0.168682360861811,21
34,5.49746948496576,-0.148342499258724,-0.0173900359013446,4.4801254833744,0,0,-0.442050277604178,1.08531769598483,-0.503167500943419,-0.914952062986555,22
34,5.6058350699613,2.07910036737206,-0.97108058963902,5.50151484295762,0,0,1.77805508259953,0.253444852970119,-1.18751753376874,-1.81015537831321,23
34,5.91842810360226,0.0222799954072684,-0.419242698634965,5.50151484295762,0,0,-0.167336746479381,1.55203494012554,-0.833125968237363,-1.42932024836163,24
34,6.19767788032152,-0.696600698994988,0.308648984248908,5.50151484295762,0,0,-0.851168811703753,-0.305559967455896,-0.405759186093738,-2.36995639077634,25
34,6.36856207204525,-1.07456067987851,0.472981663771989,5.50151484295762,0,0,-1.05409274256768,-0.588238795896753,0.597254236383407,0.11980179350928,26
34,6.63114022030366,-0.21689140105572,0.0458734718690212,5.50151484295762,0,0,-0.211485130361444,-0.0236508797649436,0.449296463212468,-0.914007866745563,27
34,6.99374813932718,1.44196311527706,-0.695246149521688,6.78358526843457,0,0,0.872123015211385,1.08767267023755,-0.291328964770223,-3.10900947177775,28
34,7.02292348913367,1.3405850433352,-0.491971604621836,6.78358526843457,0,0,1.24325495013149,-0.0559653042366639,-0.662253622817338,-1.94241814925814,29
34,7.34385233700506,-1.46157445142852,1.13639354675167,6.78358526843457,0,0,-1.60394350542982,-0.575813589248486,0.914671030971623,-0.998750819148282,30
34,7.68978862756773,0.105502059642375,0.391247172868328,6.78358526843457,0,0,0.126214055943755,1.3528021543414,0.139063160494957,-0.579976263217209,31
34,7.82732956236975,0.0508737383670446,-0.086996386893897,6.78358526843457,0,0,-0.304250206304288,0.205506428851874,-0.713068702426029,-1.59226150983589,32
34,8.18576957427806,2.81274604238117,-0.681470645217055,7.94057499536922,0,0,2.28689702197165,2.38867692826857,-0.670509124552042,-1.30129829516196,33
34,8.41500446561477,3.28363070879844,-1.92116958054259,8.26492669704334,0,0,2.90817637551885,2.58819958779823,-1.94762059918158,-2.91156094338838,34
34,8.54837749330158,1.79020892639138,-0.677213252097354,8.26492669704334,0,0,1.47775876293694,0.027301302648111,-0.816925000069446,-1.73966899226801,35
34,8.96933611193808,0.973133620336897,-1.08013467746428,8.26492669704334,0,0,0.558626664392525,0.493648439214414,-1.18511177229782,-0.805795573268477,36
34,9.14438821077702,0.46053558730376,-2.14387523490133,8.26492669704334,0,0,-0.163933867732117,1.69062019999155,-2.79852628114454,-3.56139935864986,37
34,9.44447752307234,-0.0965201941443761,-0.924379684318005,8.26492669704334,0,0,-0.110678682764494,1.23984650188419,-0.696032705482289,-2.45878628876688,38
34,9.51949985114618,0.0716551036729923,-0.44090030026649,8.26492669704334,0,0,-0.206855004388882,0.700502088225851,-0.326805252028792,-2.57694972554947,39
34,9.89877939863054,2.02703738399728,-1.98364238989252,9.63570101760113,0,0,1.62648738170646,1.33484178417517,-1.95657418299661,-4.217533566313,40
34,10.1530217326585,0.642849093811251,-1.02789888587112,9.63570101760113,0,0,0.363732516783827,-0.282283946909696,-0.454919916844575,-1.94334334424598,41
34,10.4114319738017,1.96651570218142,-1.80027141658536,9.63570101760113,0,0,1.56428580006677,1.11823491720405,-2.18523062860092,-2.02523616043272,42
34,10.5406370943733,0.822825899101962,-2.27835278441357,9.63570101760113,0,0,0.438855956745634,0.545870393881639,-2.5284088929709,-4.39900595896263,43
34,10.828222685323,0.498066029028031,-0.359784882675309,9.63570101760113,0,0,0.121451917383085,0.606854503292301,0.0577741091224728,-1.00194832921515,44
34,11.2241738612682,0.00130760223040457,-0.434926752621948,10.855374009447,0,0,-0.00535779656961766,1.20148471821191,-0.604715612736435,-1.98824121748422,45
34,11.2533492110747,-0.725769416672999,-0.304762951843887,10.855374009447,0,0,-0.717231329404201,-0.488679527110783,-0.573602586180355,-1.4956117494021,46
34,11.5075915451027,-0.879863411510304,-0.125749085883503,10.855374009447,0,0,-0.924323445459292,-0.248164715566293,-0.754138489591513,-2.82536181338596,47
34,11.8410241143197,-0.194353667850307,0.687331372570891,11.7431602212403,0,0,-0.340288078982687,0.558368140022053,0.902397150182611,-1.99332204087541,48
34,12.0535873771956,-0.821585226096818,2.02085124330963,11.7431602212403,0,0,-0.59271978425332,-0.330768567367796,1.98097740767351,-0.346600519024857,49
34,12.2786543614171,-1.53548288662945,2.05689812508306,11.7431602212403,0,0,-1.78835376647892,0.213896918335293,1.5454135216399,0.575130686219498,50
34,12.6162548377493,-1.47648288214462,1.68917793918433,11.7431602212403,0,0,-1.50309519612731,0.273152024566959,1.92681484146951,-0.298148308142141,51
34,12.8621613575469,-1.9748967304056,1.83196889270189,11.7431602212403,0,0,-1.87647575104867,-0.0390083401887954,2.31549633517859,-0.746092491011056,52
34,13.0372134563858,-0.114923104711956,0.904115864815908,12.9035198202607,0,0,0.0650404704903273,0.766958409204517,0.360191300283791,-0.777061785100439,53
34,13.2831199761834,0.432531701727534,-0.405779571865073,12.9035198202607,0,0,-0.0137229372736818,0.636574519721437,-0.476441842091571,-1.23194269340375,54
34,13.6040488240548,-0.0777346781712622,0.0296860205446398,12.9035198202607,0,0,-0.617147602400277,0.895434274265082,-0.311988191424725,-2.16319563545802,55
34,13.920809764811,0.606450926540458,-0.523191822725881,13.7816483868752,0,0,0.0748977152063804,0.358893599238778,-0.485720461098992,-2.53325896144841,56
35,0,0.11488224279513,0.58928538699219,-Inf,0,0,-0.49368186771562,0.126862431770907,1.29517969534243,-0.353322824323268,0
35,0.212563262875856,3.59354699595779,-0.743587974033349,0.125384534674231,0,0,2.83627060981292,1.16693148292497,-0.43182822354578,0.0560847443754506,1
35,0.491813039595118,2.90053889725054,-0.897007837495668,0.125384534674231,0,0,1.62308650587886,0.829457850627561,-0.707474203921711,0.150437372333261,2
35,0.541827924977672,2.40320496310629,-1.01536821352661,0.125384534674231,0,0,1.45645227312188,0.378697648437951,-0.471558941186954,-0.950380472099686,3
35,0.950282822268532,0.766251303422973,-1.35308923317898,0.125384534674231,0,0,0.0537128711827578,-1.16241830208426,-0.872638693259311,0.732492986318068,4
35,1.1336707353379,1.60709527107925,-2.01277660376742,0.125384534674231,0,0,1.32890122271951,-0.0519524988862174,-1.85655919956658,-0.666040878608024,5
35,1.39624888359631,1.81804642538477,-3.4849473273957,0.125384534674231,0,0,1.02570986736927,0.689095719976444,-3.10846479160498,-2.12026925541893,6
35,1.57963679666567,3.80402776977075,-4.11333155483285,1.43517297967158,0,0,2.88209159246755,1.80751815640851,-3.14222230707835,-2.43505923462803,7
35,1.78803215242632,2.84843225144826,-2.93198502179656,1.43517297967158,0,0,2.27699633664087,1.58808097076332,-2.36811077546666,-3.59878999283755,8
35,2.16731169991069,1.15071265645837,-1.79570230589921,1.43517297967158,0,0,0.511383759109036,0.730993714349782,-1.13407163692411,-0.821716257657097,9
35,2.35486752009527,3.69073187255476,-2.7693878034592,2.23446925368267,0,0,2.47380156322669,0.527031289190386,-2.03745099905078,-1.8593259633445,10
35,2.57993450431676,2.12694627680981,-1.39135859582404,2.23446925368267,0,0,1.11417390122205,0.119061685048455,-0.93077117257601,-0.432907232287024,11
35,2.77165823161655,0.307629714045878,-0.366880684441841,2.23446925368267,0,0,-0.558884689975653,-0.316695102723387,-0.32306614081949,-0.305761888847047,12
35,3.13843405775528,2.58691238504943,-1.58041345638778,3.00034461055811,0,0,1.5317424509262,0.710137632865345,-1.36738243670754,-1.26715181416573,13
35,3.4010122060137,1.31640069399394,-2.23077365870516,3.00034461055811,0,0,0.661707011893618,-0.447732857558943,-1.952697689027,-0.956887838232827,14
35,3.70110151830902,1.16040475011095,-1.5073169747195,3.00034461055811,0,0,0.354632076212386,0.546169825863852,-1.18862513947676,-0.387019288565689,15
35,3.76362012503721,1.23419168697915,-1.29625617371437,3.00034461055811,0,0,0.947151985960215,1.03541120145262,-0.483337627515784,0.330794418715797,16
35,4.10122060136946,2.70843126708698,-1.67665426856053,4.08683507087855,0,0,2.2111832510014,1.31211633643628,-1.41056317767467,0.321221947918733,17
35,4.4721643346234,1.65699525519372,-1.00151901173182,4.08683507087855,0,0,1.22034175533867,0.649205259138516,-0.608205409619931,0.239345533512066,18
35,4.61804108365585,1.19516328674008,-0.21811386474174,4.08683507087855,0,0,0.591095172657131,-0.410720479043232,0.61693781321712,0.408232103984591,19
35,4.81393271807085,1.15294881009677,0.0424377264486833,4.08683507087855,0,0,-0.15272198633008,-0.566564466105887,0.13290940781277,0.900516465144588,20
35,5.16820482286395,0.613085882804984,0.104811818644597,4.08683507087855,0,0,0.162733346191051,0.637727008005622,0.589363394712157,-0.17022902770694,21
35,5.38910389997023,2.68658826376618,-0.961658895641736,5.25492620402052,0,0,2.05503415943688,0.890244636381958,-0.45377075535649,0.275859302298248,22
35,5.72670437630247,-0.137458043775467,0.0389678807265823,5.25492620402052,0,0,-0.890011188287233,-1.50275995206556,0.45474924226157,1.75290831649458,23
35,5.85174158975886,-0.112492173114052,-0.184271057442373,5.25492620402052,0,0,-0.5697743077949,-1.18145741283176,0.0292816428770858,1.43531513131105,24
35,6.21018160166716,-1.61077888361487,-0.573870668012785,5.25492620402052,0,0,-1.81067570169435,-1.35986974603361,-0.597118926246403,1.26158223669286,25
35,6.38106579339089,-1.96711734258197,-0.532392323644096,5.25492620402052,0,0,-2.3602303752549,-1.59727721216344,-0.980733412423341,0.752444044666282,26
35,6.58112533492111,-2.11003906110365,0.914873980054756,5.25492620402052,0,0,-2.45637740607867,-1.25183727107355,1.68619611187681,0.866345257933936,27
35,6.94373325394463,0.17103860587361,1.23722803854477,6.86487641873626,0,0,-0.421966074894958,-0.0440808971009196,1.61994218955603,3.25143999087678,28
35,7.0979458172075,0.0870861091664258,1.79819240457614,6.86487641873626,0,0,-0.390298638789687,0.378935810152871,2.23986661279956,2.99797679086054,29
35,7.27299791604644,-1.44629353906328,1.28100725639953,6.86487641873626,0,0,-2.07442581356412,-1.01839500189277,1.54067243287083,3.34714569022854,30
35,7.60226257814826,0.114908136336493,1.03174653967838,7.52774368814336,0,0,-0.818992774801246,0.148582161066402,1.06645674693421,0.420508990548675,31
35,7.95236677582614,0.0504374589944944,1.54928254842009,7.52774368814336,0,0,-0.553206216397795,-0.486250017633367,2.49698006390004,1.38708260595787,32
35,8.08990771062816,-0.242039584034289,1.24678526469824,7.52774368814336,0,0,-0.830537919120564,-1.18085779443085,1.90938189142767,1.71328937308913,33
35,8.25245608812146,-1.06927406184995,1.37471466283399,7.52774368814336,0,0,-1.5057262128715,-0.98479713569559,1.53083458363919,1.69948768007244,34
35,8.63173563560584,-0.779107234206679,1.55504989090345,8.34697530233265,0,0,-1.28287421234382,-0.867586862335281,1.74454570465348,2.5331854049031,35
35,8.88181006251861,-2.38046225303993,1.05822656905465,8.34697530233265,0,0,-3.02992432074048,-1.23777361328159,1.41936446760217,2.6823819710304,36
35,9.05269425424233,-2.81005719947536,1.42139681248893,8.34697530233265,0,0,-3.46655028765339,-2.71569639852389,1.76787394016095,2.61204207701242,37
35,9.3319440309616,-2.60310608254642,3.02555690150776,8.34697530233265,0,0,-2.84858059876047,-1.5091618860495,3.32041377142032,4.22131881222632,38
35,9.58201845787437,-0.69509126524027,2.8934487075966,9.44375847990875,0,0,-1.05265193665407,-0.164306662657771,3.29515408209999,4.41524884298731,39
35,9.79041381363501,-1.06938680906107,2.57128253352186,9.44375847990875,0,0,-1.34312518555173,-0.631139260426261,2.70193325499406,3.25845962613591,40
35,10.1655254540042,-2.14219635704314,0.185699286544789,9.44375847990875,0,0,-2.23768530547345,-1.18943945259967,0.603141289327931,1.61904220405071,41
35,10.4822863947603,-0.430053300686575,1.49957316148142,10.367791893129,0,0,-1.05239626898727,-0.120984808615289,1.69012474704214,2.47237865859523,42
35,10.5698124441798,-0.339231021859573,1.50491962812379,10.367791893129,0,0,-0.711398848006073,-0.497419408245334,2.12804075228998,2.94619075745654,43
35,10.76987198571,-0.480156141098958,2.28899502530521,10.367791893129,0,0,-1.07708635003966,-0.307495646848704,2.77798896873835,2.40888297421093,44
35,11.0782971122358,-1.04671227539331,2.25746968183614,10.367791893129,0,0,-1.76000129405613,-0.23358084477359,2.61118299340463,2.75465559713923,45
35,11.3992259601072,-2.18273208114207,2.16104758981202,10.367791893129,0,0,-2.91715309764866,-2.24281937278234,3.08550684346333,3.38355590097337,46
35,11.6826436439416,-1.15729892064144,0.853583168497289,11.5663781883464,0,0,-1.48106900196901,-0.919924694564079,1.23576203964899,1.57325044866234,47
35,11.8785352783567,-1.08706846777931,1.80365288333103,11.5663781883464,0,0,-1.25656946768903,-0.943101155385962,2.32424322115474,2.33988697784157,48
35,12.1869604048824,-1.31616155371821,0.44201011512914,11.5663781883464,0,0,-1.58057517612468,-0.767692867584375,0.798392715380788,0.827900745202745,49
35,12.4703780887169,-1.77429812842898,0.903601999294774,11.5663781883464,0,0,-2.29740028248713,-0.169416752700065,1.63277738928274,0.904063942485837,50
35,12.7121167013992,-2.00245308959231,1.53345471810139,11.5663781883464,0,0,-2.53796516633995,-1.39391713036229,2.01624801447013,1.95812051283403,51
35,12.7913069365883,0.0843560566187775,0.478575096470425,12.7620275981742,0,0,-0.769000983713331,0.706805718038819,0.991498873429707,1.26085639285934,52
35,13.0955641559988,-0.392702255397298,0.773255808192235,12.7620275981742,0,0,-0.916230970172984,-0.874005779908957,1.06688377019083,-0.179181995495804,53
35,13.4581720750223,-0.927365142696978,0.18215630234027,12.7620275981742,0,0,-1.26596746020565,-1.36741465249072,0.866130429117932,1.64358122966859,54
35,13.5540339386722,-1.23248760584554,0.274862417425054,12.7620275981742,0,0,-1.56321337332513,-1.17340841603046,0.274699778443783,1.62068483399087,55
35,13.9458172075022,3.05339504241833,-0.820357995709365,13.928895913274,0,0,2.24877316904749,1.57649174532884,-0.231442564953591,-0.312006532061049,56
36,0,1.32159721754353,-0.753419198908723,-Inf,0,0,0.278235807021366,0.911491447094615,-1.08359602816915,1.9728261492981,0
36,0.137540934802024,3.42121926935503,-1.78418664510485,0.13037249953486,0,0,2.33125597717641,3.11833493438788,-2.43905656998789,0.880474232507734,1
36,0.433462339982138,1.00778604761441,0.586678055152001,0.13037249953486,0,0,0.149792083237875,1.84419647205123,0.559678994959296,1.33596626552756,2
36,0.683536766894909,-0.475232735807241,0.195561615733613,0.13037249953486,0,0,-1.10153565676468,1.10889706161742,-1.01646020472176,0.209458911758311,3
36,0.750223280738315,0.0380899998314323,-0.467900044883603,0.13037249953486,0,0,-0.849199366149376,1.92836085330302,-1.17134468098416,1.03946904063054,4
36,1.08782375707056,-0.492373660444416,-0.400676192538317,0.13037249953486,0,0,-1.07067681959138,1.34471037197841,-1.29811010187753,1.06865904346371,5
36,1.33789818398333,0.91158911388885,0.487240743176978,1.11293926911715,0,0,0.081525012520219,2.29211357723175,-0.226750130468931,1.13019973776184,6
36,1.72134563858291,-0.705524376746587,1.00320485632356,1.11293926911715,0,0,-1.37872796524057,1.16838864557272,0.775123974788623,1.13385475176386,7
36,1.92140518011313,-0.716782933224849,0.619811119406559,1.11293926911715,0,0,-1.4080107913494,2.15292929375014,0.503622129994428,1.57801942700954,8
36,2.23399821375409,-2.09820152287045,-0.481378969398069,1.11293926911715,0,0,-2.40130359049185,-1.1054193932462,-1.10632886193534,0.916105912158194,9
36,2.2673414706758,-1.74189957830054,-0.23419588752901,1.11293926911715,0,0,-2.22160512305631,0.149818726456794,-0.561838881161374,1.50303794978964,10
36,2.54242334027985,-1.48832253050603,-0.304983287962882,1.11293926911715,0,0,-2.11979253287871,0.280647320013058,-1.00936283457597,0.505681657083441,11
36,2.85501637392081,0.48518849724303,0.770673244627239,2.55154892715733,0,0,-0.242182438198516,1.78516743537763,0.206781717267217,1.96937897715004,12
36,3.12176242929443,0.206059869714762,-0.72789725241819,2.95331575681384,0,0,-0.382464450463072,0.468811618157577,-0.55125398121127,0.218396568986309,13
36,3.4676987198571,-0.967485516819838,0.930941768338615,2.95331575681384,0,0,-1.73413593185993,1.68692240115362,0.348746945283611,3.05866085982916,14
36,3.68026198273296,-0.659560707711368,0.739158931160833,2.95331575681384,0,0,-1.20819219796427,1.24097523942845,0.379553443647697,2.69341824116057,15
36,3.83447454599583,0.0506951243544023,1.47466991208448,2.95331575681384,0,0,-1.05163496271475,1.75168660830035,1.31200139674337,3.32118613260584,16
36,4.04703780887169,-0.354325020549213,1.78883951307004,2.95331575681384,0,0,-1.41991270588803,0.553342529748252,0.941961298758139,2.72355947533486,17
36,4.4721643346234,0.197145751988997,0.348094350005656,4.11301618348091,0,0,-0.327531445438854,1.24587965302649,0.0995604553474488,2.3087672079829,18
36,4.68889550461447,-0.365230791759471,0.697639801881534,4.11301618348091,0,0,-0.903718725709551,0.889144725445459,0.111647294510051,1.52661663005977,19
36,4.99315272402501,-1.09702002300719,0.372929721943299,4.11301618348091,0,0,-1.79085801858454,0.895701797408635,-0.0699782383793865,0.210140981022707,20
36,5.14736528728788,0.0523355469988476,-0.00681586111697935,5.01562081763091,0,0,-0.409540549245274,1.59735310039685,-0.645552624430018,1.36553858682943,21
36,5.39743971420066,1.18889838007109,-0.372905202925213,5.01562081763091,0,0,0.279393790155064,1.35229795979329,-0.275161340211608,1.07126441307453,22
36,5.68919321226556,1.21520721147948,-0.158186911960642,5.01562081763091,0,0,0.45986184976011,2.08251468584922,-0.717782686244991,1.20089717061841,23
36,5.7683834474546,0.944869801148161,-1.01922065437288,5.01562081763091,0,0,-0.0638539524120275,0.824260851361055,-1.48704495709957,1.41443182129745,24
36,6.24352485858887,2.25568537994865,-3.13443969585782,5.01562081763091,0,0,1.31847764670993,2.21593638068005,-3.39145568341265,-0.788739155022472,25
36,6.34772253646919,1.89189651803235,-1.92548604090229,5.01562081763091,0,0,0.437564302632706,2.18739474603299,-2.32554576783052,0.222392488118397,26
36,6.74367371241441,1.84053491321846,-1.61470028641662,5.01562081763091,0,0,0.932592306371828,1.15316335050175,-2.28088596123236,0.919883552068254,27
36,6.8687109258708,0.928042184167629,-1.03278857154982,5.01562081763091,0,0,-0.0126824463711274,1.49925505683436,-1.73230956918326,1.65835459762905,28
36,7.24799047335517,1.15125336669209,-0.399615636276059,6.88826897168854,0,0,0.43200254247591,1.12290897776094,-0.727972734901461,0.782194909583471,29
36,7.33134861565942,0.422073239407011,-0.302044133399079,6.88826897168854,0,0,-0.418883024445949,1.54395882481354,-0.902172484516799,1.77539182807758,30
36,7.52724025007443,-0.0526367050258182,-0.823342260711596,6.88826897168854,0,0,-0.591860499446198,1.87384331373322,-0.547203231332902,-0.401857474882999,31
36,7.83566537660018,-0.193291391327273,-0.699454632670498,7.55573256875997,0,0,-1.16081571786195,2.08682216144696,-1.61141652518464,1.41224821968285,32
36,8.18993748139327,0.120718746241836,-0.981340045277491,7.55573256875997,0,0,-0.620609909801066,1.71040812181043,-1.67640204852442,2.00129339344883,33
36,8.37749330157785,0.826099045131989,-0.240199244783666,7.55573256875997,0,0,-0.317149943655498,1.30826530276349,-1.16373693837499,0.82129846337718,34
36,8.64007144983626,3.20078698642806,-1.79133302351052,8.48384001796098,0,0,2.49118781352766,2.93618662987459,-2.24621072687651,-1.15825472119984,35
36,8.9443286692468,1.63126218239917,-0.78929544595859,8.48384001796098,0,0,0.599366494890155,1.4486790223697,-2.28507410453208,0.0369864629764566,36
36,9.0735337898184,1.51591932560618,-0.755537232293762,8.48384001796098,0,0,0.412035732560512,2.4304009685958,-1.74566586692498,2.01805538819031,37
36,9.48615659422447,2.06406582987061,-0.877093057724153,9.31296964328055,0,0,0.996813057817556,1.86559194692435,-1.03213903068157,0.799115597038857,38
36,9.51949985114618,1.60895234655499,-1.0419613880739,9.31296964328055,0,0,0.825951335449373,2.31232005576464,-1.35621656328294,0.47330312193959,39
36,9.77791009228937,0.314460319177553,0.272178012072598,9.31296964328055,0,0,-0.336066029033814,1.63356604129697,-0.210583972578573,1.48851881732246,40
36,10.0363203334326,-0.0991834371672043,0.151949075869886,9.31296964328055,0,0,-1.03128458936653,1.32416333221123,-0.340904180524603,2.3294094094681,41
36,10.4906222089908,0.753608006299062,-0.72219090505098,9.31296964328055,0,0,0.274063193253171,1.12597512730013,-1.00254073647049,0.591255868633823,42
36,10.6656743078297,0.550680246230403,-0.316479939005815,9.31296964328055,0,0,-0.442343301904901,1.04000019143003,-0.740156542839026,0.926430920054759,43
36,10.8157189639774,1.12755672140109,-0.472202109460622,9.31296964328055,0,0,0.0134469444393747,1.13312687906871,-1.0495175888558,0.73955406971145,44
36,11.1116403691575,2.47235645221771,-2.83958495673585,10.8184387076234,0,0,1.1144069152675,2.66306843888765,-3.29358244191576,-1.89074928341232,45
36,11.3033640964573,1.69170719161361,-1.62108641783691,10.8184387076234,0,0,0.681482167722301,2.62039465615715,-2.40063274461252,-0.133111852649059,46
36,11.5034236379875,1.48657071772612,-1.82870994122449,10.8184387076234,0,0,0.571578834425532,2.4376187044244,-2.59130646964352,-0.63116499288754,47
36,11.9410538850848,1.12229540042694,-2.47307891724854,10.8184387076234,0,0,0.491823012711806,1.38255714748334,-3.51346641269473,-0.220166759034373,48
36,12.2286394760345,1.71342832964914,-2.05080393804936,12.1035901266652,0,0,0.799694252798929,2.16387146817043,-2.16291667586763,-0.564830332739142,49
36,12.2536469187258,1.77206613788536,-2.3641569238634,12.1035901266652,0,0,0.928030458746216,2.57621541431279,-3.1675531149222,-1.18265298582052,50
36,12.5037213456386,1.31745417427892,-1.14964568327486,12.1035901266652,0,0,0.425474099069625,1.84338121342662,-2.27157121592174,-0.0813201578336824,51
36,12.9246799642751,0.972199008749296,-0.443988180041453,12.1035901266652,0,0,-0.151041703268852,0.610697441117886,-1.09305333102475,0.93202737413795,52
36,13.2497767192617,2.82320968188685,-1.69632707395386,13.1164378646546,0,0,1.48330326963004,1.73188139574538,-2.33335096958056,-0.0134567675008103,53
36,13.3998213754093,2.44851277350296,-0.521916959204729,13.1164378646546,0,0,1.67864344102914,2.17888269315657,-1.29945783601378,2.26826383036375,54
36,13.60821673117,0.816974889752053,-0.164540565697218,13.1164378646546,0,0,-0.41512571166867,1.98696072596065,-0.423257590598025,1.04531416623572,55
36,13.7749330157785,1.48876462125492,-0.271763687237861,13.1164378646546,0,0,0.327924613203557,1.77526815359585,-0.316982057026201,1.3375732570253,56
37,0,0.0379557053413955,-0.103266375527669,-Inf,0,0,0.702599623305919,0.674172008745756,-0.195410768437017,-0.120399611927866,0
37,0.0958618636498958,0.255134770973005,-0.164382594797472,-Inf,0,0,0.312036348798835,-1.05637297728013,-0.108733491019423,-0.415588407194481,1
37,0.387615361714796,2.78878768430353,-0.784424027421598,0.322307286062278,0,0,3.15592480412045,1.15193511347644,-1.01870343059396,-0.16181521918203,2
37,0.550163739208098,2.40693146276035,-1.49962885058445,0.322307286062278,0,0,2.49183596976047,0.297987906531048,-1.21450589951573,-0.416140256909684,3
37,0.933611193807681,1.42080408022117,-1.14120679275405,0.322307286062278,0,0,1.54702243679672,0.571531162462447,-1.75100619836064,-0.365224475126618,4
37,1.10866329264662,1.04120328881155,-0.82718514844678,0.322307286062278,0,0,1.03291904552897,0.687784594961056,-0.638004584431122,-1.03025704483339,5
37,1.40041679071152,2.19267941392577,-2.03549331381344,1.23954129209563,0,0,2.21524602196688,1.12503773418932,-2.15613987225707,-1.27488634827629,6
37,1.50044656147663,2.15023596010796,-1.29518790615847,1.23954129209563,0,0,2.15253988266122,1.08145844176955,-1.3309179779564,-2.04968564123283,7
37,1.97975587972611,2.28992758938651,-1.38431061656975,1.76373119183923,0,0,2.68668349823189,1.36066924923696,-1.78815685389645,-0.910106114489926,8
37,2.12563262875856,1.65279078750766,-1.86703334144044,1.76373119183923,0,0,1.82337119990994,0.374717793498652,-2.68943202466917,-1.9725536793581,9
37,2.27984519202144,0.680086759617448,-1.60582904887552,1.76373119183923,0,0,0.90641775243301,-0.82695388473555,-1.60977612828204,-0.607142230219086,10
37,2.55492706162548,1.54946325325567,-1.74351236926004,1.76373119183923,0,0,1.80398598812477,0.532413129860531,-2.00307608793359,-1.18908182268849,11
37,2.76749032450134,0.926014996990468,-0.790692145158404,1.76373119183923,0,0,1.0373362704932,-0.505665796443908,-0.561133555617892,0.470924145777108,12
37,3.07591545102709,1.39886417346212,-1.56593206778737,1.76373119183923,0,0,1.53254228971648,0.27167621471984,-1.97430379759391,-1.94386800219764,13
37,3.30098243524859,2.57695972359675,-2.05380942217809,1.76373119183923,0,0,2.44624172065907,0.833547438197587,-2.50025939826818,-1.65106889689045,14
37,3.57606430485263,3.71037335939254,-2.0083788354047,3.52606750814638,0,0,3.7223733915592,1.84842186959856,-2.20061738927189,-1.40938377472899,15
37,3.91366478118488,1.43622340742195,-1.57488796289148,3.52606750814638,0,0,1.44949105022616,-0.109219693385499,-1.41324624807246,-1.08283531992405,16
37,4.00952664483477,0.211593231537022,-0.686670127883914,3.52606750814638,0,0,0.605151420355122,0.323831857595475,-1.04953415624216,-0.194807634974087,17
37,4.46382852039297,1.99090633122648,0.189564971117575,4.28693873199383,0,0,2.25662558719445,1.47595510891217,-0.213812733150678,0.913809155955626,18
37,4.62637689788628,0.854748923028345,0.161808764562773,4.28693873199383,0,0,1.40464584236795,0.738596901376012,-0.0228323988835227,-1.06573371295378,19
37,4.91396248883596,-0.596956743056415,-0.327060125502302,4.28693873199383,0,0,-0.48651625165358,-0.588117688848856,-0.623477548742241,-0.319742734330285,20
37,5.15986900863352,-1.18303050427417,-0.14630459265249,4.28693873199383,0,0,-1.08278793119959,-0.159870196053755,-0.502725506572188,1.00642940186589,21
37,5.32658529324204,-0.0791926122485609,-0.0717843959254629,4.28693873199383,0,0,0.00455732139058762,0.41811342469573,-0.807764533594832,-0.135970411541942,22
37,5.58916344150045,0.275558840502441,-0.0739973759189363,4.28693873199383,0,0,0.272102782389571,1.44635329919167,-0.522674470806063,-0.201384275214922,23
37,5.92259601071748,1.58162951908587,-0.720004679548014,5.64964044160711,0,0,1.88523693300505,0.215424667159262,-0.626223125842184,-1.09189403186707,24
37,6.20184578743674,1.80244954838405,-0.928531999976856,5.64964044160711,0,0,1.89907948445478,0.0579330403964022,-0.573024064874065,0.154270825267636,25
37,6.2560285799345,0.892597287886508,-1.14187214900601,5.64964044160711,0,0,1.01478937893102,0.459249734149756,-1.70611726791134,-1.24588594479348,26
37,6.63530812741887,1.83935849919568,-0.242399231952552,5.64964044160711,0,0,2.00765671529616,1.72905711237122,-0.488450347808098,0.223566982814996,27
37,6.97707651086633,2.40910410882211,-1.40452147767064,6.8559223394035,0,0,2.63203818328298,1.49979363104438,-1.16663443025185,-0.865333242206414,28
37,7.17296814528133,3.12459504025981,-1.91504030434686,7.13252254406599,0,0,3.34492635194578,2.08128160195655,-1.95741614403126,-1.44749007307981,29
37,7.43137838642453,2.0078377648877,-1.55539380841604,7.13252254406599,0,0,1.98839100186515,1.40990507173434,-1.57540853146266,-0.746315819684058,30
37,7.68978862756773,1.27581370823426,-0.886270641959434,7.13252254406599,0,0,1.73999467122181,2.0834546256728,-0.465173585436594,0.716394543380503,31
37,7.83983328371539,0.902086213342999,-0.174624674116345,7.13252254406599,0,0,1.17665909745244,0.396502849387865,-0.359091437566076,0.439202115865247,32
37,8.15659422447157,1.11298281737986,-0.440205222382356,7.13252254406599,0,0,1.14188703736316,-0.033327097718627,-0.297172530226986,-0.978394672955684,33
37,8.3941649300387,0.492011801209724,-0.222645356725661,7.13252254406599,0,0,0.41253601042721,0.965859343231766,-0.410654312603564,-0.498890241126475,34
37,8.54837749330158,-0.335619135226365,0.130353432701867,7.13252254406599,0,0,-0.0981855912655742,0.718294989291957,-0.22544257077018,0.862511569561418,35
37,8.99851146174457,1.30616035573682,-0.41425958250122,8.88608247550169,0,0,1.33673924674149,1.36378477987625,-0.434025937878334,-0.894353580902191,36
37,9.10270913962489,0.00720878158502522,0.0626622209811199,8.88608247550169,0,0,-0.0426390308162634,-1.44839954257826,-0.140480772448412,-0.0699488185394717,37
37,9.4611491515332,0.0555976092178145,0.502704881797608,8.88608247550169,0,0,0.290445986391925,0.687106776032723,-0.265810563384554,-0.359933519653544,38
37,9.63203334325692,-0.700464793825605,-0.149718482159698,8.88608247550169,0,0,-0.0159547099511456,-0.201878280325119,-0.0757905798076143,1.33924494528702,39
37,9.93629056266746,0.461488337191053,-1.03180288631963,9.80931151435495,0,0,0.670736164470544,-0.446019498843315,-1.32532622475295,-0.500864882190541,40
37,10.0988389401608,-0.260408754093458,0.026898300764242,9.80931151435495,0,0,0.112874225922068,-0.6591360605413,-0.0980409883527995,0.609029520518207,41
37,10.4489431378386,0.205733635443065,0.970793696619066,9.80931151435495,0,0,0.83698923614356,0.554104930216671,0.872784733650066,0.591418185894508,42
37,10.5364691872581,0.0770314681827671,1.21235178425605,9.80931151435495,0,0,0.359410827987753,0.384812581037498,1.17626186324233,1.97212391498415,43
37,10.8949091991664,0.900540806719132,-1.13396451279074,9.80931151435495,0,0,1.1599800252708,1.3189611313293,-1.38328381247779,-1.00751128829853,44
37,11.0407859481989,2.03721923693788,-1.78914375101927,11.0265371101264,0,0,2.34239772164671,1.71565040336927,-2.30389857494021,0.327992041638517,45
37,11.474248288181,1.79546801055886,-0.621834003952513,11.0265371101264,0,0,1.29022945695108,1.54533961664454,-0.249086414844036,0.290401509091992,46
37,11.6034534087526,1.04023792640106,-1.09377443605612,11.0265371101264,0,0,1.1660829016706,0.767997742280735,-1.59992394521597,-1.56050280500799,47
37,11.8368562072045,2.68801691821205,-0.56420076148313,11.6748773672421,0,0,2.56597804230867,1.2895571216399,-1.02291712720876,-1.01963236438776,48
37,12.0785948198869,2.57004606985193,-1.19533058950519,11.6748773672421,0,0,2.48671046254538,1.07293921962888,-1.00472130467412,-1.33658997622246,49
37,12.2828222685323,1.81140388568662,-1.43480405178672,11.6748773672421,0,0,2.30921431032399,1.04209954821854,-0.943307036268718,-1.54884441626388,50
37,12.5537362310211,0.833508128587439,-1.73892613295828,11.6748773672421,0,0,0.972765377652006,0.629615023341338,-1.35079975773349,-0.521317807218244,51
37,12.9997022923489,2.36167286280101,-1.05588346766491,12.886389799348,0,0,2.50167460997922,1.23631130139898,-0.660277609816425,-1.42224879741347,52
37,13.1497469484966,1.91047635025706,-1.38588639648655,12.886389799348,0,0,2.1123265864605,0.45835521341863,-2.18540816588087,-0.652634273233281,53
37,13.3081274188747,1.18924783291366,-0.282195961595868,12.886389799348,0,0,1.37886817586382,0.0102882866804516,-0.293608024745912,-0.0494062567507019,54
37,13.6207204525156,1.02834465402578,-0.170548636990677,12.886389799348,0,0,1.29474903461716,0.239753600854399,-0.593170731603158,-0.990036425241241,55
37,13.9499851146174,2.25569142462151,-0.53632446862217,13.7629674259573,0,0,2.43642905667441,1.31769108244902,-0.664478891846261,0.958076967793988,56
38,0,-1.11124627324076,1.50831110645359,-Inf,0,0,-0.227971852621138,0.392280682987673,0.861800559500949,2.46086362163662,0
38,0.170884191723727,1.76007628058458,-0.6873691777288,0.12304226065753,0,0,2.39452752871967,1.12482444731379,-1.40440041564312,0.543888168486734,1
38,0.404286990175648,0.722189858584429,-0.491663994634226,0.12304226065753,0,0,1.49477384653353,1.43351686406184,-1.77968025344288,-0.533465107423357,2
38,0.641857695742781,-0.192823812026783,-0.0784892805494732,0.12304226065753,0,0,0.79113918378789,-0.601901357943549,-0.229536878222654,0.523966734383553,3
38,0.762727002083954,-1.35011522208127,0.701255609258347,0.12304226065753,0,0,-0.31244902774925,-1.4283197878086,-0.0896580789463581,1.05188130501918,4
38,1.15034236379875,-0.787730077372224,0.88473331519597,0.12304226065753,0,0,0.477095128621629,-0.683430034929722,-0.378380211794194,0.0867960524736481,5
38,1.30872283417684,1.69695320849996,0.570431526033203,1.17287461550262,0,0,2.29189338726859,1.31902006092537,-0.0267467955997874,0.663743130671223,6
38,1.57130098243525,0.496813664405037,0.866175226530456,1.17287461550262,0,0,1.0883027076111,0.653683375725838,-0.285660661205569,-0.0901308752446907,7
38,1.98392378684132,0.415030799909115,0.0618219324155791,1.84320272295378,0,0,1.2320261288473,0.500297432683231,-0.451233087849349,1.53626859436789,8
38,2.2048228639476,2.04048411984879,0.367115618858148,1.84320272295378,0,0,2.58147304771752,0.73153894687903,-0.432947284643605,0.986134295631417,9
38,2.3965465912474,1.9957004705638,-0.763790233406617,1.84320272295378,0,0,2.30877470503867,0.798065025059743,-1.42212933816286,-0.290237102273731,10
38,2.68413218219708,0.977467796218715,-0.261733600017943,1.84320272295378,0,0,1.67510849223546,1.17325243073164,-0.17747461491468,0.352335022268119,11
38,2.80916939565347,1.26198575260359,-0.780166813948701,1.84320272295378,0,0,1.78065818309266,1.10545215147404,-1.72728138675981,-1.14381234468729,12
38,3.1426019648705,1.0935978361688,-0.702367476429478,1.84320272295378,0,0,1.80253677716414,-0.430115942730977,-1.93348727605582,-0.0741621924397837,13
38,3.2718070854421,0.79921397308304,-1.66338910861332,1.84320272295378,0,0,1.50428790258114,-0.224552971174195,-2.36126133145007,-1.29843585958518,14
38,3.62191128311998,2.40980448296489,-2.00919024388333,3.40148049049939,0,0,2.97629863504882,-0.00761150878129113,-2.98093818396609,-1.57961200047824,15
38,3.759452217922,2.31113484347073,-0.932406590711522,3.40148049049939,0,0,3.06433636835767,-0.0252439916021896,-1.63258342378769,-1.43034500100352,16
38,4.00119083060435,0.782761846620654,-2.32146495695559,3.40148049049939,0,0,1.54473827410527,-0.530133220658686,-2.70993704200195,0.000818215292887503,17
38,4.39714200654957,1.83947696820424,-1.11896983009044,4.22130680344282,0,0,2.50443307398339,1.01193167483453,-1.24938262981274,-0.64895168603928,18
38,4.61387317654064,-0.087019762599498,-1.49638112539999,4.22130680344282,0,0,1.1446572633906,0.847333637638573,-2.16158540866358,0.049529025377415,19
38,4.77642155403394,0.391259153245137,-1.05986452087765,4.22130680344282,0,0,1.12208914014363,0.0396506577781753,-1.96609207208303,0.0339480643868659,20
38,5.22238761536171,0.32971454242881,-1.07695354332374,4.22130680344282,0,0,0.772919976712783,0.163610033721301,-2.06895754705232,-2.42921773584669,21
38,5.30991366478119,2.40601927636656,-1.85344927420146,5.24546884106508,0,0,3.17734191736511,0.943680568074679,-2.83129138662286,-0.854686737737321,22
38,5.53498064900268,-0.00914596620701521,0.17640701935399,5.24546884106508,0,0,0.8226353184964,-0.123774316650495,-0.182984596848737,1.46527138464289,23
38,5.8642453111045,-1.96425728473487,-0.62103470926315,5.24546884106508,0,0,-0.832644616232969,-1.06447745710211,-1.1984753835313,-0.148706562423138,24
38,6.08514438821078,-2.00253254399269,0.139752554716538,5.24546884106508,0,0,-0.866593620406211,-1.26641206190014,-0.667599007623037,0.0266362811717949,25
38,6.285203929741,-1.91721120405733,1.09312811497352,5.24546884106508,0,0,-0.861184158354751,-1.43647323444156,0.237911702966153,0.255994876192862,26
38,6.66865138434058,-1.29191422733991,1.62383514850104,5.24546884106508,0,0,-0.33789753930414,-0.193189840074396,0.614231314929204,1.45757025899857,27
38,6.9353974397142,0.641580153029018,-0.231645420666454,6.90869079501225,0,0,1.61318142590944,-0.0418912362740562,-1.26341476005138,1.53039106795075,28
38,7.05209883894016,0.152231458716225,0.328702942161379,6.90869079501225,0,0,1.00228987681396,0.256399607084841,-0.489561042711673,-0.713500277108031,29
38,7.39803512950283,-0.0972588197832098,-0.122152389710114,7.23856155223822,0,0,0.477133514014359,0.390145127490393,-0.559173997067612,0.0490009125593358,30
38,7.518904435844,-0.728710393089612,1.03067240368544,7.23856155223822,0,0,0.175028714479618,0.28863101319412,-0.220061607197904,1.41324706479195,31
38,7.86067281929146,-0.613344943155339,1.26022028904976,7.23856155223822,0,0,0.0885901850595711,-0.863898495871342,0.313810791190717,0.206081201374007,32
38,8.09407561774338,-0.57976630189235,1.4456242009814,7.23856155223822,0,0,0.459955720916548,-0.983871943995174,1.15361850801274,0.830630853784133,33
38,8.30663888061923,0.338397427682003,2.26776816736933,7.23856155223822,0,0,0.876752424910426,-0.594565562747998,1.33542849542592,0.86204751492726,34
38,8.69842214944924,0.126807732642963,0.90886787209065,8.31196912025066,0,0,0.961158083034584,0.82867067269391,0.253390180923374,0.947536077177466,35
38,8.85680261982733,0.435176199744917,-0.59001237115228,8.31196912025066,0,0,1.23622072930964,0.487404847732516,-1.8509860253099,0.0753073713413229,36
38,9.18606728192915,0.724111190416611,-0.64370285660347,8.31196912025066,0,0,1.42338937432762,1.15173391352265,-1.25396292831651,-0.817173672830121,37
38,9.48198868710926,0.853369065300785,-1.15633422298121,9.39683859740169,0,0,1.67794612456312,0.644794591062808,-1.86904039463846,-0.945619506533211,38
38,9.73206311402203,1.25943326814887,-1.22952648796607,9.39683859740169,0,0,2.16384164597015,0.170545483290945,-2.24821538382529,0.150693953518355,39
38,9.83209288478714,1.36322459604525,-0.976206553561273,9.39683859740169,0,0,1.79836890915637,0.824333451398471,-1.23011918677905,-0.118984209021362,40
38,10.182197082465,0.363184908617292,-0.750736634420369,9.39683859740169,0,0,1.12253797456249,0.317342722668791,-1.54889593243364,-0.0790607511704585,41
38,10.3905924382257,0.544006172980613,-0.651691726322858,9.39683859740169,0,0,1.57215681431166,-0.753440709346529,-2.2842578320827,0.0351816895215029,42
38,10.5323012801429,1.37044024808163,0.0340862163537417,9.39683859740169,0,0,1.88055246408032,0.38076223474775,-0.465616087220322,0.623925916184562,43
38,10.7782077999405,0.574341464044888,0.148786431889937,9.39683859740169,0,0,1.30901899176042,-0.131230041510351,-1.03278896713697,0.287271737584892,44
38,11.0866329264662,2.50212625056511,-1.10071946757091,11.0816817661335,0,0,3.30546890722285,1.20423314732955,-2.09275156919228,-0.554217151501038,45
38,11.4033938672224,-0.919783301329426,-0.394787153412709,11.0816817661335,0,0,-0.15199390809861,-0.184397424189838,-1.29309354913734,-1.24643962075644,46
38,11.5617743376005,-0.343183188681394,-0.0986369565694132,11.0816817661335,0,0,0.377654929874822,-0.0410228793758356,-0.458455818589784,0.239458821033934,47
38,11.9577255135457,1.42349800387682,-0.539337671771271,11.8790688896588,0,0,2.66171263323843,0.739076363603601,-1.48524065714647,-1.30690717716706,48
38,12.2453111044954,-0.265434185865842,0.463939632230004,11.8790688896588,0,0,0.249689672386698,0.196458529271172,-0.412777404600212,1.27052341865476,49
38,12.2994938969932,-1.01362223780213,0.355977581124338,11.8790688896588,0,0,-0.209080285744498,-1.40478815730907,-0.267835045286443,0.778773584122423,50
38,12.6871092587079,-0.725268709455688,0.97360401969495,11.8790688896588,0,0,0.31014209639481,-0.951110601109731,-0.0510885596489348,0.111110704239956,51
38,12.7537957725514,-0.464808146378095,0.538876582070473,11.8790688896588,0,0,0.0528001231417886,-0.591061379143427,0.391339913732775,1.17605401355019,52
38,13.0372134563858,-0.243399237101372,0.198020092245695,11.8790688896588,0,0,0.348932696598447,-0.224532831995122,-0.41025614649792,0.753812462315119,53
38,13.3498064900268,1.58156401579064,-0.0857250740399014,13.3220829174173,0,0,2.38975232202675,1.38903000806433,-0.681505261099626,-0.0852670606855642,54
38,13.5790413813635,-0.762973565259048,-0.0439135745103525,13.3220829174173,0,0,0.140655413034108,-0.570659255757937,-0.931655446856585,0.732796713828481,55
38,13.8749627865436,-0.0922960647775852,0.943110812139037,13.7039808182861,0,0,0.540643128722413,-1.58785535265363,0.423573677772742,0.0808119490579315,56
39,0,0.667139246414275,0.28644684307657,-Inf,0,0,0.43142093669623,0.8644392614448,1.51459794084125,0.433782648686041,0
39,0.241738612682346,0.921043739910417,-1.18491637135412,0.0411946252221242,0,0,0.608974215883696,1.15721823115302,-0.217048999440546,0.162978991109543,1
39,0.391783268830009,-0.114220911245534,-0.487161587586034,0.0411946252221242,0,0,-0.173615816988417,0.06822043929357,0.518460834267224,-1.09814252636888,2
39,0.545995832092885,-1.93378022157885,1.42825500602415,0.0411946252221242,0,0,-2.13617418454077,-1.16050071438949,2.69263572653225,0.367278279086196,3
39,0.983626079190235,-1.41170581621268,2.29694399145466,0.0411946252221242,0,0,-1.46709333170405,-0.137992152672909,3.6678913998748,1.5873854961639,4
39,1.08782375707056,-1.25223207592726,2.03513074557624,0.0411946252221242,0,0,-1.30360784194847,-0.689263262507988,2.73029342061047,1.16265792818013,5
39,1.45043167609408,-0.312511234287007,1.45102535675896,1.11397467283353,0,0,-0.337036629407158,1.00256937456192,2.78355614646564,2.5287236126603,6
39,1.66299493896993,-1.21110662145191,1.34587399747084,1.11397467283353,0,0,-1.02519837652822,-0.166371522283007,2.57157728807093,1.49246806458183,7
39,1.82971122357845,-1.31043297003025,0.587121955985716,1.11397467283353,0,0,-1.17492407927155,0.495936152190175,1.91504130715776,-0.663864634318922,8
39,2.08395355760643,-1.92290867842001,1.78622575817466,1.11397467283353,0,0,-1.79891056051125,-1.43075747308567,2.71486361077631,0.637880048377181,9
39,2.3340279845192,-1.73025271138735,1.51392747760746,1.11397467283353,0,0,-2.01968874860291,0.44931699871088,2.75926660338201,0.910477929962192,10
39,2.67162846085144,-0.795668127040037,2.1048750359792,2.45265211541779,0,0,-0.705399095027048,0.293858905862524,3.33284940601405,1.32186228849948,11
39,2.83834474545996,-1.14562642704039,2.57528098375299,2.45265211541779,0,0,-1.02153177574147,0.355755089985532,3.76590087244811,1.26767150924882,12
39,3.10925870794879,0.0910869760894959,1.015208769076,3.06975299342929,0,0,-0.13723050094662,0.903369297407683,2.26801828242726,0.395370181631448,13
39,3.48853825543316,-1.49678640358495,0.758826636322144,3.06975299342929,0,0,-1.33014078998649,0.35091132740358,1.65985200632816,0.193772285012474,14
39,3.67609407561774,-1.08910037852547,1.1399012362809,3.06975299342929,0,0,-1.18641382799777,-0.090866084667212,2.24337868371197,0.25242121611862,15
39,3.95117594522179,0.0271630482192739,-0.271607590278378,3.06975299342929,0,0,-0.0602224727336189,0.703816599536963,0.600665416067387,0.213955724144272,16
39,4.22625781482584,-0.931490737817269,-0.153110536768239,3.06975299342929,0,0,-0.666070844417718,0.381866344820823,1.43427519552568,-1.32342237161952,17
39,4.45549270616255,-0.0810190938763717,0.350588920761202,3.06975299342929,0,0,-0.0590435029533979,0.565675668164519,1.88074128840847,-0.734634782803319,18
39,4.63888061923191,1.0241662307478,-1.67342420666923,4.49308710505004,0,0,0.930134485274791,1.43600691171945,-0.643749805296359,-0.98137891267065,19
39,4.89729086037511,0.139415741876879,-0.393478171980214,4.49308710505004,0,0,-0.525750220131539,1.51407796267334,0.339306195069132,-0.0809086976731643,20
39,5.00565644537065,-0.602960730092362,0.139296982054208,4.49308710505004,0,0,-0.763407759739223,0.626240952379254,1.67492501174555,-0.0272221659894337,21
39,5.30991366478119,0.149466540215727,0.192332137051427,4.49308710505004,0,0,-0.288475354998171,1.3486468975635,1.0991110095535,-0.408265708946584,22
39,5.68085739803513,2.43074388406059,-0.254960443984918,5.46733774383588,0,0,1.77020174309375,2.09892962373636,1.3904043406767,-0.427075176721055,23
39,5.88091693956535,0.34972151814059,0.951296861889845,5.46733774383588,0,0,0.469508040726458,0.691780197013543,2.35960332073933,-0.409943676795744,24
39,6.0267936885978,0.722595313479905,0.260525012652835,5.46733774383588,0,0,0.808976353975882,2.07396096334969,0.88588014384016,-1.83947903801885,25
39,6.43941649300387,-0.848601223019171,1.60070482426691,6.0345674261809,0,0,-1.07959998704403,0.642280175776991,2.59402158396836,-1.38192635670626,26
39,6.56445370646026,-0.464463901422419,0.911376405320268,6.0345674261809,0,0,-0.790986236527161,-0.270581756388485,2.44540605367778,1.37360670290168,27
39,6.78535278356654,-0.289259681497982,0.0421906299184482,6.0345674261809,0,0,-0.0500709179236776,0.778570262893046,0.813603230929893,0.585307398921508,28
39,7.21464721643346,1.95523034127948,-2.0012639114381,7.11678894067792,0,0,1.78923996005563,1.71443514578322,-0.973795072725471,-2.21035965730744,29
39,7.26883000893123,1.79243523574978,-1.47737053697221,7.11678894067792,0,0,1.49187573310448,1.09083672158902,-0.584945339881901,-1.61179521974795,30
39,7.71896397737422,1.59490861877459,-0.75476257851957,7.11678894067792,0,0,0.919210634015145,1.11469034118104,0.642364937431666,-1.29610735960733,31
39,7.82732956236975,1.09846747365361,-1.21377822358735,7.11678894067792,0,0,0.374723120998231,0.893391484816388,-0.278295004456132,-1.71374715747779,32
39,8.11908306043465,2.36934472203607,-2.76843858925153,7.11678894067792,0,0,1.83359786678775,3.16590823115007,-1.52492760015349,-3.19223614797662,33
39,8.44417981542126,1.44927715309931,-2.18132917223085,7.11678894067792,0,0,1.35457713399792,0.788809794639215,-0.597548672612936,-2.41064685265712,34
39,8.61089610002977,3.78624489809691,-2.56983337318868,8.56952344834303,0,0,3.11983786096301,1.93717469058113,-1.21427179908998,-4.06733561087109,35
39,8.95683239059244,0.505062762733935,-0.38850230853395,8.56952344834303,0,0,0.232381044059705,0.302902013642752,0.619350703949165,-1.67793780273962,36
39,9.09020541827925,0.0878311002962718,-0.912951540160576,8.56952344834303,0,0,0.00619594163512089,1.26069205285605,0.200768208459515,-2.21637940256732,37
39,9.31944030961596,0.0354859542883526,0.112090100342024,8.56952344834303,0,0,-0.463229461758423,1.05930340245657,0.763251570708287,-1.61216145344637,38
39,9.70705567133075,0.482129166658883,1.01863895080084,9.44940082089295,0,0,0.0765643263244245,1.14852617360993,2.30583864202045,0.0305909448476699,39
39,9.77791009228937,0.18272634009214,0.733826045327725,9.44940082089295,0,0,0.190048830661815,1.87201714403021,1.12880372290814,-0.727768216229716,40
39,10.2363798749628,0.651233845128842,-0.330025724890362,9.44940082089295,0,0,0.588921274061443,0.875878636813893,0.670348908616178,-1.73014724293108,41
39,10.3155701101518,0.155915189410343,0.602802826284726,9.44940082089295,0,0,0.263917034201992,0.422151180921919,1.66258964842636,0.688438063528647,42
39,10.6490026793689,-1.24242322471629,0.408559136797933,9.44940082089295,0,0,-1.15631820321988,-0.424785497331637,1.37407580387034,-1.29562277482637,43
39,10.8699017564751,1.4654186832036,0.349990152995497,10.8527680621303,0,0,1.26843191237491,1.28367536254695,1.62828674895884,-0.0744596290922958,44
39,11.0407859481989,0.243303686704627,0.876785221732421,10.8527680621303,0,0,-0.114472675148581,1.16787477205824,1.91867881604223,0.125975530030202,45
39,11.2658529324204,-0.386491746836932,0.589878066485998,10.8527680621303,0,0,-0.467709043120479,0.326960420315138,1.14095179171785,0.896068276360012,46
39,11.5242631735636,0.585887735284724,-0.26048187582937,10.8527680621303,0,0,0.354118162316927,1.43414781440203,0.918482586559961,-0.466726116137325,47
39,11.8160166716285,1.0155769766834,-1.29400572958995,11.8087162198069,0,0,1.18912429434262,0.680732782906466,0.0500139911580316,-1.916326506436,48
39,12.0660910985412,-0.0261071606611196,-0.967955269706696,11.8087162198069,0,0,0.153035401632545,0.796055316173163,0.0105957125476305,-0.875948152135774,49
39,12.4286990175648,-1.28118439144421,0.595696058077123,11.8087162198069,0,0,-1.56453346201456,-0.984750731525835,1.97706546969854,-0.272135857973364,50
39,12.6162548377493,-1.15355172912329,0.536072592618858,11.8087162198069,0,0,-1.33630712244077,0.786471263485188,1.68704904277904,1.37864040428478,51
39,12.8663292646621,-0.0632767391855218,1.05082536075397,11.8087162198069,0,0,-0.349632319679572,0.539272874817288,2.30459885888023,0.475247299810906,52
39,13.2289371836856,-0.12005384616113,1.40882090318645,12.8778601810587,0,0,-0.19958767994558,1.1319068070914,2.27823901393574,0.923335176024252,53
39,13.3081274188747,-0.785033919541727,1.01471077850558,12.8778601810587,0,0,-0.786931434527966,-0.294032326400073,2.03680900457116,1.23311230901245,54
39,13.6540637094373,-0.812167177066237,1.21625741590153,12.8778601810587,0,0,-0.712663804185679,0.168941041814773,2.72725902601224,0.365064053341579,55
39,13.8249479011611,1.10816554702616,-1.31487616920369,13.8057519809692,0,0,0.907870915107724,1.7751301211509,-0.772315455517658,-1.32030723120753,56
40,0,-0.141229288693806,1.46608068911022,-Inf,0,0,0.202563509490651,-0.666993243108847,1.89504465879015,1.67833455931696,0
40,0.0125037213456386,-0.218455672744207,1.24204884173172,-Inf,0,0,0.26030364304932,-0.0813600191063857,1.22406544577447,2.36428770316335,1
40,0.32092884787139,3.02693229403989,-0.767599658254922,0.270954699546564,0,0,2.77634736830741,1.26440615686228,-0.794518371986839,0.553654123977246,2
40,0.696040488240548,0.889285939533763,-0.593453935449457,0.270954699546564,0,0,1.17420137739656,-0.502197813741164,-0.423740742707099,-1.40718105906881,3
40,0.837749330157785,-0.0751827632435426,0.506991113565275,0.270954699546564,0,0,0.232914323080615,0.1614015808955,1.33465474114922,-1.60735072870017,4
40,1.17951771360524,0.265714791547335,0.0475281107580691,0.270954699546564,0,0,0.382186249987493,-0.297656010239394,0.393677760746528,0.279757267834362,5
40,1.43376004763322,2.51103423280527,-1.05521031662581,1.37994759608812,0,0,2.7991698108081,0.246794390997277,-0.591439503929675,-0.706122122774966,6
40,1.72551354569812,1.31390942044004,-1.57197335235448,1.37994759608812,0,0,1.52622715669496,-0.621372637633011,-1.22304313440727,-1.99545902020431,7
40,1.83387913069366,0.867447075029008,-1.60683598258329,1.37994759608812,0,0,1.20334143764568,-0.626470787741057,-0.621435568087352,-0.983384791484485,8
40,2.06728192914558,-0.537075230586729,-0.389306142035488,1.37994759608812,0,0,-0.752232340799712,-0.357940110249524,0.0473144208985898,-0.0248934704235419,9
40,2.48407264066687,1.8531867838044,-0.622819043075382,2.41691850358262,0,0,2.13203426130336,-0.257574385625602,-0.175621984342397,-0.0206460015573849,10
40,2.60910985412325,0.296416162717193,-0.494726933976135,2.41691850358262,0,0,0.452059512597357,-0.525928278391259,-0.406150229318042,0.985482318899128,11
40,2.80916939565347,-0.669054184127593,-1.13759623186316,2.41691850358262,0,0,-0.45308381360367,-2.12831472872128,-0.658149686643559,-0.305595153767255,12
40,3.02590056564454,-1.17888579238224,1.00526155376982,2.41691850358262,0,0,-0.229577651144848,-0.911226528187696,1.18494477610844,0.865377279974638,13
40,3.31348615659422,0.31914073637013,1.02274381089608,2.41691850358262,0,0,0.518304443268553,-0.263131867210905,1.30272822576076,2.23439811700865,14
40,3.63858291158083,0.40283581007287,0.192437641029386,3.50166796172897,0,0,0.525088466358238,-0.808473153376068,1.15176206516135,0.958207555804685,15
40,3.955343852337,0.188941816011896,-0.431356418598285,3.50166796172897,0,0,0.701630049842366,0.0539599844237843,0.384417884669141,-0.960113919637243,16
40,4.19708246501935,2.31737416204407,-0.287124478606747,4.10494792043912,0,0,2.38851964908662,0.594882026668175,0.0172051404687034,0.291883674221283,17
40,4.27210479309318,1.41754005969736,-0.0632983127901548,4.10494792043912,0,0,1.91337714902669,-1.98611140489235,0.167331656875232,-0.657758248610027,18
40,4.70139922596011,-0.32066218718159,-0.518007104947957,4.10494792043912,0,0,0.421779722726948,-0.470152256517478,-0.0285856115668442,0.131664889265741,19
40,4.88061923191426,-0.652877517586621,0.816659693876178,4.10494792043912,0,0,-0.0601112377492579,-1.15857762462698,2.10517675338995,1.8463349576297,20
40,5.21405180113129,-0.283937463301712,1.66026692498934,4.10494792043912,0,0,0.0517257149050381,0.000279932837403019,1.98306373152902,2.34323299502907,21
40,5.40577552843108,0.962428484780234,-0.468769873772125,5.32556840073353,0,0,1.37764637311985,0.229358916882708,-0.22878070000909,0.298226842427691,22
40,5.67668949091992,0.913811517713976,-0.93427039115596,5.32556840073353,0,0,1.28490702929314,0.0365515438512994,-0.543179900665095,-1.56405082014099,23
40,5.87258112533492,0.60790132026867,-0.665722450879041,5.32556840073353,0,0,0.961885412407521,0.188462059398549,-0.197004394244668,-0.518448058101571,24
40,6.13099136647812,1.42427628782352,-1.06254397369252,5.32556840073353,0,0,1.53908845774458,1.04479468840572,-0.579616528457699,-0.627410118282173,25
40,6.48526347127121,-0.0186638701115247,-0.543884677995016,5.32556840073353,0,0,0.584106914832017,0.201171514625484,-0.559588844866407,1.11130845347666,26
40,6.74784161952962,1.32298000164744,-0.0956684362110479,6.59140621103669,0,0,1.0791304871523,0.497046623317782,-0.124803391472703,-0.252073653962846,27
40,6.95623697529027,1.19049744772081,0.299096527597299,6.59140621103669,0,0,1.47032615043329,0.454584467979714,0.570377985391953,0.661811086575715,28
40,7.15212860970527,-0.298657162346222,-0.515269305444049,6.59140621103669,0,0,-0.244758344181005,-1.71937149153453,0.362900407025563,-0.560820996420289,29
40,7.39386722238762,-0.192799319285429,0.796831309666625,6.59140621103669,0,0,0.0963122351407283,-1.20187291951529,1.69552268155191,-0.243677095900666,30
40,7.68562072045252,0.110376087280515,0.555216314973321,6.59140621103669,0,0,0.301831545384705,-0.912794085153909,1.75616471338606,1.8757853700167,31
40,7.9065197975588,0.965623657329949,-0.036052592044631,6.59140621103669,0,0,1.39509977707484,-0.136972323215135,0.0345714848176944,-0.0882684210766319,32
40,8.19410538850848,2.81849522648888,-1.02586585961538,7.93113340631736,0,0,2.73774305199795,0.75036697282776,-0.669818607165671,0.123815295090093,33
40,8.31080678773445,2.46755555303156,-0.751109340356417,7.93113340631736,0,0,2.08286057129853,0.635717457578716,-0.247436468185828,-0.734306886654306,34
40,8.62339982137541,2.45204892098705,-1.88056159664505,8.33508610493468,0,0,2.7134859442104,2.41872660612351,-1.75812357570699,0.109540765274122,35
40,8.83179517713605,1.77842778388403,-1.69883488635444,8.33508610493468,0,0,1.90619710897552,-0.0575079909006708,-1.58390613854037,-0.424134310991082,36
40,9.01518309020542,1.15666219905934,-1.57980438793611,8.33508610493468,0,0,1.36042692992515,-0.0130513287440325,-0.965426049243502,-1.45145599160789,37
40,9.31527240250074,0.196129078624748,-0.58705441065876,8.33508610493468,0,0,0.750721240771557,-0.422390624167458,-0.531033004467547,-0.35866142263691,38
40,9.57785055075916,0.624537240392494,-1.43723002067148,8.33508610493468,0,0,1.12922052782417,-0.356577844955856,-1.11862081592598,-1.11982545323309,39
40,9.86543614170884,-0.208990905115213,-0.770131736928275,8.33508610493468,0,0,0.138250837889145,-1.16762475652398,-0.794609664703756,-0.557203485379847,40
40,10.2238761536171,1.42724492778424,-1.33816482455318,10.0602918627744,0,0,1.87102610484457,-0.489582881595151,-0.77771239639704,-0.589906668205001,41
40,10.3905924382257,-0.218447028830794,-0.712621250389629,10.0602918627744,0,0,0.338645552079661,-0.504845666622541,-0.345347489810322,0.0118362954303166,42
40,10.5656445370646,-0.441783749052143,-0.0715689916275991,10.0602918627744,0,0,0.0557745787762386,-1.33395358679059,0.263982194595652,-0.763949722066131,43
40,10.8907412920512,2.37941449683486,-0.71744354793861,10.6225853752864,0,0,2.51655746631212,0.450686895964848,0.502684209723949,0.0798288077572398,44
40,11.1658231616553,0.25651446670557,-1.80824375369582,10.6225853752864,0,0,0.544569264482407,-0.746827974063204,-1.1107279969828,-0.642503425445146,45
40,11.3450431676094,-0.173902583848018,-1.1264136367436,10.6225853752864,0,0,0.263642263495116,-1.12628992820209,-0.339916772926886,-0.823557706600041,46
40,11.6284608514439,2.62855366216965,-1.74243423698112,11.5970698423487,0,0,2.74018509291985,0.475822851997656,-1.40813394593964,-1.25168337404684,47
40,11.8743673712414,1.3089870380985,-1.47584001114557,11.5970698423487,0,0,1.35352479142641,0.64401072590011,-1.93316910307622,-0.651293837506592,48
40,12.0910985412325,0.783433691630052,-0.635057986163276,11.5970698423487,0,0,1.2622941892915,-0.749445864240472,-0.0163695890186564,0.419888476416862,49
40,12.395355760643,-0.766140073017699,0.430601426591872,11.5970698423487,0,0,0.0440302895351936,-0.897211098517944,1.15976218472587,-0.144390630944195,50
40,12.6412622804406,-2.05915538572298,1.8500424412299,11.5970698423487,0,0,-1.56185958120359,-1.16519940813207,2.00068023183046,1.75001263821478,51
40,12.9413515927359,0.020830415447974,0.367464128202391,12.9226270413975,0,0,0.733659536342935,-0.319681184922591,0.815268849834063,0.500573993975899,52
40,13.0705567133075,-0.486466337169755,0.999981797573386,12.9226270413975,0,0,-0.233184331894765,-0.950141838168993,1.20381275578747,0.836277311435137,53
40,13.4581720750223,-1.04305188881523,0.164667009400349,12.9226270413975,0,0,-0.565024365483259,-0.812838397760804,0.610375077904718,0.0165846337004988,54
40,13.5707055671331,-1.19910769648339,1.06429548374687,12.9226270413975,0,0,-0.93637689089508,-1.61160600629559,1.75916014003308,1.57065004609817,55
40,13.862459065198,-1.33685402690884,0.507004616942977,12.9226270413975,0,0,-0.92069581636782,-0.347641455352088,0.511258995210182,0.610308971098185,56
41,0,-1.13585482784261,1.32281056548922,-Inf,0,0,-0.938687861400493,0.245391460211669,0.967538388656142,1.44708329774532,0
41,0.208395355760643,-0.437564936150052,0.663312453374408,-Inf,0,0,-0.269025058233552,1.34206685412332,0.349458311761088,-0.449386302711727,1
41,0.433462339982138,0.498218840031953,0.426778108058216,0.225559084990527,0,0,0.307297585650303,-0.14878446778405,0.115721284096092,0.0523087250616185,2
41,0.61268234593629,-0.0966063569718581,0.475903970089331,0.225559084990527,0,0,-0.190833262375975,0.773152868411123,-0.0510508589313562,-0.172281618044369,3
41,0.966954450729384,2.55336810167562,-0.43585782369684,0.954014785376449,0,0,2.28187161798283,2.35763663621287,-0.717964873308401,-0.636191370949577,4
41,1.02947305745758,2.0884597856301,-0.0388195963514093,0.954014785376449,0,0,2.06479007331783,1.60541679447544,-0.360280606615905,0.360320750501296,5
41,1.2962191128312,0.178471497923365,-0.377845295862011,0.954014785376449,0,0,-0.0177119245544254,0.623064337576487,-0.585581441256647,-0.387069033190279,6
41,1.72134563858291,0.38619803292477,0.234685514439976,0.954014785376449,0,0,0.462163663503475,1.56419384021705,-0.667804828618493,-0.872986624988086,7
41,1.96308425126526,0.107110758322511,-0.0752884992079763,0.954014785376449,0,0,0.426064224764494,1.60109825584998,-0.501245767219004,-0.714452171314802,8
41,2.23816612086931,0.151319480035848,-0.564044606450724,2.10368304142836,0,0,0.254057566773448,2.17697546150244,-1.25604505395952,-0.433111381020626,9
41,2.40071449836261,-0.185559825742955,0.0230987136371623,2.10368304142836,0,0,-0.324156550997751,0.0107717564597952,-0.354041612223975,-0.0316840240276159,10
41,2.74248288181006,-0.0308646380985892,0.0694429836793327,2.10368304142836,0,0,0.0762269160499401,0.0487355783850365,-0.865774660694968,0.212805004145398,11
41,2.76749032450134,0.0440595071377563,0.119008005685128,2.10368304142836,0,0,0.0227803095328336,0.808083230790898,-0.914160841191084,-0.965891843485142,12
41,3.1759452217922,0.128440856354006,-0.58465364802066,2.10368304142836,0,0,0.0178496089425113,2.30203130716781,-1.09582524740477,0.0476311607691319,13
41,3.49687406966359,1.54455278348596,-0.568381954093956,3.19512927685327,0,0,1.50424324885348,1.55908580275769,-0.719825533314412,-1.07279200591862,14
41,3.64691872581125,0.577507200649691,-1.56361208931264,3.19512927685327,0,0,0.675961962617328,1.16528541156377,-1.9515590769519,-1.99600715790664,15
41,3.90116105983924,0.855097874844863,-1.18174029310905,3.19512927685327,0,0,0.401857441028657,2.03935635612126,-1.62721758394538,-1.08754088009428,16
41,4.11372432271509,1.71122107232138,-2.23100322950499,3.19512927685327,0,0,1.58173055147416,1.3555940338532,-2.2634954309462,-2.78248904105802,17
41,4.27210479309318,2.468230042326,-1.60926301787976,3.19512927685327,0,0,2.15647225633908,1.81540445403511,-1.72065657765387,-1.64280365726967,18
41,4.68472759749926,1.39811575702463,-1.9372491316671,4.28333009992941,0,0,1.17291915926811,2.06392179537146,-1.94605086170815,-2.18006876863713,19
41,4.84310806787734,-0.128046230473556,-0.58507139244411,4.28333009992941,0,0,-0.120226466927561,1.13798797024519,-1.15180508057885,-0.35433529247726,20
41,5.01399225960107,-0.128405239659286,0.496242118523635,4.28333009992941,0,0,-0.285503408949683,1.43994286935873,-0.0098463771309486,0.317001637416633,21
41,5.4766299493897,1.65601383797517,-2.57231099797136,5.09939971763211,0,0,1.53079464486012,1.73440649223472,-3.02828269676025,-1.83612031864978,22
41,5.63501041976779,1.52286246409595,-2.26027419301006,5.09939971763211,0,0,1.41168380718283,1.34609097553258,-2.32116195735131,-1.9641818192056,23
41,5.87258112533492,2.4481146996485,-1.43155076096545,5.09939971763211,0,0,2.20068293238578,2.06797191235953,-1.77775158561423,-2.78811762362677,24
41,6.01428996725216,0.625378079043224,-0.0733821092433274,5.09939971763211,0,0,0.31370339040315,1.81112972874176,-0.592064637203839,0.0204055125272948,25
41,6.26853230128014,0.680410768808612,0.218625732040465,5.09939971763211,0,0,-0.0249605540317378,0.293110252799913,-0.272264101609493,0.179077058809925,26
41,6.60613277761238,3.29496964558815,-1.77172554920961,6.59562269452816,0,0,3.12852633112927,1.85404661811734,-1.72982699721861,-1.10024611909194,27
41,6.81452813337303,2.14114556866543,-2.48229742967597,6.59562269452816,0,0,1.76690606176568,2.10580338193577,-3.38707050516511,-1.28676941292336,28
41,7.14796070259006,0.583533546619416,-1.43653001040273,6.59562269452816,0,0,0.197409400372925,2.08239342828399,-1.70500642052865,-1.0652252926899,29
41,7.3896993152724,1.3866455391602,-0.668278155946083,6.59562269452816,0,0,1.42851743676749,0.894444759076958,-1.00517083622325,-1.87371153677955,30
41,7.53140815718964,0.0546688569675979,-0.924602830167731,6.59562269452816,0,0,0.215383225891026,0.99355372508325,-1.11135171052315,-0.35858793957266,31
41,7.76064304852635,2.75557505407957,-1.4643915007426,7.66646840214873,0,0,2.57165119185208,1.56064989246778,-1.56941746046455,-0.865487347009,32
41,8.21077701696934,1.00386565158463,-1.09501438511291,7.66646840214873,0,0,1.25519969613293,-0.132318091323573,-1.41162702205191,-0.41469288002569,33
41,8.41500446561477,0.921640575239914,-0.027886853536307,7.66646840214873,0,0,0.635766921116709,1.26982939505462,-0.444615113121029,0.620987725055865,34
41,8.60672819291456,0.801404987939215,0.183084511007955,7.66646840214873,0,0,0.492712494303836,0.674890266196159,0.0219734656493851,0.958923524570759,35
41,8.80678773444478,0.656063343095824,-0.0576777800990754,7.66646840214873,0,0,0.520471247749653,0.0739898134537771,-0.590828407416833,-0.61581539318641,36
41,9.22357844596606,1.07104405459583,-1.11621245251525,9.03808228702714,0,0,1.05302374849401,1.46494690249842,-1.76846356513722,-0.749738539374041,37
41,9.2694254242334,0.966494066015944,-0.879874765145188,9.03808228702714,0,0,0.980243921190573,1.29197593563595,-1.08498880707851,-2.7034039511261,38
41,9.53200357249181,1.79925588130937,-0.764761492174093,9.39901707059023,0,0,1.9094681270647,1.21339803946693,-1.19475283308595,-2.21096068766099,39
41,9.99464126228044,0.0346311112780722,-0.106230086672685,9.39901707059023,0,0,0.18932570528925,0.947668392380764,-0.660945856605244,0.355365606688978,40
41,10.2322119678476,0.0310141960854735,-0.357647908074836,9.39901707059023,0,0,-0.180750100875658,0.872430263057859,-0.57674246298887,0.0561852707512173,41
41,10.2905626674606,-0.48713898405416,-0.542429271697275,9.39901707059023,0,0,-0.509795940994304,1.37111459664838,-0.88413489025261,-1.48605240729148,42
41,10.6406668651384,2.30023881561029,-0.887584876422998,10.4367155419483,0,0,2.12117238482398,2.71822327492955,-1.62019409126783,-2.00909320050734,43
41,10.9365882703185,0.701114509625318,-1.83871303427722,10.4367155419483,0,0,0.501087723770159,1.21977735875203,-2.38353706132238,-1.70095624158123,44
41,11.0491217624293,0.510761239737606,-1.72691839476195,10.4367155419483,0,0,0.462192251308243,0.0596411742188592,-1.96252460054738,-0.579307997914532,45
41,11.4242334027985,-0.582439302091607,0.437831928652267,10.4367155419483,0,0,-0.889344081682239,0.510068103613761,0.291908771526016,-0.519690886116318,46
41,11.5992855016374,-0.756016635143811,0.632299642400681,10.4367155419483,0,0,-0.6966338984285,0.498161865620935,0.270139219985494,0.630332154613719,47
41,11.9869008633522,0.256657315059721,-0.526642813787023,10.4367155419483,0,0,0.397915710556753,0.726949129139448,-0.710269646908774,-0.988606671498234,48
41,12.0994343554629,0.0796980799374645,-0.692709233073618,10.4367155419483,0,0,-0.316247179566046,0.156562073072237,-1.27588708386383,-0.0401840118615596,49
41,12.2786543614171,2.23617456738348,-1.08851174793931,12.2019350749476,0,0,2.19005414346864,2.27920298484038,-1.72760618804252,-0.362868154945803,50
41,12.6120869306341,1.37164005498753,-1.20924242232793,12.2019350749476,0,0,1.18475931201105,1.28433402513662,-1.56386248126097,-2.3304559635667,51
41,12.8038106579339,0.920098432997587,0.0103502609328076,12.6229456713441,0,0,0.950979072918784,2.27827046101807,-0.0790602084286452,-1.60451289807686,52
41,13.1122357844597,-1.10232824081449,-0.443181561577308,12.6229456713441,0,0,-1.04851561530589,0.255454882790072,-0.212566318516752,-1.0473655646082,53
41,13.3956534682941,-0.421780843940316,1.01550610567434,12.6229456713441,0,0,-0.320884914890028,1.22285625791196,0.617579026213135,0.942967144682468,54
41,13.6415599880917,-0.464819536693143,0.843983641639273,12.6229456713441,0,0,-0.474958966039515,0.577630339601304,-0.082160180756046,0.433127113234005,55
41,13.7999404584698,-0.470855332788003,0.836923294430038,12.6229456713441,0,0,-0.338236279363413,0.699954023092556,1.07544964907002,0.474877271910319,56
42,0,-1.11492839169039,0.378538741104817,-Inf,0,0,-1.2194043447678,0.241809400066529,1.18750837527231,-0.765881496836296,0
42,0.166716284608514,0.816512069976243,-0.77525734234055,0.108136515319347,0,0,0.544785239498037,-0.82312846925559,-0.322723551040149,-0.979764044569517,1
42,0.475141411134266,0.0377376853581414,-0.167715621896055,0.108136515319347,0,0,0.00228713661257736,-0.322751522896558,0.547552104139418,0.269904375655855,2
42,0.516820482286395,-0.341735539138049,0.134993755318207,0.108136515319347,0,0,-0.286288612379163,0.675860754301918,1.55895159031442,-0.725873411138728,3
42,0.821077701696934,0.348420735642177,0.857654422082586,0.108136515319347,0,0,0.48075152101555,0.386813151045927,1.70493112451426,-0.660914159302366,4
42,1.03364096457279,-0.40911513827919,0.740795162036272,0.108136515319347,0,0,-0.944903381031745,-0.826451571671481,1.7947093290095,0.69382343639513,5
42,1.44626376897886,1.34349621605841,-0.929380908609919,1.43803023614276,0,0,1.45273772693367,0.395069102520271,-0.0528755190132592,-0.539049037276101,6
42,1.73384935992855,1.77082006738126,-1.41280908578327,1.43803023614276,0,0,1.63388174576294,0.885131286205394,-0.394985605271989,-1.73104055910612,7
42,1.80470378088717,1.56717791587982,-1.40234579637294,1.43803023614276,0,0,1.59534430823131,0.590732470989365,-0.66530390313678,-2.11653796584347,8
42,2.14230425721941,0.333152898751079,-2.12931782529745,2.07841551121897,0,0,0.291105733424814,0.126177260401862,-0.859371786605273,-2.522044954566,9
42,2.4965763620125,0.25484751571075,-0.437364690065233,2.07841551121897,0,0,0.131475893614802,-0.0170789083795818,0.777200468949668,-1.52191133726165,10
42,2.65912473950581,0.111261986840193,-1.40820940033764,2.07841551121897,0,0,0.161600379351225,0.751362342068948,-0.0964974958026053,-1.08140557254259,11
42,2.82167311699911,0.0780490514548632,-1.19639794952165,2.07841551121897,0,0,0.2944774712219,-0.0982116040048116,-0.736054093860237,-0.587272319433494,12
42,3.06757963679667,-1.27565129883752,-0.26205781035837,2.07841551121897,0,0,-1.25640994403108,-1.45527657162265,0.537076716947801,-1.24681296165033,13
42,3.25096754986603,-0.661203047639162,0.577178173425966,2.07841551121897,0,0,-0.771930319349359,-1.02177830889533,1.41663019387997,0.510995047255983,14
42,3.68026198273296,1.63235658270201,0.63430422896533,3.66456955081712,0,0,1.4742318102919,0.637602477017349,1.58775119593875,-0.249877300765979,15
42,3.90116105983924,1.26665486806416,0.091046704805934,3.66456955081712,0,0,1.31740433210498,-0.420741657792921,1.32438308986975,-0.241447940490307,16
42,4.07621315867818,0.537750785996083,-0.187871015770316,3.66456955081712,0,0,0.362622241984709,0.228345932666488,0.326456609099979,-2.00619831586511,17
42,4.45132479904734,0.852429714855639,-0.102657230956037,3.66456955081712,0,0,0.49787411961846,0.806627542903845,0.529808899501553,-0.899404937182805,18
42,4.62637689788628,1.34367725816567,-1.20670469629225,4.45190677139192,0,0,0.95880102485875,0.909364302174695,-0.177060844296655,-1.03912531678531,19
42,4.93480202441203,0.544840925202849,-0.329644334807587,4.45190677139192,0,0,0.181118612344412,0.497702932023265,1.15314854241766,-0.891908761698658,20
42,5.00982435248586,0.220468809602675,-1.44620027596324,4.45190677139192,0,0,0.0270592638828401,-0.135946927456188,-0.846108229832652,-0.0849601124257318,21
42,5.48496576362013,0.0059182047014385,-0.929736647582293,5.15028015898111,0,0,-0.094038515547529,0.291888394228329,-0.0328937258204938,-1.65837053950379,22
42,5.67668949091992,-0.0808985721853214,-0.587035357174716,5.15028015898111,0,0,0.0211769949473623,-0.187252726694131,0.19473330395338,-1.62527193417367,23
42,5.82256623995237,0.345334798262954,-0.412651651437699,5.15028015898111,0,0,0.123627107573661,-0.207498202560326,0.752228229002768,-1.11313342822001,24
42,6.12682345936291,-0.187272668960006,-0.716354959007462,5.15028015898111,0,0,0.0598472824421933,-0.969353858214042,0.561757669015327,-0.69410533014348,25
42,6.29770765108663,-0.4933224717082,-0.770973936912689,5.15028015898111,0,0,-0.432082528069595,0.551327870137973,0.577222458779629,0.0422676514657668,26
42,6.56028579934504,0.62588716346195,-0.513761101357965,6.34664204901872,0,0,0.931932015303973,-0.278560310304461,0.439129815350391,0.933040894599791,27
42,6.98124441798154,-0.610117548938329,1.28056758566046,6.34664204901872,0,0,-0.529716561024805,0.304607565008985,2.21590128724447,-1.11087725945194,28
42,7.07710628163144,-0.0112097167597771,0.0797671264630017,6.34664204901872,0,0,-0.00501972358582673,-0.520384971708828,0.948829971780866,-0.344075586254756,29
42,7.33134861565942,-0.372187285523602,0.306180626348297,6.34664204901872,0,0,-0.174847053170935,-0.418335894985128,1.39677878412734,0.147087504497409,30
42,7.56058350699613,0.294610600265072,-1.32385018407359,6.34664204901872,0,0,0.749227626591008,-0.445024333644666,-0.599549318889097,-2.29217275884299,31
42,7.78981839833284,0.961632918431598,-1.01966109346254,7.62255543750854,0,0,0.82518599273986,-0.0303200367317145,-0.154548013778307,-0.61428560962768,32
42,8.17743376004763,0.0576870741328436,-0.445392936556828,7.62255543750854,0,0,0.0560697515328381,-0.30184559873698,0.489428497199354,-1.52561764767678,33
42,8.44001190830604,0.490266377997233,0.292239908721042,7.62255543750854,0,0,0.33072436662983,-0.462561176806057,0.729211918763825,-1.08933546817017,34
42,8.7484370348318,1.21963339416984,0.576646346329328,7.62255543750854,0,0,1.27338035814777,1.2940234790046,1.25132927021062,0.175917389088134,35
42,8.91932122655552,3.32991167920148,-0.446718080682581,8.80862108800524,0,0,2.85209920847939,1.3044830687672,0.110352558372516,-0.0428379577857292,36
42,9.09020541827925,1.91074894663286,0.45228681644325,8.80862108800524,0,0,1.91967211698484,0.84271813795369,1.58553067993386,0.176605860378267,37
42,9.47365287287883,0.957542780626683,-0.269180834073433,9.30012477921107,0,0,1.14020293459984,0.631861606368755,0.68093043050315,-1.93353628001437,38
42,9.52366775826139,0.26412222555698,0.178788722693312,9.30012477921107,0,0,-0.0140896164128476,0.600492552220546,1.27833416966158,-0.193144202087491,39
42,9.85710032747842,0.339391077615001,0.815263410017535,9.30012477921107,0,0,0.370464847171673,0.391342222539075,1.87320814326911,-0.518489174294698,40
42,10.1113426615064,-1.22420172959386,0.377994307829714,9.30012477921107,0,0,-0.863785204968392,-1.21590699995515,1.21733079085151,-0.760473073044067,41
42,10.3614170884192,-1.14047894720458,1.20160946261822,9.30012477921107,0,0,-1.18015629755659,-0.220574381298429,2.3123760958046,0.980208058033522,42
42,10.7406966359035,0.0131185767379091,1.08159925080953,10.6761259382877,0,0,0.181111955098706,-0.0777435684707111,2.10242546153112,0.460200725898843,43
42,10.8157189639774,-0.304772376117382,1.39707239065663,10.6761259382877,0,0,0.0158842464959216,-0.695131300806811,2.09834341871094,1.32164649782415,44
42,11.003274784162,-1.29400089151622,1.64336074342362,10.6761259382877,0,0,-1.30593256521499,-1.28716678333572,3.21665876938757,1.91327552866268,45
42,11.4325692170289,-0.453766522322854,0.532648140466397,10.6761259382877,0,0,-0.395830922058948,-0.897310345575143,1.31388953686369,0.410257646970246,46
42,11.670139922596,2.10454125144545,-0.395319993662359,11.5755578085583,0,0,1.62414994006182,0.963245006270837,0.859886868607042,-0.743648179498353,47
42,11.9118785352784,0.176259993588985,0.156487822368315,11.5755578085583,0,0,0.142020072142546,-0.437787692029573,1.24834219824282,-0.213735788355364,48
42,12.2161357546889,-0.377111983968403,-0.1318310369794,11.5755578085583,0,0,-0.636059439578128,0.181885468396417,0.912405014296123,0.671101362773455,49
42,12.4495385531408,0.930247865294329,0.541616070268073,11.5755578085583,0,0,0.651940191639409,0.59879442609105,2.08476996301731,0.57891948544821,50
42,12.6412622804406,0.31711954263503,1.14395244694748,11.5755578085583,0,0,-0.125521915964225,0.997040871838586,2.2535888146733,0.79144350818814,51
42,12.7871390294731,0.204118423952509,1.22686483166638,11.5755578085583,0,0,0.473532013508918,-0.988530963237479,2.11441761008042,1.19448026181311,52
42,13.158082762727,0.69233287027168,0.80088979645946,13.1516996740381,0,0,0.62143107416568,0.736043167432699,1.94072381573613,0.582527559298403,53
42,13.2831199761834,0.0620399660014097,1.64838515274306,13.1516996740381,0,0,-0.0232221939334933,0.62802160170224,1.89509700770369,1.16527459372956,54
42,13.6248883596308,0.290251284821121,0.644925666701686,13.1516996740381,0,0,0.164525752030839,-0.439190874192917,2.13210022238425,0.710790387598534,55
42,13.8999702292349,1.23286415908303,0.202214189426414,13.72816244727,0,0,1.38664243784899,0.936470187092086,1.03708201186053,-0.547459353197898,56
43,0,-0.997679771335126,-0.469594984187833,-Inf,0,0,-1.93113338434277,-0.628374455151955,-1.11371629541858,-0.387044227362932,0
43,0.0458469782673415,1.07623637620763,-1.27172903402631,0.00121782515197992,0,0,-0.328618653257336,0.344388226089317,-2.16213940878101,-0.306691129990358,1
43,0.279249776719262,1.62538752000333,0.342360220534904,0.00121782515197992,0,0,0.86715493234375,2.18625679416104,-0.614957013696435,-0.551415998386178,2
43,0.708544209586186,-0.143777734815272,0.425402728588916,0.00121782515197992,0,0,-0.633902591794446,0.510993863076008,-0.2815706238966,-1.05531944142783,3
43,0.94611491515332,-0.444943964471384,0.566788901333886,0.00121782515197992,0,0,-1.2380884595073,0.070614614654979,-0.27856960664592,1.12268885231082,4
43,1.09615957130098,-0.367929966355325,0.374582129093576,0.00121782515197992,0,0,-1.5890232654051,1.78402330804567,-0.233451355477405,1.32921642099155,5
43,1.45043167609408,2.54636092503311,-1.19978300878929,1.41397297249462,0,0,1.30654321984622,1.57908167846988,-2.02580164490766,-0.655387546170395,6
43,1.50878237570706,2.2598554401906,-1.36293434860333,1.41397297249462,0,0,1.2694179322885,1.44429913099113,-1.54629132454113,-2.37209990069727,7
43,1.94641262280441,1.2459857175792,-1.1468528219014,1.41397297249462,0,0,0.611412818203192,0.885278459557542,-1.6566968255678,0.489906121852399,8
43,2.06311402203037,1.17662213878338,-1.25289357208065,1.41397297249462,0,0,0.169322863929152,1.30741171104856,-2.08114247509206,-1.24088891266452,9
43,2.42155403393867,2.98746222649612,-2.28051267338248,2.31211260873466,0,0,1.82825981720983,2.50683180711131,-3.08172112191378,-2.23165991048119,10
43,2.61327776123846,2.64912686488806,-0.663007514548939,2.31211260873466,0,0,1.45296769697031,2.85000751035437,-1.7550037759046,-0.691003568623341,11
43,2.96754986603156,1.08096434789435,-1.0092394287096,2.31211260873466,0,0,0.272760608264694,1.0091388002412,-2.32533936771646,-1.77693028487044,12
43,3.13426615064007,1.07892111232791,-0.892288042801483,2.31211260873466,0,0,-0.0857682506977904,1.14230054071197,-1.91878272179763,0.154567654228073,13
43,3.45936290562667,0.699804057256178,-0.721308846761828,3.21222006081998,0,0,-0.475941697541114,2.15245521696025,-1.91172274307754,-1.03455616770736,14
43,3.6927657040786,-0.00617214209000316,0.263534371826097,3.21222006081998,0,0,-0.939007406956746,1.788694564163,-0.468555467194619,0.814125829174969,15
43,3.89282524560881,0.254821238997521,-0.0356224799967646,3.21222006081998,0,0,-0.995060858162729,1.0547701406846,-0.688990953735756,1.28520309910013,16
43,4.14289967252158,0.683997908037458,-0.111312917239294,3.21222006081998,0,0,-0.159509080594897,0.674530874052607,-1.05491670691706,-1.36287682835196,17
43,4.30128014289967,-1.31159413286543,-0.0439485365054804,3.21222006081998,0,0,-2.17335195147426,-0.353892767484323,-0.975052073215305,-0.265239709546522,18
43,4.63054480500149,-1.7422993477414,0.500663852092492,4.45258127906575,0,0,-2.33616371796962,-0.80146428715972,-0.509453291785359,0.681680528558854,19
43,4.76808573980351,-2.02728917259939,1.1367589998925,4.45258127906575,0,0,-3.1824302841197,-0.0923524989795298,0.274594684460913,1.53550295788352,20
43,5.15570110151831,-2.21557408199653,1.15819119448174,4.45258127906575,0,0,-3.21264276950569,-0.847751362224489,0.50499035448349,1.19256399571194,21
43,5.27240250074427,-2.0652361952136,1.03474046935108,4.45258127906575,0,0,-3.03322994965134,-0.0493851825446486,0.092564168036951,-0.680622379430203,22
43,5.65584995534385,0.0232100591256028,0.659315016164405,5.33798495478964,0,0,-0.913447113749846,0.886003726002923,-0.498263226538586,0.956892920408317,23
43,5.85174158975886,-0.238942903568162,0.267047402710476,5.33798495478964,0,0,-1.48051882098592,1.10132382153039,-0.953715544011737,-0.322667577884536,24
43,6.18100625186067,-0.141423170965155,-0.202488798613725,5.33798495478964,0,0,-1.0599563075298,0.254453961890574,-1.05969668139283,-0.433394426905888,25
43,6.3518904435844,1.60030835864262,-0.327833766437296,6.30970478792532,0,0,0.346270857033417,2.85039831195771,-1.14682222822806,-1.83194080544719,26
43,6.56028579934504,0.722934864982209,0.819766788852025,6.30970478792532,0,0,-0.250119095868284,0.662384612484071,-0.285186515306642,-0.46053887936795,27
43,6.93122953259899,-1.19000137089206,-0.411544346419552,6.30970478792532,0,0,-1.89316385525793,-0.540838495230016,-1.26795477018971,0.440797919750603,28
43,7.17296814528133,0.0610640155064169,-0.289061150262635,6.30970478792532,0,0,-0.586276055227036,0.634233668800982,-1.03760005152678,0.771830146442238,29
43,7.31050908008336,1.9747719081878,-1.48154285865099,7.26215456343399,0,0,0.806342800902041,1.86754361388942,-2.62758267438393,-1.56241364372355,30
43,7.72729979160464,1.72495074318608,-1.46813348365318,7.26215456343399,0,0,0.0193954202125491,1.55954683015191,-2.87661414924994,-0.122099597816752,31
43,7.84816909794582,2.01160206959924,-2.05736474994987,7.26215456343399,0,0,0.975938667767725,2.26055059427919,-2.7544058636124,-1.37624309265263,32
43,8.1982732956237,1.19648256259467,-2.40269190005117,7.26215456343399,0,0,0.0840899963381901,2.95270515462292,-3.3014981440195,-2.15976996327612,33
43,8.37749330157785,1.61064386605304,-1.15235578720917,7.26215456343399,0,0,0.604234093228829,1.64193362213623,-2.28190859170917,-1.19446574447804,34
43,8.70259005656445,0.728498175577502,-1.17561199091027,7.26215456343399,0,0,-0.702248842736091,1.7725660175013,-2.16525396576955,0.615656517387198,35
43,8.96516820482286,1.88193704464617,-0.714622185093494,8.87068877777515,0,0,0.572878292179081,2.66725833491548,-1.5121227812429,-0.425281088462607,36
43,9.1402203036618,0.613843730414948,-0.66121558366652,8.87068877777515,0,0,-0.556193499493005,1.07734733174123,-1.69131661365431,-0.46937690006811,37
43,9.44864543018756,-0.820565152996657,0.188866714025073,8.87068877777515,0,0,-2.02670572065063,0.141293937431775,-1.29849728313742,0.13669601046234,38
43,9.54867520095267,-0.666375159469933,0.531837892784565,8.87068877777515,0,0,-1.46159905141922,0.691720593431994,-0.644158657670971,1.52998809693336,39
43,9.98630544805001,-0.549743783197296,0.26989835196602,9.57008461484936,0,0,-1.14869611081267,0.167062155102223,-0.511265470440688,0.233402407857632,40
43,10.103006847276,-0.887315866415565,0.154102852671596,9.57008461484936,0,0,-2.0730554182991,1.44876095158175,-0.42780992927312,0.0769953337823896,41
43,10.4572789520691,-0.381521454386566,1.73246803604717,9.57008461484936,0,0,-1.39380015754986,-1.15225053704673,1.08117652657069,1.271744265262,42
43,10.6364989580232,-1.22688919544299,-0.00737278929692835,9.57008461484936,0,0,-2.03265960977883,0.1121462471016,-1.09054390396094,0.661449256728177,43
43,10.9740994343555,-1.27863653667536,0.947741374479605,10.658617211255,0,0,-2.01857437196481,0.936656859701898,0.377653108646396,0.49479720232767,44
43,11.1949985114617,-1.02904805604592,1.91378281467525,10.658617211255,0,0,-1.56241593518113,-0.466398828047381,0.82737326624779,0.580280731744147,45
43,11.3033640964573,-1.13689656502966,1.14585349639333,10.658617211255,0,0,-1.83747657020547,1.08233167054995,0.577082890708949,1.05131751615885,46
43,11.532598987794,-0.12341373036405,1.77757677072488,10.658617211255,0,0,-1.3437923648152,-0.147344809317007,1.03408505652865,1.44170544042186,47
43,11.8701994641262,0.534523705026699,0.567326794370206,10.658617211255,0,0,-0.395902553103434,0.781241575150457,-0.278161441358636,1.23141117124361,48
43,12.1494492408455,0.855576335764413,-0.250633785025156,10.658617211255,0,0,-0.296866088496179,1.58661663842729,-1.87457443164122,-1.19104381041079,49
43,12.4745459958321,0.937179134775344,-1.43624235253182,12.2402724965046,0,0,-0.437968061671846,0.0730818041815438,-2.32714855309225,-1.07405810588076,50
43,12.5328966954451,2.86627009470158,-1.59972837871241,12.5278129478934,0,0,1.24982839971721,3.30506627846884,-2.57164510582751,-1.78242472582122,51
43,12.9288478713903,0.268259911411965,-1.13916810171212,12.5278129478934,0,0,-0.584469098307748,-0.199895823481749,-1.91160012191316,-1.64098865264005,52
43,13.0872283417684,-0.379004500170865,-0.970209004384961,12.5278129478934,0,0,-0.900040665025489,0.63793213898011,-1.74405303525118,-1.47079443586842,53
43,13.491515331944,-0.77817020406847,1.22437743839493,12.5278129478934,0,0,-1.54585441101421,-0.352902417330105,0.413269596425723,0.819057413087743,54
43,13.5456981244418,-0.748021904346019,0.730963465163274,12.5278129478934,0,0,-1.43433918488586,1.30635335012202,-0.120143635282292,0.378546340631171,55
43,13.8332837153915,0.44010743449395,-0.07122456144244,13.6591346142231,0,0,-0.990825499073929,1.0591186258806,-1.26186897364014,-0.00932674915429985,56
44,0,0.298001688406824,0.483299014478284,-Inf,0,0,-0.520838385948884,1.43491245084289,0.56913508821918,1.60668831509681,0
44,0.0375111640369157,0.349194279267359,0.325860957971837,-Inf,0,0,-0.292358067799945,0.284388620952735,0.306102007563309,1.27647788063335,1
44,0.43763024709735,1.72028045402826,0.705010413660644,0.363625655625947,0,0,0.995619618791374,0.574665779761796,0.923856736065874,3.00307484449316,2
44,0.621018160166716,2.12479637626724,-0.868831143534407,0.363625655625947,0,0,1.13239015622481,2.92980755862595,-0.239702496981063,-0.0971143538695824,3
44,0.846085144388211,3.523927816592,-2.27372327055136,0.710815947128531,0,0,2.72320184442832,1.4957928168582,-1.63109305808158,0.391757035745302,4
44,1.01280142899673,2.95962845276764,-2.9981883650891,0.710815947128531,0,0,1.92894418348574,2.545018202604,-2.45753967306287,-0.896018451746095,5
44,1.37957725513546,1.39347008351219,-1.56831847769674,0.710815947128531,0,0,0.80452483864361,2.61019082853216,-1.32598299009546,-0.143737875868319,6
44,1.66716284608514,-0.941870586396458,0.168874454980614,0.710815947128531,0,0,-1.84574835715774,0.0379040573499117,0.806720441451761,1.1068869870099,7
44,1.80887168800238,-0.654873261155486,0.239209844393581,0.710815947128531,0,0,-1.35148765408078,-0.314326171263029,0.998532910986417,2.30444884590924,8
44,2.07144983626079,-0.605586384762376,0.196392952457517,0.710815947128531,0,0,-1.31710912474206,0.928323632875129,0.393443831695005,0.173771760251,9
44,2.41321821970825,-0.997552114084008,0.662065757690884,0.710815947128531,0,0,-1.40997192474121,-0.0194182620858094,1.40823997502003,0.708469025328458,10
44,2.74248288181006,0.710365419465896,-0.29822899862635,2.53538396232403,0,0,-0.121325603910414,0.644085307449582,0.255936288086721,0.496336732412079,11
44,2.90086335218815,0.467918286996986,0.277446564601282,2.53538396232403,0,0,-0.299053565638921,1.29185956927117,0.339535327569889,0.0272081663108517,12
44,3.12593033640965,-0.165929387007925,0.649746396498828,2.53538396232403,0,0,-0.646819486244258,-0.970178837763845,1.25037313957323,1.901278933689,13
44,3.38434057755284,-0.206486993034589,0.543414893374948,2.53538396232403,0,0,-0.824479009826865,-0.078739791080875,1.41933050569345,0.391400146739564,14
44,3.70110151830902,1.95815874645072,-0.754022512076714,3.63841260470844,0,0,0.808990121174251,1.36932562603222,-0.307413452685348,0.842107325013096,15
44,3.76362012503721,1.51593932370345,-1.39250833725355,3.63841260470844,0,0,0.667818587469236,1.01045245916038,-0.798790455323262,-0.233039813430061,16
44,4.07204525156297,0.192609884144416,-0.738994571711928,3.63841260470844,0,0,-0.437507207842941,1.43433511955864,-0.559145764294705,-0.0379451259768465,17
44,4.28044060732361,0.894279765424301,-0.333425555873364,3.63841260470844,0,0,-0.215255070746122,0.861258692197459,-0.0603238128579588,0.0650753235515973,18
44,4.67222387615362,0.552026444814417,-0.102453265460237,4.44869015360466,0,0,-0.15261044272209,1.21641459868083,0.192978735949892,0.419225696603937,19
44,4.93480202441203,-0.891304634342758,0.639999393786485,4.44869015360466,0,0,-1.71134572167796,0.429415774518069,0.937912345136988,0.781811407100202,20
44,5.17654063709437,-0.546154326898236,0.682665885321105,4.94348520277104,0,0,-1.38385673007576,0.716965938979919,1.35729033448997,1.45463871146785,21
44,5.25989877939863,-0.0792617111758523,-0.114047507786407,4.94348520277104,0,0,-1.04570418481233,1.51345364770606,0.235203629798894,1.66664993780785,22
44,5.55165227746353,-1.05645470573705,-0.106318856859882,4.94348520277104,0,0,-1.63432495436767,-0.269290912780608,0.398281956115781,1.19108656377385,23
44,5.78088716880024,0.0058616403593779,0.456014161739027,4.94348520277104,0,0,-0.654542231018349,1.16404158686292,1.01560445327652,-0.172180940888705,24
44,6.16433462339982,0.431443458918019,0.90538753079753,4.94348520277104,0,0,-0.0773749706109295,0.948195877947075,0.87716979828093,1.03715212769762,25
44,6.39356951473653,-0.294444639882162,0.448573293393803,6.17676673388431,0,0,-1.18195992512643,0.547617436958933,0.866358141155756,1.01925982242627,26
44,6.54361417088419,0.052104963350508,0.273376270540624,6.17676673388431,0,0,-0.682581373363713,0.217422459363857,0.530357162864611,0.996528355404405,27
44,6.95623697529027,0.752216069282597,0.84700336097592,6.17676673388431,0,0,-0.191419693730748,1.25384112224867,1.07626899022301,1.0650699178404,28
44,7.23965465912474,2.1395460330813,-0.965598504037171,7.16578881257357,0,0,1.44450526438298,2.16689299672109,-0.825796724106345,0.0801266451070268,29
44,7.38553140815719,0.932707756645867,-0.639299600182531,7.16578881257357,0,0,-0.275553378837706,0.328656865388279,-0.209163675758623,1.03648447836632,30
44,7.53557606430485,0.59832721593272,-0.241358121884856,7.16578881257357,0,0,-0.108291294713364,1.09345756557966,-0.287603099846084,0.0602409239270386,31
44,7.83566537660018,0.380277083392959,-0.4804610483446,7.16578881257357,0,0,-0.281262699744738,0.799055377376548,-0.0297465633281644,0.242636705061194,32
44,8.05656445370646,-0.648405814103756,1.01892300633011,7.16578881257357,0,0,-1.40611366156769,-0.332247298199248,1.54455136275271,1.76041919872186,33
44,8.30247097350402,-0.699178909426986,0.320899241438507,7.16578881257357,0,0,-1.35952489583056,-0.10639825293836,0.638561852724084,0.841059275454674,34
44,8.51920214349509,-0.309349502964042,1.20525475770514,7.16578881257357,0,0,-0.849550958129121,0.58521731011536,1.95998200974821,1.29757182116421,35
44,8.76927657040786,-0.792948235746876,-0.105601515919193,7.16578881257357,0,0,-1.69914697799112,0.0367203882149747,0.366694723397815,0.733198571776861,36
44,9.07770169693361,0.257224704281874,-0.282447325730978,9.00152328173594,0,0,-0.492701657101354,1.35267236523324,0.37452111138695,1.25763344910988,37
44,9.44864543018756,-1.15937575090859,1.48943852363216,9.00152328173594,0,0,-1.67212244042947,1.02592126484126,1.87306356439451,2.28206033129715,38
44,9.66120869306341,1.43042560948016,0.123864632683188,9.56258708125231,0,0,0.448337395652075,1.60013918887872,1.21187906687631,1.51764565581084,39
44,9.77374218517416,0.748584894947157,0.884392070853018,9.56258708125231,0,0,-0.131439170631099,0.371363848108759,1.5278235156098,2.16857343324669,40
44,10.0571598690086,-0.897460356168682,1.0242205824954,9.56258708125231,0,0,-1.56562617177347,0.686471965688009,1.38253061121279,2.05913002356704,41
44,10.4322715093778,0.522711184599262,-0.356913369199416,9.56258708125231,0,0,-0.356041987637208,0.450358078575987,0.532787870213532,1.12202189890781,42
44,10.6823459362906,1.386687903234,-1.49483194636401,9.56258708125231,0,0,0.601865430017299,1.55870019808539,-0.666687027066191,-1.96575275740412,43
44,10.9490919916642,2.64519388028393,-2.83838127692486,10.8317976780289,0,0,1.75478203443983,1.12216655060145,-2.25759026403194,-1.75731076816927,44
44,11.2075022328074,2.36238283952514,-1.18428136242038,10.8317976780289,0,0,1.12211823140442,1.74410607788341,-0.687318530108357,0.270398507292196,45
44,11.3867222387615,0.300682925230095,-2.25086702212682,10.8317976780289,0,0,-0.552175758412103,0.601161449785755,-1.6429794272557,-0.89992741194267,46
44,11.6743078297112,-0.757359071812407,-0.986866164367733,10.8317976780289,0,0,-1.31651279039282,0.500791743465363,-0.799969692843814,-0.577044655672782,47
44,11.8410241143197,-1.78227396147954,-0.806146410927351,10.8317976780289,0,0,-2.52850700052823,0.460228891372052,-0.462068589922813,0.143433189861089,48
44,12.0369157487347,-0.588056320417975,-0.597069087271367,10.8317976780289,0,0,-1.26806269533674,0.851861006561713,-0.739380358578254,-0.560748433969548,49
44,12.2744864543019,1.56357962496964,-1.03362507151126,12.1342243619066,0,0,0.801937325677188,1.56918714580136,-0.283842926724914,-0.143871886913119,50
44,12.6079190235189,0.568046284338448,0.274254489681747,12.1342243619066,0,0,0.0633810487267423,0.0588731656125294,0.780986520823911,1.56824655307845,51
44,12.962191128312,2.91122575391508,-1.43593934645094,12.8611416175048,0,0,2.21817489056701,2.66043589705568,-0.686812651055978,0.275458661603248,52
44,13.237272997916,1.56395363593498,-0.306432828179855,12.8611416175048,0,0,1.1187695192342,0.300425684746506,0.210004353041542,0.71948254169125,53
44,13.2789520690682,1.17752044652583,0.176069194598119,12.8611416175048,0,0,0.302875122386435,1.79885651849238,1.46392511174861,1.39599921025883,54
44,13.5707055671331,1.61993845913096,-0.92665822534881,12.8611416175048,0,0,0.714068061120406,0.416037837354655,0.0424797635317721,-1.74571668628922,55
44,13.8082762727002,2.13557055674502,-0.369069490489518,13.6423445296707,0,0,1.64273649029913,2.16849800887471,0.466718652222974,0.660618700190698,56
45,0,2.05422307065074,-0.858945401006638,-Inf,0,0,2.54832849552994,0.768321261417992,-2.2750301558681,-0.00212784817081024,0
45,0.141708841917237,3.52462412480542,-1.46240064355915,0.0589051002636552,0,0,3.51422644502566,1.14588564785352,-3.3298948723594,0.298931296688746,1
45,0.370943733253945,2.05010590980261,-1.741513156281,0.0589051002636552,0,0,2.59802703085537,2.15118791629937,-3.27363816048902,-0.986210399349138,2
45,0.687704674010122,0.680579220108607,-1.27414056606297,0.0589051002636552,0,0,1.42966127496647,-0.629519661491906,-2.60226515944603,0.259259366785469,3
45,0.796070259005657,0.747135600790636,-1.01206083421874,0.0589051002636552,0,0,1.38604183963313,1.4818443362805,-1.99057366495928,1.61589205848101,4
45,1.24203632033343,2.58652463358556,-2.98057127728746,1.2267587411898,0,0,2.89837803209224,0.4828217352143,-4.4275996277824,-0.922830990647369,5
45,1.34623399821375,2.25827151936174,-2.85883880415364,1.2267587411898,0,0,2.94396137159514,0.759603910356579,-4.19797390862126,-1.73441252921429,6
45,1.57130098243525,2.71637137873582,-2.64430850512936,1.2267587411898,0,0,2.96054395100614,2.233995308086,-4.37056610847704,-2.35561864374182,7
45,1.94224471568919,1.80425850974022,-0.867470062069337,1.2267587411898,0,0,2.06648200686192,0.808070678006416,-2.44203678026031,0.784141136641854,8
45,2.14647216433462,2.17926207465441,-1.43003690889788,1.2267587411898,0,0,2.51243453094813,1.32207991080667,-3.0354419645024,1.89285195307821,9
45,2.27567728490622,3.80744463885913,-2.45188639200143,2.16656584026865,0,0,3.69330594381693,1.41521086298747,-3.9344935766534,-1.19850125139045,10
45,2.55075915451027,3.39219733070752,-2.31875880488911,2.16656584026865,0,0,3.89337607866741,0.82280018970423,-3.82633460475457,-0.402044690474225,11
45,2.917534980649,0.951267770197818,-1.57386157414037,2.16656584026865,0,0,1.59495796098738,-0.0680309302055698,-3.17467980640976,0.254672609099839,12
45,3.15927359333135,1.10555873515355,0.279843936834968,2.16656584026865,0,0,1.50749449611782,0.262525383052982,-1.38796059762646,2.5002480631363,13
45,3.28847871390295,0.944588708363862,0.0170054472147804,2.16656584026865,0,0,1.56387569363486,0.801793724233183,-1.91196783327718,0.741972640585518,14
45,3.60523965465912,2.22220078552705,-1.59535867810445,3.28976899079907,0,0,2.39901798496668,1.03411023374365,-2.97653930814136,0.19316148670393,15
45,3.94284013099137,2.86103551465935,-1.80015434548486,3.86260566135618,0,0,3.57427003284805,1.15517154855245,-3.10391048940424,1.27561561687846,16
45,4.23042572194105,0.774278641480053,-0.787386798343487,3.86260566135618,0,0,1.34513077286824,-0.947455744248203,-2.70931771372898,-0.00465417175625482,17
45,4.25126525751712,0.402654420916784,-0.723028173079664,3.86260566135618,0,0,1.14458390796602,-0.651102096091612,-2.49597825146106,0.742665259226135,18
45,4.62637689788628,-0.899312824469052,0.941678704628638,3.86260566135618,0,0,-0.269301180714295,-1.04395339032014,-0.203815729050229,1.81401593697778,19
45,4.87645132479905,0.589577040653148,1.42593742267778,3.86260566135618,0,0,1.31177303152483,-0.0175876498976194,-0.512784008242404,1.91388334306601,20
45,5.12235784459661,0.392804173407253,2.17914308769487,3.86260566135618,0,0,1.30799170617262,-0.236257430845224,0.931440541761523,4.01612239107757,21
45,5.32658529324204,0.930504992615342,1.9228446775204,3.86260566135618,0,0,1.21588141585971,0.29984516226111,0.322827816116351,2.77401844252579,22
45,5.60166716284609,-1.34499828783425,2.93556808972639,3.86260566135618,0,0,-0.27172525916981,-0.388884997465622,1.54440388159599,3.62355603233671,23
45,5.81423042572194,-0.114080226467167,0.348602573024086,5.79132290313987,0,0,0.804802929287701,-1.43640970751931,-1.10025087317529,1.67276849617886,24
45,6.01428996725216,-0.983951933166719,1.30377010469659,5.79132290313987,0,0,0.110789860027517,0.35601232229769,0.130412071806591,3.44453540537668,25
45,6.36022625781483,-1.13247181441269,0.840117138374122,5.79132290313987,0,0,-0.420095057943737,-0.54024733145679,-0.396537165546537,1.76917445663346,26
45,6.73533789818398,-0.87538258924197,0.693211900985045,6.39138824880446,0,0,-0.214481776466137,-1.8234236270333,-0.670391621490738,2.36531247525759,27
45,6.93122953259899,-0.018421687380968,0.516432160310402,6.39138824880446,0,0,0.713467399738217,-0.810227699576153,-0.44104527671848,0.179649643706309,28
45,7.21464721643346,1.32069390219131,0.450132000642636,6.39138824880446,0,0,2.13210490302216,-0.297156458601471,-1.28493368420778,3.02398354841308,29
45,7.2604941947008,0.747956541762325,0.663940114136999,6.39138824880446,0,0,1.40255305010485,1.08494501200697,-0.663165055583654,0.142409939752819,30
45,7.7439714200655,0.461073025944929,-0.321201251677072,6.39138824880446,0,0,1.10579723967799,-1.05235144984711,-2.26914828202268,1.5557177639252,31
45,7.99404584697827,0.91974361097074,-0.335826577055513,7.98237072437679,0,0,1.62665814227832,-0.933599477106776,-1.93326738529223,0.883511047859173,32
45,8.21077701696934,0.909651713935166,-0.689081821051496,7.98237072437679,0,0,1.40746201779171,0.0593361206336227,-2.07447587418991,1.0867238725008,33
45,8.46501935099732,1.35897643364844,-0.036860463058207,7.98237072437679,0,0,1.78332185337893,0.366993482048087,-2.10197238649564,1.90079681078635,34
45,8.69425424233403,1.27441073236252,-0.122635230855664,7.98237072437679,0,0,1.72518781939601,0.879949617773954,-1.46282257910816,2.10719203725206,35
45,8.76927657040786,1.26008294595267,0.091812805611112,7.98237072437679,0,0,1.53926591342932,1.33243929763162,-1.71398260366946,0.833634550808556,36
45,9.16939565346829,0.957043044278531,-0.65206949144013,8.87175444749614,0,0,1.60541500549512,0.54920156750208,-2.06205734059986,0.401117319632742,37
45,9.25275379577255,0.482460959524312,-0.674787579847025,8.87175444749614,0,0,1.36660938172669,-0.531161463959389,-2.49731468326388,1.98453140486358,38
45,9.50699612980054,0.97425888607609,-0.0296839396721977,9.33774214541325,0,0,1.13699289381854,0.619454982450859,-1.77645494870383,0.94914860366326,39
45,9.77791009228937,-0.299294339673895,-0.172199256901583,9.33774214541325,0,0,0.544736816178928,-0.0645572730780312,-2.01225365945268,1.49130321743396,40
45,10.2030366180411,-0.145899426429335,0.121247834737781,9.33774214541325,0,0,0.571603864049921,-0.920961018497736,-1.81335854325532,1.93388493136421,41
45,10.357249181304,-0.886796710619974,0.848094042791304,9.33774214541325,0,0,-0.145011966452701,-1.20117564862291,-0.956402661314971,2.60966848800364,42
45,10.7115212860971,-0.0933287203748722,0.133831347928371,9.33774214541325,0,0,0.870894554994284,-0.5673089775118,-1.9127101967534,2.19597425515215,43
45,10.8115510568622,0.0765244846329013,-0.706009283453017,9.33774214541325,0,0,1.00574280112032,-0.9537510707005,-1.64872054083397,0.989954544395879,44
45,11.0741292051206,1.62152893350912,-0.692667551689294,10.8421461053945,0,0,1.94749268677666,0.378990214896385,-2.57445549852791,1.38663380476616,45
45,11.2866924679964,0.411579875439032,-0.670753298703525,10.8421461053945,0,0,0.929606153528635,1.37573318508847,-2.22599638172884,0.416927395812051,46
45,11.5075915451027,-1.01644398595926,-0.489720781429427,10.8421461053945,0,0,-0.223884468006802,-2.18817237510862,-1.74550236761476,0.680763789974057,47
45,11.7576659720155,1.54280691650018,-1.30394993067986,11.7231920889615,0,0,2.26438910921333,0.544074696161031,-3.29390320273456,1.18006280211883,48
45,12.2244715689193,-0.567923398575751,-0.221819425644363,11.7231920889615,0,0,0.198527128243644,-0.173839903356979,-2.274934668658,0.709830239214467,49
45,12.4912176242929,1.13463165042973,-0.740954140403734,11.7231920889615,0,0,1.67662396252661,-0.00114022331259089,-2.55922854822843,0.805328196533685,50
45,12.5495683239059,1.04270905411596,-0.922384705675657,11.7231920889615,0,0,2.0607210202288,1.51678392586259,-3.06809310842453,0.345120229824953,51
45,12.9746948496576,1.19492832843542,-0.624960584594568,11.7231920889615,0,0,2.12221894549429,0.246499009125445,-2.37440843041499,1.08232452494334,52
45,13.0122060136946,1.61972580344918,-0.708358265432467,11.7231920889615,0,0,2.08993593071299,1.03228186803745,-2.12071905674911,-0.0955880995624965,53
45,13.3498064900268,2.00358806899446,-1.56261370987336,13.1837566168531,0,0,2.3575028164844,0.381344877940416,-3.41419042264768,0.231475857916669,54
45,13.7124144090503,0.0963169763293341,-0.790633173595135,13.1837566168531,0,0,0.793558867030843,1.00731881861612,-2.08846156875827,1.1179774008618,55
45,13.8749627865436,1.90726697873307,-1.23521956131459,13.7282509946381,0,0,2.10691988999118,1.59886838047443,-2.57653024101234,0.656423880275514,56
46,0,1.04129251599073,0.168738001026001,-Inf,0,0,1.95751164743694,0.292596880277748,-0.614701376797837,-0.0146383809320702,0
46,0.0833581423042572,-0.383991114316507,-0.0322396100273092,-Inf,0,0,0.364890859145632,-0.449918516476172,-0.962920021988471,0.0440148700884471,1
46,0.266746055373623,2.58497300246006,-1.85955846995846,0.22874180363724,0,0,3.41189565958996,-0.150620459355647,-2.34022903257044,-1.12374314453569,2
46,0.616850253051503,0.725153682081546,0.254741468283973,0.22874180363724,0,0,1.42096049519096,0.469161465221747,-0.449206541014697,1.07483981038985,3
46,0.933611193807681,1.04793838722247,0.702300668572414,0.22874180363724,0,0,1.76226621986951,0.251007573383703,0.343046239293506,2.02225349585168,4
46,1.04197677880322,0.573716289279438,0.739888671579813,0.22874180363724,0,0,1.53801557574188,0.190103375178447,-0.294350872500304,-0.0102040487771892,5
46,1.41292051205716,1.92548419820215,-1.01598357647006,1.22133307701263,0,0,2.25361374556766,0.519917121250034,-2.11804592660532,-0.238763573583557,6
46,1.63798749627865,0.1939326381747,-0.956270826633437,1.22133307701263,0,0,1.01389187882119,-0.251557921937867,-1.55136020737615,-0.404117561863032,7
46,1.79220005954153,-0.149591654147519,-0.373752707598167,1.22133307701263,0,0,0.573926299499208,0.136486091344568,-1.16878957889427,0.492719633566533,8
46,2.04644239356951,1.74127636268513,-0.913508205760389,1.84546412103451,0,0,2.44171702305824,0.576638602280795,-1.80776825595029,0.281529307630703,9
46,2.48824054778208,0.272392341424455,0.248564680717251,1.84546412103451,0,0,0.967427262450667,-0.0345658960374234,-0.994791628400203,1.48844875193687,10
46,2.66746055373623,0.178287655678235,0.115603791916019,1.84546412103451,0,0,1.36791224926509,1.03111793598933,-1.167467354599,1.22767659648657,11
46,2.77165823161655,0.50512029985434,-0.0458751941791396,1.84546412103451,0,0,1.44428356066253,0.0602464210391183,-0.921877182445716,0.0213092556860071,12
46,3.03840428699018,-0.780451377251634,0.591366826027065,1.84546412103451,0,0,0.388445893583144,-0.9696120759721,-0.266456900082054,1.17250531537101,13
46,3.43852337005061,0.0596733966930415,-0.523893732452651,1.84546412103451,0,0,0.662849849507081,-0.443144535412328,-1.68617544375796,-1.04058091526586,14
46,3.71360523965466,2.62104408387431,-1.51421231892643,3.62400165474436,0,0,3.3002640135423,0.833010084972364,-2.74445011092108,-1.36855614457202,15
46,3.8886573384936,2.20948830887896,-1.30371036488648,3.62400165474436,0,0,2.8650118035466,0.416101442459372,-1.8449465609261,-0.766504609699994,16
46,4.06370943733254,0.582817311583989,0.0972222791500729,3.62400165474436,0,0,1.36192803078069,-0.032650657789948,-0.915419316621176,-0.284461607323252,17
46,4.49717177731468,1.04543001595394,-1.02313843029801,3.62400165474436,0,0,1.83499110623009,0.169470793796602,-2.04918315058034,-0.710295749670194,18
46,4.65138434057755,-0.678233654105989,-1.82219318934143,3.62400165474436,0,0,0.414998153418173,-1.23636600062285,-2.57182970836761,-0.658789856715689,19
46,4.84727597499256,0.106538717937465,-0.772929980653487,4.69555691896687,0,0,0.827142578600153,-0.368884884901715,-1.15942335341335,0.0259793647136418,20
46,5.10151830902054,0.277592698053422,-0.0292011079491431,4.69555691896687,0,0,0.9764310935766,0.21382817460912,-0.917305291149806,0.00968750696958559,21
46,5.33075320035725,0.412376528709673,-0.332835680998387,5.24106419662981,0,0,1.36026471622302,0.350539221766957,-1.0989963718479,0.393951985307005,22
46,5.66001786245907,-0.375799434330879,0.770728962299385,5.24106419662981,0,0,0.38879393905709,0.276461659933189,0.317534242105951,-0.28823317298867,23
46,5.78505507591545,-0.358114147048469,0.869295414788612,5.24106419662981,0,0,0.799404932600484,-0.104157643669404,0.0432360788848712,1.73618266389678,24
46,6.03929740994344,-0.288141085629764,0.591618836679957,5.24106419662981,0,0,0.445346741165202,-0.849517256116944,-0.304937366658101,0.246362397591826,25
46,6.29353974397142,0.289175687474842,-0.354798855384806,5.24106419662981,0,0,0.852197462802042,0.613617021220213,-0.748130144975717,-0.651312437724669,26
46,6.50193509973206,1.75623712775639,-1.94858651770737,6.37690937734531,0,0,2.38163393029904,0.968576903398004,-2.90132380208344,-1.49914678690389,27
46,6.8061923191426,1.29384798993886,-0.88042500854413,6.37690937734531,0,0,1.79364673451727,0.0421596934000893,-2.08990744783305,-0.48857598462624,28
46,7.01458767490324,0.680006239150584,-0.748795923114657,6.37690937734531,0,0,1.41435560167379,0.988618083349377,-1.28369858572641,-0.00656382571134961,29
46,7.33134861565942,1.42940866662698,-2.26014029267982,6.37690937734531,0,0,1.94756002828501,-0.600601146168875,-2.87625236854474,-2.9020627637457,30
46,7.55641559988092,1.48299697335742,-1.49312017497977,6.37690937734531,0,0,2.14405103970833,0.129898577141174,-1.96124233213463,-1.52809807857154,31
46,7.99821375409348,3.10357855114678,-0.960206619369966,7.9587745861025,0,0,3.47455666627536,2.08406959170337,-1.48800376044402,-0.153176191130265,32
46,8.20244120273891,1.18270397144883,-0.0277548389164237,7.9587745861025,0,0,1.56546796664148,0.672205995598827,-0.658669872966307,-1.90637195495269,33
46,8.41083655849955,0.735289641309792,0.359042271100525,7.9587745861025,0,0,1.48397318060511,0.119541601140868,-0.445283321415698,0.247852522212409,34
46,8.56921702887764,0.733116936143747,-0.104810246754168,7.9587745861025,0,0,1.50226315376455,-0.148500217270666,-0.967641612914349,-0.0346945429329654,35
46,8.87347424828818,0.382856256586989,-0.539707141340829,8.72272756584884,0,0,1.26324361186778,-0.157248049301508,-1.3140904418931,-0.305484076842853,36
46,9.19440309615957,-0.645392096870727,-0.241573654163961,8.72272756584884,0,0,0.268901359992586,-1.34185712675415,-1.03010704381006,1.33132130460361,37
46,9.41530217326585,-1.22029052079469,-1.1172048916671,8.72272756584884,0,0,-0.197898957361763,-0.873895037835229,-1.71946481386561,-0.450095038281204,38
46,9.6903840428699,-0.87219535559899,0.942011830426843,8.72272756584884,0,0,-0.094733919814856,-0.115362815463088,0.0100356824896989,1.06970348373457,39
46,9.89044358440012,2.21464801502359,-1.10863169953064,9.75349469907367,0,0,2.62698786490486,1.52025508695393,-1.2908712495739,-0.250958858925315,40
46,10.0738314974695,1.64687282313976,-1.29255460358596,9.75349469907367,0,0,1.96978446758084,1.23410807422578,-2.34265322587831,-0.774834544107556,41
46,10.3280738314975,0.98106804669105,-1.40220756048595,9.75349469907367,0,0,1.73382614098851,0.860316068898231,-1.90498131127699,-1.58432347662801,42
46,10.6490026793689,2.28266147635912,-0.901832647391421,9.75349469907367,0,0,3.04151548490524,0.28801113961255,-1.92524990174348,0.696886124594696,43
46,10.9490919916642,0.599361675808551,-0.431400895956812,9.75349469907367,0,0,1.54407047077516,-0.313568678659892,-1.48541394088264,0.711442354093487,44
46,11.0616254837749,1.77086319038373,-1.43296079699683,11.0515810187028,0,0,2.20707698775349,1.43189310753248,-2.12753960849588,-0.147156868672672,45
46,11.2991961893421,0.804311221095753,-0.919848376604329,11.0515810187028,0,0,1.54867049397927,0.705936836818278,-2.08300873702541,-0.551538993519365,46
46,11.6826436439416,0.518865354076736,-0.622080856061807,11.0515810187028,0,0,0.83104812945653,0.413373930969487,-1.06200387844875,0.668761726696316,47
46,11.786841321822,2.1440477447172,-1.26360465457472,11.7275456031587,0,0,2.56236592817174,1.11288155321795,-2.08455674104029,-0.902266574204446,48
46,12.1536171479607,-0.583019000769255,0.218728485469199,11.7275456031587,0,0,0.413011202786179,-0.953306935003698,-0.519721018491055,-1.01508577384077,49
46,12.4495385531408,-0.705332161882815,0.649228200697999,11.7275456031587,0,0,-0.36691690709019,-1.37942244628585,-0.507075050043316,1.62813832958554,50
46,12.6996129800536,1.16511600412917,0.348811225631354,12.5127375349188,0,0,2.15570128582414,-0.0809288382773212,-0.684028603621866,0.00486361990224804,51
46,12.9913664781185,1.48900166079923,-0.645026445308788,12.5127375349188,0,0,2.30910823784677,-0.0225297352964129,-1.70933267031601,0.351744007817853,52
46,13.0038701994641,1.04913146550844,-0.744424264040889,12.5127375349188,0,0,2.04208965285819,0.659213031482259,-1.83415889451105,-0.915234550815228,53
46,13.2622804406073,0.716241496098442,-0.108838188421331,12.5127375349188,0,0,1.54501769004115,0.869270092443579,-1.00824042138674,0.827112505816562,54
46,13.6999106877047,-1.4710677867018,0.764417885817807,12.5127375349188,0,0,-0.542472523113166,-1.04064256426011,0.129470005806309,0.465288954476896,55
46,13.8207799940458,0.654732273223422,-0.388206345103734,13.7450887288433,0,0,1.3117793977428,0.327474454555761,-0.681723463479802,0.729108829241423,56
47,0,0.187817901007518,0.556326742011566,-Inf,0,0,0.468244867525563,0.177429949689841,0.37558118378569,-1.17276308570821,0
47,0.0416790711521286,0.261788350564412,0.604444400929807,-Inf,0,0,0.165296927582388,-0.968884409518057,0.683225134497644,0.155796430979058,1
47,0.287585590949687,1.01376808180734,-0.333604083845954,0.250843757449184,0,0,1.08083333819508,0.696511839714595,0.230398151643097,-1.86622525328954,2
47,0.629353974397142,-1.05999485658013,0.684311753345349,0.250843757449184,0,0,-0.411063943542278,-0.625513709886198,0.646727416721947,-0.843051136509065,3
47,0.88776421554034,-1.98081368324141,1.20713870884641,0.250843757449184,0,0,-1.77213765832037,-1.57691794948708,1.35935206461069,0.866687849591922,4
47,1.05448050014885,-1.83995701936277,0.836152164011623,0.250843757449184,0,0,-1.50699513697476,-0.927226908156884,0.945847392347068,-0.0521852382669226,5
47,1.47960702590057,0.850145498640678,0.0855530900839213,1.31314328738775,0,0,0.994996328552169,0.427383385728653,0.71282339132874,-0.658807546818358,6
47,1.7171777314677,0.0693308117902817,0.883986219626254,1.31314328738775,0,0,0.281579142327792,-0.484712573904312,0.485861977029926,1.14839580827521,7
47,1.85055075915451,-0.739009743997296,1.68927281146143,1.31314328738775,0,0,-0.324616833065971,-0.657968433400457,1.97266946422071,-0.544629139127766,8
47,2.17564751414111,-0.683369644324892,0.816131654822388,1.31314328738775,0,0,-0.661825054691056,-1.30306515661048,1.12360865125223,0.536644536237312,9
47,2.30485263471271,0.427703332177827,0.830474663250488,1.31314328738775,0,0,0.36344022648152,-0.107855649077119,0.911188630322423,0.878385070477102,10
47,2.50074426912772,0.902630998390163,1.33853296452039,1.31314328738775,0,0,1.01949915761901,0.647045461498346,1.49608135204439,1.2238547669393,11
47,2.77582613873177,1.21817912598478,-0.32830893444111,2.54671373578827,0,0,1.24960392283962,0.028306955908336,-0.312141749168429,-0.250395314924387,12
47,3.13426615064007,-0.0654783734756569,0.090812589296451,2.54671373578827,0,0,0.318622197578124,-0.414834083712738,0.384652127256799,-2.05308064203178,13
47,3.41351592735933,0.261636052528769,-0.570205506667185,2.54671373578827,0,0,0.679484638475506,-0.290914838281254,-0.529728230822342,-0.267539564763157,14
47,3.53021732658529,0.912988220003077,-1.39625269057252,3.45533521980441,0,0,0.932144043843873,0.867506055019062,-1.18526899369434,-2.39699714405449,15
47,3.86364989580232,0.608557798134409,-1.04906761573742,3.45533521980441,0,0,0.714015036567139,0.480411828229071,-0.981691431354673,-2.43001938670162,16
47,4.04703780887169,0.365041881914116,-1.14915456790435,3.45533521980441,0,0,0.596084500892053,-0.479622215456635,-0.87392259651796,-2.00458382095535,17
47,4.30128014289967,0.0770370962149977,-0.304179338414086,3.45533521980441,0,0,0.0661093555108195,-0.283447060606489,-0.543008611057754,-1.13056714111663,18
47,4.68889550461447,0.592905730565256,-1.12180936396265,4.42983561436861,0,0,0.754726764931236,-0.120355509178906,-1.12020278194275,-1.6127826861449,19
47,4.83060434653171,0.968600768837852,0.117468477200167,4.42983561436861,0,0,1.1837953609807,0.355033616509641,0.195274473455963,0.873429831212287,20
47,5.1515331944031,1.90079438670688,-1.72314532150845,4.42983561436861,0,0,2.07433970568044,1.55962283240219,-1.7432437123173,-3.02732618717204,21
47,5.35576064304853,2.48111814775801,-0.990052044572517,4.42983561436861,0,0,1.8461451015835,1.30910026059324,-1.38122596013165,-0.715307297430754,22
47,5.53914855611789,3.78907116424351,-1.77459826417607,5.48946931405494,0,0,3.3754053413719,1.91252179051095,-2.39473565884107,-1.72534794582532,23
47,5.91009228937184,1.32804612692811,-1.0713368870539,5.48946931405494,0,0,1.32709093223086,-0.113700000087231,-1.08322832779822,-0.678903468932426,24
47,6.01428996725216,0.43867348475078,-0.738263614870679,5.48946931405494,0,0,0.0326507903540328,-0.232963040916584,-0.939673643044446,-1.72494314806155,25
47,6.46442393569515,-0.0124139000053211,-0.600413181955664,5.48946931405494,0,0,0.33410787189038,0.144149566300906,-0.792756577276041,-1.00879414322405,26
47,6.71033045549271,2.56319103961423,-2.46334554749095,6.70921059829505,0,0,2.45608578543947,0.38129819297095,-2.67593116843811,-4.1326565000866,27
47,6.87287883298601,2.38623905524784,-2.56367716038979,6.70921059829505,0,0,2.39840068366965,1.0020817562089,-2.41126920564933,-3.46840791980372,28
47,7.08127418874665,1.31376362453189,-0.96101710090222,6.70921059829505,0,0,1.11213256074696,-0.148717553126854,-0.809828208532296,-1.78230874841588,29
47,7.29383745162251,1.36828786571347,-0.123941050171056,6.70921059829505,0,0,0.808283204191383,0.58079865970254,-0.136305632221395,-0.10587706472263,30
47,7.72313188448943,0.560414732985879,-0.684910504022971,7.46827204205239,0,0,0.530777330266463,0.461643262674685,-0.49410817164436,-1.48615658430327,31
47,7.93152724025007,-0.624985093770921,0.0919291204822808,7.46827204205239,0,0,-0.675196511120733,-1.4013594776022,-0.209030659411237,0.381691290964191,32
47,8.03989282524561,-0.0211576570355163,-0.0227459541368898,7.46827204205239,0,0,0.316940627076022,-0.744083752087792,0.634824494680119,-1.88617720933662,33
47,8.49836260791902,0.488090720798538,-0.886167253522606,7.46827204205239,0,0,0.607894243194869,-0.0478828549783637,-1.26974266758587,-1.44499392412322,34
47,8.57338493599286,0.107259262673032,-0.631887594164843,7.46827204205239,0,0,0.227940043102773,1.26445428082523,-0.223610149589916,-0.604547005186603,35
47,8.99434355462935,0.283739295220924,-1.02821294774819,8.68390958442783,0,0,0.242808629014611,-1.11122236589306,-1.64333962936586,-1.53984526601895,36
47,9.2360821673117,-0.199620280551204,0.791153597642837,8.68390958442783,0,0,0.0816929712563616,-0.611905009396191,0.510712083222793,-0.303147741538709,37
47,9.25275379577255,-0.428871712098087,0.982825315927916,8.68390958442783,0,0,0.114755055832306,-0.329940463750725,1.19246172082589,-0.666751286388734,38
47,9.54867520095267,0.194530136075177,0.454932202541013,9.37271020094183,0,0,0.328134848582859,-1.14089732104284,0.491015182909576,-1.93804983946507,39
47,9.96546591247395,-0.854515744622023,0.594472389655407,9.37271020094183,0,0,-0.51365666561805,-1.36426896153127,0.590213975701865,0.113666374325078,40
47,10.1405180113129,-0.664474995223069,0.464859461380259,9.37271020094183,0,0,-0.28204470337657,-0.249536392136924,0.599461139021281,-0.365338732250322,41
47,10.3697529026496,-0.266358731514412,0.481235975237048,9.37271020094183,0,0,-0.0105068666207294,-0.00932231864107258,0.196019712214178,-0.816024508271382,42
47,10.5031259303364,0.408645598928829,0.647108663636026,9.37271020094183,0,0,0.823314687626063,0.331453488230592,0.868746021486844,0.919152525191983,43
47,10.7907115212861,2.73869424361107,-1.38364818122755,10.6889603279119,0,0,2.55125193928692,1.98379665730675,-1.33213217518484,-2.80592714506953,44
47,11.2158380470378,0.225483672499558,-1.35578965250298,10.6889603279119,0,0,0.122608026615608,-0.218540708311147,-1.41190424031293,-2.36247906574878,45
47,11.4700803810658,0.340195927799801,-0.44932699868649,10.6889603279119,0,0,0.183791642731336,-0.798420128432683,0.362970357310475,-1.4684999119457,46
47,11.6993152724025,1.97539257369359,-1.33023248162465,11.6201971631766,0,0,1.67179219724123,0.263920004315619,-1.41414533385923,-2.31186219660284,47
47,11.9160464423936,0.599394292225418,-1.3391463887477,11.6201971631766,0,0,0.821044454564101,-0.26168468131244,-1.41086047061777,-1.3453419659669,48
47,12.0910985412325,1.59110017486994,-0.995833535180096,11.6201971631766,0,0,1.41734192151262,1.18716139037728,-1.42181290360306,-0.809540259221863,49
47,12.3995236677583,1.31362014286826,-1.63592530124838,11.6201971631766,0,0,1.05394297894502,-0.505071582320701,-1.66815840323728,-1.14010867344487,50
47,12.6370943733254,1.57456735581762,-1.66527811175503,11.6201971631766,0,0,1.73655767594188,1.08671678097868,-1.72556873154246,-2.5080253077191,51
47,12.9496874069664,2.05982162975832,-1.67884923358886,11.6201971631766,0,0,1.85177597818849,0.349571781796778,-1.79727987145767,-1.46990569773394,52
47,13.2247692765704,2.92474953480815,-0.991546227171962,13.0019469220908,0,0,2.85668452213691,1.40077691901044,-1.15324237452797,-1.39519914283083,53
47,13.4748437034832,1.16618164715226,-0.554371437199302,13.0019469220908,0,0,1.44252021064286,0.161136799588634,-0.391170937080166,-2.0863911000834,54
47,13.549866031557,1.08360624646747,-0.490660143178156,13.0019469220908,0,0,0.853292033127023,-0.049278355409054,-0.299539614575305,-1.24253238457196,55
47,13.8958023221197,1.61195639021326,-1.40388541231366,13.0019469220908,0,0,1.2986686321691,0.495801425275946,-0.907167916571214,-1.53802557721052,56
48,0,0.884602936358655,-1.25124191074155,-Inf,0,0,0.543310315679038,0.378102422049226,-1.43604825694235,0.0667940486363952,0
48,0.112533492110747,0.741819176898311,-1.49804062108583,-Inf,0,0,0.569123979837408,0.359042592217588,-1.83212754543418,-1.04054287484834,1
48,0.300089312295326,3.25150846435947,-1.58680871296568,0.215904753282666,0,0,2.86786627734359,1.61344240247708,-1.20906074292065,-2.24349029522222,2
48,0.600178624590652,3.10108919329737,-1.91519925347272,0.215904753282666,0,0,2.88948359489378,2.41651077516767,-2.19418440064199,-1.42349285540251,3
48,0.866924679964275,2.74484421394058,-1.87952138803778,0.215904753282666,0,0,2.69815350930791,1.28705492468938,-1.82026281759569,-2.06031117301301,4
48,1.11283119976183,4.42520539378695,-2.48393161666384,0.960146872161959,0,0,4.15340467174389,2.303361203473,-2.31327772161271,-2.21540822501225,5
48,1.49627865436142,1.62586570250488,-2.21627628636402,0.960146872161959,0,0,1.56568252197156,1.07736584298981,-2.63718094154587,0.662066011632843,6
48,1.64632331050908,1.08507393061868,-1.00054848636203,0.960146872161959,0,0,0.712824323428897,1.11331906416975,-0.963273643615256,-1.83757289937345,7
48,1.83804703780887,1.22068877224126,-2.18739420165973,0.960146872161959,0,0,1.17636531438679,1.02657297633952,-1.98835977063457,-1.1802234067158,8
48,2.14230425721941,0.241662167383469,0.074613618966968,0.960146872161959,0,0,0.173274468966987,0.187729088904201,0.710819501152914,-0.0785336434695614,9
48,2.4965763620125,2.0221345632123,-0.56927182150956,2.44221353502586,0,0,2.13625294628526,1.45629225862939,-0.666631313495605,-0.862541976456441,10
48,2.60077403989283,0.484813488640658,-0.698508411482409,2.44221353502586,0,0,-0.065449509621613,0.719842934493928,-0.743785512946986,-0.849876088018347,11
48,2.7883298600774,0.0517407318590018,0.0182251467440237,2.44221353502586,0,0,-9.30323593661547e-05,0.556278628163127,0.107671940927107,0.429418592158795,12
48,3.10925870794879,-1.33489291158782,1.66811893630932,2.44221353502586,0,0,-0.99359277695437,-0.79076041821827,1.40187683875775,1.06461081673163,13
48,3.38850848466806,-0.398390024758847,0.549801700755153,2.44221353502586,0,0,-0.364533681993752,0.0264444398732044,-0.0865311964345502,1.1690259300254,14
48,3.53438523370051,0.357488511768129,-0.144214319090558,2.44221353502586,0,0,0.534521025073077,0.628270048060839,-0.466019077724561,0.179030466558443,15
48,3.80529919618934,1.91413462169041,-0.640661567716135,3.56940629020727,0,0,1.34371643420962,1.58456932456303,-1.01585778796788,-0.0632459594967712,16
48,4.07621315867818,0.145448680384814,-1.29203302092004,3.56940629020727,0,0,-0.231330292488457,-0.899969243228707,-1.44002639936881,-1.76318649578328,17
48,4.3763024709735,0.161771626810624,-0.212739876330608,4.16267306373204,0,0,0.197711801570758,1.43808828414333,-0.103515062163394,-0.485189627916423,18
48,4.58886573384936,-0.395473880541354,-0.0415572935169539,4.16267306373204,0,0,-0.119807765344603,0.459494844273635,-0.736907268697962,-0.673059184642563,19
48,4.75558201845787,-0.304830237345061,-0.137099594552126,4.16267306373204,0,0,-0.160408584508336,-0.472520657463418,-0.146397195966001,0.256928093490705,20
48,5.13902947305746,-0.112949843478707,-0.33279290543176,4.16267306373204,0,0,-0.242698566793204,-0.162181105084304,-0.632778863697007,0.217397789887982,21
48,5.48079785650491,1.30853724940126,-0.943217845945567,5.14951804910357,0,0,1.19238135877502,-0.428095906562892,-0.345524547719036,-0.088326897743062,22
48,5.60166716284609,0.388014679409837,-0.541722441292766,5.14951804910357,0,0,-0.0510052776868537,0.375729904700877,-0.685368542610437,-1.41122420993824,23
48,5.92676391783269,0.498315850314028,0.559192253740084,5.14951804910357,0,0,0.555130194728326,-0.0794396606871988,0.23284817609227,0.783432069332817,24
48,6.10181601667163,0.739014969194783,0.637770068695576,5.14951804910357,0,0,0.648417000048518,1.44091938346941,0.836309088989402,-0.513518067438505,25
48,6.3852337005061,4.14526925093294,-1.86327889071834,6.37931173535852,0,0,3.8264219141226,1.93115162315468,-1.92230079982375,-2.3683306348501,26
48,6.50610300684728,3.32155633240179,-1.61600079588639,6.37931173535852,0,0,3.04539026849362,1.21795197434093,-1.72160584302093,-0.759252777639415,27
48,6.87704674010122,1.20687977092853,-0.793323543849963,6.37931173535852,0,0,1.21326378505827,1.5781472482563,-0.833997251446128,-0.504749372275302,28
48,7.18130395951176,0.466397964404879,-0.453654165372622,6.37931173535852,0,0,0.615897519255413,1.14892729180875,-0.640949136042208,0.409797388258593,29
48,7.36052396546591,0.143850960185055,-0.327097623725545,6.37931173535852,0,0,-0.161273635398216,0.0702853265351471,-0.412902562879282,0.309924460479337,30
48,7.74813932718071,0.129214829652696,-0.272481116956432,6.37931173535852,0,0,0.309152816210984,-0.377634534368508,-0.625405843330958,-0.0418284700502711,31
48,7.96903840428699,1.65566874522693,-0.825414108036891,7.90733651936663,0,0,1.4526719216782,0.822825650349116,-0.591788352241411,0.082416441925433,32
48,8.04406073236082,1.3787289064289,-0.514666582151353,7.90733651936663,0,0,1.28478640956668,1.28671752598362,-0.797323471322477,-0.327128969371986,33
48,8.47335516522775,0.598658976943468,-0.121201243829716,8.21749885444028,0,0,0.683471806138853,0.773116695004738,0.273570721260824,0.7405501964839,34
48,8.59005656445371,0.138869168142162,0.523912001347154,8.21749885444028,0,0,0.07166247986084,0.736122482110992,0.534060098563005,1.14292003157936,35
48,8.98600774039893,-0.297440327321441,-0.312728294765845,8.21749885444028,0,0,-0.37443784852078,0.346798885148098,-0.327196760280071,-0.759026773742505,36
48,9.21941053885085,-0.040674336956697,-0.0417236751716078,8.21749885444028,0,0,0.0995227898529832,-0.161292020887109,-0.285758897520053,0.358770721625005,37
48,9.49032450133969,-0.953332108040013,1.79729472154962,8.21749885444028,0,0,-0.904546143462662,-0.481393967313835,1.74682576536667,1.61483564416287,38
48,9.5611789222983,-1.37282918477008,1.73929652037384,8.21749885444028,0,0,-1.25528759001088,-0.471730441774937,1.62601633432539,0.91232964447929,39
48,9.99880916939565,-1.54820139450412,0.793309205873091,8.21749885444028,0,0,-1.37261384087716,-0.100679576952339,1.06528244611499,-0.0717944527571042,40
48,10.1280142899673,1.15981658213709,-0.213127061388787,10.03454543588,0,0,1.59039114244348,0.846350287294,-0.546161222378789,0.11252041148513,41
48,10.4072640666865,-0.0552179846109245,-0.445875984945579,10.03454543588,0,0,0.151955980830236,0.731572830249,-0.443470176133327,0.135155105641161,42
48,10.5573087228342,-1.513954391497,0.215521853128409,10.03454543588,0,0,-1.41139701598093,-0.583210065180711,-0.0121353242583761,0.0444229539023194,43
48,10.9991068770467,-0.652604836568519,2.39186551573465,10.6171468325246,0,0,-0.363410546658956,-0.203181507011818,2.30348665460848,2.69259236373118,44
48,11.2325096754987,-0.56050565886715,1.97386725772069,10.6171468325246,0,0,-0.589902681565817,0.580263321286234,1.80748265996279,2.8682090268393,45
48,11.3075320035725,-0.0945909867770796,1.38496764352846,10.6171468325246,0,0,-0.104528001503221,0.382688391929804,1.08962641554936,0.973387823892825,46
48,11.590949687407,0.522132583737562,1.70329729407743,10.6171468325246,0,0,0.230060337024519,0.152133493331576,1.61021952940628,2.20049406757844,47
48,11.8535278356654,-0.218373575478128,0.58227450374297,10.6171468325246,0,0,-0.216927992926883,0.911337874258665,0.50207934929319,0.565784284364399,48
48,12.1077701696934,0.779926087656296,-0.448693411837593,10.6171468325246,0,0,0.860369586098317,1.91053064684451,-0.331431300451935,-0.602547803743061,49
48,12.2869901756475,2.34041653090591,-1.24328120873741,12.2817506400206,0,0,1.77460209839456,1.48848562703441,-1.26578421938138,-0.587334419950513,50
48,12.707948794284,2.08756944799385,-1.09873622718634,12.5654377368995,0,0,2.0481366818801,0.714307022210841,-1.16860861602575,-0.854531288106734,51
48,12.903840428699,2.30418682151571,-0.49448334170802,12.5654377368995,0,0,2.2500102141536,2.39433585390984,-0.69197582637926,-0.443661194666452,52
48,13.158082762727,0.83658376689824,-0.775422863899096,12.5654377368995,0,0,1.26707078137515,0.54340290716493,-0.761872124708523,-0.0821810966523568,53
48,13.4581720750223,-0.262532574974995,0.288988188471393,12.5654377368995,0,0,-0.0954372185991424,0.250587080969258,0.379409197285909,-0.158399788750425,54
48,13.5623697529027,0.238219839356725,-0.126255793278578,12.5654377368995,0,0,0.298172102611989,1.21691986195492,-0.141824321179697,0.330332202070117,55
48,13.8124441798154,-0.0704478792918897,0.763836842084476,12.5654377368995,0,0,-0.159944773341424,-0.0495845639116534,0.924753095686195,1.20385282653684,56
49,0,0.199103401240213,0.044604927611389,-Inf,0,0,0.39176917911744,-0.568999833504308,1.17856413077893,1.74484773582842,0
49,0.154212563262876,0.37325525972941,0.134050529628473,-Inf,0,0,0.472794403478985,-0.294858778813803,1.21398099433216,1.31578952791632,1
49,0.275081869604049,2.15470598770475,-1.36269856183463,0.27167511008447,0,0,2.28183362997274,-0.259180114373039,0.00714578797680665,-1.42568012589472,2
49,0.687704674010122,-0.211926585689059,-0.967578832124711,0.27167511008447,0,0,0.17778502401606,-0.684582254556291,-0.0203253726948049,0.617953803949561,3
49,0.962786543614171,-0.30565321801395,-0.632159838145602,0.27167511008447,0,0,-0.0895605559378551,-1.29240147511151,0.391638509326394,1.5584795894531,4
49,1.16284608514439,2.3700851925794,-1.74926731084846,1.11368590663008,0,0,2.82982323600898,-0.150723150035965,-0.566292379174726,-0.859392682064491,5
49,1.4254242334028,1.09116145064055,-0.489287817180252,1.11368590663008,0,0,1.18483446248541,-0.797353825779746,0.811900798414386,0.8034511628522,6
49,1.61298005358738,1.13930559417902,-0.930970415522313,1.11368590663008,0,0,1.46676908041367,0.424699719143972,0.309979059924826,-0.590143819542786,7
49,1.77552843108068,2.06076063050561,-1.38329763114397,1.11368590663008,0,0,2.40564112281898,0.919354828055924,-0.283961796290632,-0.285209581347496,8
49,2.12980053587377,0.0532569696867536,-0.605649829274494,1.11368590663008,0,0,0.00632834420059358,-0.91142617111128,0.334648757593733,-0.251738233646138,9
49,2.3340279845192,1.38510617934477,-0.888117001513317,1.11368590663008,0,0,1.65094130961098,-1.26830577034523,0.212074784728903,-0.627261534886813,10
49,2.6883000893123,1.20030473798898,-1.83580263475505,2.39251092981655,0,0,1.23692184930189,-0.437118344807569,-0.782027665407657,0.313755087026637,11
49,2.87585590949687,0.163601518242476,-0.089447155359041,2.39251092981655,0,0,0.729916624391352,-1.52007905324338,0.750495529454317,0.0496753164529626,12
49,3.21762429294433,-0.0872978782457709,-0.34127459024816,2.39251092981655,0,0,0.0784642437567082,-0.498128295784887,0.371905437240589,-0.927321406473833,13
49,3.35933313486157,1.00465642265498,-1.16101305065603,3.29509100855257,0,0,1.48456029350991,-0.542377787712708,-0.0322514680136722,0.870134399171838,14
49,3.6302470973504,0.780473151180961,-0.63174090607916,3.29509100855257,0,0,1.22254411933835,0.560039073991436,0.706441048763765,-0.258379623956158,15
49,3.86781780291754,0.298431803933355,0.138621408598726,3.29509100855257,0,0,0.460563350090981,-0.338659697582418,1.31045644037292,0.255272918347637,16
49,4.10538850848467,2.79434585517259,-1.43018575888089,4.06759053572762,0,0,2.79616361760401,-0.376732127952598,-0.245498243141863,0.684970764898273,17
49,4.3763024709735,0.682092436153975,-1.44863193047127,4.06759053572762,0,0,0.566784139198231,-0.741051166143367,-0.484868707801982,-0.995551961383056,18
49,4.55969038404287,0.216657011236153,-0.272032585539668,4.06759053572762,0,0,0.749966210523089,-0.486554538401,0.742337067210125,0.236186250540183,19
49,4.92229830306639,-0.028161764103752,-0.15344484409736,4.06759053572762,0,0,-0.0746394580853844,-0.628521480778186,0.680887441313435,1.32751632437534,20
49,5.15986900863352,1.29237301035574,-1.30330863732541,5.03246113712935,0,0,1.66965966158021,-0.32189737549441,-0.71746132552446,-0.916252393546782,21
49,5.3140815718964,2.06483167264932,-0.562779190152909,5.03246113712935,0,0,2.55093420146924,-0.905272118741081,0.281960138377,1.95158791762636,22
49,5.69752902649598,0.101160926734724,0.50467783260731,5.03246113712935,0,0,0.644377093844974,-1.43439637088661,1.3486579184289,2.71438307131761,23
49,5.78922298303066,0.342057298361539,0.439817114111621,5.03246113712935,0,0,0.701735218771231,0.167201847904683,0.749379365510958,0.437837186909187,24
49,6.00595415302173,-0.275193032492323,0.286049007462601,5.03246113712935,0,0,0.234414633918267,-1.58626131700179,1.19664711004818,0.270666860581994,25
49,6.25186067281929,0.124410739217693,0.793122080919053,5.03246113712935,0,0,0.582293521537661,-0.740694315308401,1.88334494266431,1.48139285339669,26
49,6.71449836260792,0.89435384304786,-0.0870754970173777,5.03246113712935,0,0,1.46773774203729,-1.34193350733909,1.43460288189502,1.28721730742913,27
49,6.97707651086633,2.25546997551334,-1.01528867908055,6.82901757246671,0,0,2.35532631074829,0.0297896753503415,0.32189139294077,1.47215805436482,28
49,7.07710628163144,1.62601338882331,-0.280255838036983,6.82901757246671,0,0,1.85657969275401,0.0596241388263083,0.950295758283008,1.07322270644532,29
49,7.40220303661804,1.60869649202082,-0.637940752146456,6.82901757246671,0,0,1.50598958836853,-0.411854633426848,0.350710816306105,0.459592406455204,30
49,7.66061327776124,0.768753461389665,-0.785404379211445,6.82901757246671,0,0,0.967486568340923,-0.0559319484861757,0.274062328905156,-0.315429688433665,31
49,7.95236677582614,2.07620887159435,-0.998675550925605,7.87825678203864,0,0,2.17736415395743,0.10514249825749,0.00242773817155952,0.386333864426909,32
49,8.17743376004763,1.73587229085834,-1.0074705969322,7.87825678203864,0,0,1.9501592863566,0.774758073485536,0.256618220245088,-0.223287395647025,33
49,8.39833283715392,1.2254337375908,-0.328874020477599,8.25661194737499,0,0,0.991860676038511,-0.144712323285324,0.79777124400712,-0.166372912421502,34
49,8.51503423637988,1.60832549657819,-0.177763537248618,8.25661194737499,0,0,1.95898482298725,-0.350353356778467,1.04083682102061,1.69547689219073,35
49,8.85680261982733,-0.0124172075761068,-0.270506882590118,8.25661194737499,0,0,0.209351375631875,0.0174340779630141,0.419789055410429,0.17644666139346,36
49,9.02768681155106,0.162808458981884,-0.192347989286229,8.25661194737499,0,0,0.348869150752489,-1.47257202004581,0.462767769990742,1.26177228179619,37
49,9.31527240250074,0.259571194105296,0.415652667833446,8.25661194737499,0,0,0.290518596292341,0.199523067457893,1.89014259468845,1.75487699752597,38
49,9.70288776421554,-0.234552232482256,0.259644124227919,8.25661194737499,0,0,0.0988121485371668,-0.934165723220889,1.2510256858533,1.14937613544527,39
49,9.76957427805895,-0.258927742710754,0.247434924956039,8.25661194737499,0,0,-0.148890453397382,-0.729595584690706,1.90040589584501,1.54622249759399,40
49,10.0654956832391,2.47487239809748,-0.657107468087001,9.98499504854688,0,0,2.58236129145154,0.620040640198726,0.720661705015154,1.22604049916867,41
49,10.436439416493,0.674286399302306,-0.223286789547774,9.98499504854688,0,0,0.821976490393576,-0.289710900421512,1.63831663713838,0.154187268653501,42
49,10.7448645430188,2.75482952371387,0.203588898505155,10.6925223890746,0,0,2.83059636562025,-0.188936789942341,1.43443783871882,0.954668446119624,43
49,10.8782375707056,1.48459946241529,-0.12671722670277,10.6925223890746,0,0,1.50055345676065,0.238731435228281,1.08049280658874,0.606309827799248,44
49,11.0491217624293,0.213560208349132,-0.537138453455777,10.6925223890746,0,0,0.240508014820421,-0.691520996316636,0.100008147806099,-0.0917213546464273,45
49,11.3200357249181,0.701477475114987,-0.0150343590866168,10.6925223890746,0,0,1.1626326942002,0.413115640677536,0.989165400911414,0.848934131416574,46
49,11.6326287585591,1.35027255579411,-1.12497317907668,10.6925223890746,0,0,1.01178209472601,-0.300708685571514,-0.0793738609655468,-0.30229446705417,47
49,11.9577255135457,2.80572459469983,-2.77914724592435,11.8527290833218,0,0,2.92387924403222,-0.698195022071591,-1.54853276733314,-0.525882609797962,48
49,12.0952664483477,2.31957800068779,-2.31177958245861,11.8527290833218,0,0,2.48550662264189,-0.562133382845704,-1.73296155839468,-0.849182964579663,49
49,12.3786841321822,1.5558740168495,-0.76772555805729,11.8527290833218,0,0,1.90978054064021,0.56503483130886,0.545856594173598,0.481381010300162,50
49,12.5495683239059,0.859067779057264,-0.673052308698069,11.8527290833218,0,0,1.00436184547442,-0.571452175299917,-0.217926973282561,0.581585334127549,51
49,12.7829711223578,0.35447467655281,-2.09122513657548,11.8527290833218,0,0,0.514751491305911,-1.12704578742555,-1.07037891243686,-1.31470038728547,52
49,13.0663888061923,-0.359412557512751,-2.10874331405553,11.8527290833218,0,0,-0.0762109913154273,-1.78792067722233,-0.936990795928446,-0.774285514614299,53
49,13.3623102113724,-0.50896927871694,-0.310726674509406,11.8527290833218,0,0,-0.392176419659315,-1.09804042335891,0.437968601290957,0.344252526261662,54
49,13.6790711521286,2.601495240793,-1.31304843000947,13.6147733775433,0,0,2.59585720787606,0.495925654985452,-0.71967505256975,-0.373081817799852,55
49,13.8166120869306,0.899111294631795,-0.664031002985422,13.6147733775433,0,0,1.25360284830321,-0.578668549707013,0.721514171663947,0.597437311487115,56
50,0,-0.330485715635476,-0.00410333294134253,-Inf,0,0,-0.398268222242608,-1.09017917899298,0.299845806959312,-0.0908885737394424,0
50,0.183387913069366,-0.0598103089990961,-0.375240565923263,-Inf,0,0,0.18622218291761,0.0786235378688226,-0.534308809528332,0.0535612919875671,1
50,0.425126525751712,0.694593067458373,-0.28627999969748,0.218857267568819,0,0,0.705294089347268,0.0587079280179407,-0.210259642366975,-1.22181894574771,2
50,0.625186067281929,0.708440787474452,-1.08135283468275,0.218857267568819,0,0,0.915556992053574,-0.557836386856382,-1.18223044859565,-1.4934522335874,3
50,0.850253051503424,0.0162653205286375,0.27177501215323,0.218857267568819,0,0,-0.226429901162248,-0.765784355598199,0.177156022849066,0.247005194307821,4
50,1.19202143495088,1.08267813343694,-0.0996559733784977,1.01766592247698,0,0,0.854634857184223,0.778566018566789,0.053053028957756,-0.114943048974102,5
50,1.42125632628759,0.66229380650582,-0.4700603205415,1.01766592247698,0,0,0.381231781877683,0.211720743915291,-0.277610139372888,-1.30601079532372,6
50,1.74218517415898,0.63719891768293,-0.604768445762453,1.01766592247698,0,0,0.658706773761307,-1.05672594283605,-0.123902337541916,-1.18485075895166,7
50,1.7505209883894,0.419843573818649,-0.66642897819251,1.01766592247698,0,0,0.351418961429581,-0.265472343929093,-0.329610593473072,-0.225052738865019,8
50,2.02560285799345,0.906281973957457,-1.30698795495223,1.01766592247698,0,0,0.617554561058713,-0.331425117434083,-1.18536846508758,-1.43278323796655,9
50,2.40071449836261,2.04140088539663,-1.38783138950426,2.05062946134354,0,0,1.7951658149453,-0.65678621392498,-1.2244512728719,-1.19419102411015,10
50,2.60910985412325,-0.00581935696198885,-1.05711181823557,2.05062946134354,0,0,-0.108259606792864,-0.649693445364338,-0.826541285814059,-1.56006031137333,11
50,2.81333730276868,0.31134418741197,-1.18757797304409,2.05062946134354,0,0,0.108365875577032,-1.00121261996669,-0.78099152199864,-1.67993773620697,12
50,3.18428103602263,0.890849559543958,-1.62776693205391,3.09541912169124,0,0,0.355635283693173,-0.160924227869134,-1.36243873606275,-2.83685540634531,13
50,3.29681452813337,1.82763191562672,-1.27248387665865,3.09541912169124,0,0,1.54206944882107,0.289739749678142,-1.30856323102358,-2.63536778587925,14
50,3.74694849657636,-0.145673260925299,-0.634603897703857,3.09541912169124,0,0,-0.223663562375099,-0.792028018757868,-0.656063039686485,-1.43244975722155,15
50,3.80113128907413,-0.22239325010258,-0.742029343951546,3.09541912169124,0,0,-0.190395383943872,-0.691418053032429,-0.674012049333745,-2.30215881954628,16
50,4.14289967252158,-0.228174220791101,0.117709208867484,3.88474263999826,0,0,-0.538806734495876,-0.201241910529674,0.662356381185702,-0.735599838378642,17
50,4.28877642155403,-1.42652354764462,0.278875779201227,3.88474263999826,0,0,-1.22996336852102,-1.09654852332674,0.124448731727075,-0.748147043246829,18
50,4.63054480500149,-1.9410008209459,0.756671414511289,3.88474263999826,0,0,-1.61635527008871,-0.550837432191834,0.0220112376778429,-0.0454111009100798,19
50,4.87645132479905,-0.461789483671936,0.938138164727781,3.88474263999826,0,0,-0.518672386345736,-0.416415568467448,0.595494389091443,-0.25603597358526,20
50,5.09735040190533,1.03920689754119,0.322672742452337,4.96892068599387,0,0,0.740376917047329,1.03353349049146,0.0507116432483448,0.0504025841169051,21
50,5.35576064304853,1.07264688687288,-0.536342766940475,4.96892068599387,0,0,0.681561941940355,-1.27287929510252,-0.557779250015948,-2.24897510761299,22
50,5.72253646918726,0.930967478297558,-1.08994624477819,4.96892068599387,0,0,0.74601896399278,0.450631550757745,-1.54380158828471,-0.850246836786831,23
50,5.78505507591545,0.794011705996511,-0.749103483946534,4.96892068599387,0,0,0.81601928175176,-0.454550900187101,-0.567650985527348,-1.43054481528052,24
50,6.16016671628461,0.00389177403216479,-0.651562196767456,4.96892068599387,0,0,-0.291833052255141,-0.703654734378197,-0.45533366444166,-0.0830019109968039,25
50,6.49359928550164,-0.606966379811921,0.570567785187999,4.96892068599387,0,0,-0.713510147659476,-0.220753806314325,0.0957233186883523,-0.209031872537128,26
50,6.73533789818398,0.270002234767692,0.157948280999088,6.4975461305943,0,0,0.0203895377456839,-0.434593011448331,-0.00334156125297003,-0.375674510531925,27
50,6.9353974397142,-0.0188382210869624,0.554235897426812,6.4975461305943,0,0,-0.0130657587356624,-0.535913042225725,0.231076583577032,-1.0806311771513,28
50,7.0312593033641,0.544311651875607,0.999583055118123,6.4975461305943,0,0,0.289528005024468,0.378914004009726,0.978424875746712,1.8922464286444,29
50,7.31467698719857,-0.469187688874308,-0.35771701770137,6.4975461305943,0,0,-0.515244841699586,-1.1985637232452,-0.155408862739037,-1.52809926077724,30
50,7.51056862161358,-0.437081553072785,-0.271339129824244,6.4975461305943,0,0,-0.705532226290843,-1.86303080668697,-0.231861296076019,-1.66838871190729,31
50,7.82316165525454,0.0466399187816476,-0.917532655544031,6.4975461305943,0,0,-0.286254352139064,0.183045708192625,-0.804664757700246,-1.85309223743142,32
50,8.20660910985412,1.48071496007844,-1.7596814573193,7.95986763866296,0,0,1.35575577118617,0.86527197223534,-2.00480477582623,-2.1948012752439,33
50,8.3941649300387,-0.306253008739345,-0.860254466295643,7.95986763866296,0,0,-0.414920956321467,-0.844109203796648,-0.527629820285796,-1.28608762679805,34
50,8.7192616850253,0.937191483815265,-0.288360605017583,8.47774433985782,0,0,0.840339595013535,-0.013336155121794,-0.652911494718168,-0.393728604450851,35
50,8.84013099136648,0.803249573681486,-1.16019402618537,8.47774433985782,0,0,0.320509464386903,0.325164780589252,-0.859046447454068,-1.01109568176981,36
50,9.11938076808574,-0.092730883358714,0.773822787595651,8.47774433985782,0,0,-0.16445302716645,0.415702965692184,0.671547097271076,1.38753824431699,37
50,9.48615659422447,-0.0434071236364912,0.452983253820304,8.47774433985782,0,0,0.115815690801148,-1.2188738889459,0.263730547074073,-1.19536885944445,38
50,9.56534682941352,0.684439584802949,-0.208723259271148,8.47774433985782,0,0,0.733502123647847,-0.303575451518469,-0.142063786750664,0.0709858950916219,39
50,9.78207799940459,-0.0867521082569968,-1.78710033970058,8.47774433985782,0,0,0.0832184448827372,-0.960285614541979,-2.14785851597302,-2.83776344886277,40
50,10.1947008038107,1.44798506322249,-1.7612370694752,9.81285857673054,0,0,1.32721683250832,0.805779353641098,-1.83883554653385,-2.14947561392265,41
50,10.2697231318845,1.17311117105082,-1.03052140350851,9.81285857673054,0,0,1.14025819765011,0.349310954272654,-0.232128370513313,-0.830988890944111,42
50,10.7198571003275,1.07923168374283,-1.26236730724206,9.81285857673054,0,0,1.07740970074904,0.15503962588116,-1.02907340288361,-1.36037765453658,43
50,10.9365882703185,2.45606040337051,-2.61212143026533,10.882707865495,0,0,2.241743120243,0.751979631268735,-2.73944124290127,-2.35011532516759,44
50,11.1491515331944,1.3457910090131,-2.78822317618186,10.882707865495,0,0,1.20449773651121,-0.144462154785153,-2.61039234489969,-2.17981190627792,45
50,11.2616850253052,-0.112397608682643,-1.41877356773413,10.882707865495,0,0,-0.247807966774752,-0.222273066451078,-1.31348130354213,-1.73942641558386,46
50,11.7034831795177,1.14181705714028,-1.01494253062715,11.6939289490961,0,0,1.03669528789131,-0.0219196514890801,-0.900934852644038,-1.60559100982756,47
50,11.786841321822,0.644664596333038,-0.685507148106111,11.6939289490961,0,0,0.898482750885033,0.00224253163558437,-0.206093681863474,-1.1221728199468,48
50,12.1911283119976,-1.43673099877959,-0.302486526844267,11.6939289490961,0,0,-1.38998776797665,-1.16797993275088,-0.416190963162678,-0.462749894145887,49
50,12.3495087823757,-0.769312215838436,-0.316791177354509,11.6939289490961,0,0,-0.776070158779351,-1.03930490995015,0.199947396933801,0.00639093310367778,50
50,12.7287883298601,-0.165914159783505,0.672783401587857,11.6939289490961,0,0,-0.283857229382724,-0.57608941767927,0.866048530860448,0.00985360479442332,51
50,12.7621315867818,-0.188043243595829,0.529246517805061,11.6939289490961,0,0,-0.350967656343802,-0.838220823115632,0.557642532115406,1.34729736942424,52
50,13.0497171777315,-1.3169335419072,0.237874716433468,11.6939289490961,0,0,-1.20256833848527,-1.75114964735785,0.517622819998907,-0.872114003527017,53
50,13.3414706757964,1.72629018528471,0.0273700404145743,13.2449801624305,0,0,1.36723276193234,1.25355052778729,0.0389196509649819,-1.46697012038988,54
50,13.7124144090503,0.540692042276192,0.228090166497572,13.2449801624305,0,0,0.617831752877017,0.071308920256722,0.22426728426381,0.94761523527277,55
50,13.9791604644239,2.13733623697588,-1.78235470599002,13.8929697750951,0,0,1.75547287902537,0.667970382039796,-1.45750178647864,-2.71131589540574,56
51,0,0.645456506741998,-0.271671915122004,-Inf,0,0,0.166719123330906,-0.0334070827028523,0.926482480872221,-0.988935082435749,0
51,0.100029770765109,0.473680120222924,-0.813894763084428,-Inf,0,0,0.0489077887418613,0.866574188810002,0.394782635373999,-0.0567702982056579,1
51,0.354272104793093,-0.204347743396581,0.0126388146927059,-Inf,0,0,-0.356590376828172,-1.37961017594321,0.862540641945623,0.034649070097397,2
51,0.633521881512355,0.800617521890354,-1.46792410039891,0.446381803345867,0,0,0.613362778227274,1.04827661008545,-0.799635738633336,-1.46460291907815,3
51,0.933611193807681,1.93805305083841,-1.91448339700179,0.796975122390386,0,0,1.35613572989084,0.356212882209272,-1.15765296839059,-1.34368009007781,4
51,1.22953259898779,1.28470006245132,-0.052815854938326,0.796975122390386,0,0,0.650535948872021,0.818168376156883,1.03338555420761,-0.679958955334204,5
51,1.2962191128312,0.7720662450909,-0.217063262256029,0.796975122390386,0,0,0.475380110954166,-0.285494606632564,0.94744877721677,0.945117990810749,6
51,1.63381958916344,0.508166663543642,-0.555940025503603,0.796975122390386,0,0,0.307492257101741,-0.614405452473675,0.489925028635109,1.46126560151404,7
51,1.99225960107175,0.670582605899752,-0.334441471502034,0.796975122390386,0,0,0.668403210320598,-0.674271852754501,0.374578514999591,-0.833226649317216,8
51,2.10896100029771,0.450436941361646,-0.130218742970277,0.796975122390386,0,0,0.111493469726636,0.793234273431766,0.88107161307945,-0.0983216178027144,9
51,2.49240845489729,1.91513773526036,-0.25035629644851,2.47907395208828,0,0,1.68453571970078,1.99893150074058,1.07859235359709,-0.709512248781254,10
51,2.69663590354272,0.968165347427821,0.536658229502343,2.47907395208828,0,0,0.933013738925257,0.0654852113097801,1.60326036871096,-0.169119603182622,11
51,2.84251265257517,0.177013609542613,1.09644767222153,2.47907395208828,0,0,0.121656086501724,0.0462991817984895,2.01194755904936,0.143175751233518,12
51,3.14676987198571,2.56337168405825,-1.9214361148425,3.0801073271029,0,0,2.10489128211432,1.7299646443953,-0.965764701568006,-2.11351089192383,13
51,3.35516522774635,2.03391910474491,-1.61796429692158,3.0801073271029,0,0,2.06013471240676,1.19564787613144,-0.448282008540772,-0.32861968330136,14
51,3.62607919023519,1.70468144510105,-0.894334507855416,3.0801073271029,0,0,1.67664256753968,0.89908462314841,-0.0787816921140942,-0.654529976226628,15
51,3.86364989580232,2.30259616900733,0.165907934391345,3.0801073271029,0,0,2.09727456874377,1.25241742238357,1.40811690732085,0.623208318721605,16
51,4.22208990771063,0.422654728398097,-1.17703037873533,3.0801073271029,0,0,0.324916796989536,0.42430204951032,-0.159610899246679,-0.854428093953342,17
51,4.3763024709735,-0.497192414423273,-1.09953350684775,3.0801073271029,0,0,-0.877315486324051,-0.658326578246698,-0.213765901852755,-0.739268106888566,18
51,4.53885084846681,-0.574172198064651,-1.04555718491077,3.0801073271029,0,0,-0.906700314267836,-0.379267684313331,-0.446922955355993,-0.691523312296249,19
51,4.85561178922298,-0.999889491479918,0.279335661874189,4.54227560811425,0,0,-1.20489436318345,-0.349375259363937,1.5869876026324,-0.086649879056279,20
51,5.0890145876749,-1.24382603336513,1.11344469536222,4.54227560811425,0,0,-1.44468043260629,-0.595689669157291,2.3507675335506,1.20103656465426,21
51,5.27240250074427,-1.70617251823007,0.917340220179611,4.54227560811425,0,0,-1.80919229257174,-0.446114177556945,1.86276462640894,0.842996735605356,22
51,5.68502530515034,0.734157379428785,0.555116343085073,4.54227560811425,0,0,0.575139188756593,0.719286640371513,1.85518704975605,0.933939138627994,23
51,5.77255135456981,2.68062069842562,-0.177259591112785,5.69781202493737,0,0,2.33072363227582,1.58510721332257,1.08401303140761,-0.293328794554457,24
51,6.05596903840429,-0.585610238520611,0.74489757053095,5.69781202493737,0,0,-0.759125731145099,-1.08015939411702,1.76309961823327,-0.279157518816055,25
51,6.47692765704079,0.757070267714905,-0.226865621822312,5.69781202493737,0,0,0.597265874469011,-0.122670341804444,1.2424923001261,0.400303320432013,26
51,6.56862161357547,-0.274224978286534,-0.76391556082435,5.69781202493737,0,0,-0.552057821911537,-0.835745853550716,0.700201411595037,0.42822487306517,27
51,6.88538255433165,1.1153277833931,0.638687186944958,6.70832417243017,0,0,0.82184064015831,1.29078844227761,1.97660850115304,0.427373448209207,28
51,7.13962488835963,1.06494703505805,-0.495410143073064,6.70832417243017,0,0,0.927791144997141,-0.0824739045399486,0.371028727860655,-1.92177740568889,29
51,7.3896993152724,-0.752610647612817,0.975698605850176,6.70832417243017,0,0,-0.706751258182296,-0.805327917605285,2.21092895607096,1.95767301512897,30
51,7.69812444179815,-0.332289643345912,1.17684176474622,6.70832417243017,0,0,-0.54629326096637,-0.429825894079886,2.29880669543367,0.636041794253961,31
51,7.76481095564156,1.39720815275703,0.0672353103650449,7.74592268058242,0,0,0.912576539922963,1.173472318702,1.3524475903377,0.0553626569118726,32
51,8.12741887466508,-0.105576221581852,0.611218183339534,7.74592268058242,0,0,0.044242696621769,-0.61096769880119,1.46667558393474,0.603878818027306,33
51,8.49419470080381,1.1014717896922,-1.21668581608439,8.16968114269861,0,0,0.811647057111908,1.32690399560346,-0.00295419351647558,-1.78142567187906,34
51,8.61089610002977,0.89606973335785,-0.675641018426795,8.16968114269861,0,0,0.805223616372567,0.795476527795445,0.541574473659255,0.483101936826862,35
51,8.88597796963382,1.76031447217626,-0.323348629753023,8.16968114269861,0,0,1.15123584833636,0.241017787071695,0.587582318672699,0.484408681958977,36
51,9.04435844001191,2.1835510533936,0.118425033806208,8.16968114269861,0,0,1.57447544931365,0.205849009699558,1.495655527947,0.513266740750978,37
51,9.47365287287883,3.00600248733421,-2.14896761481351,8.16968114269861,0,0,2.73477703552917,1.86174650912777,-1.18748258098655,-1.57023360360988,38
51,9.66537660017863,2.62880923236808,-1.42148252627203,8.16968114269861,0,0,2.02897373173907,0.83059041480426,0.124568849326325,-2.25339823311867,39
51,9.98630544805001,2.21461955519761,-1.92988170531626,8.16968114269861,0,0,1.73812377746472,1.50666997317467,0.0327711116929513,-1.29603714417928,40
51,10.2280440607324,3.7264163315727,-2.261640692635,10.1156090365794,0,0,3.14503191664942,1.29158882568518,-1.22766024037557,-2.14994906136513,41
51,10.4114319738017,3.06885067750804,-2.4094771674479,10.1156090365794,0,0,2.66813401801618,1.5852582217832,-1.53508104190127,-2.33578070404551,42
51,10.5239654659125,3.63524910080279,-2.21026121785359,10.1156090365794,0,0,3.10211595035192,2.2506918760331,-0.380029536406866,-1.94613913636072,43
51,10.8448943137839,4.51225301852398,-3.19397278524186,10.6807480794897,0,0,4.00593836438341,1.87518970919559,-2.22862616360722,-2.41641809071018,44
51,11.1449836260792,1.41613418982889,-1.57580125864914,10.6807480794897,0,0,1.03443983448976,0.784370276350886,-0.494859467143037,-1.1650215873447,45
51,11.3658827031855,1.51962857373164,-0.360047257792484,10.6807480794897,0,0,1.06304068395289,2.36609970555948,0.402040877507947,0.960019617241958,46
51,11.5159273593331,1.25713524415883,-0.627657154801559,10.6807480794897,0,0,0.700358840084881,0.416330738944936,0.402909092557834,-0.955663483588297,47
51,11.7618338791307,0.680010761373785,-0.674232447045045,10.6807480794897,0,0,0.315377073752664,0.90521452029302,0.291348956176209,-0.667496937035722,48
51,12.0994343554629,-0.0764202889308518,-0.215856802567516,10.6807480794897,0,0,-0.122888825982547,-1.11369942099926,0.333962268933482,-1.39604448610421,49
51,12.4745459958321,1.83003959803071,-1.22043651833009,12.250144347296,0,0,1.48671989378213,0.530906402412918,-0.123434244880931,-0.293734521744726,50
51,12.6454301875558,0.594037980734,-1.24867419623527,12.250144347296,0,0,0.223733280627266,0.169287477094672,0.00312464714298677,-1.32193975652375,51
51,12.9663590354272,1.57647877593294,-1.89372591526219,12.6684317169962,0,0,1.39955331465995,0.0862638560340064,-0.658306445908015,-2.05387044351115,52
51,13.1038999702292,0.189167582943427,-0.356707208809011,12.6684317169962,0,0,-0.0209097893032416,-0.0995621196369004,0.240262509428577,-0.758381978337664,53
51,13.3206311402203,1.89925310640145,-1.75159408252533,12.6684317169962,0,0,1.41237564851518,0.753459946808479,-0.733294327295055,-2.42948156710314,54
51,13.6540637094373,3.47669466745566,-3.1438280042271,13.6440771597903,0,0,2.84847472944556,1.91950364460662,-1.98285209033282,-2.57374291252132,55
51,13.8457874367371,3.35541781834779,-1.7651130333754,13.6440771597903,0,0,2.72321499764962,0.64265582133388,-0.540643792120823,-2.00872938621834,56
52,0,1.35560771248639,-1.40887719215813,-Inf,0,0,1.77514187594877,0.597210945720944,-0.0668973759438696,-2.00683538539297,0
52,0.17505209883894,3.2621248088199,-2.86402020675058,0.134176638652571,0,0,3.41590951768599,1.00994908591032,-2.30470339568643,-3.42452181020799,1
52,0.400119083060435,1.76669095286973,-1.93776583657689,0.134176638652571,0,0,2.47662941762513,0.597508417204308,-1.53887066003585,-1.77430037515201,2
52,0.687704674010122,-0.65212643920031,-0.0432896200013406,0.134176638652571,0,0,0.175812371838065,-1.24035298846187,0.79957290289305,-1.41080275716409,3
52,0.971122357844597,1.29662104524362,-1.2741406002629,0.91994552782092,0,0,1.60203357965435,1.02848872681321,-0.766700207324608,-2.70184634240982,4
52,1.12950282822269,1.8187235144955,-1.1629535276817,0.91994552782092,0,0,2.34240727916621,0.16265550516103,-0.723544809524956,-3.09639738849091,5
52,1.33373027686812,1.42204198036965,-1.73882621350698,0.91994552782092,0,0,1.93773789589638,-0.0273367906285689,-0.846646364462662,-2.09360950399628,6
52,1.69217028877642,0.137686301273601,-0.0590110305227332,0.91994552782092,0,0,0.846044562717449,0.589521349073097,0.327867774063799,-0.356875558936818,7
52,1.97975587972611,-0.0534122880787172,-0.796478718823768,0.91994552782092,0,0,0.535525543064163,-1.11935793426055,0.0818266475902516,-2.88173067594551,8
52,2.23816612086931,0.846862025464385,-0.601957409056175,0.91994552782092,0,0,1.23811848570121,0.422979444505213,-0.0471584878053725,-2.84215390521211,9
52,2.4632331050908,0.770850345445486,-2.59015525694035,0.91994552782092,0,0,1.45756523369132,0.67130830654967,-1.84649964828105,-2.04788838484718,10
52,2.70497171777315,2.17422497130202,-2.64627445314253,2.51321686687521,0,0,2.83747662382067,0.996758836031642,-1.92800440509051,-4.30258135391237,11
52,2.95087823757071,0.321467096594793,-0.21532671518923,2.51321686687521,0,0,1.0959628790692,0.226150359294333,0.207820184846459,-1.61269260469481,12
52,3.2092884787139,0.473738097653616,-0.352233302032086,2.97735334101061,0,0,0.969227529741126,-1.93518694445462,0.62255289543871,-0.277666487920706,13
52,3.48020244120274,0.0694763130743404,0.67724284177088,2.97735334101061,0,0,0.580576920242815,-0.643218002771126,1.27486607721981,-0.573710754059047,14
52,3.63858291158083,-0.948532378065565,0.89745798173696,2.97735334101061,0,0,-0.683583722321548,-2.90665084739745,1.89142244296041,-0.0961137895383266,15
52,3.76362012503721,-0.078588963316654,-0.0245673317181673,2.97735334101061,0,0,0.497634190006591,-0.836988286058054,0.313084393869375,-0.661341797924816,16
52,4.1804108365585,0.616515088254106,0.465660536614588,4.1332082875467,0,0,0.858359187754233,-0.0747452721539895,1.5689021854991,-0.586041407779897,17
52,4.45966061327776,-0.971530255060602,0.954159990007562,4.1332082875467,0,0,-0.27284818304406,-0.926119429059626,1.65708552645561,-1.38319389837772,18
52,4.66388806192319,-1.18773789578625,1.62962296067566,4.1332082875467,0,0,-0.316202767627571,-1.21229690356393,2.50404334527074,1.17988405959979,19
52,4.94730574575767,0.498588916117949,0.622377877082696,4.1332082875467,0,0,1.15121974513734,-0.371804119491418,1.54768898819507,-1.06794054841884,20
52,5.0556713307532,-1.58239450128137,1.12386705077181,4.1332082875467,0,0,-1.12495877259136,-0.767457389456414,2.33277710439005,0.234619559116568,21
52,5.41411134266151,-0.436718532642656,0.429570379344886,5.15098669139238,0,0,0.408481832860372,-0.447632471476562,1.14685188127218,-1.56136716780644,22
52,5.71003274784162,-0.442104324014153,0.0253877623299135,5.15098669139238,0,0,0.14725143764539,-0.646597284463178,0.572959401338159,-0.403470195208413,23
52,5.98094671033046,0.663600107161894,-0.52071009507431,5.15098669139238,0,0,0.994040277029302,-0.533243663043684,0.0334608359530819,-0.557803967856002,24
52,6.14766299493897,0.0787607611885476,-0.297634004235705,5.15098669139238,0,0,0.471209002737173,0.236499360319425,0.29413990603987,-1.05219601686982,25
52,6.25186067281929,-0.173673620887557,0.0554056293190385,5.15098669139238,0,0,0.134121027072336,-0.46963288383746,0.781110212196404,-1.7044743917485,26
52,6.66448347722536,0.27485547915699,-0.876930101955424,6.48002567350721,0,0,0.811249772124303,-1.00746278137052,-0.0798744726496765,-2.69877248039692,27
52,6.8061923191426,-0.350022674538514,-0.604241449626561,6.48002567350721,0,0,0.314312534760143,-0.86068428503693,-0.465291913554974,-0.565473796286679,28
52,7.07710628163144,0.381622476175008,0.237870873443172,6.48002567350721,0,0,1.37744621142317,-2.54175186288525,0.731643872504575,-0.973502205898303,29
52,7.32718070854421,-0.451792083221857,0.788615789666262,6.48002567350721,0,0,-0.18113314073054,-1.77850190157187,1.55971358149274,-1.05827495089544,30
52,7.72729979160464,-0.775678186551054,0.320801731573339,7.49676299049662,0,0,-0.0172238168699527,-1.20182753370717,1.1981430380122,0.918395471692489,31
52,7.92319142601965,-2.63937659887843,1.24898423638463,7.49676299049662,0,0,-1.78870443867846,-1.57412786198891,1.90651240334017,0.869612245834084,32
52,8.18993748139327,-1.16248391829299,1.21640638002865,7.49676299049662,0,0,-0.511400725186334,-0.912812920766867,2.04756978621016,0.234998286481735,33
52,8.32331050908008,-1.62307691744465,2.20820932849431,7.49676299049662,0,0,-0.507721897151246,-1.62316207041193,2.457696637607,0.198527364350692,34
52,8.51920214349509,0.403060962922341,0.385502259934105,8.50533638765068,0,0,0.876084983000335,-0.843252952793099,1.51443159868451,-1.36243228258935,35
52,8.83179517713605,-0.00886236229304158,0.0377355077530919,8.50533638765068,0,0,0.704005996548354,-1.73270641395948,0.777604381536182,-0.73014901378774,36
52,9.09020541827925,0.641444936695213,0.600337377959849,8.50533638765068,0,0,1.06436218777213,0.446773277596896,0.793483923085682,0.615227217277326,37
52,9.31527240250074,-0.869710361957017,0.118847889798616,8.50533638765068,0,0,-0.532425527070668,-0.107981891455136,0.797721955405572,-1.61477567301304,38
52,9.59452217922001,-2.01968954067107,0.887271426314369,8.50533638765068,0,0,-1.04297116045737,-0.555720815663075,1.7960455239642,-0.131276119074756,39
52,9.98630544805001,-2.35494507517952,2.47334675745255,8.50533638765068,0,0,-1.82037041694001,-1.86878433621398,3.03026395293668,-0.125733683694189,40
52,10.2113724322715,-0.743942784750604,1.29960826396408,10.0300277872548,0,0,-0.0580291163646368,-1.06777567932268,1.53777413670412,1.93948355054038,41
52,10.4406073236082,-1.37856139115414,1.55810121886058,10.0300277872548,0,0,-0.687892064638236,-1.23599480051058,2.6935823475805,0.490513511437985,42
52,10.6073236082167,-0.60905016078734,0.32200598032866,10.0300277872548,0,0,0.333695024696508,-1.37924513778368,0.53183488357962,-0.92954490201559,43
52,10.828222685323,-1.05169099839826,1.62367468967798,10.0300277872548,0,0,-0.0997963672270227,-0.724681915137811,2.47181688089652,0.609361359618283,44
52,11.0282822268532,-0.599547653015545,1.56394057083458,10.0300277872548,0,0,0.175751259032629,-0.179646716514459,2.76804648755808,-1.1232365643442,45
52,11.2991961893421,0.857812587694547,1.51235303113798,11.1852172310052,0,0,1.39686416461206,-0.107644234362897,2.57964330708388,1.052819747657,46
52,11.611789222983,0.0607659772673211,1.26269071327091,11.1852172310052,0,0,0.925811587161954,-0.881693422088236,2.23521827450087,1.10393129884759,47
52,11.9327180708544,0.828695165233128,0.756177879224803,11.729595717768,0,0,1.43153221241049,-0.870834214570226,1.11736716103449,-0.390142642421133,48
52,12.1577850550759,-1.70031715900099,0.679204409067245,11.729595717768,0,0,-0.823681489559368,-2.92979094772152,1.78849103628092,0.168194986881041,49
52,12.453706460256,-0.45319281926477,0.959024055746675,11.729595717768,0,0,0.218199010657285,-0.50013313757109,1.51922390925705,-0.410998310587076,50
52,12.7454599583209,1.66533058308287,-0.82788471528228,11.729595717768,0,0,2.10282533357814,1.14261843645433,-0.562097257473085,-0.940666480070278,51
52,12.9455194998511,1.76430279703554,-1.65476736595128,12.7773087363708,0,0,2.18890165753195,-0.432718025451082,-0.992070324626532,-1.87273052184278,52
52,13.0747246204227,0.398899624021811,-1.34639973702203,12.7773087363708,0,0,0.863380146994397,-0.582450216834836,-0.953736256956988,-1.97920109158977,53
52,13.4498362607919,-0.45236058583812,0.200667365664059,12.7773087363708,0,0,-0.202380908607134,-1.22508950938262,0.767986397684886,-0.0488420382567706,54
52,13.5081869604049,-0.158022653982525,-0.0814684650004314,12.7773087363708,0,0,0.372124664613781,-1.1241952803982,0.70492918558915,0.274321817426349,55
52,13.7582613873177,1.57683140441002,-0.892138833107779,13.6772944773547,0,0,2.0801397793078,0.860324523550808,-0.368977352604973,-1.40206417117316,56
53,0,1.5286082143643,-2.52522745461461,-Inf,0,0,1.40780932901957,-0.233519405029313,-2.83614449145264,-3.34038933439562,0
53,0.0375111640369157,1.50382918352631,-2.48507211088399,-Inf,0,0,1.61981189489109,0.403298138854125,-2.20682680640765,-2.44830219114179,1
53,0.254242334027985,1.32514894956986,-2.23151190787136,-Inf,0,0,1.13559429348978,1.33967682611759,-2.12093454047557,-4.52889658839871,2
53,0.629353974397142,2.2680222386228,-0.368952088302844,0.435301954345778,0,0,2.07366500542732,1.18115466521493,-0.360149654252179,-0.161018450043997,3
53,0.833581423042572,3.91840153314469,-1.0689067629401,0.680132881643322,0,0,3.53442125878518,2.12003248311267,-1.09004288434191,-1.18907217799364,4
53,1.09199166418577,1.94516439839124,-0.939900444524422,0.680132881643322,0,0,1.82970317395767,1.33947561789163,-1.0044310384528,-0.821234436127512,5
53,1.46293539743971,0.84298664132531,-0.91486083725148,0.680132881643322,0,0,0.840753612003218,1.12259193102528,-0.942159138936643,-3.46039659198743,6
53,1.66716284608514,0.427094422878158,-0.453815093746274,0.680132881643322,0,0,0.807910579950755,1.25670545902864,-0.674230462368298,-1.02423997119336,7
53,1.8463828520393,0.526535966422079,-0.335481589911311,0.680132881643322,0,0,0.434832730724232,1.4650677871602,-0.720052640181703,-0.613445157039032,8
53,2.1714796070259,-0.34381457480918,-0.193171067308426,0.680132881643322,0,0,-0.196456037101841,0.0784927468576913,-0.137787614379122,-1.9824313577262,9
53,2.27567728490622,-0.191199360199927,-0.243955633484991,0.680132881643322,0,0,0.171464648503148,-0.0576463661035604,-0.695020706144578,-0.377609635862205,10
53,2.61744566835368,0.371886071025619,-0.809684882009098,2.29788498985223,0,0,0.43342721283755,0.751519649425715,-1.54685601171354,-0.711670818853265,11
53,2.8508484668056,-0.743687629956165,-0.844735623847693,2.29788498985223,0,0,-0.788798547108404,1.28959878338852,-0.875729844340634,-2.66286637587716,12
53,3.03006847275975,0.310068528210663,-0.843188321546635,2.85087885832808,0,0,-0.00690932794195159,0.665121654324953,-0.619266844669412,-1.45757081839867,13
53,3.36766894909199,-0.769589910938185,-0.478175850356172,2.85087885832808,0,0,-0.930159840631883,0.498354311810883,-0.469191325485438,-0.69886512342474,14
53,3.68026198273296,-0.470779463244268,-0.69047636955257,2.85087885832808,0,0,-0.737212100352014,1.19200947904942,-0.845208459729206,-1.86178298048696,15
53,3.93033640964573,-1.02358822703889,0.237040723974008,2.85087885832808,0,0,-1.00067277745647,0.654075160036263,0.118509596609031,-1.12246506044277,16
53,4.12206013694552,0.304770109050711,-0.206615616610292,4.07822889081883,0,0,0.0387863795801531,2.08133985128241,-0.208128584908447,-0.363912582203914,17
53,4.36796665674308,0.591640775012997,0.588856069006377,4.07822889081883,0,0,0.379770868452805,-0.0129700321120325,0.964964131607723,-1.45744449219191,18
53,4.58469782673415,-0.68424179078011,0.702175928351428,4.07822889081883,0,0,-0.575037925193508,0.190290442315354,0.227950777596394,-1.54664036272885,19
53,4.9598094671033,0.625143187360706,-0.551902365884,4.07822889081883,0,0,0.186415814256786,0.562461569208224,-0.57691595951095,-2.76151267088959,20
53,5.00148853825543,0.597207760278431,-0.923472502408877,4.07822889081883,0,0,0.592424270106234,1.22813072413416,-1.00909006353812,-3.02417416245353,21
53,5.37660017862459,1.18598205615462,-1.84134219762166,5.20317024040537,0,0,0.808518788583534,2.16598946563458,-2.09912992870003,-1.9132696498155,22
53,5.61833879130694,0.0128395009383886,-0.950322837994581,5.20317024040537,0,0,0.0331055297750339,0.835574927189513,-1.13549716580935,-1.16127329910159,23
53,5.87674903245013,-0.103954500070595,-0.0416044116307543,5.20317024040537,0,0,0.043802336459507,1.05536218799618,0.108028228557995,-0.469956853839272,24
53,6.13932718070854,-0.843989667844683,0.761219136928581,5.20317024040537,0,0,-0.984154672937293,0.837163535041427,0.752878448625352,0.0167299057516994,25
53,6.38106579339089,2.53107183739963,-0.0990515130147185,6.30455821870217,0,0,2.16532356097268,2.26809288014172,-0.431019328790646,-1.24828256135478,26
53,6.5144388210777,2.02155804077289,-0.0139364667076551,6.30455821870217,0,0,2.09020634066517,1.27623666261144,-0.26793230205175,-0.443170838732075,27
53,6.91872581125335,-0.959980980390739,-0.11075383671629,6.30455821870217,0,0,-0.91655708346652,1.59682221647188,-0.14795316097854,-2.41286236433025,28
53,7.07293837451623,-0.539405583827701,0.745537541515265,6.30455821870217,0,0,-0.345148399305392,1.03610599036868,0.729854434293834,-0.0123101543078853,29
53,7.49806490026794,-0.457174733968015,1.66581542700365,6.30455821870217,0,0,-0.461585321253598,1.03648790720793,1.32109246597679,0.849252433462959,30
53,7.59809467103305,-0.474184400722854,0.977459173866419,6.30455821870217,0,0,-0.57016441381464,1.22992367867256,1.05730276061128,-0.136533637462926,31
53,7.94819886871093,-0.119787652250226,0.679562122177455,7.76585288223488,0,0,0.162629806591952,0.475889609886053,0.775354370427063,-0.299276492676458,32
53,8.24412027389104,-0.0566062188325112,-0.378350246118298,7.76585288223488,0,0,-0.108856620140987,0.489561236963551,-0.513285240301744,-1.69358487304365,33
53,8.30663888061923,-0.713643118977255,-0.512195106055381,7.76585288223488,0,0,-0.367845088046597,0.0651031254296373,-0.353914314088877,-1.84750255267158,34
53,8.63590354272105,0.928632055279789,0.0850178249193065,8.57059993323369,0,0,0.522192706316824,0.963740593493811,0.140601836282306,0.222057500625044,35
53,8.86930634117297,-0.722411204303564,0.0903910846073853,8.57059993323369,0,0,-0.703171452419401,1.1231966226971,-0.195216415791663,-0.967264604879318,36
53,9.20690681750521,-0.680264715407864,1.36825855803901,8.57059993323369,0,0,-0.75935803412303,0.293517755383284,1.33623431319506,1.1349627573633,37
53,9.398630544805,-0.125810446913631,0.947709693423595,8.57059993323369,0,0,-0.0894988004351924,1.2965660749001,0.922536692142542,0.505919645536037,38
53,9.50282822268532,-0.620233709227858,1.61020552508735,8.57059993323369,0,0,-0.577504197827045,0.558692304405499,1.66058136141202,0.507529254823931,39
53,9.91128311997618,0.881724164777771,0.287438181488078,9.68824120779307,0,0,0.806891203429226,0.714795349854907,0.838960551147572,0.189484761402583,40
53,10.182197082465,0.335433793880561,-0.237346552782011,9.68824120779307,0,0,0.430416665421392,0.993182430854442,-0.989393399369015,-2.17302856026627,41
53,10.319738017267,1.13499625175803,-0.0478930423256161,9.68824120779307,0,0,1.05204731683136,0.3721015672754,0.0405626977297058,-1.94457946359394,42
53,10.6531705864841,3.30712143973881,-2.0793450721729,10.6495374628862,0,0,3.076238241844,3.10780263466228,-2.02191603666181,-1.99101549504729,43
53,10.7948794284013,2.30683466605541,-1.26934078574705,10.6495374628862,0,0,2.13502600509574,1.11053305077166,-1.46909259542756,-2.85017743309252,44
53,11.16165525454,0.180515352667029,0.486605443663065,10.6495374628862,0,0,-0.141742374677359,0.270960424835926,0.596814714504772,-0.504112452020361,45
53,11.4617445668354,0.510831541051195,-0.0378974294053441,10.6495374628862,0,0,0.868347073084869,-0.791828766813107,-0.0129729266573432,-1.83359328921439,46
53,11.7326585293242,2.77152179781975,-0.411973796935445,11.6122070404271,0,0,2.34075729307952,0.891297138595131,0.0481244129945796,-1.56919152967561,47
53,11.924382256624,1.57923807096271,-0.45995966341081,11.6122070404271,0,0,1.29391808998539,1.96789641423886,-0.769841446774753,-1.3148623968427,48
53,12.0535873771956,2.32228469241284,-1.05510613261805,11.6122070404271,0,0,1.80254022002138,1.58508072786229,-0.683085536990376,-2.24889090630447,49
53,12.4912176242929,1.5141736031657,-1.25505347711091,11.6122070404271,0,0,1.21054311509197,1.39643284313167,-1.27354197599064,-2.110718439397,50
53,12.6746055373623,1.015774633431,-0.473038134724486,11.6122070404271,0,0,0.718839056346162,0.490382017568396,-0.596811878297244,-1.87590223200204,51
53,12.8996725215838,0.423161898649883,-1.01291745629362,11.6122070404271,0,0,0.562586246933308,1.19646920037387,-1.21135535301989,-1.91875391928881,52
53,13.0497171777315,0.416403949445176,0.245125071303375,11.6122070404271,0,0,0.213555953906336,0.519561972926255,0.373406253339731,-0.0148930313256098,53
53,13.3164632331051,1.65718384792864,-2.90050668633563,13.1881328629813,0,0,1.60221489971482,1.63619248414522,-2.75809253673302,-4.00121333933173,54
53,13.7499255730872,1.2238658011918,-1.12170547908547,13.1881328629813,0,0,1.01290594643619,1.6131925059277,-1.05553334101361,-2.28514143272681,55
53,13.9916641857696,1.35400352193069,-0.408425082935417,13.9187888324377,0,0,1.47213956717836,2.01452802743883,-0.811211504301336,-4.03018049651493,56
54,0,0.41796332328274,-0.640519467226237,-Inf,0,0,1.5840092547902,1.06424785248494,-2.75635382495679,-1.0840398433604,0
54,0.125037213456386,1.97321333426287,-1.59259490205353,0.108979910274502,0,0,2.9875260160876,1.06875557098203,-3.18956400852746,-1.85905824501084,1
54,0.387615361714796,0.793149935514958,-0.11704265785853,0.108979910274502,0,0,1.82641513258767,0.0553284192941697,-1.60979776201012,0.745151344318693,2
54,0.729383745162251,-0.601037233295538,1.49502703536654,0.108979910274502,0,0,0.666889656029281,-0.316435681961476,-1.07761374435605,0.898508561725963,3
54,0.833581423042572,0.610772597891231,0.483272397722417,0.748834573894811,0,0,1.51522134972281,0.24915733410768,-1.20213865410918,-0.907871417242258,4
54,1.04614468591843,-0.88254841535653,-0.180794722100006,0.748834573894811,0,0,0.308452840659825,0.124532576377107,-2.08351747428813,-0.590043920754662,5
54,1.2962191128312,-1.01092652478748,0.770897977329694,0.748834573894811,0,0,0.381416704873237,-0.474943734077069,-1.22888279151074,-0.519506389587347,6
54,1.65882703185472,-1.66126845487262,0.797291542151171,0.748834573894811,0,0,-0.278541623117307,-1.20489169688894,-1.49801040837449,0.62793332295626,7
54,1.76719261685025,-1.34516063413852,0.733665907589816,0.748834573894811,0,0,-0.188856410452659,-0.497258719971198,-1.57250106523659,0.0952347578738647,8
54,2.11729681452813,0.56193198072182,-0.110360523081915,0.748834573894811,0,0,1.79500391976242,0.625581215743934,-2.09870933279266,0.891753313785214,9
54,2.4298898481691,1.33299090334714,0.420107728562324,2.18999237240865,0,0,2.20290421503295,1.25583768341365,-0.87582235568836,-1.41506523991232,10
54,2.53408752604942,1.53892441656536,-0.106219713925312,2.18999237240865,0,0,2.34835411256723,2.64772639314138,-2.09381943898949,-1.08735708277613,11
54,2.84251265257517,1.38805059566556,0.193145110971978,2.18999237240865,0,0,2.21318319905451,1.883317040736,-1.57420384749612,0.0832540121713924,12
54,3.10092289371837,0.749414998022206,-1.41328246878931,2.18999237240865,0,0,1.79898584367053,1.13760299410443,-3.26019895503642,-1.96824979723579,13
54,3.33432569217029,-0.685249784289687,-0.019281266811367,2.18999237240865,0,0,0.341716259472707,0.6258458416627,-1.86275050328411,0.234952073393128,14
54,3.68859779696338,0.868799617586867,0.1877129355915,3.58651891133676,0,0,2.08378883990772,0.539036056763169,-1.82578701434261,0.384810040374572,15
54,3.98035129502828,-1.93568619032458,0.759971212649896,3.58651891133676,0,0,-0.599928698018562,-1.87220459232113,-0.826037206766567,-0.28086965845281,16
54,4.04286990175648,-2.29507414327231,1.38810791394726,3.58651891133676,0,0,-1.33846940125848,-0.923353550758786,-1.14943355804577,0.208997739799724,17
54,4.3429592140518,0.156096507881279,1.96277645041576,4.10755609357013,0,0,0.87468574858035,0.111047777682566,0.31406724722173,0.835718936307355,18
54,4.55135456981244,-1.01102869521327,1.79347804599116,4.10755609357013,0,0,-0.173514030321195,-0.141377823163517,-0.286992272166591,1.92841300216864,19
54,4.84727597499256,-1.6019102047236,1.29100626026246,4.10755609357013,0,0,-0.227587398632652,0.000119264346330084,-0.142230715268576,-0.582254727132379,20
54,5.24739505805299,-0.192519148045175,1.26515673105495,4.10755609357013,0,0,0.637977149012356,0.0972269422977224,-0.728278977017761,1.60184990248752,21
54,5.29740994343555,0.315640181622434,1.16618282215556,4.10755609357013,0,0,1.13186225317834,0.107950102440485,-0.959719833282759,0.501209849785811,22
54,5.59749925573087,1.653205555291,0.549064815059488,5.3855952280484,0,0,2.77003949284093,1.71298810104734,-1.43080404330716,0.507732730757991,23
54,5.85590949687407,-1.3442310780141,1.02460851612107,5.3855952280484,0,0,-0.0195173919502988,0.415452451281897,-1.37852519557224,-0.271369690373885,24
54,6.17267043763025,0.455059104427727,0.542401769310482,6.10164097145988,0,0,1.35145320327907,1.35708833373356,-1.11952683482705,0.40909817798841,25
54,6.47275974992557,-1.62074783816715,2.20517985497035,6.10164097145988,0,0,-0.652259398051124,-1.03048744155221,0.0214175037409296,1.0291339718332,26
54,6.73116999106877,-1.3798454362508,1.32831399157409,6.10164097145988,0,0,-0.183308542544738,-0.60036858119329,-0.880739689499391,0.908975885409473,27
54,6.8395355760643,-2.28391226387498,1.41235600537004,6.10164097145988,0,0,-1.01841864203536,-0.814282576058226,-0.0483688190893807,0.77694908129796,28
54,7.02709139624888,-1.80393393205875,0.906590204901346,6.10164097145988,0,0,-0.83441069572885,-1.41042650287905,-0.628114781372124,0.662832813915463,29
54,7.49806490026794,-0.378114494240871,-0.00216625826244396,7.17439569880863,0,0,0.911019110747649,-0.387033496408074,-2.11778714712789,0.754954312074603,30
54,7.61893420660911,-0.351916955966765,0.972952769957538,7.17439569880863,0,0,1.30423789344863,1.0287971174235,-1.28697046620319,0.610949555969072,31
54,7.83983328371539,-2.37764474946022,1.1663151458089,7.17439569880863,0,0,-1.33804787625211,-0.634176449597762,-1.05716495493767,1.17302856025719,32
54,8.16076213158678,-1.31113613347353,2.1554490113824,7.17439569880863,0,0,0.0291874201610267,-0.368815364333375,0.0230757855604367,0.765540330301446,33
54,8.31914260196487,-1.35953784348388,1.74414925887587,7.17439569880863,0,0,-0.409892582234351,-0.97114953210086,0.490309811123771,0.359370041015801,34
54,8.5233700506103,0.0067963694964947,0.608828966786763,8.44650922274181,0,0,1.29307066976097,0.681536945503954,-1.56095890777636,0.262013196899417,35
54,8.76094075617743,-0.974525200005214,0.685832389714734,8.44650922274181,0,0,0.211346650530061,-1.51644236788654,-1.55060945361408,0.968546626944464,36
54,9.19440309615957,-0.0498707061504399,0.00927045098471439,8.44650922274181,0,0,1.18010787337247,1.05157084256776,-1.89323150770065,-0.290447104194813,37
54,9.4944924084549,0.0260615822292394,-0.853745931292439,8.44650922274181,0,0,0.984950442266538,-0.282260515123278,-2.70942198839564,0.486437764953594,38
54,9.54033938672224,0.175294592979563,-0.838811698015086,8.44650922274181,0,0,1.04266845068982,-0.0845879963157736,-2.90867258346397,-2.45845841280794,39
54,9.79874962786544,-0.0614076590318006,-0.0149083750899707,8.44650922274181,0,0,0.877365608370075,-0.89609329916391,-1.8308984044516,0.917031784785772,40
54,10.1530217326585,2.75601913204917,-1.15611577884342,10.0502951203684,0,0,3.31116136103585,1.31099176656731,-3.18234251571515,-2.03234290862385,41
54,10.4697826734147,1.17235631801045,-1.63940468091667,10.0502951203684,0,0,1.9498185479971,0.581485773449095,-3.30213067677651,-1.90696985894493,42
54,10.7198571003275,1.78030985642615,-1.70395012784705,10.5335724559899,0,0,2.62967435857596,0.848357930685927,-3.71136739400704,-2.69505164123692,43
54,10.8157189639774,0.911186344582453,-0.949901352239551,10.5335724559899,0,0,1.71247897296802,0.992439055286743,-2.62126416542246,-1.15924334888427,44
54,11.2491813039595,-0.106705283060309,0.27495797935581,10.5335724559899,0,0,1.22683996795597,0.0680547241458981,-1.59027521125853,0.201639208591061,45
54,11.357546888955,-0.699173511808611,-0.439073345779709,10.5335724559899,0,0,0.708692790849004,0.310244681549221,-2.59927005692461,-0.688316064222287,46
54,11.5200952664483,1.95764697908374,-0.825062042139647,11.4205496286776,0,0,2.35145552902235,1.42984318004097,-2.30504886166332,-1.47584753416984,47
54,11.786841321822,-0.522165664576501,0.0453374155641627,11.4205496286776,0,0,0.638028806970114,1.95630997485605,-1.79430781909129,-0.612707104121201,48
54,12.0327478416195,-0.276786632940912,0.303772449824763,11.4205496286776,0,0,0.796205522339031,0.439071878089579,-1.64194543495698,-0.280206058410686,49
54,12.2869901756475,0.0475494724368428,0.41491815597528,11.4205496286776,0,0,1.38176252512877,-0.21653765577748,-1.90344045130239,0.368532623245796,50
54,12.649598094671,0.0733837269943182,0.103036282950857,11.4205496286776,0,0,1.30516391694629,0.5149316573681,-1.31927850707155,-0.957267612463383,51
54,12.7788032152426,-0.57506444908093,0.146803086401284,11.4205496286776,0,0,0.791402259322863,0.942000466558271,-2.09628059476697,0.295999682597566,52
54,13.0580529919619,0.188826350401619,0.635083450957212,11.4205496286776,0,0,1.22597743113652,0.69961818447523,-1.30294774281161,-0.2820521821067,53
54,13.4039892825246,1.35768328962213,-1.27698159835543,13.1973129900889,0,0,2.36761019608395,0.417964811707927,-2.79769108756585,-1.2309343457004,54
54,13.666567430783,0.961272947079027,0.390986929423062,13.1973129900889,0,0,2.17203701915536,1.13749328450399,-1.52263600115646,1.54396020897529,55
54,13.8249479011611,2.23573337348645,-0.859591568896472,13.7561454759561,0,0,3.25222957762255,1.65159581191748,-2.82575432390815,-1.74800479495613,56
55,0,-1.1905981949573,0.27443272642264,-Inf,0,0,-1.37496583976703,-0.933404808148321,-1.13331751881133,-0.653016738958602,0
55,0.00416790711521286,-1.2964295303949,0.326271914177275,-Inf,0,0,-1.58453306551002,-1.29026040598675,-1.22429053934459,-0.0176362234710238,1
55,0.46680559690384,0.531515239545352,-0.793452894474418,0.290627681650221,0,0,-0.0431835413021454,0.0445269351588444,-2.15373070113717,-1.43140434305876,2
55,0.591842810360226,-0.297765331607043,-0.196203903492623,0.290627681650221,0,0,-0.689770523679489,-1.63222346215118,-1.47860222602649,-1.77288207855921,3
55,0.900267936885978,-1.38800502337293,1.1468654007405,0.290627681650221,0,0,-1.41464867438221,-1.45460975624831,-0.287135371126336,0.285756891380987,4
55,1.19202143495088,-1.13633097716834,2.12187781495934,0.290627681650221,0,0,-1.0795538061743,0.131228256970714,0.596793694943449,0.338423118882366,5
55,1.47543911878535,-0.0114002887369303,0.788207589361013,1.40206735473878,0,0,-0.403999698454517,-1.97212671311442,-0.606493359039049,0.328909992052281,6
55,1.65049121762429,0.314938535637923,0.795399162541592,1.40206735473878,0,0,-0.107461688211675,-0.106489267448926,-0.972986106364326,-1.87239082960912,7
55,1.86305448050015,-0.428015238449325,0.973333210756992,1.40206735473878,0,0,-0.946827171114598,-0.956439051822998,-0.135052422829,0.473592634905565,8
55,2.10896100029771,-1.05915101859859,1.65523144446004,1.40206735473878,0,0,-1.41203332233714,-1.55631388168117,0.42978335863394,0.635319334459047,9
55,2.38821077701697,-0.798179123156617,0.873235526032655,2.21669657465178,0,0,-1.35461749240031,-0.493475168612294,-0.839992517067114,0.139089843964496,10
55,2.72581125334921,-1.9175727748813,0.951524495629444,2.21669657465178,0,0,-2.68507735417337,-1.41931895016876,0.00728817693923722,0.71522285289138,11
55,2.95087823757071,-3.34190851715124,0.439552623276131,2.21669657465178,0,0,-3.18126083296117,-2.31563167330996,-0.669620068513667,-1.03126638437624,12
55,3.20512057159869,-1.71150655144592,2.52513910430297,2.21669657465178,0,0,-1.97146692592569,-0.967736808532767,1.28748993316641,0.336508028805736,13
55,3.49687406966359,-2.29784949673085,1.01880074389283,2.21669657465178,0,0,-2.43292781452574,-1.60099967415805,-0.51983543516009,0.417505315396049,14
55,3.51354569812444,-2.45562462505966,1.2628762803994,2.21669657465178,0,0,-2.82728446688269,-1.77270188422426,0.0443761982158256,-0.641056251936354,15
55,3.93867222387615,-0.283414269253622,1.14045818389442,3.55574687634989,0,0,-0.55246345788774,-1.88591337616874,-0.0293563966806065,-0.195377087223689,16
55,4.07621315867818,-0.197983958724943,2.35493807101988,3.55574687634989,0,0,-0.0250442991532357,-1.40293090101806,0.574320662031165,0.630431110244502,17
55,4.49300387019946,0.358398430457215,-0.60210208057594,4.32667688859376,0,0,-0.352711781837145,-0.467923231726637,-2.45190448955476,-1.06241060448768,18
55,4.55135456981244,1.20679955872262,-0.490508109625158,4.32667688859376,0,0,0.877247431189257,1.02714788391273,-1.81592648953659,-0.997592751807882,19
55,4.86811551056862,1.68667841016338,-0.299665936268343,4.32667688859376,0,0,0.803269856631933,0.85903316947869,-1.5753207230855,-0.815555194645447,20
55,5.16820482286395,0.949989841309049,0.180502467867465,4.32667688859376,0,0,0.468380407049398,-0.680869583102562,-0.990081540136781,-1.97990674877951,21
55,5.35576064304853,1.41622049036219,-1.14421463258086,4.32667688859376,0,0,0.730064131988682,-0.208456370894032,-2.64142704030977,-2.22053507137582,22
55,5.64751414111343,0.489617115855087,-0.474400282910961,5.37000404199621,0,0,0.355930952867734,0.16471221595955,-1.86837918883757,-0.590520008206157,23
55,5.82673414706758,-1.15119964683686,0.759121679645309,5.37000404199621,0,0,-1.27820263070132,-0.979519723955859,-1.14399599580168,-0.0219552321528165,24
55,6.13515927359333,-1.28272299533864,2.10729098821693,5.37000404199621,0,0,-1.78294356270401,-1.55028163608206,0.338185695949475,1.56199342574783,25
55,6.32271509377791,-1.85285631272985,1.73360347875465,5.37000404199621,0,0,-1.82470852325747,-1.13495782443731,0.554922853377942,-0.00529552676633671,26
55,6.70616254837749,0.320173874321188,-0.579974072256897,6.50610443909044,0,0,-0.378660439234993,0.321144214480198,-1.90827714853632,-1.97366678553005,27
55,6.76451324799047,-0.178102811539991,-0.484452063400108,6.50610443909044,0,0,-0.183474822007928,-0.737734143583179,-2.11966645754964,-1.27035608460438,28
55,7.13962488835963,-1.56146797488641,0.144430235733457,6.50610443909044,0,0,-1.82622006135336,-1.30819154373745,-1.26988476868096,-1.096474119514,29
55,7.47305745757666,-0.773189581837228,0.984791572187363,6.50610443909044,0,0,-1.57484776081335,-1.37015244133439,-0.551392788412369,0.2795381261388,30
55,7.74813932718071,1.25393616715687,0.802021010447599,7.52465770504115,0,0,0.791285868713914,0.832286342116659,-0.413931376421839,-0.468997523785131,31
55,7.7773146769872,1.05847184094491,0.799289690952602,7.52465770504115,0,0,0.652327021176648,0.241485362491932,-0.750545181530233,-0.668333250435381,32
55,8.14409050312593,0.126867914546522,0.31161282461169,7.52465770504115,0,0,-0.35247991061421,-1.6300711493028,-1.55253291906247,-0.639282622892049,33
55,8.34831795177136,1.83988923010856,-1.24966943812128,8.21573701380716,0,0,1.31673431861111,0.230259431840699,-2.64884590717444,-1.24253972496356,34
55,8.50253051503424,0.346601908732846,-0.506576074178912,8.21573701380716,0,0,-0.0680209014466263,-0.394958380438766,-2.01405279630385,-0.809357746005472,35
55,8.84013099136648,0.168946755229491,-0.123960389770288,8.21573701380716,0,0,0.0976697339718334,-1.771034972362,-1.16838331949638,-0.359726124571104,36
55,9.09020541827925,0.234905619959348,-0.513863653971133,8.21573701380716,0,0,-0.0984671343997308,-0.398094843877963,-2.20116285385148,-0.92472691930053,37
55,9.27776123846383,1.09224849795406,-0.840067731162336,8.21573701380716,0,0,0.823310983785285,-0.0931787481434042,-1.91627916252517,-0.71733648840755,38
55,9.7237272997916,2.12415388076599,-0.590892923716444,9.40223448633467,0,0,1.87689704554701,0.23367648476757,-2.17045381562282,-0.597762355294993,39
55,9.83626079190235,1.54534243213591,-0.501098742991527,9.40223448633467,0,0,1.06201489739304,0.367456228075793,-1.96748292819856,-1.86877877303627,40
55,10.1947008038107,2.43675974083462,-1.58077194589069,9.40223448633467,0,0,1.7688560936326,1.19299401281949,-2.48857983602823,-2.15916283683361,41
55,10.4531110449539,1.48773315318361,-1.79344060904345,9.40223448633467,0,0,0.7521912082354,0.100545198634837,-2.98125999333485,-2.45724522507623,42
55,10.5698124441798,1.09940347453457,-2.29421651151351,9.40223448633467,0,0,0.438281000507303,-0.495088668350254,-3.48009918670019,-3.53338728090158,43
55,10.8907412920512,2.67834229619219,-2.2257955225862,10.7262006807195,0,0,2.06901082361646,1.93548467511276,-3.2977421511467,-2.46179143527642,44
55,11.0366180410837,2.17605642720706,-1.85379358266747,10.7262006807195,0,0,1.57435951295146,0.771526999387166,-3.45085865167806,-2.10411331489304,45
55,11.336707353379,1.48158886710693,-1.08306448132595,10.7262006807195,0,0,0.919131187019237,0.467945975550707,-2.44047278634254,-2.00483958925073,46
55,11.532598987794,0.135322309138568,-1.25993601991617,10.7262006807195,0,0,-0.412627120960373,-0.704220616522215,-2.90821427535111,-1.43126599080659,47
55,11.9910687704674,0.404039618197559,0.269640263481336,10.7262006807195,0,0,-0.105500836073876,-0.139957946616911,-1.10870084067062,0.362052732085237,48
55,12.1452813337303,2.58090850003385,-0.882644133312498,12.037224159859,0,0,1.99945454655955,0.448691153100278,-2.20953170627455,-0.889541061663289,49
55,12.4286990175648,1.87124768996905,-1.7785023885967,12.037224159859,0,0,1.14945121867305,-0.0121763567297478,-2.82807887894164,-2.63533550055003,50
55,12.5162250669842,1.30100589743494,-0.99536501750306,12.037224159859,0,0,0.71349760268559,-0.190947183440652,-2.40332750377926,-1.11128768495676,51
55,12.8121464721643,1.50969758732549,-0.834130071926641,12.037224159859,0,0,1.11025427633103,-0.343245153247123,-2.38850565047311,-1.59299225833637,52
55,13.1247395058053,1.22943161879038,-1.23719978518305,12.946426483781,0,0,0.683234883646009,-1.16632621509767,-3.00572491153449,-1.74812813977394,53
55,13.353974397142,0.800282480059011,-0.141462630525478,12.946426483781,0,0,0.349838844583788,-0.656692422842635,-1.84973345042581,-0.497510975711957,54
55,13.6790711521286,0.332844767645805,0.128852285990445,12.946426483781,0,0,0.0103738779389511,-0.343698804050059,-0.741042011143232,-0.259921702307613,55
55,13.9624888359631,0.190781629227405,0.124053625245279,13.7733858040767,0,0,-0.034454355634706,-1.39140675631731,-1.2783961629775,-0.260085313310483,56
56,0,-1.54619596334512,1.90210828288302,-Inf,0,0,-1.53991412827803,-1.70189124315413,1.24094036692125,2.68740759536993,0
56,0.133373027686812,-1.66919429788807,1.37157138944969,-Inf,0,0,-1.73120378629116,-0.857061950162017,1.12593113508027,2.11279389348671,1
56,0.316760940756177,-1.03401132147722,1.65920104276937,-Inf,0,0,-1.30165797199219,-1.05187452211479,1.65248566793985,2.4204120226799,2
56,0.583506996129801,-0.380887790470491,1.48667692159289,0.374174166459125,0,0,-0.771295673712281,-0.962033890209485,0.973603362978632,2.93926060165833,3
56,0.958618636498958,-2.82670874760762,2.12409454339158,0.374174166459125,0,0,-2.80555030096647,-2.28356313827671,1.85742699033414,1.93547803076061,4
56,1.21702887764216,-2.62636333589264,2.13707417947111,0.374174166459125,0,0,-2.3265876795096,-2.19648653251692,1.49795524281092,3.41084522936945,5
56,1.3295623697529,-2.70338562554506,2.22098352013748,0.374174166459125,0,0,-2.28646765702426,-2.73553321670739,1.81856924989886,3.43117995780665,6
56,1.63798749627865,-0.435078399616588,1.39585605018117,1.36105556690421,0,0,-0.449083838130013,-1.0594721244271,1.18747758135247,2.57198332763088,7
56,1.85888657338494,-0.261659011741117,-0.249607791882835,1.36105556690421,0,0,-0.266809671158757,-1.95730462027587,-0.942535166245296,-0.0446265610206268,8
56,2.05061030068473,0.500323064710577,0.101209380756367,1.36105556690421,0,0,0.559159136433789,0.23122521407542,-0.402644137685535,2.06140544311774,9
56,2.3006847275975,-0.349039909937497,0.4683166547093,1.36105556690421,0,0,-0.0984498032683747,-1.9146812538561,0.247564440336192,-0.156525781238047,10
56,2.51324799047336,2.15189178782477,-0.962766385815088,2.48533371097516,0,0,1.45499353105718,0.498442202721015,-1.63892010428273,1.04766294090754,11
56,2.9800535873772,0.396224037885361,0.0335172124546487,2.48533371097516,0,0,0.0912358374568585,-0.491286806184928,-0.539844367261491,0.455960590629749,12
56,3.22179220005954,1.66164632293527,-1.48437375085038,2.98616470524038,0,0,1.21646095816131,-0.415763886571075,-2.41216260163626,-0.399791614709866,13
56,3.48853825543316,0.526657715026419,-0.225590840609323,2.98616470524038,0,0,0.379945657877488,-1.0634085470745,-0.837815708054504,0.843251956205409,14
56,3.58440011908306,0.0303998416160136,0.248135262219531,2.98616470524038,0,0,0.0274086882105305,-1.02475499881979,-0.0301050480144426,1.44814635998486,15
56,3.82613873176541,-1.48956472540888,-0.145921351172068,2.98616470524038,0,0,-1.15080038868939,-1.04064574630043,-0.484258993110845,0.670225307717273,16
56,4.22625781482584,1.71036797251844,-0.773238516442232,4.17873005393642,0,0,1.69203439481238,-0.616425993362256,-0.450464516263321,0.274148812323807,17
56,4.3429592140518,1.21665359815551,-1.59810894115945,4.17873005393642,0,0,0.941258743629787,0.354550262873575,-2.25216290309035,-1.57561692619203,18
56,4.70556713307532,-0.594081670128426,-1.14028000221146,4.17873005393642,0,0,-0.788804866129499,-1.27886839584223,-1.62239462616521,-0.349488525737501,19
56,4.8931229532599,-1.07171699266066,-0.022644330216678,4.17873005393642,0,0,-0.941377833606411,-2.31025426612049,-0.690618221521955,0.873266098893009,20
56,5.09735040190533,-0.809806502315979,-0.0222938586380891,4.17873005393642,0,0,-0.309377295799184,-1.52289927567807,-0.643634025113237,0.484416055402995,21
56,5.3807680857398,1.32040716058683,-1.12828729485632,5.2114461120827,0,0,0.792591165653685,1.09147351770956,-1.57902671670765,-1.43985400942347,22
56,5.71420065495683,-0.588823382481375,0.759823198955454,5.2114461120827,0,0,-0.536731308474499,-1.02844430843506,-0.10585396091059,1.47476584644094,23
56,5.75171181899375,-0.794739519271055,0.604102990173556,5.2114461120827,0,0,-0.688375682286888,-0.95556756635712,-0.631184874851349,0.742641569896898,24
56,6.16433462339982,-1.05593659865431,0.903112264624973,5.2114461120827,0,0,-0.673753170121866,-1.19395357706648,0.107906844299377,1.46599244914393,25
56,6.33938672223876,0.934946487258444,-0.396307927698466,6.18830662322087,0,0,0.598580076634948,0.210423797634446,-1.01362118183916,0.991316398633697,26
56,6.58529324203632,-0.917854220480267,0.314509767056747,6.18830662322087,0,0,-0.96158541281316,-0.647702305276415,-0.186916011891363,0.97473659323677,27
56,6.84370348317952,0.00198532081930909,0.435903289539694,6.18830662322087,0,0,-0.0831552871594958,-1.63043197948702,0.0988896878316912,1.31514547110913,28
56,7.10211372432272,0.898356044625037,-0.563128580142905,6.18830662322087,0,0,0.597320936053944,-0.863294431483418,-1.11002080425438,-0.612144919137174,29
56,7.35218815123549,1.91215908125717,-2.20547114371906,7.16666893357089,0,0,1.56467433565639,1.0551134056236,-2.88562826061184,-0.267516929467172,30
56,7.52307234295921,0.932171035762924,-1.67680201771137,7.16666893357089,0,0,1.00163515574742,-1.37124264466579,-2.21166496041926,-0.014402557413979,31
56,7.81482584102411,0.218380739838176,-0.364537265943585,7.16666893357089,0,0,0.316456158808257,0.0704225529410658,-0.898287735696661,0.493230564837921,32
56,8.01071747543912,-0.0572584029215595,0.540763180938312,7.16666893357089,0,0,-0.244384572776039,-0.0595310937507878,0.016505740635228,2.63911886196155,33
56,8.2649598094671,2.46497445273758,0.0858686134743279,8.25607709876226,0,0,2.12484490940569,2.29598321060953,0.058051038990238,0.305106971287658,34
56,8.63173563560584,1.78326873305388,-0.583037548283635,8.25607709876226,0,0,1.60197779917803,-0.428244134508301,-0.638213040451375,0.424006325525113,35
56,8.96100029770765,1.16412527286501,-0.448971017859284,8.25607709876226,0,0,1.19051754345652,-0.467423967219336,-0.721545893786791,0.621387964088386,36
56,9.06936588270319,0.641431276170388,-0.880273939961815,8.25607709876226,0,0,0.379554269965946,0.379117268823676,-1.72137653244618,-1.19149061196288,37
56,9.29860077403989,-0.71767352689322,-1.45065316668958,8.25607709876226,0,0,-0.527705259956388,-1.95202167270295,-2.246640056565,0.289235311546645,38
56,9.58618636498958,1.46914890483609,-1.34746856332485,9.47634521139105,0,0,1.30387841796428,1.12526332363322,-1.58665006120441,0.187170131138924,39
56,9.79874962786544,1.53163644767418,-0.922156255970669,9.47634521139105,0,0,1.30527438660891,2.35608183336165,-1.40176907396119,-0.998831046144914,40
56,10.1530217326585,-0.852204262229329,0.566010075470072,9.47634521139105,0,0,-1.01467734433357,-1.59918000515106,0.046069044264036,3.20537128736609,41
56,10.3322417386127,-0.567388748658974,0.866644029219867,9.47634521139105,0,0,-1.0055933362404,-0.396253067565865,0.580971653333918,1.34817307733087,42
56,10.5323012801429,-0.666444661120901,1.08331956813131,9.47634521139105,0,0,-0.921449090432781,-0.3858325348399,0.178755004404595,2.89391069221856,43
56,10.9157487347425,0.648562777566165,0.968562645053032,10.7277933596687,0,0,0.466929049752275,-0.693465964165499,0.289009485562071,1.62463614727312,44
56,11.1783268830009,-0.136214968746524,1.56959882695659,10.7277933596687,0,0,0.15881324988049,-1.41408253611852,0.667196224889153,2.77873700315151,45
56,11.3617147960703,-1.60781804480416,0.210257017495613,10.7277933596687,0,0,-1.61691679268389,-1.16979989401972,-0.0886564792222582,1.13566599813135,46
56,11.5451027091396,-1.05880165461737,0.677885417711452,10.7277933596687,0,0,-0.960281865080745,-1.50575553895803,0.293685362041716,2.10300182166878,47
56,11.8201845787437,1.48890238456714,-1.01670895883005,11.8015890422779,0,0,1.24962874528798,-0.110201305516909,-1.55675319217398,-0.697091224430245,48
56,12.0077403989283,0.453123880936906,0.311830258362272,11.8015890422779,0,0,0.590618175159561,-0.411743845650467,-0.220101307173682,0.531301675367329,49
56,12.316165525454,0.361975530236528,-0.0168491772674543,11.8015890422779,0,0,0.563331403894015,-0.281666796343115,-0.276820621314837,1.37343151152948,50
56,12.5454004167907,0.87936501798667,-0.235262381583286,11.8015890422779,0,0,0.688000024625565,-0.327119761009874,-0.353225995672979,0.220095435807979,51
56,12.9163441500447,1.27489164586696,-0.926203850081948,11.8015890422779,0,0,0.609188605113623,-0.250577364250926,-1.54144166415189,0.793450705476166,52
56,13.0497171777315,2.57751257441654,-1.90680677813225,12.9792439424451,0,0,2.40319498793823,1.09948122766833,-2.5885361000749,-1.30640513373731,53
56,13.3789818398333,1.42716024749312,-2.49832751939989,12.9792439424451,0,0,1.32687554058939,-0.727371446959792,-2.81866656618728,-0.251721433071284,54
56,13.7332539446264,2.18572320086642,-2.5524454282387,13.6319728712318,0,0,1.67522927701528,1.13052458744994,-3.62097583818235,-0.768657707237611,55
56,13.9166418576957,0.56436111192217,-2.5184819088323,13.6319728712318,0,0,0.577931238377905,-1.02143528312977,-3.44711888369308,-1.41170376105887,56
57,0,1.1460382728641,-1.32361170256968,-Inf,0,0,0.846281418186102,0.376675192306474,-0.359978276646455,-1.82256165657311,0
57,0.208395355760643,-0.226285500706534,0.00825633943046805,-Inf,0,0,-0.302720320486055,-0.173116240671146,1.33620896697295,-1.66246678009833,1
57,0.387615361714796,1.77658721492534,-0.264811759292726,0.348697277891915,0,0,0.857052064991483,1.11925756152152,1.0491294398903,-0.779175672966337,2
57,0.721047930931825,-1.18077972455726,0.66998521418578,0.348697277891915,0,0,-1.3808635301331,-0.76950865287054,1.06767372619709,-0.454463772457612,3
57,0.996129800535874,-2.07964255731858,-0.567664529867748,0.348697277891915,0,0,-1.69054767968245,-0.0916555106134969,0.278699558067158,-0.990909053014798,4
57,1.00029770765109,-2.00866195554957,-0.31454341053188,0.348697277891915,0,0,-1.88903894561848,-0.891370949324567,0.944858770486683,-1.41473835024999,5
57,1.36707353378982,0.542147154846874,0.271939800879534,1.31016252713564,0,0,0.384146275491197,0.90978628635777,1.01974745154905,-1.3189370027574,6
57,1.53795772551355,1.15017587977163,-0.671525911692106,1.31016252713564,0,0,1.00152618938712,-0.317683773976456,0.341166760263098,-1.74679636645673,7
57,1.88806192319143,-1.31107773859907,1.12035188139517,1.31016252713564,0,0,-1.21265991889991,-0.86131979524515,2.02197475305366,0.22315535377881,8
57,2.20065495683239,-1.36030703032541,1.21758814907228,1.31016252713564,0,0,-1.39618177162166,1.0483044854011,2.75494748612053,-0.335816519695766,9
57,2.4298898481691,0.418896246942009,-0.251509128415992,2.37303716993998,0,0,-0.0379547236010772,-0.0261246722640031,0.923397410390648,-1.06052080770776,10
57,2.57993450431676,0.14069947775908,1.19532276960789,2.37303716993998,0,0,0.232750685139225,2.33071673188273,2.24590396122184,-1.09085722560751,11
57,2.97171777314677,-0.682707003477148,0.195480346293759,2.37303716993998,0,0,-0.944538120264214,-0.574160210987434,0.908182623906302,-1.05234763718311,12
57,3.10925870794879,-0.666719186948976,0.61638215261156,2.37303716993998,0,0,-0.81467653671353,0.0639172987370839,1.43883081017447,0.0819777162443875,13
57,3.35516522774635,-1.92174867687356,1.64436492048792,2.37303716993998,0,0,-2.09692972110319,0.118624282797062,2.3464538743589,1.20452281741931,14
57,3.66775826138732,0.0311043924384013,1.05294631581921,3.41588625772319,0,0,-0.127048467401049,-0.0217461880844716,2.35016390568645,-1.88319867325153,15
57,3.96367966656743,-0.873529483845612,2.32259183252092,3.41588625772319,0,0,-1.08657675709613,1.38681941778607,3.09767449465437,0.483720925928017,16
57,4.20958618636499,-0.281643102491183,0.348601113598475,3.41588625772319,0,0,-0.559335931950441,0.589642647681632,0.817409644256178,-1.70537139254094,17
57,4.46382852039297,0.0289546245783847,0.889162070750248,3.41588625772319,0,0,-0.0603657942573853,-0.117133252024835,1.70197395665445,0.677032081081002,18
57,4.68889550461447,-0.750337995529868,0.933666108065745,3.41588625772319,0,0,-0.917661546742007,0.229565263894642,2.53994362774618,0.506643746183602,19
57,4.99732063114022,1.22543876880279,-0.222025760500585,4.74697633785411,0,0,1.0380989201966,0.89112721896715,0.833036368415199,-1.17892987207578,20
57,5.20988389401608,1.89151842468932,-1.14631510000708,5.15404608311633,0,0,1.34078569029684,0.782865204147694,-0.289698707713697,-2.26168654025306,21
57,5.40994343554629,0.663992754233668,-1.0829335658592,5.15404608311633,0,0,0.264667911477662,1.13098399694175,0.19067118874,-1.3075981302786,22
57,5.56415599880917,0.223680009929569,-1.1200714504875,5.15404608311633,0,0,-0.00640660853406619,0.939668023861125,-0.143724017730126,-2.20541614750058,23
57,5.91009228937184,0.25071498724116,-0.666669849634591,5.15404608311633,0,0,0.191397433761552,0.917809417878851,0.125538527473606,-1.63549501464744,24
57,6.01845787436737,1.13696864407464,-0.43529120049861,5.15404608311633,0,0,1.14382786560392,1.1174048493785,0.0466845433833681,-1.18528659473761,25
57,6.42691277165823,-0.102734821412877,-0.249646925384403,5.15404608311633,0,0,-0.147009532805596,1.18098708184584,1.16199939607154,-1.41259458507786,26
57,6.57278952069068,2.1375322758435,-2.19153998011367,6.54067415095722,0,0,1.95347363651266,1.17087172468571,-1.05343706045553,-3.76235308577808,27
57,6.8395355760643,1.13174007056048,-0.545938634748635,6.54067415095722,0,0,1.20037809268873,2.16722848121574,0.942923568576326,-1.01032680805317,28
57,7.23131884489431,2.17754544296683,-0.71868588938546,7.19722528249169,0,0,1.68411239689863,2.1862497992507,0.397318142749002,-2.8284202767068,29
57,7.39803512950283,2.07082088202136,-0.624540477247647,7.19722528249169,0,0,1.9260697688786,2.462504842139,-0.0151275981786384,-0.280231269119829,30
57,7.71896397737422,-0.0798413761142858,-0.292509900075086,7.19722528249169,0,0,-0.228803078411727,0.374908471513621,0.65106986315624,-1.17149884932944,31
57,7.89401607621316,-0.0186529906297321,-0.139226264165807,7.19722528249169,0,0,-0.365184596387177,0.707602101949419,0.795167126777819,-1.53467583187957,32
57,8.13158678178029,-1.12611158376693,0.228311280767812,7.19722528249169,0,0,-0.832115954127137,0.0358371696413798,1.41708517723801,0.166882187896425,33
57,8.48169097945817,0.506971137914125,-0.654708304451125,8.22387089541612,0,0,0.16829652001351,2.36591535739529,0.436755671819692,-2.5352190262472,34
57,8.62339982137541,0.414947741154689,0.31902802145908,8.22387089541612,0,0,0.613374341567418,0.84139399898964,1.97743120155881,-1.39282934185571,35
57,8.89014587674903,-0.24462983299692,0.109226735364664,8.22387089541612,0,0,0.00666325407487467,0.39832590032358,0.75131515281229,-0.425492382756279,36
57,9.14438821077702,-0.0745340345934331,1.28237547717687,8.22387089541612,0,0,-0.0112753996658774,0.673831886779176,2.14356604611561,0.471409826677209,37
57,9.48615659422447,0.0458191994969356,0.349694039779771,8.22387089541612,0,0,-0.326871913415319,-0.787855972995261,0.997709091342324,-1.06725644575271,38
57,9.6570407859482,-0.11832665004042,1.38575874671362,8.22387089541612,0,0,-0.232559962259652,0.28182999200166,2.48709375416742,-1.08968810207684,39
57,9.8195891634415,-0.350834068805221,0.956582566589091,8.22387089541612,0,0,-0.656075825218639,0.317690192866094,1.98364474026754,0.73532425575074,40
57,10.044656147663,0.224147920876139,0.624032296796318,8.22387089541612,0,0,-0.00370991760389294,0.65216104916738,1.9219780764502,-0.292215606503546,41
57,10.3864245311104,1.0586222303575,-0.214718673669475,10.0692621520792,0,0,0.568156030766859,1.73285113345779,0.956096366887064,-0.686892098173861,42
57,10.6698422149449,1.28712622325531,-0.538439446918935,10.0692621520792,0,0,0.858320976572856,1.41834436197344,0.755986786967412,-3.20670747869977,43
57,10.7532003572492,0.842720553391497,-0.112700010137549,10.0692621520792,0,0,0.704699632871419,1.08161614814031,0.709774209979225,-0.950433152294418,44
57,11.1866626972313,2.72830145427892,-1.02271448579909,11.0796765833448,0,0,2.35373541062576,1.50997682731766,0.159027192203629,-3.30859108346903,45
57,11.3617147960703,1.58808705846979,-1.19462560766639,11.0796765833448,0,0,1.10175495996376,0.878609586314964,-0.55543523671801,-0.8512184780065,46
57,11.7451622506698,-0.659160126937982,-0.569716900899639,11.5230313227781,0,0,-0.619622450995706,0.728645530779578,0.622785948882055,-0.681680816239903,47
57,11.9035427210479,-1.5500207932212,0.619956905730111,11.5230313227781,0,0,-1.92124213410269,-0.74999973084552,1.53249308474515,-1.52054130945794,48
57,12.0535873771956,-2.087447287603,0.840859705779517,11.5230313227781,0,0,-1.9277676142127,-0.0839449115358679,1.80852973693241,-1.05880718696314,49
57,12.4912176242929,-2.48566561069862,1.4951483345976,11.5230313227781,0,0,-2.13394065973149,0.0908278336320798,2.75753608147335,1.83148790347342,50
57,12.7412920512057,-1.63838534638312,1.91276767200011,11.5230313227781,0,0,-1.7235641010753,-1.64818436098381,2.56685649601955,0.56474196285847,51
57,12.7579636796666,-2.05561791707331,2.12343882930355,11.5230313227781,0,0,-1.75923407045957,-1.0277849636987,3.02728522925799,0.762052629725148,52
57,13.0580529919619,-0.525967762474843,1.02529292029684,11.5230313227781,0,0,-0.340580780763794,0.397945513095741,2.49650877714547,-0.0902141320921069,53
57,13.2706162548377,-2.27181935637979,1.98832576315629,11.5230313227781,0,0,-2.3478882153872,-0.0833469323976284,2.50670543266882,1.05984419072603,54
57,13.5707055671331,0.178717257926611,-0.550062208564165,13.2956309553487,0,0,-0.563702856090063,-0.0477878964027066,0.175123921101966,-1.53829359624522,55
57,13.9083060434653,-0.283706422963806,-0.364587453025496,13.2956309553487,0,0,-0.450797036858281,0.132852629990172,0.600482751782051,-1.77131443482774,56
58,0,1.317544351389,-0.983708034158445,-Inf,0,0,1.54877783605301,0.140598383988764,-0.937277404374169,-1.27051316231027,0
58,0.241738612682346,1.26454300077017,-1.25667531752588,0.0351191304274835,0,0,1.03539460203126,-0.649045814276055,-0.806616516143497,-0.366211255731992,1
58,0.266746055373623,1.32582966233614,-1.507477347282,0.0351191304274835,0,0,1.45843572606108,-0.892714200226793,-1.39392497067693,-1.32274987926716,2
58,0.704376302470973,0.129323301586763,-0.792730652911068,0.0351191304274835,0,0,0.423112861939994,-0.296645078047144,0.53536490207242,-1.75708014636515,3
58,0.754391187853528,-0.0280167908629772,-0.0595201928158697,0.0351191304274835,0,0,0.312913089627089,-0.742000640110312,0.782956868156107,0.349823495161534,4
58,1.23370050610301,-1.28124873469073,0.168185736490677,0.0351191304274835,0,0,-0.730350473025468,-1.57136082234126,0.700520876522022,-1.05747719981821,5
58,1.40458469782673,1.24155453125792,-1.16209020947237,1.24572242558755,0,0,1.31239330303039,0.536828172495244,-0.382978285612496,-1.29490951838901,6
58,1.61298005358738,1.08760023981993,-0.414895974620281,1.24572242558755,0,0,1.22691588526259,-0.276500132853441,0.000963046121200975,-2.40962922102869,7
58,1.75885680261983,1.0803260750876,-0.473968900618068,1.24572242558755,0,0,0.713101609994975,-0.189576882303188,0.0944499440482637,-1.33242814359078,8
58,2.05894611491515,0.516243257881073,-1.21220898796178,1.24572242558755,0,0,0.393800266452489,-0.840720264456986,-0.734089290062884,-1.84428630649407,9
58,2.34653170586484,1.6782675424617,-1.8313970434341,2.23594641491878,0,0,1.94577642247432,0.288775284863242,-1.34072274460204,-1.94983426822743,10
58,2.73414706757964,1.00929935265638,-0.876403965150154,2.23594641491878,0,0,1.32757608160796,-0.46122626114218,-0.20911096631943,-1.65584163137966,11
58,2.82584102411432,1.23969344410403,-0.574272715180524,2.23594641491878,0,0,0.741663695746507,-1.26658091245375,-0.452262145155303,-2.1098898176723,12
58,3.06341172968145,-0.0156073857348138,-0.473961152631583,2.23594641491878,0,0,0.148880212419127,-0.630171710419454,0.300089659187482,-1.87583091765545,13
58,3.2718070854421,-0.0844637079018173,0.0118599617450758,2.23594641491878,0,0,0.0655067467819356,-1.53114651585968,0.801930999799236,-1.42728274630965,14
58,3.72194105388509,1.09310742305606,-0.737392331553086,3.46737618811357,0,0,0.971548195459415,-1.34734346337017,-0.476770459957647,-2.02024378739672,15
58,3.98035129502828,0.43296082284176,-0.600371309705609,3.46737618811357,0,0,0.699593121431387,-0.370508642083678,-0.216531808972707,-1.06940759971416,16
58,4.02619827329562,2.39642679170266,-1.79555099247552,3.98826485664333,0,0,2.04728952960091,0.442325074958566,-0.908597479725155,-2.59173228116135,17
58,4.49300387019946,-1.33392803046098,0.185371636777678,3.98826485664333,0,0,-0.962867333007274,-1.36752840846291,0.956327212776336,-2.53158212770741,18
58,4.601369455195,-0.971479846162104,-0.395941883816554,3.98826485664333,0,0,-0.717325727922383,-1.39443222666483,0.0104365989628059,-1.69653932368827,19
58,4.83060434653171,-0.296752882870662,-0.142705143962041,3.98826485664333,0,0,0.124195178227131,0.0489776605934906,0.316019918611142,0.88666427349179,20
58,5.11818993748139,0.165002217805802,0.184518676404948,3.98826485664333,0,0,0.700728604993392,-1.01357445093157,0.854979598757443,-1.43335758115014,21
58,5.45579041381364,-0.387391694341776,0.196747609559789,3.98826485664333,0,0,-0.105186001206154,-1.47869666389911,0.263069437821391,-1.01192380481178,22
58,5.59333134861566,-0.839592817663895,0.877956313214307,3.98826485664333,0,0,-0.276491869557148,-1.85843161459472,1.63690377152139,-1.82985426437322,23
58,5.91842810360226,1.29904008204489,-1.15426312229562,5.81492257187179,0,0,1.42718908082865,-0.904670613756091,-0.321468271802579,-0.566478168098957,24
58,6.16016671628461,1.22124829747177,-1.89110022356906,5.81492257187179,0,0,1.15698667220664,-0.434650941585384,-1.07894546258692,-2.67610078637636,25
58,6.26436439416493,3.57657332252902,-2.6494588288795,6.18587913647151,0,0,3.59360039215219,1.83414260736689,-2.6956776507758,-3.19951877966571,26
58,6.70199464126228,1.24837403010938,-0.594856156342553,6.18587913647151,0,0,1.28552553781501,-0.349531528075656,-0.0624286332946928,-0.993830982545095,27
58,6.9687406966359,0.954241572726733,0.315750105094257,6.18587913647151,0,0,0.907040922457888,0.224132559080235,0.884747479624663,-0.257056057553686,28
58,7.15212860970527,2.49778788444167,-2.11413790655381,7.10584607230177,0,0,2.20064020908087,0.0915143806667951,-1.88389365323623,-2.98636752820237,29
58,7.2604941947008,2.22242316959739,-2.22767490370244,7.10584607230177,0,0,2.10845840951757,0.954788745824382,-1.5516289030619,-2.8302246334174,30
58,7.73563560583507,2.09574035840464,-2.19039271093281,7.10584607230177,0,0,2.42431955670236,-0.527375281639622,-2.09286925306367,-1.71891037390075,31
58,7.9398630544805,1.86821677674863,-2.46787686317179,7.10584607230177,0,0,1.90026949275138,0.987200827442741,-1.79543146546058,-3.18041064433892,32
58,8.164930038702,1.69054013414316,-2.84650706428193,7.10584607230177,0,0,2.20814732974911,-0.159302908152994,-2.18490115771663,-3.3689753148053,33
58,8.4566835367669,1.3360432512402,-2.12054731597971,7.10584607230177,0,0,2.12133604015237,-0.471649126510678,-1.78062808146779,-0.574368644409197,34
58,8.69425424233403,3.4894432923513,-1.94947560010813,8.58366828273015,0,0,3.42717336475593,1.32648015732506,-1.30641900471884,-2.98023921875961,35
58,8.86097052694254,2.9012238979351,-1.57662516583632,8.58366828273015,0,0,2.80511813170857,-0.00286374342977191,-1.03529493197709,-2.41579757393308,36
58,9.01935099732063,0.977926086206026,-0.872582530559572,8.58366828273015,0,0,0.906400697335643,-0.471797787744494,-0.31888335548,-1.47279632229664,37
58,9.26108961000298,1.11977675542684,0.263823682213997,8.58366828273015,0,0,1.0272557080907,0.992643627292862,0.24529146055496,-0.70087246052439,38
58,9.55701101518309,0.634605631565031,-0.632186351907553,9.2965591088009,0,0,0.846022145115387,-1.37176072288623,0.129707543238828,-2.36509590802967,39
58,9.84459660613278,-0.12945364445465,-0.223889083324633,9.2965591088009,0,0,-0.130835386081702,-0.469217439848206,0.402983209130931,-0.175463735837304,40
58,10.1155105686216,-0.452848111800067,0.0872670877754635,9.2965591088009,0,0,-0.189475536296809,-1.44771549871868,0.410116677737657,-0.0372940598738014,41
58,10.2655552247693,-1.11296944670228,0.831499473710603,9.2965591088009,0,0,-1.03861707001879,-2.09325806072664,1.844997594858,-0.260967215715799,42
58,10.7448645430188,-0.0310030397811846,0.474856231742511,9.2965591088009,0,0,0.165851204176653,-0.125257284256113,1.265508210307,0.337298983755067,43
58,10.8990771062816,0.218996734672184,0.983936711781623,9.2965591088009,0,0,0.236124437092,-1.0813687391101,1.6350404129245,0.230514169447965,44
58,11.0866329264662,-0.37483765826924,1.4537974327333,9.2965591088009,0,0,0.0535696026993502,-0.861469938519242,1.89114275547281,1.20193559321024,45
58,11.4867520095266,0.470651125051819,1.16535066996201,11.2063369722392,0,0,0.372954564143284,-0.941123594823711,1.74749567760152,0.411643564358586,46
58,11.6451324799047,1.21564630845073,0.43822150915787,11.4933993548656,0,0,1.54621419405754,0.256091473274215,0.397163564041321,0.106224882757307,47
58,11.8827031854719,0.16193595997564,0.722910097591064,11.4933993548656,0,0,0.0477445131805985,-0.894505999660688,1.29166983487992,-1.81340416118577,48
58,12.2161357546889,0.129075835391085,0.650307163095158,11.4933993548656,0,0,0.0959158487777205,-0.955647450259982,1.84864730556529,-0.683097334088733,49
58,12.453706460256,-0.0341415415029911,-0.0236051922466602,11.4933993548656,0,0,-0.0180388217194189,-1.68256520977183,0.521246691315009,-1.31179896950432,50
58,12.5537362310211,0.392288994397261,-0.921893755773808,11.4933993548656,0,0,0.344883082448211,-0.397706760167635,0.270424212122802,-2.02258925079675,51
58,12.9121762429294,2.66811839446811,-1.10449526046618,12.7305229502748,0,0,2.83614146783937,0.977569230474707,-0.570896580047646,-1.51723851732167,52
58,13.0747246204227,2.9225856397791,-1.23110229733667,12.7305229502748,0,0,2.91649532056887,0.386447225123589,-0.256168660085632,-1.70934557491335,53
58,13.4081571896398,1.06484482095454,-0.321446566498615,12.7305229502748,0,0,1.10587010432426,-0.995423090701891,0.244056293649322,-1.64558806734409,54
58,13.6248883596308,1.57295860940862,-0.697846447781053,12.7305229502748,0,0,1.69841107834766,0.735602634377037,0.057637472787825,-1.22521521893545,55
58,13.9291455790414,1.96806235964018,-1.13246952354802,13.8214139510412,0,0,2.14912195904638,0.885539401773587,-0.485594894313688,-0.71460692155782,56
59,0,-1.19859474107723,1.29370043572046,-Inf,0,0,-1.36123086272468,-1.74623914127036,1.96365942638919,-0.146035961511762,0
59,0.141708841917237,-1.53981978217767,1.84468224279425,-Inf,0,0,-1.60790856452078,-0.993160759402787,2.72918044072001,1.03304226466482,1
59,0.483477225364692,0.0192094459704165,0.412899903150496,0.28953451635316,0,0,0.17703461088484,0.297611432552335,1.49439790495431,0.0850395490440447,2
59,0.725215838047038,-0.590151850542335,0.985858085386321,0.28953451635316,0,0,-0.655544189404052,-0.750477345674551,2.29654663380475,1.43495659366923,3
59,0.758559094968741,-1.01896004773161,0.820268850072511,0.28953451635316,0,0,-1.11091726134135,-1.15928462259906,2.59828590676288,-0.646380773439353,4
59,1.04614468591843,-0.147552026451121,-0.491414265766934,0.788094443802793,0,0,-0.344958882228488,-0.458910765195416,1.04834931511624,-1.22261590542202,5
59,1.31705864840726,-1.02358832524614,0.0603927597129353,0.788094443802793,0,0,-1.06532268645402,-0.336405469656406,0.765668899643673,-0.293916740310728,6
59,1.69633819589163,0.286792298516738,-0.212069188464712,0.788094443802793,0,0,0.429408623743015,-0.581074940370971,0.909444741317476,-1.14653973786678,7
59,1.96308425126526,0.689818308614972,0.52467367492094,0.788094443802793,0,0,0.527977858254458,0.828508349660339,1.19952900516653,-0.440340055243505,8
59,2.08395355760643,0.00269283818295475,0.462191150555449,0.788094443802793,0,0,-0.381479204201129,-0.64360031940416,1.9222247076376,0.592352667739046,9
59,2.27567728490622,-1.11500705894216,1.21267023059663,0.788094443802793,0,0,-0.735196627945125,-0.059989639615761,3.27779391394883,-0.794534964531713,10
59,2.57576659720155,0.41168390490978,0.0851617109305099,2.51314987681914,0,0,0.390986737994864,0.225088071986341,1.18660242630936,-0.333228373264973,11
59,2.97171777314677,1.78165641759859,-1.2800436877249,2.92637876062117,0,0,1.50476009630053,0.841490231691224,-0.286628712955978,-0.911928572848105,12
59,3.03840428699018,1.09963476383403,-1.01178409378576,2.92637876062117,0,0,1.00982522189082,0.811900283826885,0.0552872293655813,-1.96174016319325,13
59,3.25930336409646,0.419995766642637,-0.00830299118023874,2.92637876062117,0,0,0.434747657124735,0.336788014179183,0.938067686389037,-1.7014115520107,14
59,3.60523965465912,-0.478304994039573,-0.444716829257406,2.92637876062117,0,0,-0.460677717791362,-0.792194308217551,0.698437495573757,-1.36083521831999,15
59,3.78862756772849,-0.119146154201127,1.10701702418341,2.92637876062117,0,0,-0.479489089582786,0.323464604254746,1.92361390109245,0.0866150346473017,16
59,4.03036618041084,0.660957032517993,-0.299676601703705,4.01493641053541,0,0,0.769036595322086,0.0290299092304692,1.13206702671657,-1.41622406803549,17
59,4.38880619231914,-0.239591223572604,0.80367400194102,4.01493641053541,0,0,-0.324569439513359,-0.405698360756148,1.81655660560725,-0.642533496378722,18
59,4.68055969038404,0.815884335337604,0.00821993144537253,4.01493641053541,0,0,0.31512990759163,0.31376519187364,1.17273644386521,0.473362264815529,19
59,4.8931229532599,1.68697851665367,-1.67014037684657,4.01493641053541,0,0,1.41840379654476,1.03517414264568,-0.318725141822167,-2.10757388428091,20
59,5.14736528728788,1.16840385156347,-1.54388385599027,4.01493641053541,0,0,1.16767818774648,0.333100140919052,-0.210004067591228,-0.667203632168316,21
59,5.33908901458768,-0.101636568162419,-0.532358475744826,4.01493641053541,0,0,-0.0116410427878183,0.961056970291351,0.567796173212023,-1.51633696555012,22
59,5.56832390592438,2.24232061707998,-2.42116932157701,5.53420099135524,0,0,2.02645723339379,0.882383214851727,-1.1946385373355,-2.45224614785988,23
59,5.84340577552843,0.537920887918779,-0.465162726555407,5.53420099135524,0,0,0.0845089186453081,0.551236113760108,0.842298705535113,-0.819888625140234,24
59,6.21434950878238,-0.447465909558975,-0.192493939914904,5.53420099135524,0,0,-0.496898438418385,0.287407815945828,1.28253506155253,-0.109610077979875,25
59,6.36439416493004,0.158958830089886,-1.11874829015138,6.31252515731702,0,0,0.175081112741037,0.219683436006017,0.0488669411978176,-0.698719241611274,26
59,6.69782673414707,-1.06881782741704,2.18579259184752,6.31252515731702,0,0,-0.99722760796005,0.156234610368332,3.70506003061661,1.16420269659337,27
59,6.94790116105984,-1.41472251687176,0.753135348154226,6.31252515731702,0,0,-1.36359604954694,-0.240028204636913,2.10432530320777,-0.0926201108427949,28
59,7.24382256623995,-1.37499823333771,0.484392208438578,6.31252515731702,0,0,-1.40485581408466,-1.20253826651573,1.89377319722241,0.289950764046388,29
59,7.40637094373325,-1.00213739773975,-0.0857226930612303,6.31252515731702,0,0,-1.09885133962559,-0.410421500437372,1.33555235557736,-0.338017073240141,30
59,7.6481095564156,1.20950710635207,-0.857964298542783,7.60961211918531,0,0,1.16593467487615,0.729588231027764,0.400404550372591,-2.09646858577612,31
59,7.83983328371539,-0.510047438549177,0.47694133950202,7.60961211918531,0,0,-0.398949657556937,0.514214798705617,2.31871067565172,0.466464738704475,32
59,8.08573980351295,-0.956263538443133,0.817425226303422,7.60961211918531,0,0,-0.863163606555035,-1.03774996310058,2.1951209224128,-1.8029561723744,33
59,8.3274784161953,0.614021638780873,0.886834570866413,7.60961211918531,0,0,0.237884744068218,0.408737115379612,2.01617283787016,-0.369760186270544,34
59,8.53170586484073,1.21117101016948,0.018208715877203,7.60961211918531,0,0,1.09946090964717,0.619491204495632,1.16048917971549,0.454286378575401,35
59,8.94016076213159,1.16763317490171,0.0529602358709747,8.56782372368929,0,0,0.589835692933725,0.595792931654536,1.83536883752744,-0.420828793265407,36
59,9.0735337898184,0.897408374288737,-0.712650680842362,8.56782372368929,0,0,0.286159945657511,-0.481251381009531,1.01434213224007,-0.210309366694928,37
59,9.48198868710926,1.62226841983698,-1.23615338308282,8.56782372368929,0,0,1.39971778063675,0.279012700211297,0.251137196388922,-2.09175643956711,38
59,9.5611789222983,1.23513520644606,-0.623304501956895,8.56782372368929,0,0,1.08653162116753,0.271420822987188,0.168659036013914,-1.94283587090167,39
59,9.77791009228937,0.426342922094509,-0.444964270864939,8.56782372368929,0,0,0.168621106679191,0.82580252186759,0.888435623057533,0.640896921647802,40
59,10.2155403393867,0.743778612269282,-0.633473261735256,9.85570593639993,0,0,0.41876539878833,0.113259612842988,0.710771060575231,-0.765321476716622,41
59,10.3030663888062,-0.0156539346637607,-0.861411476275183,9.85570593639993,0,0,-0.432322864394655,0.0773657809547029,0.166533847928688,-1.85963157854765,42
59,10.553140815719,-0.671795338450367,-0.0120766180554334,9.85570593639993,0,0,-0.703337464367147,-0.680830793776573,0.959132980813987,-1.85148418222876,43
59,10.9074129205121,0.175531587966677,0.654518680156957,9.85570593639993,0,0,0.10726221754227,-0.439502347734844,2.05472486740291,0.0665335113176405,44
59,11.0949687406966,0.439294452387206,-0.412630847566657,10.9085190490873,0,0,0.252682627326845,-0.733715714294737,0.871186066039488,-0.955877013406022,45
59,11.4200654956832,0.0445694532649178,0.0406171340843334,10.9085190490873,0,0,-0.123188302085437,0.0537745135227053,1.28653934040374,-0.130366533926897,46
59,11.5992855016374,0.261115810584746,0.975859007203892,10.9085190490873,0,0,0.258205969292253,0.914967927760587,1.84582479781058,1.21197506708971,47
59,11.8743673712414,1.52735101714004,-0.710912620891379,11.7412695650047,0,0,1.14822155199663,0.585379289889698,0.144655091225707,-1.22357301261595,48
59,12.0202441202739,1.61930880756269,-0.574091571551998,11.7412695650047,0,0,1.52483647697174,1.15948907246953,1.03795693146974,-1.15394572457407,49
59,12.2828222685323,-0.0978526383144819,0.0792672655897329,11.7412695650047,0,0,-0.389999733175636,-0.597796813195596,0.570087725727293,-0.282877738288116,50
59,12.6871092587079,2.23339541486094,-1.036388272793,12.6379864339502,0,0,1.99008509825679,1.06260256373438,0.53230429838021,-0.706293550149465,51
59,12.9663590354272,2.01660746333908,-0.980354788345723,12.6379864339502,0,0,1.75538438082017,1.02245584284544,0.0919324130600248,-0.897132269879209,52
59,13.1164036915749,1.55106938788169,-1.04585275762608,12.6379864339502,0,0,1.5070468708646,1.25668176540842,0.690339597128482,-1.79720021574534,53
59,13.2997916046442,1.65339271623756,-0.729908697027792,12.6379864339502,0,0,1.36901020770405,0.590408224449088,0.641372433110592,-0.639945453926159,54
59,13.5373623102114,1.63347869669255,-0.830212364409097,12.6379864339502,0,0,1.57142932456791,0.666382788285726,0.63292452656305,-0.974278795264782,55
59,13.9958320928848,1.35615769758154,-0.917520419056026,13.6894362437073,0,0,1.47398322013644,0.914903146819823,0.152588582560529,-1.14479825757011,56
60,0,1.73300146117133,-0.155046681992066,-Inf,0,0,1.57847924515485,-0.149749164051115,-0.541633812615493,0.562330570034949,0
60,0.208395355760643,0.910787403293455,-0.753580389498879,-Inf,0,0,1.04546580930389,0.278929891948695,-1.07813154414872,-1.27850641086433,1
60,0.462637689788628,2.99606731941555,-2.10277731971368,0.335018121404573,0,0,3.0284774998975,0.512871566440499,-2.25531734639718,-1.13425812209099,2
60,0.675200952664484,2.93510158022561,-1.14142357400832,0.335018121404573,0,0,2.87435422361406,1.3711361383071,-1.11618163322181,0.107636472509837,3
60,0.891932122655552,4.19179071152942,-1.94179195092072,0.86906044226892,0,0,3.73699614773705,2.38839998793756,-1.5005323091986,-0.0514467848604278,4
60,1.00863352188151,3.12752709480004,-1.71211586752521,0.86906044226892,0,0,3.18965445867389,0.554434862484985,-1.43988647723658,-1.06923726982108,5
60,1.37124144090503,2.88481043404155,-1.79412408037929,0.86906044226892,0,0,2.96557087238545,1.73188503688843,-1.95089336714768,0.351967020731659,6
60,1.50878237570706,3.22601643499281,-2.10775569118976,0.86906044226892,0,0,2.84348044353559,0.502597137526323,-2.2635787291955,-0.205832618871481,7
60,1.80053587377196,1.15505397450737,-1.22799631574473,0.86906044226892,0,0,1.09334789670849,0.210277904661498,-1.04386938262349,-1.03135243111775,8
60,2.1381363501042,1.36090000256333,-1.53745140112216,0.86906044226892,0,0,1.39294174005781,-0.540764040488425,-1.56559684006675,-0.598335671274156,9
60,2.36320333432569,3.04988412239242,-3.03232660134339,2.22546935781944,0,0,3.01287410361505,0.357051234991018,-2.90386689904938,-1.41976684848152,10
60,2.50074426912772,2.80595497126047,-1.29621939951389,2.22546935781944,0,0,2.70398207909889,0.806754286578983,-0.986529722246702,0.993165721606206,11
60,2.94254242334028,0.611233558948422,-0.276764009249604,2.22546935781944,0,0,0.846841080382155,-1.53744986146087,-0.451477764492469,-0.187478186251931,12
60,3.23429592140518,0.568638103331465,0.488000180884103,2.22546935781944,0,0,0.717765688315858,-0.368221324430223,0.315897632120924,2.08837215196904,13
60,3.35099732063114,-0.253361167707335,0.601431347170562,2.22546935781944,0,0,0.111199574135241,-0.465225964440916,0.441362840418879,2.33356564640214,14
60,3.65525454004168,1.70228777517369,-1.2164310814741,3.63021757816359,0,0,1.97882581821857,0.0394151865611569,-1.19486070846002,-0.031282608667056,15
60,3.97618338791307,0.00412177234622461,0.0936244810326539,3.63021757816359,0,0,0.510638622835437,-0.479303300745331,-0.158281070771769,0.284548154834981,16
60,4.20125037213456,-0.999846343303042,0.420191731206514,3.63021757816359,0,0,-0.535401566237758,-0.823808724177536,0.441971518139697,1.74117544127107,17
60,4.49717177731468,1.14088083481743,-0.201913293549544,4.42318051275081,0,0,1.80900119961809,-0.224434068491653,0.013938482487286,-1.32865295963709,18
60,4.61804108365585,0.0967423503628676,0.684611189109937,4.42318051275081,0,0,0.575525974207294,-0.724054689211087,0.876608897367726,0.85262772010061,19
60,4.81393271807085,0.505799275928381,0.497382698403354,4.42318051275081,0,0,0.520253392590167,-0.208485980806859,0.650658186380183,1.65056911123573,20
60,5.24739505805299,2.07726744997513,-1.92972188668376,4.42318051275081,0,0,1.94185429369504,-0.552467322545575,-1.60583795294402,-0.91346271515411,21
60,5.35159273593331,3.31983477304272,-2.77540638344277,5.25468393810129,0,0,3.10758166592013,2.03547082265716,-2.93123876338392,-2.20153950551001,22
60,5.55582018457874,3.50133117604648,-2.08514072667867,5.25468393810129,0,0,3.26461630171659,1.70660941175456,-1.88776375749848,-2.3351045063935,23
60,5.80589461149152,1.55738382956335,-1.7740628315913,5.25468393810129,0,0,1.53226003683672,1.32509213147695,-2.12261787691254,0.148319997698275,24
60,6.23102113724323,1.32803217499074,-0.950356274951747,5.25468393810129,0,0,1.50895584419591,0.4219917601848,-0.962035206104708,-0.43073810358741,25
60,6.3852337005061,1.96031937210755,-1.80066321489351,5.25468393810129,0,0,1.90882050102429,0.302094324322026,-1.13873757661509,-0.335710436813088,26
60,6.53527835665377,3.44447395443668,-2.27211448975089,6.40286419825951,0,0,3.03815399726307,1.67058065458355,-1.92585978681689,-1.04648333583105,27
60,6.97290860375112,0.504297916387849,-0.563958282492808,6.40286419825951,0,0,0.92856825908425,-0.798923060073952,-0.891792271384684,0.298094485464989,28
60,7.06043465317059,0.908509439313887,-0.174895899183955,6.40286419825951,0,0,1.18437767133664,-0.704192684415109,-0.25094131849852,0.727079981412608,29
60,7.31050908008336,2.8381783110342,-1.39675705409408,7.21141589359524,0,0,2.24197699345539,1.84790764424898,-1.16196283238058,-0.202834615274998,30
60,7.57725513545698,2.91745911550396,-1.45259396730795,7.21141589359524,0,0,2.54354668097666,1.64968589253701,-1.20332595799006,-0.153535580512326,31
60,7.88151235486752,2.34561670835702,-1.3033914680805,7.21141589359524,0,0,2.26968935703455,0.430339513640813,-1.66143776521887,-1.43819862419095,32
60,8.03989282524561,1.47046173969299,-2.59068357047009,7.21141589359524,0,0,1.37325393656132,-0.701389260330845,-2.34577479991032,-1.85653255334692,33
60,8.3941649300387,0.510970288808712,-1.71054100985285,7.21141589359524,0,0,0.457267617636113,0.247149292493834,-1.962152063284,0.541416380009622,34
60,8.64423935695147,-0.951942673668458,0.0502825620477566,7.21141589359524,0,0,-0.700356417302485,-1.63312508167817,-0.10542187929045,1.7313597778728,35
60,8.93599285501637,1.19348585969082,-0.77336877464742,8.84976783055776,0,0,1.45788478510266,0.115409378274034,-1.03489417565782,-0.582418299901143,36
60,9.1068770467401,1.51707310627531,-0.82791168363243,8.84976783055776,0,0,1.37239369561854,-0.917321530769774,-0.944097460476966,-0.196929925859755,37
60,9.3319440309616,2.11310142070027,-1.92767519929004,9.26935751394619,0,0,2.15931183007089,0.236959555580314,-1.8999663374033,-1.06507420144499,38
60,9.59035427210479,0.670703446703085,-1.11772498660412,9.26935751394619,0,0,1.19140319445956,-0.316978543836214,-1.22713057949963,0.822772680631487,39
60,9.87793986305448,0.211950032027597,-0.705428357764575,9.26935751394619,0,0,0.315614482333685,-0.824200336504115,-0.41485867137097,-0.879665922688083,40
60,10.2072045251563,0.700829530268694,-0.834457285128101,9.26935751394619,0,0,1.1552089462607,-0.629673776832725,-0.684238020051165,0.317779716553973,41
60,10.3030663888062,1.22167465492284,-0.68790455983349,9.26935751394619,0,0,1.09665547032161,-0.97551809475567,-0.758076717283243,-0.127962743016958,42
60,10.5698124441798,0.0320609166670643,-0.985794861406122,9.26935751394619,0,0,0.255985519842978,-1.47963930951898,-1.16444287972479,-0.788023076582359,43
60,10.9991068770467,1.54141773324009,-0.893508743044091,10.6956296068903,0,0,1.65106144092427,-0.483463908835025,-0.631253943565876,-0.461184903663099,44
60,11.1491515331944,0.486737032346056,0.602842870746803,10.6956296068903,0,0,0.821669330401935,-0.0665688998921758,0.843609860727053,1.27252801942176,45
60,11.4200654956832,1.69407778042454,-1.11234270256781,10.6956296068903,0,0,1.74359299456424,0.929833643846961,-1.18108008813666,-0.622646317317067,46
60,11.5617743376005,0.65035313430799,0.0761428089276492,10.6956296068903,0,0,0.787835138943141,-1.85473576185414,0.42951568589268,0.190117201950421,47
60,11.7534980649003,1.07576891602705,-0.514983541360159,10.6956296068903,0,0,1.1358273558741,-0.201784932151497,-0.507097989028383,0.666140948174376,48
60,12.1536171479607,0.73479067886717,-0.162066489318776,10.6956296068903,0,0,0.726328737702597,0.103622021792404,0.323364841295965,0.865143061770618,49
60,12.3328371539149,1.53321983504072,-1.08274613231039,12.1570658740856,0,0,1.55431167576179,0.261215414767987,-1.2686737963888,0.860061565214096,50
60,12.6370943733254,2.97527009743391,-2.56487100234513,12.5264470394486,0,0,2.84189536360601,0.794230352915697,-2.88225277821299,-1.0117197265854,51
60,12.766299493897,1.77428616027186,-1.84481422371613,12.5264470394486,0,0,2.05460457893211,-0.00814878813853318,-2.11738370056338,-0.75081937345562,52
60,13.0330455492706,1.45119395560887,-0.892595722016376,12.5264470394486,0,0,1.47669696995542,-1.42865962744842,-0.91826816309594,0.0703823301369962,53
60,13.470675796368,0.409388235275898,-1.17759653320362,12.5264470394486,0,0,0.720361125346884,-0.0105493537850484,-0.90885379468018,-0.28176394794497,54
60,13.5623697529027,0.500924675904729,-1.75551253879274,12.5264470394486,0,0,0.52435856248127,-0.502103900568874,-1.87831987094533,-0.799001457865678,55
60,13.8082762727002,0.43489354466026,-0.819420317523325,12.5264470394486,0,0,0.541482900510421,0.530794132705191,-0.161936939170643,-0.372248653895183,56
61,0,1.00030856305809,-1.53741226181963,-Inf,0,0,0.853862169905994,1.26024655087322,-1.08806856735519,0.425553052626985,0
61,0.129205120571599,0.989602931092495,-0.796394389252598,-Inf,0,0,0.922624682131858,1.12133106621442,-0.365497784315152,0.768194899616033,1
61,0.258410241143197,1.99350936017257,-0.739490175017466,0.135767463734373,0,0,1.66995466824531,0.944720191047662,-0.170862589626252,1.90266839323667,2
61,0.662697231318845,-0.303583685386224,1.11207501637574,0.135767463734373,0,0,-0.270190304808989,0.438578612560077,1.91466141455958,1.8232480057473,3
61,0.941947008038107,0.314179269381394,-0.129026126730381,0.763090373154801,0,0,0.48627611837157,0.989451541909478,0.312244670310387,1.58142328873425,4
61,1.02947305745758,0.721243276816778,-0.248232876962646,0.763090373154801,0,0,0.490079838467325,1.00801257090364,0.24220405400064,1.3758453661701,5
61,1.4587674903245,0.551247003229575,-0.0552300039282203,0.763090373154801,0,0,0.168852047623768,0.621229668248861,1.10074103500147,1.96800287650715,6
61,1.5879726108961,0.174512299111328,0.0362378047851691,0.763090373154801,0,0,-0.389414003308425,0.353296479341396,0.706706830030214,1.54334586185665,7
61,1.92974099434355,2.03946438826176,-0.810825936812145,1.71165225484516,0,0,1.61207262976361,1.03019391947666,0.163307607127069,0.0429265485013018,8
61,2.22566239952367,0.866711248149537,0.272456448740718,1.71165225484516,0,0,0.528429320977027,0.941324886055149,1.09521217126101,1.77658530879005,9
61,2.35903542721048,0.409588441702002,0.452734728588958,1.71165225484516,0,0,0.554003252151379,0.102239635313556,1.37633053920587,2.37185280504412,10
61,2.51741589758857,0.976543771031843,-0.725287038243357,1.71165225484516,0,0,0.79137398574567,-0.218264791712164,-0.145034874777717,0.091338015078915,11
61,2.93003870199464,1.4386090588268,-0.550579865544504,2.90482114918458,0,0,1.33437232038728,1.42947104865786,0.196866570104089,0.883354405521592,12
61,3.02173265852932,1.49112888290609,-0.886173516347605,2.90482114918458,0,0,1.55301329282237,0.683959719491499,0.37537711989108,0.583812684779675,13
61,3.47186662697231,-1.41259044793106,-0.596649183682742,2.90482114918458,0,0,-1.33318114613219,-0.257434416103854,-0.115659023049675,0.885102752116775,14
61,3.65525454004168,-0.984085223518421,0.830771335507703,2.90482114918458,0,0,-0.909396229013166,0.905399982820052,1.7076587609745,2.37897946722602,15
61,3.87615361714796,-1.74691247582441,0.238218032880277,2.90482114918458,0,0,-1.43611224692969,0.65506593186268,0.674329590255624,2.2854995633842,16
61,4.07204525156297,0.481891237131078,-0.418747270386743,2.90482114918458,0,0,0.480988533316456,0.326750338142259,-0.380167489701955,0.539684216127014,17
61,4.25960107174754,-0.491826601718846,-0.271364740035458,2.90482114918458,0,0,-0.417157703144384,0.148437534468741,0.549884312101012,1.89249500791018,18
61,4.52634712712117,-0.862337107359983,0.62533836221127,2.90482114918458,0,0,-0.83146359252482,-0.356131251285318,1.55834797473092,1.06943740007769,19
61,4.78475736826436,-0.402313991914849,-0.440001551263582,4.55578210734977,0,0,0.0494484035628146,0.217787585835277,0.154806431396829,0.333568434224146,20
61,5.13902947305746,-1.6013791078897,2.61035091610363,4.55578210734977,0,0,-1.58865732792698,0.254122247071193,3.31513000541666,2.49854372053998,21
61,5.26823459362906,0.897053682478593,2.15657922006125,5.23033157551231,0,0,0.635711119123463,0.062211041007345,3.5193752231594,3.71511268221505,22
61,5.69336111938077,-1.06063310285854,1.14268553419572,5.23033157551231,0,0,-0.906704366245322,0.0618517685074621,1.80217753960176,1.18695310768857,23
61,5.7683834474546,-1.27739174254433,1.59206751117649,5.23033157551231,0,0,-1.15785762352005,-0.282870336932637,2.15103236271138,2.80298202942023,24
61,6.13932718070854,-2.8140022917202,2.12430859244333,5.23033157551231,0,0,-2.344456133074,0.048493828126447,2.47820310229893,2.77473500817488,25
61,6.43524858588866,-2.86149809099551,3.04178761207665,5.23033157551231,0,0,-2.42757177984382,-0.998414394192106,3.66968811868619,3.41593458208937,26
61,6.65614766299494,-0.67180663111288,1.51093034181524,6.52766434234889,0,0,-0.667519810988218,-0.0128382942373433,2.61669951426036,1.98709566436083,27
61,6.98958023221197,-1.52859009821358,2.36607705649715,6.52766434234889,0,0,-1.34680069036903,-0.082474627837787,2.70942686140889,3.7809592887592,28
61,7.24799047335517,-1.1996999361129,2.34057942204282,6.52766434234889,0,0,-1.12745095854484,-0.254988840658406,3.19170516305943,2.54193161559273,29
61,7.37302768681155,-1.32687654212267,2.0921706950381,6.52766434234889,0,0,-1.20782883884405,-0.736898362043113,2.7385336229404,3.13002189017898,30
61,7.52724025007443,-1.70387885928373,1.386912754175,6.52766434234889,0,0,-1.66592520328909,-0.257078471889086,1.89282345325329,4.27187040937371,31
61,7.94403096159571,-0.437768466020321,0.602496611526775,7.55647354408776,0,0,-0.678752519039601,-0.16322311051689,1.63404991175861,1.35130527205356,32
61,8.05656445370646,-1.57243171513551,0.409442610874502,7.55647354408776,0,0,-1.68170005442467,-0.422123004873935,1.22693307527257,1.03003561356002,33
61,8.34415004465615,1.14232844904922,-0.574963505447471,8.24730012170935,0,0,1.08771058572078,0.739403756782794,0.361266917437869,1.55042183562076,34
61,8.50669842214945,1.06998232162829,-1.53616684599697,8.24730012170935,0,0,1.22365760696297,1.58582671802524,-0.784589390336284,0.0701516415822046,35
61,8.8151235486752,0.440330913395129,-0.290656599575477,8.24730012170935,0,0,0.221564825796616,0.570155435788565,0.77830473818152,0.0816425425033837,36
61,9.08186960404882,0.210714284101945,-1.59503401647743,8.24730012170935,0,0,0.0354456228770669,0.368818785802423,-0.604262338550129,0.743337050063229,37
61,9.27776123846383,0.196695682736383,-0.699867051366911,8.24730012170935,0,0,0.271797667062674,0.0192469091664021,0.318796756423114,0.811898434540182,38
61,9.60285799345043,0.49091442034804,-0.266200160765729,8.24730012170935,0,0,0.4458011966505,0.371004672767081,0.0206506845979935,-0.154712666408346,39
61,9.94045846978267,1.90701348058019,-1.5834087065609,9.60732994881244,0,0,1.50972785689868,1.71515614871392,-0.605586816104859,0.41103946524402,40
61,10.0779994045847,1.59053457226354,-0.350816588521405,9.60732994881244,0,0,1.22196868329977,1.13998439193129,0.408204766274469,1.47147089615017,41
61,10.3614170884192,1.7047138729429,0.129478284071582,9.60732994881244,0,0,1.48933389505178,-0.00197075890501219,0.734568802643727,0.744172341226412,42
61,10.6948496576362,3.33571564846695,-1.09590223387,10.6923770372344,0,0,3.01315981791587,1.72307566748942,-0.0617469289694247,-0.840807820010639,43
61,10.8699017564751,3.30028085257466,-2.93405462248592,10.6923770372344,0,0,3.47005073226597,1.06883838738872,-2.85749320920657,-1.3099965673912,44
61,11.0699612980054,2.44601264641471,-2.61501374905242,10.6923770372344,0,0,2.16173942448025,1.46108544619366,-1.78596020476277,-0.86070458287103,45
61,11.278356653766,1.46552654090769,-1.73843629174605,10.6923770372344,0,0,1.66705499597606,1.06075335578699,-1.0912163017354,0.110181050233718,46
61,11.6909794581721,0.485184748723749,-0.7112340999267,10.6923770372344,0,0,0.608255736814541,0.774792814711501,0.21319261397228,-0.0717299743981697,47
61,11.8035129502828,0.856677393664635,-0.724224181809027,10.6923770372344,0,0,0.575071444406189,1.45259242318086,-0.00878415858618845,0.59343723639449,48
61,12.2161357546889,2.64872171217555,-1.50989340787141,12.1521131225432,0,0,2.04218582097047,1.5231662578903,-0.94705115073173,-0.579491667039246,49
61,12.43286692468,1.9200608155226,0.0582693036595788,12.1521131225432,0,0,1.78170126260485,1.68508655948852,0.531167066452604,1.61254420625208,50
61,12.6454301875558,-1.01893210875415,0.647878985502435,12.1521131225432,0,0,-0.491106764164025,1.49180436636387,1.34351771824132,-0.477151253420148,51
61,12.8955046144686,-0.409450948332821,0.365955220936655,12.1521131225432,0,0,-0.392888830680268,-0.302290259559057,1.13205050699154,2.63267586114844,52
61,13.1372432271509,0.271142884702191,0.339873453753982,12.1521131225432,0,0,-0.160525745222734,0.0803849887980995,1.45728828795309,2.18075282816341,53
61,13.3789818398333,1.60697650718434,-0.76896133915199,13.2077313837148,0,0,1.33018878789689,1.22074743187222,0.217154633494467,-0.600590390483115,54
61,13.5331944030962,0.99598278695302,-0.793415679029402,13.2077313837148,0,0,0.671563981980415,0.569724869928546,-0.229728640886087,1.91264952646602,55
61,13.920809764811,1.91254246817755,-1.19191228152366,13.6685756753199,0,0,1.638991154841,1.2358293016782,-0.246907177375012,0.39336842450899,56
62,0,0.263417012371866,0.092484048560828,-Inf,0,0,0.364852258474425,0.171467742482062,2.57345845745681,1.0814444525428,0
62,0.112533492110747,1.19754231696475,-0.801859057521237,-Inf,0,0,1.25535833900711,0.177498442615417,1.02192124281859,0.592934086654772,1
62,0.26257814825841,1.47483185439513,-1.68159208414626,-Inf,0,0,1.55718427681438,0.606867913561843,0.198073264334563,-1.04223956480861,2
62,0.529324203632033,3.99274223880025,-2.95129997461205,0.35594369469909,0,0,3.84113688230544,2.68425442302233,-1.24730537181741,-2.77321262815969,3
62,0.758559094968741,2.43660912961891,-2.24741635233785,0.35594369469909,0,0,2.6688460843408,0.968321472458123,-0.422529697165229,-1.40323460924273,4
62,1.17951771360524,0.724816125274046,-0.966401930768864,0.35594369469909,0,0,1.17026240693682,0.8520329030166,1.05502559686619,-0.325474124480807,5
62,1.27537957725514,-0.276529951649909,-1.28722826664552,0.35594369469909,0,0,0.0818393264428932,0.759399484454888,0.640756015983776,-0.633742896071906,6
62,1.51295028282227,2.59083929126289,-1.95891907948419,1.3071326931455,0,0,2.37128013876782,2.14343467653368,0.621777213647326,-2.22850367699483,7
62,1.78803215242632,1.62243503331529,-1.27225484501105,1.3071326931455,0,0,1.50112145441681,1.42600466731365,0.729615267159217,-2.39535167425728,8
62,2.0089312295326,2.00501519197423,-3.58916032508024,1.92734648552365,0,0,1.82599837378834,1.97941674462513,-1.83221838111204,-4.10358264059965,9
62,2.47990473355165,0.802946907658358,0.0645023076770138,1.92734648552365,0,0,0.772531424849434,0.903156287932952,1.93038940763538,0.112956318712046,10
62,2.6883000893123,1.3367545733253,0.818185229156409,1.92734648552365,0,0,1.30131789372498,0.782779530419358,3.08533066650022,2.87408636994928,11
62,2.94671033045549,1.22666747594639,-0.478756827023387,1.92734648552365,0,0,1.17020719531067,1.15103649395251,1.46924930728169,-0.579934269839492,12
62,3.02173265852932,0.988590911785039,-0.156220460192697,1.92734648552365,0,0,1.40048585521114,1.00521171822881,1.86635835807919,-0.721381645705125,13
62,3.35933313486157,2.00101857037551,-1.13486028677363,3.30127169948,0,0,2.0716997673365,0.956447732257018,0.871642356235343,0.000252565421260065,14
62,3.74278058946115,-0.17133315648586,-0.426224890524014,3.30127169948,0,0,0.0391014778002195,0.00517369392492989,1.55044048015849,0.0848850515907849,15
62,3.99702292348913,-0.58648430741883,0.828603144215069,3.30127169948,0,0,-0.484426253523988,0.29782009377994,2.81985510402883,0.933812850757355,16
62,4.02203036618041,-0.738321411885513,0.427030109287292,3.30127169948,0,0,-0.475804572760608,-0.74566388856412,2.39395046384647,0.589774908087063,17
62,4.45549270616255,2.27689474232112,-0.549077675571128,4.4443178354458,0,0,2.56412054294314,1.83055919244984,1.00298195461725,-0.621262116596098,18
62,4.60553736231021,1.93316461201418,-0.761541458778575,4.4443178354458,0,0,1.90159885517059,2.39715456596709,1.49707889940079,0.883475266597737,19
62,4.90979458172075,0.379333872511169,-1.4921654878086,4.4443178354458,0,0,0.476785964983641,1.08214229408837,0.492297206996194,-1.85842915087641,20
62,5.09735040190533,0.269713566075256,-0.79087120097857,4.4443178354458,0,0,0.533763687454405,-0.67942650950742,1.62735159924805,-0.333273488998044,21
62,5.35159273593331,-0.618773116731656,-0.742351958285549,4.4443178354458,0,0,-0.266197063321179,0.110667319874065,1.41079021681148,-0.343793157864134,22
62,5.51830902054183,-0.172873554793906,-0.466246034110756,4.4443178354458,0,0,0.262397299568794,1.23559634233232,1.75888290220531,-1.28855140334845,23
62,5.8642453111045,1.30787017301997,-0.469417060220591,5.5295811708927,0,0,1.3824628226302,0.697111706367375,1.23236942252204,-0.53180379173718,24
62,6.08097648109556,-0.155132344106289,0.345672744404811,5.5295811708927,0,0,0.144884898289362,1.07482005803035,2.29251526706566,-0.65472100483265,25
62,6.29353974397142,1.04632959867714,-1.4785866755856,6.14073099236792,0,0,1.12807928060248,1.81219700873705,0.515994662009093,-0.357703695565171,26
62,6.50193509973206,-0.228442633681337,-0.243149996293831,6.14073099236792,0,0,0.0461528467004497,0.394634311866963,1.47153969494321,-0.435810884878161,27
62,6.8395355760643,-1.01194443368018,0.473428185933851,6.14073099236792,0,0,-0.814953082335597,-0.548742201280827,2.29492252578146,1.18556616475077,28
62,7.24799047335517,-0.673940864457648,0.0587929427819174,6.14073099236792,0,0,-0.310518428515279,-0.137391691438745,1.81437533205414,-0.14996005280017,29
62,7.44388210777017,1.74420282225288,0.0602767735045117,7.31222110459259,0,0,1.6026414354209,2.37443235589682,2.56476239485472,0.870057947373924,30
62,7.55641559988092,1.32125353466694,-0.338982214144016,7.31222110459259,0,0,1.46304383486832,1.14375364860922,1.55789706311396,-0.9874200759865,31
62,7.97737421851742,-0.797062715616697,0.735542276264836,7.31222110459259,0,0,-0.771448189830673,-0.7675320587515,2.57304229193023,-0.380209446627158,32
62,8.21494492408455,-0.479656469336822,-0.0150367890238624,7.31222110459259,0,0,-0.275860800037035,-0.604172846525231,2.38440989340853,0.511756984601913,33
62,8.43167609407562,0.840709127923514,-1.19334436547454,8.22328953289857,0,0,0.813974298070719,0.958436493169608,0.95531586066578,-1.67057062173614,34
62,8.69425424233403,-0.331118451172373,0.342272696389871,8.22328953289857,0,0,0.271612641882943,0.333538507335114,2.21534987361502,-0.927247202274808,35
62,8.80261982732956,-0.462849767847066,-0.447318338705818,8.22328953289857,0,0,0.244619145392274,-0.337482362428425,1.52139779614862,-1.31819101549706,36
62,9.09437332539446,-1.09246656243672,1.76363934974652,8.22328953289857,0,0,-0.688147151150314,0.555787798553904,3.6904219519368,1.53516290641804,37
62,9.44030961595713,3.24527265013357,-1.67111823266127,9.43368967513804,0,0,3.1012382859933,2.23283154351134,-0.31135942204562,-0.683726504318796,38
62,9.74039892825246,1.95373095722501,-2.2701552359747,9.43368967513804,0,0,2.01587750987793,1.68148838326535,-0.542760356117542,-1.07737330260258,39
62,9.91128311997618,1.71813235026206,-1.62777414152917,9.43368967513804,0,0,1.9670954516487,1.17038935380218,0.523827943861358,-1.29848887074553,40
62,10.1363501041977,0.811136467891145,-1.39050997337071,9.43368967513804,0,0,0.781668814117431,0.598228800338487,-0.0596651875135407,0.0836002739554076,41
62,10.3989282524561,0.775587798263704,-0.795899694030601,10.3403885647243,0,0,0.952169107525983,1.49152788959252,1.12056807970917,-1.74321805929249,42
62,10.7406966359035,-0.398752842630113,0.39197581569235,10.3403885647243,0,0,-0.367260253701849,0.859771467623173,2.44511622679297,0.232479102040263,43
62,10.8448943137839,-0.832353482185171,-0.0131261823140863,10.3403885647243,0,0,-0.717381208017978,0.945342415505973,2.01313788635925,-0.565421079255976,44
62,11.0532896695445,-0.927224401592283,0.231278836154491,10.3403885647243,0,0,-0.177716438877331,-1.04153178173302,1.83599967072586,-0.0417221368238312,45
62,11.4784161952962,1.45455883265059,-0.928842220662566,10.3403885647243,0,0,1.16727708965992,2.10335900084676,1.60250401728746,-0.994744977675078,46
62,11.6493003870199,1.58450056812973,-1.10646487234924,10.3403885647243,0,0,1.49888927663544,0.457775985980647,0.716056487531169,-0.994629026529312,47
62,11.8701994641262,0.134171970499318,0.0761446547565762,10.3403885647243,0,0,0.179146738846376,1.30044739599804,2.1778610888716,0.817898206724815,48
62,12.0660910985412,0.273114296160551,0.372138377983624,10.3403885647243,0,0,0.181866461341819,1.3847150890725,2.58148138759773,0.8933463546354,49
62,12.257814825841,1.38837324020454,-0.604168786660343,12.1985886097456,0,0,1.61986453866193,1.32663162000671,1.08220966325785,-0.276062444193843,50
62,12.7412920512057,0.681297084290668,-0.54047954351421,12.6281242376444,0,0,1.05738927684768,1.29288143513684,1.57889750166916,-0.679912883904548,51
62,12.8955046144686,-0.828834187101133,-0.276790841078686,12.6281242376444,0,0,-0.389135345276279,-0.32728613604669,1.22837947908665,0.40217032455596,52
62,13.1289074129205,-2.47740055888282,1.63280973788408,12.6281242376444,0,0,-1.45952780968894,-0.760671824650462,3.49654005966014,2.49030270447903,53
62,13.2997916046442,-2.45682221090698,1.22954216119278,12.6281242376444,0,0,-1.47602756890231,-0.0318141115294448,3.59570747490996,1.46562468657616,54
62,13.666567430783,-0.383657647772625,2.11833440458097,12.6281242376444,0,0,0.357945271548403,-0.514894840443553,4.03826169282232,1.89066679055474,55
62,13.9666567430783,0.407845746980297,0.477959719862806,13.7114229102037,0,0,0.379620320646553,1.97502682484286,2.49923296983153,0.0608279679061751,56
63,0,0.769097201941345,-2.3456902968629,-Inf,0,0,-0.269593465538634,0.677763879065733,-2.15543069180026,-1.79552586068924,0
63,0.191723727299792,2.19751501272597,-1.66890598821688,-Inf,0,0,1.08957887994834,1.95481391954896,-1.40935739952161,-2.23855217956363,1
63,0.425126525751712,2.17412157419934,-2.5571274126618,0.375464889337309,0,0,1.12055924491714,1.6503207072858,-2.23933376061972,-1.34938708273978,2
63,0.666865138434058,2.19120060152057,-1.81337845125073,0.375464889337309,0,0,1.02341973713391,2.21415430241987,-1.61232001992137,-1.41167730014489,3
63,0.796070259005657,3.41990825535953,-2.86530026170126,0.687707923118097,0,0,2.0145972542971,2.23711722349808,-2.94877632072454,-2.08619701801852,4
63,1.24620422744865,0.404093707519092,-1.57512120886382,0.687707923118097,0,0,-0.797803771594009,1.11661127028971,-1.21365734966896,-0.594089486853046,5
63,1.25870794879428,0.384475384564952,-1.60749358364439,0.687707923118097,0,0,-0.471804146309485,0.99267545953057,-1.33272172842711,-1.1120224283692,6
63,1.5546293539744,-0.0314349505733387,-0.661352109753823,0.687707923118097,0,0,-0.768394698105978,0.717000923561924,-0.68585236848606,-1.59103100643948,7
63,1.77969633819589,-0.34773749984188,0.398331077422151,0.687707923118097,0,0,-1.18756971188309,-0.0244749754027576,0.833629064794432,-0.18845054316086,8
63,2.1047930931825,-1.19917306770733,0.57696121180701,0.687707923118097,0,0,-1.7913845661495,0.121202003229432,0.739644137400878,0.0285903743488824,9
63,2.44239356951474,3.06733089868702,-2.17250878430301,2.36228107362627,0,0,1.88457720439897,2.58857997719678,-1.72282987048619,-2.99786091465274,10
63,2.62161357546889,2.62604592158288,-2.17538951457734,2.36228107362627,0,0,1.77094041125496,1.27780732303658,-2.31991293183132,-1.42247706839197,11
63,2.93420660910985,0.414988513162159,-0.368363416420567,2.36228107362627,0,0,-0.659844107953415,0.849972388890713,-0.743342969709222,-0.642210634194637,12
63,3.21762429294433,1.61808270286166,-1.30742552546285,2.97658845378946,0,0,0.438097361517006,1.8755485865628,-1.15251158227338,-0.87107621878784,13
63,3.30931824947901,1.94403915604712,-1.77393997199675,2.97658845378946,0,0,0.726918413998197,1.58047091077976,-1.7545117930107,-1.34410255608926,14
63,3.53021732658529,0.484275710913915,-1.24240535319606,2.97658845378946,0,0,-0.155039704200677,0.631390131352918,-1.120758682831,-2.35708507105784,15
63,3.88448943137839,1.53562793545899,-0.303000755046783,2.97658845378946,0,0,0.363733981914216,1.82122490077493,-0.164967467883178,-0.607353380014586,16
63,4.00535873771956,1.88326191793915,-1.1563482555014,2.97658845378946,0,0,0.499838523184123,1.58781483289069,-0.777358818957794,-1.86666187168956,17
63,4.48883596308425,2.47354840045574,-1.25331493613286,4.46386330795224,0,0,1.49575438912203,1.37398359485873,-0.8766396934256,-1.08360693602837,18
63,4.5680261982733,1.96998264328184,-0.594843676815033,4.46386330795224,0,0,0.800393139361143,0.918868180998871,-0.0651315420148971,-0.220589774512771,19
63,4.82226853230128,0.708911841459725,0.372990259795955,4.46386330795224,0,0,0.0784730515512998,1.19448603511474,0.156775294319623,0.834956935192477,20
63,5.0890145876749,3.07948961114247,-1.11032259819662,4.96692137829064,0,0,1.89791683854797,2.57907643992703,-1.01600564244721,-1.40682186560723,21
63,5.26406668651384,2.70242042803099,-0.442204448643925,4.96692137829064,0,0,1.48909391141413,1.49646777271234,-0.0222714634315079,-0.890575248390738,22
63,5.70169693361119,1.43470617947731,-0.887351376719412,4.96692137829064,0,0,0.469851772059607,1.56179564247889,-0.258471143337743,-0.489517469805438,23
63,5.8975885680262,1.28159309385506,-0.362391385444291,4.96692137829064,0,0,-0.208064513909289,0.475221631523201,0.300892959266169,-0.0350143598118893,24
63,6.08931229532599,0.646722703366317,0.482577258683631,4.96692137829064,0,0,-0.21822135381861,0.889168815716655,0.229078160925608,-0.00931786258250827,25
63,6.37272997916046,-0.141024671902548,0.626919002955601,4.96692137829064,0,0,-1.10694486731478,0.324986828516245,0.467415884755319,-0.375201598676782,26
63,6.62280440607324,1.6979371836339,-1.77786758231598,6.58738894107608,0,0,0.75924770020082,1.54531297975506,-1.99306075019041,-0.829801952705464,27
63,6.88955046144686,1.84017932355374,-0.886002471108676,6.58738894107608,0,0,0.646701312225107,1.07273550502126,-0.55422607366771,-0.300571693268324,28
63,7.21881512354868,-0.482363752701746,1.47158442546255,6.58738894107608,0,0,-1.46722758800468,-0.777860286598214,1.8739601108526,0.953356218922224,29
63,7.33551652277464,-0.415407440493544,1.58359818693678,6.58738894107608,0,0,-1.05967836324499,-0.73560375148288,1.32374493822069,1.74577427955937,30
63,7.73980351295028,-0.153699499652514,1.22131075111409,7.37432025876971,0,0,-1.37720939602738,0.999130168902097,1.25528409929067,1.02672559242592,31
63,7.9398630544805,-0.54881697781656,-0.159815664478518,7.37432025876971,0,0,-1.48154948971447,-0.333326491393682,-0.0294584136007872,-0.630017635398308,32
63,8.17743376004763,-0.334745013096615,-1.13210299699657,7.37432025876971,0,0,-1.32684215403428,0.781811675445691,-0.935329668052358,-0.597044516410095,33
63,8.25245608812146,1.55244781394947,-1.92038981363183,8.17980646873789,0,0,0.573816320255577,0.918824048539904,-2.00352413364074,-0.95283102456286,34
63,8.7484370348318,-0.904299177312523,1.29854032697364,8.17980646873789,0,0,-1.28131479522383,-0.389950976912857,1.34944126807379,0.0553964589308531,35
63,8.99434355462935,-0.174850827345259,1.75461165902301,8.17980646873789,0,0,-0.723822353914563,-0.365556694658589,2.38008176228786,0.966767880454902,36
63,9.20690681750521,-0.685539122933363,1.72310945539522,8.17980646873789,0,0,-1.57255558050776,-0.509787254543733,1.87460835002808,0.0652083374198447,37
63,9.30693658827032,-0.562938647434663,1.11271293449629,8.17980646873789,0,0,-1.12034645916369,1.07237376693163,1.38851535980523,0.197026743658621,38
63,9.53617147960703,-0.822516299100913,1.1915099324392,8.17980646873789,0,0,-1.98938073455011,-0.15314147851531,0.645795982336377,0.552680050435073,39
63,9.91128311997618,0.282425248684457,1.49638239568156,9.59099858895195,0,0,-0.175864845926757,0.22562607068448,1.82353827205688,0.375944878779309,40
63,10.2363798749628,-0.331939410122466,1.318904698426,9.59099858895195,0,0,-1.19837489852446,0.796055937683222,1.40964033473659,0.645697882362902,41
63,10.436439416493,0.69807804595776,1.37881506224207,10.3203687297234,0,0,-0.191266329573037,1.0104254843067,1.452937470751,0.408673447232144,42
63,10.5239654659125,0.647652765121499,0.257571311736321,10.3203687297234,0,0,-0.190241337676826,0.015716838954609,0.924377533539309,0.691619368480706,43
63,10.9782673414707,0.54526493121057,0.01291290401271,10.3203687297234,0,0,-0.623316986799936,2.42901349482369,-0.423488382129442,-1.16529559534886,44
63,11.1574873474248,1.42968662913839,-0.824862263032866,10.3203687297234,0,0,0.0449250991011838,0.805877413533253,-0.968933941170176,-1.52976026989663,45
63,11.3283715391486,0.553689436406033,-1.54291254655758,10.3203687297234,0,0,-0.449501370072273,1.27043779860463,-1.62067650658908,-2.69742044710765,46
63,11.6201250372135,-1.33437753157875,0.097575731272003,10.3203687297234,0,0,-2.11631271984896,1.26028510723897,0.163041158673079,-0.592132868552673,47
63,11.8618636498958,-0.855067571450302,0.552973750177128,10.3203687297234,0,0,-1.66371224639403,0.407516613661915,0.800486911665779,0.229445947586564,48
63,12.1452813337303,0.846987676304409,-0.385074227102081,12.0549809275231,0,0,0.328200976831229,1.8245455056166,0.00833772207393157,-0.691691857140805,49
63,12.3453408752605,1.24141830584018,-1.13321062646384,12.0549809275231,0,0,0.190487991349526,1.37150060916019,-0.734126397494923,-1.14863885026218,50
63,12.6162548377493,0.47901078273079,-0.744829799563113,12.0549809275231,0,0,-0.303167781755556,0.380244104098752,-0.725416433478958,-0.918025058927018,51
63,12.9080083358142,0.995524553193148,-1.27248411440937,12.8358116408595,0,0,0.202796177518517,1.74378671807711,-1.51463408780941,-2.4150880761217,52
63,13.1955939267639,0.21947087619442,-0.52936504987918,12.8358116408595,0,0,-0.772276883368044,1.01238196915393,-0.388529071066973,-1.39845727448877,53
63,13.4790116105984,-0.13065925418068,0.547264978818094,12.8358116408595,0,0,-0.956367909312276,0.610701785546668,0.4923445672929,-0.30152438174293,54
63,13.5957130098244,-0.231053185922897,0.0301343319281056,12.8358116408595,0,0,-0.884693410322709,-0.036403391187898,0.273290475090372,-0.0418603759789514,55
63,13.7749330157785,1.11107913427907,-0.689458142536711,13.6236141540809,0,0,0.304646365515701,1.98937016034166,-0.724752387301402,-1.08799941358212,56
64,0,0.197862028397224,0.40827180042474,-Inf,0,0,0.925429820292237,0.867046289839437,0.499035939816007,-0.199028332324926,0
64,0.0875260494194701,1.58065548478634,-1.54262514501613,0.0416393547551706,0,0,2.10185115285208,1.22232272685738,-1.58548049725033,-1.79309769773809,1
64,0.479309318249479,-0.361544369789894,0.892418136681778,0.0416393547551706,0,0,0.335909990291179,0.323540950552734,0.917978911903764,0.112389798958951,2
64,0.608514438821078,-0.807952779207414,1.05356827687052,0.0416393547551706,0,0,0.173298491306757,-0.181783198877388,1.35270894909468,0.0571804503979784,3
64,0.808573980351295,-0.700498863782907,1.10910803648074,0.0416393547551706,0,0,0.00499221004767799,-0.864211126940556,1.23311142866098,0.354461183066103,4
64,1.19202143495088,0.428925718891908,0.116069907700064,0.0416393547551706,0,0,0.848859646546469,-0.0357897356688871,0.495271027948821,-0.364083435703073,5
64,1.25870794879428,0.375074633581967,0.118472292984385,0.0416393547551706,0,0,1.16103178744357,-0.152749711007638,0.388333495586764,-1.15063720268574,6
64,1.57546888955046,0.668690697856702,-1.19581148070516,1.26080464424852,0,0,1.20362317606694,-0.147237274264896,-0.700660497656431,-1.6467228651659,7
64,1.76719261685025,0.6936122561204,-0.738248727334886,1.26080464424852,0,0,0.882063651818607,0.51569447498723,-0.376656658777993,-1.76650299660338,8
64,2.1714796070259,0.778927795231102,-1.88722173554671,1.89459343487039,0,0,1.44743480988559,2.19075938292985,-1.38326120021897,-0.56447011052522,9
64,2.35069961298005,0.104146200161371,-0.331834516793181,1.89459343487039,0,0,0.681391101771705,0.460566290038303,0.394898838026682,0.259374496583495,10
64,2.61327776123846,0.924224802659278,-0.232038482732818,1.89459343487039,0,0,1.97406958764264,-0.0284231507165317,0.143016216778679,-0.608412547721983,11
64,2.77999404584698,0.852498599227809,-0.961689121873595,1.89459343487039,0,0,1.4860988713823,0.840322302529711,-0.906605746132909,-1.62295402339296,12
64,3.21345638582912,1.65376764992417,-0.984816962978721,1.89459343487039,0,0,1.65329501235262,1.23241351840391,-1.07716720257865,-1.95776224766427,13
64,3.44685918428104,3.39795466066825,-3.05680235774363,3.42577551186013,0,0,3.63141440320109,1.89295584166698,-3.50096192987588,-3.58457724574638,14
64,3.73861268234594,1.98027312185923,-1.65390036803588,3.42577551186013,0,0,2.41642850005761,0.590053097233292,-1.69087320249856,-2.26979913877396,15
64,3.78029175349806,2.04738006347652,-1.74058997331248,3.42577551186013,0,0,2.53248626748692,0.485938191891846,-1.83141455332957,-2.67415561132618,16
64,4.23042572194105,1.43510217908771,-0.0480679346369056,4.18461800899106,0,0,2.1578081734124,0.471116291503025,0.149397621765863,-0.871514849614787,17
64,4.48883596308425,0.0561665110057061,-1.00344266680514,4.18461800899106,0,0,1.21459234666684,0.874482028529581,-0.834744744983486,-3.20568391778948,18
64,4.68472759749926,0.547442025430166,-0.0883074531071711,4.18461800899106,0,0,1.14535210800861,0.505666098043283,0.756842150815928,-1.27347984173712,19
64,4.92229830306639,0.690605602088204,-0.727431531659223,4.18461800899106,0,0,1.10108889959743,1.04812972137282,-0.684459364311541,-0.816212564009292,20
64,5.01399225960107,1.10999299362526,-0.963839854406754,4.18461800899106,0,0,1.70508973077629,1.45375487443602,-1.36383877519599,-1.68676904007417,21
64,5.443286692468,-1.41244321765752,0.381359331398312,4.18461800899106,0,0,-0.840808613687755,-0.932453819440076,1.08329323268995,-1.24174876821172,22
64,5.62667460553736,0.441568848304819,0.196271510801833,5.49631478881034,0,0,1.11819829438394,0.294479848819339,-0.0504771272529405,-0.330610583248494,23
64,5.84340577552843,-1.25715938515348,0.415758169738143,5.49631478881034,0,0,-0.316986369096438,-0.907609797989236,0.709206623884011,0.0601610839057552,24
64,6.01428996725216,-1.83157525237191,0.850333353874915,5.49631478881034,0,0,-0.907073623830188,-0.998892651356656,1.24664965590673,-0.341830266417476,25
64,6.34355462935397,-0.864125660336791,0.545201636790228,5.49631478881034,0,0,0.0958635968221257,-0.392664522064097,0.95826466686943,0.0357669292196099,26
64,6.66448347722536,1.0032763373101,0.199576835950888,6.48416443035329,0,0,1.20189573403267,-0.351012409618833,0.370432590543028,0.0515522141378807,27
64,6.84787139029473,0.35778814463613,-0.143846867206666,6.48416443035329,0,0,0.79613394030259,-0.534000500311578,0.108773405352943,-1.73230850193119,28
64,7.07710628163144,-0.16730368611572,-1.01665377797459,6.48416443035329,0,0,0.335238183287286,-1.86119427576408,-1.29272155637078,-0.882599523063967,29
64,7.25632628758559,-0.0971165978674899,-0.695056128661479,6.48416443035329,0,0,0.772472610879278,0.503206085026596,-0.119436751940021,-1.71318725847203,30
64,7.53140815718964,1.45815779607756,-1.05579449359628,6.48416443035329,0,0,2.12237920970621,0.368552876250691,-1.36076618881268,-0.788648378651492,31
64,7.96070259005656,0.755083874313979,-0.170403219110298,6.48416443035329,0,0,1.38534448751044,-0.309761056889396,-0.840077797600842,-0.796895443670647,32
64,8.164930038702,1.68455191507587,-1.65178200402155,7.97674758046543,0,0,2.22471856294479,0.915980619201011,-1.35257514263507,-2.75865001455914,33
64,8.36915748734743,1.27469381029266,-1.30895655083334,7.97674758046543,0,0,1.83793419130343,1.61651266259622,-1.05191623753356,-2.40811278685687,34
64,8.61506400714498,0.557580791165995,-1.33463658909069,7.97674758046543,0,0,1.22689287492593,-0.195785726423608,-1.27634120050846,-2.13984365957654,35
64,8.76510866329265,0.736623558514043,-1.59603559200329,8.66635634927975,0,0,1.44410328345775,0.426534174999098,-1.91544851737443,-2.0062100832158,36
64,9.2360821673117,-0.747535829384901,0.74409805548467,8.66635634927975,0,0,-0.201564456681402,-1.40052425612193,0.78391615908341,1.11971944797094,37
64,9.47365287287883,-0.77052516402142,1.03139705120057,8.66635634927975,0,0,-0.0319927409709223,-0.913741178462021,1.24626152440064,-0.0148468553882908,38
64,9.6903840428699,-1.5424621775683,1.44482415887246,8.66635634927975,0,0,-0.708026824101523,-0.764855576043386,1.00044807726149,-1.59147897691845,39
64,9.76123846382852,-1.09726263007322,1.20820781612057,8.66635634927975,0,0,-0.390685350102567,-0.82531587997594,1.09547436865629,-0.113134391262147,40
64,10.1530217326585,0.342067881818701,1.08353080965932,10.0528865554674,0,0,1.20120161098054,0.577849961552062,0.861504830779126,0.129769086552963,41
64,10.4406073236082,0.363386804399536,1.64179540658326,10.0528865554674,0,0,0.940936566356561,1.87689355936481,1.57516272030291,0.978867178707913,42
64,10.632331050908,1.40291755237752,0.797984594055088,10.4720889222163,0,0,2.34974495461735,0.753136964494793,1.07643997136805,-0.886677732684776,43
64,10.7782077999405,1.30432339247245,0.61078803121155,10.4720889222163,0,0,1.97872767390542,0.163511631091936,0.902897278324007,0.69919815854254,44
64,11.0116105983924,1.0942942020596,0.131057879625451,10.4720889222163,0,0,1.51645936232542,-0.325898596924679,0.539237491527276,0.606165998593511,45
64,11.415897588568,-0.472717355669491,0.684775162865406,10.4720889222163,0,0,0.355779665554165,-0.619324249342919,0.916630686255144,0.406757560170124,46
64,11.6284608514439,0.0944508194195717,0.0212413562859838,10.4720889222163,0,0,0.856548268630261,1.75240660518619,-0.699554905850621,-0.821741138809836,47
64,11.9493896993153,0.106751427335425,-0.0781764158727149,11.7522897690105,0,0,0.652281966076252,-0.0893958150605391,0.238281545353417,-1.46096399646124,48
64,12.2411431973802,0.0542966139433726,0.911529023734353,11.7522897690105,0,0,0.752488738267856,0.0339485621196833,0.8725570849222,0.75931560718959,49
64,12.453706460256,0.316512505432023,0.274948831247511,11.7522897690105,0,0,0.710888008800906,-0.76251508060636,0.243926203923218,-0.61855915638633,50
64,12.6079190235189,0.320291844909464,-0.445943837403499,11.7522897690105,0,0,0.722234251085867,-0.0893277433334215,0.350723629972607,-1.58853212098589,51
64,12.7996427508187,0.426051803398166,0.0194750841399282,11.7522897690105,0,0,0.971043749726906,0.11249846941823,0.373622715556387,-0.397556769488381,52
64,13.2414409050313,0.136416686488456,-0.0690068562701961,11.7522897690105,0,0,0.820555053404577,0.189426473112894,-0.0910642702691029,-0.427344347808748,53
64,13.2622804406073,-0.0676800288742073,-0.542821753839029,11.7522897690105,0,0,0.493158055669751,-0.733662136503525,-0.476151702134516,-1.36559190347731,54
64,13.7332539446264,-0.122285962719148,0.0990818103329559,13.3008859947807,0,0,0.680062584538654,-1.11823424530955,-0.114075881950721,-0.587480745122742,55
64,13.8082762727002,-0.452750714549264,-0.166776448739552,13.3008859947807,0,0,0.131257803290992,0.152693791826357,-0.129856554436975,-0.80138713088206,56
65,0,0.122737782932588,-0.501485848373981,-Inf,0,0,-0.517785277173458,1.34522968705418,-1.49112619129126,1.41176981511338,0
65,0.20422744864543,0.746842986259436,0.198192633302758,-Inf,0,0,0.580645518449707,0.59647137691053,-0.369449300383877,1.86635416330432,1
65,0.412622804406073,2.13007323889515,-0.277429995995314,0.263714915548917,0,0,1.90515204897073,1.05335317056835,-0.887392982806168,0.998768798789916,2
65,0.641857695742781,0.300651380124617,-0.633736136960051,0.263714915548917,0,0,-0.028829209853517,0.742074698814333,-1.82722519005162,0.349390919270755,3
65,0.750223280738315,-1.3009124608402,-0.00836370741952452,0.263714915548917,0,0,-1.25083110998559,-0.695240026747587,-1.22937720443604,0.584614506735817,4
65,1.23786841321822,1.70397869337129,-0.79177003842479,1.1555201877822,0,0,1.15652679265434,2.03722978056182,-1.6126446978341,-0.753494951013074,5
65,1.30455492706163,1.31308102173715,-1.08421651579573,1.1555201877822,0,0,0.678141179935147,1.33368957710966,-2.06465870438043,-0.49446076446142,6
65,1.72551354569812,0.503556575559118,0.123255358121098,1.1555201877822,0,0,0.192015993777879,1.65824288196631,-1.37010844708796,1.84235730691438,7
65,1.79636796665674,0.517913136616442,-0.611083660413339,1.1555201877822,0,0,0.313279123065497,2.18457184844815,-1.81074860024915,0.605348284192973,8
65,2.21315867817803,0.415325785036928,-0.898154966879445,1.1555201877822,0,0,0.221363773164127,-0.0373532160783561,-2.0587150386754,0.242762679924479,9
65,2.34236379874963,0.0719874632989641,-0.682380821244029,1.1555201877822,0,0,-0.346314179180803,1.11913223381837,-1.6967904672913,0.0587150122942829,10
65,2.66746055373623,2.38078677190774,-1.92862177270271,2.50449734085347,0,0,1.87687465377871,2.44630571325637,-2.42612795301386,-0.262992872955615,11
65,2.93837451622507,1.50939517474519,-1.90638740555133,2.50449734085347,0,0,1.33690167877131,1.22451407344804,-2.6300117280755,-1.09695420386353,12
65,3.18011312890741,1.33981091876503,-2.6402979307541,2.50449734085347,0,0,0.834042750205028,2.19162109826299,-4.07049193583626,-0.241125846178279,13
65,3.48853825543316,3.55727897454483,-2.89905352753369,3.35548460930049,0,0,2.69027370046285,3.38116074518694,-3.47891086622201,-1.341235355557,14
65,3.53855314081572,2.91329988990841,-2.18757750070572,3.35548460930049,0,0,2.15742843810435,2.2414583754303,-2.92443425513154,-1.19470611033544,15
65,3.89282524560881,1.5146951038086,-1.87182373836631,3.35548460930049,0,0,1.01817966735649,1.89481821576758,-3.20037617606759,-0.323018890095026,16
65,4.05537362310211,0.74746526810023,-1.46843307446629,3.35548460930049,0,0,-0.0552629683399623,1.64583939586845,-3.00850074014788,0.145333136272507,17
65,4.3429592140518,1.98489808644065,-2.50266127914806,3.35548460930049,0,0,1.6192212388799,1.46840536024257,-3.49589146015827,-0.302815263526511,18
65,4.54301875558202,3.5584901471208,-3.38055270452553,4.39898058261472,0,0,2.8799468307162,3.41982762210646,-4.06862857986379,-0.65259553987268,19
65,4.89729086037511,3.07823884544046,-2.49711318745834,4.39898058261472,0,0,2.7749215688683,2.28083902882226,-3.34337462203772,-1.60639034989234,20
65,5.00982435248586,2.16279943869758,-2.64140786641463,4.39898058261472,0,0,1.55678502295565,1.67352325244471,-3.52946958942293,-2.14428896648393,21
65,5.27657040785948,2.30368562718818,-3.19988937830258,5.01920339140611,0,0,1.7760948577623,2.02973802679532,-4.11750893212541,-0.686540958849818,22
65,5.62667460553736,0.0467741654363501,-0.633096155707125,5.01920339140611,0,0,-0.0848684937052056,-0.00624943113508791,-1.93289560076327,0.60704596963349,23
65,5.77255135456981,1.37659177601398,-0.0184502411803685,5.01920339140611,0,0,0.976907607157335,1.49860294979265,-1.18373151477255,0.466231874590329,24
65,6.18100625186067,0.773402205718236,-0.875419090239498,5.01920339140611,0,0,0.334721678196101,0.264204527556527,-1.88632379063682,-1.07734114659707,25
65,6.32688300089312,1.05681645940184,0.204303296730001,5.01920339140611,0,0,0.622629528722763,1.32304831837842,-0.417183652784223,1.63477616096573,26
65,6.60613277761238,1.16969514588784,-1.93560118276018,5.01920339140611,0,0,0.764500272186295,1.05394208129989,-2.7362474918929,0.934699359879528,27
65,6.96457278952069,1.19284340543912,-1.03009418182079,6.70982891369002,0,0,0.963518252333611,1.66544394448139,-1.84293273810284,-1.43961102072465,28
65,7.2271509377791,-1.11178920405543,-0.802352490152323,6.70982891369002,0,0,-1.2335349912749,0.707827113469687,-1.26591325418434,0.10823843818098,29
65,7.43137838642453,0.419684278207622,0.765909508212304,6.70982891369002,0,0,0.146913860474462,0.179858261787552,0.277623575435644,1.39846448400998,30
65,7.72729979160464,0.688792732359904,-0.65914686345632,6.70982891369002,0,0,-0.1603209314621,1.09588546381124,-1.30361128412482,-0.337183412220165,31
65,7.7773146769872,0.263578167337005,-0.149776167218895,6.70982891369002,0,0,0.137589186308727,1.05935100377472,-1.6672432513393,0.161340992431877,32
65,8.1982732956237,0.767785995122316,-0.169827669009849,7.79668851868393,0,0,-0.211344715474816,1.64702444217301,-1.38295598041832,1.2921039311472,33
65,8.27329562369753,0.121182976610281,-0.105884442117132,7.79668851868393,0,0,-0.187666405015884,0.43184989190697,-0.876673242361628,0.931237592750036,34
65,8.54420958618637,1.4363581213634,-0.960229614734345,8.50266527418011,0,0,0.622138694747161,1.48828882642317,-1.70416173204838,-0.719879527228615,35
65,8.75260494194701,1.27944074278776,-0.439316979164011,8.50266527418011,0,0,1.34753126489946,0.372189756065889,-1.33090895392289,-0.645066028407096,36
65,9.00684727597499,0.652050992293721,-0.399749029561441,8.50266527418011,0,0,0.192817561377357,1.08979213900908,-1.27716311164203,0.737346243589207,37
65,9.39029473057458,-0.315225529279047,-0.593325420428029,8.50266527418011,0,0,-0.668364832995318,0.598554179020043,-2.2216584225615,-0.741596974414242,38
65,9.53617147960703,-0.405688797877735,-0.463499738238627,8.50266527418011,0,0,-0.648065938239362,-0.555552659309792,-1.67061293322727,-1.47238081098157,39
65,9.76540637094373,1.91569603569999,-0.497498940512664,9.6967372121361,0,0,1.7602414179644,0.617756172449639,-1.27668845341669,-0.0719986564473986,40
65,10.2197082465019,0.483609007189951,-0.636985887357523,9.6967372121361,0,0,0.0263578207883347,0.0983613057236384,-0.829843442244408,0.0879505951342957,41
65,10.4572789520691,0.607257415488054,-0.174945392603449,9.6967372121361,0,0,0.317729191765838,1.73918137581095,-1.11847157543412,0.668292407392392,42
65,10.5239654659125,0.737162198874763,-0.474686020450447,9.6967372121361,0,0,0.0862782506326766,0.936635142711648,-1.73637243274555,0.262681738115702,43
65,10.9074129205121,-0.575644448484799,0.0546058530851867,9.6967372121361,0,0,-0.882333014531696,0.32230936903706,-0.745464409121965,0.352499926349713,44
65,11.1491515331944,-0.741994580740876,0.47007435399774,9.6967372121361,0,0,-1.08585601621151,1.00270881500093,-0.0296284831003517,1.42009221959842,45
65,11.395058052992,-0.214012231671542,-0.0646915132253187,11.1642733861047,0,0,-0.825670843640935,0.882601613374488,-0.948114639778711,0.755706337728442,46
65,11.611789222983,-0.56210766439988,1.0535977788444,11.1642733861047,0,0,-0.513568250763211,-0.771163464041935,0.289261868230121,1.37065304375559,47
65,11.8952069068175,0.760064295776117,0.497970587651485,11.7756966369961,0,0,0.221582200086554,1.09755166219963,-1.02432188414668,-0.147706438334291,48
65,12.2453111044954,-0.0335515451225102,0.210032784359903,11.7756966369961,0,0,0.0165688558840631,1.07998367706341,-0.656348160470361,0.641566075464823,49
65,12.4453706460256,-0.947992195573492,1.01584774730365,11.7756966369961,0,0,-1.12052595912798,-0.273285116954816,-0.333834888574298,0.660488424669238,50
65,12.7454599583209,1.06865514793386,-0.726127706541729,12.5564229491185,0,0,0.597233684714254,0.348786251633677,-2.12350751282717,-0.372992595821491,51
65,12.9580232211968,0.759329779888739,-0.1557814468268,12.5564229491185,0,0,0.169672346841265,1.83557253223726,-0.963523926224356,1.77062897402601,52
65,13.0163739208098,-0.378444197375823,-0.0266181848886958,12.5564229491185,0,0,-0.591172259107553,0.204156243907796,-1.20638744222674,-0.130605191628473,53
65,13.3873176540637,-0.795494744393984,0.181407798462838,12.5564229491185,0,0,-1.06061371237832,0.477470588967282,-0.472143386948154,1.09070203461356,54
65,13.6707353378982,0.825435804337916,0.216199126345014,13.587859799026,0,0,0.182883340110541,2.15670844124531,-0.232620758329649,-0.139354198868546,55
65,13.7791009228937,1.24407527719758,0.389389111452478,13.587859799026,0,0,0.695721801338443,0.344313094577728,-1.09167597705895,0.680266206362072,56
66,0,1.12503952205452,-0.426721735900898,-Inf,0,0,1.25396741541984,1.54496087400402,-0.140524454078451,-1.65104116361646,0
66,0.125037213456386,1.7322115835875,-0.556368052532414,-Inf,0,0,1.77095088543143,0.608264384532932,-0.155434920333856,-0.870979145178155,1
66,0.425126525751712,3.01951314789621,-2.1591189500949,0.18216758914059,0,0,2.96491786199026,1.8164695232468,-2.02768401881677,-1.64537767626497,2
66,0.712712116701399,3.13690187677208,-1.10916953860168,0.18216758914059,0,0,2.82361132196452,1.59263802539751,-0.637068811638323,-1.95087467129537,3
66,0.850253051503424,2.28617073105745,-1.11397943393454,0.18216758914059,0,0,2.21861284298424,2.27913418139609,-1.03408157074402,-2.64531303874669,4
66,1.00863352188151,1.37887913003846,-1.37561996984363,0.18216758914059,0,0,1.85022260759511,0.224187300163732,-0.5391567086301,-0.948093396164527,5
66,1.25870794879428,1.1985862951935,-1.34678740935264,1.09394050603553,0,0,1.30669773999228,1.48610143854262,-1.02290351050254,-1.61047065610334,6
66,1.63798749627865,0.847111497749498,-0.957819447209698,1.09394050603553,0,0,0.710005322272352,0.761313782345574,-0.227134981866759,-1.39025467291692,7
66,1.80887168800238,0.160771415511942,-1.7318634925493,1.09394050603553,0,0,0.458356982109902,0.161838699714789,-1.58360764429904,-0.874665619040208,8
66,2.0089312295326,-0.336407274113792,-0.661400014228622,1.09394050603553,0,0,-0.123584903691954,1.40626397605536,-0.554533867530253,-0.837674383585033,9
66,2.2673414706758,0.979666577762102,-0.287302479804613,1.09394050603553,0,0,1.19079513573137,0.84406346463472,-0.287830058869933,-0.240808939214651,10
66,2.56743078297112,0.505768926282409,-1.64077427685374,2.31560556613482,0,0,0.634944356982489,0.771179429766536,-1.6552926677815,-3.20107857053578,11
66,2.90086335218815,1.0198537477367,-0.971781868931965,2.87944403145856,0,0,0.814341694077972,0.701239162485546,-0.934909429147782,-1.56008716884401,12
66,3.23429592140518,0.852970696622157,-0.534431397260915,2.87944403145856,0,0,0.953068502807695,0.912002591805649,-0.389181947691364,-0.432786012423137,13
66,3.33432569217029,0.823427923346109,-0.765561825186488,2.87944403145856,0,0,1.1020358315567,1.63951709244866,0.27564426104231,-0.879247408258516,14
66,3.50520988389402,-0.717100625546367,-0.351298477322152,2.87944403145856,0,0,-0.360129249607667,-0.464923653199323,-0.524206808466049,-1.1351201744044,15
66,3.98868710925871,-0.430652402468415,-0.636810988455374,2.87944403145856,0,0,-0.275910422642855,0.528178745213019,-0.101903636467293,-1.2678119294611,16
66,4.13873176540637,0.0675257584907543,-0.450764708021761,2.87944403145856,0,0,0.186841197512037,0.167322506478002,-0.251589476141802,-0.669663160519699,17
66,4.27210479309318,0.478959271294541,-0.51739090884041,2.87944403145856,0,0,0.685390213560108,1.48469297513125,-0.128152951183908,0.116443816745806,18
66,4.56385829115808,0.353409037632282,-1.10124765339404,2.87944403145856,0,0,0.526680341926392,1.08059643843476,-0.525879119794585,-1.28969118937369,19
66,4.95147365287288,0.625749090219152,-0.83310867366629,4.61616022902756,0,0,0.681550426719898,0.365579496640727,-0.154076899408345,-0.0286214194769665,20
66,5.11818993748139,1.94762167732265,-0.563800517295961,5.0444997082142,0,0,1.87422849852622,1.50400727079771,-0.478916323332717,-1.43629679080246,21
66,5.30991366478119,1.80461954692431,-1.57462661715404,5.0444997082142,0,0,1.38633895155769,1.92180200248527,-1.12016815416068,-2.65551940416555,22
66,5.6058350699613,0.271688557713987,0.65646480547038,5.0444997082142,0,0,0.191367936525336,1.02541567902415,1.19437978387019,-0.373740128143905,23
66,5.99761833879131,0.715432089744908,-0.91029621127385,5.0444997082142,0,0,0.72711010746482,-0.0164978306205984,-0.602575338504789,-0.386368936429126,24
66,6.20184578743674,2.73370608146769,-2.94101896206442,6.15367566583535,0,0,2.35191318496526,2.56278490455873,-2.93484923356149,-3.86026174004809,25
66,6.46442393569515,0.83494347553868,-1.46895599666704,6.15367566583535,0,0,0.770644943016276,-0.654800551331675,-1.22519250688943,-1.79010267664149,26
66,6.73116999106877,-0.636190866138835,0.341046467343558,6.15367566583535,0,0,-0.41421944549128,0.411499101816287,0.800219298429976,-0.0631980239101702,27
66,6.80202441202739,-0.542576805276426,0.2245286969315,6.15367566583535,0,0,-0.503360641702614,0.144358482427356,0.89004032272232,-2.47376408972066,28
66,7.21047930931825,-1.44873952786894,1.54248726992384,6.15367566583535,0,0,-0.752420605862721,0.0573361897542143,1.93207000854424,-0.0408176058793956,29
66,7.29800535873772,-1.36635746796671,1.54562121419041,6.15367566583535,0,0,-1.17143189550937,-0.458798431033632,1.45088494477151,1.52387143300988,30
66,7.52724025007443,-0.00186721531562991,1.74873920687675,6.15367566583535,0,0,0.126068945727273,-0.0620664004328383,2.45740231562349,0.688421513901549,31
66,7.84816909794582,-0.0693320558132338,-0.0862641982444736,6.15367566583535,0,0,0.196929560527153,0.0969679058342127,0.792169757101307,-1.38186958418547,32
66,8.22744864543019,1.6903212227769,-0.815375014238837,8.19360942666849,0,0,1.97427711128029,2.33950347808348,-0.271887430422273,-1.00925395645506,33
66,8.37749330157785,1.42302279776496,0.0288288366190931,8.19360942666849,0,0,1.30904914252439,2.12850840748774,0.403732701096033,0.141977321713729,34
66,8.55254540041679,0.884091556882562,-0.100182036618824,8.19360942666849,0,0,0.85354635714316,0.956533918597682,0.514950414209407,0.0410348244184142,35
66,8.83179517713605,0.77707171939917,-1.73585060264974,8.19360942666849,0,0,0.978046753836422,0.883108629819808,-1.62940747444759,-1.95019952144408,36
66,9.20273891039,0.37985432265606,-2.28936667096097,8.19360942666849,0,0,0.474127602583507,0.0539214260455992,-1.76512078607688,-3.63748317865686,37
66,9.32360821673117,-0.140434973949387,-1.24880872762832,8.19360942666849,0,0,0.196235722459491,0.267542549468152,-0.180897304316747,-2.21006285811053,38
66,9.65287287883299,3.05125240096027,-0.953451192207749,9.60003037020349,0,0,2.57707541651789,2.25669628473995,-0.535251388503745,-1.33671770200837,39
66,9.87793986305448,1.65237058931237,-1.22747149722986,9.60003037020349,0,0,1.56700099138133,1.07992578308543,-0.899456579921329,-1.21238843387064,40
66,10.1530217326585,-0.0404573366507748,-0.730435796234371,9.60003037020349,0,0,0.0184929751766357,1.57710269131584,-0.570102590837076,-0.849709066038862,41
66,10.3947603453409,2.13903280204765,-1.53895306647701,10.319520393322,0,0,1.89567350920589,1.51769423411669,-1.41362710744495,-2.34426726893684,42
66,10.7365287287883,-0.672125644731441,-0.00662443078542575,10.319520393322,0,0,-0.491550717132801,-0.244511956612089,0.244518557321214,-1.06617836888417,43
66,10.9115808276273,-0.696807744290529,0.20276675540887,10.319520393322,0,0,-0.73093601932875,1.24153601522085,0.977105607709496,-0.383745242290512,44
66,11.1574873474248,0.151675273161309,-0.0762658070958639,10.319520393322,0,0,0.0370684676580029,1.47918984142526,0.714170361310534,-1.4894497389478,45
66,11.4867520095266,-0.0695743664242118,1.4310483922275,10.319520393322,0,0,0.00136513691506016,-0.491010771843382,1.62892951704728,0.956789403105401,46
66,11.532598987794,0.536219502969669,1.1791967193344,10.319520393322,0,0,0.750664813058512,0.960037704412043,1.43791411217005,0.418936858441104,47
66,11.8618636498958,-0.256134690649779,0.242510340257183,10.319520393322,0,0,-0.216846573558502,0.898672666345816,0.192322704945723,-0.706841737448005,48
66,12.1452813337303,0.967657812647568,0.504237984196524,11.905954152745,0,0,1.15121223946452,0.176807370636819,0.765843698577419,-0.25935485944796,49
66,12.3411729681453,-0.511771557517985,1.13598741845619,11.905954152745,0,0,-0.387108030406712,0.887110544729054,1.62083966124199,1.69549329084522,50
66,12.5412325096755,-0.728302089350667,0.956324281225242,11.905954152745,0,0,-0.279919025893991,0.271425726821236,1.16757107539722,0.128113025866275,51
66,12.8204822863948,-0.0397141317862127,0.974731438508655,11.905954152745,0,0,0.0433617617340844,0.616102035784326,1.5329721503473,1.22115073229276,52
66,13.1789222983031,2.4220868596728,-0.241080798053868,13.0352113002696,0,0,2.38971282015225,1.46855857752069,-0.548301106190987,-1.88064902735473,53
66,13.4498362607919,0.867535839751962,-0.766723380853946,13.0352113002696,0,0,0.714642938902245,1.28865179139509,-0.369589210719929,-0.898936876483554,54
66,13.7499255730872,1.33933336215274,-1.53324043935959,13.7487940153573,0,0,1.55000169815794,0.550249275956846,-1.36733062331095,-0.602817531554961,55
66,13.8416195296219,0.849739877013502,-1.71985786790026,13.7487940153573,0,0,0.866243071311299,2.16956645329892,-1.14625495536085,-0.204928367415592,56
67,0,0.91387174907706,0.26796895506639,-Inf,0,0,0.877685216092614,0.979055240253141,0.0949082646652521,1.37930784441029,0
67,0.17505209883894,1.79025532350681,-1.35846063465745,0.0922154205967672,0,0,2.05030447981413,0.997031931975421,-1.59744477235331,1.18238470470471,1
67,0.470973504019053,0.715437297507481,-1.15781737086177,0.0922154205967672,0,0,1.05772051077891,0.790197377186065,-1.40788322459019,-1.32365983855653,2
67,0.600178624590652,0.0126683364407323,-0.780752283790392,0.0922154205967672,0,0,-0.0597594785826164,0.482926738344056,-1.0629917675314,1.42402417849836,3
67,0.94611491515332,-0.570756729594255,0.174420025715713,0.0922154205967672,0,0,-0.346739929382246,0.140269011228024,-0.40957686263575,0.612667198655113,4
67,1.04614468591843,-0.42524350564034,-0.378983455993461,0.0922154205967672,0,0,-0.194238077646822,-0.903626226403665,-1.04408722735978,1.59040870679351,5
67,1.36707353378982,1.34663855987808,-1.21867829796675,1.29696241412133,0,0,1.55964349967004,0.919648518441694,-1.5309957746162,0.318270788641494,6
67,1.52545400416791,1.6149337419081,-0.446176069908087,1.29696241412133,0,0,1.73916133448621,2.24138562115748,-0.794493988946248,-0.245423551010749,7
67,1.94641262280441,0.907704244501931,-0.207743232767572,1.29696241412133,0,0,0.99456568172884,0.201192462445366,-0.13548076269869,-0.494114612522531,8
67,2.05061030068473,0.988645520314133,-0.352331245095526,1.29696241412133,0,0,0.80654329371291,-0.478407820067753,-1.1818521043121,0.399753033924325,9
67,2.27567728490622,2.09874515056283,-2.86987185834059,2.25544623979009,0,0,1.81347125685188,0.580102349028864,-3.27330687561707,-0.349084935095321,10
67,2.73831497469485,1.28015426085057,-0.223614244720734,2.25544623979009,0,0,1.34168082292986,-0.808783792987907,-0.655185571686738,0.875452927643746,11
67,2.77165823161655,0.740100470701459,0.0902814742393349,2.25544623979009,0,0,1.05535852708359,1.28516219155409,-0.549369139644072,1.10363482160416,12
67,3.22596010717475,1.3581235344334,0.0691263707163058,2.25544623979009,0,0,1.37189725421002,-0.00633062148626362,-0.167500355849534,-0.0425454976358571,13
67,3.25096754986603,1.32508667515717,-0.175128599351434,2.25544623979009,0,0,1.34530039316348,0.606265579493818,-0.116255967067267,0.865762578048117,14
67,3.63441500446561,4.01755587295292,-1.47557991449997,3.58251700247101,0,0,3.61708751180402,1.43764995924064,-1.84711068598026,-0.701863668137457,15
67,3.93867222387615,1.6890047886518,-1.74735552705942,3.58251700247101,0,0,2.22923618421242,1.55346050742832,-2.90316642216661,1.01448396021592,16
67,4.0845489729086,0.350921466674442,-0.871271860044347,3.58251700247101,0,0,0.135655117925171,-0.446702762377056,-1.16277019714512,0.98699242683005,17
67,4.35546293539744,0.927048293794764,-1.04086355611798,3.58251700247101,0,0,1.00244247099554,0.976703121033547,-1.5713044649983,0.0964618157842057,18
67,4.56385829115808,4.34298324038258,-1.24076062604443,4.46770741407974,0,0,3.85622343492166,1.40184321424119,-1.93992462785659,-0.261319618518353,19
67,4.98481690979458,1.66130292899128,-1.75410908645315,4.46770741407974,0,0,1.69118034695172,0.915339591847461,-1.92899376850729,0.597576640673143,20
67,5.05150342363799,2.06875165560057,-2.3830507472107,4.46770741407974,0,0,2.36725286258894,0.762360888426764,-2.37965492466013,-0.326164085537283,21
67,5.32658529324204,0.94456877802266,-2.4876047773165,4.46770741407974,0,0,1.04193703696762,-0.0244222770954287,-2.67380059281204,-0.954632331559397,22
67,5.51830902054183,1.73131282394859,-1.75039436195268,5.40463652740268,0,0,1.890134015943,1.16349363777499,-1.69741556832789,-0.220646905336675,23
67,5.81423042572194,1.01323015481896,-1.7181198778705,5.40463652740268,0,0,0.873217166898638,0.6237292797569,-2.63747895799999,-0.800787142411293,24
67,6.23102113724323,-0.227969982982012,0.237884423517203,5.40463652740268,0,0,-0.0576600007512344,-0.753396067973402,0.121195591258503,1.50005836089383,25
67,6.49359928550164,1.28553878008042,-0.437726209862705,6.36444869131172,0,0,1.06078705990594,0.252051296468132,-0.280809494130617,1.72153948020483,26
67,6.70616254837749,0.354472688045199,-0.0443644797345324,6.36444869131172,0,0,0.260957174715161,-0.00950330581637782,-0.83130310713819,0.803818072259126,27
67,6.96040488240548,-0.509451822642979,0.557790581749159,6.36444869131172,0,0,-0.315763919434737,-0.784952673375158,-0.0413063058492813,2.08311159320071,28
67,7.21464721643346,-1.04317388270265,1.83242589315243,6.36444869131172,0,0,-0.90598172744825,0.0816783345092168,1.65906544807844,2.02892376255232,29
67,7.28966954450729,-1.55681961753467,1.93974583495912,6.36444869131172,0,0,-1.0707835978262,-0.736182170492799,1.22363823127433,3.03144751019498,30
67,7.58559094968741,-0.20042384621058,1.48618492345748,6.36444869131172,0,0,-0.128119608014379,-0.867273966504772,1.23379733898282,1.36440938745082,31
67,7.95236677582614,0.443705415014952,-1.39146782494375,7.70299614419838,0,0,0.248635222598329,-0.695734673050344,-1.68675241010254,-0.54717459598094,32
67,8.20244120273891,-0.256161799344015,0.672561070444742,7.70299614419838,0,0,-0.289835596233565,-0.0730392755060171,0.386558332258196,2.15914403639412,33
67,8.38166120869306,-0.433466615406876,0.513798454498622,7.70299614419838,0,0,-0.483576792171723,0.311156512393585,0.225964201849342,1.79316836981347,34
67,8.74010122060137,-0.0502007745759388,0.639965970109761,8.4047514993787,0,0,0.143780615307487,-0.181103907430583,0.0311060244047309,1.33464380124372,35
67,8.81929145579041,-0.423487118133,0.816102616779605,8.4047514993787,0,0,-0.34601408642236,-0.282440658246205,0.173421006630395,2.64482989412422,36
67,9.02351890443584,-0.887292012174333,1.50365242100986,8.4047514993787,0,0,-0.3910183372423,-1.52228061434661,0.91006589217159,2.22558365152035,37
67,9.26525751711819,-0.437553742195518,1.35535936045284,8.4047514993787,0,0,-0.33597879023091,0.235757147854706,0.849165751150742,-0.10143256588204,38
67,9.72789520690682,1.58184368809698,-0.657022193299793,9.6518819774107,0,0,1.35768347958563,-0.853402226550742,-1.32526781535869,-0.760813097758896,39
67,9.94462637689789,1.1001680987374,-0.536526331400771,9.6518819774107,0,0,1.16549836467127,-0.00119271710859997,-1.01794146299939,-0.28714266684571,40
67,10.1488538255433,0.00158954687723195,0.623037635291295,9.6518819774107,0,0,-0.0896142421823908,0.154986246017021,0.512651270237438,1.3215166291029,41
67,10.4822863947603,-0.624186388563665,1.74033511147906,9.6518819774107,0,0,-0.455456570497554,-0.654724288116149,1.69606384132697,2.85998638312769,42
67,10.5114617445668,-0.455559626351023,1.55959805400775,9.6518819774107,0,0,0.171042114876034,-0.893127380626191,1.62209663301455,3.12784992035539,43
67,10.8115510568622,-0.0112857692514244,0.73037604045644,10.7437737369731,0,0,0.147584453600419,0.508015406849773,0.157652453357265,1.44691933420645,44
67,11.0866329264662,-1.42377435758421,1.26991800667448,10.7437737369731,0,0,-1.17091276571385,-0.875339539137214,0.965721221239194,1.7108162299921,45
67,11.4784161952962,-1.83973495767161,1.61937994603529,10.7437737369731,0,0,-1.24489682598026,-1.92211636850628,1.04573887718207,2.24132439394818,46
67,11.670139922596,-1.85714664003404,1.77212029295388,10.7437737369731,0,0,-1.58653846233432,-1.04098344027585,1.18542867760366,1.91098963268172,47
67,11.9327180708544,-0.429248430547162,0.716483204836836,11.8433416824358,0,0,-0.217100197318237,-1.25858602699851,0.284183410275077,1.58939259437552,48
67,12.178624590652,-0.33272081505639,1.98075379532071,11.8433416824358,0,0,0.0998597288372718,-1.09127276079285,1.85733913090826,3.09154271470439,49
67,12.3786841321822,-0.4249400407659,1.38381294714578,11.8433416824358,0,0,0.317065550923003,0.147306580802341,0.763091826283072,2.15944554127732,50
67,12.7454599583209,0.565855395186908,0.68160765656157,11.8433416824358,0,0,0.505394247473165,-0.298755598206998,0.582489096571761,1.22360089261953,51
67,12.7746353081274,0.642647434591022,0.426638644389465,11.8433416824358,0,0,0.983092926533411,-0.365228421200314,0.0978090199529809,0.977243566108194,52
67,13.1664185769574,-0.441382723331576,0.478605694266737,11.8433416824358,0,0,-0.210311147604907,0.89830870945752,-0.366441395070727,0.401852935174011,53
67,13.4331646323311,2.08038442925669,-0.350012320076258,13.3273012026231,0,0,2.30874035515856,0.852082651596038,-0.139457875795356,-0.210621248485035,54
67,13.6498958023221,1.58072623306292,0.146664164201726,13.3273012026231,0,0,1.62147524065517,1.71440373959046,-0.702243382623806,1.39886097987333,55
67,13.9583209288479,0.493492764951365,-0.16213191362396,13.6944632741041,0,0,0.700735707712546,0.0905616822453125,-0.3208986287517,1.28309273741269,56
68,0,0.327271016744179,-1.0618131607723,-Inf,0,0,-0.0367282439172398,-2.29056954696593,-1.29170013807526,-1.13002758939225,0
68,0.0458469782673415,0.593934572148676,-1.78366959892291,-Inf,0,0,0.503518281538698,-0.779281092908256,-2.30114878171559,-1.56192737621332,1
68,0.462637689788628,-0.697559534747353,0.386239370892869,0.111205878993496,0,0,-1.02025278468901,-1.24683155878084,0.0698584583124696,-1.49970891813429,2
68,0.508484668055969,-0.706547360571356,0.322615698124558,0.111205878993496,0,0,-1.14372886031657,-2.42376888486016,-0.377674755385246,0.3913312704719,3
68,0.808573980351295,-1.968462745893,0.956425628330477,0.111205878993496,0,0,-1.64774244705252,-1.18984068056362,0.675500029160784,0.159033658606224,4
68,1.16284608514439,-0.975375268530987,-0.286662009569376,0.986556164895256,0,0,-1.01526794060201,-2.7593370951277,-0.739909204581623,-0.0975702065929599,5
68,1.25037213456386,-0.836572706266806,0.731696263619392,0.986556164895256,0,0,-0.681369503545047,-2.45930778694568,0.244564408974218,0.663920818941823,6
68,1.683834474546,-1.82062069854351,1.59023984560886,0.986556164895256,0,0,-1.55946348075828,-2.31055150620031,0.889399727197417,0.718087731657751,7
68,1.92140518011313,-1.07424038546018,1.99218103582936,0.986556164895256,0,0,-0.932616146862514,-2.3344130824756,1.27764531681295,1.66384081050331,8
68,2.15897588568026,-0.957388428260391,2.54515944287501,0.986556164895256,0,0,-1.06807426535843,-2.98912212308193,1.47673101168862,1.06297573261936,9
68,2.34236379874963,-1.00109913759239,2.14545749544399,0.986556164895256,0,0,-0.996734394428518,-1.75282473454524,2.25373811870948,1.06122516623473,10
68,2.55075915451027,1.03438427808935,0.673745866506789,2.36136141980174,0,0,1.00024055141309,-0.414873436441294,0.53038314741283,1.23772425566298,11
68,2.81333730276868,0.196728529020016,0.114634073684396,2.36136141980174,0,0,-0.0427128153268996,-1.88988112381528,-0.271589092685457,-0.635197402944819,12
68,3.22596010717475,0.937881518628559,0.199368159875623,2.36136141980174,0,0,0.554881538274125,-0.529702531373591,-0.324691048296276,0.0917169526445081,13
68,3.38434057755284,1.11148081487311,-0.26420008797564,2.36136141980174,0,0,0.930051167807347,-0.719357741133043,-0.579401923076272,-0.073192811848914,14
68,3.68026198273296,3.62658057632931,-2.08618371353606,3.63779411937039,0,0,3.11558744988186,-0.407325167582113,-2.64387617640144,-1.49386237340073,15
68,3.86364989580232,1.96066322608754,-1.8734349515072,3.63779411937039,0,0,1.92835834901283,-0.908452773114009,-2.55452518649574,-0.932954805417685,16
68,4.09288478713903,1.00959439901679,-0.121120763803115,3.63779411937039,0,0,0.820552410901676,-0.112394699267624,-0.20685254336668,-1.79152693398232,17
68,4.32211967847574,0.297660263657485,-0.102950223808164,3.63779411937039,0,0,0.347735787422448,-2.27508329265535,-0.7025182575667,-0.881624623941294,18
68,4.50967549866032,1.51288378178914,-0.142198725372777,3.63779411937039,0,0,1.13597542127578,-0.173048275616381,-0.642800930333528,-1.2764589527728,19
68,4.90979458172075,1.48475694573397,-2.41708210264464,4.52785273635975,0,0,1.10476589475706,-0.783948270747127,-2.92150606606712,-2.08595189358192,20
68,5.20988389401608,1.39064588191966,-1.85843246489153,4.52785273635975,0,0,1.24358393414314,0.0320880812418832,-2.3265253514782,-1.7867143356512,21
68,5.4766299493897,1.45278195559629,-1.88784020452707,4.52785273635975,0,0,1.10839460523715,-0.581171838575306,-2.69034920620193,-1.62592350817961,22
68,5.74337600476332,3.96381660370527,-2.73123647377586,5.67941757989152,0,0,3.44764658726096,-0.0700488416233304,-2.68168212753895,-2.11998810940648,23
68,5.96844298898482,3.53392038868448,-2.30041938392844,5.67941757989152,0,0,3.03662969923466,0.137924673731253,-1.91113456912657,-2.76076802492314,24
68,6.20601369455195,3.85355651246489,-3.00646313294468,6.1179114085049,0,0,3.33696398558596,0.413456888676985,-3.26227148192669,-2.23017283266194,25
68,6.39356951473653,2.41428411823097,-1.63719582006236,6.1179114085049,0,0,2.08459503564792,-1.44755623266765,-1.78450083543895,-2.17589166955421,26
68,6.71449836260792,0.835825583211242,-0.234855246082187,6.1179114085049,0,0,0.573644135153329,-0.60527593169674,-1.13508583451265,-0.703325696242826,27
68,6.99791604644239,0.811360587000111,-0.166643494596136,6.1179114085049,0,0,0.639706132139692,-0.969085463345263,-0.371191784329551,-0.12544070729337,28
68,7.10628163143793,0.0627082702752519,-0.228016008946916,6.1179114085049,0,0,0.0214280179471206,-1.0137531004976,-0.907895462954016,0.511721139063157,29
68,7.37719559392676,3.87278048896824,-1.71767701943865,7.32922990767894,0,0,3.32375814099237,-0.294892611484401,-2.64003530793979,-2.20970089570108,30
68,7.50223280738315,2.69079719262889,-1.04464687761416,7.32922990767894,0,0,2.11320891202375,-0.472599286456923,-1.83919079824063,0.0495471276486228,31
68,7.8106579339089,0.584073806462946,-0.565980456581027,7.32922990767894,0,0,0.226134224142803,-0.881761619805275,-0.923424740381828,-1.13200100504659,32
68,8.05656445370646,0.199199398740666,0.666162011036755,7.32922990767894,0,0,0.0632814250052645,-1.73242156568188,-0.0596479855032324,-0.0576960900432846,33
68,8.49836260791902,0.386197952826528,0.019183851574105,7.32922990767894,0,0,-0.0349186497565398,0.233491348523933,-0.342622180821456,-0.24060571945839,34
68,8.65674307829711,0.450115414125118,0.506034426828169,7.32922990767894,0,0,0.378739532937379,-0.624677432503211,-0.0883810601794849,-1.11842184369993,35
68,8.80678773444478,1.69165962574572,-0.53868872382603,8.71327756220439,0,0,1.12782205192868,-0.762773359244892,-0.564431734651226,-1.26314289484103,36
68,9.04435844001191,0.224717029287315,-0.291864624037611,8.71327756220439,0,0,-0.177164930182189,-1.40302986893732,-0.371559179490229,0.115042479193415,37
68,9.44030961595713,0.339350018411734,-0.0761431050958147,8.71327756220439,0,0,0.534859767547884,-0.942434480260899,-0.0325756495599548,-0.840549158504325,38
68,9.5278356653766,-0.325952168005458,-1.02417583781799,8.71327756220439,0,0,-0.410858006250682,0.0370791236758401,-1.07489336950408,-0.8643790015188,39
68,9.83209288478714,0.618930846223217,-0.367273363008889,8.71327756220439,0,0,0.31004931331703,-1.92131412729942,-0.89251550435514,-0.658334833202256,40
68,10.0488240547782,0.994605275069244,-1.46673679397476,9.85120094486763,0,0,0.49980713469897,-1.51091076595469,-1.3564847426861,-1.92869677533626,41
68,10.4572789520691,-0.246132373719076,0.150573679859558,9.85120094486763,0,0,-0.386239743453786,-1.26735866467285,-0.312021536099423,-0.348864201656156,42
68,10.7156891932123,0.178639457831993,-0.363474200988778,10.537313878984,0,0,-0.0944381458245536,0.24007057163122,-0.646349602819677,-1.34140041610077,43
68,10.9115808276273,-0.180350079211894,0.229676535565014,10.537313878984,0,0,-0.837529283659222,-2.71886652053413,-0.195881679878911,-0.574129062880264,44
68,11.0116105983924,-0.95286905834453,0.30173715739274,10.537313878984,0,0,-1.1571886063052,-1.83143471421813,-0.339958883394894,-0.364481951853348,45
68,11.2533492110747,-0.229078813896663,1.17285423997941,10.537313878984,0,0,-0.620005879499187,-1.42548033367753,1.11405323283204,1.56490722454375,46
68,11.5659422447157,-1.51799227879909,-0.242970265561148,10.537313878984,0,0,-1.37079490932641,-2.72320632721835,-1.15893053616037,-1.07514194079566,47
68,11.9869008633522,-1.7345084191234,-0.238581959927286,10.537313878984,0,0,-2.05523114035355,-2.11230578671914,-0.413234673854746,-0.322331849030008,48
68,12.0827627270021,-1.82708837158465,0.728950132316266,10.537313878984,0,0,-1.74606544437624,-2.5520386831119,-0.424535589435885,-0.253082246304271,49
68,12.3411729681453,-0.487943677319236,0.573963874036343,12.230245113842,0,0,-0.537190235632298,-0.0997613487504052,0.0730177121885582,0.352964387299001,50
68,12.5037213456386,0.0487091512596508,0.832704708733416,12.230245113842,0,0,0.161883578164675,-0.870653342745149,-0.277435590714494,0.0172124875052525,51
68,12.883000893123,0.199463762900421,-0.450914817313445,12.6440061931749,0,0,-0.0311742657070654,-1.19227647203615,-1.27834678132732,-0.776556303386906,52
68,13.1414111342662,-0.53163276094915,-0.99247015756585,12.6440061931749,0,0,-0.450346485253482,-0.309830784740147,-1.59462853057175,-1.31927137431957,53
68,13.412325096755,-0.469424134640012,-1.02282255525083,12.6440061931749,0,0,-0.845951716060254,-1.78898754503036,-1.19525752792066,-1.6446777869849,54
68,13.6623995236678,-0.458090001766231,0.379241816924017,12.6440061931749,0,0,-0.70630777830874,-0.892284372750504,-0.189809416941237,-0.962847822835474,55
68,13.9499851146174,0.4073873139994,0.901539680805835,13.6644353848998,0,0,0.17142636285027,-0.698532797334707,0.581866538954712,-0.61617898238761,56
69,0,-1.64419846201129,0.911934543157847,-Inf,0,0,-1.02311519151252,-3.1878896761824,1.45468344353748,0.489544992239649,0
69,0.137540934802024,-2.09216046737938,1.07710359679262,-Inf,0,0,-1.13341099484373,-2.33189855322468,1.13250263954846,0.98773440052362,1
69,0.26257814825841,0.315037560475572,0.258217691074596,0.164038202713709,0,0,0.707386353265722,-0.698143256703677,0.881736272545955,-0.03929951994885,2
69,0.550163739208098,-1.30891561315105,-0.0682975990883683,0.164038202713709,0,0,-0.807715586894788,-2.02364037108896,0.06724524343043,-1.03802494261835,3
69,0.950282822268532,-0.770042229455673,0.616445415731386,0.689876975047474,0,0,-0.37592370971309,-0.44315231400987,1.34733093089711,-0.0227837707245592,4
69,1.04614468591843,-1.17869410935465,0.808417973990691,0.689876975047474,0,0,-0.776368416823123,-2.44589186316321,1.84102013608809,-0.0247630720062493,5
69,1.26704376302471,-0.973134921180834,1.46531046897911,0.689876975047474,0,0,-0.726115450514402,-1.707079549905,1.88748954212672,0.368103597991582,6
69,1.56296516820482,-1.00084671237862,1.08532778484234,0.689876975047474,0,0,-0.352868621153776,-1.28460548326507,1.66379853594587,-0.71557125999622,7
69,1.86722238761536,-1.30777206751829,1.65715744765225,0.689876975047474,0,0,-0.688558092824926,-0.917211312215717,2.0031650867898,0.972756964032812,8
69,2.18398332837154,-0.108027912076317,0.73388514217307,2.16168732179436,0,0,0.304738277533257,-1.02350560473361,1.38161939029085,0.344566935177777,9
69,2.33819589163441,-0.927336778715574,0.48071772722597,2.16168732179436,0,0,-0.72978830870847,-1.46241477363722,1.00765719464235,0.931519436785441,10
69,2.72997916046442,-0.335938500487868,0.871324942365552,2.16168732179436,0,0,-0.0352348632672037,-1.53171660452597,1.45535120619309,1.24556181526236,11
69,2.7883298600774,-0.0737343993590615,0.867305066421099,2.16168732179436,0,0,0.190806647723073,-1.0208710614694,1.51108234168826,1.2221234206371,12
69,3.1759452217922,-0.455142108632633,-0.0122538355248065,2.16168732179436,0,0,0.278547715747908,-1.23321744088275,0.122859194762523,-0.48142578585332,13
69,3.36350104197678,0.675892347260575,0.169567801543457,3.27769337379768,0,0,0.960371205308722,0.59821034600435,0.761036985292267,-0.64951184686851,14
69,3.61357546888955,0.794635829728478,-0.403759814656339,3.27769337379768,0,0,1.01218187366574,0.0475463909589499,-0.148266251725736,-1.018037292845,15
69,3.95951175945222,-0.323567905486982,-0.0765000082933639,3.27769337379768,0,0,-0.0105794379425804,-1.58077609925579,0.522429983051439,-1.58253885667181,16
69,4.17207502232807,0.572050197681133,-0.749228595735138,3.27769337379768,0,0,0.773280121062902,-1.03771361865624,-0.700361208994831,-1.13908337825847,17
69,4.38880619231914,2.9417092658695,-1.3579637040049,4.32484897886618,0,0,3.08248635623087,-0.301328966805148,-1.04190042563552,-1.87368585591591,18
69,4.67639178326883,1.45085757459353,-2.47028588718672,4.32484897886618,0,0,1.48447579187661,0.441020458730839,-1.53301418954225,-2.84749174359287,19
69,4.91396248883596,-0.254406136027416,-1.65163960272155,4.32484897886618,0,0,0.169411904319694,-0.999152236027159,-1.05732083885834,-0.768723672192284,20
69,5.09318249479012,0.756469611118157,-0.319621484475073,4.32484897886618,0,0,1.04063995300699,0.150074549444669,0.206522667817675,-1.75634314823824,21
69,5.49330157785055,1.24018943195558,-0.816149151068411,5.25643650625403,0,0,1.43375266231739,-0.224989224960672,-0.628776235792218,-1.56828416639858,22
69,5.64751414111343,0.519239494959838,-0.282177509529945,5.25643650625403,0,0,0.644815446139632,-1.04210222093377,0.0395363177691849,-0.458889910781049,23
69,5.90175647514141,-0.354067846004255,-0.146686213665534,5.25643650625403,0,0,-0.327694414511515,-1.48602749554893,0.377134075131817,-0.797944112527151,24
69,6.13515927359333,-0.406796294147363,-0.329298574185479,5.25643650625403,0,0,-0.0785129576242733,-1.43097383887638,-0.296498224059101,-0.381312720313495,25
69,6.46859184281036,0.940777563667387,-0.528270035010591,6.30464217813077,0,0,1.44649650758351,0.2103015149163,0.189794977759422,0.475514582233591,26
69,6.68949091991664,-0.32467104411835,-0.64256638294457,6.30464217813077,0,0,0.430470290303857,-1.14906206101637,0.104430628760844,-0.0878407721492548,27
69,6.76868115510569,-0.149831709016638,0.247079040002883,6.30464217813077,0,0,0.266224601690144,-0.805945274578544,0.498591382767461,0.00791653608251494,28
69,7.18130395951176,2.35547797981085,-1.57272995870727,7.1332869338212,0,0,2.24386194282464,1.28809716353335,-0.963190931025923,-1.60759513702139,29
69,7.45638582911581,1.81574273236548,-1.5807487727519,7.1332869338212,0,0,1.73520549390109,0.350458302453543,-1.09243669373939,-1.24467953791417,30
69,7.65644537064603,0.393571793403788,-1.51024186340335,7.1332869338212,0,0,0.836801693626805,-0.726952948935163,-0.743893821940622,-1.00977210939525,31
69,7.91902351890444,0.835265618256708,-0.151966280020668,7.1332869338212,0,0,0.847216247260133,-1.02361716717592,0.458977697755505,-0.498864492411617,32
69,8.19410538850848,1.02298108613867,-0.452198578955744,7.1332869338212,0,0,1.39930496371047,-0.177509759175406,0.362854576225981,-0.0973732707675179,33
69,8.38999702292349,1.52445159572857,-0.925914727618623,7.1332869338212,0,0,1.96576950617032,-0.566138748442556,0.202966374157452,-0.203948193476264,34
69,8.53170586484073,1.90313009768252,-0.0532944898626588,7.1332869338212,0,0,1.90997120780804,0.573219527901937,0.5030686259129,0.205929287116758,35
69,8.8776421554034,1.17897768211015,-2.12890235012137,7.1332869338212,0,0,1.30343222161807,-1.11653708742382,-1.84109661823492,-1.50346956227335,36
69,9.01935099732063,2.50305096967729,-1.62742290813506,8.98010453077463,0,0,2.17300729450456,0.595612182434183,-1.05408837824947,-2.98023624389156,37
69,9.42363798749628,0.708265752626099,-2.10818679823624,8.98010453077463,0,0,0.829440233158503,-0.922966802955699,-1.87197273438379,-1.78397485076939,38
69,9.51533194403096,1.03730684887373,-1.28274559701885,8.98010453077463,0,0,1.18749517434739,-0.75236017887748,-0.640908186630455,-0.677610028120566,39
69,9.89877939863054,1.54334608641343,-2.04566441969343,9.86816273469729,0,0,1.95160125190526,-0.144808717524731,-1.42741448838551,-2.57155524469647,40
69,10.0029770765109,1.1122447587145,-2.10971468278036,9.86816273469729,0,0,1.08481125498328,-0.622046683699143,-1.97496704724151,-2.89155136786512,41
69,10.319738017267,-0.239908892633858,-1.60732976436381,9.86816273469729,0,0,0.0820963827839632,-0.839596910215728,-1.61621043620335,-1.36165828173465,42
69,10.5698124441798,0.397316783735948,-1.08501907962039,9.86816273469729,0,0,0.784474954914725,-0.41100077511353,-0.436414470601448,-1.53379518052769,43
69,10.9699315272403,2.91631056053611,-1.54588428749797,10.9119632430894,0,0,3.19734567050728,0.546656666804277,-0.939492785962098,-1.20673325170368,44
69,11.1658231616553,1.61075506485186,-1.109702355327,10.9119632430894,0,0,1.61705012998035,-0.503588829609526,-0.594384047889565,0.260040715722621,45
69,11.3742185174159,-0.17546076387246,-0.157560500257335,10.9119632430894,0,0,0.334652846116864,-0.746710784593937,0.471138754090117,0.0785386021515182,46
69,11.7159869008634,0.977227554353542,-1.36673974049712,11.545747082102,0,0,0.716407753578619,0.782059633685991,-0.264802183109122,0.590485934423091,47
69,11.982732956237,-1.13348513084314,0.357488326733328,11.545747082102,0,0,-0.511354330221732,-1.31670884769565,0.872822699594563,-0.126104186446366,48
69,12.0660910985412,-1.41133016949263,0.137833625526513,11.545747082102,0,0,-0.610322768438237,-0.853580027853411,0.75656774507812,-1.06969233520722,49
69,12.4620422744865,0.132489982376228,0.386401009982582,11.545747082102,0,0,0.193545396422192,-2.05580184497873,1.11280009678199,-0.46818036821976,50
69,12.5787436737124,-0.70574980810286,1.65422696687968,11.545747082102,0,0,-0.463700391863239,-2.9163729246865,2.08585291538704,0.994312318359165,51
69,12.9080083358142,-0.352652404934248,0.260909696425421,11.545747082102,0,0,-0.283502114581422,-1.63727054255108,0.708429845447947,-0.675028016307334,52
69,13.1539148556118,1.2437551508387,-0.52248806080677,13.0672184853832,0,0,1.63565198280559,0.027563264392257,-0.274726514143543,-1.02245298895233,53
69,13.3498064900268,0.633687217871745,-0.212196324727867,13.0672184853832,0,0,1.32587524490682,-0.715962040559066,0.0754529995469848,-2.00400373307082,54
69,13.5331944030962,-1.1715816374031,-0.470535598104091,13.0672184853832,0,0,-0.659408555388257,-0.993998795407135,-0.104454072142118,-0.313387685787546,55
69,13.9874962786544,2.67193324205379,-1.32915887184495,13.9653616201249,0,0,2.69286132601306,-0.681447114397636,-1.03529590695831,-0.873263314091983,56
70,0,-0.806432653485062,0.904527646698661,-Inf,0,0,-1.370371708917,-0.09477635328402,-0.164069055819064,0.493658080801841,0
70,0.14587674903245,1.25882449091446,-0.35682623445525,0.0181902093929239,0,0,0.724254750732297,-0.0998095858409528,-1.11546151064738,-0.0301622513428759,1
70,0.362607919023519,0.461705655346836,0.565573021135685,0.0181902093929239,0,0,0.0668937387806586,-0.589116487161183,-0.381710123365756,1.37705324130842,2
70,0.729383745162251,1.46262330934731,-0.542802002402535,0.676486468988542,0,0,0.976339067349284,0.724573451359259,-1.05073597315809,0.333305659701324,3
70,0.758559094968741,0.997503599602614,-0.442009706712847,0.676486468988542,0,0,-0.143833540031764,1.66144896047644,-0.953479218953313,0.0422110713308836,4
70,1.18785352783567,0.0279440695141773,0.501309034259782,0.676486468988542,0,0,-0.685924254489599,-0.185422210682674,-0.123558506087811,1.48371589177859,5
70,1.40875260494195,1.50585856579026,0.329012418606726,0.676486468988542,0,0,0.315659554524227,1.94592943864319,0.36268857361394,0.0711871129732242,6
70,1.56296516820482,1.60137777818017,-0.0899572260398592,0.676486468988542,0,0,0.794224499705041,1.08151124948929,-1.04035976679439,0.897657334269068,7
70,1.91723727299792,0.990201576699947,-0.848685985065355,0.676486468988542,0,0,0.0415295370424725,-0.108524156755828,-1.55912756365711,-0.221647666393193,8
70,2.02143495087824,0.558882231169366,-1.27681089985955,0.676486468988542,0,0,0.1051047672133,0.336833715574761,-1.60001822518673,-0.948339284702937,9
70,2.45489729086038,0.622984986977577,-0.535644602573336,2.15257490956798,0,0,0.0109276365086482,-0.720889903837063,-1.08180077721093,0.642739476655079,10
70,2.721643346234,-0.75494642888878,0.290331297859929,2.15257490956798,0,0,-1.43711521473707,-1.42040046393835,-0.361076384894141,0.231151595490788,11
70,2.7883298600774,-0.768285814789992,0.466448761798328,2.15257490956798,0,0,-1.3975293872031,0.342352179445977,-0.106883338538419,0.586050498182228,12
70,3.22179220005954,-0.356460800825351,1.07282658659483,2.94236072985849,0,0,-1.05101338046782,0.421145298269623,0.05002120943243,0.523842449175852,13
70,3.33432569217029,-0.554738881933065,1.10273712836207,2.94236072985849,0,0,-1.48230731596879,-0.884007112484396,0.176216403523541,0.557446485119097,14
70,3.6635903542721,-0.637048626172821,1.97812496165916,2.94236072985849,0,0,-1.13825483662995,-0.178658918722068,1.28317220906844,1.07969825143471,15
70,3.80113128907413,-0.464663823377043,1.27632072832219,2.94236072985849,0,0,-1.38654725825001,0.646988186450292,0.511526013298413,2.52540728898671,16
70,4.16373920809765,0.273701167046003,-0.25533531028283,4.07741035229276,0,0,-0.746300736958838,-0.666794103606144,-1.24204060455428,0.0582562081250805,17
70,4.32628758559095,-0.549652571199622,-0.0934018506209863,4.07741035229276,0,0,-1.46669456250915,-0.159969528482472,-1.06377949259251,0.487033786837319,18
70,4.61804108365585,-0.197240827578758,0.585563367427196,4.07741035229276,0,0,-0.778014325255834,0.842684859727355,-0.755461767582733,0.362304396149529,19
70,4.95564155998809,-0.980038449590077,-0.520251713130092,4.07741035229276,0,0,-1.43405782451421,0.274503777457226,-1.2103791681787,-1.72298878852068,20
70,5.15986900863352,0.374787278453492,-0.803400203005438,4.07741035229276,0,0,-0.266891515915158,1.02847691910025,-1.48084965364854,-0.602805903139586,21
70,5.41411134266151,0.0674614448284204,-1.19684436319163,4.07741035229276,0,0,-0.614742529050814,0.597598386468372,-1.98346686712469,-1.57222422724621,22
70,5.68085739803513,1.59905399530062,-2.23842621200694,5.45098375262728,0,0,1.05038314359066,1.23167985852636,-3.68501099715613,-1.57614924847447,23
70,5.93509973206311,0.724620532573333,-0.753391206313838,5.45098375262728,0,0,-0.313693672658938,0.920070402853581,-1.74801602307867,-0.161541133449931,24
70,6.07680857398035,0.873433940712244,-0.46663153607967,5.45098375262728,0,0,-0.184974263001019,-0.0541213961287379,-1.43912117036311,-0.227978144572615,25
70,6.42274486454302,1.16875979324952,-0.313202393149564,6.26320905612173,0,0,0.344175699229873,-0.0357466134552569,-0.89991323748333,-0.598121293231455,26
70,6.58946114915153,0.559315404905152,0.776531854806721,6.26320905612173,0,0,-0.093573501294802,0.122341968665026,-0.137665744830488,0.901845192907247,27
70,6.95623697529027,-0.370245976342478,0.819943958447354,6.26320905612173,0,0,-1.03044007219165,-0.489068199595552,0.161953087999509,0.775128421580266,28
70,7.24382256623995,-0.620065892739497,0.0353048926050636,6.26320905612173,0,0,-1.20203195625915,1.03433304453934,-0.387382199408059,0.243668178534663,29
70,7.3563560583507,0.0594502488979256,-0.415060350653154,7.30154579369029,0,0,-0.618186228975549,-0.217437229795377,-1.11540103686341,-0.335264203614431,30
70,7.70646025602858,-1.03583110441665,0.961959926740822,7.30154579369029,0,0,-1.6846330165792,-0.0221054649385719,-0.111101504652139,1.69883657273066,31
70,7.91485561178922,-0.37118548939783,0.289288207332993,7.30154579369029,0,0,-1.40376189397184,-0.0913117342134873,-0.421217992811837,-0.452396974637877,32
70,8.08573980351295,-1.03870198599736,0.671551191301548,7.30154579369029,0,0,-1.757953633291,0.33878781418199,0.101932595765439,0.293571382091447,33
70,8.29413515927359,0.566043572664548,0.312857196796618,7.30154579369029,0,0,0.112198692319082,-0.260491541700428,-0.0556707885046139,0.143320466593929,34
70,8.6525751711819,0.968513155602795,-0.802139781062348,7.30154579369029,0,0,0.0237332468805934,0.600734392993056,-1.21126345837529,-0.449079135658311,35
70,8.84013099136648,0.653532622339736,-0.0901229507891055,7.30154579369029,0,0,0.0159322608843879,0.236609968028978,-0.641429191719825,-1.94191033477784,36
70,9.04852634712712,1.96853398519753,-1.54430622624016,8.95035884809644,0,0,1.11260454036501,1.5031804301313,-2.64258117561843,-1.9085724798707,37
70,9.34861565942245,1.87088481441754,-1.54851750810133,8.95035884809644,0,0,1.02114913774669,1.04721195356969,-2.06037734865895,-3.14736210708514,38
70,9.71955939267639,0.461179779092521,-0.862546388360405,8.95035884809644,0,0,-0.315596995417971,-0.00673611562639675,-1.48399951025534,-0.915571665200916,39
70,9.91961893420661,0.250719534367507,-0.774855132531719,8.95035884809644,0,0,-0.291180705526802,0.247066306893838,-1.6229517518367,0.2109979276592,40
70,10.0613277761238,0.968960948797437,-0.478483337906438,8.95035884809644,0,0,0.394068929097593,-0.296752852330024,-0.854916462319561,-0.982503340494228,41
70,10.4072640666865,0.836397436009095,-1.4867178219178,10.0904211759406,0,0,0.0845700372380812,0.395457516872609,-2.42341818691606,-0.512057851321625,42
70,10.749032450134,1.75636706423637,-0.0748221846325225,10.7090463099589,0,0,1.12268548639787,1.16059366464455,-0.450912513600265,0.417020294622989,43
70,10.9282524560881,0.184728585472621,-0.0789102163626576,10.7090463099589,0,0,-0.55664049707942,-0.622968255079112,-0.0750102154535977,0.681567703897244,44
70,11.1658231616553,0.286546996366703,-0.395392349846296,10.7090463099589,0,0,-0.497059388840363,0.852589433276195,-0.86486681374441,1.01672034468959,45
70,11.3242036320333,1.08709971988251,-0.463107396628107,10.7090463099589,0,0,0.25991528685157,0.836580720007173,-1.20846102212986,-0.0860818314494013,46
70,11.6493003870199,-0.798531345661272,0.105985741658967,10.7090463099589,0,0,-1.72553314263342,-0.0318932053596229,-0.50920987590114,-0.368656558081615,47
70,11.924382256624,-0.0234729278174585,0.509990418253695,10.7090463099589,0,0,-0.827809213196142,-0.0016554794042376,0.173186129784156,1.40119293475203,48
70,12.061923191426,2.53322665954985,-0.755894930324846,12.0051223935595,0,0,1.78304648280889,1.09177573473742,-1.25932681720262,0.555128178264478,49
70,12.3245013396844,0.725811557604977,-0.505119288662952,12.0051223935595,0,0,-0.0407647788161699,0.768861846372578,-1.30950988861988,-0.299649588090496,50
70,12.6954450729384,-0.0309545179653885,-0.85210253971907,12.0051223935595,0,0,-0.593883325862906,-1.04717274696022,-0.859884571670583,-1.94610755143445,51
70,12.845489729086,-0.895163487876482,-0.756329637555848,12.0051223935595,0,0,-1.25495232220097,0.25374633304613,-1.2656330055067,-1.88000747411524,52
70,13.0163739208098,-0.63552320446035,0.458289393205238,12.0051223935595,0,0,-1.42075408104256,-0.363891840269035,0.225151825533914,0.565831029955157,53
70,13.3664781184876,3.16075199886171,-2.1607251510938,13.2085585585348,0,0,1.96019837793658,2.39393628331015,-2.48251456251228,-1.37366918342315,54
70,13.7332539446264,-0.252313931906233,0.215126275645118,13.2085585585348,0,0,-0.642080477744406,0.884009715269272,-0.807496458176463,2.03003262114385,55
70,13.7874367371241,-0.0364781365589544,0.0228555572953717,13.2085585585348,0,0,-0.752888741242003,-0.184184821400955,-0.610493315940112,-0.558166824957866,56
71,0,0.80138704930966,0.188636683989897,-Inf,0,0,1.57690198316506,0.820446557140997,0.0314189946680565,-0.873545234446183,0
71,0.137540934802024,0.562889985729793,0.27124566837149,-Inf,0,0,0.889040613750063,1.40547718117082,0.208904058032391,-1.12975196117653,1
71,0.43763024709735,1.65835223793974,-0.365452139536115,0.347129690588918,0,0,2.19821157184409,0.946968343933095,-1.01137335022325,-0.175006088477235,2
71,0.658529324203632,-0.418900380999975,0.111166609030991,0.347129690588918,0,0,0.756067933998488,1.25020628649697,0.0904247431376325,-0.765407862285243,3
71,0.816909794581721,-1.36221932840451,0.250128110329056,0.347129690588918,0,0,-1.11597141278131,0.435627367982365,0.35234791353589,-1.66313265147126,4
71,1.14200654956832,-1.5448006732925,1.48664226164795,0.347129690588918,0,0,-0.609555403018204,-0.633783821447677,1.18694966228299,0.856245469750865,5
71,1.35456981244418,-0.590283568725984,1.98471975734173,1.23796876994714,0,0,0.267459851945651,-0.307215989260745,1.99081139888945,1.49690407616435,6
71,1.66716284608514,-2.05384580795505,2.23191483364136,1.23796876994714,0,0,-0.992666238363907,-1.79767127631489,2.51240509773854,1.47949146975425,7
71,1.95474843703483,-1.50932679657134,2.32047257435667,1.23796876994714,0,0,-0.555431757413875,0.902256385845845,1.39346084288427,0.961089950431986,8
71,2.03810657933909,-2.01707873037808,2.79256120440846,1.23796876994714,0,0,-0.791996453977182,-1.68719525650613,3.2828883918746,1.55967044740801,9
71,2.32152426317356,0.386775677918843,1.13328845016186,2.30003915195926,0,0,0.666169845005764,0.530585812656744,1.12933050733775,0.626072827600805,10
71,2.53825543316463,-0.667058855602479,1.12308085250846,2.30003915195926,0,0,0.0686551629822304,0.295538286132737,0.975784148555793,1.07750577576262,11
71,2.77999404584698,-1.85872066061908,1.49223216136213,2.30003915195926,0,0,-1.29475083533078,-0.324698910658161,1.43939836012413,1.73865778815805,12
71,3.23429592140518,0.822966365069886,-0.0685245988250686,2.98631708048678,0,0,1.29812957809808,0.736690048347476,0.25535996215174,-0.316881459107874,13
71,3.25513545698124,0.671458100109709,-0.0739902896787081,2.98631708048678,0,0,1.03604104984789,0.920593077180439,-0.078066963592544,-0.489070146924635,14
71,3.65108663292647,-0.594903450568221,-0.149722769424513,2.98631708048678,0,0,0.295253032423695,0.178499978982349,-0.5160861118495,0.473251298715788,15
71,3.85114617445668,0.419149267557396,0.233559934175641,2.98631708048678,0,0,0.877569949703707,0.461481805803179,0.253961233115886,-0.224511080840144,16
71,4.03870199464126,0.40831917466275,0.425043595025534,2.98631708048678,0,0,1.09288032328383,-0.383197118018855,0.510801469617306,1.07505278420513,17
71,4.40547782077999,1.23759708084608,0.538035914152422,4.34831271429295,0,0,1.80426621515075,0.73435776811506,0.601924968469984,1.47667047908697,18
71,4.61804108365585,0.859728174504238,-0.132351138321682,4.34831271429295,0,0,1.526237757756,0.613652616734812,-0.0914956105830516,-1.28358438102206,19
71,4.96397737421852,1.65150506623862,-1.14827514333535,4.94192425686902,0,0,2.08417603060302,2.0883970987261,-1.58542116605746,-1.28718386043913,20
71,5.10985412325097,1.7576573939755,-0.833969550613502,4.94192425686902,0,0,2.15530129878933,1.3672812225933,-0.556447970158496,-1.43036874518575,21
71,5.45162250669842,0.801125071510185,-1.03590908727782,4.94192425686902,0,0,1.40817963348567,0.138083370393372,-1.47353761075634,-0.908457534765498,22
71,5.5724918130396,0.498135605124321,-1.24845254134961,4.94192425686902,0,0,1.15967295119629,0.34760049569424,-1.60947771043056,-1.13166893062065,23
71,5.98928252456088,0.0734718131155612,-0.199776145576229,4.94192425686902,0,0,0.64689884587327,1.52809429463113,-0.154908248591075,-0.0639959834630727,24
71,6.14349508782376,-1.15047833197607,0.965921704516277,4.94192425686902,0,0,-0.776201060847804,0.110645663305039,0.723898612829786,1.43230100297038,25
71,6.47692765704079,0.735227934792649,-0.0521307930153107,6.47525094143437,0,0,1.03417682948881,-0.00855063959490299,-0.120610379554858,0.53562762710905,26
71,6.55611789222983,0.00370958923185985,0.490481022556498,6.47525094143437,0,0,0.918166532695072,-0.498597649713364,-0.883156306750007,-0.598194654446214,27
71,6.87704674010122,-0.915941832185685,1.47640195217784,6.47525094143437,0,0,-0.0214424864028299,-1.14393861018121,0.934635489525368,0.226393213594431,28
71,7.18963977374219,-0.497037121624494,1.47770471973292,6.47525094143437,0,0,0.397517075543616,-0.687431343572903,1.26813602177108,1.06454305414389,29
71,7.41470675796368,-0.736310008373683,0.611769734633295,6.47525094143437,0,0,-0.115404982318171,-0.00904022244534866,0.152576757535658,0.478405366731878,30
71,7.5814230425722,-1.37698332787935,-0.46042942353579,6.47525094143437,0,0,-1.03094771340352,-0.800254194741337,-0.896767824181815,-0.365975225395576,31
71,7.89818398332837,0.918643174261939,0.008100027644971,7.76885261492481,0,0,1.22613849964026,1.084014520792,0.0722534532086334,0.152667091981044,32
71,8.14409050312593,0.216101868677342,-0.295150277716897,7.76885261492481,0,0,0.936957725546334,1.09189956266385,-0.722737621165574,-0.504125312523745,33
71,8.30663888061923,-0.715917965233482,0.466046414038843,7.76885261492481,0,0,0.0273248453826341,-0.336857858491031,0.0535141046961786,0.269229510758741,34
71,8.51920214349509,-2.23093710388969,1.12717942645835,7.76885261492481,0,0,-1.47902714892572,-0.79531553172752,0.850404004625778,0.186448938138656,35
71,8.78594819886871,-1.72423129136811,1.35483410896577,7.76885261492481,0,0,-1.04391876451702,-0.685261393925133,0.667448070579154,0.511508265843493,36
71,9.20690681750521,-1.13614412758803,0.489551312862095,9.05677013158297,0,0,-0.415881215251974,0.0850762041958859,0.272962308964203,-0.846799425996276,37
71,9.27359333134862,-0.303651382354789,0.903770833224312,9.05677013158297,0,0,0.785114175443659,0.704079789075371,0.67050909686271,-0.0461892789863307,38
71,9.5278356653766,-1.55514331875122,0.306287306937738,9.05677013158297,0,0,-0.866193375374044,-0.00894141998322295,0.238729593725259,-0.558539142466248,39
71,9.7862459065198,-0.351176489652475,-0.422689075755054,9.05677013158297,0,0,0.150538475067169,0.612425463329325,-0.943455314561908,-0.455792741509397,40
71,10.2238761536171,0.731775749863713,0.232775534998381,10.1219314612986,0,0,1.1688024782506,0.26463937164311,-0.0583211956016182,-0.115332460089733,41
71,10.3114022030366,0.749611733662443,0.503053552958295,10.1219314612986,0,0,1.30285167311033,1.54272325829904,0.497949308613475,0.0633681689922195,42
71,10.6990175647514,-1.20345748678141,1.71057334255555,10.1219314612986,0,0,-0.199794505314406,-0.33649640089967,1.8041462668556,1.50728309513612,43
71,10.9032450133968,0.0382430945720121,0.457681640474483,10.8416111727532,0,0,0.732587365358787,0.299873916433975,0.290774689057534,-1.73071307176864,44
71,11.1074724620423,0.469827215032068,1.06989399359772,10.8416111727532,0,0,0.793752277724547,0.757874359760238,0.479296440627695,0.0407418504289792,45
71,11.4325692170289,0.0177831737360283,-0.379644029769944,10.8416111727532,0,0,0.815665041015386,0.139545375942399,-0.102969702605243,-0.899255861993711,46
71,11.590949687407,-0.549125318437625,-0.278107442284073,10.8416111727532,0,0,0.0865315303887266,-0.869248604781119,-0.04990826959442,-0.154284817012566,47
71,11.9327180708544,-0.616609965512705,-0.409286537608297,11.6568770503894,0,0,0.201433028443661,-0.18869924048032,-0.0859534034331766,-0.200358632175929,48
71,12.0660910985412,-0.763474580821816,0.970944009318062,11.6568770503894,0,0,0.208089385864893,0.26982296902649,0.840182415728747,-0.771864122645366,49
71,12.3703483179518,0.23587362494385,0.656006659794023,11.6568770503894,0,0,1.2019995651695,0.168531934371635,0.959614043798369,0.246530164085513,50
71,12.5787436737124,-0.971225269380317,-0.0515514639708316,11.6568770503894,0,0,-0.295460538954785,-0.17535729164726,-0.334727314992261,-0.509500932880432,51
71,12.8663292646621,-1.26868367075956,-0.0449891833717387,11.6568770503894,0,0,-0.631590480425053,0.520594450132922,-0.152863884291937,0.247720789425497,52
71,13.1997618338791,-1.54011373036325,1.47266909206574,11.6568770503894,0,0,-0.520045999658156,-0.789640512381165,0.978337571275418,0.662845191935816,53
71,13.2872878832986,0.241517092825397,-0.13185231182698,13.2593024720921,0,0,1.06424797673572,1.05788187939775,0.105793444678911,0.419571618803481,54
71,13.5165227746353,-0.384516993537818,0.567826658622367,13.2593024720921,0,0,0.577148672541858,-0.687897460747655,0.504982191168498,-0.160529300801991,55
71,13.9749925573087,-0.636381608343433,1.38112612120415,13.7903985828045,0,0,-0.276448605815208,0.712221641631524,1.35267208781936,0.833066495396194,56
72,0,0.0352376810003903,-0.493322150116813,-Inf,0,0,1.23462832476417,0.171095208066882,0.280699502176873,0.656510473025316,0
72,0.179220005954153,-0.25944325470954,-0.979855147475994,-Inf,0,0,0.588827985127635,-0.3399716076733,-0.61722968047794,-0.684273880921907,1
72,0.491813039595118,1.36122405580396,-1.0470655492183,0.424573832633905,0,0,2.0826355488298,0.532042508117787,-0.460411377851318,-0.845531069674062,2
72,0.608514438821078,1.49646235574338,-1.04743291836649,0.424573832633905,0,0,1.90376548015292,0.129562352009194,-0.297606645370375,-1.18933049687798,3
72,0.925275379577255,1.70733714308487,-1.35279116895435,0.87610848059233,0,0,2.54408201666116,1.02990163880686,-0.322719457889783,-1.22820358316387,4
72,1.04614468591843,0.578840760976273,-1.2894783770313,0.87610848059233,0,0,1.18370706387148,0.0944416080639469,-1.01750713568168,-2.48366955251969,5
72,1.27121167013992,-0.140897251884801,0.108240232787973,0.87610848059233,0,0,0.869129158178519,0.0430561803719152,0.52612867707517,-0.241222203800748,6
72,1.58380470378089,0.0196871468997688,0.28321477281318,0.87610848059233,0,0,1.0511293732893,-0.336781440018152,0.731923469966986,-0.0451609737913847,7
72,1.98392378684132,-0.914880095696359,0.54568130918277,0.87610848059233,0,0,-0.0451407451493507,-0.509418318120225,1.30800821461311,0.892278623183534,8
72,2.14647216433462,-0.352673883957384,2.23902725980796,0.87610848059233,0,0,0.270152466713868,0.630111606616294,3.63441363625837,0.675619462459814,9
72,2.27150937779101,1.3526707961592,1.44940244347986,2.26961580330613,0,0,1.79825821753577,1.41947666998816,1.38659089195503,0.994346505699591,10
72,2.54659124739506,-0.342284091366431,0.824748741918229,2.26961580330613,0,0,0.78014675480211,0.517250507926293,1.37540226003997,-0.154407596968813,11
72,2.7549866031557,-1.62360505967935,1.91001241848164,2.26961580330613,0,0,-0.572936608114694,-0.0810810219869219,2.338564809589,1.88757911793003,12
72,3.06341172968145,-1.68973104397999,0.207590185046113,2.26961580330613,0,0,-0.340676211527102,-1.29957621381955,0.726218740645472,0.90286706258703,13
72,3.48020244120274,-0.579538407802946,-0.175621823861897,2.26961580330613,0,0,0.316477516269882,-0.786765247546003,0.305084372811146,-0.650693555086671,14
72,3.59273593331349,-0.822719051052629,-0.255591765226707,2.26961580330613,0,0,0.128644021834295,0.066659480760771,0.443430742224163,-0.131053502332886,15
72,3.89282524560881,0.421084252076742,-0.349562280090217,3.63287415154672,0,0,1.06900458679455,0.664705591002607,0.386868969125916,-0.496383400875739,16
72,4.17207502232807,2.05675421894067,-0.752357692230718,4.00461674776609,0,0,2.63150363289692,1.03678734935667,-0.475184506746909,-0.93074237544289,17
72,4.3096159571301,1.85788138083931,0.0710103564532355,4.00461674776609,0,0,2.86457345926053,0.67605295675228,0.305129050299033,-0.481326707786294,18
72,4.67222387615362,0.320598082087087,-0.543237215106281,4.00461674776609,0,0,1.26412368036289,0.384853278453969,-0.478494384673623,-0.156178286457782,19
72,4.80559690384043,-0.437801896290555,-0.836948217027943,4.00461674776609,0,0,0.589853397847283,0.698099084733252,-0.546606311563435,-0.692014394586311,20
72,5.00565644537065,1.44562651597074,-0.827547321357855,4.00461674776609,0,0,2.15798776559213,0.469461201020762,0.259969551983091,0.104346735627093,21
72,5.45162250669842,2.97760261168025,-1.92956692539058,5.09762439072634,0,0,3.36207040517875,1.37127296338952,-1.20267483106924,-0.441586398042527,22
72,5.61000297707651,1.96369315321214,-1.95172532942273,5.09762439072634,0,0,2.54541295341984,0.534364843542252,-1.17538131982011,-0.706056606363918,23
72,5.75587972610896,1.50728413786997,-2.17531101413139,5.09762439072634,0,0,2.35700522734767,0.712383788759582,-1.85575319087841,-2.24562870778171,24
72,6.00595415302173,0.145301482765464,-1.00238747584015,5.09762439072634,0,0,0.69678472116552,-0.010895785496785,-0.161169203341842,-0.585027559219022,25
72,6.26853230128014,0.2022389038067,-1.11251814354653,5.09762439072634,0,0,0.781407083407199,-0.331880269926759,-0.506623627140675,0.537054806327228,26
72,6.67281929145579,1.17429910436986,-0.6159990349943,5.09762439072634,0,0,1.64615566305612,1.05060261103481,0.0628841778669253,0.230625425879014,27
72,6.93122953259899,2.56239023675993,-1.10088413831953,6.84433833736783,0,0,3.06906746945574,0.952811225878729,-0.699790815534698,0.0247671472234121,28
72,7.17713605239655,2.26668400718616,-1.48303435755181,6.84433833736783,0,0,2.67469937177421,0.912606142368927,-0.156330846850808,-1.34340946235735,29
72,7.29383745162251,2.65437230182277,-2.03272765008962,6.84433833736783,0,0,3.00737985545717,1.92758753735204,-1.67395589902711,-1.45639353494866,30
72,7.66478118487645,2.36436792966603,-1.68088922236271,6.84433833736783,0,0,2.91841722988304,1.62784304244196,-1.07102158550776,-2.10704688923721,31
72,7.95236677582614,2.43830841900697,-2.38448629511232,7.79472525966031,0,0,3.0182940482663,1.77464807869499,-1.97877747904763,-1.13642691384886,32
72,8.03989282524561,2.34494483007784,-2.24621800352931,7.79472525966031,0,0,2.87545464152337,0.70454272259833,-0.966995580119922,-1.48000541150206,33
72,8.40250074426913,3.09847907190615,-2.02635746332999,8.36249003914149,0,0,3.79448722614548,1.32118737785254,-1.73700907015888,-2.69647169241443,34
72,8.59839237868413,0.947169739231018,-1.16072265988964,8.36249003914149,0,0,1.65198239765354,-0.152771177345707,0.00825811124336173,-0.75283610519321,35
72,8.96933611193808,-0.483969198450578,-0.0870274198418002,8.36249003914149,0,0,0.375535937272946,0.285104846733785,0.942083994994342,0.320323132003825,36
72,9.2360821673117,-0.141567065766942,-0.484098586092059,8.36249003914149,0,0,0.393703263288794,1.08249439758709,-0.538920942945867,-1.5862920859361,37
72,9.28609705269425,-0.31155499973782,-0.267669421662647,8.36249003914149,0,0,0.226912067067118,0.841199695837344,-0.165525057528983,-0.489273019266625,38
72,9.68621613575469,1.19484256533464,-0.320309130797653,8.36249003914149,0,0,1.92298311697264,0.598417804824386,-0.123414468315164,-1.2026160444994,39
72,9.9821375409348,1.5646128790069,-0.680257379583822,9.73784618268972,0,0,2.26119079497171,1.0777240366824,-0.0141810535318743,-0.285154457609049,40
72,10.2197082465019,0.715287468127609,-0.516564113708278,9.73784618268972,0,0,1.6072987360459,-0.0391249013795479,0.120000614509992,-0.0296585554011043,41
72,10.3114022030366,0.852959888558213,-0.252540848776288,9.73784618268972,0,0,1.38879530033813,0.837478702250044,0.272309586951483,0.86683485604111,42
72,10.5864840726407,0.768725042778831,-0.0425409395797479,9.73784618268972,0,0,1.42596307083326,-0.0554292572024271,0.371147657432977,0.552415003238253,43
72,10.8782375707056,1.46202205847075,-1.30282372537543,10.8674165602594,0,0,2.20045338868494,0.731199121425662,-0.361857875793227,-1.57434966976028,44
72,11.1158082762727,0.0531794536848751,0.446069444289954,10.8674165602594,0,0,0.748715161394882,0.78181842496703,1.15751377667518,0.842005156603677,45
72,11.4325692170289,-1.55402315467831,1.01466561286006,10.8674165602594,0,0,-0.606963936881373,-1.35338661610222,1.52486674516889,1.45928806742161,46
72,11.5534385233701,-1.42365032305038,1.26452485212469,10.8674165602594,0,0,-0.845658637057157,0.293129650734142,2.35095320998501,0.828663336488433,47
72,11.9785650491218,1.29216589594895,-0.559345837199785,11.9686925978203,0,0,1.88233187230759,0.928928229557837,-0.265760633232234,0.0428799769542612,48
72,12.0369157487347,1.24219542317377,-1.20347673528093,11.9686925978203,0,0,1.80969434448885,0.767269230204005,-0.252779336513361,-0.612646999930532,49
72,12.3453408752605,-0.445301535144672,0.501711605376837,11.9686925978203,0,0,0.325436471561391,-0.129134476109042,1.36780890658071,0.31794190140488,50
72,12.7371241440905,0.111900344362957,0.951145789447485,11.9686925978203,0,0,0.918769711536336,0.7078394122889,1.42408687208037,-0.0720222230214935,51
72,12.9746948496576,-0.401971986101316,1.02407417512237,11.9686925978203,0,0,0.287493317650138,0.45089885334846,1.55664969700301,1.4758102455298,52
72,13.0163739208098,-0.33789025042758,1.10497499451557,11.9686925978203,0,0,0.884243326580461,0.556227041842937,1.81911989571414,2.82523433527228,53
72,13.4623399821375,0.917428805514343,0.418549690387854,13.0727446339111,0,0,1.58258638954903,0.557145614465953,1.08709884762418,2.42331726133968,54
72,13.5165227746353,0.358831304986251,0.278334436688171,13.0727446339111,0,0,1.02329641228317,0.556922877412621,0.525313381348104,0.785356366011971,55
72,13.9541530217327,1.70716164855634,-1.31905342593553,13.6956422496587,0,0,2.3196020907869,0.943958520173614,-0.7375423697415,-1.67125271209228,56
73,0,0.196998766312493,0.108197747219075,-Inf,0,0,-0.36162465087076,-1.28543443282167,-0.1518964807947,-0.339925415676779,0
73,0.0458469782673415,-0.089965153283691,0.0665947830158591,-Inf,0,0,-0.638568061135136,-1.53544886654125,-0.896669794121981,-0.00715978811330481,1
73,0.304257219410539,1.15353446641335,-1.96952906682786,0.221288511611056,0,0,0.72359762724381,-0.77938736482298,-2.94002293307924,-0.927737178430931,2
73,0.61268234593629,0.113923812043913,0.264363723591623,0.221288511611056,0,0,-0.0678692395841741,-1.34659790406169,-1.0240160839117,0.147267174801674,3
73,0.841917237272998,-1.17462053058426,1.33090254074894,0.221288511611056,0,0,-1.35772182685154,-0.304371597358907,0.697444219676733,1.52591286925034,4
73,1.24620422744865,-1.35055796269512,0.94716259348501,0.928736004347985,0,0,-1.95914108923387,-1.85177207155473,-0.287019164169872,1.22000315667048,5
73,1.34623399821375,-1.70863004642365,1.32230592461193,0.928736004347985,0,0,-1.72055752045709,-2.04429915722744,0.182891339443466,1.13610316310293,6
73,1.73384935992855,-0.311419125917138,1.59875889680737,0.928736004347985,0,0,-0.415691128234956,-0.338889721915196,1.1438787304663,2.49674990468434,7
73,1.83804703780887,0.213505015642861,0.211322907389134,0.928736004347985,0,0,0.064978813466644,-1.17822343865619,-0.411904581906985,0.691107236757986,8
73,2.15480797856505,-0.200394753840272,1.29108729308291,0.928736004347985,0,0,-0.692584737664639,-0.414228487660575,0.976288213130529,2.54979972020797,9
73,2.3965465912474,-0.40333891667617,1.53429204118271,0.928736004347985,0,0,-0.684376557654505,-0.860116471414846,0.711741188891058,1.9464315415378,10
73,2.51324799047336,-0.490488219248702,1.55330061385197,0.928736004347985,0,0,-0.914949557375229,-1.56549775380733,0.788052165382493,1.24423139830377,11
73,2.84251265257517,0.588742338108304,0.437420778392934,2.54911110887411,0,0,0.223052224474211,-0.0923500779521013,-0.68601339018177,0.179538499073449,12
73,3.10925870794879,-1.20750563835214,-0.368983816291714,2.54911110887411,0,0,-1.3509782349428,-1.79320774206959,-1.41513812513892,-0.12025962638195,13
73,3.45936290562667,1.54463370306853,-1.73168472165154,3.43436428962204,0,0,1.01463759040673,-0.393526743964092,-2.32811757466594,-0.938839696936154,14
73,3.68442988984817,0.963842421705754,-0.104732303402322,3.43436428962204,0,0,0.285176858560096,-0.669839316401244,-0.497952048294889,0.127465269804756,15
73,3.78029175349806,0.2936851539717,-0.0899747776031564,3.43436428962204,0,0,-0.280703873350602,-1.07292190999562,-1.38334767323648,0.154170379548127,16
73,4.20125037213456,0.722374152835627,-1.05624811835233,3.43436428962204,0,0,0.226740093545433,-0.864405457862895,-1.81908857322927,0.794765723002477,17
73,4.46382852039297,-0.69272091536909,1.01862099780774,3.43436428962204,0,0,-1.15692960680796,-1.10128161489421,-0.194663604167383,0.788169762441993,18
73,4.50133968442989,-0.945763958034528,1.27191772438083,3.43436428962204,0,0,-1.17169728211876,-1.65985197295725,0.256658853707572,1.49566767747422,19
73,4.83477225364692,0.848120931866218,-0.323433489952339,4.66515552796638,0,0,0.731998983671583,-0.807336495974952,-1.18812839921279,0.734357021854306,20
73,5.18904435844001,0.964329510078822,-0.375523989686435,5.0545685090035,0,0,0.303728979756898,0.0784029431186405,-1.20912593633818,-0.42819063941896,21
73,5.42661506400715,0.507506597239987,0.326302516629708,5.0545685090035,0,0,0.151055979050109,-0.169749720382314,-0.408472906835041,1.05818126259401,22
73,5.55165227746353,-0.54559197298792,0.504778227642657,5.0545685090035,0,0,-0.647758015181344,-1.26600692771707,0.0900960801834199,0.95788445747577,23
73,5.81839833283715,0.279004366107446,0.155547589159156,5.0545685090035,0,0,-0.353870992307998,-0.716403758563974,-0.850372272658585,1.44300264431721,24
73,6.07680857398035,-0.335730852404437,0.626283625546492,5.0545685090035,0,0,-0.54099284841677,-1.77682185645133,-0.274907270111675,0.416501556710979,25
73,6.45608812146472,1.27777966039061,-0.97670799678149,6.24954526628224,0,0,0.240656464182322,-0.459404131319907,-1.9385461379652,-0.363057552518926,26
73,6.60613277761238,0.789518562821131,-0.573756695232879,6.24954526628224,0,0,0.0856342599478109,-0.77696313968498,-1.29133419162249,-0.576884729627422,27
73,6.97707651086633,0.436067751874112,-0.728029950523802,6.24954526628224,0,0,0.178594333709539,-0.268312396465906,-1.39461241577525,-0.028340785897722,28
73,7.18963977374219,1.41295395108427,-1.2675386308192,7.17458340880604,0,0,1.04448553614782,0.0612160104185983,-2.45021311804899,-0.0378602860948839,29
73,7.32718070854421,1.03763352020398,-0.329159832224786,7.17458340880604,0,0,0.377498921718558,-1.21818641186461,-1.21040917156515,0.249976976327226,30
73,7.63143792795475,-2.09682701239126,0.904495820509116,7.17458340880604,0,0,-2.30167519938646,-2.32165337541287,0.574923227291896,1.62523871699935,31
73,7.75230723429592,-2.87232719171978,1.33968283302047,7.17458340880604,0,0,-3.33267076124462,-1.90799295749173,0.866146296761215,2.62121181971297,32
73,8.17743376004763,-0.152899310003046,0.510297193059032,7.17458340880604,0,0,-0.590887637893275,0.246962327359227,-0.170210234593892,0.675308493545635,33
73,8.42750818696041,1.58970575360992,-1.1431024869216,8.23188134029937,0,0,0.986307279554676,-1.42047597997447,-1.06430632401582,0.390885439871987,34
73,8.51503423637988,0.786244035028409,-0.316065797020372,8.23188134029937,0,0,0.476921508465424,-1.2307085135323,-0.811899294207366,-0.287902385057135,35
73,8.76927657040786,0.176505434748394,1.33029563990506,8.23188134029937,0,0,-0.390995199144603,-1.31660915757303,0.465663928853514,0.343863502459051,36
73,9.06103006847276,-0.103273705076948,0.25170055296735,8.23188134029937,0,0,-0.636272579691498,-1.48468618124188,-0.682468137133863,-0.29156646968736,37
73,9.48615659422447,0.779782596154955,-0.149092262607089,8.23188134029937,0,0,0.265161660228139,-0.412141487703484,-0.781726188398554,0.866183763003268,38
73,9.59035427210479,0.823388975647859,-0.312813050919919,8.23188134029937,0,0,0.576822505575228,-0.348593109139136,-0.869973173742871,0.279393967050267,39
73,9.8195891634415,0.800004997911919,-0.168968955740332,8.23188134029937,0,0,0.13028844209797,-0.843907341017203,-0.978444362308262,-0.413650044807543,40
73,10.0029770765109,3.2379526122371,-1.13640540110495,9.85389109426894,0,0,2.52673398269836,0.271360266760075,-1.87124129680769,0.235453013193816,41
73,10.319738017267,0.995673834881944,-1.21295112880973,9.85389109426894,0,0,0.443361821917206,-0.228731813787539,-2.00293753590221,-1.54390729113887,42
73,10.7448645430188,0.671339350842324,-0.416944208754064,9.85389109426894,0,0,0.0524931906503436,-0.981836182511563,-1.36898897427273,0.155834397649277,43
73,10.8198868710926,0.280321535693387,-0.781266284115813,9.85389109426894,0,0,0.0575715720613504,-0.061694068748367,-2.14541553886197,-0.66680857573849,44
73,11.0449538553141,0.924174312473673,-0.163938224838767,10.8717349178211,0,0,0.5487811034147,-0.443432262314129,-1.19882935808039,-0.396920356362664,45
73,11.2950282822269,0.440019192141476,-0.59628799888783,10.8717349178211,0,0,-0.313241638033967,0.0726666751338414,-1.71889930203397,0.201890979504005,46
73,11.7034831795177,1.22828006011501,0.326373605163548,11.6911336001045,0,0,0.661053038811555,-0.411249969081535,-0.521243257771717,-0.118659630891156,47
73,11.9994045846978,-0.139671910676082,0.65374073300676,11.6911336001045,0,0,-0.654281739063529,-1.24660791664133,0.105429042618801,0.297946223700527,48
73,12.0160762131587,-0.166512591864378,0.860204693983757,11.6911336001045,0,0,-0.38113143232352,-1.67262109189877,-0.286260887678636,0.695072735508412,49
73,12.4286990175648,-0.215917741253022,1.0414132774816,11.6911336001045,0,0,-0.8286385543473,-1.95685195262557,0.0122184900522301,0.270471381441624,50
73,12.7287883298601,-0.612386221166862,1.0255435488999,11.6911336001045,0,0,-1.21435534799833,-1.06776547213691,0.453482961775704,1.7090371268017,51
73,12.883000893123,0.291811045050232,0.766915488345899,11.6911336001045,0,0,-0.170595098469761,0.0158606201899163,-0.104031253833441,1.83029000747349,52
73,13.2080976481096,0.809464308227918,0.207886237176824,11.6911336001045,0,0,0.322270304289231,0.518351505445199,-0.620557367182501,0.36953058593721,53
73,13.3998213754093,1.64636690391136,-1.91217683915761,13.2979567197402,0,0,1.29189854396973,1.41995216775008,-3.15051159700282,-0.220200531468473,54
73,13.6623995236678,0.610401499918444,-0.924366247760516,13.2979567197402,0,0,-0.0208199783670989,-0.89002673015475,-1.93389502550093,0.00836641626972068,55
73,13.9708246501935,1.89258712558683,-1.49514872214478,13.2979567197402,0,0,1.67248538865775,-0.599508463178444,-2.0119675429866,-0.511577263829579,56
74,0,-1.11208970758803,-0.109620894335346,-Inf,0,0,-1.58788252913958,-0.102917651596711,-0.694092658013254,-1.57983577126154,0
74,0.200059541530217,-1.19383384238236,0.31539060667204,-Inf,0,0,-1.13251433609419,0.327840861032314,-0.899533562167279,-2.3644208287246,1
74,0.450133968442989,1.20117856100146,-1.30586601449076,0.370186196593568,0,0,0.758412456654017,0.684579959253936,-2.44323612529842,-3.53757461481383,2
74,0.608514438821078,1.24940382326199,-0.625559928595015,0.370186196593568,0,0,1.45716160508453,1.06519492703241,-2.1918873845855,-3.44280051881613,3
74,0.787734444775231,0.061118638368187,-0.465503024821918,0.370186196593568,0,0,-0.247875520123723,-0.105515301441602,-1.44891899815615,-1.9916594500693,4
74,1.22953259898779,0.0110668578700588,0.295640639060416,0.90142985866226,0,0,-0.114587724341247,-0.00146204341365536,-1.19247300410978,-2.29955369504342,5
74,1.47127121167014,-0.237986162421866,-0.13192865780306,0.90142985866226,0,0,-0.381560918864107,0.785801498561079,-1.49347247507895,-2.38467480598642,6
74,1.55879726108961,-0.991088289449809,-0.302398320520324,0.90142985866226,0,0,-0.810480719498088,-1.43613293350921,-1.61261898532347,-3.12077328297102,7
74,1.80887168800238,-1.21032487526433,-0.137164794585341,0.90142985866226,0,0,-1.04689038180913,0.509241945287886,-1.5271075465018,-1.84146063477609,8
74,2.22983030663888,0.42817458572483,0.162904029913697,1.91875652486566,0,0,0.320650044404867,0.120328107938267,-0.789695144647046,-1.44712272664254,9
74,2.48407264066687,0.948554847316774,0.131314597319951,1.91875652486566,0,0,1.02651750171556,1.18373781065969,-0.816258704266384,-2.24688713047935,10
74,2.56326287585591,1.31554828545062,-0.120176096684942,1.91875652486566,0,0,1.20176926969354,0.697942547349726,-1.191513956786,-3.59014460054033,11
74,2.84668055969038,1.33293377805533,0.0567349535517261,1.91875652486566,0,0,1.12156477467447,1.10324048314057,-1.71593358212821,-2.29691344056419,12
74,3.18011312890741,1.0879203880432,-0.196618189737978,1.91875652486566,0,0,0.786013966742792,0.687675367919699,-1.51953987069059,-1.13269275055112,13
74,3.30931824947901,1.18687568805035,-0.230418759396782,1.91875652486566,0,0,0.824129744062207,2.21623766220104,-1.44774815608683,-2.13147408590792,14
74,3.56772849062221,1.38433920772265,-1.06800790811643,1.91875652486566,0,0,0.796308452129767,3.09556213782204,-2.6093264713131,-3.08019360563001,15
74,3.86781780291754,0.823317992226377,0.338269347486381,3.57771209261309,0,0,0.768407139869128,1.22907540763244,-0.642838709075898,-0.936628127936317,16
74,4.07204525156297,-0.57648601189181,0.773440853086271,3.57771209261309,0,0,-1.02603860317457,1.04532026456299,-0.478716038700893,-2.08592688406841,17
74,4.45549270616255,0.202510558915179,0.401577236459134,3.57771209261309,0,0,0.0222133774279095,1.72138058158688,-0.794416908973459,-2.36305349216938,18
74,4.55135456981244,-0.491285285315422,0.414625902371628,3.57771209261309,0,0,-0.82388706246297,-0.0692288482822006,-0.93613913292161,-2.06261658782771,19
74,4.84727597499256,1.27482017724696,0.443673361991781,4.61718614107678,0,0,0.559363182248279,1.4453238319983,-0.64828369188722,-1.99492189608481,20
74,5.07651086632927,-0.719931169663014,1.06852762382629,4.61718614107678,0,0,-0.314476274610358,-0.0200484616438423,-0.00939315749497607,-1.87981353060087,21
74,5.30574575766597,0.516699792153756,1.04393675555633,5.14401688996273,0,0,0.341113926654355,1.45043540172437,-0.357982108208923,-2.061115478205,22
74,5.60166716284609,-1.64778654850395,0.902594842174104,5.14401688996273,0,0,-1.45941810264773,-0.393728537240368,-0.524611809720162,-1.99096265911593,23
74,5.78505507591545,-1.99303755405826,1.23084832922637,5.14401688996273,0,0,-2.24792670998501,-0.312280265476389,0.595083872395866,-1.30247921883271,24
74,6.07264066686514,-2.14191916853765,1.38352203875424,5.14401688996273,0,0,-2.17129337637249,-0.952422053574048,0.103065654247297,-0.553003416800084,25
74,6.41857695742781,-1.05666982204141,0.85728925546075,5.14401688996273,0,0,-1.44647901231245,0.842755950739047,-0.513332772292362,-2.42335444769343,26
74,6.63947603453409,0.828283164664922,0.663962370228814,6.6361812818688,0,0,0.791604947536779,0.788328557950761,-0.135743756213035,-1.52924715515821,27
74,6.88121464721643,-0.509460506321345,0.412604692189002,6.6361812818688,0,0,-0.374504449537361,-0.826047979537523,-0.774437507608088,-2.28421236561515,28
74,7.2271509377791,-0.62955448587687,-0.167824102351288,6.6361812818688,0,0,-0.688384148537557,0.112575615238968,-1.52127633972163,-2.02730864717201,29
74,7.37302768681155,-1.58935204223967,0.378150039603955,6.6361812818688,0,0,-1.26276264243284,-1.03178670011596,-1.13620851134145,-3.20107094020536,30
74,7.63977374218517,1.16224264681282,-0.825632482988995,7.59563109694192,0,0,0.93697146317359,0.318586300425085,-1.96896294801231,-2.7673888872954,31
74,7.88984816909795,0.579076798468085,-0.905468964890066,7.59563109694192,0,0,0.620481862812641,0.744401405317804,-1.68674139328118,-3.50007539340178,32
74,8.04822863947603,0.199746226041967,-1.3665231655914,7.59563109694192,0,0,0.0996050520186792,0.439403184029025,-2.68467084639307,-3.74225157861696,33
74,8.48169097945817,-0.217043065959349,0.494604573161371,7.59563109694192,0,0,-0.453596507860041,0.727820595330686,-1.01179903350797,-3.39000185593214,34
74,8.67758261387318,-0.3756386204639,-0.0389510978200738,7.59563109694192,0,0,-0.320608184373984,-0.556886173070185,-1.48468360365023,-0.851501300651513,35
74,8.9109854123251,0.930649738082593,-1.79438828567886,7.59563109694192,0,0,0.624964303635184,1.18097734979552,-3.3694846765485,-2.69398080129769,36
74,9.19023518904436,2.96302942014304,-1.57059814563685,8.96420097968971,0,0,2.2405363886128,2.39501939520365,-3.64583264887247,-2.56481180454984,37
74,9.38195891634415,0.15262457588249,-1.14050352285632,8.96420097968971,0,0,-0.0443029105281909,-0.0987482906856225,-2.32604753759881,-4.10962001494346,38
74,9.55701101518309,1.11860263682868,-1.54307081105186,9.40391743900971,0,0,0.776079857516991,1.54584589804006,-3.55788049766548,-1.79786715718571,39
74,9.99880916939565,-0.127421971130079,0.58535238373019,9.40391743900971,0,0,-0.0776887287086886,1.12519917341955,-0.796059845156854,-2.55183145737044,40
74,10.2363798749628,-0.343247393613132,0.734760069680324,9.40391743900971,0,0,-0.559209939677389,-0.537232744946517,-0.0178156099963441,-1.4316406253219,41
74,10.4864543018756,2.6142108912311,-1.10130313366244,10.4204738066353,0,0,2.24929061301298,2.15277269669671,-2.09147073969434,-3.32934318242798,42
74,10.7031854718666,1.6935455873002,-1.14896958585968,10.4204738066353,0,0,1.58167093438342,-0.871556257999339,-2.47266798344489,-2.832679761573,43
74,10.8615659422447,1.16258262226115,-0.275386604847685,10.4204738066353,0,0,1.36301798928309,1.90319261070823,-1.02865845239369,-1.78084943634519,44
74,11.0574575766597,-0.687328215175503,1.2130639255391,10.4204738066353,0,0,-0.694614691135945,0.543700252836318,0.218222482803362,-1.27910972449557,45
74,11.3867222387615,0.0375331447029382,0.0971318477640186,10.4204738066353,0,0,-0.00290130693690493,0.981534343893614,-1.01148126213416,-3.06940016026317,46
74,11.7326585293242,1.15613567463572,-1.20078740951896,11.4790638334386,0,0,0.947153341507684,1.12935279145164,-2.22133674415448,-2.63473428548274,47
74,11.7993450431676,1.46002882739877,-1.65953803184092,11.4790638334386,0,0,1.2585404673901,1.62179566511584,-3.31270636905886,-3.35536560355108,48
74,12.0244120273891,0.996448804851734,-0.350196424097589,11.4790638334386,0,0,0.614048827989142,1.15873694346133,-1.48866970770799,-2.33687819112072,49
74,12.3078297112236,1.85191340706861,-2.00153817603545,11.4790638334386,0,0,1.75152034361477,1.4249869647097,-3.37769448132325,-2.53617051194877,50
74,12.6579339089015,0.21992643143372,-1.21705712912858,11.4790638334386,0,0,0.0439346781788885,0.850790046046947,-2.60508359829333,-2.7406122011406,51
74,12.9830306638881,3.18773028929137,-1.38043197150237,12.8891546407267,0,0,2.64809122899836,1.7312563880835,-2.51967181791726,-1.94994336774491,52
74,13.1622506698422,2.03459732651236,-0.890498169631404,12.8891546407267,0,0,1.83211450191301,1.77971690282439,-2.26306283857186,-1.96115985850248,53
74,13.2622804406073,1.60655649839162,-0.412666174475787,12.8891546407267,0,0,1.22856814380432,0.499847602183164,-1.81274212451688,-2.35467870086002,54
74,13.687406966359,0.169294568958334,-0.911367673226162,12.8891546407267,0,0,0.0379727042324409,0.635409845574389,-2.50049964983406,-2.60456148745599,55
74,13.9083060434653,2.73313385284914,-0.750432720929224,13.8480619226582,0,0,2.17472462504922,1.29273614837161,-2.16714262260256,-1.1575791550583,56
75,0,0.408815149494202,-1.28621822510145,-Inf,0,0,0.755404328936263,-0.0581893566771308,-1.78080292352284,-2.113605041818,0
75,0.0250074426912772,0.588110422256961,-1.55693232120701,-Inf,0,0,0.644956802454578,1.03020733049159,-2.13561536540687,-2.69835166884714,1
75,0.383447454599583,0.692239087558143,-0.468466091553537,-Inf,0,0,0.679558117153651,-1.38060077264285,-1.16466518938627,-1.45008665802044,2
75,0.641857695742781,1.36301677500647,-0.6938757072906,0.433812194061466,0,0,1.55883162734604,-0.540561416254576,-0.456567964466608,-2.40370532673912,3
75,0.904435844001191,-0.3053120088773,1.30925042740474,0.433812194061466,0,0,-0.0114024500951972,-1.24992696632561,0.832787629909156,0.876396777606929,4
75,1.04197677880322,-1.06883757003971,0.205118393921499,0.433812194061466,0,0,-0.605233415399815,-0.930396400090823,-0.193833571104029,-1.58198046604227,5
75,1.3920809764811,1.15880594831503,0.246668496568033,1.38356789492357,0,0,1.75424366807237,0.67550707179827,-0.226853924653073,-0.380342022795842,6
75,1.60881214647216,0.479292074080689,0.697976965432157,1.38356789492357,0,0,0.59827268812346,-0.331409546140257,0.376390920254032,-1.50639687008305,7
75,1.92557308722834,-1.1563164553033,1.81962055320703,1.38356789492357,0,0,-0.514120268819636,-0.86557754574912,1.53243355075877,0.489980942435478,8
75,2.20065495683239,1.28771668156105,0.331569345458474,2.04274411699376,0,0,1.56406905341093,1.21936539706692,0.326800400676468,-0.960806677958019,9
75,2.42155403393867,-0.93056971155913,0.92674997855018,2.04274411699376,0,0,-0.520138286442131,-1.74424653895539,0.439429668153899,-1.04439129278131,10
75,2.50908008335814,-1.01770872274013,0.302963279518172,2.04274411699376,0,0,-0.684112036756948,-0.640115122489989,0.302318776549592,0.206032155184204,11
75,2.93837451622507,-0.865785482214619,0.629255159076193,2.04274411699376,0,0,-0.447191612098706,0.0562562476415007,0.0787743807948747,-0.243457931231783,12
75,3.13426615064007,0.505245054691243,-1.16987719951352,2.04274411699376,0,0,0.89893883990465,-0.140219231904082,-1.10515067118226,-1.69887672258306,13
75,3.28431080678773,-0.0821770102850769,-0.241708155698367,2.04274411699376,0,0,0.34231210188208,-0.934997814081372,-0.413564167598369,-1.47251829537421,14
75,3.65525454004168,1.61528746447286,-0.988966276345332,3.46820694996904,0,0,1.74834179333655,0.572305363099549,-1.1116216765367,0.579054529769018,15
75,3.94284013099137,0.594265902883,-0.616340597728618,3.46820694996904,0,0,1.23275123989396,-0.120319472704026,-1.21647749085787,-1.38460470348922,16
75,4.09288478713903,-0.363327137694318,-1.05516854469673,3.46820694996904,0,0,0.00705479910381244,-1.27868048584861,-1.21718063488539,-0.526989784427879,17
75,4.28044060732361,1.67120043675862,-0.555526054965299,4.13352997493214,0,0,2.16378792387918,0.996335403862129,-1.00969635419448,-0.0195330686910951,18
75,4.67639178326883,0.642965816440424,-0.87492993643603,4.13352997493214,0,0,1.09367003195696,0.697500833138128,-1.7896765778302,-0.171750142623751,19
75,4.75558201845787,1.04042085165049,-1.3878775113982,4.13352997493214,0,0,1.3577306803572,0.853031436193714,-2.02732551666623,-1.08385966634146,20
75,5.22655552247693,2.13309759531108,-0.92299093089045,5.07315761348268,0,0,2.47069042042191,-0.098419298711159,-1.00418984098851,-2.2603451401701,21
75,5.40160762131587,0.0864277211819679,-0.601717569176679,5.07315761348268,0,0,0.275363797999417,-0.0402019128944035,-1.32461405052622,-1.87452720659808,22
75,5.52247692765704,0.01548643550656,-0.0189712524745068,5.07315761348268,0,0,0.14171200374766,-0.466288676340465,-0.0908459777661955,-2.16337805237638,23
75,5.77255135456981,-0.325376613336747,0.572789378022641,5.07315761348268,0,0,-0.262911447166201,-0.055372389089721,0.407066496922593,-0.22223923094232,24
75,6.17267043763025,0.384602455245334,0.154693307282114,5.07315761348268,0,0,0.346071102978821,-0.0479554932249873,0.0617404872976829,0.582762771769237,25
75,6.32271509377791,-0.260825723864652,-0.333200202371892,5.07315761348268,0,0,0.297980854389658,0.08790666425071,-0.433989851971316,-1.5944603294289,26
75,6.65197975587973,2.00738064928963,-0.671981759412019,6.5763092123563,0,0,2.82566296900508,0.0698395112952834,-0.705626030581284,-1.33288100601274,27
75,6.80202441202739,0.61681231713213,-1.51586821737717,6.5763092123563,0,0,1.44472411620189,-0.204767847381411,-1.42250149647646,-3.30841707877272,28
75,7.08961000297708,0.929852961883598,-0.576170679323467,6.5763092123563,0,0,0.917851393922263,-0.749076430440867,-0.813524929300125,-1.34701954690048,29
75,7.32718070854421,0.229701431271295,-0.745875861416509,6.5763092123563,0,0,0.536521287857937,-0.966318661210358,-0.558565528700863,-2.45603114502062,30
75,7.62727002083954,0.118966557186963,0.135684893507266,6.5763092123563,0,0,0.424081595053264,0.561830264560268,0.171682306183309,0.167006847173987,31
75,7.91485561178922,3.0704045243301,-0.896657650486706,7.84257272254819,0,0,2.97983740599837,0.587283159887427,-1.14738656921156,-1.37020589513344,32
75,8.01905328966954,2.03850991148991,-0.883879682772897,7.84257272254819,0,0,2.56550909690655,0.492130311070884,-1.4602009314787,-1.55656555423725,33
75,8.31497469484966,2.60414996659998,-1.07816449127981,8.25118462693376,0,0,2.56260120586445,1.71003569473599,-1.29286328136146,-0.830084135129587,34
75,8.59005656445371,0.672970448194682,0.324602319356364,8.25118462693376,0,0,1.12254751090508,0.0978041435387644,0.0712919177666416,0.53551847536911,35
75,8.90264959809467,-0.612018333166502,0.730355639264582,8.25118462693376,0,0,-0.38064562903109,-0.467983214598748,0.475540697115043,-1.15596667006564,36
75,9.24858588865734,-0.404078356435939,0.157747718183947,8.25118462693376,0,0,0.150797652860784,-0.305233223740547,-0.213078571898657,-0.688204063474287,37
75,9.37779100922894,0.0912293853851496,-0.384836232099897,8.25118462693376,0,0,0.444033906938332,0.492581148199178,-0.815906231708454,-0.622591769594523,38
75,9.57785055075916,0.270657811398387,0.00826282745563266,8.25118462693376,0,0,0.309069036295164,-0.0908625067688533,-0.0854768231269915,-0.506926409267831,39
75,9.92378684132182,1.35201153773437,-1.36849363513711,9.7136225011737,0,0,1.3187575578086,0.317408068369666,-1.80865691867144,-1.61196983562565,40
75,10.1071747543912,0.0691819065961859,0.0214725441864626,9.7136225011737,0,0,0.458927419407165,-0.665696987168514,0.198785792598747,-1.53247845295917,41
75,10.4406073236082,-0.0303575143339544,0.30219356812906,9.7136225011737,0,0,0.214295758985266,-0.897482421491101,-0.171750689087071,-1.05883415407741,42
75,10.5656445370646,1.17337452814886,-0.0408780564472612,10.4441625091999,0,0,1.41479815386093,-0.636323714684622,-0.200558941651884,-1.22299863200439,43
75,10.9407561774338,0.215575105620036,0.695649855317752,10.4441625091999,0,0,0.702291953480736,-0.596356031067016,0.576758749372206,0.0148577648927362,44
75,11.2325096754987,0.226194450303401,0.353702336234359,10.4441625091999,0,0,0.459189381674254,-0.41857403542666,-0.383898465029411,-0.41391621566837,45
75,11.3325394462638,0.635798920629558,0.123846987716369,10.4441625091999,0,0,1.30459445572103,-1.04905909548055,-0.015933115301187,0.13745814805168,46
75,11.6618041083656,1.20377989919863,-0.507030772770395,11.5950521179278,0,0,1.66288069562391,0.221068121279035,-1.16572453097039,-0.837186489255782,47
75,11.7910092289372,0.341306096273,-0.371626896726257,11.5950521179278,0,0,0.669426098607297,-0.679444663624319,-0.110964265340363,-1.44853847174865,48
75,12.2077999404585,-0.0730245294957092,-0.00721023028879218,11.5950521179278,0,0,0.349853261009157,-0.551833390379503,0.210274516629516,-1.18123898724495,49
75,12.3870199464126,0.462576326529147,-0.142922904869949,11.5950521179278,0,0,0.914421276465787,-0.303818817486297,-0.570858193656775,-1.02418701700527,50
75,12.6662697231319,0.976772788948071,-0.759137376182377,11.5950521179278,0,0,1.08044570591545,0.252768455135386,-1.01899706176286,-2.95787605618587,51
75,12.962191128312,1.57744528494552,-1.49589066459576,11.5950521179278,0,0,1.63575564969459,1.30453604204905,-1.77518133185715,-1.66853838343106,52
75,13.078892527538,2.50405330490539,-1.47809274269791,12.9726143480064,0,0,3.01210630611441,0.896622077401155,-1.30981799255547,-2.30481109490361,53
75,13.3164632331051,0.394683632742748,-0.420036463231574,12.9726143480064,0,0,0.58254503072479,-0.0309213524863266,-1.10476976380992,-0.521329476990527,54
75,13.6540637094373,-0.223720684191345,0.00119062689634772,12.9726143480064,0,0,0.0232679711550874,-1.97536312457038,0.233459042498462,0.682242888222581,55
75,13.8124441798154,1.31041248058315,-1.82089250710353,13.7818423280842,0,0,1.66442633816436,1.78578786114998,-2.57430253038003,-2.30782339821162,56
76,0,-0.949294651409908,0.769500997749308,-Inf,0,0,-0.669962617051533,-0.999128925277863,1.39930965507836,1.11187050975027,0
76,0.20422744864543,-0.440852007491969,1.12456425753981,-Inf,0,0,-0.15395720548566,0.266945222927835,1.91081240754101,1.24301734273912,1
76,0.300089312295326,-1.00688895524312,1.7061465689431,-Inf,0,0,-0.513334791044687,-2.45932908206945,2.46145955014595,0.81107857293306,2
76,0.666865138434058,0.756042888392387,-0.14680684738058,0.415689235716127,0,0,0.835146946340448,0.14087794879327,-0.0616451612610937,-0.231860077993862,3
76,0.787734444775231,1.33169676860015,0.0356037892187382,0.415689235716127,0,0,1.8916995003504,0.621037633319202,0.20763122534872,-0.0547789297037545,4
76,1.12533492110747,0.290894941866998,-0.159754320999676,0.415689235716127,0,0,0.487025271775512,0.41347873406023,0.0935888379748845,0.146165275686071,5
76,1.26704376302471,0.827581123933573,-0.39268081272143,0.415689235716127,0,0,0.77207373525893,0.22676535708429,0.00668759582328957,0.0320327666200965,6
76,1.74218517415898,-0.137147229689252,0.123462391553956,1.30042103526469,0,0,0.355976758069024,0.0366137063122227,0.100066970405938,-0.28116448348329,7
76,1.95058052991962,-0.490065587103821,0.299513871910975,1.76061644267398,0,0,-0.210293870579514,-1.33136878070959,0.799255464803332,0.864941824665596,8
76,2.15480797856505,-1.17919731161373,1.4055329471104,1.76061644267398,0,0,-0.265878106430989,-0.89651464805387,1.68954113273458,1.95747820878886,9
76,2.4965763620125,-1.19468202692611,0.287242960374353,1.76061644267398,0,0,-0.735170986414065,-0.747297678220887,0.601772592047519,1.39879355039858,10
76,2.53408752604942,-0.790212496569933,0.474238436490462,1.76061644267398,0,0,-0.550088126051158,-1.31363436928937,1.11604751659241,1.69527131640746,11
76,2.92587079487943,1.40876653721001,-0.873806729109987,2.90059569181803,0,0,1.40751532134183,-0.256124538067355,-0.726651216926077,-0.0908850060135119,12
76,3.03840428699018,1.20640715813256,-1.42440704335683,2.90059569181803,0,0,1.380301710816,-0.46130555893762,-1.00311902639298,-1.19129460564401,13
76,3.32182197082465,2.00202809264889,-0.876516729110494,2.90059569181803,0,0,2.04080594057583,0.443420895376384,0.348880037694829,0.730691086143856,14
76,3.66775826138732,0.935357114479011,-0.903867759171794,2.90059569181803,0,0,1.43237881830445,-0.0809524001110744,-0.615444150364533,-0.427750276494017,15
76,3.89282524560881,1.4942400977918,-0.921191485785931,2.90059569181803,0,0,1.71863096171125,-0.0339062340586281,0.00425686717699991,-0.574346303381929,16
76,4.17624292944329,0.194330402780076,-0.596767288450329,2.90059569181803,0,0,0.270395923357456,0.316814958614339,0.100224343267119,0.535524563594699,17
76,4.4721643346234,1.52119132117026,-1.51696777755099,4.3496346751622,0,0,1.39787963651288,0.94989345477033,-1.09414837326263,-2.57655990261841,18
76,4.6972313188449,1.79091163492876,-0.714140241994974,4.3496346751622,0,0,1.91728218726217,0.384234226032736,-0.674134750937732,0.900321218491748,19
76,4.83894016076213,1.2380432338157,-0.693348269926622,4.3496346751622,0,0,1.49526896897935,-0.496388944431707,0.366635981869357,1.58360481060905,20
76,5.17237272997916,0.693764477550146,-0.725767102902334,4.3496346751622,0,0,0.823249428136649,-0.757630187708864,-0.884272545610692,0.592968890353788,21
76,5.29740994343555,1.52675587279867,-0.336894359475233,4.3496346751622,0,0,1.4243597839433,1.06566563573169,-0.155237811266477,-0.100731655443837,22
76,5.74337600476332,1.03440797855766,-0.0701872968082712,5.38728803616519,0,0,0.934119338613837,0.308698674259746,0.356049532788721,0.306070308545667,23
76,5.93926763917833,0.264224217216649,-0.460693358441891,5.38728803616519,0,0,0.356412344861785,0.191684645869544,0.346840581202629,-0.271661394556276,24
76,6.08514438821078,0.622153515025287,-0.090898383922508,5.38728803616519,0,0,0.701251596689834,-0.520888702592991,0.598882295003455,0.621776608692354,25
76,6.25186067281929,0.271152155320075,-0.258848867909525,5.38728803616519,0,0,0.469589688988947,-0.345105749379992,0.485581666909062,0.0937034594269241,26
76,6.72700208395356,1.12820661589964,-0.723400870617469,6.64102206522456,0,0,1.45895824530549,-0.130029366878009,-0.184583447377541,-0.317679337959903,27
76,6.81452813337303,0.861347816764051,-0.069365420940447,6.64102206522456,0,0,1.21340132959605,0.366945495315731,0.516406233884146,0.208951375933594,28
76,7.18963977374219,-0.266908061249379,0.524785527696093,6.64102206522456,0,0,0.161616615067763,-0.754080234373291,0.596944548297151,-0.161707617768657,29
76,7.36469187258113,0.32986420083255,0.147777721220613,6.64102206522456,0,0,0.440757255586886,0.489994312344318,0.917839290537156,0.5475944469175,30
76,7.67311699910688,0.793877855020002,-0.411396095688699,7.47079492575632,0,0,0.652060492863259,-0.429779561205365,0.244926172378067,-0.182037196746868,31
76,7.85650491217624,-0.394511400014376,-0.0820658171354399,7.47079492575632,0,0,-0.164505632060007,-1.45931110216065,0.280753535188013,1.63768013568572,32
76,8.19410538850848,-0.961230092231862,0.220262406548665,7.47079492575632,0,0,-0.403859429484787,-1.87397140865578,0.901611852580726,0.986637424334411,33
76,8.41083655849955,0.727345728634056,-1.33670856267439,8.40715052893815,0,0,1.17999988406941,-0.40767870644778,-1.28089262065453,-0.555731224535094,34
76,8.69425424233403,1.14340687512982,-0.413159489800245,8.40715052893815,0,0,1.49233822174035,0.870634054848694,-0.399036768238242,-0.0459351237564289,35
76,8.7817802917535,1.25162087927877,-0.766939519074225,8.40715052893815,0,0,1.46760555422676,0.22459513367299,-0.305561517284263,-0.368301424750193,36
76,9.16522774635308,0.78084175360221,-0.276378307011138,8.40715052893815,0,0,0.559058842788351,0.273351385944992,-0.0461887898422508,-1.39901668382225,37
76,9.29443286692468,0.547062101564768,-0.40536659818279,8.40715052893815,0,0,0.550417631996376,0.307162917423601,0.353816435608591,-0.36174462449323,38
76,9.58618636498958,1.20796648830996,0.736931178606474,8.40715052893815,0,0,1.34822294123078,-0.407375084943336,0.986977312257408,1.86733104882905,39
76,9.89877939863054,2.31168156365299,-0.740302721510374,9.82411212160503,0,0,2.22817175346332,0.481423102784458,-0.900083671447227,-0.545576012779238,40
76,10.1530217326585,1.99822617740425,0.308851244261765,9.82411212160503,0,0,1.97067110456954,-0.615182383600837,0.515938902207718,0.921204011299595,41
76,10.298898481691,0.391228041806664,0.0666326114914249,9.82411212160503,0,0,0.84426661536517,0.368507672640982,0.384306549961937,1.07924243357953,42
76,10.5698124441798,0.115899059212968,-0.514237282526583,9.82411212160503,0,0,0.578681896937121,-1.0194589830189,-0.650436093256624,0.309361081128293,43
76,10.8949091991664,1.57168236219834,-1.91642678441897,10.7477670388816,0,0,1.75108302568751,0.941720366357601,-1.28367401984075,-1.66923089274336,44
76,11.0866329264662,0.173788226857269,-0.855065865746849,10.7477670388816,0,0,0.407920574508392,-0.47459655023149,-0.114240488118862,-0.368128288043407,45
76,11.357546888955,0.358645916142115,-0.18902902284247,10.7477670388816,0,0,0.296599268802003,-1.27121704711811,0.254009721713618,-0.354051180913789,46
76,11.6743078297112,0.350778168679883,-0.255526851747863,10.7477670388816,0,0,0.649888304788047,-0.18065933717431,0.178678098931384,-0.813994885555472,47
76,11.7910092289372,0.612987135035012,-0.582508215462861,10.7477670388816,0,0,0.945008428591545,-0.0286623000305603,-0.105619831643885,0.119157945430766,48
76,12.1494492408455,-0.10161171830344,-0.0332762897483977,11.8336498275668,0,0,0.0638159136476432,0.586373205636603,0.96926046151232,0.832066286276682,49
76,12.2994938969932,-0.363128412655347,-0.0559273084401207,11.8336498275668,0,0,-0.257047837987457,0.365257724015347,0.148245757361538,0.318795294229913,50
76,12.5870794879428,0.973509298992593,-0.526930142717906,11.8336498275668,0,0,1.24882635370424,-0.422679701162463,0.365011415110273,0.153183948727353,51
76,12.8038106579339,0.58896725109181,-0.978857279094776,11.8336498275668,0,0,0.922844226165458,-0.647564444045006,-0.122677230750837,-0.382086439354321,52
76,13.0580529919619,2.65586251912809,-1.58542976783711,12.9729244073871,0,0,2.47316145349775,0.456955611267889,-1.04233429032085,-1.0377345585354,53
76,13.274784161953,0.711298951121679,-1.70618472084114,12.9729244073871,0,0,0.757766950237889,-0.162442036349287,-1.47845329728798,-1.4630305150745,54
76,13.5290264959809,-0.29119671798379,0.618271623788007,12.9729244073871,0,0,0.021255120241109,0.131924490117178,1.09424442866623,1.71722758831718,55
76,13.8291158082763,1.71211209335969,0.443476232769032,13.6163888922543,0,0,1.73553993494202,0.324112470449997,0.531650410153894,0.793905834322601,56
77,0,1.06695260306158,-1.50553629930528,-Inf,0,0,0.929111280193506,0.78703393958745,-0.603287838431824,-2.1708077641505,0
77,0.0625186067281929,0.88489619089738,-0.816802324311173,-Inf,0,0,0.625363717105084,1.12284285024574,0.100086244019126,-0.616459087892284,1
77,0.49598094671033,1.71095922792022,-0.582480187771935,0.313769849447999,0,0,1.69771793178356,0.199205059523095,0.818903630594559,-1.84588863639607,2
77,0.608514438821078,0.81409847417066,0.06097723683893,0.313769849447999,0,0,1.00114061775916,0.718995072299678,0.949747914857403,-0.943737076181576,3
77,0.896100029770765,-0.824233417978627,0.737513335500494,0.313769849447999,0,0,-0.637783262305924,-0.699807253857899,2.27509101277091,0.159714321416514,4
77,1.19202143495088,-0.0519161060377849,0.300920157597484,1.06110169761635,0,0,0.125208175526168,1.54389997462101,0.894052432364767,-0.156318205972528,5
77,1.31705864840726,-0.555993762017558,1.23266573121152,1.06110169761635,0,0,-0.405517921943263,-0.836999147642798,2.52419082226923,1.7202728054854,6
77,1.66716284608514,-0.987706061675623,0.999573342181529,1.06110169761635,0,0,-1.04092136072972,-0.522989757637135,2.07246737239848,0.81829557857361,7
77,1.87139029473057,-0.809116418648456,0.111938184166861,1.06110169761635,0,0,-0.328733350893249,-0.910792968853393,1.53900294020084,0.0179082849639353,8
77,2.07144983626079,0.444492753904497,-0.33007510207631,1.06110169761635,0,0,0.435166687570881,-0.695356048268767,0.514530131810945,-0.11175429962583,9
77,2.35069961298005,0.260467031291403,-0.796717574067911,1.06110169761635,0,0,0.132185238108546,0.343264914626195,0.141921064406501,-2.1516085003976,10
77,2.721643346234,0.436299126632322,-1.46111472513707,2.41691507936563,0,0,0.285753421167886,-0.100570391860747,-0.459732420322723,-2.14346772965568,11
77,2.99255730872283,1.14638196575668,-0.302858933912544,2.41691507936563,0,0,1.0461843002804,0.679167158100113,0.371579709140034,-1.53938118457437,12
77,3.15927359333135,1.74093145405779,-0.603787622344161,2.41691507936563,0,0,1.32210248520242,0.861146913869588,0.60564919570006,-0.923967071871999,13
77,3.38434057755284,1.91464412310175,-1.84088452489395,3.21278560878172,0,0,1.83695931088975,0.204739994721859,-1.15109142816873,-1.74645509624588,14
77,3.58856802619827,1.45971103442059,-0.885302162778308,3.21278560878172,0,0,1.3405292563164,0.501413716055397,0.342911125940069,-0.752299470660652,15
77,3.88032152426317,0.390530820546441,-1.39890650647482,3.21278560878172,0,0,0.0627162530572956,-1.39351516761169,0.190110558383775,-2.41735202517776,16
77,4.06370943733254,0.861285255996051,-2.47507252428572,3.21278560878172,0,0,0.927553687665004,-0.362930082344193,-1.38922704851774,-1.50699375297264,17
77,4.39297409943436,-0.0919213054066132,-0.640502779482972,3.21278560878172,0,0,-0.579887553911439,-0.204668018016005,-0.00592025972096732,-1.0129207190745,18
77,4.54301875558202,1.68226631240073,-1.69256195552096,4.49687161458871,0,0,1.51549743954152,0.550125945466568,-0.717150889635471,-2.67772285809646,19
77,4.88061923191426,1.39964697557901,-1.62559370392074,4.49687161458871,0,0,1.32818290718937,0.523663726851413,-0.788561431514848,-1.97824254036147,20
77,5.00148853825543,0.45800032892276,-1.82305367282446,4.49687161458871,0,0,0.538901215388718,-1.00501345914482,-0.793261633187047,-1.35786113078045,21
77,5.32658529324204,0.79825179936374,-0.838115836045013,4.49687161458871,0,0,0.72908627098984,-0.0552265335400247,0.00357079823027526,-0.943548463818187,22
77,5.73920809764811,1.82725778311881,-0.421544673509095,5.7133878767168,0,0,1.47909720120952,0.545791590143376,0.343657786611759,-0.0539127339560367,23
77,5.8642453111045,0.416527231566758,-0.760017607471016,5.7133878767168,0,0,0.34910200033864,-0.260943120205113,0.0518609288602065,-1.5215821888433,24
77,6.1559988091694,-0.488180162926085,0.789583514747449,5.7133878767168,0,0,-0.295410166577271,-1.26113032506697,1.75327532164802,1.93006911435137,25
77,6.42274486454302,-1.26709518551965,1.04894625624092,5.7133878767168,0,0,-1.13484156477556,-0.685893291993,1.67758652877645,-0.409201652840256,26
77,6.73116999106877,1.01091335080148,-0.740905538329368,6.7264331426364,0,0,0.65549100116018,0.138209325526458,0.882050259649044,-2.60969541810875,27
77,6.7728490622209,0.997466799453961,-0.540685297410861,6.7264331426364,0,0,0.57271624552171,1.942222920472,0.69067733040708,0.0886890759105231,28
77,7.04376302470973,0.955557585453586,0.805960282105161,6.7264331426364,0,0,0.780285229288602,0.290389959126592,1.73974018417955,-0.321900356247464,29
77,7.34802024412027,-0.140550124717192,0.111636466094938,7.24014973995419,0,0,0.18855126953181,-0.923815359282051,1.15965490875952,-1.35296979704616,30
77,7.53557606430485,-0.394151782972749,1.1565485756661,7.24014973995419,0,0,-0.178900492975242,-0.222391792208065,2.31560459051853,0.915815478935922,31
77,7.75647514141113,-1.6652526335147,0.944082365413821,7.24014973995419,0,0,-1.65507222634407,-0.681282588086257,1.82051743094346,0.0568098692082928,32
77,8.01905328966954,-1.72957541429624,1.35905219290322,7.24014973995419,0,0,-1.37477926164199,-0.594498752521816,2.577043157437,1.54349177461167,33
77,8.29830306638881,0.322264224974291,1.32800175030183,8.23564599331898,0,0,0.619762532460385,-0.0853226586818044,2.24059646599002,0.384140110422187,34
77,8.54420958618637,-1.11328801318041,-0.6288862490647,8.23564599331898,0,0,-1.24251550154096,-0.647311448136702,0.397918904494133,-0.609327381264575,35
77,8.93182494790116,-1.65324196785525,0.373783214365228,8.23564599331898,0,0,-1.29141326893649,-1.2414522921604,0.838312934519787,-0.354729084158419,36
77,9.19440309615957,-1.12882313217433,0.713241695387645,8.23564599331898,0,0,-0.768238974679108,-2.44791229508832,1.9545738585228,-0.995237205335305,37
77,9.32360821673117,-0.733661556493736,0.367898581582886,8.23564599331898,0,0,-0.586221485342137,-0.250280022585567,1.29859965885525,-0.174842996085415,38
77,9.52366775826139,0.389518605968653,0.733019975165787,9.4068219113701,0,0,0.685298037920362,-0.948659654464893,1.94130326026429,0.365505044369325,39
77,9.83209288478714,-0.770002372511618,0.787010237097433,9.4068219113701,0,0,-0.513187477485241,0.776290219094153,2.09268933482067,-1.29310708480489,40
77,10.0696635903543,-0.558570033751215,0.552074972886253,9.4068219113701,0,0,-0.343555847372777,-0.714097529701721,1.67060271472082,-0.47238395001701,41
77,10.4656147662995,0.962290025639834,-0.269930278223941,9.4068219113701,0,0,0.905905133253189,0.380136183354022,1.05424599150837,-2.1215836400205,42
77,10.7073533789818,2.72064830091678,-1.34985480740826,10.5141035840202,0,0,2.68204026393437,1.93969661185075,0.376229131115962,-1.80338565123244,43
77,10.9032450133968,1.9492023000008,-0.414850408213608,10.5141035840202,0,0,1.77359663259559,-0.194154931979285,0.331349768719553,-0.512129132146722,44
77,11.0074426912772,1.64987681598036,-0.411555221806233,10.5141035840202,0,0,1.63494921797144,0.401033025003894,0.807654159935956,-1.12732483401759,45
77,11.3033640964573,1.29647876235498,-1.30073126348573,10.5141035840202,0,0,1.2471827439912,0.15394537275952,-0.441782847163941,-2.50634081604923,46
77,11.5367668949092,1.65951708820679,-1.19747513624177,10.5141035840202,0,0,1.42342842758943,0.267477273945433,0.0383645731789295,-1.6069025680968,47
77,11.8410241143197,1.57375884873487,-2.18154193796359,10.5141035840202,0,0,1.44206935850928,0.88688151103981,-1.13227905549119,-1.61746890834675,48
77,12.0994343554629,0.408470510776312,-1.93242319324047,10.5141035840202,0,0,0.681166523889243,0.367051771462167,-1.08444274857717,-2.19116097586616,49
77,12.4787139029473,2.14702382651978,-1.8913650866791,12.2628525494634,0,0,1.88539305127558,1.34574200545754,-0.581626643688879,-1.64951418284661,50
77,12.628758559095,1.45517704915325,-1.37269026521221,12.2628525494634,0,0,1.37291416403826,0.584919627655535,-0.648650883602247,-2.22424899875302,51
77,12.7621315867818,1.50995458350159,-1.39291090417342,12.2628525494634,0,0,1.38913221882617,0.979778762331299,-0.63159205810841,-1.58919338883374,52
77,13.2289371836856,-0.562580206841011,-0.170281161662121,12.2628525494634,0,0,-0.324160266674385,-1.01668858501117,0.476901370212521,-1.82569981521071,53
77,13.3831497469485,0.606095629509429,-1.2559278643166,13.2427676553623,0,0,0.650429283821719,-0.0637587869248864,-0.232828375745023,-2.10895293919133,54
77,13.5456981244418,-0.528545377532127,-0.92034998467594,13.2427676553623,0,0,-0.586190345010938,-1.47826284938636,0.234266332073708,-0.730558171529046,55
77,13.9458172075022,1.58327548920198,0.0401462286046556,13.7837834038772,0,0,1.57411629836464,-0.0756446948953263,1.57278524060993,-1.09026080130705,56
78,0,1.07269550373469,-1.38582564645063,-Inf,0,0,1.36551822186842,1.33910796275703,-1.74849597778483,-0.35080289448884,0
78,0.0250074426912772,0.709971808093063,-1.6664368039861,-Inf,0,0,0.968740735218204,0.629751463847231,-2.61982675614817,0.700683891109183,1
78,0.441798154212563,1.22513240644337,-1.63475423290068,0.0839872278040275,0,0,1.35120950858414,1.573618486028,-2.6166303639741,1.27398233140716,2
78,0.625186067281929,1.09400788665416,-1.32511787054616,0.0839872278040275,0,0,1.34480030976768,0.979687981089217,-2.58734040442144,-0.391763372985347,3
78,0.97529026495981,0.409776115802371,0.244728883687121,0.0839872278040275,0,0,0.827727360898784,1.29758298562355,-0.877566055492415,1.17629900017652,4
78,1.08782375707056,0.197646494759983,0.38421823090761,0.0839872278040275,0,0,0.852687882994274,0.909124850986179,-0.33335370332242,1.56645815137384,5
78,1.36290562667461,0.282864516979683,0.158347758064614,1.09375153183758,0,0,1.01936247619857,1.60326258552063,-0.8671886098537,0.509499581264768,6
78,1.50878237570706,-1.04397280496441,1.38937011203355,1.09375153183758,0,0,-0.409182202815128,0.255195353033466,0.548911999704267,1.92927397218997,7
78,1.85471866626972,0.276122273621512,0.466401718880851,1.09375153183758,0,0,0.838657488634548,0.359564592639086,-0.939499291231804,0.749703947052789,8
78,2.13396844298898,0.404365451415055,-1.42779461062553,1.09375153183758,0,0,1.03968512266376,0.823108489647891,-2.17466534475008,-1.6339537112988,9
78,2.3340279845192,2.12325103020499,-2.78373465278602,2.33203066060893,0,0,2.46830087728653,1.4310773752611,-3.71373782893678,-2.0527332537118,10
78,2.67162846085144,1.64253536743458,-0.41870036809434,2.33203066060893,0,0,2.13623330840897,2.27337938233576,-1.5149029005115,1.55346675041941,11
78,2.83834474545996,0.66506011884655,-0.17009656545951,2.33203066060893,0,0,1.50998333566865,1.21090446339239,-0.630024909199782,1.49845865266769,12
78,3.11759452217922,-1.36095745316521,-0.477816751336609,2.33203066060893,0,0,-0.486841326933078,0.50949100953293,-1.93287423179511,0.215440770134806,13
78,3.35099732063114,-0.999594223056729,0.534549906059834,2.33203066060893,0,0,-0.509799558218692,-0.0286254506019943,-0.810069631935454,0.306633841148695,14
78,3.58856802619827,1.23954297452092,-0.734506758328634,3.45895161707348,0,0,1.73284966166206,1.63421374115583,-1.68883223048911,-0.265805458863958,15
78,3.75111640369157,0.227378907083894,-0.11356002436549,3.45895161707348,0,0,0.907072809082566,0.705528529261663,-1.5309459575646,0.789037752929182,16
78,4.20125037213456,0.487504652502347,0.113416141622765,3.95964871776971,0,0,1.25269481082717,0.382792797398939,-0.240393318010386,1.56584577188664,17
78,4.35129502828223,-0.234513980456915,0.0365163181660694,3.95964871776971,0,0,0.490113058599743,0.750808762163048,-1.37837897319311,1.3218345967956,18
78,4.52217922000595,-0.71050403601038,0.460034840997279,3.95964871776971,0,0,0.172563163122223,-0.266304946879928,-0.809282010730556,1.65186546832919,19
78,4.9889848169098,0.56001526312167,-0.822904234334056,3.95964871776971,0,0,1.03261657318936,1.49679374291393,-1.6728209833705,0.293433110627213,20
78,5.0890145876749,0.79911710464898,0.386934757715249,3.95964871776971,0,0,1.40407590678174,1.73166434722153,-0.638740396126801,1.5571444318467,21
78,5.43495087823757,1.47004031742067,-1.49766148275518,5.17536185275799,0,0,1.89287761136508,0.84003197091129,-2.10860686862754,-1.12579263254167,22
78,5.71836856207205,1.0802547981985,-1.53687290053615,5.17536185275799,0,0,1.36637061435282,1.20560997530004,-2.38128382446269,-0.527979638376924,23
78,5.92676391783269,1.02197186153653,-1.22803125791834,5.17536185275799,0,0,1.57855922721616,1.26140069326387,-2.1882461370241,-1.57364354215964,24
78,6.1893420660911,0.696070527326022,0.375226356027536,5.17536185275799,0,0,1.45057895147684,0.756175960723914,-0.507522755816727,0.540366445904186,25
78,6.42274486454302,0.168656628506619,-0.208916856871567,5.17536185275799,0,0,0.592220533454554,-0.462234240686235,-1.21215356127851,-0.21176090029797,26
78,6.50610300684728,0.252400267237824,-0.552158283655145,5.17536185275799,0,0,1.04304000027746,-0.223773058779102,-1.95355513929729,1.18883908505719,27
78,6.94373325394463,2.57823768183002,-2.03885367904557,6.78087135403274,0,0,2.87526115296526,1.70968438837968,-3.73243140949636,-2.66393530750519,28
78,7.01875558201846,1.48522521659454,-1.73953317397238,6.78087135403274,0,0,1.62771804579251,2.10276630582747,-2.63897211397821,-0.266154633783472,29
78,7.47722536469187,1.69161858252226,-1.36221521880668,7.45684917770469,0,0,2.23702401256843,1.85101985916412,-2.57425172573826,-0.46119063321446,30
78,7.73563560583507,0.378713130257644,-0.421082801738803,7.45684917770469,0,0,0.937763296405102,1.10595337798106,-1.45421251834503,0.752139448873764,31
78,7.77314676987199,0.161505303619477,-0.512607951743089,7.45684917770469,0,0,0.818723717382366,1.0419386909915,-1.77635787797645,0.446658952744994,32
78,8.16076213158678,-1.68431387228538,-0.164891474313055,7.45684917770469,0,0,-1.37857866100922,-0.513563511860864,-1.52106382566506,0.98204750377741,33
78,8.2649598094671,-1.25432659367415,-0.250769979961556,7.45684917770469,0,0,-0.886046756913527,-0.501116404231362,-1.15453234338672,1.48137415728246,34
78,8.53170586484073,-0.776913014732025,0.363018221287836,7.45684917770469,0,0,-0.145708810666541,-0.900807401726774,-0.754674819187823,1.35259083515017,35
78,8.84429889848169,-0.515012926216037,1.07327134131637,8.59034663134684,0,0,0.625049869408722,-0.67382490505088,-0.112609954126923,0.840754975932368,36
78,9.21524263173564,-0.755439485509402,1.08298302203075,8.59034663134684,0,0,-0.152762508357047,0.183706168905256,-0.326905552703956,1.49343578936251,37
78,9.45698124441798,-1.32482328797055,1.39350629569857,8.59034663134684,0,0,-0.499994449285687,0.468489019078968,0.350061683956455,1.12236802815971,38
78,9.74873474248288,-1.42374903005124,1.43449671246315,8.59034663134684,0,0,-0.553691134937523,0.289379172919609,0.461499071472592,1.90409940313835,39
78,9.98630544805001,-2.19397895063356,1.39130497282446,8.59034663134684,0,0,-1.30439166994603,0.500724168333319,0.301790199378701,1.94528861744748,40
78,10.0154807978565,-2.07659152557109,1.79984783957527,8.59034663134684,0,0,-1.32082288154042,-0.219347002793126,0.900771580885744,1.11995591876982,41
78,10.2572194105389,-0.261975437792407,-0.352591584549567,10.055917140057,0,0,0.0390373860689408,-0.509745524285295,-1.56608328575445,-0.706503180637889,42
78,10.6531705864841,-0.830188103288426,0.273036779571027,10.055917140057,0,0,-0.337172892299111,-0.332640285580156,-0.818986556139553,1.57530133898057,43
78,10.8949091991664,0.775964733963798,-0.0355835080086329,10.7821557749815,0,0,1.63666251878763,0.860706297395847,-0.549694328658431,0.177418555368133,44
78,11.140815718964,0.731635359353227,0.0457605357098458,10.7821557749815,0,0,1.13009159379913,0.992641080314407,-1.27617723865285,-0.875237076749103,45
78,11.3033640964573,0.756145947545891,-1.12047367300416,10.7821557749815,0,0,1.13849850756583,1.09936792225073,-2.08297784469919,-0.440027201250597,46
78,11.6743078297112,0.433043381877745,-0.210129578022485,10.7821557749815,0,0,0.607088769421676,0.333499575744017,-1.3257988699588,-1.40488876865305,47
78,11.8910389997023,1.71682174529656,-1.93488462767955,11.7685097147281,0,0,1.80846186563734,0.949495356428816,-3.25813780702235,-1.82275097918196,48
78,12.1827924977672,-0.0154558913728923,0.793148496047348,11.7685097147281,0,0,0.651858321125136,-0.718407866914237,-0.0500917944646183,2.00600315446895,49
78,12.4953855314082,0.224994069321055,0.954596774671978,11.7685097147281,0,0,0.866782583444654,0.178836959829342,-0.113430822094089,1.72467914134861,50
78,12.5037213456386,-0.0717181233859618,1.13893497994308,11.7685097147281,0,0,0.422830893178261,0.526427140113031,0.517615523578752,0.997245050515308,51
78,12.9121762429294,0.356718937795036,-0.282439050675407,12.5819416068047,0,0,0.65846130335389,-0.429104426209084,-1.37924813391861,0.75373797833428,52
78,13.2289371836856,-0.698232557849652,0.804146882974584,12.5819416068047,0,0,-0.0130466955362021,0.0143736315908278,-0.331263966161538,1.70787679206618,53
78,13.2581125334921,-0.501920689734179,0.781715410880709,12.5819416068047,0,0,-0.100587697001318,0.1782417456678,-0.115306356230582,2.19680374696739,54
78,13.6582316165525,0.304718048004669,-0.245450033729314,13.6195219459245,0,0,1.23397499732929,0.475898118417681,-1.27232078471628,0.349680737631182,55
78,13.7624292944329,0.0672969420776594,0.728647259475271,13.6195219459245,0,0,0.640851530336971,0.380104004904162,-0.544225354654487,1.43456124117354,56
79,0,-0.251882232935292,0.959338135902129,-Inf,0,0,-0.180953872365088,-0.893450839401404,-1.87042228304575,0.754374576124405,0
79,0.0875260494194701,1.07352986624949,-0.253147347949117,0.0224989591981284,0,0,0.763031642594582,0.176284816556704,-3.28783984897042,-1.30902017280178,1
79,0.358440011908306,0.117128688759619,-0.291461661786414,0.0224989591981284,0,0,-0.0612458847838492,0.0344057876798649,-2.6661312698597,-0.384633850451945,2
79,0.533492110747246,-1.19729585647745,1.21003643956597,0.0224989591981284,0,0,-1.4900315336583,-0.832471338344878,-1.06149264996689,0.39488573677195,3
79,0.850253051503424,0.0310069254153894,1.0425403561928,0.0224989591981284,0,0,-0.264433382056682,0.244269286586371,-1.49951200299391,0.0302324885270459,4
79,1.06698422149449,1.15131575063461,-0.386304016485653,0.0224989591981284,0,0,0.95658668591656,0.447334309398702,-3.05110245062029,-1.20369439538431,5
79,1.42125632628759,0.712714957722306,0.0283170191982167,1.094782815639,0,0,0.497668658681582,0.576804691228438,-2.15036037727003,0.0799566209052646,6
79,1.64632331050908,-0.0898540887255613,0.148152685665315,1.094782815639,0,0,-0.365042896705015,0.972615211646188,-3.033707699242,-0.0598300948667252,7
79,1.80470378088717,0.174904457615779,0.642136945418145,1.094782815639,0,0,-0.116408711552612,1.04887831059262,-1.95609736301593,-0.476229513003494,8
79,2.00059541530217,-0.00608210548390336,-0.179033856275918,1.094782815639,0,0,-0.379665928346306,-0.527271897941561,-3.05748439689537,-0.542224572251194,9
79,2.47990473355165,2.07439498571447,0.200401639757708,2.40691040348835,0,0,1.75882512808864,-0.214334168049887,-2.22403006451748,0.384928294377744,10
79,2.73831497469485,0.949752568986236,-0.129382027718188,2.40691040348835,0,0,0.399124452571866,1.65599473056266,-2.77214353697997,-0.181369751000959,11
79,2.84668055969038,1.70665643293941,-0.882685708938631,2.40691040348835,0,0,1.20761514117029,1.02981394127617,-3.30675823420255,-2.19354758675461,12
79,3.02173265852932,0.878799387576399,-1.47924107906088,2.40691040348835,0,0,0.567934699047567,0.737640895079314,-4.87396251010739,-2.85433568466038,13
79,3.28847871390295,0.228350625885866,-0.799255131749015,2.40691040348835,0,0,-0.205751518989219,0.633602428791758,-3.69149882125474,-1.09031570269964,14
79,3.62607919023519,-0.820179909519535,-0.438956898867887,2.40691040348835,0,0,-0.803000888947594,-0.395795174402155,-2.82087249641019,-2.45041537522787,15
79,3.91783268830009,-0.313166414400424,-0.0305597388778884,3.63744415291048,0,0,-0.162940092111065,-0.225324070802621,-2.82808393482715,-1.26791554840437,16
79,4.17207502232807,-1.26374625177526,1.24709737745904,3.63744415291048,0,0,-1.48274861304146,-0.745069118761887,-1.06135232647904,1.7969259288839,17
79,4.40130991366478,-1.29204457435443,0.752289270774546,3.63744415291048,0,0,-1.77968364904307,-0.560315159728969,-1.98364979467166,0.519873707680662,18
79,4.70973504019053,-1.27811906764098,0.997391161338973,4.40150761033158,0,0,-1.14366133705077,-1.04057854025672,-2.113205044236,-0.46723058410347,19
79,4.88061923191426,-2.19245218403235,1.8616892973603,4.40150761033158,0,0,-2.4335501182329,-0.106793131683263,-0.977037409433495,2.08789200270699,20
79,5.24739505805299,-1.31769381195091,2.14830268775528,4.40150761033158,0,0,-1.36596533014905,-0.888892116742023,-0.787881400072306,0.570316206373123,21
79,5.32658529324204,-0.705281520364925,1.5656033685393,4.40150761033158,0,0,-0.57438677122457,0.082490882159527,-1.27390522069805,0.233735182542736,22
79,5.5724918130396,1.87068818088315,0.188956744647896,5.48895540930367,0,0,1.62425617751072,1.86251491538613,-2.50711870507594,-1.24675653276774,23
79,5.81423042572194,0.216027484554725,0.226194652044993,5.48895540930367,0,0,-0.130584447163039,-0.183881284002396,-2.43063911006711,-0.756747882319412,24
79,6.08931229532599,-0.557835774669275,1.36464894973475,5.48895540930367,0,0,-0.762141551511624,0.211894456272454,-1.68294695847813,0.438698289913568,25
79,6.3852337005061,-0.534138132764851,1.67635407534423,5.48895540930367,0,0,-0.744151741790336,-0.125218442514817,-1.0283639800913,0.811606579021136,26
79,6.64781184876451,1.14455373154677,0.898780001427255,6.59354894840015,0,0,0.492159902900796,-0.684506347587163,-2.09848709945306,0.296416522778781,27
79,6.91038999702292,0.932758775503553,0.371397971421706,6.59354894840015,0,0,0.896117348584947,0.17024030451808,-2.75304739984955,-0.834246088270549,28
79,7.08961000297708,-0.350201323240666,0.331620219881196,6.59354894840015,0,0,-0.428215007047477,-0.550101722634079,-2.33107378921348,0.258695821650715,29
79,7.48139327180709,0.543978109355363,0.382791909328667,6.59354894840015,0,0,0.624339539202725,0.581793994500362,-2.32371716102218,-0.462341934638017,30
79,7.73980351295028,0.783642546871087,0.377609851470676,6.59354894840015,0,0,0.713104399516813,-0.158358958623602,-2.391404459345,-0.850166002221432,31
79,7.91485561178922,1.5699770291714,-1.95728788827153,7.86698206510538,0,0,1.14926818833254,0.341134118721632,-4.78959528363678,-2.97604575791483,32
79,8.20660910985412,1.80753349518361,-1.33356850591888,7.86698206510538,0,0,1.26918438460078,1.01255551986912,-4.46438771355773,-2.37806780080356,33
79,8.41083655849955,0.141019611446795,-0.792760953853354,7.86698206510538,0,0,-0.434742348630692,0.0960203339703689,-3.48469816290991,-1.31259349556543,34
79,8.56088121464722,-0.0415988680492312,0.203795192478638,7.86698206510538,0,0,-0.0944839459695281,0.942342691292924,-2.47422927099734,-1.738404755498,35
79,8.88181006251861,-0.577552523005119,0.432556924842179,7.86698206510538,0,0,-0.610283416756511,-0.767402100308814,-2.39572943337314,0.00277060979254012,36
79,9.22774635308127,0.278995557368975,0.332844966082354,9.00043720627168,0,0,-0.0240124400495938,0.0292716923857366,-2.58696272078792,-1.18695427593286,37
79,9.49032450133969,-0.53692986692922,1.64913156119525,9.00043720627168,0,0,-0.614363282957899,-0.873264583820043,-1.40772956811408,1.10009581525344,38
79,9.7237272997916,-1.75357443243268,0.771341024847218,9.00043720627168,0,0,-1.58741039203625,0.122716305114503,-1.78970506655329,0.762895759081036,39
79,9.99047335516523,0.511437250378709,0.147780308524618,9.95318123456807,0,0,0.0779027638780485,0.0651314014971578,-2.21691584530013,-0.212464757819514,40
79,10.1780291753498,-0.351348864187919,0.356895015271454,9.95318123456807,0,0,-0.583939555791932,-0.0618530857878807,-2.15822548680165,-0.433589921358281,41
79,10.3030663888062,-0.101904959146751,0.662818538731034,9.95318123456807,0,0,-0.0680319433206309,-0.336923855517444,-1.9545137784216,0.326505242764912,42
79,10.5114617445668,-1.02177458938361,0.559500072702436,9.95318123456807,0,0,-1.02602237308519,-1.43519872107175,-2.49061496952017,-0.595756476710618,43
79,10.7573682643644,2.19303303244398,-1.07690455753208,10.5974538366364,0,0,1.69512447929015,1.65063678857382,-3.48786876926741,-2.14350230820696,44
79,11.0449538553141,1.02447367409893,-0.767279601157401,10.5974538366364,0,0,1.04652414012291,1.05609660250203,-2.87575960119147,-0.868252706673966,45
79,11.2658529324204,1.24890150165135,-0.799845438861062,10.5974538366364,0,0,0.913183185122664,0.655775221882857,-3.46557447025243,-0.952042947258087,46
79,11.5200952664483,3.22929624861396,-0.499647241327788,11.4058838246426,0,0,2.68974722128635,2.51713602842159,-2.77034017792528,-2.24073081169397,47
79,11.9452217922001,0.989221735100092,-0.135437297092096,11.4058838246426,0,0,0.747962363449947,1.26153791745279,-2.14873397082057,-1.2583374174848,48
79,12.1244417981542,-0.275994213030323,-0.588757159834635,11.4058838246426,0,0,-0.426513435921735,-0.425703178985994,-3.37085512459172,-0.551213478083481,49
79,12.3911878535278,0.471165682321881,-0.834302667429973,11.4058838246426,0,0,0.793077720185212,0.531158412894766,-3.48819507070174,-1.34177548699342,50
79,12.6996129800536,2.58527953980693,-1.96917118458934,12.6085840247822,0,0,1.85211990735085,2.67625590442643,-4.84982422568716,-1.68189373893039,51
79,12.7746353081274,2.16749681771223,-1.27557673019012,12.6085840247822,0,0,1.80524575639805,0.505324071804873,-4.20136092235858,-1.70603822230154,52
79,13.1539148556118,-0.451965586197261,0.825533644644185,12.6085840247822,0,0,-0.63643220795166,-0.627983121736105,-1.71670595919514,-0.748078110272469,53
79,13.3873176540637,-1.04058208172744,0.250290724615914,12.6085840247822,0,0,-1.28913482850906,-0.944244754651788,-2.10618618481835,-0.780305619139365,54
79,13.5206906817505,-0.802586273817934,0.316578820963858,12.6085840247822,0,0,-1.12154957725587,0.153251535336502,-2.49940410381042,-2.1017049930821,55
79,13.9541530217327,-0.237555072278055,0.22698607922551,13.5974971558084,0,0,-0.367089855966293,-0.02198268618846,-2.62773449094239,-0.711019105268656,56
80,0,0.54244768070288,0.358890891901682,-Inf,0,0,0.632027811879706,-0.663555502777584,0.0674709838260345,-0.291531360781143,0
80,0.0708544209586186,0.224445979975118,0.0783656518833304,-Inf,0,0,0.496875323632342,1.12175684131598,0.0799411314421902,0.703230667086082,1
80,0.250074426912772,0.181633563482051,1.18468849409686,-Inf,0,0,0.914970976331142,0.455238470874947,0.810092420248221,1.47307683084133,2
80,0.516820482286395,2.04357628621483,-0.682834936576697,0.379567686456721,0,0,2.26208362014472,1.25373963566623,-0.934920147086661,0.495602682003563,3
80,0.921107472462042,0.074672200519589,-0.522204237842979,0.379567686456721,0,0,0.22224155324903,0.438475544848581,-0.663457780943727,-0.13090344577325,4
80,1.07948794284013,2.01763605949795,-0.688457470025519,0.994489929613729,0,0,1.76188566112315,1.82700515983482,-0.922920645224122,-0.384654664049637,5
80,1.27954748437035,1.27371431851153,-0.894687864816644,0.994489929613729,0,0,1.72321418660709,1.40060579181485,-1.40674651553273,0.0951766564001617,6
80,1.54212563262876,0.899915282797687,-0.146935688069871,0.994489929613729,0,0,1.17447176235287,0.771674749897044,0.271581741950449,0.57359475656008,7
80,1.96725215838047,2.87429490946601,-0.890575952521955,1.85993920240659,0,0,2.69360949870649,1.38235996387148,-0.737291272186833,0.706361560719887,8
80,2.10896100029771,1.41113343899849,-0.755353953813611,1.85993920240659,0,0,1.55574852692409,1.59068963432449,-0.756157836149149,-0.066249628213964,9
80,2.36320333432569,0.690598239534444,-0.0865267543321124,1.85993920240659,0,0,0.620999112904682,0.137241481252199,0.0504772054820314,0.261775933352305,10
80,2.71747543911879,0.584956278343806,0.148051481969657,1.85993920240659,0,0,0.957235642091857,0.10420083343372,-0.17580098459518,1.36254953816002,11
80,2.88002381661209,2.04545326945287,-0.472199852056969,2.78139034152891,0,0,2.5842535122972,0.870240344864776,-0.496147139906153,1.02336220740479,12
80,3.13843405775528,0.616084346379828,0.181653606481142,2.78139034152891,0,0,1.38296585626075,0.644484210321371,-0.385113496075932,0.0379951952338882,13
80,3.26347127121167,-0.588693535759672,0.0695855576640179,2.78139034152891,0,0,-0.141817745729918,0.141735690372928,-0.193070875023245,0.809393045272147,14
80,3.58440011908306,0.480323403123838,-0.0267721219269445,2.78139034152891,0,0,0.53528323834931,0.0795494330535539,-0.418609255687353,1.38378299448887,15
80,3.7927954748437,0.515274588893805,-0.685887741507206,2.78139034152891,0,0,0.773123449066766,-0.19188028263759,-0.848624584549098,-0.146388339884945,16
80,4.00952664483477,0.432132851710641,0.848719139390826,2.78139034152891,0,0,0.905292330149561,-0.902859117864846,0.232586875642551,1.48174419128662,17
80,4.40547782077999,1.49114328647141,-0.0382098559794364,4.12685920858505,0,0,1.66138129816673,0.717460504818679,-0.410741014709122,0.720306748413823,18
80,4.65138434057755,1.38929319972623,-0.642934681064953,4.12685920858505,0,0,1.30887859391314,0.571269602987008,-0.352284365795914,-0.820926245999207,19
80,4.78892527537958,1.46297001055145,0.14294438627364,4.12685920858505,0,0,1.9029889366266,1.06010532711625,-0.421938545786802,-0.106741617989618,20
80,5.06817505209884,2.31679514894348,-0.992339294319625,5.02757002275007,0,0,2.58710594731019,0.751879390953381,-0.986689136482654,-1.9210138059061,21
80,5.3807680857398,1.92964526028619,-1.75832738988682,5.02757002275007,0,0,1.91439161336727,1.18422370548088,-1.77928792461266,-0.922862309320173,22
80,5.70169693361119,0.838072055121736,-0.612930753487509,5.02757002275007,0,0,1.2013205061457,0.703045275613532,-0.831019310877471,-0.0359879493108264,23
80,5.93926763917833,0.349507137395317,-1.65031821823704,5.02757002275007,0,0,0.644571952877481,0.595657144031952,-2.17090143986431,-0.693060775704072,24
80,6.23518904435844,2.42727181478211,-1.11173172368868,6.17895390665015,0,0,2.37029249896511,2.35922356192786,-1.32680895244393,-0.387099359417104,25
80,6.3518904435844,1.04898311929793,0.133870098460954,6.17895390665015,0,0,1.27331379416252,1.7838952654336,-0.217970194588938,0.0658695621254334,26
80,6.60196487049717,-0.166347724999553,0.523505932178068,6.17895390665015,0,0,0.151268331124218,0.240386150133406,0.198459812530835,1.79593393829154,27
80,6.95623697529027,-0.33859458255722,0.430910996710133,6.17895390665015,0,0,-0.185334259950479,-0.235994299268044,0.657513113260087,1.24362821788057,28
80,7.16880023816612,1.90122125636432,-0.0845488656591482,7.16119224979685,0,0,2.04835673661409,0.84574737347576,-0.320029764068518,-0.343182890019867,29
80,7.28966954450729,1.04285629373234,-0.0196861574448839,7.16119224979685,0,0,0.968622239901041,0.124754279826655,0.0651165514457608,0.583004198336458,30
80,7.67728490622209,-0.216821562927422,0.906896654354498,7.16119224979685,0,0,0.236057344025842,0.448324804764564,1.02750530777945,0.414625300726927,31
80,7.8106579339089,0.0425580296183928,0.105828408502302,7.16119224979685,0,0,0.249938081405346,0.126741272143634,-0.0224764756737876,0.407642439723959,32
80,8.23578445966061,-0.250253019790854,-0.223101319216789,7.16119224979685,0,0,0.366591749189227,-0.283852023350293,-0.871617637313187,1.0770605387107,33
80,8.26912771658232,-0.0418050791696738,0.325916224750972,7.16119224979685,0,0,0.230059204546479,0.0687447625303467,0.25977294480122,2.20051631573135,34
80,8.57755284310807,0.864958687443571,0.946171720726335,7.16119224979685,0,0,1.05824101023897,1.81618613514391,0.940171408588447,1.37981317853837,35
80,8.94016076213159,0.541219141072613,-1.01753804476198,8.59610252427833,0,0,0.857825980661696,0.652861421724979,-1.30285181750677,-0.366278181673633,36
80,9.16105983923787,0.706617460430896,0.462371615925965,8.59610252427833,0,0,0.988801621736833,0.912307069626909,0.781784849967724,1.37340857458095,37
80,9.35695147365287,1.08245692505806,-0.15079537496141,8.59610252427833,0,0,1.50788887196649,0.436882353884312,-0.488552568438058,0.895145474193114,38
80,9.53617147960703,0.951045804401942,0.494958941288532,8.59610252427833,0,0,1.21457366637923,1.92600609620104,0.172083324629994,1.50314243753496,39
80,9.87377195593927,0.727039257011722,0.431595934047151,8.59610252427833,0,0,0.678103787725847,1.48027397283132,0.576082277182535,0.0644204912048548,40
80,10.1530217326585,2.82547179107808,0.037593962202139,10.1407706044453,0,0,2.78593431829604,0.48515647406695,-0.230109782641572,0.943643272285218,41
80,10.4114319738017,1.04901429059553,-0.643403805463972,10.1407706044453,0,0,1.00003526958935,0.776654511555517,-1.04390607661815,0.300154856762084,42
80,10.6406668651384,1.28780958405129,-0.745995244456542,10.1407706044453,0,0,1.21895489925003,0.48990549890291,-1.21706981275962,-0.328447532082501,43
80,10.9907710628163,0.451192141455908,-2.01122928625968,10.1407706044453,0,0,0.836325164085282,0.0534494337103175,-2.20683818892336,-1.64769095275298,44
80,11.1241440905031,3.11197077015329,-3.13079165731433,11.0586790982455,0,0,3.27622750711969,1.61947895213902,-3.1422970970454,-1.17782496908934,45
80,11.4200654956832,1.38066530065121,-1.06068838538013,11.0586790982455,0,0,1.55308279349629,0.775459145142808,-1.36366800534574,0.37551706772692,46
80,11.6909794581721,1.33567893133937,-1.16534612177191,11.0586790982455,0,0,1.62243627898622,0.150527796341803,-1.63020679504969,-0.887271107819885,47
80,11.807680857398,1.75036322585557,-1.5781192196094,11.0586790982455,0,0,1.87803734817315,-0.342874107039245,-2.1690530122909,0.425932184588348,48
80,12.0202441202739,1.45981872308762,-1.76855765623339,11.0586790982455,0,0,1.64359331844869,0.925050974397854,-1.83488780155179,-0.517261028461557,49
80,12.3870199464126,2.22437930805799,-1.38575205542618,12.2097126257176,0,0,2.47394280182382,1.7391920876246,-1.96224747198743,-0.953618434849282,50
80,12.707948794284,2.11815021540228,-2.78529686950602,12.5359754325374,0,0,2.198684725726,0.816208538649492,-2.58031181239548,-1.97753076919488,51
80,12.7537957725514,1.48599607834075,-2.50377591238904,12.5359754325374,0,0,1.91493044750608,-0.458352054791716,-2.56720355331588,-1.87561857069982,52
80,13.2289371836856,-0.18596788764269,0.288581802368796,12.5359754325374,0,0,0.167405492422836,-0.106760885502492,-0.188374071722044,1.86194854860972,53
80,13.2664483477225,0.114886079471507,0.00612636483432043,12.5359754325374,0,0,0.79957159250417,0.384490139837667,-0.116782302515988,-0.694919789181327,54
80,13.5998809169396,-0.179055629514779,0.125962296454253,12.5359754325374,0,0,0.0578524887073849,0.578269194238792,0.0328956347853751,1.13347919236591,55
80,13.9333134861566,0.142766905661172,0.644488922150557,13.7034727483871,0,0,0.844014659799788,-0.23667442211461,0.797102262389595,0.761329436658782,56
81,0,0.43502485221919,-0.030571573549252,-Inf,0,0,-0.0343333830846387,-0.954940126549502,-1.0501833466391,-2.0609550732114,0
81,0.129205120571599,1.16023472083083,-0.822806482080235,0.108066939027049,0,0,0.690180462978894,1.12305467693806,-1.73427039778819,-0.922185997776396,1
81,0.475141411134266,-0.64534643004359,-0.600890211663925,0.108066939027049,0,0,-1.24252288651221,-0.37683574176596,-1.31582372270915,-1.94762039895348,2
81,0.591842810360226,-1.19539067769305,0.320504112625251,0.108066939027049,0,0,-1.21465137521065,0.319550050688958,-0.4948953059621,1.14919536326004,3
81,0.904435844001191,-0.830231978337682,2.13149772477554,0.108066939027049,0,0,-1.08332700856868,0.599514526414872,1.56282360793265,1.57213923144112,4
81,1.14617445668354,0.625303971450414,1.27351702199253,0.949145452420299,0,0,0.166192925286947,1.60865548698069,0.793271320243035,0.0364968564434288,5
81,1.42125632628759,-0.426497937235261,0.728606628121084,0.949145452420299,0,0,-0.801681044122294,-0.577457777688108,0.370527785086771,0.69710518124862,6
81,1.69217028877642,-0.471859345036638,0.563656517269209,0.949145452420299,0,0,-1.03131624495015,0.171257275868983,-0.366095824827159,-0.342257434315804,7
81,1.98392378684132,1.79133776683586,0.370630167448932,1.70796602961715,0,0,1.32965233569831,1.72117790541526,0.236033430818185,-1.17944679342168,8
81,2.15480797856505,-0.636830854593617,0.986509329281721,1.70796602961715,0,0,-1.17529515924534,0.840886287969232,-0.376700827463279,0.468490172168672,9
81,2.47990473355165,-1.44621866248114,0.694581862123684,1.70796602961715,0,0,-1.17921811704358,-0.447719107600182,0.528089201732741,-2.27027429372145,10
81,2.51741589758857,-1.73105016713585,0.836004450880898,1.70796602961715,0,0,-1.86367445907743,-0.0649780577493804,0.333679816141977,0.336801299526883,11
81,2.77582613873177,-0.0803806734116333,0.681932217811743,1.70796602961715,0,0,-0.495528088313528,0.00730254403021346,-0.418857088047436,-0.160092753802311,12
81,3.07591545102709,3.02277107791309,-1.4285241018392,2.9955020049766,0,0,2.25901411117656,2.98984709065926,-2.33273085668026,-1.8502978649839,13
81,3.35099732063114,0.771629807425503,-0.140177371647199,2.9955020049766,0,0,0.681542996728143,0.445226832017299,-1.43202394216985,-1.32090866885624,14
81,3.59273593331349,0.394444046096621,0.471336224469251,2.9955020049766,0,0,0.191426386791639,0.55526676025897,-0.656975461706818,-0.473457120403343,15
81,3.79696338195892,1.97132374955816,-0.098385335188658,2.9955020049766,0,0,1.430263793601,1.40132073129257,-0.578498118916407,-1.85650929494056,16
81,4.01369455194999,-0.285622463720052,-0.0500808146461293,2.9955020049766,0,0,-0.561129482539032,0.014684218163877,-1.24823411555883,-0.333250266570921,17
81,4.35963084251265,0.68138833957431,-0.921397195106407,4.18196762459567,0,0,0.35821651884741,1.14290294663544,-1.96733708311285,-1.78679629245792,18
81,4.6972313188449,0.176066021601523,-0.253926042994997,4.18196762459567,0,0,-0.101603758654012,-0.490109122321437,-1.27411122943453,-0.247622447684889,19
81,4.79309318249479,0.58887132627554,0.655745850600656,4.18196762459567,0,0,0.180857751637306,0.318419717743898,0.299440193889849,0.0766263962846035,20
81,5.0890145876749,-0.272794003904164,0.712386821337736,4.18196762459567,0,0,-0.708674406223763,-0.13454302422541,-0.0613140451092191,-0.69090229814654,21
81,5.27240250074427,-0.654639424648808,0.694722216656473,4.18196762459567,0,0,-1.0124054763258,-1.41090491969934,0.142721133656122,0.534928214383875,22
81,5.61417088419172,-1.13287736223842,0.566465953210274,4.18196762459567,0,0,-1.27967059324348,-0.090336731718038,-0.59374632269117,-0.180948993035681,23
81,5.86007740398928,0.249993750841653,-0.236628260987482,5.7792585635701,0,0,-0.0573870642372478,-0.347475903490182,-0.971655777784337,-0.642580003462827,24
81,6.18517415897589,-0.757654057643967,0.850053645251706,5.7792585635701,0,0,-1.00800286523189,-1.5451617341001,0.0537285973842125,-0.273538435800635,25
81,6.35605835069961,-0.510228205997701,0.427921367388302,5.7792585635701,0,0,-0.49693763468085,0.136981405488066,-0.777106800872699,-0.669966743900196,26
81,6.72700208395356,0.836113775109405,0.320353242822344,6.36713327072883,0,0,0.395949793249408,-0.0436366076972978,-0.991948026237403,-0.275876102369079,27
81,6.75200952664484,0.76509184356942,0.1930250980486,6.36713327072883,0,0,0.14997589763447,0.542688831753311,-0.91838710047203,-1.81674181484237,28
81,7.23965465912474,-0.303779065551599,0.241362523370859,6.36713327072883,0,0,-0.761497159678224,0.411772047234765,-0.940198499376202,-0.63327995518214,29
81,7.31050908008336,-0.261435206640515,0.339679900802867,6.36713327072883,0,0,-0.339519781438233,-0.398654733184205,-0.852762188760469,0.667729464858926,30
81,7.56475141411134,0.202784061164861,-0.127137536092987,6.36713327072883,0,0,0.014740670019528,0.219794322934325,-0.782473409018053,-0.689321495995631,31
81,7.82316165525454,1.77681308280802,-0.377916923044547,7.5759920727569,0,0,1.09968578350725,1.76278091736676,-1.18988863300997,-0.95544611388899,32
81,8.15242631735636,-0.699895661083402,1.29067998863921,7.5759920727569,0,0,-1.01972590996802,0.0206806115417448,0.33865571008194,-0.141968922291375,33
81,8.44417981542126,-0.192357131702683,0.962770825515199,7.5759920727569,0,0,-0.309542375957382,0.353855418497454,-0.107805258176495,-0.318139214837236,34
81,8.57755284310807,-1.44224094020137,0.716522654410306,7.5759920727569,0,0,-1.56032572123154,0.311474025500599,0.27173576232466,-1.24649837258308,35
81,8.80261982732956,-0.248835279597541,0.164550906640001,7.5759920727569,0,0,-0.468209151246941,0.266585185531283,-0.743913607179289,-0.846953565763556,36
81,9.23191426019649,-0.0496320252456244,0.0786522870909033,9.06488815106881,0,0,-0.486046606355591,0.435408908339784,-0.887454138760834,0.715527797333613,37
81,9.27359333134862,0.211515660208162,0.320179972138629,9.06488815106881,0,0,0.071872472127892,-0.140461174672508,-1.00888526450187,-0.447898318517722,38
81,9.61536171479607,0.173862749338075,-0.205960503667195,9.06488815106881,0,0,-0.339447612588885,0.620263349270103,-0.75802557011899,-1.67837526953579,39
81,9.87793986305448,0.792049319791291,-1.22297912561516,9.80585242759687,0,0,0.190235668690685,1.05331199464675,-1.66725858377566,-2.10279248584729,40
81,10.1071747543912,0.0537832478883585,-0.756385710143222,9.80585242759687,0,0,-0.213816219898248,1.29745711079294,-1.97133740842585,-1.52628041928619,41
81,10.3114022030366,-0.0156704285024185,0.931883713144168,9.80585242759687,0,0,-0.48656527669662,0.762382050599471,0.0914987704731842,-0.00482884481876214,42
81,10.7073533789818,0.598883709215072,0.0214061572444074,9.80585242759687,0,0,0.185634710821032,1.84699505738538,-0.928408122852876,-2.36759025705411,43
81,10.9615957130098,-0.276484891723005,-0.0836857975508881,9.80585242759687,0,0,-0.452421474716782,-0.26469367796682,-0.542790439692237,-0.172008823453995,44
81,11.0991366478119,1.20832523173132,-0.845721179902117,11.0072088931974,0,0,1.02071060230866,2.46216826937683,-0.956551715790595,-2.15248941293669,45
81,11.4242334027985,-0.897555626349951,0.907781264596819,11.0072088931974,0,0,-0.548299313449841,-0.262234121154391,-0.181644405516588,-0.866234075282324,46
81,11.6784757368264,0.446776303564862,0.11606197012429,11.4751161445899,0,0,0.0378747297661211,-0.256893126663665,-1.01196544964604,-1.46407910379576,47
81,11.7826734147068,-0.165546033122503,0.504128781593172,11.4751161445899,0,0,-0.375913002325344,0.687705420460677,-0.197281311743842,-0.752321155507795,48
81,12.236975290265,-1.39758292067567,0.978712245766468,11.4751161445899,0,0,-1.72789287817375,0.156980977012112,0.117793933866851,-0.357578604114984,49
81,12.2744864543019,-0.967449413706632,0.9820338516872,11.4751161445899,0,0,-0.936532761309004,-0.211857804813658,0.385364337623683,0.77819053849111,50
81,12.6537660017862,0.680164892365033,0.757582480275654,11.4751161445899,0,0,0.314409290722318,0.603857325775209,-0.274601505775188,0.93525844956268,51
81,12.8621613575469,1.68566828990924,-0.473524323845756,12.8489318238356,0,0,1.16657576101278,2.041195604318,-1.74261385631681,-0.114476224637915,52
81,13.1872581125335,0.571478136285996,-0.741191500228053,12.8489318238356,0,0,0.119289358558815,1.49924237207874,-1.10871374729745,-1.9204124582448,53
81,13.4039892825246,0.0881963699709911,-0.676054963647712,12.8489318238356,0,0,-0.149402632235069,1.64846888264637,-1.51439473173788,-1.56963900866564,54
81,13.6332241738613,1.01612657619233,-1.04436442660446,12.8489318238356,0,0,0.479290731067743,1.84916989308629,-1.63893621154908,-1.57333976781362,55
81,13.8207799940458,1.61989541202067,-1.5918014654237,13.7656687246519,0,0,0.827288066411834,-0.337440700396272,-2.23103112568362,-1.60679929535896,56
82,0,1.60076388089052,-1.07866670851867,-Inf,0,0,1.74978007803709,1.20404022195074,-0.450159905292512,-2.4103791315952,0
82,0.0541827924977672,1.51650738001884,-1.01091897925967,-Inf,0,0,1.04742829527317,0.828052178155122,-0.509656237699528,0.294791619555002,1
82,0.450133968442989,0.90176344517297,-1.52804807265036,0.0827057444024831,0,0,0.692419646251404,1.12050541199011,-1.26077566067803,-1.20123032969677,2
82,0.716880023816612,-1.51271731557866,-0.758922840121011,0.0827057444024831,0,0,-1.28051930004884,-0.575327127000356,-0.126161777660219,-2.574724101824,3
82,0.862756772849062,-1.27215001729058,0.30227182717337,0.0827057444024831,0,0,-0.818297089127433,-0.650257401481335,0.372146537170407,-0.221331244553349,4
82,1.22953259898779,0.584501672455,0.411725277387259,1.07457960303694,0,0,0.569473794189826,-0.318127192597823,0.92954956817788,-0.714328045166747,5
82,1.25870794879428,0.316953368478294,0.189089565053548,1.07457960303694,0,0,0.482113554473938,1.22211477005206,0.601911723641399,-0.331989647866699,6
82,1.7171777314677,-0.381992195916612,1.18727010226869,1.07457960303694,0,0,-0.276923832901517,-0.454525886670301,1.83387810756291,0.502099702483535,7
82,1.87139029473057,-0.723339674082397,0.841404490397405,1.07457960303694,0,0,-0.499540326968337,0.199733349559167,1.38969225844921,-0.198281207179832,8
82,2.0089312295326,0.0768418375163098,1.28376220058922,1.07457960303694,0,0,-0.174902921360812,0.530309007192969,2.03381478593667,-1.1350391514153,9
82,2.32986007740399,-0.981908042680647,1.36132198540833,1.07457960303694,0,0,-0.441940487586543,-1.11116678203305,2.07204166294128,0.315433700012584,10
82,2.72997916046442,0.717021572430723,-0.155223155944762,2.54360765183452,0,0,0.371458894219825,1.38905894875452,-0.031168875365434,-0.832653388075132,11
82,2.78416195296219,0.688939980374143,0.539071594865184,2.54360765183452,0,0,0.437413958941981,-0.163744538943384,0.753624198318458,0.0930046551732538,12
82,3.10092289371837,0.0159895459691452,1.24783960455753,2.54360765183452,0,0,-0.433223717710261,1.46157064219221,1.63957316971431,1.26337379942767,13
82,3.48437034831795,-0.560545645044659,-0.0817252774040247,3.11091266485791,0,0,-0.4319848885076,0.308953138466711,0.506293075172984,0.419063878528227,14
82,3.59273593331349,-1.33988631934217,0.577905262146655,3.11091266485791,0,0,-1.16969546635376,-0.361034132405793,1.09118291848744,-0.728267153416892,15
82,3.9220005954153,-0.949079245748822,0.0560037904218635,3.11091266485791,0,0,-0.984661479859422,1.33832468933445,0.769361355540868,1.02220797561866,16
82,4.23876153617148,-1.29331843962097,-0.176031564104319,3.11091266485791,0,0,-0.975989324092082,0.0483276699110821,0.0907168182336619,-1.45664623026109,17
82,4.3096159571301,-1.73160718970028,0.465498363110101,3.11091266485791,0,0,-1.5233636989071,-0.765364723454064,1.4414219810908,-0.33319958858288,18
82,4.74307829711224,0.225507340136302,0.888813583016805,4.49195483000233,0,0,0.203016821358677,1.00564206282485,1.64889350298745,0.0603356902158828,19
82,4.98481690979458,-1.2145977271838,0.847321366822706,4.49195483000233,0,0,-1.5056689732871,-1.99739569261806,1.45525800629958,-0.108739435324334,20
82,5.00148853825543,-1.26578340553795,0.436547120948175,4.49195483000233,0,0,-0.933361176139142,0.520318081297599,1.53047762634741,-1.14196141733521,21
82,5.41411134266151,1.19105824369161,-0.173366389838834,5.21753977475724,0,0,1.44663671094115,0.686855728679229,-0.0976537900183719,-1.0557364574328,22
82,5.63084251265258,0.214774967068347,0.430727360981492,5.21753977475724,0,0,0.0390964007579019,0.464173381065635,1.12810068381368,-0.544974503726224,23
82,5.76004763322417,-0.223033133453969,-0.384220458032082,5.21753977475724,0,0,-0.0713531516411628,0.428715205466032,-0.0857174347542539,-2.68460691423882,24
82,6.10181601667163,-0.142180138039709,-0.885399279393376,5.21753977475724,0,0,-0.0251456568364324,0.0844039911557501,-0.256232482489308,-0.722386259698182,25
82,6.35605835069961,2.44854918789651,-0.784645050761331,6.28991436121376,0,0,2.12865488310899,0.743016596052118,-0.0814292802427502,-2.28040475399347,26
82,6.52277463530813,1.51065956750311,-0.860315531786186,6.28991436121376,0,0,1.40862628007173,2.19104180567526,-0.996174266334896,-0.738418782032573,27
82,6.93122953259899,0.0946259705363901,-0.551773066617889,6.28991436121376,0,0,0.17989803652229,0.140216163570713,-0.0496337244562406,-2.78330557798395,28
82,7.11461744566835,-0.637905066095722,-0.122175799902726,6.28991436121376,0,0,-0.546638273300447,0.330826024679021,0.352777977292663,-1.33901778144109,29
82,7.39803512950283,-1.134626561107,0.356014997552941,6.28991436121376,0,0,-0.896641512748838,-0.291386737441792,0.911092986152274,-1.08036914893412,30
82,7.65644537064603,1.57005833293676,-0.291221837057292,7.54493999817552,0,0,1.32485356305243,0.551715099959291,0.18664136360887,-1.43376892777175,31
82,7.9065197975588,1.21022399676248,0.306015145791762,7.54493999817552,0,0,1.05841267875925,1.09811006911252,0.906194112826624,0.572317881193827,32
82,8.00238166120869,1.23545102314305,0.392311007521386,7.54493999817552,0,0,1.24197386108662,0.89709736126605,0.796370902164834,-0.904917367356982,33
82,8.28579934504317,-0.65351098967597,1.34698471603327,7.54493999817552,0,0,-0.0564824114696141,-1.3784114793175,2.35225284809222,0.916579250374546,34
82,8.71509377791009,1.78223512650827,-0.0955923948141749,8.64695115840027,0,0,1.55083488978798,1.66643920334298,0.23578649823928,-1.0519760815973,35
82,8.96100029770765,0.483681249377509,0.771594973767738,8.64695115840027,0,0,0.94072540766881,0.714713637582766,1.26173740476736,-1.50429652894477,36
82,9.09437332539446,0.761106659958512,-0.309401268994867,8.64695115840027,0,0,0.683472380580624,0.829427072124543,0.655508225630041,-0.716885289192912,37
82,9.27776123846383,-0.25547047556492,0.562913587742018,8.64695115840027,0,0,-0.0376633717361681,-0.421786686003354,1.62913799000573,-0.07442716374832,38
82,9.55701101518309,-0.0877945195472892,0.604085830487042,8.64695115840027,0,0,-0.0148217373866455,0.585526149202538,1.1231983470027,-0.954255972894635,39
82,9.92795474843703,-0.217038456527648,-0.482079344452122,8.64695115840027,0,0,-0.197634767963662,-0.165603372481615,0.0287282362539613,-1.00673677828644,40
82,10.1696933611194,1.32013558605519,-0.551679721585577,9.93216246949294,0,0,1.44874194297384,-0.252481544987597,0.412962416526922,-0.636761442677048,41
82,10.4489431378386,-0.0356332471818993,0.465500569008202,9.93216246949294,0,0,-0.0656687289756333,-0.195271947709624,0.67221713317548,-0.270377926815399,42
82,10.6281631437928,-0.368127777412533,0.561623149240417,9.93216246949294,0,0,-0.376066136251743,-0.100214729451433,1.25229929746303,0.629605196816427,43
82,10.9324203632033,0.347899106349413,-0.187366043992377,10.8495778963722,0,0,0.543107553870941,0.570022378052974,0.336317401622225,-1.32493139296374,44
82,11.16165525454,-1.11134149160145,0.274978437220087,10.8495778963722,0,0,-0.875182295539058,0.673462573244524,0.50925250927076,-0.727456329799153,45
82,11.4617445668354,-0.780218224328559,2.11275622022805,10.8495778963722,0,0,-0.651201560864337,-0.885022664978018,3.17588285559418,0.776366469414314,46
82,11.5200952664483,-0.724776594166904,1.96894305667966,10.8495778963722,0,0,-0.622018467838301,0.561208086725514,2.66341955695075,0.855016220773732,47
82,11.786841321822,-0.85639061451371,1.90090476967313,10.8495778963722,0,0,-0.686894827134937,-1.12758151183641,2.47114156422971,0.15507274479985,48
82,12.2494790116106,1.79004272708751,-0.77350111863865,11.9040448425839,0,0,1.64045844556645,1.19033498595981,-0.0490514934615676,-0.585171070216395,49
82,12.453706460256,0.723462603643991,-0.755357147912217,11.9040448425839,0,0,0.719945988004575,0.342287501917803,-0.201141843134062,-2.23527532864283,50
82,12.5537362310211,0.227243640093066,-1.04264547518669,11.9040448425839,0,0,0.3947438220017,0.290103216274752,-0.449254261052994,-1.95909155991398,51
82,12.9663590354272,0.117107027344239,-0.564077360670493,11.9040448425839,0,0,0.135363936389522,-0.396016009338171,-0.2041811273099,-1.22828714549358,52
82,13.0122060136946,-0.767815125460298,-0.731031469339956,11.9040448425839,0,0,-0.556809923410264,1.12222093050216,-0.217130391540946,-1.18469993927366,53
82,13.2831199761834,0.74433695214305,-1.26870475375828,13.08722715988,0,0,0.6151636668065,1.96472537800181,-1.07394420877187,-1.7755187470905,54
82,13.5123548675201,-0.847101283559965,-0.516045436039021,13.08722715988,0,0,-0.479981143494962,0.16391160332575,-0.333371110354353,-2.04689229778741,55
82,13.9708246501935,1.01234636072829,-1.14360520771044,13.8221398362191,0,0,1.23068437843418,-0.468831755682761,-0.0502371920360393,-2.20306843790527,56
83,0,-3.37643447571256,2.12028388217724,-Inf,0,0,-3.27928179842859,-2.85438643961407,3.19174274773708,1.00443148227746,0
83,0.170884191723727,-1.66608076424967,2.45336171273959,-Inf,0,0,-1.85916238183599,-1.30264395346211,3.12750295200782,0.697040990763742,1
83,0.266746055373623,-0.792509201044889,1.57147121151225,-Inf,0,0,-0.784859733308808,-0.0462932980006399,2.41890534522206,-1.37477824120323,2
83,0.675200952664484,1.16546052286732,-1.25782188327958,0.303442902280949,0,0,1.0377982455653,-0.358876824388102,-0.610928465857079,-2.68381919436074,3
83,0.971122357844597,0.973123360564408,-0.672993129070274,0.303442902280949,0,0,0.682424932107087,0.576951330219795,-0.470333803033744,-2.94191572290212,4
83,1.02530515034236,1.04525120978507,-0.746273648819078,0.303442902280949,0,0,0.796262498420474,-0.0318209257369519,-0.429704692416953,-1.9039333615139,5
83,1.27121167013992,0.253018598389933,0.843585846693337,0.303442902280949,0,0,-0.0390420341276134,0.792781792693605,1.47939725106683,-0.257002773057232,6
83,1.72134563858291,0.284581772296276,-1.33253880495953,1.50339790549881,0,0,-0.237843567998165,-0.654864646079501,-0.473871484262307,-3.53375531447554,7
83,1.879726108961,-0.0225833148135115,-1.07296027077262,1.50339790549881,0,0,-0.274344458957836,-0.93006316166044,-0.747900649158751,-2.82827630025059,8
83,2.18398332837154,2.22310010772767,-2.22656936437444,1.94542808986376,0,0,1.41586283756588,0.879773152158634,-2.10351323221155,-3.81695497317931,9
83,2.26317356356058,1.87695168001419,-2.13701162525591,1.94542808986376,0,0,1.64840048189537,-0.859944396402074,-1.49790195680753,-2.50518496628042,10
83,2.50908008335814,0.906397608595487,-0.534718508699288,1.94542808986376,0,0,0.72137858153716,1.41004768976436,0.104664728862754,-1.59844224540659,11
83,2.79249776719262,0.45745280403597,0.905322576333318,1.94542808986376,0,0,0.176776910171537,-0.5699425637925,1.91343083786009,-0.510264134938237,12
83,3.22596010717475,0.250424979775394,0.661815506964607,3.00900819785356,0,0,0.356238160504862,0.405123920057037,1.1924419283497,-0.456112782871269,13
83,3.49687406966359,-0.0880381864498676,0.649812984671686,3.00900819785356,0,0,-0.443510354559092,0.830431247333654,1.63021041982748,-0.467075606146654,14
83,3.61774337600476,0.298937989019411,0.616383884463626,3.00900819785356,0,0,0.285360085163366,0.384329405177005,1.01531615799363,0.586935375931159,15
83,3.80113128907413,-0.414233617042624,1.33610673426153,3.00900819785356,0,0,-0.450774095233326,-0.61299533457892,1.66030202039241,-0.406139714909167,16
83,4.12206013694552,0.933469212740737,0.583620132844176,4.04208972604695,0,0,0.702635374267884,-0.362441019280052,1.24392990257544,-0.949924136006358,17
83,4.35129502828223,0.876453612987731,0.0173198630777559,4.04208972604695,0,0,0.406562301485976,0.639217613716384,0.572718399783748,-1.50840281223672,18
83,4.65555224769277,-1.37188885427986,-0.199481304662588,4.04208972604695,0,0,-1.38537517299144,-0.209726888061735,0.3448871812592,-1.20168876667365,19
83,4.80976481095564,-0.54000295019545,-0.308701703447224,4.04208972604695,0,0,-0.527142024196858,-1.02369960937414,0.49914888292222,-2.16524992141624,20
83,5.18070854420959,1.72378944025638,-1.21363517873454,5.04087895759417,0,0,1.51206775596078,0.135077900358722,-0.389437841434214,-0.890842880064732,21
83,5.42661506400715,1.64499538929071,-0.553439971298616,5.04087895759417,0,0,1.32919431658865,-0.636978360059802,-0.0961188746436587,-2.1270807927991,22
83,5.5724918130396,-0.0528407008958501,-0.527768871353398,5.04087895759417,0,0,-0.463346584575848,-1.62281966305114,0.196310187487439,-2.25155405067922,23
83,5.85590949687407,1.01605379990626,-0.408019498158649,5.04087895759417,0,0,0.85462773638101,0.510270738497533,-0.0421087815045353,-1.64611678461425,24
83,6.15183090205418,0.085286409300445,-0.168327782548432,5.04087895759417,0,0,-0.146660515005433,-1.29973678262741,-0.0670594070262759,-1.0794070241674,25
83,6.43941649300387,0.588507003493539,-0.456193178602449,6.40288225874627,0,0,0.508891260071344,-0.118254147181216,0.388633488584526,-2.27739394797496,26
83,6.56862161357547,0.582144201829448,0.15239529801081,6.40288225874627,0,0,0.5047409192462,-0.187042941977128,0.867942426541481,-0.745884997686902,27
83,6.9687406966359,-1.35594964247931,1.10728706624983,6.40288225874627,0,0,-1.40984039074411,-0.426136166100955,1.8418207184599,0.51018373418148,28
83,7.13128907412921,0.505623238369568,0.917962974899476,6.40288225874627,0,0,0.155491753173008,0.335032605031585,1.59836046930702,-1.25062942437079,29
83,7.38136350104198,1.24248587480581,0.198710987580275,7.32767720621688,0,0,0.931301505918378,-0.040481082126421,0.432653914219834,-1.39173758954928,30
83,7.55641559988092,0.334988613522447,0.0944208164471393,7.32767720621688,0,0,-0.240038670807085,-0.570864845255259,0.356839186499645,-1.84376421499158,31
83,7.76481095564156,-1.21465600792761,0.713919424558292,7.32767720621688,0,0,-1.45564571998651,-1.33664081475914,1.42797895061656,-1.2630715035348,32
83,8.21077701696934,0.564978339599272,0.540750394515964,7.32767720621688,0,0,0.375212057773692,0.309444615354494,0.975455259151315,-1.5299310304767,33
83,8.2649598094671,0.752056985370488,0.00841799141506572,7.32767720621688,0,0,0.509274544489515,-0.725848944154912,1.11214100693273,-1.77787543352581,34
83,8.56504912176243,1.85173538166502,-2.06102858201605,8.39713755874859,0,0,1.18464627021165,-0.328566897235744,-1.65355090497689,-3.1830748041036,35
83,8.89431378386424,0.731854966568013,-2.03403721181562,8.39713755874859,0,0,0.575788082896811,-0.613801717261838,-1.6747368640793,-3.53492436649248,36
83,9.22357844596606,-0.31319819722465,-0.611588105261255,8.39713755874859,0,0,-0.508778022627008,-1.2008785300803,0.306029295036436,-0.435411920841094,37
83,9.48615659422447,0.968419148147767,-0.263695191691534,9.26127536146221,0,0,0.66293489978001,0.584826035571974,-0.197875177516589,-1.2404028282416,38
83,9.70288776421554,0.285996680096653,-0.369734764057765,9.26127536146221,0,0,0.164874212331134,-1.20146738651654,0.121291166334564,-1.72668305269953,39
83,9.83626079190235,0.000484331576818731,0.78973427797888,9.26127536146221,0,0,-0.511371619068329,-0.88106792535183,1.44745614574104,-1.47858180746664,40
83,10.0154807978565,0.107263015341796,0.112073358452596,9.26127536146221,0,0,0.108290585901827,-0.202067884212491,1.06090155993805,-0.186689561116565,41
83,10.4489431378386,0.356080960826286,-0.570672517638374,9.26127536146221,0,0,0.0666511548712623,0.59383956449094,-0.38211460405275,-2.38510659742432,42
83,10.7406966359035,0.719874731176456,-0.778454799756431,9.26127536146221,0,0,0.515945874480314,0.0972848728110438,-0.25509609456709,-2.54658546548987,43
83,10.8532301280143,1.11835919012937,-1.81468021272937,9.26127536146221,0,0,1.0697854606908,-0.187326726327742,-1.02134965985491,-3.57479816903511,44
83,11.2366775826139,1.68226659934059,-0.297856421136673,10.9976089484112,0,0,1.31704936901925,-0.142761014345704,0.552989261802977,-2.32189881294398,45
83,11.415897588568,0.842444024461908,-1.15400162477814,10.9976089484112,0,0,0.872432566688285,-0.3875916927862,-0.757146019272389,-0.768662035581539,46
83,11.532598987794,-0.177040166088905,-0.945260234895242,10.9976089484112,0,0,-0.289615327203813,0.227617324943898,-0.488795864479202,-2.49930833656446,47
83,11.9702292348913,0.205139930563998,0.361136566822982,11.5327426219861,0,0,0.396273246254236,0.045792466947224,0.677713239133693,-0.518556533573802,48
83,12.0952664483477,0.154374863468931,0.0578827076984437,11.5327426219861,0,0,-0.268284306029501,0.0580073067346583,0.847760190217908,-2.11344420120252,49
83,12.4286990175648,-0.538487350446412,0.255437728375698,11.5327426219861,0,0,-0.837688992374546,-0.276826225113655,0.548600512759206,-1.80826651640346,50
83,12.6120869306341,-0.80832903369916,0.745959068724452,11.5327426219861,0,0,-1.06784704091022,-1.01864000745501,1.40685601905324,-0.733021091829411,51
83,12.9538553140816,0.781242927803455,1.02338584945632,12.8279519304651,0,0,0.427117012222113,-0.86471651241202,1.54854861650218,-2.08863376515358,52
83,13.0705567133075,0.207623627924426,1.10259240525738,12.8279519304651,0,0,0.0705909787606072,-0.774249575706642,2.11391078019762,-0.743130046455153,53
83,13.3873176540637,-0.796912429128913,1.32852532371476,12.8279519304651,0,0,-0.826571274258114,-0.278676850618161,2.3567646996871,-0.0387013513113522,54
83,13.6040488240548,1.00231940580606,0.123316740044785,13.5546829773695,0,0,0.653057194219205,-0.483706847566414,1.21829734678451,-0.280632993120261,55
83,13.9541530217327,-1.22043206111082,1.03930615924892,13.5546829773695,0,0,-1.05490281252974,-0.671189002798579,1.46763963823086,0.0667814328666819,56
84,0,-0.470200723588018,-0.691823953196148,-Inf,0,0,-0.109802636899323,0.263431338375011,-0.610169115994985,-3.42704386776298,0
84,0.166716284608514,-0.542757027483654,0.342003397182246,-Inf,0,0,-0.146255418365362,-0.203980509280428,0.00402520845364626,-1.19915603323462,1
84,0.420958618636499,-0.668694700336655,-0.105678071795677,-Inf,0,0,-0.0228211758486758,-1.15901387937079,-0.696450298017433,-1.64398450625849,2
84,0.729383745162251,2.20849534021541,-1.57956625338967,0.66593200166065,0,0,2.75691911992218,1.39029342393055,-1.53503500360461,-3.91341828904709,3
84,0.941947008038107,1.26709682376784,-0.508057063140063,0.66593200166065,0,0,1.39413710886557,0.72939564542077,-1.2093819344443,-2.34449579775948,4
84,1.06698422149449,0.934880011981911,-0.940864303937865,0.66593200166065,0,0,1.24456900694845,-0.122778334664635,-1.20252495981422,-1.66118458010705,5
84,1.33373027686812,0.420774498522569,-0.0195810642895005,0.66593200166065,0,0,0.917490252272029,0.0442149926761049,-0.0335526484941123,-0.956285822028119,6
84,1.60881214647216,0.621069719829962,-1.00587448984139,0.66593200166065,0,0,0.959924275805212,-0.0480863055226775,-1.05860332955027,-4.02393984258551,7
84,1.79220005954153,-0.52086198426629,-0.108958523863719,0.66593200166065,0,0,-0.288063480043861,-0.720165920163518,-0.389979728635113,-2.05006673250962,8
84,2.20065495683239,2.30931242283715,-0.477782664409581,2.10403568339176,0,0,2.30911448720741,0.296308707194423,-0.916607803941595,-1.44244136599312,9
84,2.43405775528431,1.06063804566203,-0.0273081827632169,2.10403568339176,0,0,1.11225583771549,0.838806681479921,-0.312242350342663,-1.94406993320545,10
84,2.71747543911879,0.956567969853689,-0.176506474487409,2.10403568339176,0,0,1.08243308416687,1.38247163340311,-0.0144492908842165,-1.69920811150972,11
84,2.86335218815124,0.925358196638565,0.489823152599383,2.10403568339176,0,0,1.39338723616898,0.121262675402414,0.298148926388023,-1.53696758082408,12
84,3.06757963679667,0.663256692152562,-0.61068214703744,2.10403568339176,0,0,0.985982087600993,0.128364574307084,-0.941932682802085,-1.51778477380052,13
84,3.25096754986603,0.941674447553535,-0.605487035318654,2.10403568339176,0,0,1.10406538862995,-0.208725667750589,-0.691072476306671,-2.45928091315241,14
84,3.73027686811551,-0.803687871256951,-0.110850102394369,3.31190699517655,0,0,-0.359169248243775,-1.11169726919432,-0.357919733387767,-3.44359185209696,15
84,3.81363501041977,-0.0533389738272875,0.709820350733877,3.31190699517655,0,0,0.242378757656272,-0.114300232095116,0.257669508066375,-1.64694110366271,16
84,4.10538850848467,-0.796676752719298,0.484964496621307,3.31190699517655,0,0,-0.646948100372854,-0.580326189594838,0.501211676121786,-1.14411053907865,17
84,4.38047037808872,0.19162112940315,0.395012275149051,4.1876565653992,0,0,0.696491367120139,0.828311818183471,0.125998454813274,0.143390927841526,18
84,4.55969038404287,-0.0981149330663123,-0.314506101159942,4.1876565653992,0,0,0.74082157902226,-0.310623369814283,-0.562176869097252,-3.06811302004241,19
84,4.93896993152724,-0.201953356444527,0.31957372866316,4.1876565653992,0,0,0.296580390874855,0.355848417136333,0.235548101732662,-0.743309582686762,20
84,5.24322715093778,-0.720184145945814,1.47693940257755,4.1876565653992,0,0,-0.579317788751613,-0.205519047571771,1.16515683087816,-0.1763229046061,21
84,5.48913367073534,1.11892017157294,0.216248960439996,5.36306800140569,0,0,1.27955919037951,0.251595382008797,-0.123019800820563,-1.68084825865249,22
84,5.70169693361119,-0.48445583644912,0.568264422080671,5.36306800140569,0,0,0.434002630875864,-0.587123698500372,0.806286251954016,-2.91374188330263,23
84,5.81423042572194,-0.316196100455766,1.45613599175925,5.36306800140569,0,0,0.452731656609753,-1.04933089493109,1.59290100713622,0.772442744941903,24
84,6.21018160166716,-1.08961362457782,1.36269481206041,5.36306800140569,0,0,-0.673107355345897,0.188707661321044,0.828307175989379,-1.25523921911432,25
84,6.41857695742781,0.0136743482820239,1.67585077866803,6.34998979036553,0,0,0.269091356975598,0.394079258163921,1.63498526551581,-1.82677513755499,26
84,6.71033045549271,-0.955333639250095,1.63432045218836,6.34998979036553,0,0,-0.145727978775357,-0.601929664141438,1.21516344100676,-1.55666253276096,27
84,6.89371836856207,-0.970701201216313,1.69501322634051,6.34998979036553,0,0,-0.524718534784226,0.0296003070461446,1.08016213655471,-0.95893758132302,28
84,7.20214349508782,0.124323224827005,1.4179674880478,7.12598330277162,0,0,0.7857987934205,-0.0684105611772024,1.16539043883017,-0.544340170278739,29
84,7.34385233700506,-1.14503679299096,1.51609809531829,7.12598330277162,0,0,-0.389918836959377,-0.275077085073779,1.63296212785121,0.712450486984241,30
84,7.60643048526347,-1.62987792340855,2.18556049047758,7.12598330277162,0,0,-1.26856399493242,-0.690788219996895,1.49923387516698,0.471100859305299,31
84,7.92735933313486,-0.966868203547571,0.892503856589101,7.12598330277162,0,0,-0.538864544791136,-1.18085395495025,0.56240808008272,-0.678969775332695,32
84,8.21077701696934,-1.26793013420179,1.4392399915462,7.12598330277162,0,0,-0.75902888858848,-0.0231873081514927,1.08418621885312,-1.78533007636072,33
84,8.26079190235189,-0.845347202075802,1.6695791819385,7.12598330277162,0,0,-0.0935638293010047,-0.542073004034821,1.50914105649607,-0.000148357241227859,34
84,8.50669842214945,0.799069400641258,0.370749434054106,8.42708242226822,0,0,1.47110305081978,-0.602653960111905,0.183438795506056,-1.57987835725701,35
84,8.75260494194701,-1.22280145244856,0.893997556589762,8.42708242226822,0,0,-0.481795285075717,0.132979928106561,0.599949293673941,-1.40771168702295,36
84,9.16522774635308,-1.51826956064274,0.885548592718421,8.42708242226822,0,0,-0.839468837927405,-1.78563114180233,0.964797202067789,-1.43922941399209,37
84,9.42363798749628,-1.85723378014305,1.49717820912946,8.42708242226822,0,0,-1.32791978091975,-0.247705256830167,1.16653470105427,-0.0913173008960442,38
84,9.71122357844597,-1.45176799258067,2.13901657148813,8.42708242226822,0,0,-1.09677830931876,-1.14125365114884,1.99927885449497,0.344035601707652,39
84,9.85710032747842,-1.41486605095805,1.67413373630142,8.42708242226822,0,0,-0.994196539308592,-0.937152252555737,1.59637486021536,-0.272457327778251,40
84,10.0779994045847,-0.471408169941404,0.259066771458158,9.9864995848692,0,0,0.051076024324166,0.865509523209753,0.411176993738664,-1.4967938973423,41
84,10.4030961595713,1.83684274626055,0.494169420393247,10.3815500736756,0,0,2.0810335422761,1.03065762678527,-0.057138137173611,-1.42751605124212,42
84,10.7281929145579,-0.801790325272813,0.49315766497806,10.3815500736756,0,0,-0.363869608140576,-0.952763858693154,0.0390430763965446,-1.82384362478697,43
84,10.9282524560881,-0.818386452371954,0.0237451316870478,10.3815500736756,0,0,0.00577294339769996,-0.645824754261367,0.0167342545520593,-1.27325674927853,44
84,11.082465019351,-0.483745067449648,0.231433789812461,10.3815500736756,0,0,0.303895958917698,-0.150574956152173,-0.62344446345518,-3.12763444721322,45
84,11.2866924679964,-0.63210199825689,0.494462228943379,10.3815500736756,0,0,-0.229576206003143,-0.184720921659406,-0.333747201903923,-0.752153053310849,46
84,11.6659720154808,-0.0097388376493612,1.26966072226656,10.3815500736756,0,0,0.29012026550514,0.185120986445524,1.5954946729587,-0.591321992801478,47
84,11.9410538850848,0.825519841870499,0.585355151895315,11.897425209618,0,0,1.0809236294124,-0.0233577565960911,0.0414672435437633,-1.61757930413937,48
84,12.0577552843108,-0.855618371722234,-0.0553138047454427,11.897425209618,0,0,-0.367842394964732,-2.37295783486165,0.0995827756225393,-0.877819460772724,49
84,12.395355760643,0.0184200476214193,0.576249664869303,11.897425209618,0,0,0.27692971503954,-0.206402095244271,0.72662832527559,-1.01100112717576,50
84,12.6120869306341,2.26481913321415,-1.21403482760869,12.4775932526001,0,0,2.74617908913076,1.44228834959328,-1.43407262372821,-3.26422654100947,51
84,12.7704674010122,0.559090630674274,-1.10580443652751,12.4775932526001,0,0,1.04615538831789,0.666065306131925,-2.00229184720252,-2.71019404413787,52
84,13.1205715986901,1.98943214053198,-1.49911103183268,12.4775932526001,0,0,2.00479355471066,0.769334662555586,-1.49984533238009,-3.34957100161035,53
84,13.3164632331051,1.45462325535477,-1.95538452666629,12.4775932526001,0,0,1.60162034286596,0.360113121083139,-1.97084092864082,-3.95599114473285,54
84,13.5206906817505,1.33601192166296,0.103729081036723,12.4775932526001,0,0,1.55420847255081,0.579312675396281,-0.335559396787431,-2.22056888256563,55
84,13.8791306936588,0.85820240227224,-1.07164294302792,12.4775932526001,0,0,0.771459678754154,0.261235621352031,-1.22893690917486,-2.47338085943386,56
85,0,1.07069000173396,-0.20423706432569,-Inf,0,0,0.716964409370538,-0.288774048713415,-0.730290061814833,-1.51610433394628,0
85,0.0333432569217029,1.09809321885352,0.336469205162854,-Inf,0,0,0.767328117704565,0.249119125627018,-0.0775251330683628,-2.04287397389875,1
85,0.337600476332242,0.970247661352838,-0.623153921811445,0.110319943574723,0,0,0.880589754161851,0.957555844426995,-0.333281889871585,-1.60390138238577,2
85,0.737719559392676,-0.340532477740838,0.115813701096412,0.110319943574723,0,0,-0.476325819325856,0.0758060071432307,-0.431473861504637,-0.629574516402261,3
85,0.825245608812146,-0.597502547707219,-0.0510483561910901,0.110319943574723,0,0,-0.868929855731429,-0.0778957980164338,-0.782485587558757,-1.0687750466906,4
85,1.04197677880322,-1.28851776716657,0.502648628576019,0.110319943574723,0,0,-1.79384437502413,-0.184248624603284,-0.126712846482439,-0.507259403453114,5
85,1.31705864840726,-0.0551454765044654,-0.822184542544134,1.11909961465101,0,0,-0.377216818987715,-0.384424135172827,-1.23066246357911,-3.55274813313331,6
85,1.60881214647216,-0.602310268758848,-0.000977019115171229,1.11909961465101,0,0,-0.435123792636966,-0.126606150017831,-0.447920723606976,-1.69694711423963,7
85,1.83387913069366,-0.828465126717789,0.0081108375405036,1.11909961465101,0,0,-1.20516100473111,-0.51765621154208,-0.303994872214666,-1.43144112340637,8
85,2.24233402798452,1.28395561579772,-0.111680172063414,2.1957417980732,0,0,0.553462557097375,0.209208694643103,-0.510581094168621,-0.55533840141036,9
85,2.44239356951474,0.455219130454113,-0.655603078120503,2.1957417980732,0,0,0.265476515842654,-0.564601418168031,-0.818607728503685,-1.5815629121468,10
85,2.52158380470378,0.333965944039083,-0.756786406727863,2.1957417980732,0,0,-0.340416699610962,-0.108290014832641,-1.3404059508351,-1.09204422756188,11
85,2.96338195891634,-0.930596048718263,0.13074291066205,2.1957417980732,0,0,-0.862719080782861,-0.805119392396355,-0.0250448935826841,0.530418430720615,12
85,3.07591545102709,1.05454222381881,-0.382695486260319,3.03071539001002,0,0,0.487132797728579,0.354408117715446,-0.774629296519706,-2.33066541398929,13
85,3.48020244120274,0.181011978727499,0.0727461828529828,3.03071539001002,0,0,-0.153895739130919,1.36313834377178,-1.1749183754568,-2.29036747877757,14
85,3.57606430485263,-0.0621630998127246,0.37655739707806,3.03071539001002,0,0,-0.39154885833219,-1.57874695719054,0.84576281771975,-2.23169678646319,15
85,3.8886573384936,0.200686407600114,0.145999714078621,3.03071539001002,0,0,-0.147775943762845,-0.150878050931648,0.324439718319842,-0.687463557059882,16
85,4.10538850848467,1.19669976294297,-1.21425407044085,3.03071539001002,0,0,0.979612421872667,0.843485033546165,-1.76916999266831,-0.565062063347592,17
85,4.39714200654957,2.05133903495705,-1.69440851481852,3.03071539001002,0,0,1.79795347967764,0.411623633608412,-2.20328525735103,-0.910801565807662,18
85,4.53468294135159,1.55138572435511,-1.81934260565288,3.03071539001002,0,0,0.979664332848431,0.587227633295258,-2.16156216791409,-2.6585869970631,19
85,4.77225364691873,2.85265177611656,-1.93560139776592,4.69492879611655,0,0,2.5302027350463,0.996752789474525,-2.30712766933791,-2.90631001885177,20
85,5.07234295921405,1.18125443040911,-2.16796282612094,4.69492879611655,0,0,0.484449562452646,-0.923679588054057,-2.55067130131586,-4.1354367164393,21
85,5.39743971420066,4.12243357657792,-1.67659902733359,5.38879143317731,0,0,3.54498123985344,2.55323580319512,-1.59576516237016,-2.05646996738498,22
85,5.56832390592438,3.60638570568139,-2.49797905212888,5.38879143317731,0,0,2.46705329395697,2.41099706093229,-2.53645791550191,-2.8231271144561,23
85,5.84340577552843,1.10553344293204,0.269445609449197,5.38879143317731,0,0,0.612738003328616,0.224916786095194,-0.0261314392202192,-1.23932258521689,24
85,6.12265555224769,1.20303794255435,-0.938650710767401,5.38879143317731,0,0,0.881409070336143,0.22931393475594,-1.48739309944261,-2.61593753614084,25
85,6.28103602262578,0.419418032175913,-0.0571638295280093,5.38879143317731,0,0,-0.166497177558956,-0.368322752311894,-0.449764474865235,-2.79917757894593,26
85,6.63530812741887,0.616426868883916,-0.0325016704833102,5.38879143317731,0,0,0.202352564761763,1.2690897459069,-0.70903468145528,-1.38442432911132,27
85,6.8061923191426,1.6912793586279,0.00874084678556154,6.78006769401344,0,0,1.39444437697496,1.26140265049972,0.144171060585791,-0.472961886057957,28
85,7.0646025602858,0.353951377587751,-0.38545010903128,6.78006769401344,0,0,0.200475799993501,-0.367224775115118,-0.934257825706498,-0.484097449051957,29
85,7.28966954450729,-0.46200487215631,-0.0676516806354191,6.78006769401344,0,0,-0.330889214511463,-0.910527068815452,-0.428194149401817,-1.3592648444399,30
85,7.56475141411134,1.11534079521515,0.190092256124123,7.43233416784698,0,0,0.869537439860599,0.126527775945106,-0.247227579119275,-1.75121946331009,31
85,7.81899374813933,-0.664533324000755,0.139664435134825,7.43233416784698,0,0,-0.640594322437015,-1.50106182137474,-0.229003431540541,-1.05734038868253,32
85,8.21077701696934,-1.20297939708909,1.82058469073807,7.43233416784698,0,0,-1.17140926083549,-0.803970070619534,1.37268787304806,-1.36126294260991,33
85,8.35248585888657,-2.01837023477426,1.90620221017263,7.43233416784698,0,0,-1.99747699731545,-0.0801231539590401,1.56681742860315,-0.223109783581253,34
85,8.556713307532,-2.21646800275103,1.46158813455592,7.43233416784698,0,0,-2.2716771178286,-0.794340904861768,0.717701473438038,0.192013146648311,35
85,8.92765704078595,0.704391337951762,0.237744308026419,8.90836484223568,0,0,0.777534328337227,-0.96158690051547,-0.146924004799044,-0.940963036441866,36
85,9.17356356058351,0.317232285241435,-0.0606086334929056,8.90836484223568,0,0,0.121502525974549,-0.421294481138921,-0.60799737073199,-2.28765433516104,37
85,9.34027984519202,-0.788942250126466,1.65130956386801,8.90836484223568,0,0,-0.71978822981536,-0.259916532884892,1.00103769619202,-0.652272323735948,38
85,9.69871985710033,-1.88495636722752,1.62060678448055,8.90836484223568,0,0,-1.89098866472569,0.27807547794425,1.15540119182869,0.0392387379000983,39
85,9.9154510270914,-1.42413337259274,1.07230878000217,8.90836484223568,0,0,-1.72559345964613,-0.631112391276835,1.01083358881486,0.445356822529335,40
85,10.1321821970825,0.375140748369497,0.266418980000825,10.0485592441472,0,0,0.0724556070808895,0.184518295743235,-0.266771450439392,-1.22431949738435,41
85,10.2822268532301,-0.43501008007778,-0.173905417101336,10.0485592441472,0,0,-0.406842511030006,0.0497543319894727,-0.128419107959724,-2.37263524423976,42
85,10.553140815719,-2.48033220182947,-0.281078281721926,10.0485592441472,0,0,-2.34102195915867,-0.779623250788065,-0.129720928169977,-0.16435863153199,43
85,10.8740696635904,-0.507747494380382,0.932649230173183,10.6154259324593,0,0,-0.691411095974936,-0.673690783143516,0.544466508218691,-0.0972618765248512,44
85,11.1491515331944,-1.61111159608782,1.73688173730128,10.6154259324593,0,0,-1.59325084267402,-1.30070770750669,0.852255980716237,0.737581166799743,45
85,11.2950282822269,-0.665492419634673,1.72532657699481,10.6154259324593,0,0,-0.956950890965754,-1.76390660482169,1.32129211794034,0.981265801792641,46
85,11.6493003870199,-1.88890130505725,1.09861218509258,10.6154259324593,0,0,-1.80685707404584,-1.84361442247508,1.415669748729,0.648678152839548,47
85,11.7618338791307,-0.120369462757115,1.29704682043254,11.6669348493021,0,0,-0.0899784907689006,-0.130811871283295,0.782546182998569,-0.46333102018359,48
85,12.1369455194999,-1.64183798691886,0.0711831242413137,11.6669348493021,0,0,-2.02681336155332,-1.13970089124304,0.0693379122200267,-1.3847668066434,49
85,12.3620125037213,-1.37116312452554,1.03439924981332,11.6669348493021,0,0,-1.28916757320622,-1.12279473618393,0.748518926032611,0.804873389587156,50
85,12.6370943733254,0.793228342238125,0.511334101223903,12.6339866513637,0,0,0.236493424538374,0.868041349463692,0.236754750084433,-1.16035421639161,51
85,12.8413218219708,-0.733245765888652,1.22429408214854,12.6339866513637,0,0,-1.20836212242761,-0.545362634488692,1.18210725158251,0.741336426932564,52
85,13.1330753200357,-0.577810151869947,1.12293145381049,12.6339866513637,0,0,-0.573561279338996,-0.468511305590819,0.641561031891433,-1.1017522433145,53
85,13.3498064900268,-1.79806257049506,0.443237035191817,12.6339866513637,0,0,-1.99984218605262,-0.977478862480379,0.00975911402358677,-1.95369746413125,54
85,13.5832092884787,-1.6285399690791,0.921683076867501,12.6339866513637,0,0,-1.79126145618191,-1.25631757574906,0.355810856861838,-0.246404647150313,55
85,13.7874367371241,-0.603182054664555,0.644282207412646,13.7773538700654,0,0,-0.73735656070666,0.0626690802288193,-0.312399846716614,-0.684783174017667,56
86,0,0.28191447473271,-0.596802505393032,-Inf,0,0,-0.433170293233818,-0.179803078089911,-0.834088805653196,-0.421662643506824,0
86,0.0750223280738315,0.220365186037712,-0.230044284221648,-Inf,0,0,-0.256021056030338,0.98631893823679,-0.148147823526258,1.25225492225486,1
86,0.300089312295326,0.116881904222007,-0.911142770502173,-Inf,0,0,-0.479639772415358,-1.39118148341807,-0.819302198025516,0.573134638669101,2
86,0.583506996129801,0.334879891684735,0.869347660896457,0.337551853701007,0,0,-0.0192245468997154,0.876529400355782,0.541342725486707,1.00367510109742,3
86,0.879428401309914,-0.77604438293051,1.57365116783761,0.337551853701007,0,0,-1.19006407964941,-0.624165298528196,1.24804355966005,0.93301659182709,4
86,1.17118189937481,1.43370056799416,-0.0698323766165598,1.08910476607091,0,0,1.1637397458184,0.103188184578986,-0.116411712985248,0.86041183160019,5
86,1.39624888359631,0.387718496444067,-0.0496628292677622,1.08910476607091,0,0,-0.38957259500207,0.513381066951956,-1.00014088387866,0.860961387019883,6
86,1.683834474546,-0.235689765199066,-0.204066883445566,1.08910476607091,0,0,-0.581275573226831,-0.19420720368816,-0.8018007547252,0.442912509272304,7
86,1.94641262280441,-0.429151459845855,-0.123722559987648,1.08910476607091,0,0,-0.712461728981957,-0.509000092271334,0.00722741028057106,1.30140051210271,8
86,2.08395355760643,-0.798367845213072,0.527601421039831,1.08910476607091,0,0,-1.05039159332224,-0.775466419673609,0.594487779510747,1.43711853263387,9
86,2.44239356951474,-0.100246778302706,0.70447193680173,1.08910476607091,0,0,-0.65971347021203,-1.17210272102113,0.459226173899668,-0.793321640516376,10
86,2.54242334027985,-0.410791020301349,-0.118483801402782,1.08910476607091,0,0,-1.13118494107799,-0.884170519842293,-0.718221829806224,-0.895505627604347,11
86,2.89669544507294,0.362285246788025,-0.704134744344407,2.55232585980199,0,0,-0.234936964310497,0.106095897297117,-1.04276876839029,-0.433590975860641,12
86,3.19261685025305,-0.559974905272239,0.120545664483877,2.55232585980199,0,0,-1.11491781865248,0.16693042739355,-0.068633913633634,1.03978074015431,13
86,3.29264662101816,-0.459934031336229,0.560920956504461,2.55232585980199,0,0,-0.577918097700887,-1.20731669224522,-0.0888287215062402,-0.0264550101625094,14
86,3.7261089610003,0.157380443927594,-0.20406409263052,3.51495022577628,0,0,-0.120699563263267,-0.541953654376444,0.0371457731306372,-0.12636123847929,15
86,3.94284013099137,-0.819247987120071,0.507876962004618,3.51495022577628,0,0,-1.16239800120882,0.410863828569813,0.0724466988891663,0.558645593610454,16
86,4.2137540934802,-0.284012199730704,0.386635033727124,3.51495022577628,0,0,-0.65033056612442,-1.35802685768245,0.239551256930923,0.611758702089985,17
86,4.48050014885383,2.06103662043892,-1.7988515126265,4.34069238455715,0,0,1.71968726439157,-0.732155030417358,-1.99188395589459,-0.62470923167265,18
86,4.57636201250372,2.37955949640789,-2.2644992272301,4.34069238455715,0,0,1.63520105696659,0.923613996763358,-2.7617512577226,-1.46729752065596,19
86,4.94730574575767,1.55907681951538,-1.16753286744909,4.34069238455715,0,0,0.935728549714833,-0.834660999848123,-1.72340247621255,-0.279044172935455,20
86,5.22238761536171,2.18540306252428,-1.1058625010089,4.34069238455715,0,0,1.42347797979649,0.181373451112682,-2.1450489288577,-0.303768847459556,21
86,5.37243227150938,3.31173085780994,-1.8006805361785,5.26061123005616,0,0,2.60032186419974,1.33753065720466,-1.76539123528153,-0.592039512505933,22
86,5.73920809764811,0.734762010007112,0.506880665045891,5.26061123005616,0,0,0.483921798056223,0.498235279186532,0.395832594087994,2.40724358525221,23
86,5.91426019648705,-0.27325074254825,0.255988246445535,5.26061123005616,0,0,-0.571768105019304,-0.232765815997026,0.119604864832874,0.457580148144632,24
86,6.13932718070854,-0.385545039365882,1.12440265217754,5.26061123005616,0,0,-0.802144147003413,-0.166976840760484,1.08514228838468,0.49857477332319,25
86,6.34772253646919,-1.25294533677791,1.35657324062619,5.26061123005616,0,0,-1.28680740352172,-1.57148115820386,1.34442668350835,2.61048130248774,26
86,6.68532301280143,-0.729732897083037,0.459231347001909,5.26061123005616,0,0,-1.00125724654049,-0.601426489353404,0.337010021775423,0.223708033336128,27
86,6.84787139029473,0.280865652153105,-0.888472824509543,6.73905275982196,0,0,-0.080746299585956,-0.292032713960221,-0.912834278562339,-0.26943158576109,28
86,7.08961000297708,-0.115463086975448,-0.369727177242847,6.73905275982196,0,0,-0.509802244790387,-0.739469161250713,-0.362509957013933,0.697000656959136,29
86,7.46888955046145,0.00401756769310069,1.33458929613564,6.73905275982196,0,0,-0.310708037376766,-0.804898170479731,0.838789464923443,2.41985899839624,30
86,7.62727002083954,-1.06394306788167,1.95716380467967,6.73905275982196,0,0,-1.55022313707428,-0.857884570515284,1.98772840559942,2.93437358202707,31
86,7.88984816909795,-1.54743753976313,1.1685391865692,6.73905275982196,0,0,-2.04254748877921,-0.675303030977705,0.298371727851952,0.620926693474132,32
86,8.21911283119976,-0.25152966202045,-0.551248642536807,7.91545671835685,0,0,-0.881699855419557,0.541872458876792,-0.933550406303908,1.39373423573018,33
86,8.37749330157785,-1.30266285734846,0.187845218510474,7.91545671835685,0,0,-1.31287106459893,-2.12050298137395,-0.178320316531782,0.0703058217006144,34
86,8.60672819291456,-0.922356428968394,-0.562050118038195,7.91545671835685,0,0,-1.16964329410792,-2.17046526930419,-0.974208302598369,0.693425133938513,35
86,8.93599285501637,0.0765590095097117,0.476057721459752,8.70398212714085,0,0,-0.28220615256547,-0.292802769604987,-0.157302404763007,-0.726065319251182,36
86,9.13188448943138,-0.725835945271645,0.306938811557655,8.70398212714085,0,0,-1.25896865437726,-0.841412287387393,-0.194092371811249,1.19416096857596,37
86,9.35695147365287,-0.208846904084562,0.234893729421115,8.70398212714085,0,0,-0.660218939729721,-1.48844152594452,-0.343420957248176,-0.82284502848713,38
86,9.69871985710033,0.716169642932873,0.371511656563334,8.70398212714085,0,0,0.514686704891979,0.448409673636681,0.507523523248955,1.45757052542399,39
86,9.94462637689789,1.29430693642101,-0.303116261700758,8.70398212714085,0,0,0.669714196562174,-0.188933569273501,-0.612784277637392,0.0525875645379327,40
86,10.182197082465,2.14529106467721,-1.62660014715916,10.0224581380679,0,0,1.57048128834461,-0.305232949992828,-1.10032280393075,0.621446041837714,41
86,10.3155701101518,2.14393933207126,-0.924131038805157,10.0224581380679,0,0,1.71380045450218,1.00991193773141,-1.14315390177962,-0.449970595037829,42
86,10.5614766299494,2.02458490896446,-0.909298271382761,10.4577814548097,0,0,1.20023492071541,0.254573414589797,-1.12413257522234,-1.20572476541589,43
86,10.9907710628163,-0.221212785369742,-1.4532756469472,10.4577814548097,0,0,-0.714980971130621,-0.897890054010894,-1.64681698173208,0.263123309945645,44
86,11.1283119976183,-0.145633187048064,-1.05956502353049,10.4577814548097,0,0,-0.475625734608772,-0.839729665472666,-1.52179917163881,-0.987043748594416,45
86,11.4075617743376,1.18237160948813,-0.72918846446339,10.4577814548097,0,0,0.437916985086134,-0.781658878562046,-0.839529133793708,-0.0181939120949884,46
86,11.7118189937481,0.258847373653882,0.687211341498087,10.4577814548097,0,0,-0.337401811032678,-0.445193850279444,0.383543314501596,1.28547145930804,47
86,11.9577255135457,0.977703454452389,-0.575060763113899,11.7121680609219,0,0,0.202606452547615,0.1097703347542,-0.73023390667918,-0.840698341234629,48
86,12.236975290265,-0.759489763835538,-0.504785472990649,11.7121680609219,0,0,-0.880574554099094,-0.239907860114554,-0.704879215692931,-0.636746108686553,49
86,12.2994938969932,-0.569447169183699,0.0136900890216426,11.7121680609219,0,0,-1.17573480705589,-1.79111651899453,-0.118931722212404,0.778811539917996,50
86,12.5579041381364,0.555891794150282,0.912420341638412,11.7121680609219,0,0,0.0282735143505825,-0.307560460668477,0.827967178397687,1.80604477830538,51
86,12.9663590354272,1.56836694418816,-0.213990049123573,12.8327031257347,0,0,1.07675030737377,0.18123872222636,-0.672438204217989,0.502097208048917,52
86,13.2247692765704,-0.862032060626756,0.92274581711651,12.8327031257347,0,0,-1.24462837490444,-0.866794142049596,0.999696301446003,1.64756712049411,53
86,13.3873176540637,-1.97797281944367,0.983029961036746,12.8327031257347,0,0,-2.23031796261482,-0.877109015662087,0.651885272897256,2.4491354348853,54
86,13.5707055671331,-0.841245687797501,-0.0323852392212062,12.8327031257347,0,0,-1.18791728008857,-1.27695174278454,-0.163556675524754,0.447106093369876,55
86,13.8958023221197,0.528850190824406,-0.538224603947383,13.5744395512505,0,0,0.15949029625601,0.137273778393146,-0.892122950555562,0.762479587416499,56
87,0,-0.251156328149425,-0.584415269403999,-Inf,0,0,-0.979702891433128,0.507525129323595,-0.131082221970233,-0.700068690637528,0
87,0.0625186067281929,1.55379465604503,-0.977331491219573,0.021177887020167,0,0,0.875399754191516,1.40849757222631,-0.780484377117306,-0.890928759303994,1
87,0.32092884787139,1.40442559140273,-1.57424223165369,0.021177887020167,0,0,0.744451498022733,1.15469304535278,-1.88318887083311,-2.11065655691649,2
87,0.591842810360226,1.34753725501837,-1.53832936660027,0.021177887020167,0,0,0.597751158588352,1.47137053183973,-1.31580804563301,-2.12142187207528,3
87,0.958618636498958,0.883868523377983,-0.487147900329091,0.021177887020167,0,0,0.107514673902996,0.746454802315958,-0.321693372763205,-1.72163500086446,4
87,1.22536469187258,2.50705248282318,-1.71628395836471,1.21601170592297,0,0,1.5953807115686,2.2302685834,-1.20496765705486,-1.2328100593223,5
87,1.3295623697529,2.44908290677591,-1.56288156113035,1.21601170592297,0,0,1.73332158873075,1.32664328210108,-1.30189361973473,-0.540677711371318,6
87,1.57963679666567,1.07701128143928,-0.914717795650481,1.21601170592297,0,0,0.564495140525914,1.44841506102301,-1.35261701989876,-1.33543963717622,7
87,1.97975587972611,2.82249255345835,-1.00889835756236,1.76581787962574,0,0,1.63186412589365,0.411812455601858,-0.743939703036806,-0.420612489342593,8
87,2.23399821375409,0.916173214076892,-0.596702072242458,1.76581787962574,0,0,0.188280799093102,0.628830656935073,-0.111791328519685,-0.0283448504124721,9
87,2.37570705567133,0.165509222020388,-0.86769883457219,1.76581787962574,0,0,-0.478220500625049,1.09606841952486,0.0187285267600453,-0.911805952406488,10
87,2.62161357546889,0.675742273756769,-1.28371313292144,1.76581787962574,0,0,-0.217597606564693,1.00195263622399,-0.731745356012387,-1.67106566422053,11
87,2.99672521583805,-0.910928937071077,-0.194648447558879,1.76581787962574,0,0,-1.44089054780939,-0.606011365820257,0.15279763131108,0.265885615102484,12
87,3.18844894313784,-0.862238637671592,0.171394098526885,1.76581787962574,0,0,-1.02476190659557,0.299560953102902,0.105901808101088,-0.118661558542942,13
87,3.43852337005061,0.32373855174164,0.053181760946484,1.76581787962574,0,0,-0.55867168030397,0.513641544080087,0.144784439429827,0.162031977592602,14
87,3.50937779100923,0.57550312921025,0.0734276126395413,1.76581787962574,0,0,-0.409396461610672,1.03213000044883,0.198496493323965,1.10885864528758,15
87,3.80529919618934,2.37909580037068,-1.28140534729173,3.54611106749552,0,0,1.42270907322361,1.20727729310012,-1.09402441023336,-0.596776675819005,16
87,4.06370943733254,0.994192485838647,-1.55597406490749,3.54611106749552,0,0,0.345642905110672,0.557082790337064,-1.06947758147933,-1.04226164784255,17
87,4.44715689193212,2.22807055814859,-1.48829553801671,4.22688101652759,0,0,1.17361986438258,1.25099163310738,-1.79277315053371,-0.225477446176562,18
87,4.55135456981244,1.1801662644954,-0.898516783592806,4.22688101652759,0,0,0.437164707874712,0.926048848150745,-1.01011515097998,0.714470510521668,19
87,4.83477225364692,-1.14706141435688,0.781490447679962,4.22688101652759,0,0,-1.68892236124519,-1.42677874272201,1.00051420815629,-0.197295365580641,20
87,5.19738017267044,-0.916147542600725,1.57284868511055,4.22688101652759,0,0,-1.56112806601567,-0.0295316372841932,1.83689569493519,0.990952216844001,21
87,5.4766299493897,0.409694315301597,1.23825834222752,4.22688101652759,0,0,0.015690191579188,0.0890055577113618,1.35276278094999,0.0991091199942454,22
87,5.71003274784162,0.611707093809839,0.245261862962642,5.53205060194282,0,0,0.0738080114282951,0.642768230088621,0.362101855146214,-0.809597651096864,23
87,5.94343554629354,0.384364882581422,1.22923909530707,5.53205060194282,0,0,-0.192078063826948,0.893327426355818,1.86089685095619,0.911682839858847,24
87,6.04346531705865,0.441629680559485,1.30646048801522,5.53205060194282,0,0,-0.306166306842733,0.0728630827410515,2.12015067718829,0.542304156823823,25
87,6.28103602262578,0.879396723500994,-0.734904178631705,6.2446019163015,0,0,0.041892988977375,1.27705823189243,-0.750005229943787,-0.687906625548488,26
87,6.5477820779994,-0.669940930075286,-0.609113303214462,6.2446019163015,0,0,-1.33543071854274,-0.722664099251601,-0.357122107747067,0.632747270610365,27
87,6.86454301875558,-0.900142257402816,0.430210707787938,6.2446019163015,0,0,-1.55567573865377,0.55463020566887,0.244563931298794,1.18874477026642,28
87,7.12295325989878,-1.17483820056435,2.01483287142128,6.2446019163015,0,0,-1.69410428350696,-1.05309311785983,2.42599216056988,2.06235443765,29
87,7.41887466507889,-0.692976421470165,-0.433713577940766,6.2446019163015,0,0,-1.3666024464664,0.264138448411402,-0.16975165987566,-1.66277838451281,30
87,7.72729979160464,-0.225063352479226,0.799105701923481,6.2446019163015,0,0,-1.14647009982515,-0.221517528180129,1.41784553101331,0.587348972007846,31
87,7.9398630544805,1.3995807503337,0.0169079764921563,7.79209854911225,0,0,0.519505671006446,1.41456830976737,0.0998305235990402,-0.18374055736383,32
87,8.08990771062816,0.929373011501727,1.03421614168079,7.79209854911225,0,0,0.256014800776308,0.797500014052696,1.46836159326147,0.425312180631904,33
87,8.41083655849955,-0.443508589708164,0.252040644642221,7.79209854911225,0,0,-0.999924124988498,-0.619151147028788,0.0395636724566229,-0.280264352921856,34
87,8.57755284310807,1.06927119862907,-0.178528489681015,7.79209854911225,0,0,0.43577038232194,-0.16328118456236,-0.631079218204445,-0.419700487536605,35
87,8.84429889848169,2.95808875580553,-0.818815010755995,8.79553216135559,0,0,2.11835803939206,2.33143457879144,-0.772058866287263,-1.05491722068163,36
87,9.03185471866627,1.98918271356067,-1.53415953142662,8.79553216135559,0,0,1.24337604421444,1.59113589454444,-1.47119025919406,-0.148849942838908,37
87,9.39029473057458,0.643576693275908,-1.0849241755096,8.79553216135559,0,0,-0.15535547864259,0.54018056513714,-1.25878249709472,-0.476962662476464,38
87,9.66954450729384,1.02500030458317,-1.28243995129118,9.4331180467342,0,0,0.32620727078305,0.389366228556256,-1.22694531884733,-1.16181902022128,39
87,9.83626079190235,0.850073271001709,-1.083777263488,9.4331180467342,0,0,-0.0777755667938943,0.792498373665253,-0.968926491526478,-0.367776354123087,40
87,10.2155403393867,0.416118118316801,-0.40294925035061,9.4331180467342,0,0,-0.234570373877624,0.795124704556457,-0.217205028193267,0.573161061936137,41
87,10.3030663888062,-0.63751165166421,-1.07900443341515,9.4331180467342,0,0,-1.12155553018546,0.443865663927454,-0.646025856965228,0.261081948638968,42
87,10.6364989580232,1.36848232579632,-0.0214377966357686,9.4331180467342,0,0,0.488339553507591,1.03798738110792,-0.076689582047488,-0.55047597586169,43
87,10.8824054778208,1.18921686165127,-1.12502327803513,9.4331180467342,0,0,0.29989246045247,1.56531753851709,-0.552046327029502,0.456077910817071,44
87,11.0157785055076,2.90021205385252,-1.88946724846121,10.9115853663588,0,0,1.99421569227427,1.93386130580922,-1.85340905328717,-2.89629118358674,45
87,11.3116999106877,1.80902304314678,-1.14752328490794,10.9115853663588,0,0,1.16339007349162,1.13918566191767,-0.703653615137132,-0.380577241033402,46
87,11.5992855016374,0.717338480382827,-0.857989119999082,10.9115853663588,0,0,0.263512247407628,0.254051207042452,-0.549744946468894,-2.06358760285282,47
87,11.7743376004763,0.818087584284671,-0.145623187855825,10.9115853663588,0,0,0.357151443502404,0.869315508194857,0.308620148208324,-0.17395486275301,48
87,12.0660910985412,2.85248937296928,-0.54493701135505,11.9385860375397,0,0,1.8968989849912,1.12747053389242,-1.19221044170277,-0.367497951546518,49
87,12.3620125037213,0.532529503620662,-0.0693610351885592,11.9385860375397,0,0,-0.199217338698149,0.636865852628015,0.153049150913454,-1.03090429642029,50
87,12.6079190235189,1.65296678761233,0.27786795856995,11.9385860375397,0,0,0.889047138396099,1.12870060523715,1.2241124646176,1.29410666741183,51
87,12.9121762429294,1.49362838121913,-1.54348836068133,12.6302160937124,0,0,0.900746697148512,1.80313546732429,-1.26906136551523,-1.60253306585494,52
87,13.1747543911879,1.00900815314611,-0.970712079817668,12.6302160937124,0,0,0.0679954918324968,0.730181343807212,-1.21183091938584,-0.712530887862786,53
87,13.4665078892528,1.55017012041527,-0.58930280493786,12.6302160937124,0,0,0.730796026156246,-0.0561143515958071,-0.0471606644275723,0.101889650984577,54
87,13.6540637094373,0.852657417219134,-0.18401520216332,12.6302160937124,0,0,0.0789570497601845,0.355887911142302,-0.230591733608027,0.0901801864464515,55
87,13.862459065198,2.55000523910757,-2.14317073706677,13.742166177975,0,0,1.6667630420164,1.83728333157899,-2.18881538377833,-1.71587036500601,56
88,0,-0.0090039702805149,1.11543712448413,-Inf,0,0,-0.22023278695968,0.490245434523215,1.01323131283644,0.568769869886175,0
88,0.0333432569217029,0.171653044608328,1.24937577163744,-Inf,0,0,0.471020672776731,0.178708872473025,1.16216825463845,0.434465117635083,1
88,0.32092884787139,1.24868727137325,-0.289145313160443,0.107816473825369,0,0,1.31610691706946,0.118660982673327,0.073959486238077,-0.0374230946217845,2
88,0.61268234593629,-1.36216659835225,-0.552443642317761,0.107816473825369,0,0,-0.850224219520332,0.0437345567373096,-0.568741860323115,-0.460566217463048,3
88,0.783566537660018,-1.15611596022687,0.00487138683136802,0.107816473825369,0,0,-0.439391806938549,-0.572073821139495,0.988708429085955,-0.533231578559455,4
88,1.06698422149449,0.456186477146266,0.739799092238309,0.830974843677205,0,0,0.647047832270533,-0.0718695999028046,1.03653005223025,0.627519908205699,5
88,1.2628758559095,-0.357381941193371,0.394223301044792,0.830974843677205,0,0,-0.274510980888014,0.0437846143653599,0.64682380670425,1.06852302456186,6
88,1.683834474546,-0.284681958851897,-0.201993685917082,0.830974843677205,0,0,-0.20023395344441,-0.925697384836344,0.0690047438415252,-1.2660654348725,7
88,1.86305448050015,-0.286104992943129,-0.22284033868205,0.830974843677205,0,0,-0.325824515952023,-0.626024349335406,-0.262289862378964,-1.11335290174445,8
88,2.03810657933909,-0.117640096244569,-0.289424965232911,0.830974843677205,0,0,-0.0478938296231004,0.317325565499518,-0.363057415932022,-0.595260739064691,9
88,2.44656147662995,0.710989064723745,-0.177877818980919,0.830974843677205,0,0,0.732065156207835,0.677032549161443,-0.0861038559169539,-0.535884425799589,10
88,2.69246799642751,1.85610914281591,-0.717231972376929,2.52633275685008,0,0,1.64006036002241,0.661421536690171,-0.494991264864651,0.278920301180982,11
88,2.98422149449241,2.0158737137568,-0.0234886684461647,2.97774066770843,0,0,1.87456570375041,1.24997832266676,0.315461816456352,-0.826418027719207,12
88,3.18844894313784,1.41071759405442,0.75633837719886,2.97774066770843,0,0,1.10595068954517,1.25142276716418,0.551820161511014,0.104309486936039,13
88,3.2718070854421,0.910989904271643,0.659885519232688,2.97774066770843,0,0,1.17911697967785,0.957362963980205,0.832460926851347,-0.30655482807819,14
88,3.59273593331349,0.705986829147082,0.452083630995318,2.97774066770843,0,0,0.85103729022926,0.587523078455512,0.495946903107706,-0.572044279700825,15
88,3.77195593926764,1.65382235562655,0.270461397381736,2.97774066770843,0,0,1.63603596868301,1.72093027264067,0.188182505672784,-1.80785645651158,16
88,4.15957130098244,0.817383764979861,-1.57826092976636,2.97774066770843,0,0,0.76821104036547,0.666521980503982,-1.14780838126644,-2.27403507892471,17
88,4.25126525751712,2.03038312179822,-2.36808820972527,4.23621720293752,0,0,1.86464957167015,1.38699841123594,-1.96228860114418,-1.83727296937806,18
88,4.73474248288181,-0.397959937184243,-1.17767168714569,4.23621720293752,0,0,0.172227233213472,-0.722944495700265,-1.11558770709312,-2.7381396986464,19
88,4.80976481095564,0.259983930610587,-0.627075170070597,4.23621720293752,0,0,0.0386770928475906,0.900954193230933,-0.181633129866269,-0.795042776898133,20
88,5.20988389401608,1.01512791826349,-0.954279690235319,4.23621720293752,0,0,0.928664560054563,0.475985709286257,-0.887505746843017,-1.90464698526897,21
88,5.43495087823757,0.0187320088550602,-0.649092127888001,4.23621720293752,0,0,0.0161704359800883,1.16587512716653,-0.289312922264218,-1.43215714568068,22
88,5.66418576957428,0.885543261544372,-0.125714687860584,4.23621720293752,0,0,1.14496538785906,-0.0382191544945527,-0.233381282325961,-2.30999152566912,23
88,5.9309318249479,2.4711858420025,-0.926441175439627,5.80572828395794,0,0,2.35507179484257,1.70777140762239,-1.08398314847781,-1.86637768563385,24
88,6.11848764513248,3.4670708158571,-2.07104258351501,6.07930920681773,0,0,3.27028935502244,1.35356932776374,-2.15315171751347,-1.71838807514012,25
88,6.31021137243227,1.55458854073196,-1.49149651105454,6.07930920681773,0,0,1.37289466279395,0.600043647175653,-1.23261716569145,-1.99034631966259,26
88,6.56445370646026,0.973299212739958,-0.397448221186353,6.07930920681773,0,0,0.89369038008018,0.732500254564509,0.17095221597986,-1.41210171004084,27
88,6.87704674010122,-1.22791576549494,0.575750969115108,6.07930920681773,0,0,-0.754488284751945,-0.175321006076193,1.06730739331574,-0.720317955535321,28
88,7.18963977374219,-1.05350394289546,1.84146106976893,6.07930920681773,0,0,-0.710554138095952,-1.0085705116359,2.04846606323535,2.21531017466628,29
88,7.48972908603751,-0.743941499846791,1.89151721716749,6.07930920681773,0,0,-0.767453221122393,0.0953948772187124,1.78735195642252,1.17334751048466,30
88,7.71479607025901,-0.922781687729224,0.918603974327669,6.07930920681773,0,0,-0.356819652760501,-0.47580998148484,1.47120856608382,-0.000511844532041131,31
88,7.86900863352188,-1.02964509569379,2.04739268479413,6.07930920681773,0,0,-0.951575627132945,0.330418954990374,1.63993002976018,0.866358548976761,32
88,8.22744864543019,-0.292520982601896,0.5042373931774,7.91809157841982,0,0,0.0731709457692749,-1.16393988303831,0.380323217093639,-2.04301411032256,33
88,8.41917237272998,-1.08459679059456,1.13094259662595,7.91809157841982,0,0,-0.803277172401776,-0.192208718799813,1.26181387107935,0.280597515083184,34
88,8.64423935695147,-0.590532080793202,1.77574448512104,7.91809157841982,0,0,-0.383525816863414,-0.0272209779726136,1.9976247901528,0.0331790737976736,35
88,8.86097052694254,1.21713088711263,0.593772868272935,8.81655372074769,0,0,0.964684453423074,1.09261362357431,1.23929665447095,0.63703444340749,36
88,9.2360821673117,0.397824020070501,0.904213890915991,8.81655372074769,0,0,0.907762015697229,-0.087852369730066,0.918429816360647,-0.258833964310744,37
88,9.27359333134862,-0.013665291994354,0.94193319724678,8.81655372074769,0,0,0.233396339022467,0.973708569996941,1.32819049411341,-0.364602346844631,38
88,9.74873474248288,0.682061886775217,0.140105063970509,8.81655372074769,0,0,0.629234884501254,0.0465531279695029,-0.0131483439077081,-0.877254052277238,39
88,9.79874962786544,1.29179103254862,-0.0422815312667004,8.81655372074769,0,0,1.13585632472344,0.557511056621282,-0.00192470903579434,-1.24147036324464,40
88,10.0738314974695,3.22607988488315,-0.897643656784383,9.86504835454532,0,0,3.47846484120867,1.74826778292213,-0.633451261627885,-0.746041318813773,41
88,10.357249181304,1.06950012813812,-1.3543702501177,9.86504835454532,0,0,0.744752162870838,0.0508088744049496,-1.67532747665858,-2.74145456201171,42
88,10.5656445370646,0.557598879816737,-0.477947663084261,9.86504835454532,0,0,0.499412287281891,0.968445629006248,-0.703517771042418,-0.15883762871061,43
88,10.8032152426317,1.16396574195327,-0.942436125342729,9.86504835454532,0,0,1.20379184202246,0.491160301316669,-0.684149161237194,-0.757615793231563,44
88,11.003274784162,0.704113368040686,-1.78628994204494,9.86504835454532,0,0,0.325915750622297,0.142164703968959,-1.69625819618184,-1.63285590660464,45
88,11.3408752604942,0.267520504278152,-1.07760376592974,11.0287746143348,0,0,0.293492972855434,0.919444134751746,-0.516998940471139,-2.71243106271694,46
88,11.5576064304853,-0.416311372911243,-0.442233426148228,11.0287746143348,0,0,-0.551156525913324,-0.663051944744982,-0.391533639075977,-2.25214368681121,47
88,11.9202143495088,-0.393575311816909,-0.752278382679865,11.0287746143348,0,0,-0.0229880502266007,-0.300778669139935,-0.692994748225583,-1.27023457352805,48
88,12.1577850550759,-0.732430981573716,0.141193606399226,11.0287746143348,0,0,-0.37420471493124,-0.241102173122265,0.264881338414407,-0.355789243166601,49
88,12.3703483179518,0.65409183940143,-1.22115850905348,12.199665800602,0,0,0.572385987365428,0.391433441072393,-1.11954769811156,-1.963871378022,50
88,12.5995832092885,1.08362380041668,-0.867872408268372,12.199665800602,0,0,1.21487208761698,1.15719493186147,-0.657933570936784,-0.979308649231922,51
88,12.8079785650491,-0.197603237675158,0.152499964359013,12.199665800602,0,0,-0.319719662432918,0.482529166229517,0.329219969926809,-0.513388554748791,52
88,13.041381363501,0.815028435384525,-0.245413024985429,12.199665800602,0,0,0.6145633720811,1.1184802625655,0.0597505752854345,-0.608061545577948,53
88,13.3122953259899,0.699992621889414,-1.03734021131175,12.199665800602,0,0,0.441723613935603,0.624597497180493,-0.40740125436674,-1.75705124819532,54
88,13.6415599880917,2.26781927982635,-1.31690567513111,13.5600049194763,0,0,2.33404453164771,0.611757812162733,-1.15118500686572,-2.16356909116375,55
88,13.8082762727002,0.0360345864114698,0.297168904123581,13.5600049194763,0,0,0.0405391045217469,-0.273260470474824,0.61971574104312,0.836292084546765,56
89,0,1.74897253721137,-1.12846258281247,-Inf,0,0,1.10706020113942,1.00568207562775,-1.60427030762391,-0.808905907688413,0
89,0.200059541530217,1.2144508038378,-0.688137918876423,-Inf,0,0,0.838435989562015,0.848753875991813,-1.6578758872145,-0.884906348049521,1
89,0.270913962488836,0.959346673247575,-0.263838018161781,-Inf,0,0,0.483520138752566,1.99092184148322,-0.998666265503603,-0.257898618031801,2
89,0.587674903245013,1.36337875036144,-0.13561455845719,0.296892533695791,0,0,0.694812169989327,0.958508445952862,-0.85936395395674,-1.25337403154217,3
89,0.758559094968741,2.35075405787561,0.343141926839358,0.68350236438967,0,0,2.05625245691375,2.72898273367653,-1.01796704923321,-0.73332477706308,4
89,1.10449538553141,-0.180671223498458,0.938815399263087,0.68350236438967,0,0,-0.812280572777735,0.292669005634977,0.0666665744124405,0.0193199557620033,5
89,1.38374516225067,-1.0943831070198,1.0011379906774,0.68350236438967,0,0,-1.12696701946031,-0.345579439791611,0.499302841966874,1.05196839150654,6
89,1.73801726704376,-0.595115527813757,0.0047400820371274,0.68350236438967,0,0,-0.780449281644118,0.116248177883933,-0.480707302736206,-0.809876573250922,7
89,1.89222983030664,0.0349770336551777,-0.15184232124426,0.68350236438967,0,0,-0.705163216794665,-0.0254829001239645,-0.714420130261102,-0.704359647203555,8
89,2.20065495683239,0.551997218199725,-0.595770096127743,0.68350236438967,0,0,0.403790577690325,1.08444237928579,-1.4274971582122,-1.1557299182063,9
89,2.36320333432569,0.535165690839312,-0.402497691873928,0.68350236438967,0,0,0.55624027938114,0.171915023153733,-1.00431458804471,-0.175993128086332,10
89,2.5590949687407,0.138234427026073,-0.644109036118601,0.68350236438967,0,0,-0.651222466742688,0.543169926260282,-1.4085281372612,-2.48013843382136,11
89,2.97171777314677,0.366620873975691,-1.11732488828694,2.59521634352501,0,0,-0.0713448075378065,1.00627738336504,-1.62858243759593,-1.75640655340522,12
89,3.02173265852932,0.0619457067205315,-0.525972655792098,2.59521634352501,0,0,-0.219215470631614,0.0962333338158831,-1.75282960337745,-0.0546435582940062,13
89,3.35099732063114,1.17381103054614,0.0779232905713539,2.59521634352501,0,0,0.425675980739886,0.661179257341906,-0.158170120111615,-0.565685145004496,14
89,3.63441500446561,2.41270507393447,-1.24584034711199,3.5615304109121,0,0,1.84957079030118,1.32464969134447,-2.11386378323241,-0.207955279544074,15
89,3.96784757368264,-0.158823029111301,-0.245919762271372,3.5615304109121,0,0,-0.357762896552378,-0.566432720775791,-0.988400749558856,-1.41286047768948,16
89,4.00952664483477,-0.323865954605434,-0.0779842612051611,3.5615304109121,0,0,-0.31855118672926,-0.0321316593407663,-0.92775755111597,-0.376326991892855,17
89,4.40964572789521,-0.39428066009506,1.42306433766843,3.5615304109121,0,0,-0.64359059165443,0.258092719667433,0.38891257596032,0.517231978384571,18
89,4.64304852634713,1.94485410015461,1.15422622939231,4.47828447294171,0,0,1.46835716994406,1.69390642629773,0.357071065414466,0.430451439397547,19
89,4.81393271807085,0.847298363519301,0.0509151404522691,4.47828447294171,0,0,0.475460456335795,1.09031913449413,-0.06293003845674,-1.85928850824011,20
89,5.10985412325097,0.231021297360787,0.443900883735842,4.47828447294171,0,0,0.171764011916633,2.07122359669321,-0.500266510421327,-0.905469494017901,21
89,5.29324203632033,1.30521511350742,0.307330127356458,4.47828447294171,0,0,0.709176617464835,1.33904285061284,-0.335198055338272,-0.52277975359619,22
89,5.66418576957428,1.1127899034063,-1.62953428901095,5.32929677918123,0,0,0.681457547549801,1.09673715900325,-2.32404797070904,-2.73060193151164,23
89,5.92676391783269,1.28215961506832,-1.28086731395896,5.32929677918123,0,0,0.545488931799229,0.813469191861681,-2.37922682190669,-2.40240933879518,24
89,6.18100625186067,0.911967060608989,-0.224657130663595,5.32929677918123,0,0,0.603644642612608,-0.183685412783885,-0.531360251653029,-0.860972113122044,25
89,6.3518904435844,0.663493091150696,0.159599502725756,5.32929677918123,0,0,0.275465784494929,0.0688364066622599,-0.534105417516184,-1.81135663237398,26
89,6.56862161357547,1.64395223545862,-0.700281726533622,6.56624862834668,0,0,1.3996819079451,2.13932664282144,-1.80767092692243,-0.181339190973111,27
89,6.89371836856207,0.707842685718653,-0.55076415452366,6.56624862834668,0,0,0.22087124054877,1.18704599629032,-1.40902059316855,-1.04221353960363,28
89,7.12295325989878,-0.194585163333191,-0.876536501523617,6.56624862834668,0,0,-0.55977919631233,-0.0535411391264584,-1.88070433932134,-1.3803110244103,29
89,7.40220303661804,0.517023792835117,-0.184399372879561,6.56624862834668,0,0,-0.120477721038075,1.72016150474583,-0.712194325896774,0.330192425834278,30
89,7.61893420660911,1.01627943344645,-0.557643413168556,6.56624862834668,0,0,0.872653047135962,1.30025367405051,-1.24979745064592,-0.893076958075127,31
89,7.78981839833284,2.19401374360272,-0.749420122042772,7.62003958349725,0,0,1.76151360537679,1.00910407360934,-1.5709060346379,-1.1556776167218,32
89,8.0357249181304,1.05696344545145,-1.4280640373665,7.62003958349725,0,0,0.624964231156215,0.983802885598433,-2.42519101262474,-1.61619572427536,33
89,8.3941649300387,-0.0300844503675823,-0.338327200070983,7.62003958349725,0,0,-0.662187316696836,1.23413879380352,-0.712360262027879,-0.497252898692186,34
89,8.54004167907115,0.649962760592556,-0.00595265279690398,7.62003958349725,0,0,0.536550307850992,2.05064305302102,-0.216896890716031,-0.893652718163498,35
89,8.7817802917535,1.59997173935851,-0.99030151436804,8.61797945311723,0,0,1.26469080770278,1.70897169529358,-1.44720801171115,-1.1292685035707,36
89,9.05686216135755,2.57557949592027,-2.6291369935592,8.61797945311723,0,0,2.24012867670792,2.12095368394236,-3.29761891099678,-2.49714327636998,37
89,9.34027984519202,2.74899452541015,-2.6682855798213,8.61797945311723,0,0,2.12541115233149,1.56079908812025,-2.465435929762,-2.54022200073515,38
89,9.59452217922001,2.4111354610729,-2.52376846466678,8.61797945311723,0,0,1.94872395965202,2.86643072690974,-3.50585554599963,-2.41088924656564,39
89,9.91961893420661,0.84885939572257,-0.851331504674898,8.61797945311723,0,0,0.277378384713047,0.449393828678758,-1.71894526458154,-1.90647215213026,40
89,10.1446859184281,3.08929266006104,-2.33499767423016,10.0859845562211,0,0,2.46352483906104,1.48539660717398,-3.44548683993921,-1.66855902837698,41
89,10.2655552247693,2.5498574019943,-1.92272761699501,10.0859845562211,0,0,1.98397762243039,1.00258543483736,-2.32993126318502,-2.08455874699355,42
89,10.690681750521,0.597836256487872,-0.529428281851255,10.0859845562211,0,0,0.047851156211313,2.125788625429,-1.66644776284798,-1.02108036756476,43
89,10.9365882703185,3.0719031406703,-1.20498960663425,10.7312793422777,0,0,2.20154350638126,2.14773551134149,-2.3441116241041,-1.34817391181325,44
89,11.140815718964,1.15632545246068,-1.50578929355818,10.7312793422777,0,0,0.532029791703436,1.15997096567058,-2.14528469474394,-2.37810193190829,45
89,11.3116999106877,0.543208766644239,-0.985194126622524,10.7312793422777,0,0,0.233154914025059,0.798680023763521,-1.7781728957555,-1.95474361838729,46
89,11.5492706162548,1.41567742307646,-0.258136992361558,10.7312793422777,0,0,0.901407684516352,0.274132142433768,-0.752045785075614,-1.39227035939474,47
89,11.9493896993153,1.86288215113802,-1.37471087079149,10.7312793422777,0,0,1.65291101315462,1.28825812731048,-2.51757379176927,-2.12398525231385,48
89,12.0452515629652,2.36268879911587,-2.11275041583381,10.7312793422777,0,0,1.88055583981952,1.89996905927103,-2.88026554893863,-3.09864166798277,49
89,12.3453408752605,3.09154438855197,-1.80736489990437,12.1241560330185,0,0,2.36957975456077,2.45594381428385,-2.45571724945929,-2.63855379956882,50
89,12.6996129800536,0.481458998849508,-0.462915912727874,12.1241560330185,0,0,-0.0370406277857182,1.43995436571132,-1.04410341731822,-1.35010482413571,51
89,12.9413515927359,2.11476362585862,-1.79215720389761,12.9277658066497,0,0,1.71010431076964,1.69255936207259,-2.85750066767256,-2.67024899395015,52
89,13.1955939267639,2.35121581527513,-0.873875424356574,12.9277658066497,0,0,1.56984124555462,1.90983405760073,-2.01852278053769,-1.12809818647916,53
89,13.3122953259899,1.98342121085344,-1.21247013815179,12.9277658066497,0,0,1.29854953939599,1.70770673106619,-1.96449274551689,-1.29334546407566,54
89,13.5456981244418,-0.679375409767548,-0.779325801006243,12.9277658066497,0,0,-1.08438001235897,-0.633340730931632,-1.63785972560521,-1.87505109188011,55
89,13.9874962786544,0.868343604453959,-0.784970275179921,13.6567711284384,0,0,0.443393705664451,0.814069940771708,-1.3652934496635,-1.71239081240964,56
90,0,-0.195880866516835,-1.32203964967423,-Inf,0,0,-0.934332433060469,0.134640206975444,-1.59013709005387,-1.39176529045871,0
90,0.220899077106282,0.107612295294081,-1.75164362615103,-Inf,0,0,-0.780027622374874,-0.296096176970132,-2.0022978583587,-2.68696353512428,1
90,0.470973504019053,1.30529854001973,-1.68556103492925,0.361044019390829,0,0,-0.0309081076033781,0.766268151091222,-1.56297446517217,-2.78245769827053,2
90,0.541827924977672,1.15606869832049,-0.74073916288403,0.361044019390829,0,0,0.0649204243125485,0.936712444354975,-0.960655333345698,-0.471046515444202,3
90,0.754391187853528,1.75346508285514,-1.07180373416964,0.709366506103498,0,0,0.567444034995193,1.35331019879339,-0.882629026758706,-1.9040468206089,4
90,1.1336707353379,0.523456376020381,-1.21121403400962,0.709366506103498,0,0,-0.484240991073773,0.580244630590046,-0.84608898698756,-1.25832310593764,5
90,1.47543911878535,1.30719809093868,-0.0474481758218586,0.709366506103498,0,0,0.0834366446399569,1.65926609264964,-0.311466677465978,-1.47052702812244,6
90,1.50461446859184,1.04073452111226,-0.27030730571377,0.709366506103498,0,0,0.1508370208769,1.14623749069202,-0.874978529817948,-1.3911417419643,7
90,1.92974099434355,1.48713979146308,-2.17536522184127,0.709366506103498,0,0,0.607894400634428,1.72156410039336,-2.24154083174624,-2.34298958309863,8
90,2.05894611491515,2.739779945892,-3.00181699324604,1.99644847840178,0,0,1.29393661634482,1.23688530039099,-3.06887154845264,-1.87532488545113,9
90,2.47573682643644,0.509040622727201,-0.68417172155102,1.99644847840178,0,0,-0.314238519860972,0.975030836927098,-0.8755181811316,-0.471124441044305,10
90,2.57993450431676,1.05237516979795,-0.368191497150205,1.99644847840178,0,0,-0.15015873269596,1.05427020166403,-0.42085275617402,-0.586941146080598,11
90,2.95087823757071,1.41339523046275,-1.17061968079217,2.88426503037962,0,0,0.217050245753192,1.68202687639782,-1.28024964139001,-1.61765483325824,12
90,3.15927359333135,0.481663218229383,-1.08775937418662,2.88426503037962,0,0,-0.708379676499148,1.3726189927717,-0.919280082926614,-2.17190135181008,13
90,3.31348615659422,-0.468984243661126,-0.315175791862178,2.88426503037962,0,0,-1.54939873720672,0.351380031552162,-0.557501615247884,-1.4253919589678,14
90,3.65942244715689,0.0944866868826262,-0.0901973803980248,2.88426503037962,0,0,-1.03731578450961,0.0128322042318917,-0.258608756448631,-0.561567402407166,15
90,3.76778803215243,-0.087676960457263,0.169862684708266,2.88426503037962,0,0,-1.22796630078742,0.00678647282230377,-0.227027936003297,0.394137875789457,16
90,4.17207502232807,0.307407674492555,-0.526193632688442,2.88426503037962,0,0,-0.696402443675357,1.84282002420065,-0.698339114375571,-0.0473046593620808,17
90,4.49300387019946,0.477621331721929,-0.457913353939054,4.28644103029958,0,0,-0.463467996702976,-0.66990436324561,-1.01120014481773,0.417604215147333,18
90,4.53051503423638,0.489644098051556,0.0244982361303229,4.28644103029958,0,0,-0.283819240491498,0.549038331430152,0.0262169192672778,-0.0480025585175352,19
90,4.83060434653171,-0.80171977402147,0.477365398768402,4.28644103029958,0,0,-1.77779830654261,0.199073186988989,0.423615781850551,-0.151855279958568,20
90,5.1515331944031,0.276429989653735,-1.7085180723056,4.94077927213198,0,0,-0.591041116823532,0.597660090718893,-1.34352128450327,-0.714630340134117,21
90,5.34325692170289,0.0674125234474676,-0.84222524414309,4.94077927213198,0,0,-0.673113360239184,0.312169139411159,-0.578675883116608,-0.864495464923293,22
90,5.72670437630247,1.63291781958746,-1.03853738224365,4.94077927213198,0,0,0.345164251069063,1.29387959477409,-1.11573591472436,-2.92976314681201,23
90,5.7683834474546,1.71328915139246,-0.603159225208712,4.94077927213198,0,0,0.189520989515254,2.50820188722997,-1.01496053847867,-1.13951251971682,24
90,6.10181601667163,0.22535213776523,-0.821621539844969,4.94077927213198,0,0,-0.827855120955777,0.187942650758552,-1.39920291581434,-1.13499296640581,25
90,6.30604346531706,0.391018527596106,-0.759562542372723,4.94077927213198,0,0,-0.439018944290398,0.26506481888211,-0.583004296890627,-1.27642830170584,26
90,6.71866626972313,0.957549365395289,-0.836601684202024,6.62689570119927,0,0,0.0962292603514268,1.01310267743646,-1.09947263116214,-1.08426073555717,27
90,6.88121464721643,0.914409083946842,-0.4871425775922,6.62689570119927,0,0,-0.100167946918436,1.5395793864724,-0.559060132496058,-1.35833441705505,28
90,7.00625186067282,0.971937031409338,-0.596284976364069,6.62689570119927,0,0,-0.198314873239299,0.885473175748399,-0.901536635231118,-0.916627271120667,29
90,7.49806490026794,-0.745991137773558,-0.700162808773719,7.14904870312804,0,0,-1.63804791194569,1.24832594711072,-1.14761543301817,-0.201449433260631,30
90,7.56475141411134,-1.00203537225026,-0.364426301176289,7.14904870312804,0,0,-1.64848905247455,0.020675950631721,-0.065788233471238,0.0014364777765058,31
90,7.81899374813933,-1.23932981799048,1.52267257260355,7.14904870312804,0,0,-2.01307185861195,-0.00362666449358695,1.67079958359999,0.102007165684443,32
90,8.01488538255433,-1.3529421696565,0.759373468144812,7.14904870312804,0,0,-2.55262045771459,-0.915557866021215,0.717560061990541,-0.00886994391639082,33
90,8.31080678773445,0.433178178057712,0.285970357276956,8.16912753706296,0,0,-0.43723756945103,1.21428941778535,0.86534841989865,0.0589220359104876,34
90,8.74426912771658,-0.470877409402133,0.589010985928109,8.16912753706296,0,0,-1.56924565989647,0.367121652921449,0.076305755476424,0.69443032417176,35
90,8.85680261982733,-0.91833821826138,-0.43069839173214,8.16912753706296,0,0,-1.61097566787698,0.343012243964638,-0.0431149397525193,-0.443337383440712,36
90,9.17773146769872,-0.857073191215568,0.0132172636687088,8.16912753706296,0,0,-1.52649106366672,-0.350142989027082,0.070331971657358,-1.90057648934062,37
90,9.32777612384638,-1.21376841435704,-0.296846301090166,8.16912753706296,0,0,-2.04175672964326,-0.0396170801378582,-0.185463681652713,-0.576936710033728,38
90,9.56534682941352,-0.910472217724193,-0.0533124999467743,8.16912753706296,0,0,-1.8320594637861,0.186959501114317,0.646888114113536,-0.94355053800846,39
90,9.99880916939565,0.95782266034883,-0.874385613919551,9.57701904883859,0,0,-0.0148930601772131,1.36423509241139,-0.862756104336798,-1.59361668050565,40
90,10.1780291753498,1.07520336344001,0.252016076407025,9.57701904883859,0,0,0.329477355367402,0.986597720373144,0.648457461614194,-0.0101841236514574,41
90,10.4656147662995,1.58804694915105,-1.07854031439909,10.4061515378354,0,0,0.60878493598834,1.42072712607258,-1.39495600920392,-1.58389906579499,42
90,10.632331050908,0.726072602113766,-1.66994060910452,10.4061515378354,0,0,-0.355496530699275,0.444872671911838,-1.18092429925936,-0.776908069796922,43
90,10.8407264066687,-0.776508328214827,-0.423866494855933,10.4061515378354,0,0,-1.62864440427412,-0.255118426401866,-0.239271004606988,-2.25608273852728,44
90,11.2075022328074,-1.03001110213039,-0.635750392615901,10.4061515378354,0,0,-1.83207190955128,1.46883317390455,-0.688937656924053,-1.65987250060657,45
90,11.2866924679964,0.263611499023003,-0.385506196104305,10.4061515378354,0,0,-0.68489320664111,0.838633881396732,-0.163637674187905,-1.39515604261802,46
90,11.5951175945222,-0.410130434017528,0.332917639397845,10.4061515378354,0,0,-1.79476326016747,0.582948959828013,-0.217609465953756,-0.145556305336909,47
90,11.9869008633522,-0.139849799047848,1.10075003951916,11.7257782725886,0,0,-1.11107598014741,0.146833591068802,1.42298647802955,0.316333413839724,48
90,12.199464126228,-1.06614608671344,0.870101889052149,11.7257782725886,0,0,-1.96274720896616,-0.450508726577915,0.661802511783417,0.308181426380893,49
90,12.4120273891039,-1.47707975784302,0.630718937960196,11.7257782725886,0,0,-2.15347055097478,-0.824109401197632,0.362332488517474,-0.388950697620323,50
90,12.5745757665972,-0.390995187438712,-0.387204501984139,12.4818846738682,0,0,-0.745122683856816,0.623312885367654,-0.878086668294471,-0.54484108612182,51
90,12.9121762429294,-1.90386316621034,0.934891292703086,12.4818846738682,0,0,-2.64735072861913,-0.363961517608537,0.521881312058392,-0.508390179314308,52
90,13.0497171777315,-1.81041513428322,1.47397413876659,12.4818846738682,0,0,-2.28358105608915,0.505515060245488,1.71063805849654,0.142526938287687,53
90,13.3081274188747,-0.840176882318147,0.924408984542343,12.4818846738682,0,0,-1.72301577600712,0.101682690585704,1.05698058066284,-0.152011237951593,54
90,13.5873771955939,-0.412256790611892,-0.0240333175411518,12.4818846738682,0,0,-1.52010998726943,-0.351006219604785,-0.326864219573814,-1.04813118101414,55
90,13.9124739505805,1.28314227358122,-0.309177628998255,13.7714366228785,0,0,-0.015367391421287,0.92252497749396,-0.462076385504447,-1.73975302423063,56
91,0,-0.360995596510849,-0.516613524383355,-Inf,0,0,-1.17506752584198,-0.311212351466702,0.802483357767589,1.25705617639548,0
91,0.225066984221495,-0.0412329015464248,-1.28763623059142,-Inf,0,0,-0.598290766727988,-0.150520322042232,0.250515495818958,1.01002522258142,1
91,0.370943733253945,2.08217066434656,-2.39869644717192,0.29177147175651,0,0,1.10714304913782,0.0419256331171046,-1.12037965758822,0.65896104576491,2
91,0.654361417088419,1.11259305836061,-0.0160179484736987,0.29177147175651,0,0,0.411885669235662,0.661460450984592,1.54419689983787,1.88972985781816,3
91,0.996129800535874,0.125173543731906,0.866577772528744,0.29177147175651,0,0,-0.0491552252440177,-0.223662247924228,2.17518938706454,2.72294479788388,4
91,1.23786841321822,-0.0318242524099094,0.309307550701114,0.29177147175651,0,0,-0.525128353169741,-0.667643282312784,1.51951267457915,2.23286894504763,5
91,1.35873771955939,1.19799498753906,-0.573337036739995,1.26467623107422,0,0,0.625115067204154,0.275184361196216,0.305800897197128,1.00837282406654,6
91,1.7171777314677,-1.31554721429618,0.909535143754685,1.26467623107422,0,0,-1.70537368570982,-1.28073935172554,2.29494631910854,2.4107266218889,7
91,1.85471866626972,-1.80056487196387,1.9395255061043,1.26467623107422,0,0,-1.48363554328376,-1.52526795923024,3.65011660159274,2.75467223096143,8
91,2.24650193509973,-0.603354769636728,0.43708564543924,2.12513587257932,0,0,-1.10664590747266,-0.572565298135273,1.75832790526558,2.36869210176735,9
91,2.41321821970825,-0.568941185576193,0.106480589398444,2.12513587257932,0,0,-0.621749026753181,-0.497985909658768,1.20163055550018,2.32900713081758,10
91,2.72997916046442,0.0800059204116521,-1.10840227663277,2.12513587257932,0,0,-0.241601905081009,-1.01891814254373,0.486834139971328,1.10899780790431,11
91,2.84668055969038,-0.755156148536599,0.0193353827040697,2.12513587257932,0,0,-1.20373361153855,-0.740008703871574,1.35594764896822,1.9198020918726,12
91,3.11759452217922,-1.03803446319059,-0.0314174648907902,2.12513587257932,0,0,-1.45664646022753,-0.0852191319688963,1.4056781335013,2.6841436059431,13
91,3.48437034831795,0.413144037774057,-0.13225399495609,3.16022492567471,0,0,0.130016407141204,-0.908653581262686,1.11937513544239,2.17539168715801,14
91,3.6635903542721,-0.717324401388487,-0.284615975279145,3.16022492567471,0,0,-0.899244258122719,-1.08877945323826,0.592487233155569,3.2516640238996,15
91,3.88032152426317,-1.03105923766979,1.27435658833634,3.16022492567471,0,0,-1.22951575274782,-0.658393038609488,2.38395347686061,3.11785912205377,16
91,4.16790711521286,-1.85444703162481,-0.591087682787624,3.16022492567471,0,0,-1.97526370232493,-2.14922798408378,0.66115058803206,1.51788932595646,17
91,4.33462339982138,0.720716943513429,-0.771467243822243,4.20409671167592,0,0,0.503869634249184,-0.47576962635994,0.887605184354022,1.22132925520395,18
91,4.57219410538851,-0.460487211303284,0.132537479668872,4.20409671167592,0,0,-1.16533119108896,0.47397803479088,1.78404112492951,2.63840165446967,19
91,4.84727597499256,-0.802802922209096,1.15350722236648,4.20409671167592,0,0,-0.642975296197941,-1.6726970214582,2.81514461974609,2.78439551849438,20
91,5.10151830902054,-0.444269516256549,1.68442887734778,4.20409671167592,0,0,-0.762319360441455,-0.828762250340122,2.97570769488751,3.02961593427605,21
91,5.28490622208991,-1.07889771009853,0.851430482931148,4.20409671167592,0,0,-1.36453695082576,-0.326929776123866,2.66231172013086,2.97785364316761,22
91,5.68919321226556,0.925700700994469,-0.486105172188733,5.668690622426,0,0,0.393908656963154,1.44992625179466,0.733426561588643,1.37688752465923,23
91,5.81423042572194,-0.0069789169136131,-0.623810197518709,5.668690622426,0,0,-0.479453336422231,-1.25060056336307,0.158086072230815,1.78176506364755,24
91,6.22685323012801,-1.73020657738319,1.60707186983163,5.668690622426,0,0,-1.87731478983544,-1.50613709589743,2.54072193234108,2.66585356901096,25
91,6.31021137243227,-0.525357572336308,1.2351132771074,5.668690622426,0,0,-1.24889121256927,-0.76773995873105,2.80038254421622,2.749460360925,26
91,6.56862161357547,1.24241631697977,0.556874987729277,6.48682738655569,0,0,0.897598032095081,0.253182045033358,1.87324351317245,2.69862671876732,27
91,6.93956534682941,-0.558517611577763,0.391869547452657,6.48682738655569,0,0,-1.05156957082313,-1.74436743013416,1.93735548257794,1.89534140658538,28
91,7.08544209586186,-0.0788021310536672,0.630017456813316,6.48682738655569,0,0,-0.575707571181796,-0.580016032878238,1.46126415312696,3.01912285851021,29
91,7.28550163739208,1.30608399247408,-1.60370831918081,7.26167884558583,0,0,0.836580198220607,-0.365117298319497,0.0166109040923323,0.0960367632408996,30
91,7.51473652872879,0.845453482023916,-0.495964761742244,7.26167884558583,0,0,0.517802951656697,0.662553618935335,0.104580007541149,1.91634261765061,31
91,7.94403096159571,-0.830322706627805,0.679763709820312,7.26167884558583,0,0,-1.09030272324759,-0.475560953373497,1.69671974650827,2.92431828288088,32
91,8.24412027389104,-1.44945325769429,1.35712370696951,7.26167884558583,0,0,-1.7166443197734,-0.399584607339459,2.85321791716015,2.230486735024,33
91,8.44001190830604,-1.9028230491695,2.30604136296675,7.26167884558583,0,0,-2.33286275907485,-1.31538948236565,3.70714132047096,4.01038835257597,34
91,8.5233700506103,-2.01893668179849,1.96982625303664,7.26167884558583,0,0,-2.05805931413848,-1.75981135901645,3.04175617792691,3.14192609993789,35
91,8.99434355462935,-0.896873204559228,0.725423330904592,8.57840913930872,0,0,-1.17252469211978,-0.719396902746802,1.72639540829444,2.18158667739113,36
91,9.05269425424233,-0.901411836958256,0.650358375713484,8.57840913930872,0,0,-0.885510390555957,-1.27394729468697,1.98052278318905,2.51415377032251,37
91,9.45698124441798,-0.623629570454235,0.246320284842234,8.57840913930872,0,0,-1.02393222242016,-1.31263670097754,1.49926954644441,2.47176808837538,38
91,9.61952962191128,-0.61010912334578,1.03103315543863,8.57840913930872,0,0,-0.9698091650884,-0.0178067766685747,2.49516536050397,2.92274961052213,39
91,9.82792497767193,-0.373578986486016,1.12426150018067,8.57840913930872,0,0,-1.20087567714556,0.120052201814126,2.59482139586805,2.4625276507762,40
91,10.1863649895802,-0.525327457230705,0.294080654116422,10.0283839072405,0,0,-0.428547997507745,-0.327931098757989,1.71293597591178,3.29291062941752,41
91,10.4781184876451,-0.604879258973602,1.37507267316831,10.0283839072405,0,0,-1.22946189668446,-1.37572877591064,2.11923813285565,3.31606801941536,42
91,10.6698422149449,-0.537148879078584,1.39318267902352,10.0283839072405,0,0,-0.411441383846608,-0.921892334773676,2.78831385273122,3.34050432983932,43
91,10.8323905924382,0.984394971227363,-0.714457097525592,10.752912598714,0,0,0.37061216091359,-0.555455156428937,0.652587443283455,2.6222647820342,44
91,11.199166418577,-0.0148100156488889,-0.160604319959923,10.752912598714,0,0,-0.517308601246874,-0.61893808318236,1.19261850763944,2.19529426244524,45
91,11.3408752604942,-0.572500052827554,0.663302969658639,10.752912598714,0,0,-1.16715759866851,-0.968180157216513,1.60512085403581,2.82939888122212,46
91,11.6743078297112,-0.966524460543258,0.425213659353964,10.752912598714,0,0,-1.34977191784507,-1.60533210759155,1.90502104994025,3.12791215632269,47
91,11.9577255135457,0.515050166683704,-0.235353730764745,10.752912598714,0,0,-0.0312532412836563,-0.0158871497108865,0.843755768257063,2.59213918542341,48
91,12.0369157487347,-0.277558458996817,-0.0688163190722259,10.752912598714,0,0,-1.00114124625388,-0.901113426715954,1.4146722191107,1.64237373520808,49
91,12.4286990175648,0.136118819091997,-0.952703552165234,12.1569343771123,0,0,-0.287302171295105,-1.81123447421946,0.173797734781483,2.44711709805247,50
91,12.5370646025603,0.0257499214746271,-0.0186426920504824,12.1569343771123,0,0,-0.418194876387676,-0.298439879111277,1.53646660064823,2.18653762673441,51
91,12.8038106579339,0.631597180454868,-1.07692091155757,12.6620158975496,0,0,-0.02460916002052,-0.802591429014296,0.254897927142297,1.00060308176103,52
91,13.2247692765704,-2.26092323083764,1.83537814559038,12.6620158975496,0,0,-2.45727491910945,-1.48560202223021,3.0690370499599,3.71398088694829,53
91,13.3289669544507,-3.18040643726702,1.38504500157264,12.6620158975496,0,0,-3.34749063658581,-1.1808059848454,2.98299782387266,4.64026561510053,54
91,13.5081869604049,-1.89821618427095,0.643472445685007,12.6620158975496,0,0,-1.96866142181503,-1.03461696239212,1.86760482128247,1.35777048006336,55
91,13.8791306936588,0.381588380128258,-0.592145382448974,13.7566184710478,0,0,0.262037322134492,0.627401153330035,0.577146537312287,0.77762263771342,56
92,0,0.187077654051975,-1.11693605613007,-Inf,0,0,0.757929359622643,-0.15300652819495,-1.47454398020757,0.612244909233268,0
92,0.108365584995534,2.02120107708857,-1.85797591652262,0.0603197859367356,0,0,2.38882995622224,1.97749205646424,-1.93848458008572,0.0609463981882787,1
92,0.46680559690384,-0.239477781347545,0.220413347775184,0.0603197859367356,0,0,-0.255121661282393,-1.24939262501497,0.0850178507347424,1.74846659829871,2
92,0.600178624590652,-0.0373521023262457,0.275813012283069,0.0603197859367356,0,0,0.961249966336454,1.08501473217039,0.260286366687131,2.32770222384287,3
92,0.858588865733849,-0.145452346916538,-0.0393563061477821,0.0603197859367356,0,0,0.310530115438195,0.543318397491564,0.152769469912177,2.77140230371743,4
92,1.10449538553141,-0.634629310522122,0.357839590344034,0.89559600543983,0,0,-0.260972237526095,-0.296092147073642,0.465629866778611,1.82870044193567,5
92,1.3920809764811,-1.0334287364498,0.578640910409411,0.89559600543983,0,0,-0.53166729321364,-0.471162691447608,0.849699360718669,3.30866046840975,6
92,1.72134563858291,-1.6877539660848,0.863371276532973,0.89559600543983,0,0,-1.37778380050584,-0.969572683023674,0.947946095223636,2.72428000334994,7
92,1.99225960107175,0.278555323780265,0.411992478865599,1.97445521796695,0,0,0.653465100307813,-0.37646574754338,0.290790697497221,1.21829016572355,8
92,2.09228937183686,-0.134985676315234,0.766813439929368,1.97445521796695,0,0,0.149946959196344,-0.9712319614753,1.47055303633376,2.13016407345293,9
92,2.43822566239952,-1.4315637074209,0.76847864169419,1.97445521796695,0,0,-0.501941875573397,-0.7213228262793,0.393779956823829,2.19384352228085,10
92,2.68413218219708,-0.287470429760518,1.40150064217305,1.97445521796695,0,0,0.369201359726879,-1.26581752409488,1.69342188961103,3.43215165581704,11
92,2.90086335218815,-0.48737711898415,1.00547924305998,1.97445521796695,0,0,-0.116930243874814,-1.44527994007885,1.08486681842422,1.94095210430871,12
92,3.13843405775528,-1.09612605710444,2.16116974689371,1.97445521796695,0,0,-0.684071055754869,-0.238420685065286,2.73348335073162,3.5683882189137,13
92,3.41768383447455,-0.595409827156772,1.80741361281017,1.97445521796695,0,0,-0.240828226034971,-0.274127803429978,1.69290447995483,2.10721541553728,14
92,3.55105686216136,-0.817114226581946,0.939237851822632,1.97445521796695,0,0,-0.507655234766012,-1.0261096907019,1.37783245876675,1.66776225446836,15
92,3.76778803215243,-0.228230513816488,-0.547825962644917,3.67454772961254,0,0,0.139740102979968,-0.90573642614118,-0.0479519524328023,1.81363031247803,16
92,4.19291455790414,-1.14196582609822,0.39210841692052,3.67454772961254,0,0,-0.572666957214697,-0.590661013688128,0.357108781983297,1.44806104660576,17
92,4.3096159571301,-1.04253792600737,1.54888040711522,3.67454772961254,0,0,-0.120717257598627,-0.508102421764941,1.58665652157492,3.01178907111768,18
92,4.53051503423638,1.31607948508436,0.190482575251755,4.46539304320915,0,0,1.7395458242914,0.330288172515489,0.364530909043857,2.05277481433412,19
92,4.88478713902947,-0.862626300300777,1.58165768095549,4.46539304320915,0,0,-0.082611800744431,-0.410267571643286,1.1301558062529,2.03452547079257,20
92,5.02649598094671,-1.40960189280307,1.69289405614968,4.46539304320915,0,0,-0.839949036618254,-1.3529219890873,2.22961836065491,3.4367004112312,21
92,5.37660017862459,-1.5951738574351,0.121726476838627,4.46539304320915,0,0,-1.08048468392034,-0.28781537002421,-0.0865400944561899,2.36576229175891,22
92,5.73920809764811,-1.05574162321885,1.1758321330956,4.46539304320915,0,0,-0.0342571911493456,0.35196899021296,0.938417875347982,2.12717930867318,23
92,5.96844298898482,0.353563378160924,0.272165265712288,5.74464902990999,0,0,0.757176126778806,1.1803582483273,0.331692611903354,1.10386053910308,24
92,6.12682345936291,0.294843927908539,0.790206718384324,5.74464902990999,0,0,0.608992692321776,0.53558889842549,1.25938066083582,1.89765815684862,25
92,6.46442393569515,0.033168720263787,-0.148339484312394,5.74464902990999,0,0,0.47791450136348,0.179710487340399,-0.483869970478014,2.04610932046367,26
92,6.64781184876451,-0.547310771129988,0.280156541433889,5.74464902990999,0,0,0.179721563694082,-0.499125967186194,0.513909053043947,2.21489153219038,27
92,6.77701696933611,0.509374753545054,-1.2285339252393,6.70276473768843,0,0,1.11658423895837,0.657502195431079,-1.427914606084,0.583661705533015,28
92,7.14796070259006,-1.58725001085805,0.466044488443005,6.70276473768843,0,0,-1.06885227516436,-1.68743916056807,0.489578118283515,2.2114950256829,29
92,7.43971420065496,-1.15859962657306,0.766595285123923,6.70276473768843,0,0,-0.781660280155192,-0.268305303553826,1.16149782722164,1.73187511923935,30
92,7.63560583506996,-0.126630647866286,0.163564522254822,7.45495637234909,0,0,0.283028222343313,0.322413471801338,-0.18870166258874,1.60896810309605,31
92,7.95236677582614,-0.0519995586504211,0.532765727234622,7.45495637234909,0,0,0.198848817988516,-0.305130249907272,0.686309331009906,2.08123461509381,32
92,8.20244120273891,0.553534886862543,0.279275960338746,7.45495637234909,0,0,0.903365717477195,0.706636363089303,0.597777187274247,0.828312291004543,33
92,8.31497469484966,1.70851967682309,-0.418881505486826,8.23600652768241,0,0,1.88979971439759,0.704802880909136,0.014725626821799,1.92520058109973,34
92,8.6859184281036,-0.666923045593947,-1.22076187865738,8.23600652768241,0,0,-0.37216053364072,-1.81355686290984,-1.25415351883483,1.41103338700364,35
92,8.89431378386424,-1.18640080830595,1.05671696145162,8.23600652768241,0,0,-0.77397274995773,-0.288749788609333,1.28216802751099,2.40999165728278,36
92,9.12771658231617,-0.204163468871922,1.78105367274343,8.23600652768241,0,0,0.547907723201419,-1.18956432318809,1.36765396833399,2.49889178104164,37
92,9.32777612384638,0.637260056555658,0.770268476583598,8.23600652768241,0,0,1.03372890703193,0.900462185404125,0.645959938257753,2.58808980401503,38
92,9.66120869306341,-0.694246093626376,0.215678464197819,8.23600652768241,0,0,-0.0711140048043134,-0.567793005836718,0.528367935678223,3.0431709446953,39
92,9.84876451324799,1.39275828144802,-1.59358775224711,9.71409911295184,0,0,1.76956038772495,0.148393370386888,-1.64723478878984,0.650787029633934,40
92,10.1363501041977,0.49362057062936,-1.68750444195111,9.71409911295184,0,0,0.625474419988399,0.367044209906205,-1.64899066573739,0.765582542132499,41
92,10.3447454599583,0.545296414635129,-0.157231769522822,9.71409911295184,0,0,0.943100083416311,-1.39103294484605,0.304534362055997,1.81417272603501,42
92,10.5031259303364,0.630880729786281,-0.408856648177563,9.71409911295184,0,0,0.752508934902135,0.665217468240882,-0.670636406341397,1.33723320293374,43
92,10.8573980351295,1.5569537453393,-1.81535579561182,10.5454347931601,0,0,1.70497351702843,0.663456389592576,-1.96820141251195,-0.373368199028975,44
92,11.0157785055076,1.61380795516695,-0.905350568582952,10.5454347931601,0,0,2.15280688677716,-0.101761427732722,-1.24835506175891,1.0282165583387,45
92,11.3783864245311,0.215217370461532,-0.479079359327921,10.5454347931601,0,0,0.646389760132427,-0.672152481058258,-0.508214760578804,2.10916325076799,46
92,11.6743078297112,-0.272599565211524,-1.11126579336793,10.5454347931601,0,0,0.179413856011319,-0.0176983280666667,-1.62401698248555,-0.241227204507953,47
92,11.7660017862459,-0.0633536900073627,-0.698863490271279,10.5454347931601,0,0,0.438094080393052,0.881942612769082,-0.927813838278596,2.53544635661565,48
92,12.2119678475737,0.873942798053422,-1.02591342646811,11.9326830440935,0,0,1.26203063281003,0.931185023402961,-0.804401103892388,0.788085670331694,49
92,12.257814825841,0.433725621700753,-0.693699339731269,11.9326830440935,0,0,0.641133613951112,0.138092823459881,-0.720242651884618,2.44422494299074,50
92,12.6412622804406,0.449552155478721,-0.72589700204558,11.9326830440935,0,0,1.20333912144765,-0.252970026671838,-0.427258859897774,1.69574856897582,51
92,12.9788627567729,0.913864594269471,-1.84468694540191,12.7886047875527,0,0,1.44462212046336,-0.847713966212647,-1.10369326200356,-0.482084588143921,52
92,13.1414111342662,1.00767092583411,-0.354673530982657,12.7886047875527,0,0,1.58839643408149,1.00958289880506,-0.46110112459535,1.10364080642717,53
92,13.470675796368,0.744047238384181,-0.363506878069306,12.7886047875527,0,0,1.08151023963441,-0.978265951389636,-0.31050657849131,0.876412990333595,54
92,13.5415302173266,0.371854136487442,-0.562869484021463,12.7886047875527,0,0,1.08165858626931,0.760238698087782,-0.408481311361989,1.07970952043169,55
92,13.9833283715391,0.354589982005615,-0.566403758072951,13.8654272163636,0,0,1.107612464732,0.167291556892766,-0.592495620044261,0.777273007538344,56
93,0,-1.3420473862612,1.46408442179358,-Inf,0,0,-1.14768686730382,-1.7931530107248,2.13275777881858,3.17715795043561,0
93,0.150044656147663,0.758371286938217,0.0570120461640864,0.136347745300736,0,0,0.594168477222604,0.678457399871926,1.18297954800411,-0.195011814997402,1
93,0.433462339982138,0.132099676431446,0.656176966655689,0.136347745300736,0,0,0.356135017580629,0.631953309483815,1.63230003753987,1.9045029041533,2
93,0.683536766894909,-1.20423255641749,1.17729939245395,0.136347745300736,0,0,-0.770393902073955,0.282016517433946,2.8428532229164,2.47602313627546,3
93,0.916939565346829,-0.975353482776402,0.710179249353867,0.136347745300736,0,0,-0.715809669267881,-0.58813731377354,1.59047827753285,1.27290702143173,4
93,1.11699910687705,0.170021679224986,0.50399633813553,0.136347745300736,0,0,0.61363699864096,1.41503586692662,1.72044102602429,2.53174735308863,5
93,1.32539446263769,-0.15169421084273,0.0966454740746713,0.136347745300736,0,0,0.321872048687492,-0.196306379906966,1.52942420462951,1.04700233515213,6
93,1.60047633224174,1.66537394888383,-1.26011617018531,1.45596852083511,0,0,1.39413438480488,2.09006782857533,0.159773372365631,0.00646201690262077,7
93,1.93807680857398,0.886689241829705,-0.593161571275878,1.85589201952904,0,0,0.942380655448133,1.37381567727473,0.926508101680022,0.032963355234186,8
93,2.21315867817803,-0.536300199855328,-1.19335980240443,1.85589201952904,0,0,-0.172160941587741,1.13682410739796,-0.214275936189067,0.538754046113904,9
93,2.47573682643644,-0.583087613845453,0.0531389817321621,1.85589201952904,0,0,-0.325615050697755,0.797661689918501,1.29646355675268,2.36851556223546,10
93,2.53408752604942,-0.48470962589823,0.165479714313827,1.85589201952904,0,0,0.0714000176500989,0.350444720290034,1.33585846639675,1.43531369154981,11
93,2.95921405180113,-0.0480659699582756,-0.156630965185745,1.85589201952904,0,0,0.112545778286289,0.273873039381475,1.23421045378307,1.49186188812085,12
93,3.22179220005954,1.28312412173119,-1.88011332188904,2.99488285746819,0,0,1.50716913068587,0.856274818430176,-0.995719579907113,-0.710028371162159,13
93,3.33432569217029,0.606803460896719,-1.86212368850482,2.99488285746819,0,0,0.673112873179966,0.949897523239854,-0.652026205890571,0.624256996813785,14
93,3.6927657040786,-0.653938573427662,0.309363357400643,2.99488285746819,0,0,-0.414376956393687,-0.0472434173905717,1.47342149953674,1.49510857726746,15
93,3.95951175945222,-0.780453851779341,0.356848999117268,2.99488285746819,0,0,-0.487435208080605,-0.754599113310341,0.728851344461063,1.07785448614781,16
93,4.21792200059542,-0.462562281183081,-0.198278818773886,4.03526751819747,0,0,-0.150303491384221,-0.439158558042116,0.539626344916673,2.10398009766818,17
93,4.37213456385829,-0.961510579431383,0.749206401279733,4.03526751819747,0,0,-0.290288012755545,-0.64653245896934,1.62666191518639,1.59321069273897,18
93,4.72640666865138,-2.85265750079796,1.76385796257821,4.03526751819747,0,0,-2.285284445683,-1.48172174673261,3.11664871856729,2.86741653859317,19
93,4.93480202441203,-1.93028103436321,1.78152737612607,4.03526751819747,0,0,-1.40162169962012,-0.23716448002657,2.75278343848962,3.61976744165495,20
93,5.01816016671629,-1.5193812446324,1.95810166608366,4.03526751819747,0,0,-1.19546679119769,-0.047281078330773,3.18232069610011,3.87780293868797,21
93,5.41411134266151,2.67222758984465,0.126711290004004,5.32158726285247,0,0,2.75500317288705,1.83049505070678,1.22386573375388,1.40633566220532,22
93,5.57665972015481,1.62217693028376,0.0177994371962923,5.32158726285247,0,0,1.63119820700836,0.224287767413033,1.20967820786782,1.86156995403942,23
93,5.80589461149152,1.15294257912185,-0.196698053125905,5.32158726285247,0,0,1.1012119411335,0.852329461968811,0.544263404128741,1.5128043938258,24
93,6.15183090205418,1.16987591203672,-1.2440911610561,5.32158726285247,0,0,1.01031605116664,1.31370679092444,0.0548951604808769,-0.494652532931606,25
93,6.33105090800834,-0.264809186910323,0.332462059226255,5.32158726285247,0,0,0.0309218007114334,0.875399115567548,1.33548632527675,1.24319646675275,26
93,6.54361417088419,3.24728324019653,-0.63162180810596,6.53341545591919,0,0,2.9304471519589,2.70195427946444,0.799573554226173,0.0435083859601578,27
93,6.98958023221197,0.523850362602521,0.0523480242472179,6.53341545591919,0,0,0.828426632299431,1.35714563438853,1.11030568296536,1.87544157895506,28
93,7.01458767490324,0.116831265285421,0.203261506834119,6.53341545591919,0,0,0.13986152916489,0.0405811020635322,1.27184875593782,1.97409682697819,29
93,7.2604941947008,0.154012496985558,0.491379371397963,6.53341545591919,0,0,0.072314960653234,0.505232385847563,1.88108545262092,1.00558303337098,30
93,7.50223280738315,1.53839497628682,0.278596640237959,7.37185772309223,0,0,1.74585568804819,1.51809907246046,1.45753296961869,2.7017567472005,31
93,7.85233700506103,-0.497970857227574,0.613464279425638,7.37185772309223,0,0,-0.548914592634232,1.3215683528107,1.53886068963737,2.03473548960239,32
93,8.03155701101518,-0.174519058120924,0.81692029646736,7.37185772309223,0,0,0.00539740169501441,0.3205502087774,2.28399390510835,2.07247632228051,33
93,8.29830306638881,-0.766290569024858,-0.639209654190401,7.37185772309223,0,0,-0.151229247082742,0.963049321384833,0.789698555436977,0.728569269063247,34
93,8.67758261387318,0.469067124070201,-0.269557210052931,7.37185772309223,0,0,0.69055314046688,1.45561725832498,1.00092116929327,1.31199416096374,35
93,8.89014587674903,0.631075469722696,-0.661671076291481,7.37185772309223,0,0,0.646158794997239,0.743259481719963,0.490390101804197,0.475644989739023,36
93,9.10270913962489,1.60943804071447,-0.437837107417821,8.90173448923474,0,0,1.39017948993733,1.70456080701348,0.824894812762994,1.50566418211989,37
93,9.41947008038107,0.420328608864674,0.316163471316839,8.90173448923474,0,0,0.842711364773369,0.348773150754025,1.36218182705177,1.42427210173372,38
93,9.6903840428699,2.35867940668769,-1.02550537298371,9.51180832600937,0,0,2.02039910055151,1.95928503135909,0.400053032781164,0.0915387802463468,39
93,9.90711521286097,1.5376052162154,-0.432246570508676,9.51180832600937,0,0,1.69860841273304,1.15735307518922,0.952598230990547,1.05604126585463,40
93,10.182197082465,0.892973123012308,-0.292710481408555,9.51180832600937,0,0,0.904496044182361,1.34018007391577,0.801579841634703,0.548645858766739,41
93,10.319738017267,0.292086645679238,-0.790352666158307,9.51180832600937,0,0,1.07509190100539,0.89093247555258,0.42610463607546,-0.459361656041257,42
93,10.6740101220601,1.69040571230704,-1.89679251870206,10.5092762651441,0,0,1.7198299502232,1.4476768710539,-0.166370910052505,0.33698569093097,43
93,10.8990771062816,1.23886557101237,-0.279304692492089,10.5092762651441,0,0,1.89680642092281,1.8557210349801,0.933934380994839,2.43456155266062,44
93,11.0449538553141,1.24333410772012,-1.13059982459724,10.5092762651441,0,0,1.00619434319925,1.69412412663726,-0.190725259119197,0.132726761046237,45
93,11.3492110747246,0.0162429991971943,-0.200943009597898,10.5092762651441,0,0,0.12925889119023,1.1294069594142,0.608974297413989,-0.657807114553645,46
93,11.6784757368264,3.08924391534737,-1.79814189413336,11.6475513830584,0,0,2.75362529138076,1.16524048612541,-0.379704090223447,-0.775220249475557,47
93,11.8576957427806,2.29874344520407,-1.56137224677022,11.6475513830584,0,0,2.44763545739475,0.795066966224649,-0.136629212428361,0.0227101612087278,48
93,12.1244417981542,-0.602959299514117,-0.291189659317458,11.6475513830584,0,0,-0.985504355071246,1.50443109585217,1.16154452965325,0.726124630133796,49
93,12.453706460256,-0.854954940935852,1.2967301355787,11.6475513830584,0,0,-0.439880285284666,-1.24054706977318,2.32327129938767,2.18627824362239,50
93,12.5454004167907,-0.110888377109708,1.01419623177484,11.6475513830584,0,0,-0.267079476931458,0.475773438554541,2.5601241528914,1.58195937062363,51
93,12.8996725215838,2.26213850580668,0.316668259431549,12.6762372838584,0,0,2.05776569312641,2.28596319238653,1.21192908206076,0.450162142358092,52
93,13.2497767192617,0.260439654722631,-0.793364808081499,12.6762372838584,0,0,-0.0690272826585263,-0.097957198224983,0.240812594762973,0.67613745038403,53
93,13.2581125334921,0.296305604071207,-0.555927316381783,12.6762372838584,0,0,0.595681628769199,0.262615857600479,0.877819545005657,0.295060600200744,54
93,13.7332539446264,-0.0666767204377373,-0.269096556609262,12.6762372838584,0,0,0.222419091867357,0.10743868329075,0.755027799949819,0.998513094955661,55
93,13.8291158082763,0.701873733124039,-0.494512627260321,12.6762372838584,0,0,1.31585313647794,0.749652225752987,0.811995460964764,0.0284371096891796,56
94,0,-0.931104765005737,0.63656598262689,-Inf,0,0,-1.14900414806329,0.364465012081043,1.07047054741578,1.58671795120534,0
94,0.0750223280738315,-1.06752959364359,1.14562876896748,-Inf,0,0,-1.59397135929092,-0.162764887864969,1.20863275658032,0.217211654857895,1
94,0.295921405180113,-0.684762747661637,1.5862340178332,-Inf,0,0,-0.779913976707072,-1.28542807681586,1.02369911095829,2.39860687344931,2
94,0.566835367668949,0.482998087052273,-0.128990517444283,0.312959564162884,0,0,0.431834687042682,-0.704809928592041,0.316590529854264,-0.615693769723635,3
94,0.979458172075022,0.0300478427428748,0.412315257090831,0.312959564162884,0,0,0.0696379117379736,-0.520241698331628,0.641834277586604,-0.29572371118628,4
94,1.16284608514439,-1.2034323692015,0.681656362938535,0.312959564162884,0,0,-1.51427830881443,-0.607051877808032,0.421038436980695,0.987636098161079,5
94,1.46293539743971,0.368207302479106,0.712987982331001,1.32848591753103,0,0,0.375185580924358,-0.318696233328684,1.45310904722408,0.951962186307206,6
94,1.7171777314677,0.0326789005672578,0.74180156486607,1.32848591753103,0,0,-0.15572720307278,-0.464378942755288,0.811552309930558,0.731179418899666,7
94,1.88389401607621,1.83225084416883,0.0214046113267076,1.82443513800032,0,0,1.05625756162681,0.877037163427017,0.019485450781585,-1.20547686798823,8
94,2.20899077106282,1.65864367733961,-0.276328059686682,1.82443513800032,0,0,0.991554722869704,0.100385698906473,0.122330125825844,1.25811053120869,9
94,2.27984519202144,1.00753050210055,-0.813794970597417,1.82443513800032,0,0,0.719443114384034,-0.129517054819052,-0.736112052954339,-0.273631153320033,10
94,2.52991961893421,0.0887062577926432,-1.00219810913063,1.82443513800032,0,0,0.0503363707989481,1.01665112094301,-1.24549566352,-0.950535746435018,11
94,2.94671033045549,2.58226256261966,-1.41617029999534,2.7999607811861,0,0,2.14841463761517,1.82689751294928,-0.835621443850272,-0.353897195328066,12
94,3.10509080083358,1.84936110346626,-2.23073030193982,2.7999607811861,0,0,1.44060485168825,0.303096480149525,-1.44577407503858,-1.31416994415299,13
94,3.45102709139625,2.36480073391729,-1.77722233705954,2.7999607811861,0,0,1.93856230179353,-0.370508605497184,-1.58542857906558,-2.05260232293536,14
94,3.69693361119381,1.51193887208591,-1.90609949775164,2.7999607811861,0,0,1.11100777354894,0.342473387712033,-1.9768542938216,-1.28741438102759,15
94,3.89282524560881,1.5175117520456,-0.733225945937247,2.7999607811861,0,0,0.883977246001942,1.14018493049807,-0.797204573638364,0.2554300931586,16
94,4.22625781482584,1.82606565407581,-0.879147750307545,2.7999607811861,0,0,1.5265060859868,0.873736815378103,-0.622719794368063,-1.4843142244472,17
94,4.43465317058648,0.743341369708351,-1.10816994984513,2.7999607811861,0,0,0.52310348271415,-0.162163629729235,-0.691672505873712,-1.06404419968677,18
94,4.73474248288181,2.09468420839292,-2.60497315741132,4.50720664348203,0,0,1.6250147956008,-0.0784939384637299,-1.99123660346193,-1.51131728501911,19
94,4.98481690979458,1.33264831873411,-1.50606446698218,4.50720664348203,0,0,0.924597456810236,0.367110606189988,-1.6411348132047,-1.61074718055573,20
94,5.0890145876749,1.12701144091516,-0.711108961834055,4.50720664348203,0,0,0.506881873243729,-0.0498944713371911,-0.162730623399262,-0.0224563293232899,21
94,5.34325692170289,0.899153343744424,-0.608513161018303,4.50720664348203,0,0,0.473850749354786,0.608037439574759,-0.408603241601067,0.573225180623981,22
94,5.5724918130396,1.82492476004573,-0.718719617142489,5.34389811276028,0,0,1.12505260805563,0.44117422530152,-1.03186127233358,-2.25223433933227,23
94,5.80589461149152,0.0441145140837822,-1.04179301710273,5.34389811276028,0,0,-0.276739107840672,-0.704769731360532,-0.82074325629906,-0.476870024632451,24
94,6.0267936885978,-1.02529681578054,0.100473930979753,5.34389811276028,0,0,-1.22419923788714,0.0311268964856286,0.333496634393739,-1.67894061409376,25
94,6.36022625781483,1.06885412620743,-0.55291157649846,6.03560361381477,0,0,0.703580598855729,0.0482831757608594,-0.520591024508457,-0.799769254643122,26
94,6.51860672819291,1.37428657657305,-0.551511523161992,6.03560361381477,0,0,1.07832057396966,-0.855164563387052,-0.565940336146697,-0.327665434110961,27
94,6.80202441202739,0.542916240762659,-0.681754348812101,6.03560361381477,0,0,0.327835201455739,0.382755550765133,-0.786010440320076,-0.542503177150248,28
94,7.11878535278357,1.17063868769444,0.2099918629132,6.03560361381477,0,0,1.13888337826016,0.0688929917934325,0.211364764402073,0.139793011851377,29
94,7.34385233700506,0.67729651113874,-0.751805008368362,6.03560361381477,0,0,0.627877744232696,0.347161016484561,-0.606206406121432,-0.15791741944762,30
94,7.54807978565049,1.05734217986321,-1.1869060528469,6.03560361381477,0,0,0.798616610019444,-0.0953873429642743,-1.10621943090873,0.0602770822829385,31
94,7.91485561178922,2.52486616447556,-2.16857423466608,7.75008649114663,0,0,2.3537382571214,1.73570125792131,-1.84988495084816,-1.7653230196923,32
94,8.08157189639774,1.68933877424731,-1.93378395731491,7.75008649114663,0,0,1.33107699768617,0.180816952592309,-1.90078955822812,-1.18897838615673,33
94,8.28579934504317,0.662762221775979,-1.47920856766406,7.75008649114663,0,0,0.102124019265953,0.110969816789825,-1.03367234283692,-0.391768586209617,34
94,8.71509377791009,2.21355218582359,-2.35083396267624,8.55519952537456,0,0,1.91914410563196,0.80029768729838,-2.48810161766494,-1.55672186865777,35
94,8.76510866329265,1.9121644871405,-1.8870914340926,8.55519952537456,0,0,0.997992968558097,0.130544040742155,-1.64186721221994,-0.471310344855641,36
94,9.15689193212266,0.913756093392772,-0.549938157339453,8.55519952537456,0,0,0.497099246867725,0.106722716630204,-0.744864549756801,-0.703794587434221,37
94,9.46948496576362,-0.303002660387752,0.148974881445001,8.55519952537456,0,0,-0.880862754129381,-0.702892929927632,0.718038809175635,0.582217464799976,38
94,9.66537660017863,2.04899966160543,-0.294360630429655,9.54792019888544,0,0,1.63543096525802,0.857752458324565,-0.585322050600698,-0.403339260844302,39
94,9.91961893420661,1.47753946916598,-1.58005257741945,9.54792019888544,0,0,1.29642365444003,1.647472165082,-1.51787975983703,-1.3189485127144,40
94,10.2155403393867,-0.176222440594248,-0.929778486057079,9.54792019888544,0,0,-0.673480812261938,-1.01441134393151,-0.382198699830325,-0.602712458201525,41
94,10.4447752307234,2.62538492746672,-0.83013152339815,10.3405647854374,0,0,2.04711651312764,0.32892927634066,-0.282702569328606,-0.31993228515707,42
94,10.5114617445668,2.48386089194947,-0.592790540521715,10.3405647854374,0,0,2.15655167167182,0.114431088247714,-1.33275075031729,-1.16213693416996,43
94,10.886573384936,1.12296160644691,-0.754323940689959,10.3405647854374,0,0,0.84462817362654,1.25487494310946,-0.866278597880556,-0.687185834634443,44
94,11.2158380470378,1.43404165920714,-1.41742244537048,10.3405647854374,0,0,0.980324388345168,-0.0899693715668357,-0.793392148433616,-1.25681179772688,45
94,11.2991961893421,0.855486684477275,-0.545913826842641,10.3405647854374,0,0,0.0910960270715893,-0.200412768773168,-0.26145468755379,0.866101135585235,46
94,11.7451622506698,0.255344485190115,-0.490080377342932,10.3405647854374,0,0,-0.238145509270508,0.456885518409642,-0.270340546314874,0.0353929059291946,47
94,11.8993748139327,0.916487972479658,-0.413666034224515,10.3405647854374,0,0,0.351758891968686,0.526119860665248,-0.0572142964071233,1.30103057731021,48
94,12.0452515629652,-1.10355702996162,-0.523638720513653,10.3405647854374,0,0,-1.5110830512062,-1.80444114722403,-0.303912571381505,0.414009191366812,49
94,12.2619827329562,1.46454259249277,-0.512211224243211,12.2277976854973,0,0,1.22935536986117,-0.129757409968756,-0.228256521162867,-0.195398523394376,50
94,12.5162250669842,-0.110136690439283,0.54035609551028,12.2277976854973,0,0,-0.347138098983184,0.371123808482647,1.13957940321767,0.952182332264132,51
94,12.8371539148556,0.837286762883165,1.31969389590273,12.6123215395044,0,0,0.540556452146248,0.236510850966943,1.5526767099776,2.89399482513633,52
94,13.237272997916,-0.500916002240982,0.819546196988006,12.6123215395044,0,0,-0.573884860148495,0.437985463181722,1.02199575578566,0.160100347150679,53
94,13.3039595117595,-0.717952003167403,0.473359652551423,12.6123215395044,0,0,-1.03718072894545,-1.60899309112706,0.378805962069375,0.141495195877796,54
94,13.6790711521286,-1.01304820560524,-0.810020806214117,12.6123215395044,0,0,-1.0196936961114,-0.908712807190984,-1.02525468425882,-0.468686492915214,55
94,13.8582911580828,-0.0823165638602911,0.044483068116356,12.6123215395044,0,0,-0.336082130203106,-0.960129910892035,0.108177246146746,-0.431036892985112,56
95,0,0.210690629141261,-0.0543878508596752,-Inf,0,0,0.0456753190522217,0.869505440262708,0.513894895941667,0.979186099935338,0
95,0.091693956534683,1.4259428298582,0.199616184931959,-Inf,0,0,0.797120421207381,0.755302208680079,0.916598974381193,1.0248324208159,1
95,0.287585590949687,0.60108310413245,0.408541973450911,-Inf,0,0,0.222162512528806,0.889651134519405,1.73091586447456,0.359927252947144,2
95,0.746055373623102,0.86625420173151,-0.279738208074446,0.333075757732149,0,0,0.560020275794688,0.979905059165,0.80673722595414,-0.822716631497966,3
95,0.812741887466508,1.26496326693576,0.291746962580386,0.333075757732149,0,0,0.691552677018001,2.43034530627201,0.986872434325047,0.702382910963292,4
95,1.06698422149449,1.1544966747239,-0.748362088531396,0.333075757732149,0,0,0.498033948864328,1.36912493981589,-0.365547814434699,0.512471487318695,5
95,1.30455492706163,2.87339778243695,-2.29133711001623,1.28242928052608,0,0,2.14946316993332,2.13026957354217,-1.75253490832121,-0.649203340148025,6
95,1.54629353974397,2.17631056334041,-1.94875864023185,1.28242928052608,0,0,1.5858301763213,1.48503310022179,-1.38815466792353,-0.0152235224779261,7
95,1.87555820184579,1.59235026035876,-2.63093694472019,1.28242928052608,0,0,1.37208314382346,1.96457371994761,-2.21838199621066,-0.963617467282186,8
95,2.2048228639476,3.29981237645831,-2.94715704279431,2.02410044381037,0,0,2.8854802578409,2.5468362520125,-2.17436166532072,-1.29738712411587,9
95,2.25483774933016,3.04573086700596,-2.99679025459446,2.02410044381037,0,0,2.8129843538016,1.76810647308647,-2.14445423872194,-1.07683859216019,10
95,2.61327776123846,0.810670866842208,-0.683565034296331,2.02410044381037,0,0,0.345929297746233,1.85685420510948,0.0773996328158666,-1.63715955361646,11
95,2.96338195891634,-0.494161861532971,0.359633462045862,2.02410044381037,0,0,-1.04223899166137,0.754095926246122,0.827352326570175,0.828815004938635,12
95,3.16344150044656,-1.16057394023973,0.814244185851075,2.02410044381037,0,0,-1.48444996386985,-0.760312447201343,1.67689635360282,0.316285750643052,13
95,3.45102709139625,0.87685814280259,0.853120315154159,3.33826150127615,0,0,0.756980282538298,1.05055912946688,1.53265958388316,0.00372023144396194,14
95,3.74694849657636,-1.32822893463104,2.02525688781222,3.33826150127615,0,0,-1.55654866877243,1.09037844062766,2.45800888760435,4.15306749122028,15
95,3.76778803215243,-1.31615788785642,1.86838293197092,3.33826150127615,0,0,-1.57520608895903,-0.479861005024538,2.29195373564633,2.53670527711831,16
95,4.23459362905627,-1.48411677124841,1.37446279897874,3.33826150127615,0,0,-1.65319262765808,0.65936276667881,2.07340145112561,1.3691835970192,17
95,4.35963084251265,-2.51722824370018,1.46743853145877,3.33826150127615,0,0,-2.42607326823012,-0.984205785513822,1.76125469349698,1.06561554203055,18
95,4.55969038404287,-2.21824680971857,1.63747059129584,3.33826150127615,0,0,-2.35729760520951,0.143789677133356,1.9695116606666,1.79527995537915,19
95,4.80976481095564,-0.545397297345841,0.951905049037018,4.60535251150588,0,0,-0.781766917865059,1.33864487614133,1.62382961619936,0.97956856021637,20
95,5.15986900863352,-0.759032385703256,0.523209785734966,4.60535251150588,0,0,-1.14882392123627,0.482674008424462,1.06803330849257,0.385460349215275,21
95,5.42244715689193,1.81128951056711,-0.320490981376483,5.37064023033286,0,0,1.55571235651837,2.82094052441427,-0.154171915693212,1.30174779294399,22
95,5.72253646918726,-0.0347621984273999,1.02534158821298,5.37064023033286,0,0,-0.214001096772697,1.32770696594088,2.12821137581268,2.527779142921,23
95,5.94343554629354,-1.03598545634195,1.01778606724976,5.37064023033286,0,0,-1.18150577817275,0.562205362736076,1.39525628681741,1.73127770106832,24
95,6.16016671628461,-0.308795106105643,-0.214284434761079,5.37064023033286,0,0,-0.067390858498817,1.4971743799761,0.69451587323573,0.905758096052023,25
95,6.36022625781483,1.66027249587448,-0.843078981266923,6.32669812116163,0,0,1.24431620980093,1.79286278515488,-0.350557096000532,0.219639329422279,26
95,6.66448347722536,-0.640805285836927,-0.104379131190071,6.32669812116163,0,0,-0.449305677307762,1.13072220377022,0.0354433661335892,0.818727740041307,27
95,6.86037511164037,-1.13252856339508,1.80818048677362,6.32669812116163,0,0,-1.47017572671778,-0.330857926670177,2.29763411513603,2.88552679749577,28
95,7.01041976778803,-1.66727676746805,1.77802078976376,6.32669812116163,0,0,-1.75904869532352,0.183241283233591,2.15440611332759,2.62356165517123,29
95,7.44388210777017,-1.11494103362711,1.34130221019071,6.32669812116163,0,0,-1.1583924438761,1.16008531854183,2.11515610770952,1.53251544646318,30
95,7.61059839237868,-0.460982615668418,1.43871365167731,6.32669812116163,0,0,-0.612687724672206,0.95254999814173,2.06436640015137,1.76515490087543,31
95,7.8731765406371,-0.0637715285797239,0.828402619900664,6.32669812116163,0,0,-0.549019455148636,0.714410767168797,1.87523647598455,0.28774419430978,32
95,8.08990771062816,1.34501267998549,0.125349887627986,7.9478084837194,0,0,0.628075151525234,1.50736018677411,0.385207287617744,0.863304915813412,33
95,8.30663888061923,0.529260009426896,-0.364506098172803,7.9478084837194,0,0,0.460027528384781,0.7340741673442,0.34237928794224,0.0889361010601473,34
95,8.51503423637988,1.10170195106588,-0.211718225037496,7.9478084837194,0,0,0.575561082404277,1.24596283337222,0.464145020147219,1.41064790648343,35
95,8.87347424828818,-0.109740592367421,0.0594306279030302,8.58522295561583,0,0,-0.427769772293192,0.103067400247432,0.790846700685232,0.650285893643561,36
95,9.19857100327478,-1.30455389170703,1.97908365722548,8.58522295561583,0,0,-1.65800454958211,0.0548678896148151,2.22371334270041,2.09344121285182,37
95,9.45281333730277,-0.206894159828171,1.29328684554985,8.58522295561583,0,0,-0.755890783606028,0.382286604877465,1.9175403276402,1.94351588223711,38
95,9.56534682941352,1.7750915516715,-0.4467201432146,9.52590926520777,0,0,1.28387572625054,2.03367568190125,0.252163864502102,0.387413510515515,39
95,9.94045846978267,0.146291821118128,-0.656452379087369,9.52590926520777,0,0,-0.20195609564879,0.391105130465371,0.0299080659907213,0.491307674357327,40
95,10.0363203334326,-0.115278501093135,0.278694198442247,9.52590926520777,0,0,-0.379307575145361,-0.387637297127436,1.03191109917851,-0.399133896137758,41
95,10.319738017267,-1.32241555795172,1.28616106826791,9.52590926520777,0,0,-1.2861987814908,-0.128979633986365,1.37809479748701,1.00768160050912,42
95,10.5364691872581,-1.35440736829715,0.796083459342438,9.52590926520777,0,0,-1.39091838097443,1.73815735845166,1.12429778387425,1.13203503622778,43
95,10.944924084549,0.0951197765161339,-0.525478347367937,10.9018277728518,0,0,-0.48561828552704,-0.321011280109266,0.139740487418356,0.732641526525748,44
95,11.2241738612682,-0.207655646512044,1.55984386790325,10.9018277728518,0,0,-0.375575995631841,0.715334093654274,1.97433645359892,0.289067820264445,45
95,11.4367371241441,-0.151768432432808,0.429698896165165,10.9018277728518,0,0,-0.224691213506707,0.766564295177842,0.736351684982864,1.89318294087996,46
95,11.5867817802918,-0.648950599065893,0.403581496849812,10.9018277728518,0,0,-0.897513876039504,-0.11938357278961,0.564994618421029,1.11613613195453,47
95,11.9035427210479,-0.0467769046535063,0.2603552912069,10.9018277728518,0,0,-0.577200193432615,1.44528094359366,1.17399951742989,0.26521745635348,48
95,12.0702590056564,1.8867125852875,-1.24048003289816,11.9850174445229,0,0,1.38533552716132,1.96654696282281,-0.831759865293998,0.366256848381126,49
95,12.4662101816017,-0.997977290830659,0.553396375864606,11.9850174445229,0,0,-1.33381450524945,0.650040632370628,1.25283033217136,0.241242110625004,50
95,12.7204525156297,-0.0377358078980151,-0.581840585823372,12.6145879084728,0,0,-0.277946607301649,0.885311090113482,0.454843547481497,1.37874845779697,51
95,12.9205120571599,-0.426120760640229,0.0479858903682442,12.6145879084728,0,0,-0.867426262187411,0.637484940000921,0.441122814553677,0.903020334712457,52
95,13.0247097350402,-1.15672675565252,1.301866382385,12.6145879084728,0,0,-1.48389987720801,0.653647203565249,2.12869108804315,2.13869251887214,53
95,13.4540041679071,-2.38661263502403,1.11501339584467,12.6145879084728,0,0,-2.66684647197527,-0.187548208676996,1.90238614829159,1.21143395224562,54
95,13.7124144090503,-0.62347664860133,-0.561569634363427,13.7056776874349,0,0,-0.210484516517489,1.31196203612584,0.221169565285467,0.58027907915138,55
95,13.8707948794284,-1.12894415535514,0.545600009854325,13.7056776874349,0,0,-1.53167851101742,0.75854835460877,1.04441695006222,1.54004826105615,56
96,0,0.515348390153778,-0.00249150878346219,-Inf,0,0,1.22664961126378,0.816623448200808,-0.0886804397131444,-0.763227426311425,0
96,0.245906519797559,-0.172139030880939,-0.21152004991574,0.0080991621944122,0,0,0.515129989215176,0.954710424482109,-0.443082662630639,0.32518527567641,1
96,0.295921405180113,-0.439655301682691,0.0657033252391389,0.0080991621944122,0,0,0.108582395544333,-0.296195777739162,-0.322954405035912,1.17452431449576,2
96,0.637689788627568,-1.42801472653185,0.994011312461788,0.0080991621944122,0,0,-0.835370336875881,-0.747959321388091,1.34426352102342,0.762058227026446,3
96,0.808573980351295,-1.53554551255417,0.285059614580564,0.0080991621944122,0,0,-0.9989987368346,-0.686118167587601,0.377579170263392,0.124322112459604,4
96,1.23786841321822,-2.09603012951846,1.74276565887774,0.0080991621944122,0,0,-1.21089056232227,-0.9443270967971,1.73909451007518,2.87372986515393,5
96,1.25037213456386,-2.19983366853988,1.89729274918986,0.0080991621944122,0,0,-1.23690693005541,-1.12045917736166,1.79672141849341,0.975062374659301,6
96,1.60464423935695,0.085949479927291,1.47808794800224,1.2950392568466,0,0,0.654209948927647,0.642074293389154,1.30895667488619,2.11508687992748,7
96,1.85888657338494,0.599397161629323,-0.533380332631718,1.2950392568466,0,0,1.09320877991592,1.39907393172956,-1.1001907154723,-0.733909492062659,8
96,2.10062518606728,-0.423931278658313,-0.223211758194442,1.2950392568466,0,0,0.198660959473605,0.337053950033059,-0.481247657699071,-0.346046511290279,9
96,2.2673414706758,-0.427810365153394,0.204814471247035,1.2950392568466,0,0,0.327700760631411,0.0560654185404742,-0.47057723290043,0.145266103299641,10
96,2.53825543316463,1.06499322358439,0.0401916060045972,2.44723572644512,0,0,1.62355265823478,0.67834692956865,0.485996309621393,-0.553395282001838,11
96,2.87585590949687,0.671894342547759,0.823026883734821,2.44723572644512,0,0,1.61935200438789,1.21673351161897,0.356985345830846,1.21372214994222,12
96,3.21762429294433,-0.83985203749352,1.21903558547241,2.44723572644512,0,0,0.149379243670515,0.548092813828936,0.537809873015582,2.6357711913948,13
96,3.28847871390295,-0.651624775653633,0.827671284723906,2.44723572644512,0,0,-0.456208397616043,0.0636338110300403,0.625355104573623,0.280343629209805,14
96,3.54272104793093,-0.472014629010669,0.144935026208261,2.44723572644512,0,0,-0.0752952688283303,-0.164258359003451,-0.505794836738294,0.296509768521582,15
96,3.97201548079786,0.953544080795913,0.0417417745371607,3.65904573623019,0,0,0.819340549737606,0.669890038118252,0.173101836242083,-0.226077416449624,16
96,4.1470675796368,0.205306836659303,-0.820573091858612,3.65904573623019,0,0,0.74773999357652,0.704872138843265,-0.890333356080292,0.298974414577792,17
96,4.49717177731468,1.58965138028748,-0.152132364195538,4.18799702782864,0,0,1.6688953966164,0.976481349968445,-0.536986998377136,0.446978261974495,18
96,4.64304852634713,0.422524592454231,0.998811513649789,4.18799702782864,0,0,0.484105670872302,-0.0239537701619882,1.11614405203577,1.56321549149507,19
96,4.87228341768383,-0.919092990240988,1.06848290967059,4.18799702782864,0,0,-0.0293099255769972,-0.343976995095232,0.450597187883923,0.971264264017109,20
96,5.00148853825543,-0.888494105081578,1.04871398083525,4.18799702782864,0,0,-0.4056314506725,0.272526338966251,0.0280580051217876,1.30847895617004,21
96,5.32241738612682,0.608436042067618,-0.0753027326647101,5.03029449499714,0,0,1.24271815022777,0.945477331639213,-0.363952749297432,-0.438327364402669,22
96,5.66835367668949,-0.255130095918075,0.512182881568738,5.03029449499714,0,0,-0.0276512637996226,1.33521703038167,0.682294318042992,0.0238696292577834,23
96,5.82256623995237,-1.39449713307614,0.263763741307067,5.03029449499714,0,0,-0.606873862580932,-0.371792396235242,0.148566154484533,1.29627486709653,24
96,6.09764810955642,-1.67770537999604,1.77669096594747,5.03029449499714,0,0,-0.921240713636585,0.789770960789473,1.66624353631311,1.63299999486074,25
96,6.38940160762132,-2.00225122387484,1.99238703851941,5.03029449499714,0,0,-1.56875104005777,-1.47424115030865,1.37387578029458,1.74360975731298,26
96,6.63947603453409,0.0330164898955221,-0.455550570251332,5.03029449499714,0,0,0.468980903463515,1.05162888059834,-0.509344371806629,0.26472677577533,27
96,6.76868115510569,-0.28989521762344,-0.72932733935228,5.03029449499714,0,0,0.387120429805531,0.545738430944915,-0.486247435835232,-0.251691001844092,28
96,7.02292348913367,2.10153845009355,-1.91587210815517,6.90004923326286,0,0,2.31560855930108,1.76450100951379,-1.84072908498438,-3.35745063109865,29
96,7.47722536469187,0.282886924226323,-0.9466451807775,7.16875710432561,0,0,0.880970700767575,1.27808751079151,-0.479875161405143,-1.64342490970229,30
96,7.69812444179815,-0.414698012919794,0.774027327426143,7.16875710432561,0,0,0.29642896613046,1.79541472827676,1.0573429911408,0.229922551930448,31
96,7.87734444775231,0.0173604103954895,-0.542953016495915,7.16875710432561,0,0,0.501550200057631,2.23408843725869,-0.739736634671596,-1.23126600884556,32
96,8.08157189639774,0.44421519547795,-0.951400969258424,7.16875710432561,0,0,0.964438255511455,1.04969241425811,-1.13030814957138,0.263114603514707,33
96,8.38582911580828,0.569184247057348,0.247739335519829,7.16875710432561,0,0,1.23969936422996,0.632572320222435,-0.207657381797452,0.144554517408828,34
96,8.59839237868413,0.495096343606788,-0.850214438237318,7.16875710432561,0,0,0.619166230637265,0.803386022759552,-0.470368130724235,0.355868583949628,35
96,8.82762727002084,0.43409971993415,-0.551870146658322,7.16875710432561,0,0,0.644105071310301,-0.293897202633532,-0.345019367959313,-0.785616757246459,36
96,9.09437332539446,0.330134246872499,-0.097716370340925,8.84700401114264,0,0,0.840656030568932,0.267667515922162,-0.634655140056122,-0.397014936955902,37
96,9.32777612384638,-0.599755690168813,0.420975455985265,8.84700401114264,0,0,-0.176090878703412,0.930734996544217,0.684214208909658,0.373117944495283,38
96,9.57368264364394,0.219223637311705,0.424996990321425,9.41960284016811,0,0,0.446409123664884,0.905794126425093,1.05759782239603,0.692969939847194,39
96,9.80291753498065,0.795038966629402,1.67728074620796,9.41960284016811,0,0,0.936116286960838,1.61216569159254,0.970951988590258,1.71313861995811,40
96,10.161357546889,1.02388689982062,-1.91892615927775,9.41960284016811,0,0,1.59166213805244,1.17752219803658,-2.38682971416268,-1.46048600094321,41
96,10.2780589461149,0.884027325316304,-2.07012509676209,9.41960284016811,0,0,0.984916051430638,1.2386719067901,-3.02583347831528,-1.2614652855038,42
96,10.5323012801429,0.853901538351472,-1.80867197875197,9.41960284016811,0,0,1.08745629843619,1.35807630138515,-2.17169919361034,-1.26308622372371,43
96,10.886573384936,-1.12273277038289,0.331837296881285,9.41960284016811,0,0,-0.439141950455508,-0.834131904709079,0.480832895232916,0.309802309372159,44
96,11.2408454897291,-0.998678479889533,-0.560318516177333,11.0064097791033,0,0,-0.656771713302103,-0.526400815631885,-0.671699207833762,-1.23130572217731,45
96,11.3492110747246,-1.24120495689254,0.519024460678279,11.0064097791033,0,0,-0.455634497652081,0.243723375352865,0.85104849080124,0.205853215084249,46
96,11.6159571300982,-1.09689698671293,0.55579026701778,11.0064097791033,0,0,-0.436977047630654,0.147301135991315,0.467562713431426,0.0900746904913865,47
96,11.845192021435,-1.38988155001906,1.38031150195767,11.0064097791033,0,0,-0.945914604938099,0.35555578724698,0.652812430838314,0.463082063880854,48
96,12.2244715689193,1.29458824709479,0.977684476731333,12.1192113444478,0,0,1.49004818832469,1.65328167759277,0.998146027049256,1.25300492934762,49
96,12.43286692468,1.37408961151079,0.272477047489283,12.1192113444478,0,0,1.55754723622203,-0.252265631810255,0.143913092567677,0.302037696208036,50
96,12.5995832092885,0.388066676725139,1.23313552910981,12.1192113444478,0,0,1.15059927270311,0.753170518216561,1.11855933247729,1.90173468984239,51
96,12.9163441500447,2.42434138887713,-0.385405169806518,12.9100088112074,0,0,3.0096688238033,1.55538764269131,-0.653516366980171,0.239317106362983,52
96,13.0580529919619,1.971582808313,-0.375978831314174,12.9100088112074,0,0,1.90589307632634,1.96035543341417,-0.944046096821534,-0.358009029673959,53
96,13.412325096755,0.355712409574523,-0.207147759125418,12.9100088112074,0,0,0.803155511826018,-0.021096213053703,-0.572129757582784,-1.12760127171569,54
96,13.5123548675201,0.961509648719479,-1.2066365257019,12.9100088112074,0,0,1.2367902934792,1.42889886442585,-1.15222717682573,-2.04013842774795,55
96,13.9749925573087,1.20408348396345,0.0144006346324489,12.9100088112074,0,0,1.63772102779289,0.659935053510955,0.167029358607942,0.306256498380563,56
97,0,0.582436151623275,0.377156439186084,-Inf,0,0,0.456757885948253,0.747929431362552,-0.0908894116729028,0.639161448707151,0
97,0.129205120571599,0.864625434904048,0.22896781795874,-Inf,0,0,0.206353325356241,0.982570300699628,-0.415057886402153,-0.15516159825549,1
97,0.329264662101816,2.0935531714433,-0.835819155974097,0.183254805486649,0,0,1.58809900094977,2.51049980811501,-1.38268200042239,-0.933130009699414,2
97,0.604346531705865,1.71779862925585,-1.00977394347017,0.183254805486649,0,0,1.28002591066262,2.69504935286805,-1.82438705873921,-0.952268980485654,3
97,0.762727002083954,2.00071508903921,-1.80400761984183,0.650130187811402,0,0,1.41432086047169,1.44292656187755,-2.09600072361131,-1.68719377900956,4
97,1.00863352188151,1.20515030814391,-1.7885961690067,0.650130187811402,0,0,0.698404322091081,0.966405526164148,-2.29084963530241,-1.62918532031185,5
97,1.30872283417684,1.3872805503422,-1.6633961385477,0.650130187811402,0,0,0.968704023736366,1.96315822024842,-1.41878781913907,-1.30439557364282,6
97,1.59630842512653,0.638806979779017,-1.87637382269757,0.650130187811402,0,0,0.393867507240309,0.982217296458728,-2.253274558901,-1.60796768507018,7
97,1.79220005954153,3.22474403898581,-2.23502948156714,1.74778082195777,0,0,2.54775430398867,1.60641705488168,-2.80189848773168,-1.05397653907272,8
97,2.17981542125633,1.3701621675001,-2.06940064152355,1.74778082195777,0,0,0.897898254508337,1.93329506098054,-2.5222189542295,-1.49894317653701,9
97,2.48824054778208,0.843519169636159,-1.30474747611845,1.74778082195777,0,0,0.368582728092577,0.850313217001615,-2.1251824687015,-0.572113608844766,10
97,2.74248288181006,1.04609886882893,-1.59241453416159,1.74778082195777,0,0,0.307443699618611,0.797441835347667,-1.86374872975614,-0.702213132533848,11
97,2.8841917237273,1.36950275363432,-1.77853325112618,1.74778082195777,0,0,1.06228185010547,0.555533847545249,-2.23181624481893,-1.20507560727276,12
97,3.08841917237273,1.73655649926823,-2.40396703146807,1.74778082195777,0,0,1.20756868197291,1.39760107600308,-2.54011432028282,-2.05790063679712,13
97,3.25096754986603,2.0534222198649,-2.30533576910952,1.74778082195777,0,0,1.6247135505489,1.86785536759679,-2.7442578172665,-1.46624961500462,14
97,3.50520988389402,2.56922757429403,-2.64208430098034,3.28230276654403,0,0,2.02591175102214,1.87842913588978,-3.294537576721,-3.4011225976466,15
97,3.955343852337,0.582257165848837,-0.778730640738561,3.28230276654403,0,0,0.330650274253559,1.57373245168743,-1.3681755255515,0.490293436063154,16
97,4.13873176540637,0.0839535008464062,-0.587082023131537,3.28230276654403,0,0,0.0259815885218922,0.339856894072692,-0.661260889571585,-1.35499903635646,17
97,4.26376897886276,1.86166723659074,-0.799785678566691,4.24556817921559,0,0,1.68007781168168,1.659443156589,-1.62957431212367,-0.999623751596272,18
97,4.56385829115808,0.721632267935852,-0.618480373928976,4.24556817921559,0,0,0.260406150159192,2.01939673818569,-1.01792656078035,-0.393011524650626,19
97,4.81810062518607,0.642398326902263,-1.13370823184485,4.24556817921559,0,0,0.143216989118399,1.06999495856556,-1.65657182957807,-0.455524066442933,20
97,5.16820482286395,0.715400944499932,0.194045208180924,4.24556817921559,0,0,0.604413593972654,1.05389387364965,-0.00596452296764269,1.03648689255691,21
97,5.35992855016374,-0.0777276883500009,0.0700268977384685,4.24556817921559,0,0,-0.257152519278292,0.0488596679540244,-0.503923584015472,-1.01296703605729,22
97,5.6058350699613,-0.556546285754117,-0.501707441547541,4.24556817921559,0,0,-0.73723472290908,-1.48595600025967,-0.856072216184862,-0.863145305812646,23
97,5.79755879726109,1.33403904516252,-1.00187865847697,5.62086408013979,0,0,0.830731677574875,1.39613186213064,-1.26707187243586,-0.524322789276464,24
97,6.09764810955642,1.01192418318503,-0.473079490314918,5.62086408013979,0,0,0.773640283887207,0.373112955968014,-1.1455181552941,0.372613496279515,25
97,6.481095564156,2.23567007983436,-1.51961085674311,6.23140284641503,0,0,1.57997355284561,2.23967464657323,-1.02590543288228,-1.45685124897924,26
97,6.68532301280143,1.83962975437994,-2.77394833733707,6.23140284641503,0,0,1.16320212254776,1.51754918293935,-3.02724597343056,-2.199587047564,27
97,6.89788627567729,1.25051955038262,-1.87268561406455,6.23140284641503,0,0,0.612896643661314,1.17562202818734,-2.32043643723404,-1.87291584712666,28
97,7.02292348913367,0.504423945436636,-2.37500554205041,6.23140284641503,0,0,0.38484458923186,2.05142094353584,-2.9572692452161,-1.92838989303447,29
97,7.31884489431378,3.41119225063643,-1.97027819045108,7.18467030717203,0,0,2.93329082084562,1.55332113093321,-2.43915713784289,-1.82763926926584,30
97,7.53974397142007,2.24289573727256,-1.22145800130358,7.18467030717203,0,0,1.97076572791701,1.92230657393473,-1.35959157986184,-0.48159343902727,31
97,7.83566537660018,2.29172010479839,-1.22906014508327,7.18467030717203,0,0,1.82870309118557,1.58759916879104,-1.13124974887687,0.431351183164993,32
97,8.11908306043465,1.20041552764348,-0.29517416465749,7.18467030717203,0,0,0.452977947474485,0.451235881438997,-0.649866742313522,-0.716528560901733,33
97,8.35248585888657,0.703089779123076,-0.52458951840609,7.18467030717203,0,0,0.189872644186928,0.687446390150942,-0.705231776741546,-0.311021321229068,34
97,8.69425424233403,-0.773499427929383,-0.043623533153429,7.18467030717203,0,0,-1.06828480988172,0.203148595573768,-0.340379496536152,0.887368124843587,35
97,8.85263471271212,0.0827802903112509,-1.1984748089612,8.6987350140555,0,0,-0.0250993544985377,-0.0611238186852184,-2.1483829388645,0.175592503940061,36
97,9.12354867520095,-1.04113357878578,0.388755232714232,8.6987350140555,0,0,-1.24568740395136,1.31860784994857,0.24235140218573,-0.178677585749528,37
97,9.34861565942245,1.22857856486434,0.0419740586489619,8.6987350140555,0,0,0.733968257813069,1.31174770460865,-0.588715303100041,-0.950292443570815,38
97,9.70705567133075,-0.305523252557203,0.121207350082459,8.6987350140555,0,0,-0.673261852421018,0.452580589765133,-0.660329784108183,1.01473669238248,39
97,9.92378684132182,-0.884103433092723,1.44928793130883,8.6987350140555,0,0,-1.30922374241763,0.185677922467168,0.799013571764525,2.28219748046563,40
97,10.0363203334326,1.5745834296475,0.786934799963452,9.97244971073949,0,0,0.666189487658991,0.939433597936013,0.197899975653532,1.28471321267325,41
97,10.2738910389997,-0.0640068151263074,1.0826423291515,9.97244971073949,0,0,-0.434985993917256,0.648747149846917,0.592663654193014,1.8568792292643,42
97,10.5989877939863,-0.0925493140394172,1.41651874568576,9.97244971073949,0,0,-0.641506325099949,1.30392062623043,1.19078441435461,0.871658074501917,43
97,10.8240547782078,-0.407399544044069,-0.0679749327979182,9.97244971073949,0,0,-0.475155826712239,-0.473210911548168,-0.521924069557336,-0.396232998663456,44
97,11.1949985114617,1.65556507499513,-0.676594562500439,11.0538203843224,0,0,1.12936706460889,1.33671051580209,-1.25388567306005,0.0629719197864383,45
97,11.3200357249181,1.18971045018708,-0.756061799928884,11.0538203843224,0,0,0.815013181120367,0.528065347258451,-0.940171186199456,-1.41060195672388,46
97,11.7326585293242,-0.00563275931952383,1.22475829889167,11.0538203843224,0,0,-0.229208092041784,0.156698274236434,0.950471894034539,0.244003238750515,47
97,11.9869008633522,1.39698602556117,-0.636998943775326,11.8284659483971,0,0,0.813785159710158,0.760134353855674,-1.23129926657964,0.0781257959249997,48
97,12.1952962191128,0.592179535857811,0.283397277993562,11.8284659483971,0,0,0.323652697331875,0.608354897463377,-0.0646094776682258,-0.171075697598348,49
97,12.4286990175648,-1.14466483207205,0.719296214385389,11.8284659483971,0,0,-1.36642275117221,-0.686569186468608,0.447345966670504,1.43339225463941,50
97,12.628758559095,-1.1495558482362,1.04530034063907,11.8284659483971,0,0,-0.926927925851924,-0.287813022324634,0.616090209074321,1.99811028213687,51
97,12.9371836856207,1.19481006235597,-0.46459189992606,12.8110664672935,0,0,0.889898056773054,1.75406564892999,-0.41899947095232,-0.355064362088825,52
97,13.1497469484966,0.56721482576957,-0.0920921488874167,12.8110664672935,0,0,0.467442474257891,1.01997892152297,-0.860479242233277,0.367185653651243,53
97,13.4415004465615,0.870784176026281,-0.581831044119447,12.8110664672935,0,0,0.706348927949026,1.0453305381867,-1.35030878629109,0.436879810401739,54
97,13.5623697529027,1.18705199592568,-0.386013595300556,12.8110664672935,0,0,0.658455247537658,1.21395633200231,-0.868391114609648,-0.289085157444606,55
97,13.9708246501935,1.24218246914551,-1.50744912334033,13.585936161573,0,0,0.67152905105852,1.53193011650426,-2.41684209231257,0.416941738971005,56
98,0,-0.865372135098077,1.15942311013533,-Inf,0,0,-1.17247736367449,-0.933423773821339,1.23888127558412,-1.51244671404663,0
98,0.108365584995534,0.0640049551774923,0.751264231193316,-Inf,0,0,0.136508837382927,0.220658454801505,1.58444597771711,2.03914513441703,1
98,0.354272104793093,0.66862350041365,-1.13727847716969,0.181956147355959,0,0,0.697536995224063,0.0630127120656899,-0.41254633897626,-2.72126933644578,2
98,0.737719559392676,-0.361491273823845,0.0801859427830087,0.181956147355959,0,0,-0.685035403919276,-0.642993169766999,0.683856289475372,-1.74560234833768,3
98,0.94611491515332,0.0501929447209891,0.686390609175846,0.181956147355959,0,0,-0.672832232773421,0.307373708327574,0.703546365464818,-0.37958392678035,4
98,1.14200654956832,0.381676100854678,-0.0334872037164352,0.181956147355959,0,0,0.319344801873902,-0.869103446946642,-0.0324075966866799,-1.04877357558699,5
98,1.28788329860077,1.53407131247078,-0.515991219856467,1.18006852827787,0,0,1.11402566200328,0.730239945109204,-0.161456282991744,-2.0516714257916,6
98,1.61298005358738,-0.14813330360461,-1.14186441328165,1.18006852827787,0,0,-0.418940339347459,0.354672440443286,-0.411042341643055,-3.37619647560498,7
98,1.82137540934802,-0.181755639975826,-0.0786402333688624,1.18006852827787,0,0,-0.679899985717183,-1.03640441164739,0.262018380602634,-0.458295424197473,8
98,2.17981542125633,0.195853668979103,-0.638262357234516,1.18006852827787,0,0,0.291241360777653,-0.526322319893061,-0.741295274462694,-2.32055526647659,9
98,2.40071449836261,0.440091065496222,-0.703701928468919,1.18006852827787,0,0,0.242836980916372,1.00835685609175,-0.83308366370591,-0.976066609231064,10
98,2.6883000893123,0.516692720687367,-0.431174368061489,2.47076514581791,0,0,0.294952635851645,-0.218070753377044,-0.357117627136598,-1.45230534236163,11
98,2.82167311699911,-0.470927839297486,-0.100909903519355,2.47076514581791,0,0,-0.614607817740181,-1.21992945186046,0.152063732187113,0.234668799147562,12
98,3.18844894313784,-0.0567862306462642,0.351450504348018,3.11175449899792,0,0,0.0141807683163588,-1.10854733879188,0.93064444426403,0.717586977245352,13
98,3.32182197082465,-0.19802732228762,0.636202829357448,3.11175449899792,0,0,-0.360477055859174,-0.690182491282588,1.06028996713977,-0.353261507380439,14
98,3.50937779100923,-0.345340795171218,0.963460668508141,3.11175449899792,0,0,-0.287516065353239,-1.50396729103635,1.51178463902151,-0.452575219458809,15
98,3.95117594522179,-1.25213181415328,0.310120559082226,3.11175449899792,0,0,-1.25393505445006,-0.76437306183706,0.910094395863065,-0.889851924184573,16
98,4.15957130098244,-0.628929260346281,-0.37808980431204,3.11175449899792,0,0,-0.94423561232907,0.518409546660631,0.0180252417103857,-1.31048945724152,17
98,4.40547782077999,0.271219234988919,0.235616443042011,3.11175449899792,0,0,0.304153831043814,-0.663643641620371,0.245936769830545,-0.585042555047775,18
98,4.67222387615362,2.26184875369159,-2.08213456978085,4.65588273347105,0,0,1.87876609090698,0.645102479500887,-1.51557474962886,-2.46987009172706,19
98,4.88895504614469,1.21696858672712,-1.65037538411647,4.65588273347105,0,0,1.05543975293714,-0.121068361924499,-1.26450230547182,-2.8829815434474,20
98,5.16403691574873,-1.51271849856035,0.385652089147961,4.65588273347105,0,0,-1.50108467810835,-1.47052556204368,0.715240226565461,-0.00685257599982403,21
98,5.42661506400715,0.481940710801762,0.736946867678026,5.26449761429372,0,0,0.13369972209101,-0.559914928401254,0.645864298138133,0.553343929003822,22
98,5.52664483477225,0.353227740813587,0.358105327504832,5.26449761429372,0,0,0.46546587372432,-1.74721358158324,0.938472629592438,-0.441916560317754,23
98,5.75171181899375,-1.84926188327444,0.981308218298514,5.26449761429372,0,0,-2.15933725915591,-2.03989594188445,1.28344340311235,-0.378256401592053,24
98,6.08514438821078,-1.85550867018347,1.80539335550044,5.26449761429372,0,0,-1.95018860837456,-1.37024611419923,2.31468493076701,-0.328414142193809,25
98,6.33938672223876,-2.29482291095376,2.79507213854472,5.26449761429372,0,0,-2.35971921915317,-2.2981939353685,3.07226380713539,0.324561347738663,26
98,6.66448347722536,0.611651399431445,1.36429548178097,6.6504613526058,0,0,0.207905698849915,0.294436431590935,1.81421248790493,0.752224626096067,27
98,6.75617743376005,0.272970182889182,1.21534972721733,6.6504613526058,0,0,0.430589746050323,-0.136352334157889,1.28526168778183,-0.67944418118187,28
98,7.18547186662697,-0.409690169088123,1.92875071499983,6.6504613526058,0,0,-0.290171249485304,-1.49353514718844,1.78131381843251,1.730683858255,29
98,7.49389699315272,-1.12925102580013,0.830991140353986,6.6504613526058,0,0,-1.33822153395123,-0.342580064937829,1.3778794217414,-1.00731704190674,30
98,7.74813932718071,0.102067737785035,0.234136923045334,6.6504613526058,0,0,-0.527931029864657,-0.431946954895835,0.346244310093258,-2.67979354057846,31
98,7.88568026198273,0.869081312555795,-0.414474157756005,6.6504613526058,0,0,0.774541169496573,0.858997483111965,-0.399255782401632,-2.44116756652505,32
98,8.09407561774338,2.67284305016677,-1.44704517087731,7.89809620684156,0,0,2.00796785191729,1.28895655186742,-1.27700227918516,-3.2151990458235,33
98,8.29830306638881,1.52532524922321,-0.671722107425094,7.89809620684156,0,0,1.34666807958069,-0.279065078573096,-0.169200092171361,-0.986956023353568,34
98,8.69425424233403,-0.803727731552916,-0.00823278973816358,7.89809620684156,0,0,-0.561494713137036,-0.365883823333842,0.464653242308602,-0.972686750352773,35
98,8.95683239059244,0.620913994645911,0.878736132265671,8.70633010189944,0,0,0.638900393756158,-0.276943727970059,1.04069439820596,-1.16561282148609,36
98,9.24441798154213,-1.58028148437868,1.79212474883008,8.70633010189944,0,0,-1.36256532080734,-1.25651761906498,2.35918274141262,0.581516993791116,37
98,9.41530217326585,-0.378706644047271,0.920272655563557,8.70633010189944,0,0,-0.464014844185669,0.214888482911234,0.379281546021075,-0.522981155687072,38
98,9.50282822268532,-0.64066579302881,1.26281540599981,8.70633010189944,0,0,-0.845582736751179,-0.214412019406296,1.51001536481051,-0.579381723371041,39
98,9.86543614170884,1.05455521163749,0.839618605971297,9.793843943563,0,0,0.486363052340045,0.796347466019203,1.2735474563491,-1.21823673574171,40
98,10.0863352188151,1.3008160121657,-0.808129639556233,9.793843943563,0,0,1.00910219873732,-0.127464402193708,-0.57332100363659,-1.7819018234999,41
98,10.3405775528431,-0.600037717331614,0.00282402949701227,9.793843943563,0,0,-0.51458523979455,-0.805140721306938,-0.0646682421548388,-2.1876974444201,42
98,10.7281929145579,0.10614124294549,0.316098380387599,9.793843943563,0,0,0.0895963345418828,-0.573023545298138,0.930687047138594,0.152140250791075,43
98,10.9115808276273,3.03815218886128,-0.797990208187669,10.8782599396359,0,0,2.24032736338695,1.64679095420987,-0.357573979841916,-1.64487952301596,44
98,11.0574575766597,1.96211050657219,-0.5514176690574,10.8782599396359,0,0,1.78042241133742,1.4293496055351,-0.544637283252364,-2.14537372180808,45
98,11.3867222387615,-0.0876971227958442,-0.150744301681955,10.8782599396359,0,0,-0.0375717461760989,-0.700938443616006,-0.650254944627119,-0.931907061486296,46
98,11.5242631735636,2.04656329575096,-0.207997453507948,11.475626137507,0,0,1.65939629089059,0.784148668544396,0.0803758642066887,-1.06715191599085,47
98,11.7576659720155,0.744733081614151,0.0354102169349152,11.475626137507,0,0,0.59687751906462,0.915119126053103,0.242673731193178,-0.440411122551108,48
98,12.2494790116106,0.94654776520972,0.128380889016205,11.475626137507,0,0,0.545736563616962,0.111222309508621,0.249447949192333,-0.164872236296903,49
98,12.3453408752605,1.22285294221435,-0.402070956373636,11.475626137507,0,0,0.93201512031681,-0.0100045816030093,0.193157579635229,-0.654129903551144,50
98,12.707948794284,0.528598242300114,-0.091088563015015,11.475626137507,0,0,0.397980024561754,-0.0276609864090826,0.237848567351708,-1.3602683491241,51
98,12.903840428699,1.03102380237129,-0.487266777899906,11.475626137507,0,0,0.331178848347082,-0.196999910792776,0.0424688960511964,-1.98615535489499,52
98,13.0122060136946,2.29364376531174,-1.52650399699886,12.9943307948317,0,0,1.98626419041593,1.52467655867276,-1.33713697283722,-3.65392417849232,53
98,13.274784161953,2.509067080745,-1.10734705205131,12.9943307948317,0,0,2.34045590297499,1.11332582752334,-0.566509542025712,-1.12619728239139,54
98,13.745757665972,0.114219976417437,0.694995324725233,12.9943307948317,0,0,0.134384568064537,-0.404768740245621,0.349811606013397,-1.14660198572457,55
98,13.9749925573087,2.20348406421987,-0.489984120192763,13.8569424514193,0,0,2.07062690338743,0.933687304274915,-0.2593337528324,0.323319902306032,56
99,0,1.70646332393926,-2.32340472592395,-Inf,0,0,2.10582829577812,1.83767136322254,-4.43463664102026,-1.64303271859376,0
99,0.0833581423042572,3.51768234225755,-3.59240314685041,0.0169364292290993,0,0,3.6339874985226,1.37089528386397,-5.13846502255652,-1.83463222709027,1
99,0.454301875558202,1.09714456327616,-1.36464554207234,0.0169364292290993,0,0,1.81186739840194,1.20979434180004,-3.05851936003618,-1.02355929193872,2
99,0.608514438821078,0.934034096139238,-1.74913348483355,0.0169364292290993,0,0,1.61434848284698,0.921332490954954,-3.5521703453375,-0.911868156599214,3
99,0.933611193807681,1.87848612174896,-1.62478559223783,0.0169364292290993,0,0,2.17479528653873,1.27156836969328,-3.31508291392532,-1.96866981782661,4
99,1.05031259303364,1.70065184777464,-1.21004484451242,0.0169364292290993,0,0,1.97459499379538,1.98919953406108,-2.95387023702951,-0.109529360304293,5
99,1.27121167013992,1.56084812470304,-1.12291206148425,0.0169364292290993,0,0,1.89755573835273,1.04102723000129,-2.57966479036951,-0.012839794221508,6
99,1.62965168204823,3.56500310993411,-3.03282538664114,1.4369844474579,0,0,3.88879102945806,0.973150846859228,-4.67039750031223,-3.17462871287773,7
99,1.82137540934802,2.3460238006132,-2.96618562099498,1.4369844474579,0,0,2.28440710490945,1.23766866522273,-4.30203145796311,-1.82724937047275,8
99,2.13396844298898,4.09102119238599,-4.09964956505824,1.99101871023528,0,0,4.39285039981295,1.19358797806394,-6.08983811654747,-3.19722814507514,9
99,2.45489729086038,2.22332320397255,-1.82567117860312,1.99101871023528,0,0,2.73558210802221,1.33451879314335,-3.22478278737479,-1.59354509765519,10
99,2.58827031854719,1.94220697143883,-2.79930775306093,1.99101871023528,0,0,2.35307230089635,1.81744924306843,-4.30231089094546,-3.30626881286205,11
99,2.84668055969038,2.55425850578901,-2.73734793732029,1.99101871023528,0,0,2.99653176294013,1.97736530946494,-3.98819487263768,-1.47605212228581,12
99,3.10925870794879,3.88241698848518,-3.83740854371721,2.91044109749536,0,0,4.21107611425654,2.86687871311845,-5.29181509769529,-1.88463535134732,13
99,3.38434057755284,2.05933859444476,-1.84111117945,2.91044109749536,0,0,2.67260591687362,0.995767339122152,-3.67507628917322,-0.483490870394041,14
99,3.60523965465912,0.0332417635197144,-0.398076077620284,2.91044109749536,0,0,0.639156821087443,1.44149252837226,-2.34999828500086,1.00793357964069,15
99,3.99285501637392,-0.36870156516496,0.372480336950964,2.91044109749536,0,0,0.27560007539098,0.538978818374259,-1.99997814093462,0.280757921853614,16
99,4.16790711521286,-0.962741520795232,0.907173031369266,2.91044109749536,0,0,-0.139952220042519,-0.66011486470443,-0.163003885896604,1.53225021542664,17
99,4.49717177731468,0.864152232391791,-0.395842416857469,4.3413262012343,0,0,1.09691413902604,0.570521809644342,-2.38418011590928,-1.42930823865003,18
99,4.73474248288181,-0.0478213602570452,0.378408282673897,4.3413262012343,0,0,0.40547642907576,0.31459802916468,-1.35406354601606,0.786281414871987,19
99,4.75974992557309,-0.321164280825513,0.122052497600186,4.3413262012343,0,0,0.482033618480129,0.414067211518204,-1.64629307463432,0.65725084347499,20
99,5.02649598094671,-0.0732291843728026,0.244221177735975,4.3413262012343,0,0,0.536025685490451,1.23036957420228,-1.05058778360223,-0.155160297698715,21
99,5.3140815718964,-0.581540333511433,0.21201559784609,4.3413262012343,0,0,-0.143493899189148,-0.399464589839024,-1.05789935504958,0.370303217479727,22
99,5.72253646918726,2.69020800348291,-1.72056677146534,5.66817966181821,0,0,3.13817943607179,1.42628469986505,-3.41532128107454,-2.31186411113608,23
99,5.81839833283715,1.69743799741846,-1.69104126123455,5.66817966181821,0,0,2.34521514802967,1.87413793804799,-3.20620340126828,-0.789663764191809,24
99,6.08514438821078,0.922756971860178,-1.58563114573104,5.66817966181821,0,0,1.36500613941112,0.796565995586971,-3.45325544931845,-0.634113683561701,25
99,6.42691277165823,2.14383002772432,-0.844529496497548,6.21871417743476,0,0,2.71837826893185,1.1445050125763,-2.55160291935178,-0.171719281305998,26
99,6.63947603453409,1.5628055029921,-0.521303017114306,6.21871417743476,0,0,1.95131645521366,0.783428249372878,-2.2781748603373,0.270920515705118,27
99,6.88538255433165,1.72571715152001,-0.904028507045788,6.21871417743476,0,0,2.46269988100607,0.254874337892397,-2.05474329359949,-2.12912695528479,28
99,7.00625186067282,1.71335267193694,-1.08334381165222,6.21871417743476,0,0,2.26212977578631,2.05151930061149,-2.63316788137015,-0.429236234688863,29
99,7.41887466507889,1.17167553014203,-2.48445954182789,6.21871417743476,0,0,1.655196915267,1.45199358358223,-4.05030570947479,-1.809556975664,30
99,7.71479607025901,-0.437877102682471,-0.713112437615571,6.21871417743476,0,0,0.327340108964042,1.29368485143751,-2.57875446781597,-0.103573248965623,31
99,7.81482584102411,-0.204614268857154,0.0618942976861273,6.21871417743476,0,0,0.670597009659714,0.971746949669884,-1.96433547062769,0.241750112105115,32
99,8.14409050312593,1.13915578937282,-0.528755038530564,7.9168614945249,0,0,1.62881465896635,1.88400263200048,-2.15044516726034,-0.657881739404846,33
99,8.42750818696041,1.34234351651432,-1.22949121498679,8.33811616272164,0,0,1.35219138468901,0.845646406872859,-3.00655410028375,-0.569123838229299,34
99,8.56921702887764,0.80952493697652,-0.961016597282085,8.33811616272164,0,0,1.48668033090607,1.78420131794934,-3.40529976552473,-1.28830629717823,35
99,8.89014587674903,0.863652254721336,-0.925950468514706,8.33811616272164,0,0,1.22036282366548,-0.283540765593387,-2.8258919047343,-1.46618416719284,36
99,9.13605239654659,1.06912914668157,-0.673267749008927,8.33811616272164,0,0,1.61170219301572,1.16113379105005,-2.55918415422365,-0.321247735487365,37
99,9.33611193807681,-0.181815236586311,-0.916125869609033,8.33811616272164,0,0,0.729630010670757,-0.0358579882591642,-2.41295351095016,-0.243800905947457,38
99,9.62786543614171,0.0151682899164631,-0.438456751456884,8.33811616272164,0,0,0.682236219633444,-0.116440870422656,-1.96568138621914,0.26214056775975,39
99,9.88627567728491,-0.438857529428314,-0.552019829809607,8.33811616272164,0,0,0.16261846243202,-0.0931089602551804,-1.84455970005259,-0.46116093726583,40
99,10.0654956832391,0.394371015426658,-1.0672737894863,8.33811616272164,0,0,0.596006166131825,-0.376516577864233,-2.72804976502729,0.310709565585366,41
99,10.3655849955344,2.58540310755178,-1.4642111225342,10.1129025676127,0,0,3.00533206585742,2.65557976956949,-3.06361357941125,-0.281415485720056,42
99,10.5864840726407,3.44390338481404,-1.44871799391751,10.4333332615027,0,0,3.86428779301007,2.5813121108016,-2.93596357122389,-1.15661781865942,43
99,10.76987198571,2.90270936979933,-1.55540847085743,10.4333332615027,0,0,3.05883833156593,1.74921132620288,-3.24565088293839,-2.62744605267921,44
99,11.1033045549271,0.968427397966029,-0.202035278578338,10.4333332615027,0,0,1.68085551003392,0.579680574773138,-1.66150418285486,0.567738341127765,45
99,11.4950878237571,1.21677265859938,-0.262685603909232,10.4333332615027,0,0,1.9647364488912,0.971498146096121,-1.55077018772612,-0.487947240514234,46
99,11.7076510866329,1.68035565943507,-0.270475911602306,10.4333332615027,0,0,2.52984277438315,1.02626273002373,-2.17736855750725,2.27480503004416,47
99,11.9118785352784,2.01700758280446,-1.37256095342131,10.4333332615027,0,0,2.53303885361376,0.68755373109602,-3.09849141018934,0.176390639098202,48
99,12.2119678475737,2.44939809462615,-2.39683893461134,12.0546703805251,0,0,2.64617073720726,1.3849176691738,-3.96669023166061,-1.11054749464337,49
99,12.4870497171777,1.04285218837139,-2.03814147419739,12.0546703805251,0,0,1.4867494743029,1.46212294167634,-3.89347392419686,-0.538814772984118,50
99,12.6162548377493,1.02777770267859,-2.79434229132446,12.0546703805251,0,0,1.32377573915259,0.927530901422136,-4.67535360244032,-2.76673245525681,51
99,12.9080083358142,3.7390800205527,-2.8895466352337,12.8624086238927,0,0,4.04667192366156,1.03123494759384,-4.91424529348602,-1.12332557493639,52
99,13.1038999702292,3.62245918688439,-2.81041894983577,12.8624086238927,0,0,4.0134462229718,2.72909935619087,-4.43424982898675,-2.52673397342343,53
99,13.4164930038702,2.94857972834387,-2.08515147947813,12.8624086238927,0,0,3.47815382410492,3.04698701607537,-3.73300661107201,-1.46144401974036,54
99,13.5582018457874,2.31060978738462,-1.75248421129754,12.8624086238927,0,0,2.66640383370614,0.707550959391743,-3.36470016319128,-2.32073234211583,55
99,13.862459065198,2.43823650009036,-3.19563088932393,13.7903892249335,0,0,2.61916460278422,1.88260645124815,-4.91617537143052,-2.14271986874564,56
100,0,0.137382095555365,-0.512358730274161,-Inf,0,0,0.0312239657395547,0.885312152603874,0.392992409557926,-0.509754244409038,0
100,0.241738612682346,2.17886789095933,-1.82345334670002,0.167204881540965,0,0,1.97427525671077,0.521016404833864,-1.16434712118295,0.155399308171785,1
100,0.391783268830009,1.8064257934825,-0.323016840951004,0.167204881540965,0,0,1.43495130028165,-0.391653530052258,0.870312175826025,1.20899892196277,2
100,0.708544209586186,0.792246415069746,-0.544547809259803,0.167204881540965,0,0,0.694553572095477,-0.377245290950569,-0.270710793663384,0.13004578793562,3
100,0.958618636498958,2.38412053137646,-2.07147587240776,0.955049560659637,0,0,2.15160450149347,0.668002934594177,-0.982970217802093,-1.64001464204765,4
100,1.20869306341173,1.40737015864311,-1.69403946651413,0.955049560659637,0,0,0.916157460610596,-0.159465116050357,-1.05218357580003,0.103254960137544,5
100,1.2628758559095,0.985957562528032,-1.57698924596414,0.955049560659637,0,0,0.974481618615127,-0.618256455634088,-0.727532533376236,-1.38853043969787,6
100,1.58380470378089,1.16160614605708,-1.25536340813495,0.955049560659637,0,0,0.697715118486009,0.52564745131552,-0.801931713905931,-0.449875849272665,7
100,1.80887168800238,-1.38849618989018,-0.0804349879832663,0.955049560659637,0,0,-1.38040346911482,-0.763544056029675,0.48877886881967,1.41528783790489,8
100,2.18815123548675,-0.0273170323545038,0.41862183048813,0.955049560659637,0,0,-0.267468856283261,-0.761057743561493,1.10431738636526,1.17992968650519,9
100,2.29651682048229,1.5728356561259,-1.39776814481816,2.19040368538923,0,0,1.65451696930941,-0.109586284795357,-0.881078977087817,-0.519590803212012,10
100,2.54659124739506,1.01325360125874,-0.0272754379206027,2.19040368538923,0,0,0.904419325599993,0.920419464725943,0.795796376095495,0.688721029922665,11
100,2.77999404584698,-0.266016658706993,0.28022933762406,2.19040368538923,0,0,-0.277425476852733,-0.389476702415962,1.65740083688388,1.28564468854554,12
100,3.22596010717475,-0.57050176060476,-0.0346804783346347,2.19040368538923,0,0,-0.290153411268845,-0.444984547924234,0.897237856149185,1.30954740569651,13
100,3.46353081274189,-0.855448475307817,-0.110934530390218,2.19040368538923,0,0,-0.733921452229533,-0.445438435865824,0.133492345499989,0.351168171637062,14
100,3.63441500446561,1.42445373697485,-0.593121744013131,3.62179278060257,0,0,1.28683183441083,1.26859600946729,0.429120447044161,0.0358771711489973,15
100,3.94700803810658,2.42662839752381,-0.738037912698047,3.62179278060257,0,0,2.46121458329986,0.737913672808576,-0.414581829827798,0.290348821182191,16
100,4.00119083060435,2.28000588046706,-0.551353044254457,3.62179278060257,0,0,2.02866177562007,0.253205944374298,0.80341058810022,-1.27063930107845,17
100,4.33045549270616,0.825716829717746,-1.00972541171084,3.62179278060257,0,0,0.286693153743846,0.323027470485294,-0.432637432257861,-0.0451957184063437,18
100,4.6347127121167,2.21003158876316,-2.56718652050893,4.56233834882016,0,0,2.15967565287012,1.32944004922744,-1.20233548246345,-1.66343591032126,19
100,4.75141411134266,1.63748880668231,-1.93117362075269,4.56233834882016,0,0,1.73720137204817,1.11532591628687,-1.0711110775606,-2.32441898499609,20
100,5.15986900863352,0.414648575734029,-0.0412029044933617,4.56233834882016,0,0,0.152073102689731,0.668706245950912,0.52891967547119,0.97996146451203,21
100,5.39743971420066,2.72014128021361,-0.544142450772199,5.23822181531264,0,0,2.17620393293226,0.0843672594417638,0.104390642609414,-1.29636755690589,22
100,5.55998809169396,2.49476053933211,-0.481423238457288,5.23822181531264,0,0,2.03775943468576,0.0272209046109384,-0.129356165815708,-0.772513188887184,23
100,5.85174158975886,0.461964633641868,-1.24528026647819,5.23822181531264,0,0,0.611668326500018,0.0661685953635237,-0.966436801650739,-0.141201281073756,24
100,6.08931229532599,0.605817429637836,-0.6038491762111,5.23822181531264,0,0,0.65001526524907,-0.602397456660921,0.194674223182947,0.889319678377616,25
100,6.41024114319738,0.377372944820412,-0.021661426212031,6.1123655436453,0,0,0.277677040611392,-1.04234465736914,0.81975589321892,0.737266689885307,26
100,6.56862161357547,0.0600882455648839,0.128168000749593,6.1123655436453,0,0,0.0794525580773857,-0.26070103785712,1.07699304878188,0.663989601814081,27
100,6.83536766894909,0.153919317162609,-0.316134524005902,6.1123655436453,0,0,-0.153199025218196,-0.653074684010693,0.32224753649999,-0.825114690256806,28
100,7.12712116701399,-0.7670577693039,0.199419668216329,6.1123655436453,0,0,-0.705889051830739,-1.80944979408024,0.635642556344517,1.36179443186847,29
100,7.30217326585293,-1.00961669536037,0.264087505719139,6.1123655436453,0,0,-1.06892153781108,-1.04141484307053,0.792619839930249,-0.196559470925208,30
100,7.70646025602858,0.705577260729078,-0.535316840607009,7.42608622325262,0,0,1.14342792305324,0.759771359745653,0.0861063667196647,0.552216858534675,31
100,7.9398630544805,-0.234661085631811,1.2031993263723,7.42608622325262,0,0,-0.0549325104749443,-0.125791186974623,2.15907491483377,1.39085459900112,32
100,8.07323608216731,0.730336504016544,0.711443832393343,7.42608622325262,0,0,0.362212024392287,0.699057484382907,2.01241867700616,0.901735244415057,33
100,8.49836260791902,-0.0468025519959807,0.193364654448932,7.42608622325262,0,0,-0.359092523877411,-0.0817921304914515,0.364974306205613,0.106801761824736,34
100,8.57338493599286,1.78601199129126,-1.21616919194847,8.53653588922193,0,0,1.70780159672359,0.177543473672795,-0.402649389434617,-0.271954168617224,35
100,8.88597796963382,-0.064874363303234,-0.364500540610933,8.53653588922193,0,0,0.254111961255687,-0.234855947098446,0.121482650921024,1.72029543512699,36
100,9.24858588865734,-1.13083068664854,-0.536713170197069,8.53653588922193,0,0,-0.991870881887459,-0.197360536482814,-0.165231161930603,0.785142559486564,37
100,9.48615659422447,-1.11850806538285,-0.022943543303646,8.53653588922193,0,0,-1.27841287629728,-1.00914521982088,1.20942747026525,1.35316471311301,38
100,9.57368264364394,-0.572994083455415,0.372728117852207,8.53653588922193,0,0,-0.472022189153579,-0.35681133651942,1.19661647402161,1.4311795012002,39
100,9.89044358440012,-0.0793371381268624,-0.451631600062676,9.63652135488362,0,0,-0.331874113843773,-1.38516804160823,0.941871223054376,-0.0208889988515293,40
100,10.0321524263174,-0.196524477715762,0.742107282067195,9.63652135488362,0,0,-0.602948588422387,-0.108504256131395,1.19698109186571,1.31359390107681,41
100,10.4572789520691,-1.70877153158386,1.30119979681646,9.63652135488362,0,0,-1.446623997669,-1.21491008322819,2.13315267750595,1.3161996155522,42
100,10.6781780291754,-0.0581884704206597,1.54815725871551,10.5267933883292,0,0,0.134017996978608,-0.152320563931544,2.5764122966431,2.22649523367921,43
100,10.9282524560881,-1.41754978665997,1.40608845807847,10.5267933883292,0,0,-1.09866193633058,-0.52293197425457,2.31041675543993,2.16269774625325,44
100,11.0616254837749,-0.962811944853258,0.320545899798673,10.5267933883292,0,0,-1.20304555841538,-0.747204180835434,0.926148595214486,-0.0184059650387296,45
100,11.2658529324204,0.00486806913546201,0.760774859938719,10.5267933883292,0,0,-0.028696979822951,-0.994355316173913,1.78978143872403,0.99030513130607,46
100,11.5617743376005,-0.821895418826972,1.18839954223315,10.5267933883292,0,0,-0.958173122097436,-0.636904584931598,1.84209675633426,0.227332723896744,47
100,11.9535576064305,0.493054627402514,0.339884982602292,10.5267933883292,0,0,0.667307375587878,-0.511215508087871,1.18504247935399,1.72237293467029,48
100,12.1952962191128,1.43850250731243,-1.16962699514596,12.1447607356392,0,0,1.57363895440287,0.242571913182529,-0.304276707761525,-0.0859615208288863,49
100,12.3828520392974,0.92416107523652,-0.99793379760579,12.1447607356392,0,0,0.758879938389314,0.239744889004699,0.519922545948892,0.594809401851568,50
100,12.7162846085144,-0.132220499354257,1.05370485358082,12.1447607356392,0,0,0.341707065610101,-0.679106532048377,2.14175652689847,1.55328453945686,51
100,12.9955343852337,0.416065602684624,0.133733390397831,12.8902510005766,0,0,0.59794483990371,0.244777537115022,0.736312406852845,-0.00135477659793048,52
100,13.1664185769574,-1.31068601466043,0.220593012745746,12.8902510005766,0,0,-0.988770268160866,-1.09982947300817,0.913070205999655,-0.263982151532406,53
100,13.4873474248288,-0.436970997104986,-0.0779650344243779,12.8902510005766,0,0,-0.0129004618414914,-0.719892899648089,1.19014071034874,1.10003315073831,54
100,13.6165525454004,-0.431919838718733,0.124127701105801,12.8902510005766,0,0,-0.551307379619279,-0.474410053830838,0.802498502800588,-0.038481742730411,55
100,13.8541232509676,0.572421653715397,-1.16941171067779,13.8311280323076,0,0,0.558057850217851,-0.602176455234566,-0.709421745927512,-0.555206299306618,56
