"id","time","eta1","eta2","tx_time","hw_integral_1","hw_integral_2","y1","y2","y3","y4","quarter_day"
1,0,-0.0884446111652557,-0.0284337300293984,-Inf,0,0,-0.559872409468229,0.553928857743388,-0.359794037575822,0.0968261627595332,0
1,0.195891634415004,0.504868428110827,-1.87644142400054,-Inf,0,0,-0.492463850818125,0.726922316391684,-1.30008222433494,-1.17055796295573,1
1,0.26257814825841,-0.358890092279863,-0.382316200650562,0.259520694706589,0.0961782584723958,-0.00335918875462499,-0.0807224071991426,0.617896872699923,-0.522801851958866,-0.0341009460595357,2
1,0.650193509973206,1.49851821989075,-1.22294984858647,0.259520694706589,0.124036647944177,-0.00168003815235977,0.642540833358993,0.884493178781912,-1.07497796546909,-0.714919433977994,3
1,0.983626079190235,1.83503035774013,-0.452497317646494,0.818788123291989,0.127742493761459,-0.00356138160339842,0.585779179762536,1.08354222414026,-0.409268470737815,-0.190232952586125,4
1,1.10866329264662,2.59784881198085,-1.95588667724203,0.818788123291989,0.125690690794516,-0.0025197446155116,0.737075404706419,1.2555938939674,-1.9609783642748,-1.25968837217714,5
1,1.29205120571599,3.24621360568818,-1.16216319799896,0.818788123291989,0.122681379776328,-0.000992010366610979,1.1320693260142,1.53589471702635,-1.67260000225119,-0.458772266740095,6
1,1.64215540339387,1.86787868362335,-3.0393248525511,0.818788123291989,0,0,0.753393616689085,1.00250228156668,-2.09417901079807,-2.02705034817924,7
1,1.82554331646323,0.30678579801567,-0.992224239380917,0.818788123291989,0,0,-0.472830333775097,0.74867378003131,-1.14853504644368,-0.59458493048592,8
1,2.07978565049122,-0.146193026666794,0.234403838144026,0.818788123291989,0,0,-0.352657270356433,0.66974578372606,-0.72576424249497,0.384739026920857,9
1,2.38821077701697,1.1326692541348,-0.981224547281614,0.818788123291989,0,0,0.0658907569785561,0.82375162532406,-1.12320106633238,-0.545377626931658,10
1,2.57993450431676,2.72837461504171,-1.17887303814396,2.54343885895438,0.129848531846149,-0.00463055208528637,0.790024997104572,1.07535818464457,-1.01393817576908,-0.571241441029453,11
1,2.99255730872283,8.08785892968884,-3.77510230526321,2.79879337485808,0.250345413867848,-0.00451356041914414,3.09638969362871,2.75940341306429,-2.42874727393628,-2.54625925111166,12
1,3.0800833581423,6.67265635708598,-4.50020938913629,2.79879337485808,0.125831569735786,-0.00259126450236499,2.3602789231662,2.23965342737691,-2.53262787556144,-2.48539856420747,13
1,3.33015778505508,3.69803019116898,-2.69494576744831,2.79879337485808,0,0,1.4854122759368,1.59728718203554,-1.79734152701229,-1.66888129473413,14
1,3.53438523370051,-0.238044625393704,0.0995926045217482,2.79879337485808,0,0,-0.237761878595616,0.604471238120454,-0.712659141180753,-0.207427393627629,15
1,3.99702292348913,0.686682664740203,-1.21865758136457,2.79879337485808,0,0,0.0754383916402017,0.764211930259714,-1.35465011026319,-0.608940470804954,16
1,4.20125037213456,0.912121952085406,-0.237976852639721,2.79879337485808,0,0,0.145897786735004,0.872556956227909,-0.477790672808166,-0.0436718738123495,17
1,4.43465317058648,0.806358355015585,-0.400535861499352,4.4161042542358,0.130143029386643,-0.00478005938981907,0.0935688556445774,0.737431492461769,-0.459457649009013,-0.110253019843742,18
1,4.55135456981244,3.26249466396158,-0.5565422805793,4.4161042542358,0.128228013284159,-0.0038078648677913,1.37460361134151,1.45954907331173,-0.174046714879014,-0.650325369193434,19
1,4.84727597499256,5.3879621386295,-4.40740751597087,4.4161042542358,0.123372079595721,-0.0013426573297922,1.98602267372367,1.8988324695984,-2.6480037609884,-2.78354585606143,20
1,5.03899970229235,4.74874699671919,-2.7674981667709,4.98436078719365,0.129550809163069,-0.00447940747548466,1.94007133992366,1.99669955505979,-1.5810380943777,-1.6331226464802,21
1,5.43911878535278,4.54660933641827,-3.52242805426378,4.98436078719365,0.122985039668841,-0.00114616911424607,1.55666836539832,1.70595190859007,-1.71570523535007,-1.9115752465255,22
1,5.68919321226556,0.581763771252315,-2.92816689929925,4.98436078719365,0,0,-0.00806154316856304,0.69100743018355,-1.9525296987229,-1.53025604264991,23
1,5.86007740398928,-0.679449645112619,-0.531685441768472,4.98436078719365,0,0,-0.0801575615010633,0.43711910834303,-1.17527642623377,-0.0717788876881383,24
1,6.06430485263471,0.832978635354271,0.0419650602718064,4.98436078719365,0,0,0.208449356381769,0.832547016067648,-0.968449383672183,0.0149546064885032,25
1,6.43941649300387,2.3490753452845,0.106042058294627,6.13138673502343,0.125392782373683,-0.00236850571239028,0.994247624706936,1.39167254126257,-0.572514206559373,0.217968264144246,26
1,6.5769574278059,3.0457871046882,-2.01803641680847,6.13138673502343,0.123135799110042,-0.00122270502571481,1.18753709692749,1.48706752958518,-1.2377881832427,-1.27021156808722,27
1,6.95206906817505,0.266843787874071,-0.8503790330766,6.13138673502343,0,0,-0.169009279498583,0.528734543708479,-1.27202520434618,-0.382801550737717,28
1,7.00208395355761,0.32889706750085,-0.798083468329758,6.13138673502343,0,0,-0.0373640043279073,0.62365208486282,-0.894956805491707,-0.285577570434793,29
1,7.36469187258113,0.152143816728492,1.00127560675695,7.30714813036522,0.129503142290655,-0.00445520847676084,0.012356321081553,0.681566400677973,0.328583494385076,0.634021352466203,30
1,7.52724025007443,3.8869674767316,-1.35542867511753,7.30714813036522,0.126835798433625,-0.00310108039250792,1.22040692928917,1.49502917098965,-1.06200750387523,-0.858481220468075,31
1,7.77314676987199,3.87338687808016,-2.53376015690519,7.30714813036522,0.12280058593199,-0.00105252764966461,1.39088450308132,1.65975881986314,-1.63872344446341,-1.31200524560626,32
1,8.1982732956237,2.39673816294478,-1.03211753351583,7.30714813036522,0,0,0.314436784225633,1.13570041958735,-0.829952965811087,-0.587784215659437,33
1,8.38999702292349,0.940437617287449,0.631201942661266,7.30714813036522,0,0,0.403526159763973,0.967971028976303,-0.215986958138489,0.427460456819303,34
1,8.69842214944924,0.0830635068500989,0.100334668281686,7.30714813036522,0,0,-0.0662889005464858,0.770330212284396,-0.804080122482439,0.209604190457372,35
1,8.84013099136648,0.00962985909625384,-1.01353037298588,7.30714813036522,0,0,-0.244907794041242,0.744443851522826,-1.49786645532668,-0.58378500174903,36
1,9.15689193212266,4.05888568810657,-1.02524962377051,8.86793817075399,0.125705810674352,-0.0025274205114526,1.65754842129709,1.70943917513582,-1.55512160452869,-0.565282709786944,37
1,9.48615659422447,2.38521529531444,-1.00214154534649,8.86793817075399,0,0,0.741731360840722,1.09769670224615,-1.07185578601537,-0.615833568023215,38
1,9.58618636498958,-0.21104362182609,-1.61051172544343,8.86793817075399,0,0,0.0599008421438355,0.669603255306812,-0.968308712920754,-0.600502269084109,39
1,9.83209288478714,0.0147997908603752,-1.25687042776423,9.82264499120199,0.13029237296999,-0.00485587651400154,-0.0877100219703897,0.850399728605647,-1.39345956700157,-1.06350783421913,40
1,10.1530217326585,2.84918395655114,-2.06135279706342,9.82264499120199,0.125026078688213,-0.00218234157842676,0.623114000455979,1.19026275031796,-1.74256121214227,-1.24210205326381,41
1,10.3405775528431,2.8144943480424,-0.884226424951079,9.82264499120199,0,0,0.954962824528989,1.38933241927376,-0.598162761540477,-0.730895679232,42
1,10.5989877939863,1.37395338356572,-1.2684414166615,9.82264499120199,0,0,0.0366173366060901,0.92650342358107,-1.39177817133565,-1.06077040782456,43
1,10.76987198571,-0.517978403644292,-1.34330739525424,9.82264499120199,0,0,-0.332091363824925,0.464429354742617,-1.88055186768704,-1.01457548114162,44
1,11.1949985114617,3.83311360775606,-0.576452599113698,10.9057709017357,0.125701316949191,-0.00252513918599531,0.764325942483125,1.60118461216039,-0.854554710129036,-0.384417625990062,45
1,11.4242334027985,3.50046538279856,-2.68678569491878,10.9057709017357,0,0,1.2105657665353,1.43696269885958,-1.65033240207784,-1.68581942455175,46
1,11.6534682941352,0.0951102584291778,-1.01707996245637,10.9057709017357,0,0,-0.293755446568719,0.690624168621338,-1.39287610783102,-0.619538650461532,47
1,11.9618934206609,-0.615158208081176,-0.486955829385423,10.9057709017357,0,0,-0.0903297848892445,0.478423173922048,-1.13120998656776,-0.068168970931209,48
1,12.0827627270021,-0.0413258868634027,-0.354324498024972,12.0385967537098,0.129722665304723,-0.00456665353012581,-0.00443417809168267,0.367503356547247,-0.709606064144037,-0.403693822595074,49
1,12.2953259898779,3.22056935729874,-1.60891768846156,12.0385967537098,0.126234600260915,-0.00279587065071824,0.954020211851938,1.47139257461868,-1.55456846734728,-0.995766059567619,50
1,12.6829413515927,2.58888121266405,-1.7927739120209,12.0385967537098,0,0,0.607817423928131,1.20536344382248,-1.20114551827586,-0.834581522559396,51
1,12.8496576362013,1.50874975145301,-1.40126690478639,12.0385967537098,0,0,0.180195030320627,1.07654475114027,-1.14489219656992,-0.228677169037206,52
1,13.0080381065793,-0.166592568285051,0.404186747887971,12.0385967537098,0,0,0.00824500064321176,0.482057904381824,-0.229308048045463,0.511399459324979,53
1,13.4289967252158,1.03778806366744,-1.61412622955033,13.0558444504411,0.12432415192778,-0.0018259950440698,0.220508656595505,0.938311098088164,-1.70930299987966,-1.0632031895751,54
1,13.6290562667461,3.60160540010009,-2.93764445236171,13.0558444504411,0,0,1.16328297130364,1.35237026583313,-1.95016041545169,-2.08157279698241,55
1,13.9249776719262,0.042837340556967,-1.36720458969661,13.0558444504411,0,0,-0.414259968310663,0.537767289660504,-1.22603581925605,-0.702185278030386,56
2,0,-0.685462310427337,0.334035759491583,-Inf,0,0,-0.610944114789587,0.394738383677671,0.494097129188323,-0.163208286184939,0
2,0.0166716284608514,-0.172762533914117,0.071562374923514,-Inf,0,0,-0.13322537716253,0.440699366252108,1.13693447098944,-0.115791699439362,1
2,0.491813039595118,2.74429496281246,-1.7936628998323,0.0609971452387981,0.123377918542731,-0.00134562158283086,0.711807532248387,1.3397072219929,-0.641296341006678,-1.22267279268073,2
2,0.558499553438523,3.46944834880579,-1.80001620683031,0.0609971452387981,0.122283623627026,-0.000790081855957983,1.30545189978646,1.28489667924794,-0.505957974023692,-1.2653399215766,3
2,0.854420958618637,0.637580103590347,-0.625532479070657,0.0609971452387981,0,0,0.282107964017219,0.709559156418763,0.406171537474624,-0.62198968206814,4
2,1.02947305745758,2.99707898052917,-0.444044093956924,0.881513397463669,0.128019458807757,-0.0037019882021903,1.16011693185805,1.32947471215972,-0.0865611779878131,-0.699197208206567,5
2,1.34206609109854,2.62000259287184,-1.64067681980027,0.881513397463669,0.122889951390392,-0.00109789573247253,0.739761971545536,1.00401882407112,-0.245875162597851,-1.33873885687557,6
2,1.5546293539744,0.856286938375375,-1.04544313988783,0.881513397463669,0,0,0.277024262857254,0.645331539156714,-0.0487269507271876,-0.981264152251013,7
2,1.80887168800238,1.02661935415567,-0.395504007105288,0.881513397463669,0,0,0.480966558261466,0.795268431207159,0.457356690233453,-0.035053226355579,8
2,2.00059541530217,0.602893335828095,-1.07338519466169,1.96954881688222,0.129937948191678,-0.00467594600192123,-0.0870911953765496,0.635258840887923,-0.0690264651485987,-0.921305385953765,9
2,2.4632331050908,5.23054089481384,-1.79268338634137,1.96954881688222,0.122346277213972,-0.000821889146739321,2.01999221285369,2.07362268653128,-0.60537640845879,-0.81128457666947,10
2,2.64245311104495,1.05391789741859,-2.26522553735028,1.96954881688222,0,0,0.0144348761864338,0.890662885950016,-0.854682398534841,-1.69582960142031,11
2,2.80916939565347,-0.362189620481352,-0.618338834824831,1.96954881688222,0,0,-0.369721450092323,0.443404188646628,0.027025230772955,-0.238985057516097,12
2,3.03423637987496,-0.164252408276322,1.01498575450746,1.96954881688222,0,0,0.0987628062427792,0.407178981981661,1.28785378338303,0.330061796302559,13
2,3.26347127121167,-0.688689491879201,0.768067954421066,1.96954881688222,0,0,-0.649743041041136,0.323038812967158,1.2643084369401,-0.0407380607300957,14
2,3.74694849657636,3.24738164780599,-1.14175679759967,3.34486288306697,0.123849369192119,-0.00158496251482447,1.017176106175,1.32708134296172,-0.0130315737943604,-0.735443612705198,15
2,3.99285501637392,0.381550485656951,-0.0496380657101865,3.34486288306697,0,0,-0.0369058366406899,0.600655499421191,0.706823758344236,-0.318391731103448,16
2,4.1470675796368,-0.450640326490927,-0.21671333355117,3.34486288306697,0,0,-0.38925400191513,0.274584552475567,0.704228266031767,-0.324871687973349,17
2,4.41381363501042,0.0271836202349297,-0.511812893415581,3.34486288306697,0,0,-0.41711546373322,0.687980779692028,0.289904287857432,-0.259597101655595,18
2,4.56385829115808,-0.668202288887194,0.601099669862407,4.53312533252622,0.129943094875861,-0.00467855881450067,-0.37686195487978,0.316417480556261,0.711722028269204,-0.152996568953679,19
2,4.75558201845787,2.76551497919245,-0.808708797203827,4.53312533252622,0.12679699699321,-0.00308138209974058,1.16658459017875,1.19038101677607,-0.11909330574615,-0.767700636374595,20
2,5.11402203036618,4.80406150682308,-2.61934160680172,5.00978692962358,0.128736958645768,-0.00406624070699435,1.9452693452157,1.73178349687914,-0.856670857951249,-1.95190281046097,21
2,5.26823459362906,5.63303881755058,-2.8310416392719,5.00978692962358,0.1262064016532,-0.00278155508860044,2.08712899734246,1.94452981272352,-0.571417844720006,-1.61031835132701,22
2,5.62667460553736,0.666484343312844,-1.07255997607101,5.00978692962358,0,0,-0.0632339147243818,0.568700469548169,-0.429558334122943,-0.967180781183392,23
2,5.94760345340875,0.677394680653878,-0.168617327751767,5.00978692962358,0,0,0.124460955854655,0.830279164315487,0.564143177281898,-0.0934552129657577,24
2,6.11015183090205,1.19910639573543,-1.03833659055623,5.00978692962358,0,0,-0.217600712054461,0.661350837677362,0.192027023330287,-0.931411577970187,25
2,6.44358440011908,-0.81185788722964,-0.331086707613555,6.4407994879535,0.0877254550482468,-0.00300665716968274,-0.818189934111409,0.456330860374979,0.660471091266302,-0.462452829900085,26
2,6.61863649895802,2.14611117214192,0.400979505192294,6.4407994879535,0.127529185266357,-0.00345309146935018,0.616170475280484,0.92139959911511,0.121208894680918,-0.00633392973807569,27
2,6.88121464721643,4.7952190239777,-2.4117222358364,6.4407994879535,0.12322039903577,-0.00126565379478748,1.8129172129946,1.89050650700067,-0.850311815213602,-1.29210379608603,28
2,7.15212860970527,1.42231190526122,-1.54006200870507,6.4407994879535,0,0,0.118366850997213,0.811817614934587,-0.107451699078807,-0.729644593533352,29
2,7.43971420065496,0.0690439905400108,-1.37009777688854,6.4407994879535,0,0,-0.0544267865638691,0.553333634571831,0.0278765765365128,-0.992354991974042,30
2,7.56475141411134,-0.861845835746035,0.223524501559202,6.4407994879535,0,0,-0.41853256988509,0.210516979534304,0.547729521928963,-0.309435248379844,31
2,7.97737421851742,3.66406418066614,-0.898919736293255,7.83331225594649,0.128083418223617,-0.003734458421983,1.09781202517953,1.60965636710188,0.57023698256192,-0.601531935634665,32
2,8.08990771062816,3.61982564996955,-1.65079919881057,7.83331225594649,0.126236795553366,-0.0027969851328852,1.38476589412186,1.55229074076304,-0.635516944773791,-1.45090557982295,33
2,8.44417981542126,1.55258337834391,-0.567786564947623,7.83331225594649,0,0,0.50431281547315,1.03127154791618,-0.151193166771866,-0.58281771475229,34
2,8.58172075022328,0.437893018927859,-0.0688446705118661,7.83331225594649,0,0,0.0273319190048894,0.642899784154019,0.939313609094511,-0.546587193819434,35
2,8.77344447752307,-0.870273286110189,0.60591415428647,7.83331225594649,0,0,-0.718873766102172,0.156188930684894,0.795100935309176,0.101588636878418,36
2,9.06519797558797,2.99863042762952,0.0613595243779622,8.8016597898068,0.12612286854016,-0.00273914790738825,1.03053971645486,1.37765134154278,0.150764369945299,0.1728036711897,37
2,9.28192914557904,3.72018548698185,-1.59927753523761,8.8016597898068,0.12256641006417,-0.000933643795052022,0.747674508936876,1.23648160427814,-0.34514847614499,-1.56963140413243,38
2,9.68621613575469,4.787923185268,-1.4873717857693,9.33480978478463,0.124680992501411,-0.00200715198082813,1.45138765143046,1.90413016173302,-0.599728830632518,-1.20447350006503,39
2,9.93212265555225,2.63043361728749,-2.62808857760429,9.33480978478463,0,0,0.778392879751424,0.967536482367212,-0.492824557625747,-1.77177403900588,40
2,10.1738612682346,0.492477454701474,-0.490126198159447,9.33480978478463,0,0,0.00838964824419064,0.648901390834695,0.313097968294534,-0.739255272375547,41
2,10.4281036022626,-1.45156696197004,0.0138379427884009,9.33480978478463,0,0,-0.945957682137114,0.114258357331217,0.533364767499205,-0.183855249832047,42
2,10.6490026793689,0.547473697579306,-1.67187121429614,9.33480978478463,0,0,0.304294249431046,0.723397581793415,-0.642830479637223,-1.61602050150455,43
2,10.8240547782078,2.77492651756391,-2.40760799263097,10.7034800521385,0.128468832935076,-0.00393012156583687,0.760242979412497,1.29901228297232,-1.54546052629451,-1.40224368284437,44
2,11.2450133968443,4.77485737231958,-3.71345903119788,10.7034800521385,0,0,1.02781905517845,1.78185864254196,-1.6568766754806,-2.12437865097146,45
2,11.2700208395356,3.95194125312036,-3.27456620114878,10.7034800521385,0,0,1.05936806203714,1.61586773059375,-1.43929243657068,-2.06689639072138,46
2,11.5617743376005,-0.281356201784009,0.138574549007274,10.7034800521385,0,0,-0.513040482640722,0.38044650916756,1.01285917797552,0.139730941622825,47
2,11.9535576064305,4.00795589089332,-2.02524407259475,11.5728802649107,0.124200669055385,-0.00176330660403476,1.56078434870028,1.44693664912811,-0.850949916328702,-1.41512946845212,48
2,12.2286394760345,1.62053015128736,0.298806364659364,11.5728802649107,0,0,0.725078454979589,0.990108451305605,0.628312695312286,-0.551587041618531,49
2,12.3620125037213,-0.346145667957928,0.0228096858535441,11.5728802649107,0,0,-0.342687882528823,0.255945784501215,0.530958017426748,-0.101148495589442,50
2,12.7121167013992,2.38964738774807,0.0621647931328435,12.6293458164222,0.129089176520565,-0.00424505084230888,0.562437141534464,1.17995399321973,0.271543978583278,-0.390010566072599,51
2,12.7996427508187,4.8093866978148,-0.901896309667848,12.6293458164222,0.127652914443651,-0.00351590495078628,1.44379582600367,1.82859424063258,0.717404126424223,-0.701217612437561,52
2,13.21643346234,1.3586170111,-1.96482758569321,12.6293458164222,0,0,0.234248737056275,0.904169078463361,-1.25583904457426,-1.53361030492147,53
2,13.3289669544507,-1.51478149620652,-0.971360496360699,12.6293458164222,0,0,-0.752440800058078,0.163838081949391,-0.207930367107989,-1.01062189050578,54
2,13.5165227746353,0.161879027125098,0.263800422788477,12.6293458164222,0,0,-0.176075982606567,0.639988860076484,1.08054486054957,0.42368261110908,55
2,13.9041381363501,1.9669003409205,-2.21048814799951,12.6293458164222,0,0,0.678951153835034,0.928827123101388,-0.891192337025567,-1.45981048983145,56
3,0,1.68811476548861,0.0419278836605684,-Inf,0,0,1.02835564721565,0.652657052870617,0.4851643593612,-0.828278645267237,0
3,0.20422744864543,1.45208255618309,-0.728804237931663,-Inf,0,0,0.72554782346054,0.705589759246116,0.17860148116061,-1.54619635681385,1
3,0.370943733253945,-1.79130083169717,0.899637492552351,-Inf,0,0,-0.657810516373557,-0.104521236051005,0.346585765221329,-0.376113137963769,2
3,0.587674903245013,1.1939039901161,1.09711786820445,0.419302955595776,0.127684502587792,-0.00353194127582751,0.645202129737782,0.719763324847328,1.74603966196168,0.061769743928789,3
3,0.808573980351295,2.87620687894539,0.67488079552402,0.419302955595776,0.124059650679524,-0.00169171593056051,1.4916100783812,1.14036752085526,0.527586376544263,-0.317509099113004,4
3,1.05031259303364,1.42808206184724,-0.88428727888046,0.419302955595776,0,0,0.838434026207674,0.795510753663278,0.208271703559972,-1.53465428760424,5
3,1.35873771955939,1.20199896852597,-1.82352952314732,0.419302955595776,0,0,0.314228021880671,0.772060646378344,-0.701583456154429,-1.92685484756233,6
3,1.66716284608514,2.76494899485488,0.227535425127072,1.40748646636314,0.126186238995349,-0.00277131913001977,1.07479431073815,1.1360990478418,0.847325435522776,-0.455034400305769,7
3,1.76302470973504,2.50421736023031,-0.763317165607145,1.40748646636314,0.124613190054024,-0.00197273077263996,1.16326228450102,0.809008018007834,0.0158460065247066,-1.43345485649832,8
3,2.10896100029771,0.713361525036987,-0.184650141347027,1.40748646636314,0,0,0.567018441687562,0.560408569342513,1.02347410687338,-1.06263241214319,9
3,2.36320333432569,1.07359452787884,-1.33489909440625,1.40748646636314,0,0,0.420177956022291,0.522784894065408,-0.282389770773157,-1.4658700401393,10
3,2.53825543316463,0.843827206446581,-0.017627245838699,2.49891370462361,0.129801828934682,-0.00460684245974724,0.787887973212274,0.800747655712902,0.372481573011137,-0.860885355670653,11
3,2.7883298600774,3.36242182408392,-2.10912880752595,2.49891370462361,0.125698223000789,-0.00252356848397327,1.79178502323966,1.33417636765354,-0.339578031659477,-1.89714760980227,12
3,3.21762429294433,1.40095066689602,-0.176730090321624,2.49891370462361,0,0,0.988559501328434,0.605868440222142,0.551982488951334,-0.935697323559819,13
3,3.43852337005061,2.46945334495251,-1.74500112216294,3.35916705261379,0.129145207998018,-0.00427349629265998,1.44962417779895,0.979845476161318,-0.47489681984414,-1.30092873218082,14
3,3.60940756177434,2.76357348451653,-0.897298179609137,3.35916705261379,0.126341077276525,-0.00284992574254786,1.36744203924767,1.32363925301316,-0.197694634544934,-1.36301649821817,15
3,3.81363501041977,4.07392671564248,-1.9337457590936,3.35916705261379,0.122989799097167,-0.00114858532899871,2.02332400431853,1.37475735438615,-0.788619766809366,-2.18930256629179,16
3,4.23042572194105,0.660981025745983,-1.68203469207982,3.35916705261379,0,0,0.498905252139875,0.541381011628298,0.034358077410829,-1.80259242340051,17
3,4.41381363501042,0.915475060095284,0.199846104405075,3.35916705261379,0,0,1.0055288456993,0.543956160652434,0.849461614938071,-0.615518128755231,18
3,4.63054480500149,3.61268355345314,-1.7548218154901,4.46862379644747,0.127790359521182,-0.00358568157107585,1.49163567243366,1.28890209541208,-0.49145582181939,-1.9049503976822,19
3,4.94313783864245,3.7520226321815,-0.915230343534647,4.46862379644747,0.122660852103816,-0.000981589101358538,1.8865750407544,1.50978707710212,-0.222306241777104,-1.25245474272558,20
3,5.0890145876749,2.74733168666696,-0.133441190890005,4.46862379644747,0,0,1.14043235759951,0.9539139185758,0.680321738943828,-0.712631223662919,21
3,5.25989877939863,0.922100468302911,-0.200162788483948,4.46862379644747,0,0,0.548752910931179,0.62292170922103,0.615762206816793,-1.17821723711476,22
3,5.5724918130396,2.99087947005797,-1.69440543841751,5.41857243258542,0.127921662545472,-0.00365234006067069,1.34463064510168,1.23910680327343,0.173258544619757,-1.69221328131544,23
3,5.97261089610003,3.5801108543687,-1.87174627176176,5.41857243258542,0,0,1.67439987256252,1.28060732529779,-0.121135797206735,-1.84648938144718,24
3,6.06847275974993,3.26288328287851,-1.72465226817495,5.41857243258542,0,0,1.58593482055409,1.24629127754494,-0.291400394810961,-1.7597211655347,25
3,6.47275974992557,-0.213370124002535,-0.583258648005162,5.41857243258542,0,0,0.218211000477137,0.361576886644808,0.540971594375251,-1.01826059767831,26
3,6.58529324203632,0.225102002033248,1.18711591729628,5.41857243258542,0,0,0.148193915860417,0.591082472486003,1.07362127446624,-0.0883396092631373,27
3,6.8687109258708,0.766976940528753,0.159231239374322,6.73152012595764,0.12819617083175,-0.00379169943828879,0.747923662789709,0.544511438262833,0.413892793486927,-0.689041697981148,28
3,7.20631140220304,4.03193627628158,0.13830040773349,6.73152012595764,0.12265630282097,-0.000979279570993585,2.04704987102585,1.21713810708832,0.84092409447958,-0.730971734382118,29
3,7.31467698719857,-0.309623441960612,0.479317709893541,6.73152012595764,0,0,0.0670544261257667,0.347755462623023,0.998902763082689,-0.417995129872918,30
3,7.73563560583507,1.31537853330513,-0.369798551715624,6.73152012595764,0,0,0.74537553911655,0.738719510607737,0.633361179401378,-1.21118575331467,31
3,7.94819886871093,0.923997501261549,-0.530386761529166,7.8620234131222,0.129033309088043,-0.00421668867252697,0.718766909448955,0.49736596338513,0.104343380024316,-1.22222282385805,32
3,8.06490026793689,2.84255876470546,0.128592182228149,7.8620234131222,0.127118292985586,-0.00324449415049985,1.25216055183482,1.10630428958115,0.786808922738883,-0.713073929165231,33
3,8.25662399523668,3.83011144862428,-1.18584585380644,7.8620234131222,0.123972195102934,-0.00164731743573954,1.96894730265499,1.40161786853968,-0.174859310404177,-1.33283132504643,34
3,8.74010122060137,1.94116120293285,-2.1390362952958,8.63304143974987,0.128690606948771,-0.00404270938220579,1.08759624606283,0.762350998584489,-0.426608926818235,-2.2478240578525,35
3,8.77761238463829,3.98134869383831,-2.0086096822209,8.63304143974987,0.128075066058688,-0.00373021828583985,1.51317044521342,1.35735954028601,-0.159934288006571,-2.1224265965691,36
3,9.11938076808574,5.69580247603956,-1.91838365333577,8.63304143974987,0.122466804615752,-0.000883077185616685,2.36285858762953,1.9491569221904,-0.830655387829398,-1.59826378506517,37
3,9.30276868115511,0.574479210106934,-0.863075471564046,8.63304143974987,0,0,0.264318241146282,0.449933140152041,0.435563930884678,-1.38313924303248,38
3,9.67371241440905,-0.666054646066068,0.565521984902794,8.63304143974987,0,0,-0.298364566252535,0.0263091546814314,0.474885687255713,-0.516480698845338,39
3,9.78207799940459,-1.59039793865036,0.787794722627116,8.63304143974987,0,0,0.179596083795293,-0.0649174037913105,0.78872281289675,-0.35626213790997,40
3,10.0404882405478,0.82150989008897,0.607109778875602,8.63304143974987,0,0,0.611152171505121,0.699887373786194,0.349587442791654,-0.0506302051528438,41
3,10.3697529026496,2.10101695155017,1.72470306648898,10.0944584524563,0.125929953666787,-0.00264121098515145,1.14695120961144,0.796479596872901,1.55886161770534,0.430656397318946,42
3,10.6948496576362,3.80688084896563,-2.06925420118367,10.402648535772,0.125652522987258,-0.00250036799875014,1.7026082606331,1.41801711438753,-0.852705067364039,-2.067542374759,43
3,10.7657040785948,4.72963868549942,-2.02975191079471,10.402648535772,0.124489834639373,-0.00191010703894841,2.2548058273678,1.48859393459822,-0.615925870718503,-1.9208708362133,44
3,11.0282822268532,0.398077960158925,0.429060051847275,10.402648535772,0,0,0.457638041625785,0.468517059062654,0.371893150128305,-0.859366001751602,45
3,11.3408752604942,-0.591251851781163,0.0828162095323137,10.402648535772,0,0,-0.153729706545067,0.198186913043703,1.05560208021886,-0.663002877338703,46
3,11.5034236379875,0.281795082769143,0.756082980856217,10.402648535772,0,0,0.236790881024674,0.368700413020005,1.20280515107151,-0.222639359373618,47
3,11.9368859779696,2.57953175683883,-2.86301820926324,11.6589235982893,0.12588617417518,-0.00261898548957334,1.09456675955541,1.05526191551251,-0.464498762894089,-2.55391612585542,48
3,12.1369455194999,3.47073786261023,-2.0182321219563,11.6589235982893,0.122603289428116,-0.000952366308955122,1.86133293120932,1.24103384962047,-0.542125063731399,-1.87633715564411,49
3,12.4036915748735,1.32556947810758,0.527717034386478,11.6589235982893,0,0,0.792795750025804,0.72149058698959,0.962087275867878,-0.121126869113345,50
3,12.5912473950581,-2.06279237509558,-0.235914421855235,11.6589235982893,0,0,-0.614744409011459,-0.129147741534828,0.44358718329748,-1.14783688767285,51
3,12.7704674010122,-0.431136867118241,0.286815886940217,12.7509138621873,0.130126543995458,-0.00477169026594675,0.355763169782226,0.233305133197984,0.443367986053863,-0.882276638156448,52
3,13.2247692765704,2.57542556831923,-1.20171220675697,12.7509138621873,0.122671659882222,-0.000987075876624666,1.35997804075461,1.00312260730648,-0.575107845539148,-1.56850795143921,53
3,13.2664483477225,3.32083679026576,-1.17063650921225,12.7509138621873,0,0,1.76789556251539,1.20143950815664,0.291229531334839,-1.99067345293429,54
3,13.5165227746353,1.32377043635592,-3.18350675026115,12.7509138621873,0,0,0.857858032233343,0.688893418339613,-1.06983721260504,-2.52842235508646,55
3,13.8791306936588,0.449821633636243,-0.0134823920375375,13.8696557393065,0.130291928915342,-0.00485565108114852,0.686298088911783,0.549666172986671,0.629047697059839,-0.407045895724827,56
4,0,-0.836843959644488,0.278949730283629,-Inf,0,0,-0.733691408070527,-0.33244477308332,-0.57800106722664,-0.341950727702743,0
4,0.195891634415004,1.10279318819126,-0.835593598777877,-Inf,0,0,0.055615603200512,0.328213569282508,-1.31408722449417,-0.954397917630085,1
4,0.404286990175648,1.52909191194476,-1.85798506951978,0.384081606601831,0.130115847523983,-0.00476625999777297,0.232820427245318,0.283122186093859,-1.34827708420644,-1.3380552310132,2
4,0.52515629651682,2.6236945033727,-0.156760110467934,0.384081606601831,0.128132437989269,-0.00375934424281572,1.12743771771332,0.552588512574094,-0.65034461536926,-0.432101922148507,3
4,0.912771658231617,3.17221398428361,-1.7417886906483,0.384081606601831,0,0,0.999382681704736,0.763612553075464,-1.43134149119931,-1.29003711853185,4
4,1.15867817802918,1.04785003727579,-1.29646459695708,0.384081606601831,0,0,0.653539320038721,0.27136109763334,-1.15205372581582,-1.18299767241364,5
4,1.41292051205716,1.49644467545324,-0.7803249026849,1.30939932970617,0.128748673717094,-0.00407218808683826,0.418478464059667,0.414303180419854,-0.687271925451256,-0.799221152056051,6
4,1.63798749627865,3.30031776626953,-2.56759677567752,1.30939932970617,0.12505542837659,-0.0021972415086413,0.699921241438522,0.847372342583385,-1.17827124791754,-1.81845642353527,7
4,1.77552843108068,6.42708670154285,-2.70729785033838,1.30939932970617,0.122798445112949,-0.00105144082196582,2.31639773466667,1.65467967223749,-1.77207752963935,-1.94434283968616,8
4,2.22149449240846,3.50069720335316,-0.502252885449403,1.97927487117346,0.126472696345667,-0.00291674467835097,1.26547075854352,0.722101464924495,-0.751904917114297,-0.660105239430398,9
4,2.25483774933016,3.4109960771164,-0.442568519239597,1.97927487117346,0.125925548887801,-0.00263897481491396,1.1593654084448,0.719790486970528,-0.913017357667272,-1.02017741371523,10
4,2.58827031854719,0.886217501062674,-0.0893160529120929,1.97927487117346,0,0,0.127642352047277,0.20293646212077,-0.618087674669083,-0.615556952299718,11
4,2.84251265257517,-0.248476871749427,1.89177318538159,1.97927487117346,0,0,-0.43029592656875,-0.14388879984343,0.312844471119744,0.440949809339917,12
4,3.22179220005954,3.05045516871356,-1.69558527849275,2.93052807426474,0.12566789866035,-0.00250817375302503,0.957439786566457,0.690274042550187,-1.36686721796319,-1.39091473890408,13
4,3.43852337005061,2.93250365168629,-2.72326122800069,2.93052807426474,0,0,1.13728698833161,0.785428764909859,-1.93135026575661,-2.10143676216512,14
4,3.73444477523072,0.716813797793856,-1.32686294854905,2.93052807426474,0,0,0.0668855149669195,0.0464964801917057,-1.26286673501923,-1.21998573349774,15
4,3.77612384638285,0.158424611202968,-1.03243711120092,2.93052807426474,0,0,0.0576330376989791,-0.0323339124807176,-0.53531154328932,-0.994470570628498,16
4,4.17207502232807,1.17424971829939,-0.903420369820196,4.04145232233434,0.128303950320187,-0.00384641575535188,-0.124447517835211,0.530484332089353,-1.24387912103539,-0.610348897342282,17
4,4.31795177136052,1.35141020195206,1.1700128687713,4.04145232233434,0.125910180192057,-0.00263117260281674,0.147474739291278,0.512550033399394,-0.210755798941214,0.552168764910012,18
4,4.70139922596011,2.44101020256842,-1.80876700274532,4.04145232233434,0,0,0.820799807797578,0.604274408319735,-1.72797530108683,-1.77844812459525,19
4,4.83060434653171,1.31809903085987,-1.6610727503891,4.04145232233434,0,0,0.205566293850658,0.328063219328451,-1.07204906222821,-1.42541434910488,20
4,5.19738017267044,1.328009300415,-0.138243966669804,4.04145232233434,0,0,0.122371243686331,0.381872017417292,-0.680470217498333,-0.549522011808138,21
4,5.26406668651384,1.19266426715407,-0.238561059938525,5.24926395287307,0.130204502516014,-0.00481126739874822,0.307647279899958,0.249114704763436,-0.720665969860915,-0.621082633244532,22
4,5.58916344150045,3.53617509755468,-0.744330581519256,5.24926395287307,0.124869814801954,-0.0021030112302424,1.16155572792081,0.847433867883036,-0.924491484348248,-0.745465042386229,23
4,5.77671926168503,4.28574636209978,-0.943385958943523,5.24926395287307,0,0,1.42045330538947,0.877445766774355,-1.02346038896599,-0.729776262942629,24
4,6.2226853230128,1.28277157840498,-1.98649037997683,5.24926395287307,0,0,0.0688170472015115,0.203257908380019,-0.717110310888081,-1.94225484279003,25
4,6.34772253646919,2.74449740663237,-1.7156756202445,5.24926395287307,0,0,0.934215714005651,0.633408456433411,-1.81225237501773,-1.35697165314955,26
4,6.70616254837749,1.88981140190728,-1.38974567791513,6.3598813876635,0.124765094508215,-0.00204984797183096,0.4129147169382,0.327950168790615,-1.03143375953593,-1.11175301065645,27
4,6.94790116105984,1.66323651096671,-1.50407835936464,6.3598813876635,0,0,0.470273236419654,0.314322413233171,-1.01803038956196,-1.34776631615858,28
4,7.1938076808574,1.92568573703154,-0.940352721904745,6.3598813876635,0,0,0.528667285463038,0.471436404875558,-1.28216563900024,-0.688871293072549,29
4,7.26883000893123,0.572986641986161,-0.594005282857289,7.26376072383629,0.130364223914545,-0.00489235301913796,-0.231607053750966,0.129099291951864,-0.827945441705245,-0.760717611516173,30
4,7.57725513545698,4.18439312539551,-2.07360259864552,7.26376072383629,0.125303109929437,-0.00232298178235103,1.2875780002456,0.929301796693238,-1.54900381146766,-1.59181850316923,31
4,7.89401607621316,1.49939480789001,-1.80785628640327,7.26376072383629,0,0,0.541880275833011,0.349364268479888,-1.65130614538427,-1.46611988319867,32
4,8.17743376004763,0.298142534736443,0.519979182368681,7.26376072383629,0,0,-0.13620422341122,-0.0613831137580805,-0.598607941677956,-0.0235268286741815,33
4,8.41083655849955,-1.29588622281591,0.317117490963748,7.26376072383629,0,0,-0.954780444860285,-0.374497388609728,-0.132371251371745,0.217370545021021,34
4,8.72342959214052,1.09108878104552,-0.891952769820301,8.67780519333632,0.129698733215202,-0.00455450394749364,0.523909477069884,0.179329402012534,-1.30182931104373,-1.08631825725684,35
4,8.79845192021435,1.89176827398622,-1.17877921239976,8.67780519333632,0.128467651434982,-0.00392952175475957,0.599500407968557,0.347688250273266,-1.19650268389806,-1.17486779508991,36
4,9.19857100327478,3.33618723808533,-0.202558141989845,8.67780519333632,0,0,1.1335275982988,0.868479189861123,-1.02940216363866,-0.452623526772011,37
4,9.34444775230723,1.28443328303778,-0.435365505022763,8.67780519333632,0,0,0.498371019165347,0.103365410101665,-0.917130886525113,-0.569154781257819,38
4,9.57368264364394,0.269601881409108,-0.0575100690017755,8.67780519333632,0,0,-0.149223233090097,-0.133944557988168,-0.71776272348039,-0.385402088709907,39
4,9.9487942840131,0.80834001731397,1.20008565501657,9.92389884168067,0.130038885824239,-0.00472718892010393,0.108176942152264,0.121337388875924,-0.0621559043142263,0.407185560694645,40
4,10.1863649895802,2.46678328137383,0.219831348186565,9.92389884168067,0.126140460187042,-0.00274807864311917,0.688460345105818,0.63481443313644,-0.689407662746579,-0.490260399299501,41
4,10.2613873176541,3.48162588618498,-1.81189424402346,9.92389884168067,0.124909378406875,-0.00212309645038708,1.43681272287073,1.01967247344407,-1.75844280587497,-1.35158019539423,42
4,10.7073533789818,1.3565256631347,-1.16823123471603,9.92389884168067,0,0,0.540673484102628,0.391294923840808,-1.12907063623175,-0.867420148025638,43
4,10.9782673414707,0.945092007911873,0.760132896907535,9.92389884168067,0,0,0.0166645466304465,0.130535791884408,0.0548767347740975,0.332390283103109,44
4,11.0157785055076,0.616606502210138,1.65416530498314,9.92389884168067,0,0,0.131959767732025,0.205072223649638,0.979104657597477,0.607422296786241,45
4,11.336707353379,2.70062708383243,-1.47635361795633,11.1338341451537,0.127118352824383,-0.00324452452883335,0.705335421517328,0.612109811996964,-1.95552973884577,-1.32119482715618,46
4,11.5951175945222,2.33964276739258,-1.88034887327912,11.1338341451537,0.122877960026028,-0.00109180808720041,0.811690990013955,0.549961605456526,-1.37877012584106,-1.17501890231133,47
4,11.7785055075915,3.46249638190956,-3.25353597370675,11.7537965575502,0.130041946076667,-0.00472874251573301,1.09141250616421,0.873831980345659,-2.25681520370077,-2.14421216281677,48
4,12.1411134266151,5.00878248684811,-2.63688769865591,11.7537965575502,0.124091717472524,-0.00170799525086192,1.53945859216731,1.1477580906056,-1.48636926270454,-1.76239383370984,49
4,12.4245311104495,2.887317824933,-1.76045893574247,11.7537965575502,0,0,0.964865821708018,0.772154990996389,-1.49899180178046,-1.66501585498802,50
4,12.649598094671,4.14197002323273,-1.00782062803437,12.5639392726374,0.129041786806225,-0.0042209925481906,1.50014201469567,0.903231992512733,-1.35693140841807,-1.22359390411059,51
4,12.9413515927359,4.37301154646237,-2.87912959281885,12.5639392726374,0.124254246550068,-0.00179050624312276,1.46242531689511,1.14316707626256,-2.09194334169674,-2.12396433332303,52
4,13.1038999702292,3.95483311558547,-2.21084886326581,12.5639392726374,0,0,1.52484151656648,1.12904197205805,-1.81946062674397,-1.50908818009106,53
4,13.2539446263769,2.33293805321381,-2.33648553530982,12.5639392726374,0,0,0.490695343708999,0.377075259158522,-1.38569644080476,-2.16022704624741,54
4,13.6290562667461,1.33678729015227,-1.47243775368727,12.5639392726374,0,0,0.469140868823091,0.333216407472573,-1.1971535414841,-1.30843643858911,55
4,13.9583209288479,3.67682089967041,-0.189632474979861,13.7996837753919,0.127844246067784,-0.00361303810628923,1.38096724591581,0.977911397050703,-0.472973185628991,-0.216461574850214,56
5,0,0.441629582341688,0.589561529213374,-Inf,0,0,0.251365525512514,-0.262682310204946,-0.218507956640576,0.486581393221854,0
5,0.0333432569217029,0.547515923551717,1.04758007759805,-Inf,0,0,0.757657753649239,-0.463929975511135,-0.44920123684886,0.576635131352249,1
5,0.487645132479905,1.9460548031285,-2.53348723142322,0.390842609689571,0.128858923819755,-0.00412815865842979,1.10134191836974,0.25096537015128,-2.4208710736038,-1.44637325760526,2
5,0.654361417088419,2.72963815878348,-1.78151910416274,0.390842609689571,0.126123186530494,-0.00273930934124736,1.20335232652141,0.243681932729144,-1.3587785200426,-1.07937307777463,3
5,0.787734444775231,2.76090410688302,-1.47567018047367,0.390842609689571,0.123934596699083,-0.00162822988750094,1.41139208878475,0.357202947652298,-1.40970781042866,-0.986460003534242,4
5,1.20869306341173,3.67469686095555,-1.02271121354416,0.819262479499985,0.124057032387405,-0.00169038670453009,1.77347462270715,0.793837999499437,-1.43955574271928,-0.553730757619409,5
5,1.4254242334028,0.545869157249351,-1.09697978498887,0.819262479499985,0,0,-0.0495940747506105,-0.148718696891297,-0.746570125508243,-0.76244855526627,6
5,1.65049121762429,1.47046562851718,-0.988146810516659,0.819262479499985,0,0,0.995285471183894,0.132305332134991,-1.1030051048289,-0.697244097112859,7
5,1.97142006549568,2.32861670157731,-1.57048532785452,1.76657086601123,0.127085927719778,-0.00322806330480006,1.25058861255428,0.358210807957455,-1.79723175263845,-1.02714606333697,8
5,2.15480797856505,3.66246238872977,-1.34152234693535,1.76657086601123,0.124076616701597,-0.00170032905589984,2.10184054103205,0.54022653820388,-1.11577340658467,-0.0118764105871887,9
5,2.37987496278654,3.16642587127614,-1.55113875675145,1.76657086601123,0,0,1.78063982825652,0.445855084719487,-2.06474319817253,-1.31771320627809,10
5,2.55075915451027,1.2733446002416,-0.797060727310005,1.76657086601123,0,0,0.920837552194986,0.102453125996753,-1.26469110817279,-0.505869845972594,11
5,2.9800535873772,-1.06692476141881,1.02398606620206,1.76657086601123,0,0,0.114102855870529,-0.519115160180732,0.167765453082628,0.505938453973831,12
5,3.11342661506401,-0.951301166061577,-0.579913961919569,3.11216133394673,0.040164282992721,-0.00122982532297508,-0.254676455218202,-0.554493842861546,-1.39468025132415,-0.411937465908482,13
5,3.38017267043763,1.0146838179139,-0.58082771505535,3.11216133394673,0.126049466201428,-0.00270188380734307,1.09386970521015,-0.044484329099621,-0.818804533463821,-0.114431557333861,14
5,3.6302470973504,1.93181140085838,-1.50266581912338,3.11216133394673,0,0,1.16858973949601,0.197764660939162,-1.01685703133133,-0.556991171936496,15
5,3.84281036022626,-0.907101107704936,0.885443857496121,3.11216133394673,0,0,-0.0884453878895298,-0.581071939097395,-0.366375394898737,0.510253557674241,16
5,4.08038106579339,-0.381480445574966,-0.998192949518975,3.11216133394673,0,0,0.359465703829764,-0.426637171368051,-1.13379486908731,-0.533570767173753,17
5,4.45132479904734,3.47457117852616,-0.506247118733566,4.20705670366744,0.12643908183034,-0.00289967962724308,1.62073043940528,0.623626322154403,-0.670510026485734,-0.0648334889644263,18
5,4.51801131289074,4.22568334011103,-2.75827387774502,4.20705670366744,0.125344786914635,-0.00234413990036975,2.07581101412884,0.829383240312987,-1.83498040906219,-1.86234868583865,19
5,4.91396248883596,1.52060263165062,0.359135992342529,4.20705670366744,0,0,1.06178949776622,0.0376334881955743,-0.643877375792108,0.286184654318507,20
5,5.17237272997916,-0.567781500784708,-0.310812469758779,4.20705670366744,0,0,0.381838721584739,-0.488222157104258,-0.330952733468452,0.27096763331714,21
5,5.25989877939863,-0.35827502445948,-1.04108980029178,4.20705670366744,0,0,0.427923136561551,-0.516775000247552,-1.33587230994194,-0.71647810606379,22
5,5.68085739803513,-2.2967523489316,1.8027826191049,4.20705670366744,0,0,-0.483827380250745,-0.809687913717226,0.764729988361951,1.38532712106583,23
5,5.93509973206311,1.52075647481967,0.218524686169636,5.81283924208524,0.128441170327307,-0.00391607811435865,0.897667560642711,-0.0650145815333854,-0.317598623303417,-0.130483307415853,24
5,6.18100625186067,3.8130974802641,0.200588779449347,5.81283924208524,0.12440595782562,-0.00186752537151397,1.69122502778771,0.535039659447422,-0.452602493483714,0.428802835593813,25
5,6.39356951473653,0.62244751075489,-1.66671360951316,5.81283924208524,0,0,0.217594021503772,-0.364581650869523,-1.31516046633281,-1.04420731574538,26
5,6.61446859184281,1.2371791733051,-0.960026130075362,5.81283924208524,0,0,0.690629452047773,-0.0372306488150317,-1.37454961116876,-0.693908986787527,27
5,6.87704674010122,3.87750343338086,-2.48028188677523,6.66215709924089,0.126921168710567,-0.00314442024508481,1.48811933332187,0.781469233841256,-1.82111274776921,-1.20298624008542,28
5,7.23965465912474,3.17118391956478,-2.52878384074567,7.23034104743184,0.130294576473869,-0.00485699516485714,1.5694506682717,0.395401721083393,-1.82697200869342,-1.25813993050658,29
5,7.49806490026794,4.46151858345049,-1.94105155261321,7.23034104743184,0.126054183675541,-0.00270427872322467,2.13034932685124,0.822328235241379,-1.86508579650408,-1.11513687083193,30
5,7.60226257814826,5.35526750526419,-1.98641931583146,7.23034104743184,0.124344347869752,-0.00183624789998561,2.26782000148748,1.05263187051596,-1.57805515444664,-1.10017937787947,31
5,7.85233700506103,0.905942573405064,-1.22496508852161,7.23034104743184,0,0,0.536716325178786,-0.245588235535183,-1.12025017518157,-0.859846432456464,32
5,8.17326585293242,0.383270382203118,-0.551833359596928,7.23034104743184,0,0,0.674509659684311,-0.114099502426563,-1.26011876439115,0.0364782792961035,33
5,8.48585888657339,0.588233406671184,-0.189086442975664,7.23034104743184,0,0,0.547336651971011,-0.148442141915573,-1.04993961880411,-0.17884784127561,34
5,8.54837749330158,0.661809890108316,-0.633548519401955,7.23034104743184,0,0,0.789739530727011,-0.0825390610832402,-1.48403020764513,-0.231688198188065,35
5,8.95683239059244,3.35962535666075,-1.90014489997537,8.57818579867912,0.124233992719165,-0.00178022399882116,1.68401737496014,0.579141911752258,-1.5867394544702,-1.27452816119645,36
5,9.17356356058351,1.79044659111773,-1.21203663835988,8.57818579867912,0,0,0.935356075167121,0.155684042265061,-1.36328364363212,-0.528616945796118,37
5,9.35695147365287,0.772695712618727,1.00169385654258,8.57818579867912,0,0,1.02436995877595,-0.262608281227029,-0.3752651044569,0.699626493192678,38
5,9.67371241440905,2.78178814522178,-0.846266969931219,9.3732013184416,0.125516160147407,-0.00243114079706402,1.15154333457707,0.317084832125165,-1.24491334145702,-0.584254489479869,39
5,9.87377195593927,3.35666980511099,-2.28343191158414,9.3732013184416,0.105194110144635,-0.000808994209564262,1.42719357689475,0.432527044034576,-1.61990620719161,-1.00011165198528,40
5,10.2488835963084,-0.642766635032657,-0.490784298594736,9.3732013184416,0,0,0.0675622249215745,-0.521751490164501,-1.26263476021368,-0.288757812115143,41
5,10.3655849955344,-0.243122303077897,1.13397075073217,9.3732013184416,0,0,0.00935638041305326,-0.423490823826152,0.347633021907214,0.345591068578702,42
5,10.6114915153319,-0.392507919383742,0.19898057074357,9.3732013184416,0,0,0.23995141015149,-0.348711647850604,-0.720107950173582,0.17430194625393,43
5,10.9407561774338,-0.123540497433638,-0.427559841774489,9.3732013184416,0,0,-0.337615933126674,-0.151267401988428,-0.625172036254738,-0.455918009377804,44
5,11.1199761833879,0.450126733099786,0.313608561628812,11.0393343664527,0.129124113544546,-0.00426278729020968,0.603412222444807,-0.0652656812507055,-0.40419089664789,0.51901914712429,45
5,11.3408752604942,4.5394507592897,-0.580428696660462,11.0393343664527,0.125499261636273,-0.00242256194494177,2.26296054742049,0.971150491613501,-0.923197652932523,-0.347482850094297,46
5,11.6534682941352,1.03078005186983,-1.9808673448687,11.0393343664527,0,0,0.307805589952915,-0.0407758642482934,-1.67216817359005,-1.12607602881387,47
5,11.7951771360524,1.11066388144164,-0.40337212686237,11.0393343664527,0,0,0.406975733021626,0.0619806532490043,-0.816145326550928,0.120857824033253,48
5,12.0202441202739,2.71378315118045,-0.906873659328509,11.808945358618,0.126980093381113,-0.00317433448017623,1.55664643170307,0.382420170858538,-1.07573966843566,-0.247450744636894,49
5,12.3036618041084,4.89939334679307,-0.912007436161617,11.808945358618,0.122329339989318,-0.000813290640964331,2.17101222692988,1.02496248691661,-1.16947005482581,-0.699518151277237,50
5,12.512057159869,-1.44650791737443,0.165501300503847,11.808945358618,0,0,-0.356318746454095,-0.622171156136662,-1.10002644971595,0.0665043473007527,51
5,12.7954748437035,-0.999676073058874,-0.61736780638582,11.808945358618,0,0,0.039346901332573,-0.627168738931439,-0.869061758119587,-0.646409016876685,52
5,13.0497171777315,3.06381521191244,0.0407733418553396,12.8792593849375,0.127650274831587,-0.00351456490127659,1.66308386769487,0.3444953728943,-0.751724607609997,-0.218881962463235,53
5,13.4248288181006,2.83576671180152,-2.12349614142592,12.8792593849375,0,0,1.34741994469473,0.52809442564252,-1.55317350835937,-1.64728240518574,54
5,13.5998809169396,0.482643190230868,-1.17936274911619,12.8792593849375,0,0,0.612114665068765,-0.222124772149444,-1.52518798386818,-0.736450804022207,55
5,13.8207799940458,1.4534568930583,-0.208450872488044,12.8792593849375,0,0,1.24990230479735,0.0709358420849045,-1.25853319391698,-0.0806781748394784,56
6,0,1.86279651541232,0.510017306508821,-Inf,0,0,1.00052614528839,-0.552148124694262,0.707305528197459,0.204592270359225,0
6,0.0708544209586186,0.469364319102421,0.803559349457751,0.0580222176387906,0.130236838009158,-0.00482768312980422,0.264145854715108,-0.682792826971852,0.600694885436922,0.298609952200414,1
6,0.416790711521286,3.02213509886314,-2.50817095918726,0.0580222176387906,0.124560183133941,-0.00194582079665001,1.2388118615752,-0.265377352827789,-0.572337696675912,-1.20526933752272,2
6,0.512652575171182,3.66736673896998,-2.52962424189975,0.0580222176387906,0.122987134192615,-0.00114723243927019,1.90248818917304,-0.0504421835709074,-0.459156554824992,-1.54498400787523,3
6,0.812741887466508,1.10690119637338,-1.34228779252609,0.0580222176387906,0,0,0.569780658285381,-0.665697784879646,0.22688787454303,-1.22457443350733,4
6,1.2003572491813,1.05679074889248,0.420373951073561,1.12222203765817,0.129165245782502,-0.00428366885689617,0.0539968944242495,-0.789505426366817,-0.0170712800266665,0.173521796299168,5
6,1.34206609109854,2.16545179693144,-0.23304533872038,1.12222203765817,0.126839869086638,-0.00310314693729116,1.0674762829897,-0.452099230484685,0.0481565156942678,0.00656026825091931,6
6,1.683834474546,3.47189637990134,-1.75195291080472,1.12222203765817,0,0,1.68628613127482,-0.161687557411084,-0.475245825752977,-0.914908563291122,7
6,1.82971122357845,1.52786113841799,-1.19518604807407,1.12222203765817,0,0,0.386787743185323,-0.501851368225552,-0.209367905101672,-0.80664298417716,8
6,2.11729681452813,1.0367255512004,-1.14833842275134,1.12222203765817,0,0,0.559387136746424,-0.901685750855345,-0.51678466082535,-0.486577693689416,9
6,2.4632331050908,1.74371340048512,0.244641331249362,2.40345328563932,0.129466449295202,-0.00443658057637912,0.89616325739914,-0.422860552094284,0.449874521620229,-0.0642505815501358,10
6,2.65912473950581,4.81900718900204,-2.36985701157667,2.40345328563932,0.12625195798032,-0.0028046826286898,2.1846658991237,0.383744806336393,-0.711589265561075,-1.42189071614401,11
6,2.94254242334028,3.59849589186539,-0.505813942378868,2.40345328563932,0,0,1.21759794318122,-0.0777134641515818,0.394935304519825,-0.267545012427193,12
6,3.00922893718369,2.96735512718306,-0.739671503374339,2.40345328563932,0,0,1.07817219802131,-0.35610054232647,0.170379931530519,-0.376399942964532,13
6,3.44685918428104,3.78553238745452,-2.81691796233716,3.1112400655581,0.124940053696653,-0.00213866934746224,1.72567552559118,-0.176102027377553,-0.732082594935618,-1.20944407015594,14
6,3.53021732658529,5.34337335279543,-2.07695940169437,3.1112400655581,0.123572185052022,-0.00144424468887069,2.0793518222796,0.537891393196567,-0.427946819100301,-0.886532377533328,15
6,3.93867222387615,1.57202150104685,-2.07596058165518,3.1112400655581,0,0,0.59698382461294,-0.814003501390776,-0.458362142310091,-1.28632596271498,16
6,4.15957130098244,0.268556977507751,0.251942023213888,3.1112400655581,0,0,0.10657451233105,-0.967546153180481,0.63227107662214,-0.0378893886780409,17
6,4.35963084251265,0.349647245119988,-1.46017997008112,4.21312555737543,0.128043324427948,-0.0037141040403722,0.00405579734377876,-0.79449907038104,-0.596574313651478,-0.893542271904587,18
6,4.65555224769277,2.24843122424031,-0.398236349132702,4.21312555737543,0.123187390739508,-0.00124889650237288,1.07145015263481,-0.557331842784106,-0.00719612827242827,-0.34636254982116,19
6,4.75974992557309,2.58691324039688,-1.00463718938261,4.21312555737543,0,0,1.0452850228503,-0.333392573452337,0.262114362941655,-0.477469312331986,20
6,5.24322715093778,3.83450500426331,-0.823769234742608,5.00850813010743,0.126595777736708,-0.00297922929870444,1.51947177084528,-0.316317889313118,-0.0428523951899058,0.0470029917399589,21
6,5.35992855016374,4.79278849821026,-2.31180167328671,5.00850813010743,0.124680761634225,-0.00200703477667624,2.01523851198103,0.29039694425622,-0.885298325454851,-1.22661150956641,22
6,5.639178326883,2.75755466144344,-2.04143255926362,5.00850813010743,0,0,1.0001686555373,-0.230628881573184,-0.651932817158289,-1.57417620987187,23
6,5.99345043167609,2.16643445656181,-2.43534542727586,5.00850813010743,0,0,0.69496147156939,-0.36319032774217,-0.219371712744333,-1.45274928690823,24
6,6.03929740994344,1.13278942878994,-1.70804520620673,5.00850813010743,0,0,0.353054876908988,-0.530905125779293,-0.554272654121002,-1.12721193772779,25
6,6.39356951473653,1.29943082845352,-0.433382233066765,5.00850813010743,0,0,0.575157090322974,-0.581226366370629,-0.206944145148768,-0.537241363049962,26
6,6.68532301280143,4.18236109658678,-2.55869533106442,6.56011105770102,0.128392738146776,-0.00389149059233146,1.69309911351428,-0.0860644274152968,-1.04270694425527,-1.57506706668331,27
6,6.76451324799047,3.8308926259411,-2.14138543674919,6.56011105770102,0.127093262934376,-0.00323178716666964,1.55754127305434,-0.0870737867387463,-0.78738379630922,-0.744627422484404,28
6,7.05626674605537,4.357038532135,-3.33905571736481,6.56011105770102,0.122305722678168,-0.000801300861600254,1.92660873269912,0.0595025615000825,-1.76262266602072,-2.07035782859873,29
6,7.42304257219411,3.5428988494298,-2.25685325251104,7.17853934083743,0.126435223357478,-0.00289772079975587,1.52581371339651,-0.0187083359615431,-1.19112159166992,-1.05766214876928,30
6,7.6147662994939,4.0711222839988,-2.51074000580864,7.17853934083743,0.123289125474827,-0.00130054408499601,1.51331061780761,0.00925299980667535,-0.944041388203067,-1.29269924269022,31
6,7.87734444775231,1.1026952863804,-0.850822899229494,7.17853934083743,0,0,0.566710681431586,-0.722518794770716,-0.199963993943071,-0.41570225305413,32
6,8.13158678178029,-0.369162133527657,0.884050291623151,7.17853934083743,0,0,-0.451364595532619,-1.07338349507518,0.372914495133556,0.527868695150827,33
6,8.29830306638881,-2.51863325872435,1.63067216440743,7.17853934083743,0,0,-0.383362469310596,-1.66738157982884,1.27824514945883,1.14804575626713,34
6,8.62756772849062,2.08395755840508,-1.5304030916195,8.34341356408281,0.12578456984542,-0.00256740410980044,0.733098090742812,-0.394971664921025,-0.516780289901876,-0.978350621410329,35
6,8.82345936290563,2.48532138042213,-0.481006128665997,8.34341356408281,0.122570078530487,-0.000935506162109564,0.741878387112997,-0.359636238203252,-0.290295976422451,-0.223626871959924,36
6,9.17356356058351,0.342107354271265,-0.718110543187322,8.34341356408281,0,0,-0.138525635618359,-0.959137315720227,-0.207884511743992,-0.606088243612453,37
6,9.37779100922894,0.581957484385802,-1.5637753752034,8.34341356408281,0,0,0.250116672955643,-1.03605065835168,-0.850590627841169,-0.81289101669303,38
6,9.54450729383745,1.45423365862395,-1.45237626322059,8.34341356408281,0,0,0.491675025309498,-0.64478551442846,-0.956824226562683,-0.942882118437179,39
6,9.8195891634415,-1.17372972998975,2.63365576749245,9.81053671516263,0.130298862044965,-0.00485917081692419,-0.37261083899291,-1.21792046293598,2.40153997534676,1.71192272519824,40
6,10.2322119678476,2.91233184681528,-0.739894633408294,9.81053671516263,0.123527912254043,-0.0014217687568978,1.2870327792135,-0.17049354187471,-0.0304452752872275,-0.315159102436558,41
6,10.4447752307234,1.25137517053496,-0.718883963141736,9.81053671516263,0,0,0.296433301047697,-0.875951090005827,-0.0451637974098495,-0.514747108084972,42
6,10.6656743078297,-0.90705288331004,-0.104278416227267,9.81053671516263,0,0,-0.421599786478721,-1.2288819096439,0.321155272716158,-0.00428285030501133,43
6,10.9324203632033,1.2721470983189,-0.217799107180965,10.8178987240473,0.128568161297712,-0.00398054750740416,0.719175752971977,-0.530289336595135,-0.339273644767836,-0.195357008115712,44
6,11.220005954153,2.02353797660192,-1.32069898098127,10.8178987240473,0.123849014473737,-0.00158478243526451,0.893601490645649,-0.440074688666575,0.251564426197531,-0.854713389672726,45
6,11.4117296814528,3.3081557426973,-2.45859007171917,10.8178987240473,0,0,1.62395389133568,-0.0511927379175207,-0.971947406017341,-1.62999328716702,46
6,11.5117594522179,3.08530989068013,-1.67548976732071,10.8178987240473,0,0,1.00428927889984,-0.243387848215588,-0.737881794601783,-1.0554497852316,47
6,11.8160166716285,4.19378458640817,-3.10750038262654,11.7086650089862,0.128685817303292,-0.00404027782714371,1.45187560400826,0.259358424897859,-0.441538056259184,-2.3779133476854,48
6,12.1077701696934,4.31856307808515,-3.0681065095596,11.7086650089862,0.123898277047135,-0.00160979152207562,1.67627209203194,0.2230594327201,-0.761584014032878,-1.68456014586,49
6,12.4495385531408,0.0331745529258283,-1.33649565433509,11.7086650089862,0,0,-0.0847741917088784,-1.02489340655864,-0.196896114442838,-0.961255303766423,50
6,12.5787436737124,1.96856488059075,-1.2800657179163,11.7086650089862,0,0,0.871576416439149,-0.540787464291263,-0.311760555212427,-0.854526703454427,51
6,12.9455194998511,-1.29778840209401,-1.0476259090686,11.7086650089862,0,0,-0.362162428058291,-1.21855904641929,0.406589795289522,-0.890224000163774,52
6,13.0122060136946,-0.73796088032997,-0.966152740918359,11.7086650089862,0,0,-0.372824445244993,-0.889280783534679,0.0384418031239573,-0.514085145452972,53
6,13.4498362607919,5.27141381361571,-3.38991413643384,13.3049205710664,0.128069408955066,-0.0037273463490492,1.94858633404202,0.21716154952516,-0.918737083883635,-2.31407541466114,54
6,13.5957130098244,4.40880238242745,-1.80213241160882,13.3049205710664,0.12567563882691,-0.00251210319651299,1.75965238390569,0.128648518470749,-0.479112438598427,-1.54074663390417,55
6,13.9083060434653,2.03081304476853,-1.16906949488525,13.8089854232268,0.128817603002786,-0.00410718135600577,1.05953958860255,-0.511004199649729,-0.300636003355786,-0.588941293893645,56
7,0,-1.1813516570626,0.444258404840658,-Inf,0,0,-0.386695158826316,-0.135420889554151,-1.06397437411128,0.629096868328316,0
7,0.220899077106282,1.56653567278316,0.165418126685638,-Inf,0,0,0.539117140586784,0.992164399330245,-0.516561736085548,0.0705428190844453,1
7,0.43763024709735,1.63676019854131,0.25475760733143,0.349645430082455,0.129003618302074,-0.00420161557761525,1.05849173474642,0.61087569090867,-0.285310213766424,0.138510696417849,2
7,0.691872581125335,2.87834370237193,-0.470548256416151,0.349645430082455,0.12483161893595,-0.00208362036891138,1.27370761661919,1.04971093567248,-1.50480255026228,-0.299666797857913,3
7,0.921107472462042,4.73094020301231,-1.01525073077274,0.834670711237077,0.129029021183144,-0.00421451183566118,1.63889818371771,1.45680706275709,-1.17965078344234,-0.375334120928807,4
7,1.05031259303364,3.27698472799165,-0.89766002884203,0.834670711237077,0.126908824783963,-0.00313815361484446,1.26387257225513,1.28184023240842,-0.99927151553498,-0.542641434954649,5
7,1.36707353378982,2.43056716286719,-2.00356487191958,0.834670711237077,0,0,0.729705855420059,1.00049663641005,-1.62143698929018,-0.713538597816007,6
7,1.50044656147663,0.801480215124108,-1.54999578904724,0.834670711237077,0,0,0.0296208878360812,0.481913377381013,-1.62047483719048,-0.224716106025729,7
7,1.90473355165228,0.00899281873539326,1.05610814127177,0.834670711237077,0,0,0.201693109296454,0.718528012230397,0.217687155871928,0.879057409775412,8
7,2.13396844298898,1.59017270190876,-0.916024706573429,1.98615133424397,0.128021798007963,-0.00370317574187883,0.6374919638214,0.828499242630532,-1.20748399247966,-0.130215098902547,9
7,2.41321821970825,3.49331000766723,-1.89948740039674,1.98615133424397,0.123439438048449,-0.00137685313559748,1.15791959305372,1.36169422706296,-1.41760062727372,-0.929593176010452,10
7,2.65078892527538,1.3859633976934,-1.14713362353022,1.98615133424397,0,0,0.470167038031721,0.63146478775796,-1.39632435894436,-0.713295120953052,11
7,2.7549866031557,1.90365484298031,-1.01652930257617,1.98615133424397,0,0,0.526519013063051,0.765178418552091,-1.63701615968694,-0.533346465638806,12
7,3.24263173563561,5.99540961771393,-2.99463131653054,3.0521665749552,0.127321963158188,-0.00334789120594539,2.54337479686531,1.86419210517181,-2.72229336207526,-2.05265177197426,13
7,3.45936290562667,3.96925014330606,-3.47429488117195,3.0521665749552,0.123765504682134,-0.00154238709360796,1.78063544929397,1.29928100750828,-2.00326842464728,-1.92837161518303,14
7,3.5969038404287,3.95225584853585,-3.62707222508288,3.0521665749552,0,0,1.8763636955079,1.51041848923436,-2.7499524131777,-2.48745903147536,15
7,3.77612384638285,0.762677001469553,-0.916674243074632,3.0521665749552,0,0,0.178528824585102,0.528911788424741,-1.41250061184532,-0.162362772131608,16
7,4.19708246501935,-0.71505973645953,0.896250058749037,3.0521665749552,0,0,-0.775205457293997,0.119299776951097,0.120448973046527,0.93200172892148,17
7,4.35963084251265,0.165093994089827,0.79941021499031,4.30008390016603,0.129470270701032,-0.00443852058607218,-0.311034888361532,0.315369118067443,-0.372982068107002,0.58404142841062,18
7,4.64304852634713,5.11230219549266,-1.05502669595523,4.30008390016603,0.124819517309287,-0.00207747674686178,1.88001652227334,1.52076749438851,-1.18345345291693,-0.445274897761421,19
7,4.89729086037511,4.25676199239644,-1.54462667546365,4.30008390016603,0,0,1.48385163303471,1.41955700831929,-2.00755975241067,-0.656086223190884,20
7,5.03899970229235,0.754115858502729,-0.129725575858339,4.30008390016603,0,0,0.355204111783473,0.49959183039629,-1.23652658176603,0.264467979080342,21
7,5.28490622208991,0.964556336871115,1.06753155276688,4.30008390016603,0,0,0.339497753592919,0.549816544442075,-0.189806138031814,0.758000104247115,22
7,5.62250669842215,-0.435919041876171,1.93317583519334,5.60273243374227,0.130122921986071,-0.00476985148364943,-0.269247128902834,-0.000313015744149631,0.158074410216382,1.27455103154663,23
7,5.98928252456088,2.40739415974513,0.453253545372499,5.60273243374227,0.124104299949696,-0.00171438298584706,0.667636020837462,0.950732360160873,-0.0984950910693386,0.37181648674741,24
7,6.18100625186067,2.58159528275144,-1.85502996778069,5.60273243374227,0,0,1.08757597250034,1.01593432041071,-1.34742323664439,-1.14587147066972,25
7,6.36856207204525,1.07486299215603,-0.33956562096345,5.60273243374227,0,0,0.44324957670563,0.690056069500409,-0.934759357411183,-0.0927731458674256,26
7,6.5144388210777,1.85981738327887,-1.65086168071971,6.39348932161318,0.128462683076596,-0.0039269994726629,0.836819660472655,0.841924089147156,-1.71887741654729,-0.7059833296578,27
7,6.79368859779696,4.76070022681264,-1.69252596186447,6.39348932161318,0.123880323117083,-0.00160067686638178,2.05120545321795,1.61126215091045,-1.74549060980786,-0.85463888642805,28
7,7.11044953855314,1.22038260081521,-2.81877368692034,6.39348932161318,0,0,0.073770095619442,0.705315742276151,-1.63207462384261,-1.59489412920606,29
7,7.4522179220006,3.07472433033197,-1.56840447309888,7.38633102687219,0.129366235001833,-0.00438570487516225,0.909432842092594,1.13964157217482,-1.69608029247059,-1.00575233278441,30
7,7.70646025602858,3.14030754172551,-1.28026176819552,7.38633102687219,0.125194235635708,-0.00226770966645835,1.21766668642226,1.23135768039859,-1.29771539022719,-0.61953043996587,31
7,7.91902351890444,2.94020454389204,0.472236581613396,7.38633102687219,0,0,0.889420234483838,1.22517981739522,-0.538907298050642,0.521173773582809,32
7,8.11074724620423,1.2858777871223,-1.11842074070968,7.38633102687219,0,0,0.357191448809726,0.714006367592551,-1.51618056689045,-0.367998216191464,33
7,8.37332539446264,0.264470219081063,-0.472495130822257,7.38633102687219,0,0,0.140972985495947,0.465043866520312,-0.892102486276124,-0.0337925959451086,34
7,8.70259005656445,-0.613906412041509,0.623655131366502,7.38633102687219,0,0,-0.259155742103225,0.248215032733268,-0.249447441715902,0.581141405138842,35
7,8.82762727002084,-0.684092694467779,0.842463707313759,7.38633102687219,0,0,-0.269335468133637,0.120345459192801,-0.119372431778595,0.866257666335016,36
7,9.09854123250968,2.77637863000088,-0.871543706081045,9.0357497984633,0.129417030089629,-0.00441149197220768,1.26275171622538,1.04767187961958,-1.70014055023563,-0.359255905861819,37
7,9.27776123846383,5.00086302150631,-2.06911472810533,9.0357497984633,0.12647611250362,-0.00291847895623455,1.98776476062725,1.63131068970803,-2.24899845955968,-1.22644898965113,38
7,9.62786543614171,7.48324405684496,-2.47169723432632,9.36143856687256,0.126075466577278,-0.00271508339503883,3.05263000480841,2.17342733421547,-2.3623785681142,-1.32002583901606,39
7,9.91961893420661,2.26184010642325,-2.7336339308996,9.36143856687256,0,0,1.01800096252519,0.92237524938358,-2.19177601944446,-1.47849857001287,40
7,10.0738314974695,0.308501667509204,-1.87599586225842,9.36143856687256,0,0,0.170269588934009,0.445590200729012,-1.27468518557736,-0.910571349088518,41
7,10.3280738314975,1.84956274766266,-0.155845786194541,9.36143856687256,0,0,0.546832887354509,0.830607828854997,-0.879229260434349,-0.028875605718985,42
7,10.7115212860971,2.63816358001199,-1.81667060798847,10.4450209967147,0.126074261787104,-0.00271447176028301,0.931941807713316,1.01797688960831,-1.59169549508488,-0.558806202174894,43
7,10.7532003572492,2.80398335928427,-0.746635976933259,10.4450209967147,0.125390327464789,-0.00236725943098712,1.04522539428096,1.04652008666634,-1.38570588336364,-0.280237796239806,44
7,11.2283417683834,0.119486498298329,-0.222617406504714,10.4450209967147,0,0,0.10241693502331,0.23743086294296,-1.22432704215416,0.158975450891955,45
7,11.2825245608812,-1.05434444997994,-0.517720988478782,10.4450209967147,0,0,-0.512078081682059,0.0846365457813086,-1.03800556552837,-0.119952383654962,46
7,11.6868115510569,1.59959507076812,-0.201814049075184,11.5617577438511,0.128395333280767,-0.0038928080616849,0.625515103921925,0.873326029657693,-1.23939089807054,0.013356001627592,47
7,11.9118785352784,2.01975008363834,-0.525288680351538,11.5617577438511,0.124702087940211,-0.00201786148348686,0.836629707124016,0.753210806676566,-1.48435920314504,-0.128587457182238,48
7,12.0244120273891,1.09109999084963,0.865403909327165,11.5617577438511,0.12285546526996,-0.00108038819438883,0.347436114611309,0.706336911386933,-0.340568959694964,0.6643502303257,49
7,12.4620422744865,-0.23681977922954,-1.29742495073714,11.5617577438511,0,0,-0.0846230919112671,0.282373387253503,-1.41688113076303,-0.62907692740565,50
7,12.628758559095,-0.210082724449645,-1.19080763121165,12.6254414102546,0.104210995476807,-0.00370454806400472,0.116525230672138,0.0980958695159351,-0.719024399440763,-0.472712712765407,51
7,12.7746353081274,3.08118576015017,-0.623785753753471,12.6254414102546,0.127999205533751,-0.00369170624059617,1.47582269261347,1.08974509258813,-0.996777631572376,0.0329946651576319,52
7,13.158082762727,0.86521245026244,-0.426007963593806,12.6254414102546,0,0,0.247277229564784,0.547348062393037,-1.75346849486023,0.053677547644566,53
7,13.2872878832986,1.51571012572052,-0.251493933664496,12.6254414102546,0,0,0.519352324147785,0.682261950862813,-1.02090081217063,-0.224651141822716,54
7,13.5998809169396,2.65976100478568,-1.44719339372142,12.6254414102546,0,0,1.07026851784826,1.02940475292193,-1.39208920234335,-0.631017388541786,55
7,13.8749627865436,4.46226578634935,-1.65725599162344,13.6618409639574,0.126950177792554,-0.00315914725995606,1.78445207311632,1.42000488082055,-1.53254505339133,-0.776101125325047,56
8,0,2.11401899397518,0.548503216993643,-Inf,0,0,0.705566078663892,1.08034603576546,0.633788648915802,-0.0722626265197651,0
8,0.00833581423042572,1.89858351059271,0.69809853773817,-Inf,0,0,0.215616419079177,0.975212240029211,0.427578909589714,-0.0332980143280187,1
8,0.32092884787139,2.17719028780364,0.111510794631552,0.207688382011838,0.128589184760258,-0.0039912204699311,0.764741426124342,0.772497906370018,0.385615395156081,-0.639339888841719,2
8,0.662697231318845,3.35575643556749,-1.5845038804912,0.207688382011838,0.122980923317271,-0.00114407936970662,0.843697367734171,1.24969432893579,-0.643747750652315,-1.82877923488581,3
8,0.766894909199166,3.52554266270887,-2.61520485459745,0.207688382011838,0,0,1.22985006323834,1.25493838456738,-1.27204152065235,-2.23447520368649,4
8,1.06698422149449,0.770699528477415,0.0448928687520689,0.207688382011838,0,0,-0.307440926816613,0.651680954971147,0.332445333246285,-0.685662828184352,5
8,1.43792795474844,1.31801119193976,0.0087804474187503,0.207688382011838,0,0,0.186055044039711,0.696678358244,-0.329278433793355,-0.653250839271989,6
8,1.57546888955046,1.56126323276468,0.104788713933528,1.49462485096704,0.1291207951806,-0.00426110265934816,0.456808540488736,0.976864730071359,0.41094087687321,-0.56368615474076,7
8,1.77552843108068,2.95517752918136,-1.18968258994475,1.76146738857138,0.25605458375867,-0.00741192962134692,0.877601150895818,1.2685303629806,0.12202939289087,-1.45884877840703,8
8,2.05477820779994,5.84876341112723,-2.50358587461683,1.76146738857138,0.12563431336567,-0.00249112353633693,1.93275685481394,2.11368699249979,-1.52356075286492,-2.18687275184826,9
8,2.30485263471271,2.80219862873493,-1.4950379348892,1.76146738857138,0,0,0.474858396758884,1.20087207286159,-0.411973869302394,-1.72306737881209,10
8,2.56743078297112,-0.031330049126122,-0.870493439066658,1.76146738857138,0,0,-0.267785917843622,0.442395865240481,-0.0747633796959024,-1.21518278191745,11
8,2.90086335218815,0.0333641066599022,-0.468149468207248,1.76146738857138,0,0,-0.204080012215444,0.517929938422328,-0.0751474831894158,-0.753383765420344,12
8,3.03840428699018,0.135314356495844,-0.576611580587432,1.76146738857138,0,0,-0.0530546166632349,0.374262184274521,0.19161784643514,-1.1462458941609,13
8,3.31765406370944,1.52788914645176,0.375944607178878,1.76146738857138,0,0,0.507855372468399,0.958500337986663,0.535966943002542,-0.300313253676305,14
8,3.61357546888955,2.65957081522452,-0.462917719042852,3.51629289769962,0.128851046447068,-0.00412415955964036,0.617528882334884,0.968186672294748,-0.0275406790512665,-0.885201841571367,15
8,3.9220005954153,4.50926492526679,-1.20768374836338,3.51629289769962,0.123789932461933,-0.00155478832285208,1.75521986500831,1.69363003518458,-0.354035962623821,-1.33884173866529,16
8,4.08038106579339,3.69647063991488,-3.29580030380117,3.51629289769962,0,0,1.64739426295691,1.28534758675128,-1.18317561019547,-2.7946490366266,17
8,4.3096159571301,0.670691787529585,-1.30115544484404,3.51629289769962,0,0,-0.0508746366258268,0.707363156594831,-0.800743608863275,-1.55239447321442,18
8,4.71807085442096,2.26551543330085,-0.965598819100211,4.64442571726843,0.12923892583072,-0.00432107394145891,0.584650726564434,1.06281414435936,-0.486598649248968,-1.54595004342367,19
8,4.80142899672522,3.31944088263804,-2.56567996446113,4.64442571726843,0.127871057186062,-0.00362664928286648,1.18770514415575,1.26039931688148,-0.63015426624385,-1.91155759754141,20
8,5.22238761536171,3.86955263838546,-2.27065181347415,5.07192266012112,0.127978348068977,-0.00368111754998689,1.36201250273618,1.54232351831794,-1.17901147154611,-2.2913339541279,21
8,5.46829413515927,3.89623912628503,-2.1357244560403,5.07192266012112,0.123943135567316,-0.00163256480714244,1.55270661409835,1.46607938791776,-1.02760088643135,-1.95811533161651,22
8,5.67668949091992,2.76920620122969,-0.805412925277203,5.07192266012112,0,0,0.803179098237254,1.23446322817868,0.116371789223101,-1.1111478363799,23
8,5.9642750818696,3.09825593192509,-1.50888721026909,5.07192266012112,0,0,1.0198646264133,1.09455080667821,-0.39093375242188,-1.52108079770108,24
8,6.1559988091694,0.638379789520533,-0.553863084626335,5.07192266012112,0,0,0.129339243289628,0.521665457624512,-0.230483372012217,-0.761976949730635,25
8,6.481095564156,4.20607172491615,-1.41377334218399,6.33412416571608,0.128035675723766,-0.00371022102952107,1.41048017574054,1.62337312930335,-0.810826928227523,-1.42023195664905,26
8,6.63947603453409,5.08816708695187,-1.19917165212483,6.33412416571608,0.125436725298967,-0.00239081417819766,1.52285787678767,1.67330709484531,-0.0890064230858483,-1.10619085124438,27
8,6.75200952664484,3.90549670363062,-1.53144240777852,6.33412416571608,0.123590102628716,-0.0014533408890994,1.36943700268423,1.30186441789174,-1.10060908240789,-1.46839858753827,28
8,7.21464721643346,2.43778630546716,-0.322309018889538,7.19244072117055,0.130083010204701,-0.00474958950508791,0.993437987592955,1.17390686164714,-0.264387755026792,-0.627471954377809,29
8,7.39386722238762,4.00545818204508,-2.17134542786418,7.19244072117055,0.127142092618745,-0.00325657648911674,1.16984940112179,1.41110901500796,-0.899108693427397,-1.88567972557905,30
8,7.56475141411134,2.23757203767194,-1.39028022347364,7.19244072117055,0.124337961897252,-0.00183300593900465,0.721825786649029,1.07961374042017,-0.523665017550706,-1.43208667736728,31
8,7.86484072640667,1.84949247466138,-0.530090631468756,7.19244072117055,0,0,0.327460569686492,0.937026184586432,-0.146643273117649,-0.923838610902912,32
8,8.07323608216731,1.34750205775007,0.191419835049439,7.19244072117055,0,0,0.510541446284886,0.693546852750294,0.296516259202416,-0.519194284302756,33
8,8.4900267936886,-0.680930570570791,-0.32293941011491,7.19244072117055,0,0,-0.619495152335532,0.349452982364811,0.177591070234792,-0.744891235893995,34
8,8.54004167907115,-0.0230891662892909,-0.699045355761885,7.19244072117055,0,0,-0.376040374432436,0.62881989989522,-0.472276820071813,-0.803204565557863,35
8,8.79428401309914,1.50141229355578,-1.11738521306852,8.67228555105125,0.128445470084683,-0.00391826096837544,0.410582532460395,0.860484334618706,0.246816020251526,-0.980811866704208,36
8,9.03185471866627,4.84558611095361,-1.61751960945606,8.67228555105125,0.124547044447537,-0.00193915069139153,1.73937988955065,1.67400668457867,-0.568743472856772,-1.43945322810656,37
8,9.27776123846383,2.29893687955139,-1.26290917143997,9.26848442955659,0.130295180390597,-0.00485730175472518,0.63745459519891,0.918194878949381,-0.440862126357515,-1.0475460865351,38
8,9.73206311402203,3.54097430813807,-0.737449785774767,9.26848442955659,0.122840296277411,-0.00107268736540397,0.80833641167482,1.3694407816066,0.233327601184204,-1.13097189580143,39
8,9.76123846382852,3.44912550802105,-0.687684302779947,9.26848442955659,0.12236154225179,-0.000829638734896582,1.03140924003798,1.22424426521459,-0.518133990460301,-0.750403356437175,40
8,10.0571598690086,0.873195265266924,-0.459408281734181,9.26848442955659,0,0,0.135545058105782,0.597778502685622,0.253777614165537,-1.20288115215742,41
8,10.3155701101518,1.06317047368438,-1.8112989105283,9.26848442955659,0,0,0.0165656696412932,0.687668896858156,-0.0181631964659811,-1.62569056421257,42
8,10.5281333730277,3.32002655708438,-0.872050200540867,10.385418305435,0.128105520148605,-0.00374567888658997,1.20074920171527,1.16182099891799,-0.520373939608491,-1.20660431436447,43
8,10.944924084549,3.04021665275501,-2.88009897735133,10.385418305435,0,0,1.07348354001027,1.21972592650129,-1.39318509258475,-2.53568780695947,44
8,11.2033343256922,-0.0711285591888932,0.27467736703246,10.385418305435,0,0,-0.155593295726007,0.326729118070849,0.140455244906183,-0.394797224207802,45
8,11.474248288181,1.14418796471473,0.202606083327701,11.4261741434493,0.129658534015112,-0.00453409605532686,0.418984849566241,0.691017110661276,0.309616126046016,-0.423211351835077,46
8,11.7243227150938,4.65070114254918,-1.05602570055787,11.4261741434493,0.125554928081218,-0.00245082207955223,1.40081824928276,1.60638015664205,0.156434300250862,-1.36034807403991,47
8,11.7701696933611,4.94273519977347,-1.36289692990345,11.4261741434493,0.124802600326672,-0.00206888851732684,1.85532678777633,1.5623977650132,-0.611927802524103,-1.03346508763706,48
8,12.0452515629652,3.80762184616441,-1.56103249931143,11.4261741434493,0,0,1.21258689000361,1.41621678876352,-0.872792719591066,-1.8439888009063,49
8,12.4203632033343,0.488994283827308,-0.29585135472198,11.4261741434493,0,0,-0.334180074150149,0.556872100608708,0.375725643306192,-0.707864220636763,50
8,12.7496278654361,0.359723681859477,0.308968487788049,11.4261741434493,0,0,-0.0395990133192342,0.561692861985392,0.560990202590265,-0.423383015828477,51
8,12.9788627567729,-1.70579471636507,1.56813237097373,11.4261741434493,0,0,-0.87502481888354,0.0509299679294753,0.561025742556594,0.606961424345612,52
8,13.0622208990771,-0.974656562549452,1.07050188684551,11.4261741434493,0,0,-0.950381199453377,0.244120629556733,0.936307125912769,0.306648043560275,53
8,13.4373325394463,2.69900141628554,-1.43411346008917,13.2489660798823,0.127356401874963,-0.00336537467865801,0.943031987704606,1.16463128598344,-0.29423686507326,-1.51029510813773,54
8,13.6749032450134,5.55678851801047,-2.35278511160505,13.2489660798823,0.123457976237715,-0.00138626440167147,1.81431874483758,1.89295431867155,-0.87098247118381,-2.00031906550903,55
8,13.7916046442394,2.89629081636673,-3.09757093901046,13.2489660798823,0,0,0.879281103512918,1.17190991724057,-0.732627442057969,-2.27606538692153,56
9,0,0.0765597484673712,0.170633553060307,-Inf,0,0,-0.235843989441359,0.0368873517233626,0.867276720218195,0.450386517892853,0
9,0.141708841917237,0.887048015616016,-1.50563903196258,-Inf,0,0,0.17567348927683,0.289664205790208,-0.295189416619704,-0.515522063942986,1
9,0.391783268830009,2.18034835025305,-0.250530645728505,0.246604197740089,0.1280650869884,-0.00372515222008871,0.276652445623938,0.492266536998214,0.415298269921292,0.323410525772179,2
9,0.625186067281929,2.93045708632515,-0.683891559057945,0.246604197740089,0.124235054783433,-0.00178076317603297,0.795689380861458,0.868938080200907,0.207748135996296,-0.191869448974114,3
9,0.812741887466508,1.19664397693742,-1.20028509142682,0.246604197740089,0,0,0.0453801955338009,0.495332961935693,-0.260960231395658,-0.403079975420449,4
9,1.05448050014885,-0.330916681335384,-0.247222690215195,0.246604197740089,0,0,-0.476728428950178,-0.0658573042792542,0.693598282794704,0.412425487439125,5
9,1.47960702590057,3.0228122711914,-1.75753319227555,1.4102626616583,0.129309499529329,-0.00435690202828168,0.605988011890423,0.778904078973181,-0.0190346176822893,-0.732848357590662,6
9,1.60047633224174,4.47666698363984,-1.28001819566262,1.4102626616583,0.127326089994607,-0.00334998627332424,1.12045515374918,1.25148491436807,0.512106649163907,-0.383580040434361,7
9,1.76302470973504,4.09770684049596,-2.07893975367882,1.4102626616583,0.124658746137576,-0.00199585818907108,1.21365802378249,1.10702357665672,0.475788917673253,-0.667014558182906,8
9,2.07978565049122,1.02279045786451,-0.91025455996093,1.4102626616583,0,0,0.0770940603650434,0.471520212262098,0.548603661999864,-0.398034520592847,9
9,2.44239356951474,1.60559670922436,-1.25390082205607,1.4102626616583,0,0,0.232815648909836,0.57962731692957,0.385049251277339,-0.180346859882552,10
9,2.55075915451027,0.868349910127466,-0.839080428615699,1.4102626616583,0,0,0.00387863625572446,0.325013272033769,0.114894896792433,0.130850090888609,11
9,2.7549866031557,3.95543989641995,-3.66107573972169,2.57645841871496,0.127517843429238,-0.00344733356899056,1.2794760041676,0.905947754223926,-0.890372679250453,-1.91091182076535,12
9,3.19261685025305,5.19577147746646,-2.85402737598222,2.82722958863641,0.124451572210052,-0.00189068238548774,1.68265999599327,1.1755389305221,-0.799059501369728,-0.824878238425147,13
9,3.35516522774635,4.42404964290533,-2.18247744329209,2.82722958863641,0,0,1.24004746565378,1.14812319927971,-0.166116300038664,-0.958890205864337,14
9,3.66775826138732,2.3205874298049,-2.89654510445037,2.82722958863641,0,0,0.382335785512721,0.656112620107083,-0.67035852341193,-1.78765354210992,15
9,3.92616850253052,1.63110402724557,-1.59653334325188,2.82722958863641,0,0,0.190221279833445,0.441354951411582,-0.17664531896632,-0.719609715124039,16
9,4.19708246501935,1.15480140616596,-0.457664084608975,2.82722958863641,0,0,0.0266010797944169,0.457028451326501,1.4950374292937,0.0425661363706187,17
9,4.45132479904734,-0.701521183298167,0.382769486615595,2.82722958863641,0,0,-1.00263756654591,-0.226542940377997,1.61857334616801,0.500588985903311,18
9,4.53468294135159,-0.42601427814802,0.43754042691413,2.82722958863641,0,0,-0.731360991200307,0.149624944558261,1.3807134332886,0.763659809781971,19
9,4.99315272402501,3.84185717037827,-1.52584347647319,4.59996996782004,0.123995460971719,-0.00165912879868341,0.896525851952592,1.03284820925723,0.355306410109349,-0.5097092661475,20
9,5.20154807978565,1.30049238923476,-2.02261321800649,4.59996996782004,0,0,0.441181625352917,0.400808827571942,0.581731078081799,-0.743221692670843,21
9,5.26823459362906,0.853385255999563,-0.534884137650266,5.25662296441419,0.130256867066917,-0.00483785126374604,-0.40986257044537,0.088121635480735,0.549486910973523,-0.0317102524265076,22
9,5.61000297707651,3.38473034399373,-2.00475462020247,5.25662296441419,0.124648605623931,-0.00199071016352176,0.894625992454297,0.733188083925225,-0.522701112259876,-1.06035750663182,23
9,5.96844298898482,-0.0490919797590493,-1.30698384983593,5.25662296441419,0,0,-0.296103904656004,0.122340274337021,0.159512846483431,-0.811219895594134,24
9,6.09764810955642,0.726521307939248,-0.555061773320189,5.25662296441419,0,0,-0.130965269595391,0.170880098769593,0.281547910820531,-0.188732899420809,25
9,6.47275974992557,2.16352154143604,-2.29868340690667,5.25662296441419,0,0,0.273978375991013,0.573361067018388,-0.337573502878784,-0.977133922280401,26
9,6.676987198571,1.26287564103332,-0.514591812909414,5.25662296441419,0,0,0.15361374642645,0.30170426539753,0.951325258476376,0.0781091792941631,27
9,6.91455790413814,5.10217923757784,-2.46120430932083,6.69984609152978,0.126924086790112,-0.00314590166393311,1.8682410265269,1.39713496671033,-0.376077726968276,-0.714428422266097,28
9,7.18130395951176,3.63650180468209,-1.3115873054193,6.69984609152978,0.122546907127294,-0.000923742756440721,1.02902972686398,0.960366789125594,0.137990945033108,-0.277345971808083,29
9,7.28133373027687,1.76022853966532,-1.15172008881118,6.69984609152978,0,0,0.222377652024657,0.557924303425469,0.12687307488649,-0.411483465727823,30
9,7.58559094968741,1.05121176623928,0.151423349012373,7.45766094344346,0.128348136181916,-0.00386884755248937,0.0250442668206717,0.173113361509153,1.35806037425187,0.543876760436141,31
9,7.83983328371539,3.03926174232095,-0.62223626868483,7.45766094344346,0.124176136815792,-0.00175085234378547,0.933917041325873,0.758719055109726,0.201610476560035,0.00194940119052742,32
9,8.02322119678476,1.96645901098028,0.178674182134754,7.45766094344346,0,0,0.207034831375554,0.693664248378314,0.903772431747968,0.299168392953082,33
9,8.49419470080381,-0.64921314533246,1.55378016892332,7.45766094344346,0,0,-0.738876425476767,0.0140069587290736,2.26803407281382,1.59826723826301,34
9,8.64007144983626,1.07047425142375,-0.23760656730281,8.55344307325745,0.12902587686365,-0.00421291556176528,-0.639438767766655,0.318925835081334,0.918548121607789,0.213771813666327,35
9,8.80261982732956,2.75254203991494,0.0870489452240382,8.55344307325745,0.126358533006619,-0.00285878747751168,0.640212402191931,0.708936672607773,0.680020212798932,0.1601246717764,36
9,9.05269425424233,4.44025117276912,-0.513041514127773,8.55344307325745,0.122254927072676,-0.00077551350173645,1.31467227291093,1.28717270682792,0.655424445830516,0.075849506630706,37
9,9.48615659422447,-0.191045895199463,1.96524566538898,8.55344307325745,0,0,-0.374837780048027,-0.0948375421365949,1.53751416365972,1.46954097273304,38
9,9.68204822863948,2.52224930432871,-1.73282391918905,9.5649726121758,0.128526251708832,-0.00395927130365628,0.504985574681783,0.709676202740087,-0.190928083998475,-0.712621911087306,39
9,9.99880916939565,3.58628443144774,-2.33835285429049,9.5649726121758,0.123328350859234,-0.00132045760100878,1.02712599931638,1.11639804522497,0.288887520695741,-0.793702947659154,40
9,10.0029770765109,3.6018734889189,-2.66193479832139,9.5649726121758,0.123259957426952,-0.00128573636807799,0.786722951079025,1.04871426983536,-0.690551455375131,-1.41534054727302,41
9,10.3405775528431,-0.0034495792382761,-2.03568816356683,9.5649726121758,0,0,-0.364199403617268,0.181526621791458,-0.235139385705771,-0.831536571606003,42
9,10.7198571003275,1.18147206330041,-0.696188597529385,9.5649726121758,0,0,0.093601945421468,0.348290839304751,0.698264933684713,-0.30266375899704,43
9,10.9115808276273,0.967690588549684,-0.752083291799148,9.5649726121758,0,0,0.280647030772918,0.315900470976299,0.603231967109392,-0.184099638641846,44
9,11.1866626972313,4.43996810770383,-3.16213358652065,10.9533037107026,0.126618095271954,-0.00299055922196713,1.29706908499543,1.03699387452078,-0.363407708260172,-1.70547134073403,45
9,11.2700208395356,2.78229399639503,-2.92479879912198,10.9533037107026,0.125250226627272,-0.0022961345633743,0.499988286128421,0.799472323485949,-0.588620050956804,-1.43407952148497,46
9,11.5867817802918,2.34231085684851,-3.01096119652175,10.9533037107026,0,0,0.801642594433471,0.786313139484204,-0.817640440548699,-1.56349472849878,47
9,11.9910687704674,2.00357632713425,-1.11269716593632,10.9533037107026,0,0,0.0768366006686403,0.481757306404783,-0.150952137869405,-0.482713931227142,48
9,12.2244715689193,3.24510484030441,-0.349660468331129,12.1385530914449,0.129037525980274,-0.00421882945846902,0.828118847767109,1.01889780308725,0.400967082170025,0.0955178214563327,49
9,12.3995236677583,2.36264196397058,-0.639780730210809,12.1385530914449,0.12616500182655,-0.00276053767542742,0.404094145653536,0.631791201099734,1.01808581298913,0.267557915227442,50
9,12.649598094671,3.45413338637636,-2.67042735641155,12.1385530914449,0,0,1.10396359285631,1.04820663103736,-0.471580390256877,-1.12624592667139,51
9,12.7954748437035,1.18858890895973,-0.886912975422477,12.1385530914449,0,0,-0.010045344397263,0.409494373649242,0.709730652323928,-0.34795492856337,52
9,13.0955641559988,0.797811845679705,0.270367418360809,13.0305229627778,0.129380112579806,-0.00439275009284537,-0.16280552698786,0.272187395188521,1.38278849676977,0.221633222622543,53
9,13.295623697529,2.5114718010802,-1.48465440731169,13.0305229627778,0.126097227832744,-0.00272613091222829,0.671125315945032,0.51282997831169,0.26797065150939,-0.243856940496879,54
9,13.6415599880917,1.65886305183933,-1.6906215214901,13.0305229627778,0,0,0.535352891462179,0.4684879532812,-0.195386350792667,-0.377153617524479,55
9,13.8916344150045,3.83886285689222,-0.461010375289728,13.7240893451381,0.127698071270578,-0.00353882967696195,1.23278407233808,1.11194941543801,0.850267753527716,0.238279886837372,56
10,0,2.05386434119445,-1.89084106049075,-Inf,0,0,0.546309666165873,0.206245433099863,-1.43495536654291,-0.719900282394178,0
10,0.00416790711521286,2.07034353693009,-1.84412830795207,-Inf,0,0,0.811138818955505,0.151089997540672,-1.23303775848402,-0.80498648254493,1
10,0.387615361714796,4.00310446106122,-2.01596356484904,0.117938666604459,0.126022138435072,-0.00268801034449077,1.43101336428767,0.807202895928945,-0.822381638883127,-0.864393845387869,2
10,0.746055373623102,4.54756339047481,-1.038234195816,0.644888340866265,0.128787304225467,-0.00409179960267816,1.79741949579834,0.832042697701296,-0.388134252250507,-0.700362187883363,3
10,0.825245608812146,3.49199790419762,-0.778698873342514,0.644888340866265,0.127487829013068,-0.00343209617701634,1.50812011356857,0.675567031649858,-0.390190673021962,0.0567276388973088,4
10,1.18368562072045,2.38647347279909,-1.0027323431082,0.644888340866265,0,0,0.758803314515131,0.38672516970471,-0.722037517443679,-0.144947889202867,5
10,1.3295623697529,-0.651166489797352,0.0781376039412955,0.644888340866265,0,0,-0.333808343531885,-0.394940191488197,-0.16620342110227,0.259931088267145,6
10,1.58380470378089,-1.59698347275194,2.633187604907,0.644888340866265,0,0,-0.543040084892577,-0.619131051049515,1.37067994870877,2.30214984952199,7
10,1.82971122357845,-0.195093867634471,1.00825531010882,0.644888340866265,0,0,-0.217138668985339,-0.357844008434937,0.932277606708082,0.893188874568572,8
10,2.075617743376,2.072226320337,-1.94641186302767,0.644888340866265,0,0,0.956213496995486,0.256870470114618,-1.47186630637498,-0.911492438582061,9
10,2.45072938374516,2.24725944924625,-3.36053737685847,0.644888340866265,0,0,0.655255088400294,0.18069932049883,-2.76785420137654,-1.69878497797858,10
10,2.53408752604942,2.61572356795895,-1.04590100109762,2.52188282624926,0.130247135052321,-0.00483291062054902,0.854724320300805,0.477528147150847,-0.896927407584357,-0.246347413960275,11
10,2.83417683834475,2.59799440062075,-1.54593652429524,2.52188282624926,0.125322807931636,-0.00233298184961983,0.934155769249251,0.30623808484982,-0.574828069575099,-0.490179891533232,12
10,3.18011312890741,3.85602782537106,-3.17853715191608,3.10370481339677,0.129193583349096,-0.0042980549641289,1.49318533320718,0.797858970891753,-1.68500036812434,-1.73221949803028,13
10,3.27597499255731,3.62396162229969,-1.42251032433506,3.10370481339677,0.127620534407771,-0.00349946660674909,1.22032929158462,0.673744159970882,-1.07735815862964,-0.658991020944864,14
10,3.58440011908306,3.0063061004197,-1.5464444314345,3.10370481339677,0.122559420422636,-0.000930095369961262,0.971014129030528,0.527678652275141,-1.14553078038903,-0.427856072056573,15
10,3.80113128907413,0.679939087874156,-0.230648106878439,3.10370481339677,0,0,0.0309992412380387,0.0175648393575541,-0.150752131496596,-0.00345693853736784,16
10,4.11372432271509,0.247103582416259,-0.0390612278659478,3.10370481339677,0,0,0.220632462402829,-0.225412972735805,0.18168233685396,0.43828396275478,17
10,4.36796665674308,0.861663005887517,-1.40754873574996,3.10370481339677,0,0,-0.0170565931773473,-0.0831898989292626,-0.211327348540845,-0.634311596644619,18
10,4.70556713307532,2.04916688067893,0.0319892860697779,4.61968938325747,0.129038194302349,-0.00421916874492993,0.638187457578028,0.238172415769455,-0.498717426278448,0.254184710881189,19
10,4.88895504614469,2.88459671399356,-1.00189374427917,4.61968938325747,0.126028883284161,-0.00269143449602907,0.863961252420476,0.439021284058566,-0.805350901392476,-0.315222114595093,20
10,5.19738017267044,5.32813505697323,-4.02308740539383,5.11970866039897,0.129172854873228,-0.0042875317572159,1.95692003399625,0.983357455990887,-2.40842933599534,-1.91270660629807,21
10,5.42661506400715,4.508872035664,-2.65621791836661,5.11970866039897,0.125411216100493,-0.00237786394608963,2.02607414356993,0.785109860101193,-1.31495496977143,-1.47232672768766,22
10,5.58916344150045,3.36081436839529,-1.66549715067327,5.11970866039897,0.122743872243463,-0.00102373586183652,1.22976132407182,0.569415922210418,-0.644881070810072,-0.46018775730666,23
10,5.90592438225662,1.87643809979843,-1.28196725546478,5.11970866039897,0,0,0.769144938698338,0.125058126651146,-1.1910619690987,-0.787341454477725,24
10,6.10598392378684,0.87338373096078,-1.53956858847451,5.11970866039897,0,0,0.349092657478871,0.106642750602756,-1.32896216478499,-0.689409668869047,25
10,6.37689788627568,-0.161707954382222,-0.784353526372755,5.11970866039897,0,0,-0.137873701009315,-0.314952932472011,-0.485243668155085,-0.588491723594649,26
10,6.53527835665377,-0.902510953643071,0.623224372653508,5.11970866039897,0,0,-0.304781690985852,-0.498361374173123,0.00966616284635277,0.898066807924304,27
10,6.78952069068175,2.6574923955955,-0.226861102914886,6.53999163102215,0.126352751834469,-0.00285585255501132,1.06673112143938,0.346054298883804,0.0300327230498547,0.387737684923947,28
10,7.04376302470973,3.86299161524062,-2.83454315698496,6.53999163102215,0.0114052646234492,-0.000176552506201813,1.2901571632988,0.741836600278999,-1.66253413691884,-1.60052456892024,29
10,7.45638582911581,3.8628756529115,-2.79235768793031,7.25894718795227,0.127207531561787,-0.00328979781914671,1.09903836482122,0.620767170043577,-1.87832163649586,-1.44020228811577,30
10,7.58975885680262,4.44883342503454,-0.596109514930917,7.25894718795227,0.125018941730353,-0.00217871836540004,1.64062948077605,0.847712888474491,-0.324892176965896,0.0488760563468883,31
10,7.95653468294135,1.39072135624883,-0.843639148242484,7.25894718795227,0,0,0.81136283213129,0.152350050864881,-0.245057354236374,0.00802767776268487,32
10,8.20244120273891,1.78563725629332,-0.9995484506196,7.25894718795227,0,0,0.648686936508352,0.179316017000289,-0.163203183729605,-0.556711449297968,33
10,8.26912771658232,0.839557236046691,-0.79566628569939,7.25894718795227,0,0,0.0627088617611203,-0.149877586808237,-0.389676686663627,-0.168690297184378,34
10,8.64840726406669,1.3934391651228,0.123949489328448,7.25894718795227,0,0,0.707823217678507,0.0658590652005007,-0.0287351249068277,0.488149732119003,35
10,8.96100029770765,3.99194716546981,-2.28993797047526,8.72180226471705,0.126522279214239,-0.00294191636916583,1.67230054417375,0.732585658670715,-1.5174269069175,-1.15490344783228,36
10,9.21524263173564,3.12898938858515,-0.985374027301687,8.72180226471705,0.122350279848166,-0.000823921160463009,1.07584562018836,0.608493190451709,-0.165844878222471,-0.211624912666462,37
10,9.34027984519202,1.87434900569978,1.48471024895386,8.72180226471705,0,0,0.582536590286291,0.301097701413115,0.731423378986954,1.12763815053393,38
10,9.66120869306341,2.81015406319565,-1.49970994389769,9.58199185680849,0.129147496819815,-0.00427465825679908,0.92448474995081,0.373753502402508,-1.02448719959114,-0.596436201479037,39
10,9.98630544805001,2.22505135226316,-1.18626064584552,9.58199185680849,0.123812809105756,-0.00156640208829327,0.831502704671482,0.32835333050382,-0.725907419722275,-0.104662278708463,40
10,10.0863352188151,3.6253381304939,-0.0772921710956665,9.58199185680849,0,0,0.904350493936571,0.457366305872719,0.306279856542636,0.289666065489918,41
10,10.3864245311104,0.721486614589501,-0.176792172030623,9.58199185680849,0,0,0.182055766468901,-0.0235803981769388,-0.201829392155627,0.522183966840894,42
10,10.6406668651384,-0.0199161632418582,-0.224105586093711,9.58199185680849,0,0,-0.252916880166759,-0.300252368283173,-0.478441025646456,-0.158854884485679,43
10,10.8699017564751,-0.750260158673561,0.471740039762716,10.8598470426684,0.13028241533026,-0.00485082132786893,-0.276694417556591,-0.591273981130203,0.563915067925284,0.477296788026298,44
10,11.0199464126228,2.96467594305666,0.66939496560031,10.8598470426684,0.127820251769872,-0.00360085694240253,0.953407328306535,0.400133997282599,0.356771564556433,0.840519108775623,45
10,11.4450729383745,3.32154364820167,-2.55498629124042,10.8598470426684,0,0,1.07865437008439,0.650566771054465,-1.23390168236836,-0.88329299301284,46
10,11.5242631735636,2.3897976065201,-1.1868428487182,10.8598470426684,0,0,0.735925208005733,0.321589862331805,-0.809656153079642,-0.335850953332051,47
10,11.9910687704674,3.48865923510094,-1.0124377653923,11.6135276126245,0.124252132382144,-0.00178943294537202,1.56867315869975,0.44096029036971,0.0250347143516664,-0.220494311986334,48
10,12.0869306341173,4.37362692169625,-1.84041215724291,11.6135276126245,0.122679083440818,-0.000990844587992201,1.51927002321696,0.829011931218525,-0.948457506428436,-0.907711928716743,49
10,12.4203632033343,3.24443984611345,-2.04490206808703,11.6135276126245,0,0,0.934391502191159,0.48109636434564,-1.05083883520756,-0.732854371594547,50
10,12.707948794284,2.17187279613479,-0.402137660420147,12.6027991321421,0.128721951115259,-0.00405862184733663,0.779319239324704,0.27994516897178,-0.372696586151823,0.256108058430088,51
10,12.8913367073534,3.05276863558017,-2.52699220609409,12.6027991321421,0.125712640097122,-0.00253088759843756,1.13335433406684,0.448480175471644,-1.11055953613428,-1.0888879566631,52
10,13.1830902054183,3.32289682540895,-3.23455253675877,12.6027991321421,0,0,1.10691983175115,0.49534087443112,-0.85357289477165,-1.64852746426901,53
10,13.3914855611789,0.927575040292139,-0.339129555009969,12.6027991321421,0,0,0.510967557237012,0.0158913992384654,0.00511126383545138,0.0864449434662299,54
10,13.5415302173266,-0.201410781343318,-0.912530999305768,12.6027991321421,0,0,-0.309960064860863,-0.272369954432695,-0.10420954974302,-0.160210060901395,55
10,13.9791604644239,1.58306410948682,-0.430228265638558,13.9789031875669,0.00820875901715833,-0.00023136935290835,0.525588858443186,0.0509671686797403,-0.381175577775077,-0.0520787534071065,56
11,0,0.073082233600198,2.06213078397349,-Inf,0,0,-0.478446773163225,0.376858720797586,0.37446057402353,1.83247703056926,0
11,0.0958618636498958,-0.696192074461056,1.18377673167094,-Inf,0,0,-0.885716712228765,0.212864468186924,-0.0644678973483127,1.21463845905863,1
11,0.325096754986603,0.672372530497989,-0.36727292907718,0.320376260171179,0.130369947402083,-0.00489525865695756,-0.121716590825512,0.475822149508391,-0.394356880923135,0.246444212942679,2
11,0.616850253051503,3.81607436505423,-1.5162802011159,0.320376260171179,0.125582407145876,-0.00246477235188794,0.787019443067302,1.39108601446388,-1.31863280357287,-0.232821353460766,3
11,0.791902351890444,2.5317426005163,-1.83803892039267,0.320376260171179,0.122709882992151,-0.00100648056884632,0.487177175869246,1.13548404668127,-1.62176328116755,-0.638652157240968,4
11,1.13783864245311,1.42574439859013,-0.326900623981609,0.320376260171179,0,0,-0.0300804620315061,0.684800831163642,-0.70606952684502,0.142078107571896,5
11,1.31705864840726,4.06692800898723,-1.5297370876241,1.16370681335505,0.127930975703591,-0.00365706806337192,1.3633808374243,1.4093719049277,-0.919148382621891,-0.668394289858523,6
11,1.69633819589163,4.8992366296587,-2.67507367623121,1.16370681335505,0,0,1.68291146254205,1.55627282277889,-1.65584756340654,-1.2280622290091,7
11,1.9755879726109,2.70399633678015,-1.83449999269289,1.16370681335505,0,0,0.238647203136921,1.15068700422435,-1.36215072480504,-0.981856540943158,8
11,2.0422744864543,1.94804070920978,-2.57801544154608,1.16370681335505,0,0,0.697415541446048,0.710953555623995,-1.38545755478428,-0.869419205089117,9
11,2.27567728490622,1.95369427420804,-1.54409799526063,1.16370681335505,0,0,0.324736587222571,0.832268631482848,-1.42453548910368,-0.349570142586013,10
11,2.73414706757964,2.96772999876134,-1.45131196633738,2.57829973424892,0.127890025728537,-0.00363627902594697,0.775183364491424,1.27674443105216,-1.19277975073699,-0.623377460125299,11
11,2.87168800238166,2.11270001542134,-1.26019362546945,2.57829973424892,0.125633042464896,-0.00249047833927082,-0.0400369346986579,0.777333686694026,-0.684855654678117,-0.434239222220755,12
11,3.23846382852039,1.80265619174028,-1.13470222204183,2.57829973424892,0,0,0.2887946055729,0.962405270011873,-1.36774382181422,-0.278696560138503,13
11,3.49687406966359,1.61659574283436,-0.577615631494291,3.43165228524639,0.129377149161648,-0.00439124565697156,0.239913789263527,0.837420424683936,-0.370264960114745,0.0879393233788328,14
11,3.58440011908306,3.07419994650964,-1.45554901114395,3.43165228524639,0.127940887084786,-0.0036620997654503,0.741879932529594,1.16854416761392,-1.55566208808324,-0.394348842742779,15
11,3.759452217922,1.60170812784233,-0.352452468963281,3.43165228524639,0.125068362931061,-0.00220380798240868,0.733588158652422,0.838713507189751,-0.562663205894975,0.159354549327725,16
11,4.08038106579339,0.704884434574318,-1.30723739609382,3.43165228524639,0,0,-0.11332162384104,0.348080670012691,-0.818274655323592,-0.330236345970395,17
11,4.33879130693659,2.53944876361585,-0.779607190219818,3.43165228524639,0,0,0.89135385565811,1.01862212152221,-0.634656640321829,-0.22591578288679,18
11,4.73891038999702,2.76869017102798,-1.73053500080457,4.43990722477185,0.125540904594938,-0.00244370278875342,0.578498544293954,0.916981375948165,-1.34267985466177,-0.310368244948616,19
11,4.75558201845787,2.4610799462892,-1.30525237573818,4.43990722477185,0.125267330866012,-0.00230481785703476,0.489619894501077,1.01542610808492,-0.872356809902508,-0.389150958310503,20
11,5.0890145876749,1.57034281766184,-0.0939277416355415,4.43990722477185,0,0,0.440984681837823,0.718657641762613,-0.38002507934036,0.29106969952833,21
11,5.32658529324204,1.65108638301384,0.843012685092718,5.24793092432933,0.129156726649344,-0.00427934395613644,0.376264677844122,0.737017822357085,0.306449305877987,0.818714774593344,22
11,5.58082762727002,2.46605929307889,-1.70294788923813,5.24793092432933,0.124984727283219,-0.00216134874743298,0.552676409304182,0.975452560308151,-1.6321508732806,-0.169146484552221,23
11,5.94760345340875,0.737924218621891,-0.837547248959834,5.24793092432933,0,0,-0.0246818316526511,0.550028342023572,-0.851455683384663,-0.0458640417899244,24
11,6.05596903840429,-0.601210958799754,1.41615036853212,5.24793092432933,0,0,-0.392035487086228,0.263230773945562,0.252000873979338,1.40220415334057,25
11,6.31021137243227,-0.00369909408954122,0.36901136906118,6.21666527086726,0.128912360189197,-0.00415528665258989,-0.195212643716764,0.46671877240662,-0.252987738517392,0.681852924329894,26
11,6.57278952069068,1.02203470148837,0.597367238178528,6.21666527086726,0.124603573958609,-0.00196784897802722,-0.16148004617117,0.626004860956577,-0.341299893964993,1.22945248068681,27
11,6.83536766894909,3.45659813708007,-2.661412701296,6.21666527086726,0,0,1.00039799087487,1.44478464451324,-1.74973296324224,-1.17053890994612,28
11,7.00625186067282,0.878623818072459,-0.387849278001677,6.21666527086726,0,0,0.143565745332355,0.61441463676041,-0.387361512783524,0.0943679343545338,29
11,7.4522179220006,-0.713285369876447,0.0658871495119718,6.21666527086726,0,0,-0.717343506323823,0.256820469033216,-0.0337517457433582,0.554126492720478,30
11,7.62310211372432,-0.473175222655219,1.06991542597167,6.21666527086726,0,0,-0.485596769404394,0.413344121180112,-0.0293767784651714,1.16385965271071,31
11,7.86484072640667,-1.09163657549016,1.67871675700776,6.21666527086726,0,0,-1.03668821405658,-0.106733344180375,-0.14587106742643,1.43475059753418,32
11,8.17326585293242,1.36453691046321,-0.168218661702026,7.93454987256465,0.126530189475308,-0.00294593216436914,-0.158942485655962,0.637958243884883,-0.883539846543894,0.404752607966054,33
11,8.46918725811253,6.43386198877999,-1.81731390729413,8.24184038656262,0.126716751304056,-0.00304064384208985,2.30838004624847,2.00409957213145,-1.36775908160313,-0.742617927740598,34
11,8.59839237868413,5.981899014212,-3.35813910807571,8.24184038656262,0.124596554904929,-0.00196428562127492,1.90987671950975,2.04226961676631,-1.78608291516888,-1.88574469967383,35
11,8.77344447752307,5.31061169959586,-3.79219972998601,8.24184038656262,0,0,1.49003974585381,1.85415538495171,-2.93476722989672,-1.60453262996577,36
11,9.13188448943138,0.72831614191923,-1.94670025502518,8.24184038656262,0,0,-0.441275374877561,0.581287173358891,-1.33068078421059,-0.751936326623197,37
11,9.48198868710926,-0.0120593607740179,-1.35950865640389,8.24184038656262,0,0,-0.54366433946898,0.343813259917549,-1.30898008709334,-0.495990036534587,38
11,9.59869008633522,0.697868953090515,-1.5192365929492,8.24184038656262,0,0,0.0138926518871723,0.481788336248322,-1.0457859473668,-0.322700997254935,39
11,9.79874962786544,1.91802843214427,-1.66886067296906,8.24184038656262,0,0,0.39831258760077,0.899663517712891,-1.06033894031328,-0.57467172823838,40
11,10.0488240547782,1.75589076912345,-0.0368459643443138,9.8892718703092,0.127829230831207,-0.00360541533446294,0.404463819904148,0.598651227144761,-0.806483322225066,0.385610434953515,41
11,10.4322715093778,2.65591923606201,-0.652645093282493,9.8892718703092,0,0,0.72502700001193,1.14884765869095,-0.0949896680245786,0.483715664108439,42
11,10.749032450134,0.524400515297875,0.929338261530533,9.8892718703092,0,0,-0.182414396413312,0.470572190006457,0.46509298734755,1.05783670925289,43
11,10.9740994343555,0.38209018717913,-1.7586320412241,9.8892718703092,0,0,-0.26947647587955,0.666335957074484,-1.69832873249722,-0.554750576977265,44
11,11.220005954153,1.62225201813699,-1.57836809064464,11.1367379297789,0.129081018692441,-0.00424090936498352,0.351530022850183,0.947028265672054,-1.38124254642443,-0.445934477379541,45
11,11.4909199166419,3.52546582350104,-2.47959621524186,11.1367379297789,0.124635445597392,-0.00198402922456231,1.00693564350047,1.19539466338876,-1.50627170030398,-0.558092838448207,46
11,11.5784459660613,4.65558320472892,-3.14549839753407,11.5185467378272,0.252663673372808,-0.00569046916073017,1.5426799906951,1.39237532599739,-1.47915725514818,-1.56276786032559,47
11,11.9994045846978,5.99461574790073,-3.93070483142043,11.5185467378272,0.122556753196841,-0.000928741301800623,1.88587250957802,2.019389860629,-2.3534527536596,-1.88132862523279,48
11,12.0327478416195,5.29707740472411,-3.29688248595607,11.5185467378272,0,0,1.63003443821932,1.91235201838071,-2.23379279878612,-1.51610252575181,49
11,12.4120273891039,0.599345296644888,-0.629314950873965,11.5185467378272,0,0,-0.000505796890783061,0.620749422663133,-0.58755299941334,0.0349084648190099,50
11,12.628758559095,1.70182359032475,-1.63017832657164,12.594441821265,0.129884286713142,-0.00464870372683368,0.401035783554828,0.678955424651973,-1.27112015329162,-0.699847043627969,51
11,12.903840428699,3.76149916285737,-3.78885596009441,12.594441821265,0.125370320185861,-0.00235710235348274,1.59928039044904,1.41719017076941,-2.62555408985384,-1.90492240201961,52
11,13.0288776421554,3.70224392653301,-2.79052712232188,12.594441821265,0.123318517218915,-0.001315465365596,0.953715221303605,1.331346874945,-2.11995220306157,-1.53297574672216,53
11,13.3831497469485,-0.982372517620752,0.0161972547465266,12.594441821265,0,0,-0.636264987444837,0.164688395401584,0.0152789638934969,0.472351626566704,54
11,13.7040785948199,0.608393509578744,0.30037478275277,13.6670766875031,0.129840224321096,-0.00462633461144159,-0.372998057467855,0.589531286327785,0.140406991061588,0.410110362818057,55
11,13.7665972015481,0.841913701980344,0.416867016458088,13.6670766875031,0.128814322837623,-0.00410551611749821,-0.0166465031225188,0.491288586984505,0.0567526839213293,1.06168979556524,56
12,0,1.01989712300396,0.449167291068957,-Inf,0,0,0.551032605555895,0.410395914132296,-0.737264031257985,0.79372851748629,0
12,0.0625186067281929,0.276006278442962,0.37066472614539,-Inf,0,0,0.00724961397074986,0.122871602158714,0.0548797436118671,0.469890530402782,1
12,0.487645132479905,2.14312105054298,-1.73820408311547,0.402645938575733,0.129052610999427,-0.00422648765671926,1.03706259237915,0.491316452273745,-1.14060237769519,-0.786167401027828,2
12,0.604346531705865,2.78789083211267,-1.58159282306984,0.402645938575733,0.127137594896943,-0.00325429313469108,1.05173828619181,0.737265291212639,-1.31991171483258,-0.653695026540143,3
12,0.996129800535874,0.418450661831574,1.32523865359249,0.402645938575733,0,0,0.498065944211278,0.168983811340042,0.817223632812925,1.10358148161125,4
12,1.17534980649003,-1.37853768684277,0.0644241983004015,0.402645938575733,0,0,-0.539248666997325,-0.416991832595311,-0.466651436625522,0.46318696029896,5
12,1.4921107472462,-0.302040501338321,-0.852409260228257,1.46646071250837,0.130026503311137,-0.00472090270067839,-0.105860396390586,-0.150331034232173,-0.398629906416414,-0.435300026718719,6
12,1.67549866031557,4.83776122326241,-2.69591577185467,1.46646071250837,0.127017192292949,-0.00319316845177776,2.20613170808292,1.1752198719212,-1.38964879550405,-1.43442555117226,7
12,1.98809169395653,2.21016948917927,-0.604264262134953,1.46646071250837,0,0,1.1128092130567,0.48508269661849,-1.34913220816313,-0.201854958714083,8
12,2.19231914260196,2.32220996354486,-1.88051962078105,2.04643578794427,0.128053530020076,-0.00371928510426023,1.06852937921625,0.554973892915069,-0.894831670685673,-0.97161492370354,9
12,2.42155403393867,3.25520110363518,-2.81296482578046,2.04643578794427,0.124291891247355,-0.00180961729313459,1.42264781009838,0.816269077338744,-1.96217525116744,-1.55870032993309,10
12,2.60910985412325,2.65095115999631,-1.07645598736404,2.04643578794427,0,0,1.15614737133254,0.554796313880477,-0.881707391200186,-0.942611604980609,11
12,2.99255730872283,0.51518827144977,0.183852622456311,2.04643578794427,0,0,0.403734311521172,0.0748556471398721,-0.269232229082631,0.123510336990244,12
12,3.03006847275975,0.49600505425347,0.492103079408127,2.04643578794427,0,0,0.218285834613319,-0.0917573762467358,-0.25752290468385,0.458302555327886,13
12,3.46353081274189,1.06413199507999,-2.83951408958973,3.44161608593467,0.130087797990405,-0.00475202011599951,0.753527785435629,0.183502430707233,-1.97164410815549,-1.34966656553346,14
12,3.50520988389402,2.36519581816453,-3.24961118200654,3.44161608593467,0.12940386366809,-0.00440480778670409,0.965051330837713,0.5172916387347,-2.33252930899606,-1.80282159328623,15
12,3.95117594522179,2.81814147286787,-1.58437936757066,3.44161608593467,0,0,1.43369972472246,0.839484474351213,-0.749007812649004,-0.838509489872211,16
12,4.04703780887169,2.26326535203336,-1.39378162349292,3.44161608593467,0,0,1.34909304059769,0.537344351252401,-0.88683143501413,-0.534595090444724,17
12,4.4388210777017,2.96787871987431,-1.53281522922944,4.28361359894491,0.127900525446796,-0.00364160940857934,1.20858017285196,0.635642358975302,-0.784666575560583,-0.745255760681252,18
12,4.70139922596011,4.44535191065973,-2.30146887964609,4.28361359894491,0.123591739216183,-0.00145417173401688,2.22603088462227,0.898034105774652,-1.45749089246581,-1.08955162921635,19
12,4.78475736826436,3.92170801318578,-2.18566831466033,4.28361359894491,0.0881719649064701,-0.000801607495416787,1.87517517558829,1.05106066356358,-1.44513183432803,-1.21918531832871,20
12,5.07651086632927,0.106810848784985,-1.13358113636509,4.28361359894491,0,0,0.25770493467637,0.0471153213496758,-0.980914507225935,-0.632560737948695,21
12,5.39327180708544,0.81239655844993,1.07152255508194,4.28361359894491,0,0,0.299374207203715,0.141703622214248,0.436839817699097,1.12069032170223,22
12,5.69752902649598,1.02329648457631,-0.888185765858083,5.66840826984531,0.1299695503663,-0.0046919894498209,0.159331443249284,0.210509358656555,-0.765710648662794,-0.672817816383962,23
12,5.835069961298,4.3437676251923,-2.02082061372318,5.66840826984531,0.127712567102685,-0.00354618876314636,1.83502626111445,1.17154377516821,-1.36361186549223,-1.11092457188717,24
12,6.12265555224769,3.6407771624757,-2.67024418446078,5.66840826984531,0.122993420278709,-0.00115042369100622,1.58739143867582,0.81906832088691,-2.32308995451931,-1.30766206266066,25
12,6.47275974992557,0.204837277145282,-1.29806161375143,5.66840826984531,0,0,0.499052573454593,-0.121940145082315,-1.56708020628137,-0.482991034041687,26
12,6.71449836260792,0.0174129052412821,0.182893336962846,6.70378347231398,0.130271582138756,-0.00484532165118258,0.0138517478204169,0.0703663244300268,-0.640757487753552,0.112469754771377,27
12,6.81036022625782,2.02896107030489,0.331847258225455,6.70378347231398,0.128698533197431,-0.00404673329380277,0.801390911114878,0.382278618748595,0.0705061822368665,0.590338816808785,28
12,7.2271509377791,4.66710203277171,-2.91522023137817,6.70378347231398,0,0,1.89697658751702,1.17633914851111,-1.42209271536537,-1.14749515287588,29
12,7.26883000893123,3.48027007953565,-2.32984802746365,6.70378347231398,0,0,1.80559463736671,0.798790553331475,-1.55303734459752,-1.31138321717864,30
12,7.53557606430485,2.07578452692537,0.162834690807549,6.70378347231398,0,0,0.987755296612693,0.486564922134585,-0.341800305496325,0.207694817685351,31
12,7.91902351890444,1.93286667363819,-1.66906003911766,7.7113956608917,0.127040331215714,-0.00320491536812031,0.674923643075194,0.467792006416996,-1.68015020432032,-0.784901100107519,32
12,8.08573980351295,2.25724943788945,-1.16037209982438,7.7113956608917,0.124304593926427,-0.00181606605093701,1.27897468608019,0.402038376827731,-0.97921976498705,-0.476465129898492,33
12,8.42334027984519,-1.1044700358524,-0.488953504431381,7.7113956608917,0,0,-0.169540196700662,-0.306056446672817,0.0495084632308177,-0.296350957916319,34
12,8.51503423637988,1.20273749176893,-1.22498344211175,7.7113956608917,0,0,0.0421256068245729,0.298102290266505,-1.30091521115256,-0.285466281816452,35
12,8.91515331944031,1.24004160135019,0.0429931185310969,8.79492542325483,0.128474524253404,-0.0039330108723522,0.575788942159892,0.312699557085794,-0.244786875465014,0.210333476464837,36
12,9.11521286097053,3.70349876226258,-1.23853571214892,8.79492542325483,0.12519163950624,-0.00226639169173182,1.87535378895927,1.05469754216311,-1.12440985139992,-0.617469236624241,37
12,9.37779100922894,2.89303767908038,-2.04445013950558,8.79492542325483,0,0,1.46462523159595,0.643986009706873,-2.06811437249452,-0.560645222222779,38
12,9.71955939267639,1.83239013563739,-0.0873675757472114,9.64711218709842,0.129258583335027,-0.00433105344918019,0.995639198964261,0.437295669884203,-0.130436504762283,0.00957221825227558,39
12,9.93629056266746,4.35078149747474,-2.18951026546233,9.64711218709842,0.125702124858935,-0.00252554933684114,2.14153024569766,0.918054269183276,-1.80502491766272,-1.07065260639718,40
12,10.1863649895802,1.21826374784721,0.0831333524252521,9.64711218709842,0,0,0.652620011390652,0.239231498286614,-0.768122964424169,0.292968793897305,41
12,10.298898481691,-0.51892193045668,1.48003544789487,9.64711218709842,0,0,-0.0989139811122034,-0.0249628792667457,-0.0599980578720031,1.28185132209752,42
12,10.7240250074427,1.69610583742962,0.301961920251082,10.6508339121759,0.129246376448492,-0.00432485638997124,0.965346813744389,0.586865685491346,-0.756726220432542,0.0935019379250763,43
12,10.9866031557011,4.70883053363788,-1.16615047116147,10.6508339121759,0.124937590217957,-0.00213741871541076,2.19978539364468,0.822150942014516,-1.11447680590834,-0.68021262137034,44
12,11.2075022328074,3.9249094529392,-2.44098644166533,10.6508339121759,0,0,1.90993879200655,0.937694006508755,-1.78642431037782,-0.876954525222275,45
12,11.3492110747246,2.43200301396323,-2.62504923515795,10.6508339121759,0,0,0.997584558488318,0.420677424338325,-1.91194671578935,-1.25453532753671,46
12,11.6493003870199,-1.19586051424659,0.307212716587268,10.6508339121759,0,0,-0.510746718460819,-0.420359253506485,-0.878202954295624,0.329652327585546,47
12,11.8910389997023,1.43669794980107,-0.591157608836108,10.6508339121759,0,0,0.64224066795,0.361252569545946,-0.227576492019499,-0.0419855691567967,48
12,12.1577850550759,1.0806510673572,-1.51715364608777,10.6508339121759,0,0,0.323106052615924,0.13605501103122,-1.18361561353606,-0.888624638567224,49
12,12.3828520392974,2.41627204694946,-0.56148186444606,12.158284680968,0.126762361833284,-0.00306379889888456,1.22163613703009,0.620966760825189,-0.678909710096487,-0.142940307686943,50
12,12.6370943733254,6.78151140369485,-2.50600945127611,12.4830341693265,0.250509714163179,-0.00459697060400034,2.3308542778892,1.57043256621542,-1.75069030124721,-1.25269587156056,51
12,12.7537957725514,5.16627420284458,-1.44401601847996,12.4830341693265,0.126004335593585,-0.00267897239179302,2.11427912892494,1.19883650214067,-1.0377733463477,-0.523969473073656,52
12,13.1955939267639,1.95745186230139,-0.765410196764909,12.4830341693265,0,0,1.32983511477525,0.33137264161428,-1.2273813740789,-0.64639154333469,53
12,13.4248288181006,-0.397388297997424,0.00690725944389289,12.4830341693265,0,0,-0.158284411795364,-0.251808289053893,-0.532532486832308,0.332022908243129,54
12,13.6373920809765,-1.30163420812069,1.23055262071847,12.4830341693265,0,0,-0.628284496157126,-0.282872543461767,0.406176150851806,0.594888327174693,55
12,13.8541232509676,-0.467671120121673,0.0186157594983985,12.4830341693265,0,0,-0.185011940481043,-0.032561421360042,-0.452617797072301,0.0472963405180657,56
13,0,0.7457836934362,0.0208646870142551,-Inf,0,0,0.475702508945091,0.512283296097806,-0.767162268510278,-0.342548597406231,0
13,0.0500148853825543,0.0831980785881144,0.702018741810075,-Inf,0,0,0.0500981774415864,0.167133961980545,0.564781622406535,-0.0665633823374036,1
13,0.450133968442989,3.19841816326423,0.166936318597336,0.228798126464244,0.126815389525194,-0.00309071942010095,1.01017503934202,0.967735177910466,0.0810634499816131,-0.461933638345405,2
13,0.529324203632033,4.15499282892451,-1.07575526193652,0.228798126464244,0.125515914312794,-0.0024310159944389,1.75925176963116,1.33443744628838,-0.997840360843918,-0.765074814911258,3
13,0.837749330157785,1.50458568404733,-2.35261309220224,0.228798126464244,0,0,0.36785346933247,0.54697162676534,-0.936067906149955,-1.98108200194249,4
13,1.21286097052694,0.974727034597146,-0.153919737706477,0.228798126464244,0,0,0.170711332632093,0.55084773553041,-0.357374036856047,-0.355197021434616,5
13,1.38791306936588,0.618930743526783,-0.180657187109776,0.228798126464244,0,0,0.595802931607137,0.369192462121425,0.111645503750459,-0.163047144875025,6
13,1.64632331050908,4.57316093586454,-1.75864861564794,1.39267508145243,0.126285158165725,-0.00282153733728846,2.2093003136347,1.18374569154599,-0.87827688136402,-1.70498576739075,7
13,1.87139029473057,2.85183220059817,-0.819149652305915,1.39267508145243,0.122591912825222,-0.000946590759091509,1.00695590141882,1.10726825704518,-0.475760663363146,-0.634515147332186,8
13,2.23399821375409,1.22402884421512,-0.287806883735227,2.19325360769513,0.129778808362054,-0.00459515562610983,0.590511558993484,0.532059000657844,-0.0284136771179834,-0.358400311039666,9
13,2.27567728490622,2.81543730274652,-0.94027818469094,2.19325360769513,0.129094874039739,-0.00424794329681394,1.15022839308761,0.835189902474272,-0.709830185792996,-0.633324674054798,10
13,2.71330753200357,1.74782743469864,-0.653355385821235,2.19325360769513,0,0,0.539183960042713,0.713837093829227,-0.195247227233754,-0.428009306818725,11
13,2.82584102411432,0.620122249246373,0.819939079844407,2.19325360769513,0,0,0.19084108282474,0.563432490504788,0.13046735375315,0.0212369144157152,12
13,3.05090800833581,1.72223155458714,-0.808833934562835,2.19325360769513,0,0,0.642760082845509,0.587992183284406,-0.511355712993519,-0.830733779011636,13
13,3.34682941351593,3.23175831701494,-2.67316944884281,3.23831857584345,0.128666795776028,-0.00403062118530466,1.39342613485459,0.896849871595122,-1.58618737499392,-1.82333815513985,14
13,3.5010419767788,3.74592490885717,-2.29089993849858,3.23831857584345,0.126136238783475,-0.00274593556691136,1.58231056809167,1.04147644996293,-0.621111430438493,-1.81535538173831,15
13,3.80113128907413,3.78269736211451,-2.51484958139392,3.23831857584345,0,0,1.3457044818792,1.10621155313825,-1.24349829247383,-2.06649965019165,16
13,4.12622804406073,0.665981286050864,-0.166864605211949,4.01625298770825,0.128642768623228,-0.00401842334201213,0.489603596242366,0.268203227018273,-0.079764011043737,-0.215118198076139,17
13,4.30544805001489,5.57774663839242,-2.16137659570679,4.01625298770825,0.125701851037298,-0.00252541032604167,2.7421707118797,1.56814812593997,-1.51895040606874,-1.56241537629679,18
13,4.72640666865138,0.692193769049213,-0.60900367332997,4.01625298770825,0,0,0.281783216846375,0.36779119560774,-0.348930322692961,-0.836516948102317,19
13,4.85144388210777,0.0960311676823047,-0.938988839208844,4.01625298770825,0,0,0.302207299584527,0.472208293235306,-0.192884978644315,-0.827116019582388,20
13,5.14319738017267,-0.774370361357613,0.704040446561687,4.01625298770825,0,0,0.082063797791166,-0.27738363190883,0.500053131257023,0.250508264208082,21
13,5.27240250074427,0.693584298120525,-1.9654665251171,5.21794092363248,0.129553719197591,-0.00448088481012286,0.505411223493229,0.419583185787205,-0.970859817068973,-1.77608883749978,22
13,5.55165227746353,4.31190499073488,-2.5299464510662,5.21794092363248,0.124971359238078,-0.00215456220384196,1.90030524143622,1.30092662142693,-1.05064594551162,-1.61381340317445,23
13,5.86007740398928,2.6189000618254,-1.16884466607428,5.21794092363248,0,0,1.18834484840339,0.856523558877684,-0.849145755883094,-0.921131772336043,24
13,6.03929740994344,0.381360911003232,-1.6895206128545,5.21794092363248,0,0,0.0968084108042563,0.282273704218718,-0.456430645460273,-1.3719520730277,25
13,6.35605835069961,-0.892869647582721,0.480627207833021,5.21794092363248,0,0,-0.114526821433301,0.137470911718624,0.331109241153152,0.32154999112906,26
13,6.52694254242334,-1.03155339852419,-1.40630772357401,5.21794092363248,0,0,-0.241580474790222,-0.205763862431095,-0.499352527898284,-1.12289917759094,27
13,6.88538255433165,3.21169827923891,-2.27078014138351,6.6766954132714,0.127022948869747,-0.00319609088801129,1.55191772578206,0.886408201462507,-1.64860229699652,-1.47784542514284,28
13,7.23131884489431,0.494581266014046,-0.530222079345276,6.6766954132714,0,0,-0.0970201869527968,0.517833832738653,-0.43521153322159,-0.501240610923414,29
13,7.33134861565942,1.44800215587117,-0.394140182667323,6.6766954132714,0,0,0.653832646517928,0.514810946044026,-0.0371216208308926,-0.68218893115619,30
13,7.53140815718964,-0.407391028631586,-1.27625128033993,6.6766954132714,0,0,-0.259117588808341,0.178271110310658,-0.437655154699849,-0.415311941785707,31
13,7.99821375409348,3.55357845771166,0.876264138662918,7.67371724174501,0.125122570534069,-0.00223132750802993,1.45848994330056,1.103172725478,0.870585025442529,0.223776437090621,32
13,8.01071747543912,3.82521738407387,0.119521284906766,7.67371724174501,0.124917390237348,-0.00212716380924077,1.9521205243171,1.03900622827237,0.189847518382604,0.114034441632504,33
13,8.41917237272998,2.4468302875101,-2.15217235241929,7.67371724174501,0,0,0.853409244202657,0.80643451553092,-1.04124733382613,-1.58986331026188,34
13,8.52753795772551,2.27272232210294,-2.6195365307406,7.67371724174501,0,0,0.885165680919614,0.845639709042222,-1.02127523127615,-1.78372628017524,35
13,8.93599285501637,4.22373102584656,-2.19612426365304,8.56614081145694,0.124378307198935,-0.00185348800242544,1.95633664627337,1.13346226246856,-1.28508907292056,-1.76989562084084,36
13,9.13605239654659,3.06930196312883,-0.798876561036339,8.56614081145694,0,0,1.44062145077605,1.02369868297074,-0.558410062394205,-0.99510566621047,37
13,9.43197380172671,0.924107540813985,-1.1890812924808,8.56614081145694,0,0,0.61502810943283,0.502807075166781,-0.848833288271939,-0.899843136108578,38
13,9.66954450729384,-0.171586410899857,0.0302685434428541,8.56614081145694,0,0,0.0965404784508908,0.139369672202542,-0.488252769755979,0.209095655096737,39
13,9.97796963381959,-0.87522443993435,1.17210139386693,9.95739112694998,0.130109724742929,-0.00476315165094526,-0.0163502324725199,-0.0653034825985327,0.135638822274953,0.37197295646753,40
13,10.123846382852,2.13250816002656,0.693565206230888,9.95739112694998,0.127715954614825,-0.00354790849841057,1.3645062723252,0.813193086786208,-0.313077271359301,-0.0274936688513733,41
13,10.3655849955344,3.98442917537854,-2.36944607528579,9.95739112694998,0.123749135545345,-0.00153407698849428,1.884410484832,1.11049714740457,-1.70434519039082,-1.62629136314807,42
13,10.6406668651384,1.9260823330498,-2.2396333093283,9.95739112694998,0,0,0.964245413342095,0.888620294666085,-1.16934383502388,-1.84812402690769,43
13,10.8157189639774,1.24802380305121,-2.14219564116439,9.95739112694998,0,0,0.697045084763975,0.417175821319366,-0.474543356955182,-1.18249298348178,44
13,11.0949687406966,1.44665639579364,-0.540747847740541,11.0390871432664,0.129530417319491,-0.00446905516639928,0.614972532940272,0.4206996903684,0.324884597961282,-0.889095980167754,45
13,11.4409050312593,3.10344577906773,-2.22477953869072,11.0390871432664,0.123853762444274,-0.00158719283324553,1.13006081549147,1.02740979089382,-1.56967027621746,-1.5242470985773,46
13,11.6951473652873,1.88788668657866,-2.47163202095134,11.0390871432664,0,0,0.910557845855652,0.798417111423058,-1.20727232316078,-1.93050883599672,47
13,11.8576957427806,1.21671016164533,-2.23254493366702,11.0390871432664,0,0,0.41120549148326,0.425289100603928,-0.999436410387415,-1.93856491615512,48
13,12.1452813337303,0.0624584614272911,-0.306110380932757,11.0390871432664,0,0,0.0595708592414336,0.090571749518769,-0.0538333105464205,-0.492391573088008,49
13,12.3995236677583,2.02323090722311,-2.47921978637999,12.2406156912249,0.127839801986071,-0.00361078198327767,0.755710401241022,0.566404285410097,-1.05429511358233,-1.4824544809139,50
13,12.628758559095,4.00855971272781,-1.9517090380974,12.2406156912249,0.124078163213338,-0.00170111417215212,1.73802343276437,0.99432634903895,-0.701158087329579,-1.46951944643129,51
13,12.7954748437035,3.26883913817096,-2.55023809548681,12.2406156912249,0,0,1.76073115317367,1.0255758456948,-1.07276638713564,-2.14337591285263,52
13,13.1164036915749,5.04642749471646,-3.35587767682417,12.9269467815542,0.12733850808617,-0.0033562905548363,1.90357157614924,1.54443248273939,-1.48905411577703,-2.68561425668881,53
13,13.4373325394463,2.5512295248558,-2.11345538722164,12.9269467815542,0,0,1.29694407555523,1.10781057364945,-1.29225596090983,-1.70647161174086,54
13,13.6290562667461,0.74212926291431,0.0123783720160733,12.9269467815542,0,0,0.802640276439511,0.275177432075645,-0.0186483646893235,-0.222642006263122,55
13,13.9499851146174,1.92475314470644,-0.758785110882262,13.883216501202,0.129351766411636,-0.00437835961885395,0.604908885159674,0.742012384884183,-0.531687113333367,-0.512150309034069,56
14,0,-0.699040986783324,0.214273940421978,-Inf,0,0,-0.0363933277508459,-0.0213925466099975,-0.463313812378163,0.530002931321374,0
14,0.0500148853825543,-1.44596341171031,0.757196917221455,-Inf,0,0,-0.457446352041451,-0.367147956346813,-0.0507897056995464,0.752361686986862,1
14,0.462637689788628,1.99067859823744,-1.6180297507116,0.312880539579783,0.127989962822885,-0.00368701400177808,0.956658772060688,0.590013290851736,-0.957381140839819,-0.558652692989998,2
14,0.629353974397142,2.62820808948101,-2.5124263324081,0.312880539579783,0.125254225533624,-0.00229816468459566,1.32252446365666,0.619811503934209,-1.91321473217248,-1.18930621508989,3
14,0.896100029770765,1.31943413522528,0.256975553963479,0.312880539579783,0,0,1.12369535029218,0.304630761303393,-0.224844319064241,0.453645852732674,4
14,1.18785352783567,2.34880245682707,-1.69386739435402,1.16904893719878,0.130138833889603,-0.00477792946556699,1.42805690595667,0.593957453225646,-1.31400547074574,-0.716213921387804,5
14,1.43376004763322,2.1279398242678,0.512611134425913,1.16904893719878,0.126103621387935,-0.00272937672272233,1.12145571905179,0.73749844941179,-0.620771209574972,0.339215259386146,6
14,1.67549866031557,2.29903586197887,-0.803243930343229,1.16904893719878,0,0,0.974086599835085,0.500469264744874,-0.713865322533853,-0.123433523679711,7
14,1.95474843703483,1.38509657501923,-2.40863312149902,1.16904893719878,0,0,0.567966443206915,0.194793647387726,-1.92409113478285,-0.871767004756005,8
14,2.15897588568026,0.928617616448356,-0.20578978093315,1.16904893719878,0,0,0.596214772105312,0.397331530306527,-0.5166299460795,0.406724352457828,9
14,2.35903542721048,1.73708616365067,-1.05275455655723,2.35008887650553,0.130300599775306,-0.0048600530089295,0.975457964185219,0.312034550211599,-1.04877768986096,-0.260708502734169,10
14,2.71330753200357,4.48682095316943,-2.31343546663186,2.35008887650553,0.124487158035625,-0.00190874820991582,2.16740982802764,1.1847701038364,-1.61315003771561,-1.35518674983361,11
14,2.87168800238166,3.40580900118372,-2.81867316683523,2.35008887650553,0,0,2.11733461095476,0.88929652034709,-2.37222988232571,-0.843848558111384,12
14,3.00922893718369,2.80287493858288,-2.42821664901229,2.35008887650553,0,0,1.78082036251104,0.596882407679635,-1.77998566188796,-0.977961022832606,13
14,3.39684429889848,0.789786298040613,2.06120601391842,2.35008887650553,0,0,0.613742161101563,0.161820888500887,0.470130266665945,1.63731228031702,14
14,3.67609407561774,1.28086399929778,0.71595064449335,3.53004980985469,0.128050889543113,-0.00371794461566169,0.884926917736744,0.385571675565608,-0.0623688693982016,0.607619681029922,15
14,3.83030663888062,3.59736829198053,-1.60682622024024,3.53004980985469,0.125520332550532,-0.00243325899726746,1.71273171403598,0.81254666181297,-1.78549546742154,-0.981255025341738,16
14,4.04703780887169,5.16320537561602,-1.70780306523454,3.53004980985469,0,0,2.43620176207331,1.16330066414381,-1.60280323814719,-0.551076179553707,17
14,4.3429592140518,2.47662698308989,-0.975430227836181,3.53004980985469,0,0,1.31289013705119,0.70319019136941,-0.664072346940878,0.19085137303746,18
14,4.50133968442989,1.10763338333946,-1.84634931869221,3.53004980985469,0,0,0.649548478483282,0.29580952903258,-1.37631421038545,-0.493239576702204,19
14,4.96397737421852,2.36449920746408,-0.720552267302039,4.71660106297797,0.126388077442538,-0.00287378627503786,1.10732925601295,0.590992436077298,-1.09354683399137,-0.194336882646788,20
14,5.14319738017267,2.93219396063192,-1.41622727595952,4.71660106297797,0.123447159856581,-0.00138077325906606,1.57882779644166,0.723389144416504,-1.46103449732603,-0.522027933661161,21
14,5.33492110747246,2.12207594456736,-1.86418427204101,4.71660106297797,0,0,1.12558363052057,0.390951600472303,-1.53270635842372,-0.599978769842738,22
14,5.61000297707651,3.84360609125494,-1.36484862613605,5.52163943896572,0.128997403663677,-0.0041984605976642,1.64043878450726,1.02777518714368,-1.57540583369476,-0.329908656300546,23
14,5.97677880321524,4.3466778264755,-1.23201507231461,5.52163943896572,0.122978781627302,-0.00114299209986204,2.17185810464624,1.18098823573784,-1.18626146201825,-0.718688075399613,24
14,6.0934802024412,0.545903374207121,0.798933088241413,5.52163943896572,0,0,0.51987880177558,0.0514644104361044,0.00398262176897166,1.02313896631282,25
14,6.33938672223876,0.794386222198695,-0.289506044449683,6.25550793489764,0.129070996354025,-0.00423582133335158,0.447107716110308,0.235298320312373,-0.958234963064421,0.205990800933897,26
14,6.62697231318845,3.28839037234002,-0.955976418909125,6.25550793489764,0.12435184953005,-0.00184005626121195,1.6872221602591,0.791417376635027,-1.34297787827222,-0.623161392537682,27
14,6.88121464721643,1.95735736525234,-1.91361320604615,6.25550793489764,0,0,1.28793247234639,0.372779467162145,-1.4322797033179,-0.880149177738806,28
14,7.12295325989878,2.53417628925408,0.198444837301692,6.25550793489764,0,0,1.44276932511552,0.786804476609458,-0.76214093139872,0.454498381963547,29
14,7.36469187258113,1.31362179401861,0.509680795848274,7.31182689907638,0.129579918725908,-0.00449418550138131,1.10154517785823,0.499764372378707,-0.65731648339126,0.827110946738897,30
14,7.71479607025901,2.79438061835496,-0.262903898888519,7.31182689907638,0.123834870418485,-0.0015776019352985,1.24452752005298,0.629586348360347,-0.848353147627422,0.235121750827057,31
14,7.78565049121762,3.57798831086885,-2.25758886682952,7.31182689907638,0.122672182070524,-0.000987340975495465,1.642701701353,0.793481423017135,-2.22932200434402,-0.940419103942456,32
14,8.23995236677583,-0.0408671731088965,-1.26453164837078,7.31182689907638,0,0,0.085617091862514,-0.00618755205199222,-1.34089915266743,-0.631609696698606,33
14,8.31914260196487,1.1796409800032,-0.723179602369783,7.31182689907638,0,0,0.406153707026446,0.130796791839578,-1.68345546026173,-0.27230186903483,34
14,8.68175052098839,1.10219694582678,0.287066120592545,8.65079013019299,0.129939362818993,-0.00467666416452098,0.395079794352353,0.275638389580358,-0.078670721464039,0.68609882701262,35
14,8.86097052694254,2.07625234765166,-1.20201408098185,8.65079013019299,0.126998445233089,-0.00318365114855163,1.33787665250375,0.612566917635806,-1.10505828743022,-0.278077001817199,36
14,9.05686216135755,3.46453799326235,-2.78912822684643,8.65079013019299,0.123783953918156,-0.00155175320086054,1.63497651206642,0.743554411856896,-2.35314346576576,-1.49930822172723,37
14,9.47782077999405,0.795764626515617,-1.00188213378176,8.65079013019299,0,0,0.595297710657764,0.155523065428708,-1.49430061384877,-0.100921671677462,38
14,9.59035427210479,1.02239681499117,-0.066816862614215,8.65079013019299,0,0,0.630359260306983,0.200792841327926,-1.12179175847055,0.418663273364416,39
14,9.82792497767193,1.06849166054622,-0.475292339967441,9.79934638031543,0.129978446950158,-0.0046965059706134,0.707739520494336,0.242334513064721,-0.438958112164962,0.175724914169363,40
14,10.161357546889,5.02545404638501,-2.36703741389743,9.79934638031543,0.124506972371634,-0.0019188073362479,2.42973912433739,1.33529848607805,-1.74335745130937,-0.935452762808955,41
14,10.3489133670735,1.22742459988721,-1.31438396656934,9.79934638031543,0,0,1.14868429889217,0.225922807949043,-1.08305611532509,-0.186775341514266,42
14,10.7115212860971,3.27406358104957,-0.408005876032246,10.4245466595104,0.125738287362684,-0.00254390792296594,1.7351819808599,0.678977197063246,-1.12419257803521,-0.0251765722437834,43
14,10.9574278058946,3.549659712129,-1.02635776968433,10.4245466595104,0,0,1.47798343690208,1.06139657820761,-0.928333565129057,-0.0754008433613156,44
14,11.2033343256922,0.783158679183397,-0.127980551594345,10.4245466595104,0,0,0.604617851677882,0.0954640791154295,-0.621398973262243,0.52088956846149,45
14,11.4242334027985,-0.179700027455149,0.0171380742137305,10.4245466595104,0,0,0.00536782867951438,0.0617194967649655,-0.931468873862813,0.213860849244546,46
14,11.5367668949092,-0.99608453944041,0.637681808497617,10.4245466595104,0,0,0.162784826196053,-0.301407770028361,-1.10294226515712,0.638543369411164,47
14,11.9202143495088,-0.920887752414598,0.185906454893373,10.4245466595104,0,0,-0.299429849032287,-0.424049788266019,-0.78719741876309,0.417173541294114,48
14,12.178624590652,-0.264374344350971,1.20297420791995,10.4245466595104,0,0,0.0303063808576261,-0.0721998337212181,-0.00714066469443991,1.1042639454833,49
14,12.4703780887169,3.4991130671956,-0.512715573613152,12.1854584839464,0.125772009322326,-0.0025610275202092,1.77003123041979,0.879357951172176,-0.847394252267645,0.187329004853042,50
14,12.6079190235189,3.0890354981221,-0.0506920631956159,12.1854584839464,0.123515026058635,-0.00141522683353243,1.68419765609272,0.78988373294755,-1.00236221067628,0.141985965669303,51
14,12.8871688002382,3.0501303788276,-0.569668032076476,12.6556039184815,0.126647535703217,-0.00300550521955398,1.67478921828444,0.565185873285245,-0.792664396300417,0.23975799322046,52
14,13.0330455492706,3.11586156996562,-0.958783437111492,12.6556039184815,0.124253765575114,-0.00179026206701929,1.69239058195398,0.710574401321996,-0.995151034591639,-0.245528517292709,53
14,13.3664781184876,3.36761460465987,-0.976548468497816,12.6556039184815,0,0,1.21495181904273,0.883287605276203,-1.27937604651439,-0.249692097077531,54
14,13.7290860375112,2.50196500013596,-1.39881988510381,13.6498309286428,0.129146868783891,-0.00427433942236002,1.28689883361061,0.572369630663091,-1.73779538831198,-0.262556013604455,55
14,13.9541530217327,3.88296098076915,-2.61286428396366,13.6498309286428,0.12545362344344,-0.00239939284416504,1.59498497290476,0.882292942441677,-1.84809711886045,-1.01197711251661,56
15,0,-1.50623201858614,-0.78554058544179,-Inf,0,0,0.284584569424828,-0.767089733611483,0.306184672183779,-0.778909635069593,0
15,0.108365584995534,1.39801462944096,-0.160962164538967,0.0231805777642876,0.129049561888484,-0.00422493971727793,1.62515091120908,-0.020224859146874,-0.062738514477528,-0.530056284456406,1
15,0.345936290562668,3.37918616079957,0.325349262544261,0.0231805777642876,0.125151136251287,-0.00224582944029225,2.1291120761893,0.400123586230828,0.441105497849567,-0.698925584011963,2
15,0.666865138434058,0.577613066718008,-1.92384218099515,0.0231805777642876,0,0,0.899046189495545,-0.211107696962362,-0.871865994762358,-1.37975081642531,3
15,0.783566537660018,1.04131284417361,0.276617730033579,0.0231805777642876,0,0,1.04533909100826,-0.272930975363346,0.370261719312115,-0.199768169248444,4
15,1.19618934206609,3.35530823320225,-1.15752453316685,0.841341034600583,0.124624511583843,-0.00197847836361315,2.23716970433779,0.367130490778959,-0.215220145150078,-1.12651283207951,5
15,1.4587674903245,1.6385488707971,-0.464368996152173,0.841341034600583,0,0,1.21349568563846,0.120850049389978,0.235327369031992,-0.619323735668047,6
15,1.65465912473951,1.08159192713939,-2.29337495466807,0.841341034600583,0,0,0.936999153628126,-0.167922574912165,-0.940693855503364,-1.99001220978295,7
15,1.9130693658827,4.11059581258362,-1.80291943460464,1.76170534367781,0.12796359479502,-0.00367362776851519,2.42553196608952,0.691399094688215,-0.341651853825834,-1.41744043089353,8
15,2.03810657933909,5.55701134904993,-1.06448799025127,1.76170534367781,0.125911791828074,-0.00263199078062823,3.12893335808951,0.857595063805598,-0.813404415182251,-1.12112478509019,9
15,2.4965763620125,0.705167440587248,-1.34993491573081,1.76170534367781,0,0,0.728920357238657,-0.296738467720464,-0.691429170638342,-1.53178177897314,10
15,2.51741589758857,0.549775820245367,-1.33391855081569,1.76170534367781,0,0,0.927814530800795,-0.211274807948461,-0.369853630779156,-1.11585213454536,11
15,2.91336707353379,-1.64040586818806,0.123848849702964,1.76170534367781,0,0,0.0203502117696135,-0.85764078779149,0.646896691851851,-0.374081801366215,12
15,3.06757963679667,0.0712593493439987,1.13041335117667,1.76170534367781,0,0,0.575422289318535,-0.345268493883619,0.266290449561849,0.415540482222919,13
15,3.43852337005061,1.88945166394253,-1.59826630663455,3.32887435058992,0.12864811873818,-0.00402113943010021,1.33253672756566,-0.105844655940852,-0.173685870965368,-1.32315974576794,14
15,3.6302470973504,3.54088922277772,-2.14053293491622,3.32887435058992,0.125502020855529,-0.00242396271534012,2.13060045973698,0.270723695151422,-0.839648715771985,-1.65349750813783,15
15,3.88032152426317,0.84485156007614,-1.01320612521318,3.32887435058992,0,0,1.19859005300781,-0.128759773631076,-0.248729262536052,-1.14354945096467,16
15,4.17207502232807,-0.645497334169594,0.510224297386771,3.32887435058992,0,0,0.423268847736208,-0.614554822782508,0.518551739639472,-0.245804672206432,17
15,4.36796665674308,-0.729034217520581,-0.0687525015914598,3.32887435058992,0,0,0.210036534223004,-0.590193921267623,-0.0468095445015568,-0.640572581881802,18
15,4.56385829115808,-0.38385815060549,-0.548246704975972,3.32887435058992,0,0,0.449013349584267,-0.600240142703859,0.344220396846272,-0.579073159577062,19
15,4.77225364691873,2.22019750677529,0.615333783098882,4.6561126740112,0.128541588778215,-0.0039670574600455,1.37442113524774,-0.0326767600010551,0.372795726172754,0.228072159305546,20
15,5.19321226555522,2.22634031938574,0.190597739881838,5.18964098262636,0.112051331647346,-0.0040513844377778,1.82492152111116,0.163624562665992,0.220095544197526,-0.232144369095741,21
15,5.28907412920512,2.74360329064836,-2.46332848371478,5.18964098262636,0.128815756497448,-0.00410624394229497,2.11839002967835,0.197560764947598,-0.905358438278087,-1.47680223327105,22
15,5.65168204822864,1.90268006871815,1.57181393517716,5.18964098262636,0.122865527893304,-0.00108549667742253,1.52966713437887,0.251843250440574,0.737012789502817,0.712454987581726,23
15,5.82673414706758,0.0331934593026967,-0.409287995439956,5.18964098262636,0,0,0.87502391110378,-0.480200245965363,-0.200355735587423,-0.646399365477544,24
15,6.18100625186067,-0.601671626564529,0.0514021776967976,5.18964098262636,0,0,0.272391742441978,-0.402379307925124,0.445381256532149,-0.281023982612634,25
15,6.31437927954748,0.953204288592791,0.374231193594761,5.18964098262636,0,0,1.08598883426149,-0.134405020395249,0.293791666263265,-0.343639857960795,26
15,6.55194998511462,0.0129466276396992,1.02632873149414,5.18964098262636,0,0,0.661372072143442,-0.429489671110972,0.503688107358734,-0.178267608591614,27
15,6.76868115510569,3.41531846312042,-0.254191828355435,6.61881281173645,0.127988138194443,-0.00368608769427761,1.97469500047311,0.361175100695449,-0.359525435173071,-0.658931669299031,28
15,7.16463233105091,2.65246296894645,-2.26686847461858,6.61881281173645,0,0,1.94358642640573,-0.0151099542850036,-1.06633818805493,-2.10589602076741,29
15,7.4855611789223,0.36234102236442,-1.13891150181208,6.61881281173645,0,0,0.99138225382696,-0.539188933637741,-0.769207873717892,-1.20403291391404,30
15,7.50223280738315,0.462135199200222,-1.40946733616588,6.61881281173645,0,0,0.656044865641733,-0.189082297897948,-0.681807829077997,-1.11029589302647,31
15,7.85233700506103,3.45691229903533,-0.457719099448799,7.60923855724888,0.126458275207122,-0.00290942351176876,2.32365150647527,0.41121414805086,0.0824142287756342,-0.692024884266658,32
15,8.04822863947603,1.90189663574276,-0.970428713663819,7.60923855724888,0.123243783892215,-0.00127752556407899,1.49049475037592,0.17938287761083,0.0171564188595659,-0.928608492496653,33
15,8.27746353081274,0.144912264082042,0.875260252721454,7.60923855724888,0,0,0.61336177662404,-0.229402864554345,0.672114819588634,0.182708676942163,34
15,8.57338493599286,-0.62405259417536,0.907196132464429,7.60923855724888,0,0,0.191358915911256,-0.505451505752652,0.341221082879497,-0.0945885933817924,35
15,8.83596308425127,1.39372781411094,-0.92250576036687,8.76327898729091,0.129254696056717,-0.00432907999808174,1.01935581651335,-0.034820204420898,-0.250335269870494,-1.02777840279032,36
15,9.22774635308127,2.66661839497948,-0.301926732911113,8.76327898729091,0.122825713426953,-0.00106528410270308,1.72336203430102,0.197738683482127,0.512537890735731,-0.578383430332101,37
15,9.27776123846383,2.10741378292074,-0.360494568021916,8.76327898729091,0,0,1.66869905320071,0.0396149794283944,-0.140909919233449,-0.809359199866236,38
15,9.66954450729384,4.78840178074826,-1.35794755513122,9.30194579670922,0.124415283353066,-0.00187225965374091,2.59649879802031,0.704797717454965,-0.689008249920624,-1.37454216758622,39
15,9.7862459065198,6.43268764800011,-2.74397067500164,9.30194579670922,0.122500267250633,-0.000900065131713576,3.06659743672313,0.986342731446459,-1.21888423922941,-2.13821970635109,40
15,10.1655254540042,0.29184104995568,-0.237987245707693,9.30194579670922,0,0,0.654185199539088,-0.347686599712798,0.0461814372871809,-0.642976990203951,41
15,10.3697529026496,0.818644341313889,-0.74133731086527,9.30194579670922,0,0,1.15991524045608,-0.287414999282292,0.120058393008598,-0.847853520321365,42
15,10.553140815719,-0.560028265607303,0.789808931170983,9.30194579670922,0,0,0.260437130697513,-0.610569923956032,0.373851135242212,0.0272863027080794,43
15,10.8990771062816,0.841097404983822,0.0780834443564223,10.8627484193824,0.129851271557503,-0.00463194295210112,1.21461539198789,-0.237099492175787,0.594420195650424,-0.323813033255007,44
15,11.0366180410837,0.178165271644401,0.664956614963457,10.8627484193824,0.12759428829381,-0.0034861422654232,0.64584538037105,-0.41176173013532,0.896099535727025,-0.117211310320571,45
15,11.3492110747246,5.16888414021206,-1.23802547028152,10.8627484193824,0.122464780876494,-0.000882049795706955,2.64898182142292,0.804452459785856,-0.0210855466745574,-1.14730607533109,46
15,11.6451324799047,1.32498342260232,1.66434752172778,11.6141121428729,0.129938379128971,-0.00467616477545751,1.21573445741562,-0.0505928738708403,1.0672609303188,0.404545089770863,47
15,11.9077106281631,3.39936649655293,-2.20504058221886,11.6141121428729,0.125629592898332,-0.00248872710089307,2.2661853021891,0.482341334376171,-0.615427635091722,-1.74696211455159,48
15,12.0452515629652,3.32002477767804,-0.85725590450241,11.6141121428729,0.123372609634692,-0.0013429264142176,1.87490774936697,0.279823422641049,-0.547722195809514,-0.665167384218943,49
15,12.2828222685323,1.13388829231892,0.142510797012525,11.6141121428729,0,0,0.751224657497423,-0.252651261588574,0.621646858972725,-0.046517852005543,50
15,12.6662697231319,0.628062366458584,-0.0580537853734212,11.6141121428729,0,0,0.647763806148969,-0.327103224973022,-0.0197133430927335,-0.26198976208194,51
15,12.9330157785055,-0.251347639987867,0.263776716991722,11.6141121428729,0,0,0.58716385621402,-0.599040550835936,0.800772066813984,-0.229033826981809,52
15,13.1122357844597,-1.97380002850321,1.21986062470061,11.6141121428729,0,0,-0.211566182125864,-1.03922102413651,0.709142315166219,0.59545724038921,53
15,13.3039595117595,-1.42729705992902,0.412134044486938,11.6141121428729,0,0,-0.387535595775374,-0.865269955020944,0.37881180512255,-0.2762383409637,54
15,13.6790711521286,2.69544417395829,-2.06668241313722,13.3498139656632,0.125044450068933,-0.00219166816094185,1.67709736673934,0.373546012625696,-0.768084821546719,-1.64770350904255,55
15,13.8999702292349,2.08670095980308,-1.0218889397958,13.8813846443314,0.130142427672641,-0.0047797539181945,1.39859298076942,0.0618019627666954,-0.191499042347274,-1.1823972950722,56
16,0,0.0142417785197857,0.0178953700291465,-Inf,0,0,-0.0100580307544638,-0.0506265734466301,-0.678908384879491,0.570968441576003,0
16,0.0208395355760643,0.552485452847867,0.114511844001795,-Inf,0,0,0.342874901890076,0.183063755365703,-0.817645914868498,0.524307952325545,1
16,0.387615361714796,2.05844718194355,-1.79499098790854,0.27935292783659,0.128670871967661,-0.00403269054188236,1.07813644300161,0.317543620131696,-2.3147471439797,-0.233818584058075,2
16,0.741887466507889,4.76369534989822,-3.87432848137422,0.27935292783659,0.12285743022798,-0.00108138574286959,2.26512039758546,1.23103632177122,-3.07064646845596,-1.50395709951743,3
16,0.958618636498958,1.92817160391494,-2.41929963142981,0.27935292783659,0,0,0.484872888101255,0.378797257244789,-2.54199651317656,-0.491735925642376,4
16,1.14200654956832,1.98066242478686,-0.298769205078695,1.09060306018039,0.129603901005802,-0.00450636056407898,1.00823064517667,0.410839423548166,-1.06986134435973,0.0912914140099165,5
16,1.32539446263769,4.33769554221955,-2.82218610240224,1.09060306018039,0.126594589987615,-0.00297862631517788,1.79850327437263,1.00702355291876,-2.29076537045995,-1.1533699961421,6
16,1.52545400416791,3.56106730366996,-1.54198275856495,1.09060306018039,0.1233117052405,-0.00131200713455903,1.69937376942112,0.662270134377709,-1.7971021949133,-0.077839471349793,7
16,1.79636796665674,-0.488171362226864,-1.251947054846,1.09060306018039,0,0,-0.192083985579465,-0.09805929992277,-2.0351864764179,0.265058214406811,8
16,2.09228937183686,0.276013074738624,-0.44495584239454,2.08328010462798,0.130299570626421,-0.0048595305418298,-0.0212820609352225,-0.127032141105377,-1.61918959563639,0.279892804270836,9
16,2.3006847275975,2.90482663563949,-1.29266903813478,2.08328010462798,0.126879899014844,-0.00312346889535151,1.69394356831261,0.563388080834517,-1.80790442494619,-0.184867334994547,10
16,2.61327776123846,2.58143134401533,-2.0880025348288,2.08328010462798,0,0,0.859644186258323,0.640804219012584,-2.16020021957956,-0.746682620320286,11
16,2.81333730276868,-0.335120632314616,0.35269655580538,2.08328010462798,0,0,-0.119226247325515,-0.128125221890064,-1.21386638427192,1.02700771378206,12
16,3.18428103602263,-0.295417335418224,0.58055070249937,2.08328010462798,0,0,-0.299246462892811,-0.151204065748244,-1.16021377090597,1.03947914433825,13
16,3.29264662101816,-1.03745321809662,0.412586081149091,2.08328010462798,0,0,-0.468324356867972,-0.19176309795605,-1.11399572801522,0.701188391060391,14
16,3.73027686811551,2.91738483258202,-2.41636765807745,3.34914297242112,0.124193177212057,-0.00175950322660653,1.0566844774105,0.639465824954083,-2.14076293633607,-1.02146685409505,15
16,3.98868710925871,1.07952435755448,-1.04880662307158,3.34914297242112,0,0,0.146227500113613,0.0599491351777282,-1.34841839590245,-0.0213380571005787,16
16,4.06370943733254,0.398186691912075,-0.0981323697816103,3.34914297242112,0,0,-0.395690130903261,0.0249683252082453,-1.42546512384488,0.643057607121368,17
16,4.41381363501042,4.97450665055332,-2.74571973756616,4.17499075449752,0.126528435293262,-0.00294504162032948,1.81030117314136,1.11866560402804,-2.85409099171851,-1.20915459301268,18
16,4.56385829115808,3.69437003217824,-3.77635886436078,4.17499075449752,0.124066271732952,-0.00169507723486576,1.60485209211814,0.994646725767213,-3.31938406947457,-1.67898450209154,19
16,4.89729086037511,0.948459397558641,-2.21085614713871,4.17499075449752,0,0,0.220898235285381,0.0378097426048629,-1.93764789080594,-0.787238674766456,20
16,5.05150342363799,0.994817595663431,-0.0745946596878373,4.17499075449752,0,0,0.509080329414096,0.275612933252505,-1.31341015293533,0.72576825669161,21
16,5.34325692170289,0.942715601031707,-2.52515940929349,4.17499075449752,0,0,0.125983155425728,0.304217168225337,-2.49813836911035,-0.765353973647653,22
16,5.71420065495683,4.54595582137445,-2.69094978754545,5.39966364923435,0.125286001441394,-0.00231429633143815,1.72602546569829,0.998511244433163,-2.2504277188418,-1.03514559665534,23
16,5.7683834474546,5.39821852133328,-1.85306924611943,5.39966364923435,0.124396886822384,-0.00186292030335355,2.43058765158986,1.32491656580543,-2.28259507926256,-0.456659991985595,24
16,6.0934802024412,1.40113631507287,1.02720739993251,6.07424353993355,0.130131743789609,-0.00477433004080687,0.678519307108695,0.235484223310577,-0.519869180408575,1.51860705325843,25
16,6.32271509377791,2.73930775923975,0.46386728509787,6.07424353993355,0.126370105016874,-0.00286466222968107,1.06930793563651,0.715359323834687,-0.957896855450576,1.16465379714503,26
16,6.65614766299494,2.58516171542879,-1.69680362050913,6.07424353993355,0,0,1.01947325218281,0.606949522629772,-2.07622877966122,-0.509402640744795,27
16,6.92706162548378,1.62010608109768,-0.109326713033975,6.07424353993355,0,0,0.60354038574825,0.297528256731971,-1.4745079809154,0.638520387627097,28
16,7.18547186662697,3.11029314769618,-0.887929768269078,7.11581397739848,0.129304354729,-0.00435429017207301,1.37524463283392,0.817491038671578,-1.41578863511334,0.236250763948121,29
16,7.2604941947008,2.35288759570961,-1.38609185871349,7.11581397739848,0.128073272948832,-0.00372930797934115,0.698495412328268,0.666885104894421,-2.44026876422821,-0.273528730401708,30
16,7.62310211372432,5.61567995676493,-4.18508298973425,7.11581397739848,0,0,2.28717027776269,1.31633446651084,-3.39294807839029,-1.78099928816853,31
16,7.81482584102411,2.29056572891748,-1.73256971283161,7.11581397739848,0,0,0.773178022385029,0.440233274878166,-1.78623323773927,-0.250295902593044,32
16,8.20660910985412,0.281142383369552,-2.19949937184998,7.11581397739848,0,0,0.0792307796961066,-0.161442476384118,-2.05653731579593,-0.803758377062473,33
16,8.38582911580828,2.83569681538933,-2.1781094145923,8.28195639851933,0.128742905190972,-0.00406925958432329,0.852063533612963,0.468423377207416,-2.00768460406296,-0.847423815887967,34
16,8.53587377195594,3.39759202172578,-2.52412229563599,8.28195639851933,0.126280741630637,-0.00281929519885932,1.15690616857223,0.6273959084067,-2.25138938647554,-0.873377726062393,35
16,8.79011610598393,1.86784805800288,-0.9176237313591,8.28195639851933,0,0,0.853696436724612,0.551408722457315,-2.03570301238066,-0.49482928436791,36
16,9.03602262578148,1.47728430876358,0.323520863806678,8.28195639851933,0,0,0.578676403598774,0.268586667168697,-0.617363839976108,0.946715439270872,37
16,9.34861565942245,0.924070686643372,-1.19434728031473,8.28195639851933,0,0,0.118608979947067,0.0167519437560675,-2.19601266611055,-0.670116519377654,38
16,9.52366775826139,0.288872050777355,0.0330166947988104,8.28195639851933,0,0,0.311802498311694,0.0045701012522617,-0.934656799561197,0.766597009280527,39
16,9.99047335516523,-0.894902118792433,0.504964844043241,8.28195639851933,0,0,-0.241395539864264,-0.458906895101486,-0.789023733084999,0.782576719419845,40
16,10.0113128907413,-0.891697185079222,1.21586955625277,8.28195639851933,0,0,-0.496502349636318,-0.278643092148533,-0.366234215989035,1.5367241946182,41
16,10.2738910389997,1.87592488569692,-1.17201276888977,10.0784065133964,0.127239597696262,-0.00330607680513648,0.449599603699922,0.519031151120258,-1.95409724328793,0.0865895839021357,42
16,10.6531705864841,2.78446700365917,-2.16673022571018,10.0784065133964,0,0,0.67996285200544,0.684199566033692,-2.3431515806458,-0.369042023101561,43
16,10.7740398928252,2.14686062265695,-2.06679027953548,10.0784065133964,0,0,1.05809700836654,0.571439622571052,-2.28501154552192,-0.553112297104117,44
16,11.2325096754987,3.21929886177992,-0.400441704439757,10.9186211186981,0.12529664218891,-0.00231969831028153,1.05139439892472,0.715730795099053,-1.29523415651852,0.253704311513711,45
16,11.3158678178029,2.08887692650341,-1.59528947149798,10.9186211186981,0.12392877354428,-0.00162527365169021,0.812547131037642,0.505448316088221,-1.53426615179958,-0.120570469527951,46
16,11.6618041083656,1.6912271782022,0.27629084338142,11.6329871676898,0.129974535846233,-0.0046945204239866,0.512434069600783,0.397804735969015,-0.845039002163791,0.70257562465364,47
16,11.9994045846978,4.25334501532115,-1.71775815761767,11.6329871676898,0.124434667835531,-0.00188210055669316,1.58418936163868,0.927498423857969,-2.03367694522649,-0.277648445638529,48
16,12.1827924977672,1.9868396841095,-0.377231275314603,11.6329871676898,0,0,0.794411359497192,0.265095063947108,-1.36085815276487,0.706701892004052,49
16,12.3620125037213,0.519283794738019,-0.70833077685962,11.6329871676898,0,0,-0.00669253711715026,0.06549990861616,-2.09656559791729,0.802192106882974,50
16,12.628758559095,0.965578797034619,-0.64752303585474,11.6329871676898,0,0,0.192593842542855,0.208291417754967,-1.36644363971676,0.333718423547845,51
16,12.9455194998511,-0.0373902954556724,-1.08352389362048,11.6329871676898,0,0,-0.154447812312597,-0.0475355063129758,-1.84466566596544,0.178235864870984,52
16,13.0497171777315,-0.677682651476322,2.52221171600818,11.6329871676898,0,0,-0.14850849532731,-0.249127875542891,-0.293719379332892,2.34083380727989,53
16,13.2831199761834,3.33479087943098,-0.409680153841079,13.0666528829391,0.126895283444982,-0.0031312790953086,1.25638684210758,0.666942127031548,-1.37553382448762,0.39305691283057,54
16,13.5373623102114,6.29393298001131,-2.23731842413709,13.0666528829391,0.122723284078807,-0.00101328388660384,2.63280764524194,1.62180834716263,-2.19211594153481,-0.677918740296934,55
16,13.920809764811,3.42448516249867,0.341957111431881,13.8284032857628,0.128931060868724,-0.00416478040995083,1.21258023559577,0.825904422681729,-1.37772212597381,0.974022436753334,56
17,0,-0.566844300017468,2.52158884283273,-Inf,0,0,0.156840876397081,-0.855248264835468,0.975617125683361,2.02203200373676,0
17,0.108365584995534,-0.347887912883947,2.73630155268812,-Inf,0,0,-0.259822134122719,-0.541137053238979,0.484585249568562,1.72738665766721,1
17,0.250074426912772,1.06029878242897,-0.63992340909344,0.228383030730765,0.130091462742891,-0.00475388059763707,0.401883088631426,-0.139782801920377,-0.573867541740421,0.0423425482419501,2
17,0.637689788627568,4.05556090435506,-1.75707034443467,0.228383030730765,0.123730873545359,-0.00152480593518831,1.58036831124921,0.507119570985895,-1.5533571232737,-0.583742431070717,3
17,0.933611193807681,2.47350695481404,-1.04747956216026,0.888656792927605,0.129709727571896,-0.0045600854427949,1.24877987904987,0.12372934329663,-0.851688284942555,-0.0635540362397866,4
17,1.1670139922596,3.45510476907342,-3.36681398990998,0.888656792927605,0.125879695366934,-0.00261569639873911,1.67820843899963,0.18931998117503,-1.99892717834235,-1.28907997244484,5
17,1.37540934802024,3.64334678798342,-2.30362496230614,0.888656792927605,0.122460023755356,-0.000879634752261049,1.98970592477796,0.231540503738143,-2.05464475395239,-0.761760046543584,6
17,1.54212563262876,1.97886636607528,-0.797196132215582,0.888656792927605,0,0,1.06723288573358,0.042661503928357,-0.997076468702109,-0.288608677007316,7
17,1.75885680261983,-0.594495070425759,0.147468995918256,0.888656792927605,0,0,0.183196917813711,-0.516469401844754,-0.609696457356619,0.824022495459194,8
17,2.18815123548675,4.16129849642702,-3.02860463597798,1.83069092072188,0.124581649749527,-0.00195671873429612,2.2990797080855,0.632609047173352,-1.93238158851901,-1.40334013809168,9
17,2.35486752009527,4.90018059902397,-2.56994570152449,1.83069092072188,0,0,2.31165930947144,0.521814236687342,-2.19467048184629,-1.2606644618552,10
17,2.69663590354272,1.60131982568904,-0.174978902131698,1.83069092072188,0,0,1.16016480306053,-0.086745554392829,-0.728832211976217,0.173388518873429,11
17,2.80083358142304,0.0687852258852774,-1.60489448395882,1.83069092072188,0,0,0.652741103875234,-0.441444218713252,-1.24543565893673,-0.570795653296339,12
17,3.0800833581423,0.871753625984949,-1.40273087132992,1.83069092072188,0,0,0.735725406800146,-0.41572415076414,-0.178557087355233,-0.0832920903931184,13
17,3.26763917832688,0.325051004204025,-0.269749160695502,1.83069092072188,0,0,0.654485052686375,-0.549974942994641,-0.518523293565969,0.107919211953096,14
17,3.58856802619827,3.27900474830111,-1.98274236342406,3.42976684444047,0.127841554439064,-0.00361167164952421,1.83537203132558,0.409669520467122,-1.6101021598101,-0.561988784342272,15
17,3.7927954748437,3.93310339341551,-0.545305275087399,3.42976684444047,0.124490276259732,-0.001910331235976,1.85288637351694,0.746315823035823,-0.374368213349752,0.090392005500377,16
17,4.00119083060435,1.53137822041195,-0.799532132496555,3.42976684444047,0,0,0.555759763850644,-0.150925811091864,-0.826322655957596,0.0121154524194884,17
17,4.25543316463233,1.77248423426144,0.0296309306773314,3.42976684444047,0,0,1.13759286645778,-0.0473741020502397,-0.247408036417811,0.545928170716558,18
17,4.51384340577553,0.259575443046706,0.565088254353841,4.50938117026101,0.130374185318026,-0.004897410115974,0.145379948862724,-0.352195654863096,-0.528012504317723,0.805354623463689,19
17,4.8597796963382,2.187952291517,-0.815578817554863,4.50938117026101,0.124697530442809,-0.00201554778282001,1.3906559758884,0.0387587196871843,-0.746538735538707,-0.12139577395003,20
17,5.23489133670735,3.99530092011971,-2.58643141609028,5.02693667273539,0.127034968480747,-0.00320219287322793,1.71745261012439,0.402089694449313,-1.58871466490247,-0.830757544798142,21
17,5.45995832092885,5.1541854978819,-3.44939067411458,5.02693667273539,0.123341723140243,-0.00132724629503141,2.21210477780286,1.04254157605252,-1.92433842855343,-1.60824444211337,22
17,5.69336111938077,1.23177631966066,-1.88467729063925,5.02693667273539,0,0,1.03517199310472,-0.135433260698997,-1.49709589918866,-0.440315674599207,23
17,5.8975885680262,0.434035919318292,-0.691676359912339,5.02693667273539,0,0,0.522876675658271,-0.419161327188254,-0.601224703882942,-0.288212138410175,24
17,6.05180113128907,0.610087756907149,-0.744743421012981,5.02693667273539,0,0,0.389308105822294,-0.296904919435447,-0.933686024609051,0.252059217089684,25
17,6.33521881512355,1.97005284808456,-1.8379115223329,6.26547118070392,0.129302882051832,-0.00435354253936497,1.11685645860569,0.215008338256666,-1.08568079500727,-1.05034755404836,26
17,6.6436439416493,4.85949619618982,-2.52493152918633,6.26547118070392,0.124241768066697,-0.00178417130257669,1.99206240324276,0.533041341538786,-1.76920579885785,-1.04852083767108,27
17,6.96040488240548,3.42986777951974,-1.84548256152953,6.26547118070392,0,0,1.84692451607852,0.299714279348195,-1.5892045153892,-0.59104428614266,28
17,7.13545698124442,0.868518018464615,-1.41508153466343,6.26547118070392,0,0,0.771207165506848,-0.322045579923506,-1.19469544500745,-0.511911185848671,29
17,7.42721047930932,1.18435057237646,0.0746141106971111,6.26547118070392,0,0,0.721583652161737,-0.290938191049484,-0.171488348086136,0.257818199098802,30
17,7.5522476927657,0.324874454019608,-1.18300844333783,6.26547118070392,0,0,0.740545025394609,-0.367615859255802,-1.00568525860008,-0.323404020329873,31
17,7.78565049121762,-0.0601162720053569,-0.598320773521003,6.26547118070392,0,0,0.179779825308051,-0.602178496364324,-0.783293921174067,-0.195045658546748,32
17,8.16909794581721,2.65591892678792,-1.27396271633322,7.94954033662708,0.126844569504613,-0.00310553319429327,1.01812734942112,0.153127838771087,-1.4464718351444,-0.550579333109483,33
17,8.48585888657339,7.38270428049072,-3.62607655978757,8.30328500211203,0.127451455359068,-0.00341363039641752,3.07982646040549,1.28597512510239,-2.78289329814798,-1.75469368022649,34
17,8.64423935695147,6.83515414134565,-3.72120437472465,8.30328500211203,0.124852504934218,-0.00209422354509257,2.68569225446024,1.1050137086392,-2.29351237536862,-1.89541479759368,35
17,8.85680261982733,5.70277125848314,-4.01710348134755,8.30328500211203,0,0,2.73957734137124,1.01468317530194,-2.51100935226725,-2.11380259223403,36
17,9.08186960404882,1.05001847010119,-1.22539675554406,8.30328500211203,0,0,0.803582569791441,-0.146183650094858,-0.422558212932745,-0.391824220349647,37
17,9.46948496576362,-0.882764348403585,1.30105840676254,8.30328500211203,0,0,0.0159315763667798,-0.729185136131225,0.219788571301306,1.4764940800412,38
17,9.66954450729384,0.632243553184569,1.64990430746825,8.30328500211203,0,0,0.68762051318241,-0.558184365104419,0.264553362961373,1.91212738729725,39
17,9.83209288478714,1.14738909145136,1.3071524457653,8.30328500211203,0,0,0.726913059564964,-0.313417157900633,-0.322666331344261,1.34175592746909,40
17,10.0654956832391,1.16173745680268,-1.1242086465235,10.0435574069225,0.130087411553852,-0.00475182393408596,0.443761290936775,-0.27894195471936,-1.23533999261761,-0.523111875599607,41
17,10.3280738314975,4.6750853155618,-1.29462867493452,10.0435574069225,0.125778625323213,-0.00256438625952152,2.17875578298741,0.724292254533787,-1.39403787837991,-0.445969326496808,42
17,10.5197975587973,3.96153615521851,-0.691678492638514,10.0435574069225,0.122632527440563,-0.000967209544761927,1.65258152035979,0.61686073274216,-1.22318365959121,0.192166444734538,43
17,10.8699017564751,4.52512831679106,-1.25474177168017,10.6019367489785,0.12605022643888,-0.00270226975639638,1.72235342764026,0.512767772085992,-0.893815744897628,-0.185576821906343,44
17,11.1658231616553,1.97135021924504,-0.170741356949701,10.6019367489785,0,0,0.938157209619128,-0.177948464132435,-0.59784575741181,0.292540110163116,45
17,11.2991961893421,0.785349695757044,1.66549806645381,10.6019367489785,0,0,0.961845471524218,-0.264300272522392,0.501219701675304,1.47771219354954,46
17,11.6326287585591,0.999741364817837,-1.28609718108601,10.6019367489785,0,0,0.497847732796773,-0.234077904045489,-1.08507071293863,-0.497095590563064,47
17,11.9743971420066,2.4879439006532,-0.781656423208696,11.8521655566561,0.128441644638929,-0.00391631890770554,1.60240550568917,0.209543574696353,-0.812845135945427,-0.202169260887692,48
17,12.1661208693063,5.37983267243123,-0.376638288769903,11.8521655566561,0.125295546756226,-0.00231914219294414,2.61996015635956,0.902387288667758,-0.985919879245222,0.212050663574856,49
17,12.316165525454,3.73791971732243,-0.0198886948056272,11.8521655566561,0.122833383195941,-0.00106917780748081,1.77436921327302,0.341420918318838,-0.603129116558908,0.264197269871174,50
17,12.7037808871688,-0.420882930090984,0.62380874775483,11.8521655566561,0,0,-0.00192947442025344,-0.608245367616897,-0.177145304152556,0.473783910225683,51
17,12.9455194998511,-1.51747357649633,0.180086171566139,11.8521655566561,0,0,-0.346240091753415,-0.994211980155765,0.142304358078025,0.637406619303245,52
17,13.1164036915749,-2.00394192648307,-0.124617458706242,11.8521655566561,0,0,-0.230864387058851,-1.12098470443028,-0.965763281243754,0.354426021758555,53
17,13.2997916046442,1.47602199189375,-0.446607084256876,13.192902058388,0.128693400419915,-0.00404412754121766,0.783592928286933,-0.386451204579001,-0.988489259456115,0.21462447732586,54
17,13.6165525454004,3.29229295531998,-0.565728027214058,13.5642728312872,0.253085022132741,-0.00590437491109551,1.71513698549695,0.344295264749615,-0.762371136491225,0.039088610203376,55
17,13.8541232509676,5.10027115479199,-3.00635691452677,13.5642728312872,0.125691096925224,-0.00251995079553946,2.41491356204888,0.793665271288333,-1.4296622597708,-1.44593651081553,56
18,0,1.90161925945984,-0.755812786948733,-Inf,0,0,0.286820461699461,0.0293957655454585,-1.30029660089052,-0.532020658866363,0
18,0.187555820184579,1.01227783173479,-0.476169361975081,-Inf,0,0,-0.349157010184519,-0.259959347387514,-0.825002224595011,-0.464751538205123,1
18,0.341768383447455,2.71713311591598,-1.20513261957109,0.273320679471362,0.129324213310475,-0.00436437176047634,1.04800902106972,0.116412862354893,-0.795868266873982,-0.856775366518709,2
18,0.712712116701399,5.90605461904268,-2.87802478619748,0.273320679471362,0.123237197841869,-0.00127418202974491,1.47782235382379,0.903294237909538,-1.43422081230391,-2.16091759606985,3
18,0.904435844001191,1.43930943548003,-1.78772068191267,0.273320679471362,0,0,0.149501023368099,-0.218999323691857,-0.777025607398189,-1.15169598226855,4
18,1.03364096457279,1.14501053634013,-1.69536280292228,0.273320679471362,0,0,-0.407626855343485,-0.0506405987295198,-0.858889398745803,-1.00118354779766,5
18,1.25870794879428,4.23733045048688,-1.18116711999209,1.12684902548611,0.128283664466118,-0.00383611725385798,0.989536453094918,0.638529902664165,-1.19200565702406,-0.529549179033007,6
18,1.6213158678178,4.78112830461268,-2.90263323266729,1.12684902548611,0.122333435861982,-0.000815369988985515,1.3608749710913,0.681542174502563,-1.51704032725959,-2.06680045856261,7
18,1.91723727299792,0.948772515363328,-1.8292756824972,1.12684902548611,0,0,-0.0938607214305966,-0.218918307328866,-0.9334110330247,-1.39549962554385,8
18,2.04644239356951,0.557944898009474,-1.41294877804012,1.12684902548611,0,0,-0.35295271644577,-0.162023459745382,-0.399689696122554,-0.901271267951805,9
18,2.29651682048229,-0.0273416340154909,-0.78014823361778,2.23161651861961,0.129382424542,-0.00439392380462444,-0.444179774744697,-0.49556502332528,-0.663509749647962,-0.199115784552721,10
18,2.67996427508187,4.7796291088148,-2.41994975181974,2.23161651861961,0.123090228776699,-0.00119957037510453,1.25363586530286,0.449718262786999,-1.35200450696177,-1.98118615581519,11
18,2.9800535873772,4.21507695316782,-2.71564734549721,2.89454625436965,0.129044272671242,-0.00422225454506713,1.16999433924605,0.546882004821538,-1.13693778863947,-1.6113275392579,12
18,3.18011312890741,4.1962312968801,-1.2940142137902,2.89454625436965,0.125761387924141,-0.00255563536444907,1.36845522232593,0.594387586745945,-0.665541819768761,-0.740498543944039,13
18,3.25930336409646,4.42051001309418,-2.81928447476551,2.89454625436965,0.124461912711742,-0.00189593193878704,1.00892872385471,0.73247106865619,-1.68170826870827,-2.00537219439208,14
18,3.563560583507,1.1934737799966,-0.958826915991284,2.89454625436965,0,0,-0.137670340110343,-0.381064267859268,-0.836731171925091,-0.757046738137395,15
18,3.78029175349806,-1.14176976847594,-1.74689270531718,2.89454625436965,0,0,-0.813482394562462,-0.887873004272569,-1.44069203275436,-1.29126280629269,16
18,4.00535873771956,-2.90463772427731,3.46097412697015,2.89454625436965,0,0,-1.82322320931331,-1.38460233606622,1.97347308514648,2.57176155914669,17
18,4.43048526347127,4.92043985575495,-2.36756713558786,4.05708297897811,0.124320049383658,-0.00182391230915506,1.5036729078983,0.800497018068267,-1.20170132255466,-1.2244227094968,18
18,4.59720154807979,3.46832095480316,-3.58487629550009,4.05708297897811,0,0,1.15694705699424,0.367828994856506,-1.80415540670015,-2.38120624507629,19
18,4.84727597499256,0.598155978658941,-1.85564757648813,4.05708297897811,0,0,-0.0677628938288219,-0.228647084273346,-1.4717008482478,-1.48127654041565,20
18,5.06400714498363,-0.52834509755528,-1.17827122932979,4.05708297897811,0,0,-0.931686252458974,-0.470378058660918,-1.15364216669102,-0.944472503197216,21
18,5.43911878535278,2.95175322141842,-1.16481318218716,5.34882294124959,0.12896569541412,-0.00418236329880434,0.630010475289098,0.07967711531723,-0.911035761932313,-0.949280268914889,22
18,5.70169693361119,3.92732543036489,-1.1149502407669,5.34882294124959,0.124656909183532,-0.00199492562424165,0.985187648026708,0.617522078657188,-0.656028817559828,-0.762360284771598,23
18,5.79339089014588,3.1951330867516,-3.23010797575463,5.34882294124959,0.123152253674414,-0.0012310584997909,0.797606742843018,0.420554523624164,-2.15547449709329,-2.10290427678307,24
18,6.0267936885978,2.49932343621274,-2.90546604948122,5.34882294124959,0,0,0.405536165002159,0.314123822649631,-1.8223623430747,-1.97980118799299,25
18,6.42691277165823,4.77851606542118,-1.56301790203047,6.24160425142707,0.12740658124812,-0.00339084919642424,1.37095293663153,0.743218940812381,-0.840142815381307,-1.18508329921169,26
18,6.72700208395356,2.54917084196457,-0.88206419712553,6.24160425142707,0.12248225412745,-0.000890920425495628,0.41044570109168,0.00159100227917119,-0.921924623352694,-0.680724562161489,27
18,6.7728490622209,2.76527712538334,0.0527528439484315,6.24160425142707,0,0,0.831242093159788,0.235208441863716,-0.026642020514175,0.0273969767331762,28
18,7.15212860970527,1.49322560270936,-0.614001790796886,6.24160425142707,0,0,-0.178250126577809,-0.0963478733542926,-0.675900002736327,-0.105705189137234,29
18,7.44388210777017,1.00569353081921,-0.498202696399867,6.24160425142707,0,0,-0.593937681794919,-0.133986584016482,-0.528954124124197,-0.357309836158525,30
18,7.65644537064603,-1.47014063204854,0.746574276691399,6.24160425142707,0,0,-1.31897069017634,-0.588557382992042,0.259619523667098,0.509351784038873,31
18,7.82732956236975,-0.579518206893075,0.36060569636425,6.24160425142707,0,0,-0.806721548780198,-0.588011339331542,0.4399183023,-0.0570050822674849,32
18,8.01071747543912,4.74283473243782,-0.334100952393476,7.84522703637978,0.12773178681389,-0.00355594601685708,1.2275254341579,0.864382331883224,0.312063519178878,-0.223989556095955,33
18,8.29830306638881,5.1335533759464,-4.22225290619414,7.84522703637978,0.123012639989914,-0.00116018094471741,1.04236528122472,0.863447749182689,-1.73726390055008,-2.94339579452122,34
18,8.5233700506103,3.21887302587528,-0.0712304558348987,7.84522703637978,0,0,1.10732083094721,0.425388105742963,-0.452265595918295,-0.0522241197477465,35
18,8.84013099136648,1.45951978110802,-0.953406648788647,8.8034480043078,0.129845457655398,-0.00462899141358944,-0.25451070281071,-0.218035891324037,-0.0443947818468868,-0.487248956810071,36
18,9.00267936885978,3.33863057435273,-1.28982263013403,8.8034480043078,0.127178113798368,-0.00327486332933608,0.829778929314435,0.487054272992904,-1.31963134158563,-0.904576126825605,37
18,9.29026495980947,3.4734663297949,-2.81322989422603,8.8034480043078,0.122458966974391,-0.000879098257195274,0.475798701988955,0.508679283409488,-1.37032047464148,-1.55440468740836,38
18,9.55701101518309,2.37440814779461,-0.641744110154019,9.46486426192121,0.128935322849064,-0.00416694408569596,0.164276100441541,0.229798054372588,-0.621472697091209,-0.634383035362471,39
18,9.75707055671331,3.42809672168157,-1.0138918721289,9.46486426192121,0.125652438101898,-0.00250032490507489,0.569528617916699,0.372420099164376,-1.02917526560112,-0.795933632444169,40
18,10.044656147663,0.811879074786867,-0.938923391785192,9.46486426192121,0,0,0.119351953227615,-0.162915018978208,-0.371985338870342,-0.783751038016438,41
18,10.298898481691,0.873641611351725,-1.0125447467888,9.46486426192121,0,0,-0.152062806050527,-0.273587328885824,-0.948180298701378,-0.77938608902617,42
18,10.6281631437928,1.54196028861039,-1.52412981562457,10.358267745055,0.126018549609458,-0.00268618840859293,-0.0527822522288428,-0.119186742322209,-0.858628909879795,-0.853910907471431,43
18,10.8907412920512,2.30747485133261,-0.896510072141199,10.358267745055,0,0,0.288690554730749,0.0852205706526307,-0.32556882150036,-1.08718961267536,44
18,11.140815718964,-0.0323226112404483,0.553258564308009,10.358267745055,0,0,-0.566578031205598,-0.43444977845673,-0.0243128225005067,0.114291130715658,45
18,11.3450431676094,-0.410537728446709,0.12972485090835,10.358267745055,0,0,-0.956188015986646,-0.63803735232495,-0.0822956492293355,-0.19194257122901,46
18,11.6993152724025,-1.96847677369037,1.77527320344836,10.358267745055,0,0,-1.56299372464219,-0.818248114537973,1.04088915190009,1.20469994067346,47
18,11.9118785352784,-0.0949547573450107,0.333553626937195,11.8438925582951,0.129331790037315,-0.00436821823066412,-0.648166109864564,-0.516862940735438,0.340876943825366,0.266148417991778,48
18,12.0077403989283,0.0419181991575752,0.681035089001843,11.8438925582951,0.12775874109599,-0.00356962987328431,-0.752772455135965,-0.348723771516657,0.562846252486542,0.442333147424538,49
18,12.4953855314082,-0.776733398982146,0.251094580123874,11.8438925582951,0,0,-0.999182988269339,-0.591849393344956,-0.302524312523537,-0.301079388924615,50
18,12.5537362310211,-1.09653101704823,0.348762896802825,11.8438925582951,0,0,-0.922874212514633,-0.734019032925961,-0.120346377516561,0.101170160945106,51
18,12.8871688002382,-0.631895112785292,0.745127535466174,11.8438925582951,0,0,-1.17843772718769,-0.720831627856032,-0.21198678236378,0.649344887918844,52
18,13.0872283417684,2.9674689911716,-0.445256895282587,12.8962002235715,0.127312725285128,-0.00334320142315521,0.43442198826248,0.373255206977166,-0.457293463137044,-0.329532104040036,53
18,13.3373027686812,4.48534945597797,-3.09557786839567,12.8962002235715,0.123209119351236,-0.00125992744738174,1.22639560406251,0.5627534164762,-1.5359350568451,-2.08705719138416,54
18,13.5373623102114,1.75938344623755,-2.07727060262354,12.8962002235715,0,0,0.139470376358627,-0.00516703031641502,-1.13907463567916,-1.476579206395,55
18,13.9458172075022,2.29136785842518,0.0770540931533369,13.7848919030279,0.127806698565628,-0.00359397639923058,0.311887330947228,0.0991262463450866,-0.0675255079189596,-0.0356346069636782,56
19,0,0.192815411780892,0.240854089844535,-Inf,0,0,0.940192748472635,0.174541424288518,0.42346544189244,-0.349891456391663,0
19,0.120869306341173,-0.669275165184692,1.61728673250257,-Inf,0,0,0.501343702856929,-0.123861999144572,1.13741536884011,0.757381166503047,1
19,0.450133968442989,-0.178756791673008,-0.478187272520071,0.422883650357835,0.130000243399957,-0.00470757135491703,0.638661036287115,-0.0307510183274309,-0.428404981602099,-1.17274193421805,2
19,0.646025602857993,3.53954004876369,-1.07449144490787,0.422883650357835,0.126785752085075,-0.00307567340722771,2.29666068769944,0.858541468362612,-0.318405628533526,-1.54841536552578,3
19,0.966954450729384,2.59314882627602,-0.558804198764407,0.422883650357835,0,0,1.1227402561258,0.586820332241927,-0.212051478209342,-0.626534753144849,4
19,1.1003274784162,0.631916769259396,1.77542119168651,0.422883650357835,0,0,0.615248757446263,0.159892629381066,1.2061035263141,0.347115895202533,5
19,1.32122655552248,-0.286507495199111,0.859338828187365,0.422883650357835,0,0,0.286492836620652,-0.1653826802009,0.724684010788325,0.550799159631271,6
19,1.72551354569812,3.53259797959828,-0.113148252041474,1.4414656119636,0.125786313041717,-0.00256828907672646,1.60311587710362,0.780156306757506,0.794252150673098,-0.35322416598203,7
19,1.77552843108068,3.42125546473359,-1.29890661293753,1.4414656119636,0.124965591854938,-0.00215163428157181,1.95908946809311,0.988954597623128,-0.283778654118354,-0.776057385109306,8
19,2.03393867222388,1.66468603519464,-2.53187342685752,1.4414656119636,0,0,1.28244064782528,0.29457863794058,-1.06500830769432,-1.49944950084463,9
19,2.25483774933016,0.721431265996074,-0.770873982866782,1.4414656119636,0,0,0.877865451862218,0.185413745436943,0.159838960570661,-0.699846017279224,10
19,2.50908008335814,1.33423204249037,0.484991509360677,2.28389868135206,0.126752285659911,-0.00305868353691924,0.697582257846673,0.397699830523287,1.02952484435599,0.125956305767085,11
19,2.84251265257517,1.92742576602742,-2.33905269632675,2.28389868135206,0,0,1.13402185708582,0.480673300566279,-0.433350628162235,-1.5162874348202,12
19,3.24679964275082,4.37665984178819,-1.35562387707159,2.98222816097013,0.12610591262971,-0.0027305399153936,2.30499568882048,1.1018186208347,-0.350348305918295,-1.58212513214021,13
19,3.40518011312891,4.12542752322091,-0.368870087132813,2.98222816097013,0.123506962204912,-0.00141113306406998,1.95645983140776,1.04902213424772,0.809988279344838,-0.858777621479119,14
19,3.62607919023519,0.511036698593078,0.0342040948911184,2.98222816097013,0,0,1.1204265565092,0.140888939847997,0.40546134760374,-0.0317397691921623,15
19,3.93033640964573,0.549189769602419,-0.207699541151155,2.98222816097013,0,0,0.962084948196864,0.141981993438706,0.4471727690432,-0.541407328109306,16
19,4.02203036618041,-0.0570598491187252,1.02220768688038,2.98222816097013,0,0,0.916795883172756,-0.0411333856537334,1.93263151830335,-0.167183369492441,17
19,4.45132479904734,4.14667976566086,0.767277185835109,4.26315680359705,0.12735965857945,-0.00336702800694119,2.27758499145951,0.977965636904366,0.694116256910388,-0.181969530778282,18
19,4.59303364096457,3.37177127914353,-1.25708900620915,4.26315680359705,0.125034281883578,-0.002186506087336,2.01130914612066,0.908659913252698,-0.227365259851528,-1.30707740031281,19
19,4.75558201845787,5.36607808662317,-2.59524807483639,4.26315680359705,0.122366938026548,-0.000832378003082862,2.33627639445657,1.18695734154736,-1.01244500559606,-1.87265495808224,20
19,5.1515331944031,-0.2491103942534,-1.15995076771869,4.26315680359705,0,0,0.267019956680061,-0.0296781259326585,-0.297191608852063,-1.0749837774209,21
19,5.44745459958321,0.83939103826033,0.321809742340133,4.26315680359705,0,0,0.838136261725079,0.180289584579198,0.502887312107595,0.0995680511701969,22
19,5.61833879130694,3.55280788299005,-0.14536664918042,5.59551631500049,0.130072902240058,-0.0047444580036649,1.86987436422277,0.981927770113014,0.0172498687897349,-0.247041202983349,23
19,5.75171181899375,2.85455630824036,-2.1470610420966,5.59551631500049,0.127884312408649,-0.00363337854991916,1.99239686375467,0.733643652176275,-0.358395756395447,-1.515869336828,24
19,6.16016671628461,2.72936288168742,-2.39754172854579,5.59551631500049,0,0,1.95549666848807,0.625616547918983,-0.514836714455617,-1.87487999759122,25
19,6.38940160762132,2.79579437155687,-0.616718031850251,6.27691322536064,0.128601526105025,-0.00399748578945408,1.38782345585772,0.611166321228207,-0.424591596760515,-0.779981026105065,26
19,6.60196487049717,4.53714377996718,-0.7723298726668,6.27691322536064,0.125113461061217,-0.00222670291004604,2.38645043114049,1.30247375434299,0.382742440358075,-0.887864141580529,27
19,6.87704674010122,1.68733825942499,-1.07092663739473,6.27691322536064,0,0,0.946103466931329,0.344112886547423,0.415075828871847,-0.970486333701187,28
19,7.24799047335517,0.191111169658179,0.523877564910694,7.10947373463916,0.128174412787929,-0.00378065355152811,0.414765217032276,-0.0156571190690447,0.99426034956947,-0.145016914678777,29
19,7.33968442988985,2.74643074518156,0.173265740463941,7.10947373463916,0.126669757278835,-0.00301678642707758,1.49993387034241,0.746073271824639,0.447388191478796,-0.448276546114409,30
19,7.66061327776124,2.55788030300165,-1.65267513073333,7.10947373463916,0,0,1.45038342595626,0.714594918789548,-0.0495676657852968,-1.33699283067786,31
19,7.94403096159571,1.90013929051811,-1.42124859596037,7.10947373463916,0,0,1.08687224125578,0.534900105204243,-0.509946674989918,-1.21613819668073,32
19,8.07323608216731,1.65461049467443,-0.964245777414941,7.10947373463916,0,0,1.56952807353223,0.353311009896398,-0.0469573013895035,-0.796041775947826,33
19,8.37749330157785,4.11798659165885,-1.27276742366431,8.18319046956917,0.127258988742787,-0.0033159210404843,1.89644099106375,0.980721796804902,-0.334394695494271,-0.734818178111315,34
19,8.64007144983626,3.82308524368314,-2.46383919416895,8.18319046956917,0.122950202512251,-0.00112848336592269,1.9294400592217,1.03131766921556,-0.512624301995243,-1.87932405999724,35
19,8.76510866329265,3.41567325944341,-1.79556256724753,8.18319046956917,0,0,2.09510175162575,0.78431254751161,-0.392069604801212,-1.47825787942048,36
19,9.06936588270319,1.65654347522993,-0.66886761628053,8.18319046956917,0,0,1.41057883648468,0.341352709915818,0.0251654103719665,-0.836340745628937,37
19,9.49032450133969,0.997043779627195,-2.51252042320548,8.18319046956917,0,0,1.16733637974461,0.224641694274242,-1.05834052851074,-1.67461440636864,38
19,9.70705567133075,0.583660393290916,-0.154385044727097,8.18319046956917,0,0,0.583186879697785,0.184975762690063,0.33279080966578,-0.553967923699136,39
19,9.9154510270914,3.43664728328656,-1.11593487807971,9.74521069611208,0.127653843279604,-0.00351637649210886,1.6181206558481,0.844516266331469,-0.415499623786728,-1.33172942102641,40
19,10.2238761536171,4.16980496184168,-1.47926848259286,9.74521069611208,0.12259272929447,-0.000947005255321515,2.03573364656185,0.912117857130432,-0.248444361184394,-1.47501373886504,41
19,10.4572789520691,-0.397847998443677,0.325654826613876,9.74521069611208,0,0,0.47083508066096,-0.0614569447032096,0.538281261686705,0.0428477798151437,42
19,10.7115212860971,-1.50599261246659,-0.367314340165856,9.74521069611208,0,0,-0.369677457344176,-0.352988624738938,0.100863879464196,-0.341425672273773,43
19,10.8198868710926,-1.76552178755906,-0.339199978460029,9.74521069611208,0,0,-0.285689091658152,-0.559452977090272,0.431816069361557,-0.389870971133249,44
19,11.1658231616553,2.3755908371208,-1.4739861263395,10.9696911570204,0.127228972864224,-0.00330068290607835,1.52943342449586,0.851874751589952,-0.174012054065339,-1.14669370377212,45
19,11.4117296814528,2.87144361260827,-1.06845474120354,10.9696911570204,0.123193760362512,-0.00125213016323239,2.00648718294457,0.693958644198746,0.321089125506227,-0.98388711314435,46
19,11.6618041083656,1.71345537213638,-0.245139033204812,10.9696911570204,0,0,1.1511850022952,0.473155938463455,0.503804443181097,-0.550991206970275,47
19,11.9077106281631,0.308767721563482,-0.458380228331456,10.9696911570204,0,0,0.651815560155707,0.0775288212141265,0.816472671781475,-0.347722413761927,48
19,12.2036320333433,4.19982022093076,-2.27381942173292,11.9366723518156,0.126066723374064,-0.00271064474081309,2.13717241661149,1.15493989613365,-0.152535317031238,-1.43391169331627,49
19,12.3620125037213,3.96399943037448,-1.38322081992082,11.9366723518156,0.123467772949216,-0.00139123788948817,2.01539047419946,1.0862297612391,0.0524328572258017,-1.78961891940712,50
19,12.7329562369753,0.245321521441317,-1.10897076077813,11.9366723518156,0,0,0.540947537514042,0.0456830450674106,-0.134488085257831,-1.03789418431082,51
19,12.9121762429294,2.06447285696016,-0.0936794924855282,12.8782338846493,0.129890430108828,-0.00465182253903471,1.20411501811868,0.617490798108124,0.335667110631602,-0.592075529587464,52
19,13.078892527538,2.25185803709349,-1.41536028210103,12.8782338846493,0.127154692819514,-0.00326297322185007,1.34340621604299,0.55992693326316,-0.314157112534433,-1.12994262936556,53
19,13.4039892825246,3.08940974600321,-1.20281077140362,12.8782338846493,0,0,2.11975899881218,0.822743129633627,0.016396918625226,-0.978275254813943,54
19,13.5873771955939,1.45834707264988,-1.75098696848291,12.8782338846493,0,0,0.974872121272399,0.35387412043674,-0.09410564971749,-1.50789349833173,55
19,13.7707651086633,0.410933303433108,-0.496797873875803,13.6943531642901,0.129193523801109,-0.00429802473346839,0.59633246668402,0.195254803386631,0.219915902040629,-0.633686845816043,56
20,0,0.545613129574972,0.932373289300846,-Inf,0,0,0.971193063777461,-0.704077105284456,1.47942253797147,-0.284587455069112,0
20,0.166716284608514,1.71196169760932,0.388020143546797,0.112363183451816,0.129555499237948,-0.00448178848162997,1.66213755889468,-0.143224780547392,1.12890083660234,-0.111969402006762,1
20,0.462637689788628,3.22813441001977,-1.46552749800386,0.112363183451816,0.124699565549509,-0.00201658094363086,2.17979287890471,0.219453326242503,0.180538986550521,-1.27167522754017,2
20,0.583506996129801,5.08439254118487,-2.50850004162601,0.112363183451816,0.122716156014794,-0.00100966518867315,3.08133054002951,0.885425539735368,-0.345299497825279,-2.21602901049215,3
20,0.854420958618637,3.55280819474008,-1.82159275025421,0.688305581731793,0.127721531872578,-0.0035507398999086,1.87374364648693,0.0557272212818261,-0.294279706268334,-1.56529942851621,4
20,1.1670139922596,4.58772276568339,-2.84524203577012,0.688305581731793,0.122592024455216,-0.000946647430191003,2.86677755941337,0.524675177318516,-0.647526185999173,-2.2587194395078,5
20,1.25454004167907,3.85543378722051,-1.50525589039092,0.688305581731793,0,0,2.85295927012454,0.304101446870783,-0.0504904205896884,-1.40437742830722,6
20,1.50461446859184,-0.443212325725979,1.87649362657094,0.688305581731793,0,0,1.13057215457226,-0.752589862277633,1.64762552993256,0.468824402030477,7
20,1.88806192319143,-2.6344258738243,0.831703077903374,0.688305581731793,0,0,0.108465428922771,-1.23696607246961,0.62128839245482,0.0615570898043871,8
20,2.22983030663888,0.0867180630172749,0.615755766745778,2.21422460116088,0.130191326118744,-0.00480457814886215,1.10403542450162,-0.624899405791456,0.826705717552544,-0.179210251203623,9
20,2.34653170586484,0.84242177868088,0.894592614215523,2.21422460116088,0.128276310016261,-0.00383238362683395,1.3297085269378,-0.44023151383297,0.864608099676532,0.231373603289909,10
20,2.5924382256624,3.50647881239577,-2.2667608225214,2.21422460116088,0.124241097514587,-0.00178383088398937,2.30662223710293,0.0587041278853545,-0.600053037484543,-1.77288264188373,11
20,2.84668055969038,0.966924177919479,-0.117362543417232,2.21422460116088,0,0,1.61398342403154,-0.481715099507239,0.0014290273597628,-0.536420534193527,12
20,3.20512057159869,2.96597998883097,-2.9468875676868,3.15565513427763,0.12963570354579,-0.00452250573127758,1.96482574042824,0.0745238882316258,-0.630579044324518,-2.15198952983291,13
20,3.39684429889848,3.14679745429017,-1.34831368820392,3.15565513427763,0.126489605663127,-0.00292532901651713,2.32669580328166,0.221262222072588,-0.0549102497896104,-1.19163443271348,14
20,3.55939267639178,2.62334887446935,-2.15083660229052,3.15565513427763,0.123822261806109,-0.00157120093226458,1.60227491929451,0.152835053003047,-0.799822187831131,-2.06862039555018,15
20,3.89282524560881,0.538985562845518,-0.043399622370257,3.15565513427763,0,0,1.32612083278886,-0.512414600966973,0.81342932571877,-0.371792760775819,16
20,4.11372432271509,0.622518458773604,-0.0831612912448529,3.15565513427763,0,0,1.19930978909399,-0.579407863951112,0.689242267003814,-0.705667724963566,17
20,4.32628758559095,-1.306114631124,-0.210868783868974,3.15565513427763,0,0,-0.0137261999357011,-0.848128088289088,0.715630702653672,-0.589174198995305,18
20,4.60970526942542,2.00152778307765,-0.128115769490504,4.56522013744554,0.129717428057981,-0.00456399474171665,1.56902869069366,-0.00855747411288414,0.337233447122935,-0.894946954544123,19
20,4.92229830306639,3.05543986753782,-2.15122126837025,4.56522013744554,0.124587920640615,-0.0019599022719991,2.31176537016316,0.133924252790416,-0.291501496181804,-1.91572180844548,20
20,5.00982435248586,4.98489546995534,-1.98842112453442,4.56522013744554,0.123151658563752,-0.00123075638047829,2.65612560632003,0.577776089097539,-0.429530076190455,-1.78951407976872,21
20,5.48079785650491,4.03264724039921,-1.84917718852389,5.10101781239769,0.124215393291788,-0.00177078164404944,2.8404224624124,0.565342220786495,-0.140583755294931,-1.292609475151,22
20,5.68919321226556,2.44386015767756,-2.06282993306857,5.10101781239769,0,0,2.1676280272555,-0.0975021440849743,-0.409257250491581,-1.68634264710863,23
20,5.8017267043763,2.12488012289438,-1.27151536300128,5.10101781239769,0,0,1.85485303424883,-0.103350518392615,0.0776175216270374,-1.28018186698862,24
20,6.17267043763025,-1.14754468671332,0.230491864401027,5.10101781239769,0,0,0.551659591683078,-0.927878157660189,0.793543660476233,-0.507306911737446,25
20,6.44358440011908,0.241420302845119,-1.76339072498516,5.10101781239769,0,0,1.44262893546882,-0.56524398765153,-0.377730630701921,-1.54736758708398,26
20,6.70199464126228,-0.498213902867361,0.212820839863739,5.10101781239769,0,0,0.146580461474599,-0.809567796893873,0.654768374096316,-0.00716034112371322,27
20,6.8395355760643,1.19659232382943,-0.0116906438772653,5.10101781239769,0,0,1.60932612516073,-0.12430665500725,0.554334750712854,-0.405098045943033,28
20,7.00625186067282,2.08204719865705,1.11867549142293,6.87797558367109,0.128342454038588,-0.00386596290383806,1.85459297121715,-0.0300542789014102,0.9859852634271,0.0450873398649328,29
20,7.42721047930932,2.91526697516387,-0.281584646647504,6.87797558367109,0,0,2.26816700088812,0.188514999416446,1.49019819198057,-0.523743328084367,30
20,7.53140815718964,0.50830468977692,-0.262713515435936,6.87797558367109,0,0,1.21160759880552,-0.437537171431765,1.09661542154544,-0.571533738298518,31
20,7.98154212563263,2.69798681914898,-0.992155133653358,7.70570066814454,0.125920977529553,-0.00263665407753053,1.94691660557413,0.0600365114383257,-0.262716642222634,-0.99104305466594,32
20,8.12325096754987,2.75131599084575,-0.885470820553649,7.70570066814454,0.123595600833706,-0.00145613215792595,1.94414440299203,0.0739465589620987,-0.206549477969021,-0.881309887411838,33
20,8.3274784161953,3.07497357372408,0.450418094937558,7.70570066814454,0,0,2.12984760218359,0.10152080593151,0.761597436381138,-0.33903039792213,34
20,8.53170586484073,-1.65901294769188,-2.30346586598063,7.70570066814454,0,0,0.169595391166763,-0.962225416243475,0.0660849570046091,-1.92277602448256,35
20,8.88597796963382,-0.287362364312445,0.358507595110088,7.70570066814454,0,0,1.02854968496977,-0.380758645711621,0.505230044251275,-0.265246426555783,36
20,9.01101518309021,0.0964063792750972,-0.930406418160403,7.70570066814454,0,0,0.824871012538384,-0.692718216876895,0.709767349664719,-0.719766606059674,37
20,9.48198868710926,4.78167780459401,-3.26280906881469,9.04097892021259,0.123210641798943,-0.00126070034703032,2.99929144218814,0.599088177883044,-1.12499378634145,-2.66576904259201,38
20,9.60702590056565,1.76187916893984,-1.54804814148768,9.04097892021259,0,0,1.62085183017228,-0.10971786125211,-0.281896807722401,-1.09288337751723,39
20,9.99880916939565,2.02676317684752,-2.1222848506871,9.91151486954903,0.129014949370154,-0.00420736801085882,1.63772198098609,-0.272732242597308,-0.275193244404151,-1.63134896442419,40
20,10.2447156891932,2.98567624198392,-0.40030027768926,9.91151486954903,0.124979736868442,-0.00215881526801256,2.21608624122264,0.224494197178277,0.368113711386123,-0.710186396976876,41
20,10.4447752307234,2.62407496548629,-0.259027555295919,9.91151486954903,0,0,2.06422023073492,0.118120443982453,0.754881876011457,-0.378112832988215,42
20,10.6490026793689,1.05955453895013,-0.659504548962459,9.91151486954903,0,0,1.42058882812618,-0.205010244418528,0.339357078080528,-0.931593784348601,43
20,10.8990771062816,2.97115889377216,-3.01560085776366,10.7422984618747,0.127874743343611,-0.00362852063116792,1.90343826906821,0.172957288713584,-1.17770036101115,-2.58807482203529,44
20,11.140815718964,5.57484314206294,-4.18042319832017,10.7422984618747,0.123907924274181,-0.00161468912125273,3.26663846114475,0.852021908585939,-0.878390141986988,-2.89643554078933,45
20,11.2658529324204,4.37827502822709,-1.67908152498732,10.7422984618747,0,0,2.85304826732919,0.557150223222532,0.186631462428012,-1.70551858655787,46
20,11.7243227150938,-1.40390061640316,0.28925842041957,10.7422984618747,0,0,0.185592103931171,-0.93257786078436,0.581637823073829,-0.263499061520947,47
20,11.866031557011,-0.689669195286698,0.399502846653466,10.7422984618747,0,0,0.53306613822984,-0.875202828853542,1.14460695806218,-0.149509339881126,48
20,12.1077701696934,0.652867241354256,0.832429561356017,10.7422984618747,0,0,1.29193285481923,-0.418811906960237,1.47365612076343,0.314085611377392,49
20,12.3078297112236,0.623078802076662,1.71095902202728,12.2718171713444,0.129856459384196,-0.00463457665146574,1.49967289009523,-0.611516649349909,1.56377259662369,0.594199767139903,50
20,12.5078892527538,2.01111111279696,0.658252006219064,12.2718171713444,0.126573574637081,-0.00296795747084666,1.97741128764126,-0.0776561462994641,0.643043878347937,-0.160872489591851,51
20,12.8121464721643,1.80798852581553,-0.972001404791164,12.2718171713444,0,0,1.55933144575955,-0.186206586588627,0.341747422313741,-0.707907717369679,52
20,13.0580529919619,1.5552639296683,-1.2154058593722,13.0439019219269,0.130215196015009,-0.00481669615788767,1.65443050274696,-0.271704565983117,0.327073159358117,-1.14713026285744,53
20,13.2706162548377,2.86175565448505,-1.7435102398336,13.0439019219269,0.126727130971201,-0.00304591327848033,2.24713148348766,0.0567613106812868,-0.161451249369813,-1.67744110917599,54
20,13.6915748734742,1.63478830575161,-0.233125015647105,13.0439019219269,0,0,1.32569763372568,-0.148303071025738,0.248984352889599,-0.495724282345069,55
20,13.7957725513546,1.41559765175929,-1.68807799853419,13.0439019219269,0,0,1.79809124624004,-0.198986933171295,-0.293125890474379,-1.57025511085127,56
21,0,0.180714894122419,0.829414903201348,-Inf,0,0,-0.282579049695663,0.959407753581212,0.566860712731521,-0.25776280328434,0
21,0.17505209883894,-0.960670066312399,-0.103514156685339,-Inf,0,0,0.00573157947224912,0.589201747165062,0.302482568406638,-0.900586253527629,1
21,0.475141411134266,4.0319997254257,-0.486781662111733,0.296836908767,0.127521513948843,-0.00344919697841019,1.38061727101479,2.01170778903443,-0.232378000560445,-0.729456322430743,2
21,0.550163739208098,3.21871467744565,-0.556263269470483,0.296836908767,0.126290432168675,-0.0028242147856779,1.42211693967702,1.55283546895943,-0.523827320922277,-0.790490410220371,3
21,0.937779100922894,1.41798358312754,-0.421173216344184,0.296836908767,0,0,0.366012420146027,1.44860190919183,0.110831936323363,-0.5264554116128,4
21,1.18368562072045,1.42523475652863,0.171249328009618,1.13707660403855,0.129682576090205,-0.00454630147422827,0.480389311573754,1.32609763246046,0.454861715520816,-0.609854442015197,5
21,1.32122655552248,2.35755114573697,0.340005471900652,1.13707660403855,0.127425592826564,-0.00340050078755259,0.918244932694112,1.54974329698786,0.835763283506736,-0.349166834872132,6
21,1.54212563262876,2.34297327423093,-0.581739834076359,1.13707660403855,0.1238007409183,-0.00156027544228576,1.25969935985495,1.52363922266606,0.564264873753267,-1.19192033321633,7
21,1.77136052396547,1.95428817935408,-0.6433991329952,1.73872735525589,0.129911913305444,-0.00466272889437483,0.814995072696789,1.54117491562653,0.0676759219339856,-0.510840675980512,8
21,2.2048228639476,5.19762737017096,-1.29847874280011,1.73872735525589,0.122798996353371,-0.00105172066970044,2.21061676023957,2.15095226763959,-0.105607232245893,-1.08195133033262,9
21,2.45072938374516,0.330585423400388,-0.165137632313187,1.73872735525589,0,0,0.099045139658884,1.07902765394887,0.688240294618415,-0.515631906737117,10
21,2.53408752604942,-0.955868130183965,0.297925291598188,1.73872735525589,0,0,-0.504413574952755,0.458508716732835,0.99339877630827,-0.124795905699933,11
21,2.8508484668056,-1.3357511217454,1.12080206027137,1.73872735525589,0,0,-1.01776284468052,0.51041974232673,1.20564722162241,0.166665690623863,12
21,3.11759452217922,0.302845838152745,0.0218918604045885,1.73872735525589,0,0,0.281470369708921,1.10524663089078,1.14897866892821,-0.633237840269197,13
21,3.45519499851146,2.79717052666087,-0.412253346488567,3.23277565868965,0.126797609825637,-0.00308169321583357,1.08035336531387,1.47899920761404,0.452008472512699,-0.530465894584957,14
21,3.71777314676987,5.08678868369863,-1.81344543643485,3.23277565868965,0.122488823595037,-0.000894255541270789,1.84049678890394,2.28481242854299,-0.496026704895438,-1.21276491156956,15
21,3.89282524560881,2.10515195629768,-0.779752244969046,3.23277565868965,0,0,0.878338288631957,1.31629394631012,-0.622377728153856,-0.690675458784343,16
21,4.07204525156297,-0.45200667928471,-0.874746887141365,3.23277565868965,0,0,-0.0259801297497444,0.656312402894953,0.45185140138236,-0.686018265834234,17
21,4.46799642750819,0.521566806385682,1.51537884095357,3.23277565868965,0,0,0.15939865003791,1.04310583186826,0.989048519536258,0.49098122706388,18
21,4.55969038404287,-0.268752034450479,0.736247518455427,3.23277565868965,0,0,-0.20522404210477,0.785594277957595,1.43072878002452,0.252416849995597,19
21,4.8597796963382,3.00459933358289,-0.0815565261470603,4.61626771184831,0.126451489261092,-0.00290597849658114,1.01557783029757,1.71984527336541,0.786728384403595,-0.621794493557115,20
21,5.01816016671629,3.51096153938727,-1.58845651528184,4.61626771184831,0.123852538836294,-0.00158657164525773,1.67464910906562,1.85305510323842,-0.570883759437781,-1.53467605403288,21
21,5.39743971420066,2.73434286961323,-2.11138415831735,5.19181559008116,0.12707321156416,-0.0032216077053802,1.08236989740776,1.45553838015281,-0.362631965355009,-2.11297629236829,22
21,5.7350401905329,3.40654596798674,-2.71375264314476,5.19181559008116,0,0,1.57296996006065,1.62927917220276,-1.00683032088651,-2.17255213995309,23
21,5.92676391783269,0.120657694986905,-1.88080492317048,5.19181559008116,0,0,0.116422736273185,1.05085624081366,-0.135998225269297,-1.64904140236565,24
21,6.0267936885978,2.07286649287856,-0.726400505163961,5.19181559008116,0,0,0.628469394430226,1.41737737188109,0.364415017304155,-0.789221692709574,25
21,6.46442393569515,0.35638263499249,0.0791470025072987,5.19181559008116,0,0,0.19197392730393,0.988940997735354,0.382649019802056,-0.118771112481571,26
21,6.65197975587973,0.146785012163722,-0.218390775158818,5.19181559008116,0,0,0.343532875348177,0.868568646148448,0.912452458090655,-0.399135441555025,27
21,6.8061923191426,2.55113825219705,0.399550071164892,6.69546127322918,0.128630363183455,-0.0040121254834206,0.919312518223808,1.4896750586035,0.374057567679394,-0.049760584754504,28
21,7.18130395951176,5.02243339298849,-1.25625157952034,7.11518945394693,0.25183745430223,-0.00527102325982012,1.68538642182131,2.13205779867516,0.276145916541722,-1.30994592425243,29
21,7.49389699315272,3.99830062225638,-0.907198127176025,7.11518945394693,0.124232992602224,-0.00177971627034243,1.63899512200554,1.85273874907137,0.0294540062343117,-1.08307782247915,30
21,7.63143792795475,2.23281893700527,-0.683766101103163,7.11518945394693,0,0,0.94363837515703,1.47481405146854,0.711022068197264,-0.910414919521271,31
21,7.91068770467401,1.62626020970232,-1.73628890481197,7.11518945394693,0,0,0.442361383612624,1.34226797103347,-0.315357608085563,-1.42542345916607,32
21,8.23578445966061,-0.415833829445438,-1.14761025068268,7.11518945394693,0,0,-0.08753461392265,0.735719391286124,0.22828177606628,-1.29193387559546,33
21,8.4566835367669,0.6028840559703,-0.643762071445687,7.11518945394693,0,0,0.441555344182,1.24276013823804,0.225966954039917,-0.690868432576251,34
21,8.50669842214945,1.34079040191489,-0.566842212021171,7.11518945394693,0,0,0.878608126009871,1.25488329434175,0.70069013415969,-0.962937895605781,35
21,8.9109854123251,1.7620145638276,1.34333674705618,8.86865267016423,0.129752747781536,-0.00458192547438198,0.743940860722288,1.35145058653659,0.990720913549413,0.393435214692105,36
21,9.0401905328967,2.14830643280992,-0.625870779180639,8.86865267016423,0.12763255138241,-0.0035055672535675,1.04597984288271,1.53323618313387,-0.549899907009476,-0.786002696830608,37
21,9.32777612384638,2.87673117077489,-1.23196275676797,8.86865267016423,0.122913404558433,-0.0011098021814267,1.48532885637636,1.64681906125564,-0.204455811324041,-1.33890718155108,38
21,9.59869008633522,2.02391526430587,-1.31875232756728,9.35227317012166,0.126403820672135,-0.00288177862642168,0.791977642656179,1.48138722583044,-0.17618832301248,-1.30454129198914,39
21,9.93629056266746,1.45694413454964,-2.00458835815652,9.35227317012166,0,0,0.397470698496977,1.28060841482785,-0.863669866860275,-2.0241162660445,40
21,10.0154807978565,0.580827426732725,-1.454449534306,9.35227317012166,0,0,0.113038465398018,0.832637002568106,-0.478962199878978,-1.19367478107717,41
21,10.4406073236082,0.500614066137664,-0.957867346398764,9.35227317012166,0,0,0.0704867385311721,1.04880610028787,0.524144626368598,-1.16252781972137,42
21,10.5573087228342,-0.314743870862866,-1.7413723829201,9.35227317012166,0,0,0.0771808379330267,0.653147800347275,-0.57223564471482,-1.73277357716277,43
21,10.8782375707056,2.26112969481147,-1.04877380257277,10.6717702799996,0.127059375589631,-0.00321458360848131,1.24793781042195,1.40182828576107,0.217704102601273,-1.16324359495622,44
21,11.2450133968443,2.37274479987734,-1.00964854386494,10.6717702799996,0,0,0.736608034348344,1.59808366802665,0.0374060369800086,-0.795784637987252,45
21,11.3283715391486,1.67372920287893,-1.32359797309312,10.6717702799996,0,0,0.513935293106925,1.21943189348102,-0.246551981310611,-1.50641452071734,46
21,11.5409348020244,1.24223468687161,-0.69130741647477,11.4729014232325,0.129331012195563,-0.00436782334440904,0.345180615103364,1.17280921403194,-0.0321280290545379,-0.81333708711389,47
21,11.9368859779696,7.11465592605812,-2.41573962358373,11.4729014232325,0.122833636133515,-0.00106930621609863,3.05503621485977,2.62336160364377,-0.526260260675496,-2.07092804162837,48
21,12.0535873771956,2.4401457183691,-3.94590487794064,11.4729014232325,0,0,0.847623888952714,1.54427794102807,-0.948491950930686,-2.71832871935806,49
21,12.4828818100625,0.827638911106047,-0.383027272402402,11.4729014232325,0,0,0.292114632830235,1.10678476612639,-0.0655538892994771,-0.48453392392195,50
21,12.6537660017862,-0.714576243617656,-0.0956349912097484,11.4729014232325,0,0,0.0909058456252221,0.699020288021825,0.191655888783844,-0.818135901090923,51
21,12.7996427508187,-0.375287089027308,0.956481306417883,11.4729014232325,0,0,-0.108782715533746,0.729497032374787,0.95723012901685,-0.14575569738002,52
21,13.0705567133075,2.29406451626266,-0.387703541415005,13.0435363093875,0.130004016185276,-0.00470948668149539,0.573488208602586,1.47929446539631,0.30259018412378,-0.514848043955505,53
21,13.4665078892528,3.97113507699722,-2.52224945950876,13.0435363093875,0.123506640123331,-0.00141096955318851,1.56251889343852,1.7252506973411,-0.466157604292089,-2.18223622719993,54
21,13.6582316165525,2.45252331470821,-1.90626525041494,13.0435363093875,0,0,0.939045280368712,1.52664893528254,-0.152774015868309,-1.64155134764155,55
21,13.9333134861566,0.986964414194701,-0.242140090153043,13.9283419540268,0.130365827995589,-0.00489316736153533,0.497632060121391,1.15303103756023,0.742203942544559,-0.86740562081714,56
22,0,0.191473492672547,-1.34280585407684,-Inf,0,0,0.304764237603834,0.417716900389259,-0.978681088363326,-1.16502400870122,0
22,0.104197677880322,0.565029194647348,-0.301373754129481,-Inf,0,0,0.684897321806862,0.674981916202763,-0.205221561859717,0.0233304284529518,1
22,0.250074426912772,0.819324120184725,-0.311770187079947,-Inf,0,0,0.251673325995464,0.661512055237632,-0.544347325840338,-0.00992887159586431,2
22,0.716880023816612,3.865568415261,-0.25289921084384,0.313896614522673,0.123834636777646,-0.00157748332306301,1.84399651364052,1.52962261734415,-0.128291946536948,-0.0187556389698164,3
22,0.771062816314379,5.03138529015357,-1.8509070009675,0.313896614522673,0.122945522158636,-0.00112610729497863,2.08495721637661,1.57702256058797,-0.887234488101636,-0.780730231878859,4
22,1.11283119976183,1.40902207060761,-2.2414004638247,0.313896614522673,0,0,0.38328836239075,0.798092187258927,-0.957278819069313,-1.1598674428419,5
22,1.49627865436142,2.60291301485584,-2.84846710140646,1.29175349213004,0.127091245021554,-0.00323076273466537,0.993535847458451,0.992253669219016,-1.27815535000049,-1.46502552096752,6
22,1.73801726704376,3.01502021606426,-2.55198473992313,1.29175349213004,0.123124425952125,-0.00121693122475043,1.24157416224651,1.22011584488587,-1.21010871602427,-1.52687190838148,7
22,1.89222983030664,3.00660078901977,-2.28979279358566,1.29175349213004,0,0,1.60551649880669,1.12199459167463,-1.34588308377908,-1.50099359373251,8
22,2.15480797856505,-0.147840636851655,-0.863187733889823,1.29175349213004,0,0,0.04202038795792,0.358727022612756,-0.813145934405767,-0.763746205399884,9
22,2.40905031259303,0.468569883574282,0.727522893788203,1.29175349213004,0,0,-0.00742586636962692,0.498859676374222,-0.65960755474598,0.0997774257442564,10
22,2.67996427508187,3.30122432555098,-1.78266132356813,2.47706537986747,0.127117931312773,-0.00324431054039698,1.44833933592449,1.14421190915751,-0.917299682889262,-1.15812609181599,11
22,2.75081869604049,4.32603226343113,-1.40365744233665,2.47706537986747,0.125955242964837,-0.00265404958059437,1.68041460305224,1.28247080930759,-0.810111511970011,-0.950468749631546,12
22,3.01756475141411,3.80521749034848,-1.60436028991725,2.47706537986747,0,0,1.27490688609737,1.23754338951025,-1.13105091461395,-0.661154425868259,13
22,3.36350104197678,-0.350992163677767,0.731995703320878,3.35476783608946,0.130304100665289,-0.00486183030264029,-0.231867688024744,0.428189983932901,0.279287519683938,0.491365477585841,14
22,3.66775826138732,1.76212946664312,0.261746489949489,3.35476783608946,0.125311380112386,-0.0023271802987824,0.592223393302371,0.884214590576878,-0.272815700711841,0.0411911650755456,15
22,3.91366478118488,1.85173291209361,-1.31323857994662,3.35476783608946,0,0,0.815722897820741,0.964384297639463,-1.35968477150146,-0.430635809448761,16
22,4.13873176540637,-0.0832408528509629,0.960243387319942,3.35476783608946,0,0,-0.0286603610977913,0.461852242475361,0.745167281105133,0.335503925047904,17
22,4.46799642750819,3.10059550673299,-1.61824521102953,4.26395717707212,0.12709921860987,-0.00323481067915223,0.963938620327732,1.28552682357027,-1.11149514067624,-1.14874108719326,18
22,4.7305745757666,3.12519657200863,-1.28352768702492,4.26395717707212,0.122790432379282,-0.00104737300458957,1.3253194814299,1.30850191475833,-0.558398722869862,-0.33416994727508,19
22,4.94730574575767,0.321010053270135,0.153685992944357,4.26395717707212,0,0,-0.0027233700846046,0.573870518759249,-0.0505026355554119,0.17475676449608,20
22,5.22655552247693,-0.969162673713362,2.67727335860477,5.21981615758537,0.130336818675866,-0.00487844022597306,-0.50472776794946,0.105241544867855,1.09186092641027,1.6328460109125,21
22,5.28490622208991,-0.411364523669014,1.65151676343593,5.21981615758537,0.129379310624624,-0.00439234296495875,-0.268393525124965,0.234900040667182,0.549927519582764,1.00953881012794,22
22,5.5433164632331,2.73318930586079,-0.522078648440166,5.21981615758537,0.125138917826269,-0.00223962652332602,1.25860328590421,1.15758765256536,-0.375187035744524,-0.292456125130504,23
22,5.8975885680262,3.06592445634277,-1.20088566988161,5.21981615758537,0,0,1.32633290647862,1.03621175350053,-0.389131156734247,-0.707717400607208,24
22,6.11015183090205,0.74310196090822,-0.610453995716598,5.21981615758537,0,0,0.177618648457987,0.556137835497039,-0.288736789832717,-0.0867425150268349,25
22,6.2560285799345,-0.781853602617639,0.873810862248099,5.21981615758537,0,0,-0.352208959659867,0.369125982950374,0.76950570181605,0.403996215441021,26
22,6.66448347722536,4.09854103259819,-2.07249961771413,6.44746236567242,0.126886192260196,-0.00312666378162338,1.55111567664155,1.45286812339389,-0.954436854758807,-1.21382668202083,27
22,6.77701696933611,4.52783140176909,-2.57237605369421,6.44746236567242,0.125039569589944,-0.00218919049252556,1.63193553908113,1.59297709075137,-1.59176000045064,-1.43909919594227,28
22,7.16463233105091,1.42722172590349,-0.663572749023265,6.44746236567242,0,0,0.451016863446523,0.633616033207004,-0.620124881659147,-0.351332065961618,29
22,7.39386722238762,0.100904461206207,0.0775491683141928,7.38089328604894,0.130234512235733,-0.00482650240647563,0.529684811940073,0.459492888247474,-0.168343191531247,0.110315219619953,30
22,7.56058350699613,4.95112455587796,-2.86801458205726,7.38089328604894,0.127498774946446,-0.00343765308929231,2.503377268989,1.53616203142603,-1.37633515682305,-1.95522706255492,31
22,7.78565049121762,3.28463993336006,-3.44273487784337,7.38089328604894,0.123805529605943,-0.00156270651109626,1.15320271881053,1.13550736643459,-2.04375148044092,-2.26728819969812,32
22,8.09824352485859,1.74348839208481,-0.891227442075966,7.38089328604894,0,0,1.19517558986578,0.694664956501236,-0.612966774579414,-0.47168285676445,33
22,8.28996725215838,-0.37215424694927,-1.84347569508536,7.38089328604894,0,0,-0.103244859635601,0.365362334778993,-0.338411600691085,-1.35256608501982,34
22,8.56504912176243,2.35504494886723,-0.535550184433387,8.34136636428033,0.126776877724886,-0.00307116816869138,0.808648537199089,1.04225660842933,0.0711725768053861,-0.462055564886573,35
22,8.96100029770765,2.4657225855721,-0.898170663645102,8.34136636428033,0,0,0.677369148832633,1.14615663013155,-0.805715857924512,-0.386214218501618,36
22,9.02768681155106,2.9315257999938,-0.54931063706113,8.34136636428033,0,0,1.37069746710981,1.30603947810766,-0.247091639272441,-0.494074854022553,37
22,9.25692170288776,0.78830233253377,-0.892931273484738,8.34136636428033,0,0,0.161309691566012,0.569238584767988,-0.859982073723319,-0.737633204790286,38
22,9.7237272997916,3.73022211815551,-1.6556562042174,9.31009866668162,0.123659953567676,-0.00148880205318611,1.5307491002645,1.20828490687194,-1.26574868431048,-1.04035114175162,39
22,9.86960404882405,2.48372479846003,-1.27161670263408,9.31009866668162,0,0,0.634734122347571,1.09515434002591,-0.903337365371575,-1.04854162465553,40
22,10.2030366180411,-0.722972757353082,0.665918907278752,9.31009866668162,0,0,-0.0110258469447678,0.129472949993835,0.260326030682047,0.445870559007918,41
22,10.4155998809169,-0.0239838180743052,0.447706001971266,10.3858684119589,0.129959528859185,-0.00468690184021513,-0.0840148020266119,0.465114648481259,0.093770148178895,0.297141995087247,42
22,10.6031557011015,4.12959428054307,-0.399529417486627,10.3858684119589,0.126881824408818,-0.00312444635838674,1.77988866135607,1.50402326637123,-0.842020866656913,-0.0706881384120724,43
22,10.8157189639774,3.56413555969561,-0.00390900152804058,10.3858684119589,0.123393759364959,-0.00135366347897743,1.22660595743823,1.25414561174803,-0.166073036776144,-0.00950544910721232,44
22,11.0741292051206,-0.786220379022769,-0.0189600032890831,10.3858684119589,0,0,-0.0661514801922673,0.186598878018312,-0.788163184779906,-0.168505259049528,45
22,11.4242334027985,1.40537870483434,0.984741214901671,10.3858684119589,0,0,0.551739135759023,0.759426956616539,0.493356810494858,0.605661063860642,46
22,11.611789222983,-0.0815776964560813,-0.612356173429212,10.3858684119589,0,0,-0.522916035707527,0.254302857484097,-0.328322339500201,-0.228535015652474,47
22,11.786841321822,2.22554625063332,-0.57335670754066,10.3858684119589,0,0,0.548870079536233,1.0647386939592,-0.482326341052368,-0.562509472721829,48
22,12.0994343554629,2.5127995805878,-2.63140018340386,12.0533971753007,0.129691959663567,-0.00455106522458205,1.25620465092904,1.12400295857944,-1.76185919268156,-1.46337660905151,49
22,12.43286692468,2.57762080243117,-2.12985654753935,12.0533971753007,0.124220485085095,-0.00177336659021855,1.00851935816967,0.97936886683163,-1.61706809228313,-1.17961112445024,50
22,12.570407859482,4.52350392005504,-1.37729243251243,12.0533971753007,0,0,1.70159359175178,1.47911807068589,-0.525283259272187,-0.775550997596,51
22,12.9205120571599,2.5220243733947,-1.63895013796506,12.7251830952027,0.127242150423953,-0.0033073727461089,1.05962325581409,1.00488927014118,-1.22938167739011,-0.800614633342705,52
22,13.0122060136946,3.34493172322095,-1.24520824246898,12.7251830952027,0.125737494914807,-0.00254350562165703,1.34704219300663,1.17729160816804,-0.541290179120505,-0.454127298744801,53
22,13.3748139327181,2.17085754468109,-2.01573434054879,12.7251830952027,0,0,0.794598288656859,0.969513728454387,-0.948251368765338,-1.16345560697135,54
22,13.5665376600179,0.888720802881897,-0.145044389288928,12.7251830952027,0,0,0.639132046896962,0.562586973878433,-0.281069179959719,-0.0484243323257048,55
22,13.7707651086633,2.73714822980613,-2.27984237594194,13.7352852108888,0.129865199795263,-0.00463901388820524,1.37423924329842,1.27505165668543,-0.849042681577387,-1.3358854170925,56
23,0,-1.14199380936125,1.93406418317338,-Inf,0,0,-0.678931882175859,-0.341515457179722,0.515288489636365,0.919939972325497,0
23,0.133373027686812,-0.554058206054626,0.8767607842243,-Inf,0,0,-0.20132434247299,-0.238007406910387,0.662088042239503,0.0382165911492555,1
23,0.483477225364692,1.23756457177154,-1.35579092513059,0.405322549003176,0.129164926373492,-0.00428350670280626,0.87189987064116,0.293269139447606,-0.860580801185055,-1.04538535071717,2
23,0.621018160166716,2.89697020377184,-1.96308717292901,0.405322549003176,0.126907943109851,-0.0031377060161301,0.743493378395345,0.661483843866023,-1.16122414605171,-1.33784949352843,3
23,0.796070259005657,6.20703241332861,-3.21896365349992,0.684548725768064,0.252652810607405,-0.00568495447030497,2.71985436641586,1.38942648654183,-1.76017751630794,-2.20856823371635,4
23,1.12533492110747,4.61503543004142,-2.55455856196422,0.684548725768064,0.123214310504992,-0.00126256283578045,2.01590576285173,1.00691131190072,-1.50790944848616,-1.73128859399028,5
23,1.27537957725514,2.55579357436302,-1.96652274582457,0.684548725768064,0,0,0.845906342332558,0.609921024472056,-1.38370914534652,-1.03190815978682,6
23,1.60464423935695,-0.438846333892855,0.524213199287878,0.684548725768064,0,0,-0.0202380366727132,-0.305353728852422,0.0747546699747876,0.328947355068369,7
23,1.98392378684132,2.87773313965981,-1.02583188683732,1.79034335638504,0.127270843018893,-0.00332193909028249,1.23913160371516,0.816839912297999,-0.586087875752618,-0.696604103937487,8
23,2.13396844298898,3.50926413351144,-2.41501257008533,1.79034335638504,0.124808679458557,-0.00207197470481785,1.52913522108705,0.771660182800464,-1.69302499070563,-1.59545932126874,9
23,2.25900565644537,4.27192180196822,-1.84851060282495,1.79034335638504,0.122756876491611,-0.0010303377169309,1.64126973224528,1.03236560709403,-1.09521463490107,-0.747974794001758,10
23,2.70080381065793,0.983375239879795,-1.64375399338407,1.79034335638504,0,0,0.44579070544739,0.1270845934362,-0.783071249299748,-1.04086160288846,11
23,2.78416195296219,2.18901251395374,-1.3177357861333,1.79034335638504,0,0,1.28515865638265,0.532350513507126,-0.938276677672694,-1.15715865782703,12
23,3.05507591545103,5.86011514099486,-4.63399976525602,2.86531611175205,0.127333537740724,-0.00335376726396996,2.17580457246446,1.34942138655501,-2.31137465664806,-3.03235328622231,13
23,3.48853825543316,3.36374083555553,-2.97342568408798,2.86531611175205,0,0,1.49848685378027,0.622174117165118,-1.32177468004402,-1.92629381609991,14
23,3.70943733253945,0.586067217101731,-1.94723120833506,2.86531611175205,0,0,0.723243402192189,0.0824732729298608,-1.21343255411006,-1.06980869421999,15
23,3.97201548079786,1.77193790972941,-0.0736401699059273,2.86531611175205,0,0,0.405134622979103,0.250879120973355,-0.0384113120557924,-0.104228260713388,16
23,4.1804108365585,0.77943686688819,-0.526972273933233,4.1760200473874,0.130375357719548,-0.00489800530801238,0.143744952148894,0.299709473972378,-0.352634829993334,-0.736227620379415,17
23,4.28460851443882,2.78082766695122,-1.21238608520149,4.1760200473874,0.128665521913733,-0.00402997448477244,0.959790343164371,0.449175379200506,-0.983800410592678,-0.877347696415956,18
23,4.61804108365585,2.62693972527513,-1.65751128467231,4.1760200473874,0.123194047335237,-0.00125227585040806,1.18309480110922,0.60435555743756,-0.616126506224923,-0.990443190374262,19
23,4.9889848169098,2.58668626805812,-0.712804754861603,4.98646867344192,0.0793667987095631,-0.00266900273602957,1.11461264562304,0.536076286089745,-0.844389840371698,-0.685832500738118,20
23,5.14319738017267,4.55444669889005,-2.3064968254389,4.98646867344192,0.127875562797804,-0.00362893664276133,1.63682318969362,1.01842849910811,-1.05460322851141,-1.57908566557674,21
23,5.3807680857398,3.87001520241813,-2.95839565818591,4.98646867344192,0.123977137160607,-0.00164982636577633,1.17864447504449,0.908851087980228,-2.31433215959746,-1.83273940265876,22
23,5.69336111938077,1.45403104837726,-1.56691145391288,4.98646867344192,0,0,0.827359370869952,0.400237814312415,-0.180851353700825,-0.811599254908857,23
23,5.78505507591545,1.75886414667878,-1.72666846607946,4.98646867344192,0,0,0.759861373217615,0.286934243222947,-0.620587249371301,-1.02960631020071,24
23,6.0934802024412,2.41131542954715,-1.18722244782659,6.0164153132713,0.129182809278363,-0.00429258530121965,0.662094514575412,0.720823177003801,-1.1666983431766,-1.30408856059676,25
23,6.44358440011908,2.74404025699189,-2.40264648284486,6.0164153132713,0.123437760970913,-0.00137600173513572,1.10388086340317,0.717496625999939,-1.35452780384542,-1.42130120920664,26
23,6.68115510568622,0.470536439669836,0.00420995473638441,6.0164153132713,0,0,-0.0142868472465584,0.0428428335327634,0.354389628857015,-0.313237257514363,27
23,6.83536766894909,0.179445465712091,0.872466364830293,6.0164153132713,0,0,0.422489217547068,-0.048151274947294,0.38452656229906,0.455908591010696,28
23,7.08127418874665,0.897716852163107,0.607002931476694,6.0164153132713,0,0,0.543815564825277,0.244966398546166,-0.330853531987745,0.416015483260416,29
23,7.3563560583507,-0.114536935432379,-0.466481340211007,6.0164153132713,0,0,-0.154187447617408,-0.210998173672771,-0.51393651521319,-0.130112914122763,30
23,7.66478118487645,-0.244371258528479,-0.216332350635252,6.0164153132713,0,0,-0.13120954580997,-0.153927918535906,-0.125333975760179,-0.448094813039814,31
23,7.91902351890444,2.02318243211484,-0.634802366650209,7.68318386712255,0.126577388699975,-0.00296989375277676,0.922137574185409,0.495385411782557,0.0348633236855472,-0.553630558555115,32
23,8.15659422447157,4.97944201106722,-2.15782584787666,7.68318386712255,0.122678963062752,-0.00099078347579086,1.97747675296919,1.25837883275931,-0.837719715449423,-1.30788261048692,33
23,8.35248585888657,1.9733741870007,-2.75555588188183,7.68318386712255,0,0,1.16874970007891,0.13296586919287,-1.5832191591931,-1.88234273705353,34
23,8.58588865733849,3.52628935138395,-1.20301548445221,7.68318386712255,0,0,1.61634456475119,0.869597467757116,-0.893044388644147,-1.15744543242205,35
23,8.76094075617743,0.517371874583172,-1.32926160475665,7.68318386712255,0,0,0.582901354803486,0.093906018141001,-0.178071257779585,-0.853783524150451,36
23,9.21941053885085,3.27422841940998,-1.23203943837255,8.88537150885408,0.124965982223398,-0.00215183245959295,1.30288537276558,0.575930176213326,-0.70379939154155,-0.692651352301794,37
23,9.45281333730277,4.70359109281709,-2.48999270208804,9.24646357275331,0.127061304139619,-0.00321556267373944,1.90419675193578,1.08399832167385,-0.567137878510752,-1.2457516834291,38
23,9.51533194403096,5.37141731187609,-1.55752260934692,9.24646357275331,0.126035402656094,-0.00269474417979433,1.85895497574707,1.1889600448708,-1.14073044549511,-0.83738716256526,39
23,9.97380172670438,1.35958677723306,-0.954855661886759,9.24646357275331,0,0,0.684226015580583,0.260980298960754,-0.382494677359134,-0.700793548710852,40
23,10.1905328966954,0.527582322312995,-2.45843418235588,9.24646357275331,0,0,0.16761667141498,-0.0509491844781313,-1.06739899944534,-1.33549103814569,41
23,10.4197677880322,1.3831273562392,-1.45980362508248,9.24646357275331,0,0,0.0678405459856444,0.409499760491275,-1.40778920325357,-1.16978399550204,42
23,10.5114617445668,2.1796165971772,-1.55747351149954,10.4731075658982,0.129818034172298,-0.00461506935833159,1.22495636436629,0.408790295870752,-0.733989772457175,-1.02690523227833,43
23,10.7573682643644,4.44774047654113,-1.55647674118553,10.4731075658982,0.12578282167069,-0.0025665166154889,1.94162128787368,1.01423749268381,-0.703452269688664,-0.931991094318731,44
23,11.082465019351,2.27705847731853,-2.39374147598263,10.4731075658982,0,0,0.94551747099182,0.446880463734538,-1.6714931737692,-1.60885305267483,45
23,11.474248288181,-0.308652038681025,-0.420085750521458,10.4731075658982,0,0,-0.165613639440105,-0.15907557890333,-1.04377061115681,-0.128507474226275,46
23,11.6618041083656,-1.80349644140741,2.14312912140338,10.4731075658982,0,0,-0.669555103106175,-0.636895082324986,0.85851986215097,1.11680850662368,47
23,11.8035129502828,1.48330721015305,-0.204962268525445,11.7050427668065,0.128831558277517,-0.00411426601794447,0.51012963908294,0.291255496580674,-0.305253622649088,-0.274140400527986,48
23,12.0785948198869,4.52499451107029,-2.26278277223653,11.7050427668065,0.124317591750286,-0.00182266464459464,1.77208894776356,1.18060371683171,-1.3753537980343,-1.26807666785176,49
23,12.374516225067,1.6998739170116,-1.00857482875351,11.7050427668065,0,0,0.550332814633246,0.289348137705914,-0.648522044232865,-0.643190465837444,50
23,12.5537362310211,1.46180707632336,-0.467925620222263,11.7050427668065,0,0,0.388479159351645,0.264793618519168,-0.154229750765312,-0.0960856725571315,51
23,12.8913367073534,-0.307684895380271,0.955473874302951,11.7050427668065,0,0,0.151254344403335,-0.26333944832607,0.43035109461393,0.113817935211857,52
23,13.0497171777315,-0.329200961555146,1.00697410963688,11.7050427668065,0,0,-0.265832207102527,-0.348985520738076,0.432671362093,0.460428794809262,53
23,13.274784161953,-0.295596896325566,0.259385346992491,11.7050427668065,0,0,-0.0960604615225619,-0.268918232245237,-0.51871898200579,0.091326587534777,54
23,13.6957427805895,5.1906102358847,-1.33957639088496,13.5825878165197,0.252695940322613,-0.00570685009444837,2.35424860424459,1.09208125606345,-0.368155094613517,-0.711679955306297,55
23,13.9291455790414,2.9249961230249,-1.40469602839669,13.5825878165197,0.124760555600179,-0.00204754370843668,1.06583231749862,0.59732930756008,-0.85638146303629,-1.30570800901439,56
24,0,-0.444429176110628,0.902182991444095,-Inf,0,0,-0.282375327309161,0.0666485590463329,-0.631566450584701,0.749658141721646,0
24,0.0166716284608514,-0.451664929327218,1.44900221386894,-Inf,0,0,-0.392427383418208,0.0620605470987246,-0.935873279832756,0.986640196657941,1
24,0.46680559690384,3.31561541687596,-0.186579861479628,0.284341856301762,0.127453262768938,-0.00341454796259237,1.6016925470092,1.02240529835565,-0.65569463523787,0.0594826322017348,2
24,0.737719559392676,3.24608340151743,-2.8051279838316,0.284341856301762,0.123007689673888,-0.00115766782217071,1.19970730240403,0.855740238455625,-3.03887675648539,-1.37499462232745,3
24,0.850253051503424,3.40019997912849,-1.06216850537105,0.284341856301762,0,0,1.52226614348913,0.918213743434556,-1.3288422289959,-0.33041599312655,4
24,1.15451027091396,5.02727876386239,-2.73112449523864,0.904787240035903,0.126349568856312,-0.00285423665531179,2.00003905955524,1.58968186078663,-2.27208060611833,-1.72008869177178,5
24,1.38374516225067,5.793665607362,-4.16115140547383,0.904787240035903,0.122587930083585,-0.000944568844185534,2.35839287445747,1.47542091195369,-3.58487525870364,-2.28702750289032,6
24,1.60464423935695,3.96486039034548,-0.0735929528275205,0.904787240035903,0,0,1.8362170944684,1.10670357652742,-1.54880826801406,0.325147038108346,7
24,1.98392378684132,2.7898335437534,-1.41923959099883,1.93790997471302,0.129692343122244,-0.00455125989469576,1.18161129384007,0.806157050601041,-1.70948006046027,-0.507259665259787,8
24,2.20899077106282,2.97976748801568,-0.858499590412477,1.93790997471302,0.125999097781729,-0.0026763133164989,1.53781104827246,0.726355869147109,-0.917314930586914,-0.269968080419391,9
24,2.31318844894314,2.49642931960503,-1.41517335102983,1.93790997471302,0.124289261975953,-0.00180828249326043,1.3029157013729,0.631355861951061,-1.88441397421865,-0.714395303337866,10
24,2.53825543316463,2.49472459800642,-2.65819140906755,1.93790997471302,0,0,1.21667122345479,0.76867739703162,-2.7921663129081,-1.22742261739039,11
24,2.93420660910985,-1.64389582901122,1.61345724519791,1.93790997471302,0,0,-0.33173776303041,-0.30379882399623,-0.0434978844739603,1.13759628600778,12
24,3.15927359333135,-0.673085421684491,1.2612130648279,1.93790997471302,0,0,-0.113057125028329,-0.0272328933648844,-0.445749458254914,0.903032263542676,13
24,3.45936290562667,2.83244775644369,-0.227176773616197,3.26367922375838,0.127236329633878,-0.0033044177108061,1.34382833159079,0.828454043994206,-0.873489137345251,0.0163462822383427,14
24,3.58440011908306,3.0643184401813,-1.15100065014146,3.26367922375838,0.125184526666946,-0.00226278072291949,1.60184270270916,0.922777232415593,-1.4901183676862,-0.332901890909088,15
24,3.77612384638285,2.67998887694973,-1.53245752499238,3.26367922375838,0,0,1.51690462476748,0.903789325268522,-1.63725421196996,-0.607353248629806,16
24,4.00535873771956,0.930597557828749,0.213309030734724,3.26367922375838,0,0,0.716591413031812,0.226279977579669,-0.587055104096057,0.0338744963250927,17
24,4.31795177136052,2.60258327765792,1.57801271293893,4.20832117767288,0.128648421096585,-0.0040212929281354,1.21601472556725,0.671806785908204,-0.700614608748148,1.1756146679379,18
24,4.56385829115808,3.93453464654454,-1.45485482240234,4.20832117767288,0.12461320859495,-0.00197274018529231,1.55551910887635,1.11606600552135,-1.90862773615885,-0.782428164701788,19
24,4.89729086037511,1.48421376202897,-1.07793992164272,4.20832117767288,0,0,0.838814189412114,0.296698724934947,-1.04676565610226,-0.405005863039167,20
24,5.08067877344448,0.66200996363797,0.212987845103881,4.20832117767288,0,0,0.0584978200704796,0.363187703814279,-0.599186422781894,0.364662030809579,21
24,5.43911878535278,0.750603913747998,0.0752010121546981,4.20832117767288,0,0,0.419276173260976,0.393302949859684,-1.12299394882452,0.347611539567653,22
24,5.62667460553736,-0.191683863392177,-0.899158415741944,4.20832117767288,0,0,-0.0257386823811782,0.013571349117016,-1.56905580719722,-0.123590619545995,23
24,5.83923786841322,2.91223547564132,-0.618901507432546,5.78892620018719,0.129621817287183,-0.00451545610671779,1.25402002683598,0.879856366911474,-1.15043344061044,-0.201612563834843,24
24,6.07680857398035,3.04157010868976,-0.179193060931411,5.78892620018719,0.125723391649985,-0.00253634582973236,1.57916590888353,0.876714171862438,-0.86875315315027,-0.0417262674276164,25
24,6.43524858588866,5.04876374362434,-2.9948022806433,6.08164559045198,0.124644946579487,-0.00198885257969464,2.41074817030353,1.24420004855823,-2.12609150275418,-1.98921044470143,26
24,6.74367371241441,1.78600209780423,-1.89309995271685,6.08164559045198,0,0,1.05594749218807,0.502445585037102,-1.69468789341556,-0.826099862294358,27
24,6.84370348317952,0.800130469934003,-0.440652057507102,6.08164559045198,0,0,0.766010925340737,0.317351860696549,-1.52619080863527,-0.0126257656430944,28
24,7.06043465317059,0.583594996514797,-0.182973945096815,6.08164559045198,0,0,0.511716056918476,0.36829122686315,-1.39494648190228,0.280260780258852,29
24,7.44388210777017,1.36660888580709,-0.525226055570022,7.17846402377965,0.126092020278162,-0.00272348719763535,0.797503619653156,0.529500453839926,-1.19879228920821,-0.397068877276852,30
24,7.63977374218517,3.90664983718224,-1.1859443659882,7.17846402377965,0.122877528963279,-0.00109158924994579,1.68053324719567,1.21319969373163,-2.62105721247244,-0.178745176984736,31
24,7.82316165525454,1.91284187966045,0.293962184865827,7.17846402377965,0,0,1.06760545715355,0.450152270610694,-1.32216199380515,0.223187599761243,32
24,8.01488538255433,1.7095650447908,-0.790589674564174,7.17846402377965,0,0,0.80170577941836,0.563323657506972,-1.06739955250261,-0.0909732488017509,33
24,8.38582911580828,2.47060871034898,-0.0403741791373693,8.28228063127921,0.128748225700926,-0.00407196064288094,1.36193962239137,0.863744452231131,-0.923151711879249,0.113107413525232,34
24,8.56504912176243,3.18464906893133,-2.95885307193294,8.28228063127921,0.12580730811497,-0.00257894762690959,1.18116268693807,0.906400722483769,-2.51914134460272,-1.59476274955923,35
24,8.91515331944031,0.545939446844126,0.136979636379915,8.28228063127921,0,0,0.652487858012021,0.316164686260202,-1.22069833881949,0.299772727822932,36
24,9.13188448943138,1.11796242990123,-0.644218388560772,8.28228063127921,0,0,0.469108266578975,0.354335391979277,-1.18668485546445,-0.376080011732138,37
24,9.32777612384638,-0.17461156710323,-0.246112181636244,8.28228063127921,0,0,0.273631922828366,0.0525465105075534,-1.20046122652237,0.0971488245353843,38
24,9.66120869306341,1.95332915995534,-0.121722925619458,8.28228063127921,0,0,1.05986308218674,0.600771917594066,-1.01848248511136,0.216522701395685,39
24,9.80291753498065,0.390312942651173,0.605983080181467,8.28228063127921,0,0,0.112518577470974,0.442805323249681,-0.211980136692362,0.527188048790979,40
24,10.0363203334326,0.735339479589363,-1.86134336012753,8.28228063127921,0,0,0.50716282849013,0.364386242674634,-1.97974395951016,-0.874016924288644,41
24,10.3947603453409,2.37381897800304,-1.40564937861538,10.0974286787516,0.125568333116115,-0.00245762740172378,0.850693990765112,0.630487370363492,-2.22284924425374,-0.867923134224715,42
24,10.7365287287883,4.03186620465331,-1.85479496795216,10.5872401196563,0.12799765136575,-0.00369091723748399,1.97368411109119,1.05375051675986,-2.01918527292127,-0.684710291267357,43
24,10.8490622208991,2.7327811097016,-2.66849544918038,10.5872401196563,0.126151028695446,-0.00275344394838399,1.47482371943104,0.711518090440848,-2.58146895987778,-2.09606125050107,44
24,11.0866329264662,4.39139338035829,-1.13934274877114,10.5872401196563,0.122252603058249,-0.00077433367139898,2.10981543528149,1.25651229001911,-1.37705430393192,-0.48317500422649,45
24,11.336707353379,-0.00536281185210771,1.64732432594055,10.5872401196563,0,0,0.489092746551624,0.207682457668959,-0.723100770927417,0.772630353726162,46
24,11.5367668949092,1.68491271327616,0.295208530522297,10.5872401196563,0,0,0.93863162609419,0.507787563051365,-0.861949069370253,0.219725014687625,47
24,11.9994045846978,2.17652431542688,-0.168451494738361,11.5650136172342,0.123319253242998,-0.00131583902226326,0.739154216485472,0.646482752701964,-1.64130397122791,-0.476014422691637,48
24,12.0160762131587,2.18671054879433,0.170182776770783,11.5650136172342,0.123045679514022,-0.00117695409054441,1.51305266765798,0.580512771930285,-1.22981487953884,0.26038590144312,49
24,12.3245013396844,0.152833978306032,-0.172991084364561,11.5650136172342,0,0,-0.0847941485726933,0.080436204926169,-0.924173740306163,0.414066024107362,50
24,12.5537362310211,-0.125353158908383,-0.44224280521127,11.5650136172342,0,0,0.19596615678472,0.196764572614127,-1.25721455744329,0.00798576343849927,51
24,12.8163143792795,2.00624371925048,-1.50227956735904,11.5650136172342,0,0,0.946809337806246,0.874155898324412,-1.48238149692781,-0.909876781844194,52
24,13.0622208990771,-0.511963311448791,-2.11795680348292,11.5650136172342,0,0,0.184159980554189,-0.193151864447919,-1.96769257877674,-1.13627358267856,53
24,13.2789520690682,2.9810288727451,-0.232221734873529,13.0777870843903,0.127146383984436,-0.00325875508293354,1.22361397187083,1.04505991655803,-0.871471798557269,-0.122643980058225,54
24,13.5248585888657,3.02809457574734,-1.72152008273882,13.0777870843903,0.123111171482825,-0.00121020234009062,1.28985861096603,0.86527486449261,-1.77696854754014,-1.05592420597383,55
24,13.7624292944329,4.78638663455791,-3.36574123396049,13.5530067410087,0.127010881092307,-0.00318996445014351,2.21870993936806,1.23358279764459,-2.45558950651533,-1.76949588336431,56
25,0,0.404549448955363,0.0295521941425533,-Inf,0,0,0.398079861534655,0.163364007664678,0.304263034069703,0.393498784729942,0
25,0.191723727299792,1.94405367911811,0.0829533912077172,-Inf,0,0,0.987191753364761,0.536436256844133,0.612555124151707,0.00873787695905592,1
25,0.266746055373623,3.95213863087114,-1.98467002174915,0.203595908044372,0.129411143770177,-0.00440850366965934,1.70754135186835,1.07991352006549,-1.188133503341,-0.67727732650537,2
25,0.629353974397142,4.86667493555392,-3.17174224814705,0.203595908044372,0.123460915166033,-0.00138775640478711,1.99026110499169,1.14388030991733,-1.60564645514468,-1.40053444819793,3
25,0.879428401309914,5.39346852881798,-3.43761163487616,0.655436977742311,0.126771812656897,-0.00306859679011869,2.001258965864,1.3652216725197,-1.43787413785362,-1.82078757391962,4
25,1.19202143495088,4.20757976952516,-2.43944772799126,0.655436977742311,0,0,1.93177885112788,1.1971094669883,-0.629561503958193,-1.00360624559272,5
25,1.2628758559095,3.54562162522286,-2.34535592730059,0.655436977742311,0,0,1.41254039969584,1.10091744579446,-0.664494318361151,-1.67210575949405,6
25,1.52128609705269,0.698943981276359,-0.855597706109006,0.655436977742311,0,0,0.406014853795501,0.160665242148103,0.146985301859505,-0.181057251191072,7
25,1.79220005954153,-1.82742889562471,-0.443803509540087,0.655436977742311,0,0,-0.466490155240959,-0.487106742936941,0.0713455258793643,0.0966968731769793,8
25,2.13396844298898,-0.0126868454833964,-1.12179343729519,0.655436977742311,0,0,-0.22906166914263,0.0680922733190909,0.0534389000521169,-0.0861352872072594,9
25,2.26317356356058,-0.0123696718098798,1.45975837364877,0.655436977742311,0,0,0.0367877336661683,0.163151130492089,1.08760936191158,1.40978111174956,10
25,2.57159869008634,3.04060011028262,-1.69844237759581,2.35404235599204,0.126877409505302,-0.00312220504825589,1.08404615509732,0.737493084633504,-0.128536054211035,-0.733695829175454,11
25,2.80500148853826,4.02629953893372,-3.05301913433626,2.35404235599204,0.123047377300336,-0.00117781600420062,1.59708921181185,1.12974808430773,-1.16827754588676,-1.27357186464482,12
25,3.18011312890741,0.286331221709897,0.201908254088003,2.35404235599204,0,0,0.0675810170803317,-0.0411054725625427,0.282770289348239,0.416487632486437,13
25,3.42601964870497,0.413274824630975,0.895114884684016,2.35404235599204,0,0,-0.0907579409011825,0.0616864685296039,0.831174716931051,0.953371337441588,14
25,3.52604941947008,-1.73759468951837,-0.0534080639885918,2.35404235599204,0,0,-0.930016845301321,-0.291590854950702,-0.273308878804083,0.340539189905096,15
25,3.96784757368264,4.46258131654613,-1.61926102313154,3.64670207979552,0.125177559200492,-0.00225924355542036,1.39843578548005,1.15000839978254,-0.551275716758916,-0.52211806927276,16
25,4.05954153021733,5.43252907488799,-3.90841931850161,3.64670207979552,0.123672903691373,-0.00149537643096936,1.84449753986982,1.38431927619287,-2.28992030795516,-1.91808319011647,17
25,4.44715689193212,1.26524651113044,-1.50081490890386,3.64670207979552,0,0,0.208976965260153,0.404010485122326,-0.343835086216314,-0.793948673800667,18
25,4.64721643346234,-0.782861719860472,-0.556322161499949,3.64670207979552,0,0,-0.728931745216537,-0.277903422238426,-0.255747076843013,-0.14451860663285,19
25,4.88478713902947,3.20894953950022,-0.150577653412234,4.75249016079335,0.128276476186924,-0.00383246798654717,0.927071272037096,0.780277545918665,0.0978691281078767,0.115510251336599,20
25,5.0223280738315,2.11007970038255,-0.832699349112538,4.75249016079335,0.126019492923258,-0.00268666729987124,0.963843225905959,0.620145061199273,-0.414335550039659,-0.150324561503167,21
25,5.43078297112236,1.40875335915728,-2.12283097693722,5.3929527786238,0.12982663254355,-0.00461943448580794,0.809380821471062,0.410103982849987,-0.731121564997083,-1.14312635767958,22
25,5.58499553438523,2.54623650541118,-1.48477502909587,5.3929527786238,0.127296075550984,-0.00333474886741381,1.00015294022695,0.525662985376988,-0.734073397476294,-0.769465571587353,23
25,5.8642453111045,4.36710346771466,-2.15385163603774,5.3929527786238,0.12271371559147,-0.00100842626113246,1.61509748157375,1.1103975531065,-1.46740653322276,-1.16840214441781,24
25,6.15183090205418,-0.646788939751569,0.00209961280524726,5.3929527786238,0,0,0.193925778765143,-0.205197074014204,0.75059800505,0.114084007279154,25
25,6.26019648704972,-1.11788759540027,-0.153317356442693,6.18874539552579,0.129274929106912,-0.0043393516926715,-0.552812099483433,-0.241740742353364,0.173597215366031,0.388417373735111,26
25,6.55194998511462,2.37416070479113,-0.59343743224054,6.18874539552579,0.124487388850703,-0.00190886538760188,0.497531880728164,0.56989521534581,0.125554355201572,0.163980367439192,27
25,6.96457278952069,1.00303997791626,-1.33846370311804,6.18874539552579,0,0,0.0327149348926969,0.251122484496244,-0.310736061353013,-0.640743173374753,28
25,7.21047930931825,0.645285356500447,1.02247580391451,7.17985217402367,0.129944831387988,-0.00467944038806743,0.217141276723767,0.134237684903289,1.09561004651353,1.37022988974165,29
25,7.31050908008336,1.52980342351692,0.84567193884213,7.17985217402367,0.128303389014431,-0.00384613079775813,0.58557171074749,0.244237722722005,0.117874886911828,0.90289407776351,30
25,7.53557606430485,4.56841068842484,-2.18911571327958,7.17985217402367,0.124610143673927,-0.00197118421956162,2.22010648480058,1.21161585424704,-0.345566350781222,-1.24910892245436,31
25,7.82732956236975,0.816862809758129,-1.22092144206374,7.17985217402367,0,0,0.269253772513646,0.170455979488837,-0.405105550726743,-0.198836334908526,32
25,8.16909794581721,0.229969341956905,0.461647545405631,7.17985217402367,0,0,-0.0420602521720452,0.0717247796406538,-0.0884975395399258,0.432208519291717,33
25,8.27329562369753,0.894485187075173,0.12381600429797,8.24919612203689,0.130051946843382,-0.00473381959605469,0.364208159241464,0.255864551228802,0.592414250019737,0.289276999172497,34
25,8.54004167907115,3.590367408091,-1.85251443692191,8.24919612203689,0.125674767180511,-0.00251166068856057,1.3317129680748,1.04443281210464,-0.850465115770885,-0.952268497350812,35
25,8.78594819886871,1.70219012563295,-0.485624881804689,8.24919612203689,0,0,0.866146903950386,0.414438688167417,0.0328477485570877,0.0337270553001257,36
25,9.23191426019649,0.349918163036797,-0.904911778920476,8.24919612203689,0,0,0.0738610493881802,0.0732590397094931,-0.441480227531708,-0.111208306190712,37
25,9.25275379577255,0.0866166840599255,-1.25139808263626,8.24919612203689,0,0,-0.176503900083614,-0.0515093801824617,-0.622462901064116,-0.862613782977316,38
25,9.54033938672224,-1.18030598591757,0.131824415139143,8.24919612203689,0,0,-0.407619569389259,-0.281587837663285,0.639539838253182,0.711903565762729,39
25,9.94462637689789,3.52735319220731,-0.943477693529065,9.65489294981369,0.125693016719733,-0.00252092541591106,1.87216170431923,1.01071702556721,-0.666838726845977,-0.224721123685464,40
25,10.0613277761238,3.00758320940192,-0.765987811466205,9.65489294981369,0.12377800061725,-0.00154873089388308,0.909973581705122,0.791379195683735,-0.275618682957627,-0.130708975667377,41
25,10.3322417386127,-0.414586693880189,-0.832911448206927,9.65489294981369,0,0,-0.0479116231984942,-0.13689586758435,0.0993423848303977,-0.0714454444144075,42
25,10.7323608216731,-0.618969202364346,0.57269478372,9.65489294981369,0,0,-0.36204103788411,-0.0286428552410054,0.269848733687372,0.784110398496027,43
25,10.7740398928252,-1.04097240148917,0.897061294184701,9.65489294981369,0,0,-0.305624180601258,-0.158245576773413,0.442672863969053,0.816804432454111,44
25,11.0908008335814,2.13668047864119,-0.341405480623468,10.965005485812,0.128383164942345,-0.00388663057213755,1.00851964226479,0.647750402179908,0.34292486559536,0.0624769584546646,45
25,11.4659124739506,4.83798686732114,-1.8583698718735,10.965005485812,0.0951922072222901,-0.000810367756515495,1.86773522720959,1.16004483977114,-0.836537306614189,-0.933591914832368,46
25,11.6618041083656,3.78018724415065,-2.85602594908776,11.4777186712519,0.127426651477588,-0.00340103823198458,1.59666309608709,1.01605589683619,-1.31616440095553,-1.12103897156369,47
25,11.7743376004763,4.92354648186667,-2.55190770576392,11.4777186712519,0.125580028807337,-0.00246356494288653,1.7885172548767,1.27972118935406,-1.51005848417363,-0.813186995765697,48
25,12.1702887764216,-0.287131056488731,-0.788569707258344,11.4777186712519,0,0,-0.682835498686071,-0.0284124775225373,-0.136614659468795,0.0269762194152817,49
25,12.4787139029473,-0.952442698109195,0.14680249216719,11.4777186712519,0,0,-0.344007781942495,-0.120066235788546,0.78166489345812,0.672391368898942,50
25,12.5037213456386,-0.767316250204466,-0.734515680696482,11.4777186712519,0,0,-0.456437640136499,0.0465213322657745,-0.580690903576022,-0.22702081280358,51
25,12.9413515927359,2.75211857704628,-2.28648418014763,12.537615977602,0.12382229342699,-0.00157121698519705,0.562634513891829,0.708270054492647,-1.05508796211522,-0.810788152778068,52
25,13.0747246204227,2.66215171257087,-1.86542137607262,12.537615977602,0,0,0.945701669227792,0.624986696217757,-0.297967951049719,-0.680543892878488,53
25,13.3414706757964,1.21390577298163,-0.677860191320355,12.537615977602,0,0,0.41127407952371,0.326401111789651,0.0946913975435671,-0.521412811441356,54
25,13.5623697529027,0.85250192060624,-0.958742472784664,12.537615977602,0,0,0.552413417976471,0.29296968866041,-0.0678853253878328,-0.205251012859422,55
25,13.7916046442394,1.2884087888142,-0.303684282209653,12.537615977602,0,0,0.652048407279377,0.436214426116287,0.214984226779888,0.208910216644033,56
26,0,-0.525250847470898,-0.0166850991230295,-Inf,0,0,-0.047664955802883,0.00931256998865712,-1.42706601645363,0.452424402059824,0
26,0.00833581423042572,-1.04761615010754,0.272221204328303,-Inf,0,0,-0.718090089961525,-0.24855127673871,-0.533386586328729,0.627703895877343,1
26,0.300089312295326,-0.853436166631208,0.142211653611455,-Inf,0,0,-0.477015045570886,-0.318357192788385,-1.21495090870001,0.561686517542615,2
26,0.716880023816612,4.16705288350662,-2.32243064943207,0.323604341363534,0.123993936094896,-0.00165835466581171,1.54882103593219,1.04604880850232,-2.04750442235509,-0.713518255653514,3
26,0.891932122655552,1.80126261334869,-1.28293618768542,0.323604341363534,0,0,0.422878377826284,0.532680084282807,-1.10095085233303,-0.422029468643168,4
26,1.07532003572492,0.254028571045112,-2.25628566977541,0.323604341363534,0,0,-0.293697547810721,0.082279662471835,-2.33979492229511,-1.05397501336791,5
26,1.31289074129205,2.23104078024939,-1.54441744716922,1.10146474919568,0.12697800558827,-0.00317327457225509,0.757047515616814,0.59838569656982,-1.70018590840464,-0.222546373472649,6
26,1.65882703185472,2.96476677606942,-0.765010386375276,1.10146474919568,0,0,0.852821671599001,0.496344888287923,-1.26659402608281,-0.0401844478972604,7
26,1.8463828520393,0.0740362277046351,-0.997383571519649,1.10146474919568,0,0,0.128999353242373,0.0645032614320475,-1.49974138506841,0.0201728189874627,8
26,2.06311402203037,0.107863723494466,-0.719157384741915,1.10146474919568,0,0,-0.485401516599119,0.183855371742648,-1.48149545749252,-0.0316096222350817,9
26,2.30485263471271,0.611611012407267,0.00891795648731164,1.10146474919568,0,0,-0.211351377689346,0.0655553727466721,-1.00648679262261,0.548008684087755,10
26,2.64245311104495,3.82809754136559,-1.40907748407711,2.41330605670452,0.126687211135278,-0.00302564721086518,1.35537394494744,0.896282573160103,-1.23979709454022,-0.684159147372972,11
26,2.87168800238166,4.41455393936166,-1.25191941133592,2.41330605670452,0.122925572362557,-0.00111597939973954,1.42200966152009,1.18496486803648,-0.932521452244781,-0.249239380191197,12
26,3.02590056564454,1.86211271495548,-2.33081842827652,2.41330605670452,0,0,0.691970654018693,0.468978099521025,-2.10366242062258,-0.87510548491566,13
26,3.31348615659422,-0.52238644656407,-0.299040911202161,2.41330605670452,0,0,-0.499236529916753,-0.0907886666451417,-1.09046129530679,0.134444995853752,14
26,3.63441500446561,2.84383271435957,-0.625729395043204,3.4879902648453,0.128044646142694,-0.00371477503412888,0.612750265162097,0.664555799128126,-0.556741748016978,0.127367780572182,15
26,3.81780291753498,3.75684415811117,-3.10215991355692,3.4879902648453,0.125035335124519,-0.00218704078522838,1.3160420341149,0.860131445470317,-2.3045801795351,-1.29821794872034,16
26,4.10122060136946,4.24030239738408,-1.65321597125455,3.952075726718,0.128000009982215,-0.00369211463421965,1.35070118182285,0.96576250355116,-1.31363021760724,-0.929062314392743,17
26,4.3429592140518,4.98367400707229,-2.57948417933974,3.952075726718,0.124033190912785,-0.00167828312430467,1.8503743250218,1.36126515268585,-1.8133020827737,-1.03868213358709,18
26,4.51801131289074,4.05012644597162,-3.31269630072766,3.952075726718,0,0,1.24829216493799,0.925063949412467,-2.06258426736064,-1.3968884351397,19
26,4.80142899672522,1.51731702815197,-2.85359592779833,3.952075726718,0,0,0.676144755790618,0.368669823151678,-2.17752788458108,-1.14764721919719,20
26,5.06817505209884,2.23058614254653,-2.14206591741942,3.952075726718,0,0,0.525157555007101,0.603770808392951,-1.35345545396185,-0.506212191765106,21
26,5.3140815718964,0.905206871320626,-2.41561823879171,3.952075726718,0,0,0.352555587104874,0.177548741442598,-2.39199938874169,-0.560641892021972,22
26,5.51830902054183,0.302990689351512,-1.09377125436868,3.952075726718,0,0,-0.20829734777547,0.117301455733594,-1.62841586346561,-0.690660771572143,23
26,5.84340577552843,4.33898703202747,-2.48501907061618,5.5215108100701,0.125165260717897,-0.00225299999569603,1.70226017866323,1.24821170280642,-1.76960582187407,-1.12713764099911,24
26,6.2226853230128,1.93866828919418,-1.17089008037099,5.5215108100701,0,0,0.66362266069935,0.549954170581324,-1.65241722369009,-0.101998024657246,25
26,6.45608812146472,1.45194164791572,-0.516548679577709,5.5215108100701,0,0,0.606267952529367,0.290000979625572,-1.23553342329486,0.291030156304649,26
26,6.72700208395356,-1.55878942269406,0.187698122945807,5.5215108100701,0,0,-0.674856053201277,-0.296753112953457,-0.233174295257469,0.903010926699833,27
26,6.86037511164037,-0.667464729192298,0.17907424698093,6.85758902909091,0.0877618040669862,-0.0030081492753512,-0.305929981390225,-0.114953378944782,-0.664349967339058,0.871991406732084,28
26,7.18547186662697,2.65112601442224,-1.3226013713427,6.85758902909091,0.125067002500562,-0.00220311733386716,0.751037879138503,0.711177683103848,-1.86533355748373,-0.269581856097037,29
26,7.31050908008336,2.98974022000988,-2.10096483192785,6.85758902909091,0.123015199533616,-0.00116148034598018,1.25864057155675,0.709564596544333,-1.84370137135869,-0.813800608776288,30
26,7.51473652872879,3.41454803283943,-0.732494186398028,7.4149086714364,0.128809279476801,-0.00410295575898119,1.20243574097905,0.975066211865767,-1.03487438131272,-0.120616874067702,31
26,7.88568026198273,4.64268364081935,-2.41243564695509,7.4149086714364,0.122722264008194,-0.00101276602825019,1.83040130207614,1.3192545823741,-1.68167006792981,-1.13379249940538,32
26,8.04406073236082,2.25484697930956,-2.17911163134451,7.4149086714364,0,0,0.507951908609436,0.603388488140588,-1.73874679640262,-0.776811925203194,33
26,8.42750818696041,0.279942106167871,0.209968097841482,7.4149086714364,0,0,-0.404037233841024,0.0150243712669977,-0.265115209748054,0.40745241897592,34
26,8.63173563560584,0.605302918354467,0.175780928698271,7.4149086714364,0,0,-0.188854562445995,0.373869253755698,-0.585655886973995,0.338096874454767,35
26,8.99851146174457,2.45445532412501,-1.8353825069811,8.74075194211641,0.126217693784821,-0.00278728775503238,0.743563164906026,0.717893242061565,-1.86115967923377,-0.812394183589032,36
26,9.24025007442691,4.99213160681597,-1.71122444076101,8.74075194211641,0.122250874715442,-0.000773456245118709,2.12203553138334,1.16451896688497,-1.79815034976947,-0.585438874490827,37
26,9.29443286692468,3.52897534067174,-1.94615908678107,8.74075194211641,0,0,1.23944271164352,1.00382341489332,-1.41555288277794,-0.663661927735631,38
26,9.57785055075916,1.66394334829933,-2.57542670426438,9.54132316269231,0.129848010963044,-0.00463028764901183,0.46492951397106,0.406575065815515,-1.76404303806411,-1.21654234956817,39
26,9.89877939863054,2.45795021632818,-1.91063722087268,9.54132316269231,0.124581716681164,-0.00195675271343328,0.394403768433446,0.591286972734147,-1.75315146675116,-0.984467150584522,40
26,10.1780291753498,0.760685383371606,-0.617915868114317,9.54132316269231,0,0,0.325657965456722,0.347680299386143,-0.633804717425915,0.125222012627262,41
26,10.2530515034236,0.487331054763409,-1.07246598557537,9.54132316269231,0,0,0.076343975189327,0.0673970878826748,-1.5787542607341,0.0531697415275433,42
26,10.5114617445668,0.820292955287405,-0.996815795899928,9.54132316269231,0,0,0.69369813279139,0.16955381622773,-1.06453392752817,-0.138328899500396,43
26,10.7657040785948,2.11430635014809,-0.972914184974833,10.5378965224659,0.126709191682776,-0.00303680605585181,0.655278837039736,0.504590067038222,-1.11983104061021,-0.189831888824771,44
26,11.0699612980054,4.22399397933995,-4.16898270918539,10.5378965224659,0,0,1.08327848387423,1.00994988957944,-2.83186066807514,-1.45586933308907,45
26,11.4784161952962,0.650923689630678,-1.1547374889643,10.5378965224659,0,0,-0.0980197536513099,0.146832903246652,-1.35947654739583,-0.365347261193396,46
26,11.532598987794,0.534460312134348,-0.447621550633653,10.5378965224659,0,0,0.152427816776848,0.272565335926989,-1.15555924416748,0.0973091972592936,47
26,11.7660017862459,-0.420977857959156,0.0763394250751259,10.5378965224659,0,0,-0.0689187297802192,-0.0731476276872912,-0.84804665228252,0.459824095110648,48
26,12.2286394760345,1.969301688812,0.229187292307742,12.0426406678547,0.127395253941432,-0.00338509867272099,0.178097309808792,0.438101050710113,-0.699436736591241,0.944649409631507,49
26,12.4412027389104,3.96667703639402,-0.687604973121425,12.0426406678547,0.123907188897673,-0.00161431579331453,1.55179689293375,0.895175186506183,-1.38290433135484,0.225920984415997,50
26,12.5495683239059,4.48716075324229,-0.0905950722078904,12.0426406678547,0,0,1.4559980051749,1.26646696032551,-0.732731944287234,0.327131883262088,51
26,12.9496874069664,0.415542029793967,0.135095974384996,12.0426406678547,0,0,-0.0243562133150903,0.149787783553087,-0.999648891577558,0.363560679207186,52
26,13.2122655552248,0.384310820418044,-1.69444636057,12.0426406678547,0,0,0.490003615348573,0.0914309494380693,-1.41756119500465,-0.586274665984658,53
26,13.3081274188747,3.11355390919282,-1.97535972679102,13.2163415992418,0.128941245603289,-0.0041699508850913,1.04939858274079,0.59625476018005,-1.62634517556885,-0.611757644674705,54
26,13.6957427805895,4.26865426503697,-2.32177918187006,13.5685680498718,0.250941186310569,-0.00481601568537769,1.54896010988995,1.07136734300781,-1.95457384277091,-0.832753573411059,55
26,13.7707651086633,3.72335757253514,-1.79089220389813,13.5685680498718,0.127129448124542,-0.00325015727000023,1.26174465888718,1.02458572367475,-1.82756166100601,-0.872323081625112,56
27,0,-0.0784145337583609,-0.846165124911061,-Inf,0,0,0.225225113522864,0.752667696286454,-0.740252140631958,-0.402100783226668,0
27,0.0666865138434058,-0.267764024121451,-0.5400972644054,-Inf,0,0,0.338961992473401,0.858286289791213,-0.336580974176033,0.223330373976346,1
27,0.450133968442989,3.45423846307867,-2.58057876440835,0.0706811314914376,0.1242207626102,-0.00177350748115547,1.60954952418733,1.67795490776779,-1.71106630095353,-0.92889928933319,2
27,0.675200952664484,1.88812723125079,-1.32876909687445,0.0706811314914376,0,0,0.912585450266912,1.54059234263953,-0.897236585911792,-0.188801711555355,3
27,0.875260494194701,0.141251425191091,-1.20681993026179,0.0706811314914376,0,0,0.385601818508905,0.814646294779555,-1.33043967109659,-0.347600010966382,4
27,1.22536469187258,6.13421767347738,-3.09796548792083,0.876148450326246,0.124716931186317,-0.00202539694103057,2.62117571888552,2.57537714670152,-1.73097713000395,-1.45542387139855,5
27,1.47127121167014,2.74286548649632,-1.82739975088719,0.876148450326246,0,0,1.67235349114138,1.54043374151402,-1.41434065224745,-0.984118079347322,6
27,1.64632331050908,-0.206562976753051,-1.41886377897513,0.876148450326246,0,0,0.165564941752529,0.823062591056317,-0.985056022755306,-0.173345236427269,7
27,1.96725215838047,0.81592047175112,-0.327017489488043,1.92004627764332,0.129672781826525,-0.00454132922909067,0.481979612057508,1.01497350612339,-0.793254927144396,0.254986607163466,8
27,2.06311402203037,0.955333261659562,0.789322039320719,1.92004627764332,0.128099732885186,-0.00374274087171007,0.68966446344507,1.16090826866876,0.468201335242134,0.77697760643213,9
27,2.45072938374516,3.71326604513571,-1.52609501805256,1.92004627764332,0,0,1.86460689499912,1.73211582472846,-0.883520513183299,-0.324596999037748,10
27,2.66329264662102,2.49855657755644,-1.13924104159328,1.92004627764332,0,0,1.31393743490729,1.67275264440871,-0.924830807233947,0.0404201672179163,11
27,2.89252753795773,0.316579991873064,-2.81863582216033,1.92004627764332,0,0,0.557552448191934,0.888306074499287,-1.65323536898159,-1.34970437570333,12
27,3.08425126525752,2.70366053052717,-1.3725519757845,2.96981998064484,0.128569643974097,-0.00398130021639331,1.21996724651743,1.671247786148,-1.33632515820212,-0.416396289437573,13
27,3.25930336409646,3.3575004352182,-2.06286363680278,2.96981998064484,0.125697119820371,-0.00252300843335146,1.5276133685085,1.76005337598019,-0.906712439617562,-0.849034467584205,14
27,3.73444477523072,1.7340908337439,-1.32023707534225,2.96981998064484,0,0,1.25618242321023,1.45549910771474,-1.13644230501442,-0.845417073375769,15
27,3.955343852337,-1.76348260901495,0.529683335376421,2.96981998064484,0,0,-0.311908808880368,0.294721807379744,0.0861703526376862,0.744931235591362,16
27,4.05537362310211,-1.10646819181779,0.610466544167256,2.96981998064484,0,0,-0.255361379179557,0.545264708658464,0.259279062120056,1.01900915636247,17
27,4.40964572789521,1.24367633319414,-0.173512117328951,4.34953888237226,0.129461082948309,-0.00443385624781691,0.841881859530491,1.26293899847875,-0.459756142883971,0.352161416681905,18
27,4.67222387615362,3.37487399899174,-1.54719271206521,4.34953888237226,0.125152296717696,-0.00224641857325356,1.79317852886512,1.75140395043032,-1.15394227206093,-0.967180147736024,19
27,4.95564155998809,1.22275791168028,-1.75846106915724,4.34953888237226,0,0,0.972382247151395,1.01577884372723,-0.95005846370459,-0.414761535668493,20
27,5.20154807978565,1.73237182418704,-0.363864214104325,4.34953888237226,0,0,1.0517722968041,1.2918306132165,-0.272650505064553,0.349391004550437,21
27,5.39327180708544,-0.75860931488769,-1.59399697277819,4.34953888237226,0,0,-0.0234941694105668,0.802505680762955,-1.3043306088935,-0.684630849804457,22
27,5.5099732063114,0.721548304162864,-0.659922603056343,5.44724656270387,0.129418093270803,-0.00441203171646144,0.742949519679346,1.17867073434579,-0.570277412357638,0.229479498550328,23
27,5.82673414706758,2.81858194580123,-0.730303054612799,5.44724656270387,0.12422019242118,-0.00177321801381371,1.33411760040728,1.66406813821898,-0.640938676810233,-0.00309343713475036,24
27,6.08514438821078,1.05882295644551,-1.1664907531992,5.44724656270387,0,0,0.834842384497912,1.12636117223946,-0.635583862386463,-0.173575466353251,25
27,6.28103602262578,-0.162577774565655,-1.01823190159418,5.44724656270387,0,0,0.230145962360399,0.935288142859874,-0.145451244513352,0.00172667982523222,26
27,6.67281929145579,2.2487191422409,-0.117283380068104,6.40121994231684,0.125990588569789,-0.00267199345243327,1.41409083952255,1.31170817883593,-0.494975527037161,0.181432612267899,27
27,6.85620720452516,3.36716730123125,-0.660147361136984,6.40121994231684,0.122981277551601,-0.00114425920353217,1.21505144428683,1.57653585011737,-0.140323975117349,-0.173501565224042,28
27,7.0979458172075,1.70740329564197,-1.07733432291816,6.40121994231684,0,0,0.732032671409032,1.07323500263133,-0.412534028277538,-0.104990131370382,29
27,7.28966954450729,2.07521019481202,-2.4934766641206,6.40121994231684,0,0,1.25476832046019,1.26617694638948,-1.54246344231991,-0.692330066311702,30
27,7.74813932718071,1.0105936775779,-0.598672488330851,6.40121994231684,0,0,0.642718534919561,1.17748331818934,-0.584204372392421,-0.0389089013668422,31
27,7.96903840428699,3.3149090886879,-0.354277919602563,7.84307355886468,0.12838038356406,-0.00388521855230892,1.56435412802533,1.62515581740147,-0.167518351231887,0.386122199857787,32
27,8.06490026793689,3.14622936166366,-1.95488774083985,7.84307355886468,0.126807334622759,-0.00308663019492997,1.80763681500676,1.59122031892913,-1.39934979360906,-0.780437499743264,33
27,8.30247097350402,5.19325687841749,-2.27866776604762,7.84307355886468,0.122908908985561,-0.00110751991794426,2.60797994026541,2.20480106752155,-1.37903072073783,-1.19686968559673,34
27,8.69842214944924,2.72267164756788,-0.216787384649317,7.84307355886468,0,0,1.22650184143588,1.59904186797338,-0.31135082724117,0.199289822057895,35
27,8.75677284906222,1.99318970913823,0.0178792928047758,7.84307355886468,0,0,1.19031244557464,1.39892500803339,-0.335062393467667,0.351024788290788,36
27,9.22774635308127,2.72211612405261,-1.37922140697472,8.87774543059954,0.124704054934287,-0.00201886006562024,1.21636170893697,1.41510882605438,-0.381723890243021,-0.680893550039509,37
27,9.38612682345936,3.57048743145909,-0.238727201384898,8.87774543059954,0,0,1.96872933335226,1.74592632576993,-0.299734690267744,0.51125559293511,38
27,9.71539148556118,0.695665278768959,-0.100535587003838,8.87774543059954,0,0,0.919854789277625,1.11088956753567,-0.519364934597111,0.0251587100926132,39
27,9.84876451324799,0.121745312713634,1.11116961571784,9.82913693886501,0.130125329106117,-0.00477107350415547,0.480806718285477,0.994381762995041,0.453024682610424,1.33720524508932,40
27,10.1988687109259,3.8567724214996,-1.7909940097405,9.82913693886501,0.12438028079872,-0.00185448993807327,2.12291586613457,1.81874987675303,-1.04021799184999,-0.653196338614355,41
27,10.4989580232212,1.79686134174558,-0.536007972533232,9.82913693886501,0,0,1.00882411680385,1.37768377020752,-0.260332254592219,0.0696169347296091,42
27,10.7281929145579,-1.1330137118334,0.300551370792617,9.82913693886501,0,0,-0.186004414690334,0.485841493839874,-0.768236115036368,0.798162563651244,43
27,10.7782077999405,-1.45633181722401,0.560941935363759,9.82913693886501,0,0,0.0884215952239212,0.411655752807659,0.308663894926958,1.29147135080319,44
27,11.1824947901161,3.3371995664804,0.113092126669782,10.8266454256659,0.124608084700696,-0.00197013894246424,1.4088083684505,1.76865102492234,-0.630356961581877,0.280227660279142,45
27,11.4534087526049,0.776695641601952,-0.247849630973044,10.8266454256659,0,0,0.734717355900095,0.97932766228279,-0.194994477546379,0.0472813930173037,46
27,11.7493301577851,-1.23558010998877,0.120907267540599,10.8266454256659,0,0,-0.475990689955848,0.494324076653763,-0.0181888594166821,0.352754634293247,47
27,11.8243524858589,0.255142915740942,0.197711871319747,10.8266454256659,0,0,0.543874751498956,1.00278282812617,-0.451441731888398,0.586124267839471,48
27,12.1661208693063,3.96946641029939,-1.97540746751141,11.9357178020327,0.126666600542693,-0.00301518384965956,2.17407823608975,1.93932816478253,-0.672622054777794,-0.736606467724004,49
27,12.4453706460256,3.2181420481453,-0.360527856628914,11.9357178020327,0,0,1.70577017065377,1.781919014747,-0.339787203711735,-0.102023791719353,50
27,12.5912473950581,1.01971917446888,-1.84043948523258,11.9357178020327,0,0,0.266717394181428,1.03230435177904,-0.93226068080672,-0.569569597034306,51
27,12.7996427508187,1.95258962571699,-0.116966970849635,11.9357178020327,0,0,1.1383026016684,1.5325829704548,-0.565674255216959,0.242062993147181,52
27,13.078892527538,0.0593153299491969,-2.09939057042944,13.0629678196524,0.130186091436433,-0.00480192066235979,0.243084871768462,0.94105809330058,-0.856339361959147,-0.439740957836245,53
27,13.3956534682941,4.29582374250118,-3.49389677791074,13.0629678196524,0.124988190586837,-0.00216310695971342,1.88763222864215,2.05051483320401,-1.83999235164802,-1.35566985412612,54
27,13.5623697529027,4.46827215041978,-2.88817613339514,13.0629678196524,0.122252453297625,-0.000774257642531848,1.7033289530632,2.10012253882851,-1.5729982398132,-1.55498254523968,55
27,13.9833283715391,1.32194611453752,-2.99141802081624,13.872057145345,0.128621499074373,-0.00400762544903206,0.902128896888904,1.13497941533788,-1.58437506550535,-1.37052598699589,56
28,0,2.10684977458909,-0.55916275070006,-Inf,0,0,0.786141727532859,0.619482201005304,0.2560050573903,-0.395352291388207,0
28,0.100029770765109,2.34753873025056,-1.9243839589737,-Inf,0,0,0.642444280855572,0.724963985973132,-0.334052440906775,-0.95055307432357,1
28,0.462637689788628,1.35869010034121,-1.34153420329468,0.376292182551697,0.129030518618973,-0.00421527203757724,0.543124129575975,0.473659077907009,-0.179593543724397,-0.773961253066916,2
28,0.504316760940756,2.56005592673469,-2.29227366809939,0.376292182551697,0.128346584296658,-0.00386805970828136,0.741916265981399,0.676994625918923,-0.508188267302531,-1.33998486899072,3
28,0.787734444775231,4.38200695813263,-2.56560143183094,0.376292182551697,0.123695830904913,-0.00150701586907095,1.63243510824836,1.27291558294192,-0.680740405766864,-0.994646319831949,4
28,1.15451027091396,0.242622613720773,-0.21769559603679,0.376292182551697,0,0,-0.186198818314411,0.15429013111891,0.288648180285987,0.0479916350211303,5
28,1.30455492706163,1.03896344255677,-1.02386541441846,1.27647231223348,0.129986585794514,-0.00470063781050686,0.0888988163880426,0.404205059267825,-0.141262582851908,-0.449824710525169,6
28,1.683834474546,4.51169098181628,-1.9784417655201,1.27647231223348,0.123762783461443,-0.00154100561391621,1.30416555398027,1.16003800323147,-0.755741440149418,-0.994770993550297,7
28,1.80470378088717,4.1458141869772,-0.776147554122329,1.27647231223348,0,0,1.41418167528423,1.0611149342423,0.489591467382632,-0.465879008948163,8
28,2.17981542125633,0.290755177750765,-0.432629454039671,1.27647231223348,0,0,-0.00170217987947728,0.337435309491671,0.898736609441933,-0.050343428878999,9
28,2.42572194105389,-0.426366424403895,0.408013851780935,1.27647231223348,0,0,-0.218616909737153,-0.0946619460856584,0.883736518656983,0.451571422577819,10
28,2.53408752604942,1.87691410805665,-1.21265406338268,2.44087963518328,0.128917910070677,-0.00415810415598687,1.10446878221588,0.725445603775416,-0.168632655242682,-0.357669628096919,11
28,2.88002381661209,3.0424609793181,-1.26726389228597,2.44087963518328,0.123241255195459,-0.00127624182283287,1.27427177209121,0.880938739680782,0.37078669058069,-0.441678067690127,12
28,3.15510568621614,2.20978524184201,-1.21060321617352,2.44087963518328,0,0,0.657246851259058,0.78502273771183,0.0504781259576523,-0.721065383635907,13
28,3.29264662101816,0.799971570768787,-2.40152851158189,2.44087963518328,0,0,0.127473551859143,0.32730060022132,-0.205240923943191,-1.05227250760708,14
28,3.60523965465912,3.47367623093199,-1.00421236278987,3.42625302217829,0.127510320508479,-0.0034435144144974,1.30167509669627,1.03356271781362,0.146165831482844,-0.302762569544762,15
28,3.79696338195892,5.16912805316501,-2.78114296285242,3.42625302217829,0.124364222625828,-0.00184633769973756,1.80719750683474,1.37159026960195,-1.19523325885548,-1.4001550469512,16
28,4.13039595117595,1.84916016514223,-0.119728710530206,3.42625302217829,0,0,0.570275512155461,0.666133326802065,0.353355129787884,0.0738553346244353,17
28,4.33045549270616,1.24331705995522,-0.314179710105099,4.27412550814199,0.129523059493585,-0.00446531982545141,0.433070941014636,0.273790752856963,0.594704173258306,-0.115707849153496,18
28,4.64721643346234,1.45370308310504,-1.40541931343189,4.27412550814199,0.124325158643988,-0.00182650612280413,0.720283472193423,0.707305691959539,0.35232326807641,-0.93550167484103,19
28,4.81810062518607,0.988233502626334,0.504918413875701,4.27412550814199,0,0,0.3126338916148,0.331825089360086,0.91232205294127,0.348553298891199,20
28,5.11402203036618,-0.904183598678318,-0.00889159736060749,4.27412550814199,0,0,-0.248453302123548,-0.282043982352857,0.584561152958655,-0.142605293226762,21
28,5.45995832092885,1.58469929680084,-0.0336524800856096,5.36619307560882,0.128908764141314,-0.00415346105015865,0.324612909407497,0.604346809328112,0.862372445079066,0.168600524298383,22
28,5.66835367668949,3.37590617893325,-1.22001264946827,5.36619307560882,0.125489092529736,-0.00241739940368035,1.16355302052003,0.916280880193419,-0.241636005276319,-0.218202456418368,23
28,5.91842810360226,3.65745749210905,-1.62610181552393,5.36619307560882,0,0,1.38248031511679,1.12786763886055,0.311806334104172,-0.704457140524491,24
28,6.11848764513248,2.05572429206225,-2.23593736426824,5.36619307560882,0,0,0.779650254813725,0.595950738250377,0.0622465221987151,-0.843437431460285,25
28,6.28937183685621,1.35310217005924,-0.814311114688098,5.36619307560882,0,0,0.436381759398564,0.548607543229906,0.0362205961100235,-0.316538490974537,26
28,6.50193509973206,-0.240691907189687,0.47263462549897,5.36619307560882,0,0,-0.148890685008665,-0.0621395214911022,1.17461144204988,0.144193232012186,27
28,6.85620720452516,3.5888808159207,-2.61015187925453,6.59563385670861,0.126171520162884,-0.00276384683342634,1.31192480390805,1.05499314131042,-0.880658791846621,-1.1237498724128,28
28,7.24799047335517,1.15039730008286,-0.441246368362131,6.59563385670861,0,0,0.374430522003387,0.381029581026045,0.644480207317118,-0.2134484449753,29
28,7.43971420065496,1.72800117444804,-1.01155204786357,6.59563385670861,0,0,0.53969881099287,0.61069227896382,0.289586189240394,-0.786609761514266,30
28,7.59392676391783,-0.223637106267321,-1.18895027972682,6.59563385670861,0,0,-0.222869565570532,-0.023823843722797,0.215118678864368,-0.509607602910835,31
28,7.96070259005656,4.33232716656419,-4.49788261994213,7.67820618654279,0.125811772936593,-0.00258121427892083,1.7871850089847,1.10005863165659,-1.74324988259522,-2.66427093344561,32
28,8.04822863947603,4.72308266329715,-4.52223444924255,7.67820618654279,0.124375510859706,-0.00185206838739935,1.94864224297601,1.11445168313676,-1.87608530108424,-2.60132775937054,33
28,8.49419470080381,0.679120144265299,-1.10569413190825,7.67820618654279,0,0,0.360316285023154,0.179752739552954,0.246796458610367,-0.399256806736166,34
28,8.70675796367967,0.749994826777588,0.843412436252079,8.67391950752085,0.129908544633178,-0.00466101872350504,0.13767057537787,0.393623669564239,0.948995726580615,0.816541658023024,35
28,8.7817802917535,2.0396164774194,1.04427899518468,8.67391950752085,0.12867746285301,-0.00403603653077274,0.658427687354187,0.597549168958389,1.35704587648484,0.624058114203637,36
28,9.18189937481393,5.54432637686215,-1.76159800211816,8.67391950752085,0,0,2.11991599512515,1.46558417343072,0.705682186006101,-0.841605327633507,37
28,9.34861565942245,2.07789594852573,-2.3548152079981,8.67391950752085,0,0,0.857784902220033,0.52086657554072,-0.862437363549513,-1.40178420313315,38
28,9.7237272997916,-0.525481154306494,0.314498805979248,9.71931424928614,0.130374992421299,-0.00489781985738758,-0.528100734566863,-0.0955803595139286,1.15018555865858,0.254889182353193,39
28,9.96129800535874,3.94242413750442,-0.764347772061669,9.71931424928614,0.126476566784153,-0.00291870958040409,1.15619248057022,1.07648890573652,-0.0365811237056656,-0.183685368645644,40
28,10.1780291753498,4.00725726987902,-1.73353190519203,9.71931424928614,0.122920108308063,-0.00111320546806551,1.54851302416362,0.983878947906339,-0.599733038705594,-1.09651784325604,41
28,10.3155701101518,2.75096459099814,-1.92271822627559,9.71931424928614,0,0,1.09797606332694,0.815657058475894,0.125240702083871,-0.833014468337713,42
28,10.749032450134,1.51143929567863,-1.47910131859387,9.71931424928614,0,0,1.05855522281922,0.415233974022299,-0.361189835868805,-0.781620616521385,43
28,10.9365882703185,3.38380110913319,-1.11053745778039,10.7617156195974,0.127577829050552,-0.0034777864160086,1.67723316041315,1.03781242552282,0.30235535443986,-0.819891248152281,44
28,11.2491813039595,2.50064367492672,-2.07443806999136,10.7617156195974,0.122448321633135,-0.000873693946290194,0.969971483702601,0.639720116592617,-0.503676583192056,-0.953733293502508,45
28,11.3450431676094,2.5748430653102,-2.45901757396719,10.7617156195974,0,0,0.753986852975468,0.962745481849714,-0.623061955617554,-1.34066289870361,46
28,11.5992855016374,0.438031011222989,0.29396773513861,10.7617156195974,0,0,0.393474052081824,0.372752560948276,0.595214644534068,0.133017172576464,47
28,11.8701994641262,0.00335353403572597,0.515754575439785,10.7617156195974,0,0,-0.266001145884912,0.236349979314958,0.605570220129816,0.358282534388785,48
28,12.1911283119976,2.34722033646126,-1.66494647807579,11.9727383631085,0.126863730271266,-0.00311526052366305,1.44281409516431,0.637659210666396,-0.325597644106242,-0.786749942552109,49
28,12.2828222685323,3.80527952452889,-1.90769490193248,11.9727383631085,0.12535907476212,-0.00235139339921143,1.39323416493328,1.07625330949355,-0.0993132804663705,-0.952666056745295,50
28,12.6162548377493,2.45956797414266,-1.33532303948211,11.9727383631085,0,0,0.70938049880555,0.747691237823878,0.0673485257374825,-0.73179864841378,51
28,12.9871985710033,0.0963792206957907,0.118975990732632,12.9855492743681,0.0522524281227978,-0.00164830211473355,-0.0468251366157542,0.0649772009727962,1.25541339748787,0.256938635985588,52
28,13.1705864840726,3.38042853094501,0.468094736203107,12.9855492743681,0.127411033328676,-0.00339310938018969,1.32225632685025,0.990415094486504,1.43923841554599,0.296185011869538,53
28,13.3873176540637,4.53554045211548,-2.13288461197412,12.9855492743681,0.123854574852586,-0.00158760526785086,1.61623681091287,1.34151893075157,-0.00945729881163121,-0.831774882334426,54
28,13.6749032450134,3.04177882693925,-1.98168192154605,13.6159627635265,0.129480222443826,-0.00444357277850044,0.798953455746088,0.817617909759061,-0.046260186549751,-1.06513090937181,55
28,13.7791009228937,6.57774030636152,-1.70525502731322,13.6159627635265,0.127770386638038,-0.00357554195526118,2.54643620918686,1.75141674957791,0.0408218794360717,-0.918197079326545,56
29,0,0.439727152923642,-0.526039875001864,-Inf,0,0,-0.369903314033357,0.188334452270069,-0.447441697816503,-0.188667605344127,0
29,0.0625186067281929,-1.12437427606607,-0.357370909708864,-Inf,0,0,-0.72392074402067,-0.156546565462875,-0.373984299647287,0.219205557867746,1
29,0.425126525751712,4.89979629371614,-2.33703996617344,0.0722751911496744,0.124657280986907,-0.00199511437733162,1.51530444088764,1.43241464279858,-1.01178681215472,-1.10594307503116,2
29,0.575171181899375,5.2604416801185,-1.97822338609419,0.0722751911496744,0.0367502184734061,-0.000490903077507293,1.35540092553421,1.48276294427177,-0.693498259186704,-1.45145318719125,3
29,0.97529026495981,0.822482251903025,-0.624720284260942,0.0722751911496744,0,0,0.0205774322295631,0.223972258909199,-0.604414107190779,-0.236170920561843,4
29,1.07948794284013,0.490552723089332,-0.409331097248245,0.0722751911496744,0,0,-0.144849073680666,0.0745254176461221,-0.475486522342829,0.0129378306853166,5
29,1.48377493301578,2.29741028122142,0.456224524056953,1.30509518428992,0.127515356329274,-0.00344607094516015,0.619012488363482,0.784681180289121,0.950402644883676,0.0461823927988182,6
29,1.6213158678178,2.4489948280776,0.93310475652822,1.30509518428992,0.12525837306564,-0.00230027025848509,0.482700503125189,0.670393224923273,0.696351492353539,0.221676902370479,7
29,1.96725215838047,1.18591269530977,-0.681651781235986,1.30509518428992,0,0,0.208223176278011,0.316993090393208,-0.0783417590154988,-0.609810543952903,8
29,2.23399821375409,1.57387613208189,-0.204859179918046,1.30509518428992,0,0,0.102786757877602,0.431806864147562,0.217837150902511,-0.257478258427784,9
29,2.43822566239952,0.147896611693884,0.067585712669686,2.42929999509002,0.130300942462188,-0.00486022698047356,-0.244492745913293,0.169251123502274,0.710698811019352,0.187310588914709,10
29,2.60077403989283,3.10531713452517,-1.78555614749096,2.42929999509002,0.127633598605158,-0.00350609889622043,1.35481722899977,0.61148935989928,-1.02472053344893,-1.36873030824839,11
29,2.80083358142304,4.58564334705831,-2.66797614616462,2.42929999509002,0.12435071385803,-0.00183947971560078,1.36383915136219,1.09907050173181,-1.33341764149971,-1.43579340689401,12
29,3.24679964275082,5.4091922039781,-3.24112826554743,3.03354854389953,0.126948056428732,-0.00315807030905892,1.94213408102475,1.44773408979565,-1.29378829554028,-1.78671345616952,13
29,3.28014289967252,5.43899793826661,-2.59449386265076,3.03354854389953,0.126400908970881,-0.00288030044562229,2.06006414760058,1.42267945680503,-1.09123102701804,-1.81907215029155,14
29,3.54688895504614,4.5575349439475,-1.88150583041865,3.03354854389953,0,0,1.02861835884238,1.08034462288841,-0.187801616088957,-0.878038963434919,15
29,3.93450431676094,0.927064993004108,-1.22003402005027,3.03354854389953,0,0,0.178675620975562,0.289030002835761,-0.0485939813487131,-0.954931564925206,16
29,4.20541827924978,-0.31326786634516,0.759153512553104,3.03354854389953,0,0,-0.70991038569048,0.0856251563148079,0.732258732210656,0.357393707270138,17
29,4.32628758559095,-0.138299335969765,1.61539646134965,3.03354854389953,0,0,-0.301702447506721,0.144456482240538,0.230594093881388,1.38143938882431,18
29,4.70139922596011,1.93121119857822,-0.923571450770997,4.51404225797607,0.127372967165849,-0.00337378436517742,0.251576497477987,0.454788607712586,-0.196131643390307,-0.587787974810309,19
29,4.86811551056862,2.68275135010709,-1.06645825743339,4.51404225797607,0.124637229876613,-0.00198493504799524,0.418524119166115,0.782053038547809,-0.0011431534400107,-0.695119133940591,20
29,5.20571598690086,2.34142982595655,-0.80293976321985,4.51404225797607,0,0,0.547709474656616,0.749126429448342,-0.293592494931986,-0.665278051269288,21
29,5.2515629651682,2.87973765886679,-0.550685667946641,4.51404225797607,0,0,1.13232066058729,0.690790613555833,0.189644534734688,-0.23783260713669,22
29,5.639178326883,-1.37259846882058,1.36758412536819,5.63035311746912,0.130302590929892,-0.00486106385660759,-0.779294295544027,-0.346683181467665,0.482031153868505,1.06160650813401,23
29,5.9642750818696,1.67407956233632,-0.256947206346,5.63035311746912,0.124967903215832,-0.0021528076881013,0.363613863254856,0.555669577851976,-0.201280565862467,-0.097234170277473,24
29,6.13515927359333,4.24257125668354,-0.570965884741521,5.63035311746912,0,0,1.20089009032388,1.20273263016867,-0.391070385642944,-0.298208740831611,25
29,6.42691277165823,2.71777066062644,-0.233981562464466,6.23517210927183,0.127301032763848,-0.00333726549126143,0.8950879565923,0.787171936792077,-0.0160080830966078,-0.474110208742372,26
29,6.66448347722536,3.97373949782853,-1.26922045838884,6.23517210927183,0.12340260712665,-0.00135815521427617,1.50480610843709,0.965104834191752,-0.463040703244711,-0.468895785557792,27
29,6.8395355760643,1.38309584763252,-2.3951230762161,6.23517210927183,0,0,0.312853227395494,0.357960739734629,-0.735082367364752,-1.40693141709885,28
29,7.0979458172075,1.05447280733719,0.0208580925153365,6.23517210927183,0,0,-0.00852522066333475,0.220209758609598,0.19915267422025,-0.0112208226732171,29
29,7.33134861565942,-0.896251769065071,-0.419118278170824,6.23517210927183,0,0,-0.556074439458759,-0.181233524701767,-0.581772647530334,-0.32475543151317,30
29,7.55641559988092,3.23449890841906,0.254450903265117,7.3594634954925,0.127215515405726,-0.00329385097010026,1.09021510915253,0.770087309121693,0.0857094070487467,0.278188307469381,31
29,7.94819886871093,2.33309594990324,-2.22105372584587,7.3594634954925,0,0,0.617325179885994,0.55824765419146,-0.983825638092514,-0.691991117582461,32
29,8.18576957427806,0.71085332023291,-0.276239947725952,7.3594634954925,0,0,-0.267755680921095,0.33090274736707,-0.413879996586344,-0.0908213525713212,33
29,8.26079190235189,0.80460927021692,0.776237936066984,7.3594634954925,0,0,-0.104608893902522,0.342613991783341,0.486104208319186,0.674169128252475,34
29,8.51086632926466,3.39389482894215,-1.22696232917997,8.31362115920951,0.127210706333361,-0.00329140955262151,0.982385323177828,1.04365429174376,-0.944764360729868,-0.573833075643292,35
29,8.85680261982733,4.00723367155664,-1.77882223722358,8.31362115920951,0,0,1.30414580674354,1.17719159932683,-0.689690600821598,-1.08237485226223,36
29,9.0735337898184,2.00792605457956,-1.22334337954515,8.31362115920951,0,0,0.183741920336749,0.551094814089,-0.539482170837666,-0.889282856128079,37
29,9.28192914557904,-0.722970563778492,-0.0398279696088076,8.31362115920951,0,0,-0.409465222605398,0.0439594593917497,-0.217992281131567,-0.0134197314870103,38
29,9.56951473652873,3.3406717541678,-0.798187257257438,9.36817728048907,0.127143553809037,-0.00325731829028106,1.0814246466619,0.867610957503627,-0.510133688735071,-0.380154538795356,39
29,9.8529324203632,3.58380591394615,-2.16055954875089,9.36817728048907,0.122492800417241,-0.000896274451069143,1.08881734110086,0.916445938361953,-1.53449863356316,-0.81988562960455,40
29,10.0571598690086,1.27649376254499,-0.0378948922458495,9.36817728048907,0,0,0.115308750937684,0.525013986047177,-0.133302006586644,0.12779949588479,41
29,10.3114022030366,-1.19509095595075,1.24865680081585,9.36817728048907,0,0,-0.68277748824394,-0.24807557520969,0.174892974514914,0.562645472157337,42
29,10.5781482584102,1.66424326489448,0.804611153676928,10.4008357226902,0.127537791663699,-0.00345746067144898,0.299819070065511,0.534124579858724,0.317282157265635,0.167904440309812,43
29,10.9615957130098,3.60549139811739,-0.930349046240589,10.4008357226902,0,0,1.10986984473096,1.06323465053855,-0.765673481411443,-0.563548781984168,44
29,11.2491813039595,-0.792530431350763,-1.09304513253851,10.4008357226902,0,0,-0.928094775370132,-0.118048872366867,-1.20014327491846,-0.657686199103714,45
29,11.3825543316463,0.753470019920536,0.0140429848588221,10.4008357226902,0,0,-0.11252538400373,0.164827577027395,0.171157298695205,-0.19234460985399,46
29,11.5034236379875,-1.2777005966897,-2.01599102831787,10.4008357226902,0,0,-1.13327828389371,-0.382340658875177,-1.08035543452093,-1.46115612079869,47
29,11.9702292348913,0.161931903568597,-0.752936888003927,10.4008357226902,0,0,0.268056308513252,0.135945906139277,-0.977183811896956,-0.063007380865918,48
29,12.0577552843108,-0.180877325732092,1.25887884548989,10.4008357226902,0,0,-0.626681630667866,-0.0970946778531901,0.993200454215762,1.02962018594866,49
29,12.4286990175648,2.35301948803107,-0.850967238659825,12.0594732491801,0.124388584085471,-0.00185870526029992,0.418415008671179,0.626549650268624,-0.633688049433345,-0.440663951212397,50
29,12.6704376302471,1.30824983153705,-0.213039577978507,12.0594732491801,0,0,0.244299354511945,0.280311328554744,-0.169442240564399,-0.195390377097537,51
29,12.9871985710033,2.08210334537848,-0.374324741703345,12.8465474234213,0.128139388123515,-0.00376287261127457,0.565268756580725,0.722157844600255,-0.0741338736141999,-0.100143687788906,52
29,13.2289371836856,4.69955750644459,-2.2725505631516,12.8465474234213,0.124172569054084,-0.00174904110135937,1.26967654901262,1.23536629090733,-1.26351958680565,-1.51746835168049,53
29,13.2789520690682,5.14606607336622,-2.76850081245822,12.8465474234213,0.123351847867255,-0.00133238630620364,1.64405889559951,1.44700901371683,-1.35572508342285,-1.54076624494363,54
29,13.6540637094373,-1.04984703470739,0.320442460432776,12.8465474234213,0,0,-0.913763143384702,-0.150663414091318,0.200421638088125,-0.00795175878481272,55
29,13.8082762727002,-0.353350307404964,-0.426094950369433,12.8465474234213,0,0,-0.543168852983172,-0.0438828974506145,-0.372996316926158,-0.261640435221055,56
30,0,-0.931964452381003,1.30418056816909,-Inf,0,0,-0.00662376585554891,-0.276327594596872,0.77122219360216,1.21190932452161,0
30,0.00416790711521286,-1.07946375313695,1.68057901327444,-Inf,0,0,-0.553837162057126,-0.10047943793512,1.3435616044245,1.51685772087883,1
30,0.366775826138732,4.50314495002741,-1.62640226337279,0.0109949293197133,0.124609208222947,-0.00197070931999593,1.99053758652461,1.22457508187751,-0.44127751227385,-0.79294178295586,2
30,0.733551652277464,0.804270028488258,-0.248129177454979,0.0109949293197133,0,0,0.606617225269169,0.246138248525265,-0.0926686363487805,0.545577788037664,3
30,0.796070259005657,0.0327575947058671,1.24549286371055,0.0109949293197133,0,0,0.14902897282601,0.113730256736726,1.12087555550475,1.17787733831718,4
30,1.02530515034236,-1.09700721248343,0.0676091443247971,0.0109949293197133,0,0,-0.367680072566835,-0.403811187407332,0.58599988758396,0.32869963412043,5
30,1.47960702590057,2.70237724841096,-0.93079908465534,1.25414504615877,0.126747681508758,-0.00305634615159678,0.875296267016704,0.609831128712416,-0.070545628498115,0.0558405894589042,6
30,1.69217028877642,5.07640476259433,-1.2495290376877,1.25414504615877,0.123259616464942,-0.00128556327218858,2.18862967181327,1.31535387981498,-0.433038187894962,-0.282436291261921,7
30,1.7838642453111,1.90092369228669,-3.08413547327111,1.25414504615877,0,0,1.02301739996902,0.519567712553908,-1.16455401218813,-1.25118663845579,8
30,2.03810657933909,1.73392466847062,-1.61796291263789,1.25414504615877,0,0,0.816857535973894,0.531619751615052,-1.20915754539961,-0.56452380774059,9
30,2.35486752009527,0.827939460658915,-2.69989762757167,1.25414504615877,0,0,0.703473237764467,0.29314874963217,-0.879120547143505,-1.43830857207173,10
30,2.57159869008634,1.94527478063322,-1.03997911926623,2.41446543002609,0.127868924264373,-0.00362556646439681,1.21532068707697,0.385266183818771,-0.228446530333304,-0.404237236516813,11
30,2.95921405180113,2.95175821280083,-1.51645393209188,2.41446543002609,0,0,1.07446619655513,0.805014411963168,-1.02930940217501,-0.728826898458623,12
30,3.18428103602263,1.62550283779479,0.129832752803241,3.11312539090331,0.12927977724606,-0.00434181294316201,0.843228884630672,0.456331131923429,0.303513855209083,0.398953652837361,13
30,3.28431080678773,3.15041414760118,0.498064152232087,3.11312539090331,0.127638334872489,-0.00350850335285187,1.64633366734705,0.835065704211254,0.482730693698456,1.25919766017883,14
30,3.60107174754391,3.63838656502534,-1.66560730049186,3.11312539090331,0.122440434022906,-0.000869689650205632,1.82921273699652,0.999064623144344,-0.690113090281166,-0.47857571265396,15
30,3.93867222387615,1.22217455721649,-0.941008383831466,3.11312539090331,0,0,0.271213735010539,0.427121813440792,0.135230558939737,-0.155683196054396,16
30,4.12206013694552,1.06118174924822,-1.05888408560058,3.11312539090331,0,0,0.84405509795158,0.317298433149687,-0.645578846778342,-0.176206729577853,17
30,4.4721643346234,0.849439531141485,0.336981459027757,3.11312539090331,0,0,0.544479357996253,0.36126039471259,0.368589659411472,1.03890716320378,18
30,4.58052991961893,1.25796644753151,0.3041691089507,3.11312539090331,0,0,0.677436248103906,0.352144683019554,0.38681037730319,0.739282283036164,19
30,4.79309318249479,5.03361761621892,-1.45281141065581,4.6171569202955,0.127560375677037,-0.00346892587740717,2.1147977780345,1.34910973879593,-0.252526058870196,-0.756109628231418,20
30,5.00148853825543,3.31464768996559,-1.53873591996926,4.6171569202955,0.12414070406546,-0.00173286423092886,1.19637783204157,0.742905471800904,-0.262304984070185,-0.656123190808193,21
30,5.30991366478119,5.05513923909259,-0.727467741352208,5.05042034368067,0.126189242902851,-0.00277284412106742,2.24074375691614,1.27907006336775,-0.109634921153692,0.284207496756609,22
30,5.7350401905329,1.80910763866572,-1.59246943301984,5.05042034368067,0,0,0.685158823879687,0.571245308409279,-0.189579611920753,-0.670943952068099,23
30,5.78922298303066,1.54398667251566,-0.957888701608987,5.05042034368067,0,0,0.751759819307978,0.17595657476872,0.585087181507754,-0.223763439124115,24
30,6.10181601667163,-1.22357591433075,0.185909790490343,5.05042034368067,0,0,-0.367176270487522,-0.321967536131129,0.216101571608651,0.273842550513864,25
30,6.37689788627568,2.50135851682626,0.915003567435365,6.2585216496498,0.128504909132192,-0.00394843633676273,1.28547362623559,0.58583035049033,0.535543814022671,0.894571371743873,26
30,6.71033045549271,4.05134019925758,-1.9132060558768,6.2585216496498,0.123033434553669,-0.00117073770239701,1.80966333562374,1.0436726800351,-0.702025436889027,-0.5641036461586,27
30,6.76034534087526,3.77898101168758,-1.92283710427413,6.2585216496498,0.068108274741707,-0.000732157008411727,1.34439852175068,1.02070775319672,-0.527507450173644,-0.520060745928318,28
30,7.01041976778803,0.907542942479503,-1.48264001644708,6.2585216496498,0,0,0.647956349582431,0.351993107569917,0.178341649452275,-0.486430406746578,29
30,7.39386722238762,0.268273667985194,0.262656923062431,6.2585216496498,0,0,0.088753018516986,0.134819264700723,0.645527186533759,0.820943923891727,30
30,7.52307234295921,0.409393563917111,0.948963279902527,7.42166451389113,0.128783352869133,-0.00408979362111965,0.318463222513989,-0.0151441709829621,1.08541153997345,1.07254898591242,31
30,7.84816909794582,2.77272223920957,-1.14471869314235,7.42166451389113,0.123448665155048,-0.0013815374526127,0.994155257408268,0.945522367602808,-0.514483899032495,-0.368890827994343,32
30,8.16076213158678,-0.543487842319005,-0.550960852681215,7.42166451389113,0,0,-0.221040147426179,-0.198684746059874,0.107220279782924,0.387829654550462,33
30,8.35248585888657,-0.0163522138252,-0.883261236861259,7.42166451389113,0,0,-0.148169902341222,0.00746829928215034,-0.0381958456896588,-0.0717233147695513,34
30,8.73176540637094,0.427933121621658,1.37873765291019,7.42166451389113,0,0,0.366117042228558,0.188459020010608,0.754872590798466,1.45322112756236,35
30,8.94016076213159,-0.0489361116712591,2.52380464361207,8.87899998860398,0.129443788476124,-0.00442507637851221,0.0825390098127829,-0.0179789683167522,1.84794690193251,1.83043248800144,36
30,9.21107472462042,1.77884837874895,-0.910803841863878,8.87899998860398,0.124998215381075,-0.00216819623809077,1.05377985179249,0.495077773650809,-0.386045531720175,-0.614615620788778,37
30,9.35695147365287,3.67621316957869,-0.770575061617268,8.87899998860398,0.122604445253021,-0.000952953085557137,1.42092258209126,0.962575399982678,0.281797386600377,-0.417476895800036,38
30,9.62786543614171,-0.463718392850138,-2.46568659608172,8.87899998860398,0,0,0.0638207659170146,-0.139954347414283,-0.774478623590529,-0.698209783262716,39
30,9.93212265555225,1.71018019717317,-0.926086830507027,9.69886743028899,0.126619797946434,-0.00299142361720627,1.03117542162562,0.488077088086139,-0.430853367467704,-0.106157639215932,40
30,10.1280142899673,3.70256415617475,-0.239724652364485,9.69886743028899,0.123405306631501,-0.00135952566951536,1.77513491705907,0.967431691519045,0.253097012443654,0.167990070668244,41
30,10.436439416493,2.09241135564379,-0.275653127160103,9.69886743028899,0,0,0.9406249633359,0.518244481033407,0.995821632976734,0.238620920188368,42
30,10.5489729086038,1.51358321720872,-1.94737010642788,9.69886743028899,0,0,0.576379641358077,0.669857574821502,-0.0217751013554209,-0.747516187830316,43
30,10.9074129205121,0.274284304315072,-1.68319828214305,9.69886743028899,0,0,0.199439549073694,0.0302501983486276,-0.739728663085824,-0.936796800322103,44
30,11.2450133968443,2.05443450434512,-2.00106124748653,11.1756161854656,0.129308632332235,-0.00435646177909253,0.983740592473057,0.736569509510188,-0.226216210436228,-0.794769940074673,45
30,11.4492408454897,3.3800721927845,-2.04272455615278,11.1756161854656,0.125957354152838,-0.00265512136554219,1.70410473704391,0.91474913302478,-0.843467281678016,-0.740977243162097,46
30,11.6993152724025,3.78368661431643,-2.33075446833616,11.6799272216659,0.130129259578613,-0.00477306888363216,1.66676122989246,1.031911116252,-1.13460257362538,-0.906197381919515,47
30,11.8618636498958,3.35981971331099,-0.0971167240827416,11.6799272216659,0.127461915721584,-0.00341894079937946,1.46390361844517,0.825896310214734,-0.669975608109342,0.585307232292119,48
30,12.2244715689193,3.5612068975119,-1.22628908834055,11.6799272216659,0,0,1.24163201236511,0.862738252805092,-0.0634654895480496,-0.274775822001851,49
30,12.3245013396844,2.57999404475131,-0.710357923562943,11.6799272216659,0,0,1.21742461697333,0.808264914262191,0.269893960912015,0.102423008788585,50
30,12.6746055373623,1.69923523360444,-0.769083080930298,12.606001013915,0.129321639975303,-0.00436306535770778,0.633359194927151,0.485284676357115,-0.291416942604322,-0.148137351846261,51
30,12.9163441500447,3.50764719279763,-0.794080427635558,12.606001013915,0.125354820905875,-0.00234923384779351,1.05619128721078,1.02903635850564,-0.239143042752236,-0.0376260376925113,52
30,13.21643346234,2.75812153749657,-2.7422317813216,12.606001013915,0,0,1.22709240735751,0.659275793523638,-0.880945876294769,-1.59474606620425,53
30,13.3081274188747,1.13498567357873,-2.03064723219321,12.606001013915,0,0,0.480129431648037,0.185060313765496,-0.682313512969084,-0.817933742131689,54
30,13.5206906817505,1.20082744938611,-0.875039350474568,12.606001013915,0,0,0.380018671896108,0.481694652713799,-0.219925475654817,-0.356474718062564,55
30,13.7749330157785,0.361176075995086,0.355334125956168,13.6234404386138,0.127961485267484,-0.0036725568265347,0.410268136329601,-0.00805312195203953,1.24007574490199,0.886255454625275,56
31,0,-2.3971004359441,2.37386182649027,-Inf,0,0,-0.808862117457937,-0.869630264142763,2.09330947887888,2.26379540955115,0
31,0.17505209883894,-0.211428398295883,2.25054484688045,-Inf,0,0,-0.113244916713617,-0.503264073017542,1.77513193793282,2.04897955754725,1
31,0.420958618636499,1.75600789758027,-0.307910823425002,0.197453289711848,0.126779789245651,-0.00307264625783873,0.606691009289404,0.172043008387958,0.657776766786961,0.506231345364307,2
31,0.708544209586186,2.52491450769448,-1.04977727515395,0.197453289711848,0,0,0.812696627037704,0.311172374389605,0.193051283576202,-0.0951177087202882,3
31,0.771062816314379,0.432171045078241,-0.467807143514124,0.197453289711848,0,0,0.0414048478887928,-0.219301199185149,-0.00618072592505953,0.78903893163089,4
31,1.18785352783567,1.24415550578368,0.103054835494263,1.07393329103764,0.128578030032881,-0.00398555755940012,0.643197122902883,-0.0733494416003493,0.71242266357315,0.898590976877567,5
31,1.31289074129205,2.3808639460158,0.67906170911158,1.07393329103764,0.126526227065927,-0.00294392057151317,1.11601463959532,0.222354248007163,1.1505655118484,1.17141875820461,6
31,1.6213158678178,1.27779785472335,0.749798591341851,1.07393329103764,0,0,0.830309756708465,-0.113925805548109,0.319945782589052,1.06041184243118,7
31,1.95474843703483,1.34352765055546,-0.782595799796901,1.90679501050259,0.12966051494502,-0.00453510171226722,0.940481710294001,0.0427775577607488,0.0650069592007599,-0.0717151881620621,8
31,2.01309913664781,2.72025193046926,-1.17045416347333,1.90679501050259,0.128703006893786,-0.00404900445125331,1.72726568346091,0.143628643810428,-0.164098927804261,0.188308746352193,9
31,2.25066984221495,3.81053196254855,-2.71010468610861,1.90679501050259,0.124804581256588,-0.00206989417426831,1.84859741876644,0.573003512631803,-0.0801880113577969,-1.15581542388529,10
31,2.61744566835368,2.7545210115803,-3.57756738369242,1.90679501050259,0,0,1.08956070530819,0.267708494080201,-1.83403742786329,-1.67705729999883,11
31,2.99672521583805,2.82323148593585,-0.545238443916893,2.89199484579193,0.128728831505069,-0.0040621148087021,1.06809827267952,0.55749525599287,-0.162252002809602,0.611205081486414,12
31,3.22596010717475,3.71669755926217,-1.68698223798765,2.89199484579193,0.124967192732334,-0.00215244699757586,1.50619777273601,0.750760983096077,-0.691221291409089,-0.41689165641268,13
31,3.38850848466806,3.90138016011332,-1.46196404117276,2.89199484579193,0.122299848875304,-0.000798318913322715,1.89419515212094,0.738497444412425,-0.690864117585318,0.0286972077118484,14
31,3.68859779696338,1.16239326019604,-0.98449316638971,2.89199484579193,0,0,0.740067171649944,-0.21652632530956,-1.07710354267187,0.209857979870396,15
31,3.78862756772849,0.476865716811684,-1.82844789733486,2.89199484579193,0,0,0.341331582596366,-0.337928545375202,-0.65352129298201,-0.522156115904549,16
31,4.10538850848467,1.05114982374212,-1.62790814763451,2.89199484579193,0,0,0.439010881582711,-0.094743530415012,-0.00394327114882215,-0.107056904555454,17
31,4.41798154212563,2.00169958706057,0.78682571693902,4.19889717762573,0.126852335231547,-0.00310947561399331,0.897917711423042,0.0572602228025952,1.24337568868721,1.28956202941027,18
31,4.50967549866032,2.73270235826925,-0.416068775345666,4.19889717762573,0.125347679722427,-0.00234560848954234,1.20721664653718,0.354891444079034,0.493237956760368,0.268379291187879,19
31,4.90562667460554,2.121620267672,-1.8571440718245,4.19889717762573,0,0,1.09115587686583,0.155781237223142,0.0101108466629287,-0.460995969856453,20
31,5.06400714498363,-0.235755053891504,1.47652443326238,4.19889717762573,0,0,0.176988632451742,-0.508577141220883,1.57059507717213,1.64184699734099,21
31,5.35159273593331,2.2057124995325,-1.96942841963215,4.19889717762573,0,0,0.888412025534006,0.189048183719528,-0.565183388406821,-0.342596915491624,22
31,5.55582018457874,2.65446540356608,-2.40100405141452,5.5148244414389,0.129774687318459,-0.00459306349957206,1.0068134791621,0.262090797499436,-0.91614160593812,-0.710424347744601,23
31,5.96844298898482,4.90728393593819,-1.6665187978954,5.5148244414389,0.123003737527536,-0.00115566143954499,2.09625189360797,0.878026226090523,-0.236608634274933,-0.412601834037002,24
31,6.10598392378684,2.38406450250331,-1.53464008737852,5.5148244414389,0,0,0.809718137871262,0.218791337761817,-0.673150484004504,-0.030758473221187,25
31,6.36856207204525,0.27244652515837,0.281156302686402,5.5148244414389,0,0,0.33367499269584,-0.249962274777926,0.703977425748408,0.754142953563035,26
31,6.50610300684728,1.66684675938357,-1.36750412794266,6.47398499808131,0.129920366842375,-0.00466702049394867,0.65857130206857,0.0203208569050254,-0.486275484803808,0.0472326448580765,27
31,6.9353974397142,2.80255152097394,-1.31601561348519,6.47398499808131,0.122875843322526,-0.00109073350220339,1.0727602219188,0.281896986982304,0.207662555983673,-0.193840485061825,28
31,7.02292348913367,2.71998905861323,-1.25730065909875,6.47398499808131,0,0,1.11822323283172,0.492912272514512,0.137194376651838,0.0447602081097982,29
31,7.27299791604644,0.746326246097331,0.333525571290138,6.47398499808131,0,0,0.488357985701459,-0.201389893012241,0.893884862255674,0.845700418328312,30
31,7.6481095564156,1.48421178023207,-1.50209720981273,7.28234234159956,0.124445337353401,-0.00188751714135622,0.552784353879036,0.102607553963456,-0.817922677946163,0.0659951191700955,31
31,7.99404584697827,-0.208790631307564,0.217008358785105,7.28234234159956,0,0,0.0537677254819342,-0.36587213004796,0.370056323898193,1.11188794559381,32
31,8.24828818100625,-0.673576609474695,0.981583435395379,7.28234234159956,0,0,-0.263494537616616,-0.423884078253911,0.875620310232024,1.27651763163041,33
31,8.44001190830604,1.70375894702161,-0.286671668456385,8.31059640884363,0.128323759923745,-0.00385647247918941,0.575535207753801,0.0648589246268919,0.690568047056377,0.389900419148418,34
31,8.62339982137541,3.04387639807999,-0.430107839397135,8.31059640884363,0.125314448905558,-0.00232873823028878,1.52004965847409,0.379614814037655,0.583168463899407,0.495601458137235,35
31,8.99017564751414,1.81096830606581,0.298872258078828,8.31059640884363,0,0,0.9199021941688,-0.0546709537701575,0.245460824764847,1.06729289513058,36
31,9.04852634712712,0.393657312522976,0.196116265657509,8.31059640884363,0,0,-0.0141888407531057,-0.547998380101074,0.321074510246213,1.14283432706751,37
31,9.34861565942245,-0.768142620310352,-1.07619736206214,8.31059640884363,0,0,0.042316816777386,-0.527326048510293,0.0890325717276522,0.0241421366446867,38
31,9.53200357249181,-0.172811237301343,-0.791213261426184,8.31059640884363,0,0,-0.0754747391508293,-0.44968955726246,-0.0197677591203356,0.176658627800723,39
31,9.96963381958916,-0.426913375049528,1.68463723689052,9.93280413707969,0.129843050450752,-0.00462776935014719,-0.076755649766196,-0.583286295598596,1.37614705919671,1.51417152870467,40
31,10.2447156891932,3.40024229639948,-1.20960812282732,9.93280413707969,0.125329083923419,-0.00233616797679403,1.76860472475413,0.459576520576108,0.0108073442268173,0.262746960555971,41
31,10.436439416493,5.43772340782569,-3.88657581286392,10.3758959380964,0.144785065547984,-0.00466249135004329,2.3738787432374,0.750588335792778,-1.54074115288195,-1.46054530461586,42
31,10.6781780291754,3.695709679349,-2.83167826954525,10.3758959380964,0.125487098934958,-0.00241638731717958,1.47220767792366,0.56053418239081,-1.09378315323712,-0.950457712127132,43
31,10.7657040785948,4.36829507050609,-0.69172598036498,10.3758959380964,0.124050836858096,-0.00168724142565854,2.03019639847923,0.575930985250426,-0.118067459191633,0.421723315769938,44
31,11.220005954153,0.329645012143454,-0.553401509053701,10.3758959380964,0,0,0.330615023221819,-0.476127671125353,0.0865100905546386,0.832405399305141,45
31,11.4909199166419,-0.46092898319862,0.0669702463908903,10.3758959380964,0,0,-0.248197895634833,-0.559260928120544,-0.031788985751679,0.70164385825989,46
31,11.6493003870199,0.97871557766334,-0.201222782367336,11.5623065797648,0.129019880314848,-0.00420987129919147,0.47809602899103,-0.064001750463479,-0.0102132033430396,0.426741056063726,47
31,11.7618338791307,2.83225397361762,-0.971085906853858,11.5623065797648,0.127173257644648,-0.00327239801009495,1.11746064364574,0.244856677982584,0.138241924424113,-0.0649868623068832,48
31,12.0785948198869,2.86365327771464,-2.65654308794363,11.5623065797648,0,0,1.19155602703509,0.331402314240441,-0.711735006781059,-0.693436927150313,49
31,12.4787139029473,0.746678137123576,-0.870812090085995,11.5623065797648,0,0,0.778668892898372,-0.144542223818845,0.394726404999953,0.15092611693116,50
31,12.6329264662102,-1.78423266558803,0.134308377748233,11.5623065797648,0,0,-0.495816883449278,-0.940785110114936,0.305716739296941,1.24476035840424,51
31,12.9330157785055,0.950705372671512,0.401327561871151,12.9258466687071,0.13032976676025,-0.00487486018625488,0.633270179774411,-0.135587085506216,0.29305874512859,1.20891556636397,52
31,13.0288776421554,3.06194772336566,-0.741399841627101,12.9258466687071,0.128756717818924,-0.00407627182887459,1.74291831244885,0.493114786224866,0.201543764324354,0.292951332080116,53
31,13.4415004465615,4.27413124436019,-2.86754362622256,12.9258466687071,0,0,1.80379439859358,0.855206501396615,-0.654856538230075,-0.878652303310925,54
31,13.7207502232807,1.1277150329569,-1.56249342525261,12.9258466687071,0,0,0.586573374573887,0.00116901732320504,-0.724638009955797,0.0688366390712078,55
31,13.9541530217327,1.73834277041976,-1.88880337199022,12.9258466687071,0,0,0.56002179024838,-0.0504188346998715,-0.970159651096262,-0.427819082143111,56
32,0,-0.988089600360136,0.0100725430467736,-Inf,0,0,-0.438089027445609,-0.65831041913614,0.396513498692681,0.242290397124055,0
32,0.0250074426912772,-1.02773493307619,0.868228615744179,-Inf,0,0,-0.804651419397132,-0.840177499927667,0.768602325281155,0.570036531477732,1
32,0.35010419767788,0.285300675951231,0.74917204095953,-Inf,0,0,-0.560700904187142,-0.312471871679514,0.936955685621564,0.62384080258683,2
32,0.650193509973206,3.28167698145376,-0.859889804251477,0.448465170012787,0.127137139584264,-0.00325406198650795,0.778843172068988,0.298781019627302,0.00481595434816168,-0.247395009248676,3
32,0.758559094968741,3.45922045368537,-2.19992685664187,0.73817657874718,0.255471851205226,-0.00711609430407556,0.993373197569348,0.34092598837379,0.102721263288647,-0.93081355642391,4
32,1.14617445668354,5.46104608136523,-1.94368991717936,0.73817657874718,0.123752351661445,-0.00153570971128647,1.7529437408787,1.00701519042311,0.0106255691816974,-0.770087602656456,5
32,1.27954748437035,0.232213157808657,-1.20327027632511,0.73817657874718,0,0,-0.550117308406738,-0.280938047484892,0.686691754267052,-0.609008931147201,6
32,1.69217028877642,-0.240398418755649,-0.189451478690927,0.73817657874718,0,0,-0.555119730713567,-0.359195816723666,0.821482652723727,0.186066441765979,7
32,1.81720750223281,0.986783778840327,-1.02590086511343,0.73817657874718,0,0,-0.171337101907936,-0.239848095280088,0.161226307661359,-0.352294955205585,8
32,2.20065495683239,2.75391311900619,-0.359441284001762,1.85139058297142,0.124716141357254,-0.0020249959692093,0.741433682407216,0.183811320006763,0.0400099552979967,-0.0865525214732698,9
32,2.27150937779101,3.85397302112419,-1.25909167513174,1.85139058297142,0.123553453009305,-0.00143473500940634,0.841013741218323,0.75662722129057,0.678296657210563,-0.769607264900461,10
32,2.66746055373623,0.79737207618648,-2.83309916834207,1.85139058297142,0,0,-0.470176915496835,-0.185465907610563,-0.373894870824268,-0.876237389414544,11
32,2.86752009526645,2.06984721400906,-1.79456240652172,1.85139058297142,0,0,0.159322695502588,0.12775645346139,-0.53661470109101,-1.05193146531427,12
32,3.02173265852932,3.67895164746404,-2.56441757978867,2.9118354916286,0.128644046753211,-0.00401907220911184,0.970263827403566,0.431798070838804,-0.0566177375589965,-1.10900653197987,13
32,3.3384935992855,2.85214980457268,-3.02566175971087,2.9118354916286,0.123446145903614,-0.00138025850646478,0.478544032701165,0.247885047004599,-0.781198670813351,-1.79047748826406,14
32,3.50937779100923,4.33500085596612,-2.23687129448043,2.9118354916286,0,0,1.15163114224628,0.541748009675144,-0.549101294633205,-1.0270544024149,15
32,3.99285501637392,-0.162932325381552,0.473709565503894,2.9118354916286,0,0,-0.466408132374955,-0.424706515578897,0.830134812485974,0.569226266576273,16
32,4.13456385829116,0.97395411545966,-0.324831593818131,4.04472246339294,0.128973152715841,-0.00418614914053878,-0.415460408674005,-0.393745446574086,0.895838837835022,-0.0628156837681016,17
32,4.43465317058648,2.43317164559248,-1.22014932901393,4.04472246339294,0.124048825595169,-0.00168622036960951,0.169309713965249,0.0744588994513152,-0.108015295939154,-0.487021438702352,18
32,4.54301875558202,4.42357758147016,-1.573484502858,4.04472246339294,0.122270596357125,-0.000783468313440769,1.44138319534996,0.592451760900452,0.0735676958117528,-0.47449642620766,19
32,4.90145876749032,-0.249589192286172,0.187302727165574,4.04472246339294,0,0,-0.27995650964687,-0.550762875824606,1.53744375885253,0.465049123924042,20
32,5.14319738017267,0.852295503763553,0.128237826416322,5.06498336148484,0.129163952593307,-0.00428301234468374,0.236412013430179,-0.322928597220475,0.669784366735308,0.498922127959612,21
32,5.41411134266151,3.48053754730582,-0.605447120237385,5.06498336148484,0.124718379498258,-0.00202613220426232,0.922678082154836,0.144922725513726,-0.0429241029088971,0.0607500315228037,22
32,5.6058350699613,2.99059282890432,-1.15607693274977,5.06498336148484,0,0,0.779577284799693,0.255565571496289,0.124121763056497,-0.316369805870106,23
32,5.90592438225662,0.00547878458374971,-0.42812661273285,5.06498336148484,0,0,-0.414444561535138,-0.51157363238386,0.994060079006859,0.429906799308648,24
32,6.00178624590652,0.866418317960469,-0.347715146336956,5.06498336148484,0,0,-0.300353819685559,-0.183333665118027,0.494389741375404,0.0215138915217792,25
32,6.45192021434951,-0.003719926729529,0.861943245158058,5.06498336148484,0,0,-0.79468995711108,-0.397676215097267,1.31065370870357,0.80456287146313,26
32,6.50193509973206,-0.248959846562158,0.595601145877355,6.47925074686153,0.13007516878187,-0.00474560865694375,-0.70376025548844,-0.642237709924675,1.25580525527072,0.887615826389544,27
32,6.86037511164037,4.34855763051588,-2.09739801821863,6.47925074686153,0.124193333609983,-0.00175958262500239,0.910170926454772,0.663873256153739,-0.219925734294191,-0.700814384480149,28
32,7.10211372432272,2.87542550461176,-3.86152868027071,6.47925074686153,0,0,0.311076347648501,0.386678770465181,-1.20403336039388,-1.90147109690077,29
32,7.2604941947008,-0.144422179672923,-1.2234710050359,6.47925074686153,0,0,-0.262980997374397,-0.605056225332436,0.360418416419886,-0.15357902483545,30
32,7.63560583506996,1.51265347323636,0.655011237137141,7.49843072310233,0.128196428263697,-0.00379183012853569,-0.205991969752835,0.0994559207370968,1.11421046207421,0.788034489731248,31
32,7.81899374813933,3.16461239756676,-1.66023446346954,7.49843072310233,0.125187117245508,-0.00226409587963505,0.484561115902977,0.148262561744637,0.061485062138774,-0.736295270038915,32
32,8.01905328966954,1.81509140262244,-1.02212329350008,7.49843072310233,0,0,0.39107453484107,0.0492937701309898,-0.347465885090477,-0.577360682008648,33
32,8.41083655849955,-0.503376902670566,-0.511590327145289,7.49843072310233,0,0,-0.355754060199542,-0.375997421357958,0.354898888395073,-0.133167249886149,34
32,8.61089610002977,0.783266031076813,0.599019528537307,7.49843072310233,0,0,-0.201246732664596,-0.28742134666664,1.40418524722349,0.409213491720154,35
32,8.86513843405776,3.25678922129268,-1.64709925706415,8.74854745802899,0.12853420443465,-0.00396330865692596,0.750517102139124,0.28814060079131,-0.724220747601849,-1.01591400530742,36
32,9.10270913962489,2.84030406844519,-0.96072626298925,8.74854745802899,0.124635778797454,-0.0019841983799414,0.633379798141825,0.192022059707006,0.162614470532182,-0.300735794295351,37
32,9.30693658827032,0.325032506363981,1.3102618444017,8.74854745802899,0,0,-0.321925283688359,-0.34035302374736,1.46772614406453,1.01934297590799,38
32,9.55701101518309,-0.0968425760087558,-0.415963788492331,8.74854745802899,0,0,-0.409043094158004,-0.521381297381864,0.554670062755759,-0.0104749544596443,39
32,9.9154510270914,3.07604547038267,0.601205070170732,9.81202227820893,0.128750190507627,-0.00407295811455201,0.646936032994339,0.361588317244526,1.33847200110632,0.876204173443588,40
32,10.0946710330456,2.63614567508761,-0.185894432130955,9.81202227820893,0.125809272921723,-0.0025799450985822,0.536812785747622,0.135463552623592,0.536194108715287,-0.0998425995961023,41
32,10.37808871688,3.55305012722194,-2.34369889319062,9.81202227820893,0,0,0.869673466083199,0.369733019615006,-0.416673823603482,-1.10626490278853,42
32,10.7448645430188,0.695924872647994,-1.46678709418008,9.81202227820893,0,0,-0.0439634797393649,-0.115049285066389,-0.161550051580554,-0.652328098063769,43
32,10.8115510568622,0.184119391968619,-1.90395233437446,9.81202227820893,0,0,-0.778619545426338,-0.335711932298534,-0.0697401367964166,-1.0883655977796,44
32,11.2158380470378,4.09568932675583,-1.63997608610347,10.9752160021623,0.126498911836456,-0.00293005347323805,1.46367447994215,0.675401588963969,-0.171241148244107,-0.921798818634002,45
32,11.4450729383745,5.13079890469935,-2.56370469992417,10.9752160021623,0.12273727306372,-0.00102038566211157,1.5411036103085,0.654873129850762,-0.782918301986831,-1.41469556671154,46
32,11.5826138731765,1.11209245954436,-1.48210395244745,10.9752160021623,0,0,-0.0318150152731638,-0.212808529179955,-0.387939041845007,-0.514734024233507,47
32,11.9535576064305,1.00968326587416,-0.772910504784847,10.9752160021623,0,0,0.0388044434758521,-0.0338832478803953,0.802971216041962,-0.21027949448513,48
32,12.1244417981542,1.92843512546028,-0.102051650112847,12.0025889015094,0.12844785874582,-0.00391947361782592,-0.0648508176897145,0.00836203520088517,1.0822572057662,0.507822587934953,49
32,12.4370348317952,2.90683247535629,-0.483563982436505,12.0025889015094,0.123318351328403,-0.00131538114810749,0.674298721218552,0.158229373383286,0.0961835522191175,-0.115677920969988,50
32,12.6829413515927,0.433614141194302,-0.487958157346368,12.0025889015094,0,0,-0.444921333405326,-0.191273316522215,0.00142138838069794,-0.278935742366472,51
32,12.9997022923489,-0.799566256102951,-0.11644943024743,12.0025889015094,0,0,-0.688116473951477,-0.443235484115338,0.68970420971339,0.170018826979282,52
32,13.1414111342662,-0.617503649500895,-0.0674440669264403,13.0950572331221,0.129686762418478,-0.00454842674376409,-0.548579075914809,-0.72256075550184,0.685225647991577,0.427425804365191,53
32,13.3748139327181,1.56290552981754,-1.23342834942321,13.0950572331221,0.12585673021346,-0.00260403769970682,0.128205902377305,-0.0544151761636933,0.201747362449798,-0.557814121135347,54
32,13.7165823161655,0.044876373687175,0.252263682374906,13.0950572331221,0,0,-0.239530197303606,-0.40412108574045,0.649568002721696,0.315587671031948,55
32,13.9041381363501,2.90806908585031,-0.526241552897621,13.8049603165011,0.128819946291222,-0.00410837097118658,0.730735938274528,0.303917198559413,0.758157974269688,-0.0721227623473185,56
33,0,0.348805903484503,-0.21229014654636,-Inf,0,0,0.511572970532666,-0.0571489547763125,0.311254163784046,0.190626028928948,0
33,0.104197677880322,0.324153234437257,-0.410997835510876,0.0862677258322947,0.130153186305188,-0.00478521574362761,0.0545363295418461,-0.166430031389322,-0.00192202443916051,0.362948588396122,1
33,0.329264662101816,4.11704557871307,-2.2524882561036,0.0862677258322947,0.126459940964686,-0.00291026916543109,1.79466194070334,0.832582973096711,-0.432336237170489,-1.05158684152273,2
33,0.575171181899375,4.21947305350293,-3.08555650851122,0.0862677258322947,0.122424728463025,-0.000861716422586881,1.73791631215352,0.90600341280926,-1.12795646699031,-1.28930730827925,3
33,0.816909794581721,0.384600127854464,0.417119269345501,0.0862677258322947,0,0,0.363510330345998,-0.0833719740474161,0.281155231038798,0.73761434646968,4
33,1.04197677880322,0.977553408108752,0.528600831396612,1.00174971346099,0.129787300966358,-0.00459946705898936,0.49614004565263,-0.1076484337614,0.458558184720922,0.854213139124392,5
33,1.31705864840726,3.85651757727154,-2.47942593870502,1.00174971346099,0.125273334439084,-0.00230786568563815,1.71939978927216,0.683773911366975,-1.03710465766408,-0.69265826806897,6
33,1.5879726108961,2.62927459369001,-2.88823421071214,1.00174971346099,0,0,1.08368102491425,0.428977370794292,-1.49919661273798,-1.40335561748243,7
33,1.94224471568919,0.944570910330831,-1.76536027670567,1.00174971346099,0,0,0.333260340988935,-0.00141840260211275,-0.568979506332377,-0.649343116505742,8
33,2.0089312295326,1.82792473639214,-0.964669970539021,1.00174971346099,0,0,0.809914708262303,0.208860440172403,-0.187353124035032,0.038737753114081,9
33,2.33819589163441,0.284901976162461,-0.631688071671876,1.00174971346099,0,0,-0.0104614104726454,-0.291429045224228,-0.363828111178293,0.505252428714444,10
33,2.62994938969932,3.64012323954248,-2.56652235050779,2.34434407010782,0.125760757058552,-0.00255531509347642,1.63985874790991,0.58329277830018,-1.22101275353989,-1.07903593283324,11
33,2.78416195296219,3.53641774764033,-1.89548341159218,2.34434407010782,0.123230200065973,-0.00127062947508194,1.15253641798998,0.575573676352432,-1.16703956516585,-0.449869384194473,12
33,3.00506103006847,1.59853284535972,-0.534520095563576,2.34434407010782,0,0,0.947283952014245,0.194783779583016,-0.745349552679112,0.0345446746873168,13
33,3.28014289967252,0.0528157481840949,0.799172766163678,2.34434407010782,0,0,0.159598241085362,-0.303497817696803,0.874600848530215,1.10349644436584,14
33,3.54688895504614,0.607430836045856,-0.619011141326041,2.34434407010782,0,0,0.0929574294755248,-0.0770744430599323,-0.103297479377198,0.218153863133958,15
33,3.89699315272403,1.75000697312795,-0.415138481381381,3.58969936498369,0.125404859305666,-0.00237463679771202,0.825992943106703,0.213979508833922,0.0617955937322434,0.2062243925143,16
33,4.22625781482584,0.931707465131176,-1.07651163424197,3.58969936498369,0,0,0.401830678404726,-0.232319862394246,-0.34187731320026,-0.240842173390035,17
33,4.4388210777017,2.26556904073816,-0.139712919187243,4.26384397548838,0.127576115049745,-0.00347691627075536,0.954320467842384,0.200355026897861,-0.251746246757255,0.396183117483642,18
33,4.72640666865138,3.05079683055556,0.255836982213953,4.26384397548838,0.122856968225769,-0.00108115119861547,1.17912594072916,0.572389797107582,0.136958173878994,0.563486984952047,19
33,4.80559690384043,1.3425359386084,-1.50041595660048,4.26384397548838,0,0,0.381384369527541,0.202721219000262,-0.654575162709919,-0.542777634878323,20
33,5.10568621613576,-0.723428133808899,0.137068310188703,4.26384397548838,0,0,-0.373956799743382,-0.400474938156622,0.171944472779028,0.343381288024263,21
33,5.30574575766597,-1.04228594228948,-0.217333041173265,4.26384397548838,0,0,-0.131321642292862,-0.383838984366281,-0.222173468718122,0.135067825028109,22
33,5.52247692765704,1.74772312417735,-0.116053798455021,4.26384397548838,0,0,0.777869689658819,0.104855444892924,0.335938745950601,0.442743933784182,23
33,5.86007740398928,4.61697257558801,-1.93257874928224,5.62105070719531,0.126525090762153,-0.00294334370519479,1.8813623734749,0.914231601628054,-1.04852888240599,-0.583338851952154,24
33,6.21851741589759,2.07668225326878,-2.05712339377191,5.62105070719531,0,0,0.937711132050765,0.352126183919773,-0.701723266387453,-0.286232503676677,25
33,6.26436439416493,1.47460744325265,-1.50302995731294,5.62105070719531,0,0,0.568624506034715,0.311520822011888,-0.909797074963729,-0.360870423258575,26
33,6.61446859184281,0.138214564303446,0.677036869646679,5.62105070719531,0,0,-0.208818462424893,-0.220993422427056,0.137721986969892,0.790664137386258,27
33,6.95623697529027,4.99338716800801,-1.99401279374218,6.66332262907034,0.125640819304766,-0.00249442640065299,2.13465268261509,1.12367185657751,-0.529064306303059,-0.598969363323712,28
33,7.01875558201846,5.57484478150432,-1.85622829922949,6.66332262907034,0.124614917821293,-0.00197360790670939,2.72059542988789,1.00648421717985,-0.843515986335758,-0.54646597302035,29
33,7.31884489431378,5.11498322410413,-2.46512316215638,7.14727392146507,0.127632008060657,-0.00350529142590866,2.08799045992903,1.06522596952927,-1.85263708750571,-0.76274474332454,30
33,7.53140815718964,3.85498854872263,-1.81960059380031,7.14727392146507,0.124143943016849,-0.00173450854650042,1.80299418086453,0.61557918872547,-0.877319018362105,-0.311120405636313,31
33,7.9398630544805,1.96923502055008,-1.27059778866064,7.14727392146507,0,0,0.754194701493266,0.274813962103689,-0.790795174497138,0.121413648188423,32
33,8.15659422447157,1.03213575009614,-0.804895978475526,7.14727392146507,0,0,0.592669544135244,0.0614813775349817,-0.793978980996105,0.160554907881484,33
33,8.38999702292349,-0.345053651981788,0.12541226723107,7.14727392146507,0,0,-0.0735141521204582,-0.317384363546034,0.205046798629971,0.753975274821284,34
33,8.53587377195594,-0.21082378630858,1.076053659411,7.14727392146507,0,0,-0.0111864823424553,-0.37170216183668,1.04529985911798,1.19836688982341,35
33,8.88181006251861,1.43993239962555,0.577449940705485,8.63844641340861,0.126453923376192,-0.00290721422164227,0.260376254468478,0.238529976863118,0.0959690201501675,0.760682030745373,36
33,9.24441798154213,2.28774614572383,-1.34387455088632,8.63844641340861,0,0,1.07602985102506,0.415102327334082,-0.675061329940083,-0.377011479347829,37
33,9.25692170288776,1.82270326143937,-1.35716701424594,8.63844641340861,0,0,0.445602135722826,0.406059696672535,-0.652383415630413,-0.131873522247789,38
33,9.71955939267639,3.31141478780356,-0.925315626583181,9.27192887333938,0.123101998306937,-0.0012055454020436,1.10848177359721,0.598091325261146,-0.485989739606005,0.093091513430386,39
33,9.76123846382852,4.22128452874412,-1.88251198156579,9.27192887333938,0.122418063984621,-0.000858333072747491,1.35710561080271,0.891183166799986,-0.612050892959336,-0.53833864277163,40
33,10.2447156891932,1.63616170785833,-0.808991886390943,9.27192887333938,0,0,0.568061057023738,-0.0867664330921355,-0.263427154014645,0.251854483444252,41
33,10.3072342959214,2.36205891727299,-1.04788568257825,9.27192887333938,0,0,0.678949941708458,0.465486839614465,-0.452137124384311,-0.126985922429155,42
33,10.7115212860971,0.0930794776897108,-0.514876684684855,9.27192887333938,0,0,0.064152320337116,-0.36195381507453,0.148717661287707,0.34579066054071,43
33,10.828222685323,0.7955768557562,-1.45481682120769,10.7859267963616,0.12975335252553,-0.00458223248422818,0.462376175485568,-0.158784520622581,-1.25816375245162,-0.473835204326823,44
33,11.0366180410837,0.949471893582289,-2.22677828253298,10.7859267963616,0.126333680913954,-0.00284617083774991,0.572911022744939,-0.153098708031633,-1.39993727807767,-0.586104253718361,45
33,11.4534087526049,1.53781714375932,0.0846906170089785,10.7859267963616,0,0,0.870789971657482,0.105374752050887,-0.377920690772826,0.545160708886543,46
33,11.7159869008634,1.6167940554915,-1.91181509813498,10.7859267963616,0,0,0.676729689153814,0.219139640627447,-0.776924190652393,-0.850752091010282,47
33,11.9410538850848,4.67904670971433,-3.37323013268262,11.7342173028307,0.127053315685706,-0.00321150718246857,1.54618513858333,0.799558173207285,-1.61634962622085,-1.37565749215695,48
33,12.0869306341173,5.24400316273806,-3.72720516220244,11.7342173028307,0.124659545557653,-0.00199626402993497,2.25968559225821,1.08808299577386,-1.75400083746527,-1.77622665347905,49
33,12.3786841321822,2.97832792474808,-2.9140716572654,11.7342173028307,0,0,1.30975578065409,0.555169254021229,-1.88183035939449,-1.37847994221859,50
33,12.7412920512057,1.64976687808656,-0.0487522589611802,11.7342173028307,0,0,0.806896127286125,0.28194646348215,0.64534600952331,0.556020455083346,51
33,12.8496576362013,0.897177903160717,-0.109577621567204,11.7342173028307,0,0,0.600189746768225,0.107128530016741,0.439916013594996,0.437137799509629,52
33,13.0622208990771,1.75133122039947,-1.35987158364533,11.7342173028307,0,0,1.06283777650203,0.0549735486665634,-0.768685629889732,-0.454086162494964,53
33,13.3122953259899,5.47259280537675,-2.60959186780376,13.066428577762,0.126412848674924,-0.00288636186454581,2.29197743021432,1.09005081215837,-1.01478310904744,-1.12302855337416,54
33,13.7332539446264,1.20537091036476,-2.30073257860936,13.066428577762,0,0,1.05160507891766,-0.202186918244975,-0.79622984802877,-0.848974827867802,55
33,13.8958023221197,3.67689103932894,-1.10024575793895,13.7645136823645,0.128293022556012,-0.00384086806704247,1.59111414124771,0.560259781138064,-0.920050123862243,-0.000571829443465371,56
34,0,0.93762083388555,0.0904400121776834,-Inf,0,0,-0.243320096734126,0.505394585821495,-0.133337891002467,-0.715556918228569,0
34,0.17505209883894,-0.136923033769732,1.32274371824127,-Inf,0,0,-0.394339763670767,0.295017577576332,0.81986373359654,0.34306483526297,1
34,0.308425126525752,0.59921385804072,1.13975157549171,0.199434955394827,0.128658930135202,-0.00402662804241576,0.262480454433958,0.390574205711698,0.243336476590301,-0.0925582695343724,2
34,0.683536766894909,4.4863860034953,-3.44640603332022,0.199434955394827,0.122503521234363,-0.00090171707875504,1.49563758375408,1.32164520179108,-1.80628289855488,-2.79108628227657,3
34,0.925275379577255,1.4312603159748,0.28830752394596,0.88991710867088,0.12986719563606,-0.00464002711491705,0.287134031741862,0.756569393825143,-0.310855047070582,0.284631790712984,4
34,1.07532003572492,1.86214583834432,-0.109350484136197,0.88991710867088,0.127405032075727,-0.00339006272945258,0.443423936925028,0.743712271987107,-0.492479233130335,-0.242890860056097,5
34,1.28371539148556,3.56240558722429,-0.326973291282858,0.88991710867088,0.123985360464143,-0.00165400108297431,1.43289060058869,1.08327068837882,0.0832960127375413,-0.943355016661811,6
34,1.70884191723727,1.4198778290816,-0.590191512801016,0.88991710867088,0,0,0.390435047232839,0.596528064549829,-0.750640295861013,-1.15496482310691,7
34,1.87555820184579,-0.0264684232294806,0.11266478497959,0.88991710867088,0,0,-0.332442341651843,0.0959588851695757,-0.335771504307623,-0.600111211431346,8
34,2.22566239952367,4.5385046272769,-1.00601117051213,1.95838001598246,0.126061427982914,-0.002707956434314,1.74246353624231,1.40924189639224,-0.335982927340964,-1.35525078249077,9
34,2.47156891932123,3.09450397124324,-3.06686297450544,1.95838001598246,0,0,1.20525477857542,1.04158172438411,-2.02214721676303,-2.84678613276495,10
34,2.721643346234,0.371276035630092,0.116656188009132,1.95838001598246,0,0,0.00347491552902074,0.403235711682868,0.157687338218739,-0.595215144301446,11
34,2.98422149449241,-1.32255416862538,-0.36659025785821,1.95838001598246,0,0,-0.795252297896235,0.0776697079685522,-0.250109508032085,-0.685845559649517,12
34,3.04257219410539,0.677322237307784,-0.0959878417458374,2.98826438162404,0.129556242404199,-0.00448216576418427,0.145500081765475,0.561890795267304,0.113659380193201,-0.549759571214575,13
34,3.43018755582018,3.43824422944857,-2.06488842940316,2.98826438162404,0.123195653206679,-0.00125309110173544,0.621372929535978,1.33427786884523,-1.09728531772515,-1.73926877489511,14
34,3.54272104793093,2.13607693774134,-3.11204351816385,2.98826438162404,0,0,0.606048896118802,0.909746017380869,-1.614688162978,-2.30290731904855,15
34,3.83030663888062,-0.53518349756598,0.729713400566232,2.98826438162404,0,0,-0.334128172820811,0.102641749973929,0.617917423717452,-0.108609795584353,16
34,4.03870199464126,-0.538290805063024,0.20314833271388,2.98826438162404,0,0,-0.475884927089672,0.223737010004259,0.499491248011703,-0.400610625124637,17
34,4.41381363501042,1.16065930181982,-2.83263012012899,2.98826438162404,0,0,0.000496552434581521,0.662783980316657,-1.97007416770271,-2.47182835418627,18
34,4.5055075915451,2.25073953861171,-1.33779953385363,4.4801254833744,0.13003089986246,-0.00472313469397605,0.856545424797892,0.90446137552387,-0.696878702288284,-1.52421218513738,19
34,4.87228341768383,2.63050867243595,-0.504811777765372,4.4801254833744,0.124012277826084,-0.00166766619617434,0.712414674369741,0.936146191452511,-0.332554686862996,-0.134603219121959,20
34,5.03483179517714,0.922345119829596,0.769277574484048,4.4801254833744,0,0,0.234204316161768,0.50090532565333,0.460579713793039,-0.175192116250116,21
34,5.49746948496576,0.951887347345959,-1.65964529359696,4.4801254833744,0,0,0.072212910667058,0.670962918786446,-1.29510743816083,-1.42504781901363,22
34,5.6058350699613,3.67561022344739,-1.64461366764787,5.50151484295762,0.12873556176311,-0.00406553155281714,1.37710884134363,1.02762792509012,-1.01825110427394,-1.4538148069689,23
34,5.91842810360226,3.53799681230287,-1.34962692706521,5.50151484295762,0.123606054345745,-0.00146143908310004,1.22780998257523,1.38105795116029,-1.06820405945529,-1.29414710057692,24
34,6.19767788032152,0.74783064473091,-0.458023084838148,5.50151484295762,0,0,0.0749040752841,0.433823982537252,-0.922927039082001,-1.19431322058977,25
34,6.36856207204525,-0.05356610538085,0.0094736634213775,5.50151484295762,0,0,-0.108414572829355,0.217858322009463,0.149502078001824,-0.240017445729152,26
34,6.63114022030366,0.252946718175076,-0.643263498148261,5.50151484295762,0,0,0.0848958178587344,0.317112074018513,0.102283915949034,-0.829409201737355,27
34,6.99374813932718,2.67762091111076,-1.49021083105751,6.78358526843457,0.126998732824287,-0.00318379714973162,0.645404575906337,0.970263337558452,-0.32069555709757,-1.79532214660279,28
34,7.02292348913367,2.9831222872789,-1.16726274988622,6.78358526843457,0.126519978798667,-0.00294074851922491,1.22997732604137,0.864480525183271,-0.733420719458896,-1.31470424458581,29
34,7.34385233700506,0.599788222631689,-0.0773401967820549,6.78358526843457,0,0,-0.0486112100914806,0.415518919416476,-0.239899940491358,-0.763329224434442,30
34,7.68978862756773,0.427709203833629,-0.131717843581492,6.78358526843457,0,0,0.20234588379907,0.563345412726034,-0.2975502604844,-0.505986768217605,31
34,7.82732956236975,-0.0095795667069743,-0.595317005965663,6.78358526843457,0,0,-0.353868397517417,0.267359625948906,-0.903238144835246,-0.964057808164937,32
34,8.18576957427806,5.61230186923378,-1.45829243586639,7.94057499536922,0.126423878663185,-0.00289196144890369,2.0003463315221,1.80653570950237,-0.697692023588464,-1.26283088858181,33
34,8.41500446561477,6.78434313588068,-3.27705647161823,8.26492669704334,0.250646941513953,-0.00466663669115373,2.66664599195253,2.09355941388426,-1.64448658076839,-2.53080459573749,34
34,8.54837749330158,4.82209795195077,-1.60093223035068,8.26492669704334,0.125796111792092,-0.00257326359962962,1.795409909965,1.30063355224402,-0.919685189467714,-1.47463665430148,35
34,8.96933611193808,1.10782350129431,-1.32641416704311,8.26492669704334,0,0,0.125935806607041,0.517879071178829,-0.747691504675384,-0.951008513661772,36
34,9.14438821077702,0.181072487128153,-2.26362653038302,8.26492669704334,0,0,-0.50598690145424,0.528403113852908,-1.765971637755,-2.05751060007479,37
34,9.44447752307234,-1.24239270910709,-0.616691637380078,8.26492669704334,0,0,-0.520767591677392,0.143829180230215,-0.0595061661746055,-1.0330591987255,38
34,9.51949985114618,-0.450765126318345,0.385992274908714,8.26492669704334,0,0,-0.451650648221913,0.237830732166231,0.327583859371773,-0.575719406787597,39
34,9.89877939863054,3.84940216921947,-2.37540794789163,9.63570101760113,0.126130413723932,-0.00274297836412493,1.3419146037967,1.25564731534855,-1.14014309337018,-2.34867101734286,40
34,10.1530217326585,2.86068854734786,-1.82456013745444,9.63570101760113,0,0,0.929443751292847,0.854296978882003,-0.318808426020959,-1.58684935426629,41
34,10.4114319738017,1.92858399006504,-1.52697780557064,9.63570101760113,0,0,0.565855264129516,0.744385099549408,-1.12795544112117,-1.25515560988325,42
34,10.5406370943733,-0.258552766777658,-1.79532251995797,9.63570101760113,0,0,-0.405108459157195,0.197514306708286,-1.12722469485659,-1.98510663973489,43
34,10.828222685323,0.277198572192869,0.489655147706044,9.63570101760113,0,0,-0.215928079864995,0.368679482192189,0.682879239330521,-0.0820619510345212,44
34,11.2241738612682,3.548833365687,-2.15320275196858,10.855374009447,0.124395573179761,-0.00186225340755933,1.41299870769782,1.32708975195213,-1.22589756241906,-1.93239937435694,45
34,11.2533492110747,2.4128888464482,-1.98963204826825,10.855374009447,0.123916819154141,-0.00161920477705262,0.90111668418078,0.821999332830595,-1.24316298479087,-1.72325740143398,46
34,11.5075915451027,1.49185820379082,-1.44666753656851,10.855374009447,0,0,0.464296906416309,0.644668640326772,-1.33123049831255,-1.81832473920047,47
34,11.8410241143197,0.404095033978665,0.55846471966591,11.7431602212403,0.128841507223121,-0.00411931679031363,-0.00373176432594426,0.450024178500125,0.514790811124393,-0.563366698103522,48
34,12.0535873771956,2.43727734224368,0.866357155519403,11.7431602212403,0.125353442179313,-0.00234853391090585,1.12161785613129,0.86239960085528,0.413797415803298,-0.212943915088694,49
34,12.2786543614171,2.64295964246751,-0.821046236857481,11.7431602212403,0,0,0.65076468847459,1.06408922857281,-0.901515048192183,-0.970273464850363,50
34,12.6162548377493,0.406304866054817,0.328462331021208,11.7431602212403,0,0,-0.0117386557752211,0.50988471846784,0.422360741475506,-0.446026280021051,51
34,12.8621613575469,-0.405706030984098,0.517347213530545,11.7431602212403,0,0,-0.261351106077265,0.296389754103901,0.762693722921698,-0.493317334996295,52
34,13.0372134563858,2.58090615851922,-0.413311933663682,12.9035198202607,0.128253557675563,-0.0038208329662508,1.20083372813877,1.02237279090414,-0.73008785768424,-0.848480500964431,53
34,13.2831199761834,5.65571684057011,-3.64330747753071,12.9035198202607,0.124218345173902,-0.00177228022340543,1.85928526739958,1.72372357929973,-1.87182333531213,-2.61703912984423,54
34,13.6040488240548,0.90858946132724,-1.33710050414469,12.9035198202607,0,0,-0.183750607515245,0.622607225237853,-0.989731790361991,-1.59892220752177,55
34,13.920809764811,2.14595346934234,-1.02324252491998,13.7816483868752,0.128163834555813,-0.00377528330984768,0.387473269056906,0.785509314344602,-0.453657227153385,-1.38996772037951,56
35,0,0.221057229696877,0.668142419679994,-Inf,0,0,-0.508652994352487,-0.143667731460477,0.871309072205419,0.269956942166394,0
35,0.212563262875856,4.50952119988024,-0.47673819536228,0.125384534674231,0.129016845847482,-0.00420833079383093,1.405886793403,0.811904373514154,-0.0952657931783857,0.00465893243221584,1
35,0.491813039595118,5.73570701659496,-1.91733081005879,0.125384534674231,0.124434485887968,-0.00188200818755027,1.30688430499136,1.1199558972022,-0.937788217440251,-0.797671345320642,2
35,0.541827924977672,4.99035518067061,-2.24287376259895,0.125384534674231,0.12361376470119,-0.0014653533923956,1.28970987859446,0.899935732368201,-0.746284054944634,-1.28046270073279,3
35,0.950282822268532,-0.707620423850163,-0.686745200596934,0.125384534674231,0,0,-0.918961471437984,-0.644998022208751,-0.0315785063636107,0.211228800508315,4
35,1.1336707353379,1.39840480758437,-1.28948411839069,0.125384534674231,0,0,0.441877401781939,-0.00348441112180066,-0.657181100979314,-0.399209969726603,5
35,1.39624888359631,0.981772297728515,-3.10544137585232,0.125384534674231,0,0,-0.21782299638562,-0.00171376496744744,-1.34489459812025,-1.5677819807488,6
35,1.57963679666567,4.48248087957218,-3.0178818323098,1.43517297967158,0.128076823978011,-0.00373111072717125,1.25145895150274,0.894368674533315,-0.70648811438522,-1.46155556812597,7
35,1.78803215242632,3.98551265197819,-2.02784615925285,1.43517297967158,0.124657152366435,-0.00199504908069251,1.30761237112871,0.813186713220825,-0.61870527928134,-1.47005073133139,8
35,2.16731169991069,0.520863332202264,-0.733399005448406,1.43517297967158,0,0,-0.315912298822596,-0.0543468598762545,0.126274720266082,-0.159654564059419,9
35,2.35486752009527,4.06382450041236,-1.63682915878772,2.23446925368267,0.128471728556579,-0.0039315915834429,0.777672678092353,0.585731426641672,-0.255134220970255,-0.775615886817126,10
35,2.57993450431676,3.84035665271943,-1.00699603616402,2.23446925368267,0.124778483216075,-0.00205664500524616,0.736064913180995,0.592184997006863,-0.211567040818798,-0.305145908971663,11
35,2.77165823161655,1.65016649400273,-0.884978646735875,2.23446925368267,0,0,-0.175684835015852,0.123621039596042,-0.567331225730402,-0.429774614076428,12
35,3.13843405775528,2.4668719233628,-1.29629072544562,3.00034461055811,0.128181424444539,-0.00378421315301171,0.190270073726829,0.308995963617219,-0.603770789027392,-0.673865777805687,13
35,3.4010122060137,4.35252379786715,-3.40012331120296,3.00034461055811,0.123872638213966,-0.0015967754784494,1.21795590644593,0.693306491427215,-1.59064213190813,-1.69886471846386,14
35,3.70110151830902,1.44059720000893,-1.46555820126158,3.00034461055811,0,0,-0.113493318883896,0.143974951190042,-0.582743711372866,-0.540667594647996,15
35,3.76362012503721,1.33607870554528,-0.88341078726309,3.00034461055811,0,0,0.370810949897089,0.193236645433242,0.202556706582222,-0.034531984398225,16
35,4.10122060136946,0.248721343853073,-0.164498779423304,4.08683507087855,0.13021134862716,-0.00481474295790647,-0.12691635183565,-0.155338470834853,0.0151852551893959,0.481028364614182,17
35,4.4721643346234,5.01442102318254,-2.33099904976115,4.08683507087855,0.124124333158552,-0.00172455322717549,1.73481443493733,1.01322093710566,-0.940842368753503,-0.996581688979851,18
35,4.61804108365585,3.43813401282594,-1.3367857677397,4.08683507087855,0,0,0.890701819721432,0.480980892190687,-0.00199765189580625,-0.530864447515423,19
35,4.81393271807085,1.46859666596306,-0.0179820907373459,4.08683507087855,0,0,-0.602937249031947,-0.0338595693152002,-0.0871758099894009,0.341515783888179,20
35,5.16820482286395,0.0982321464063066,1.08258774344242,4.08683507087855,0,0,-0.349751089770913,-0.130746876244821,0.857189001803956,0.681673465365108,21
35,5.38910389997023,3.43689968047642,-0.427274809476363,5.25492620402052,0.128245614477214,-0.00381680044981902,1.01186459423789,0.573214413588665,0.125594289562251,0.146974476880768,22
35,5.72670437630247,2.18861225625903,-0.632588974422138,5.25492620402052,0.122705746466459,-0.00100438058252382,0.109145953614298,0.0976456517548672,-0.069169571660896,0.217085290228067,23
35,5.85174158975886,1.6232859974809,-1.30207041031122,5.25492620402052,0,0,0.180783047000105,0.0077840210441813,-0.606138950820964,-0.224318438347769,24
35,6.21018160166716,-0.878006572521318,-1.50825925173598,5.25492620402052,0,0,-0.712177335449501,-0.522417284448278,-0.946034330086425,-0.30861837353459,25
35,6.38106579339089,-1.01946558635303,-1.30260446627412,5.25492620402052,0,0,-0.997611001472347,-0.567655077347253,-1.26829976790112,-0.340174321549339,26
35,6.58112533492111,-1.68725813737315,0.635627843471818,5.25492620402052,0,0,-1.23224550603464,-0.665119748377161,0.920479607573146,0.524504541529246,27
35,6.94373325394463,0.423294924423158,1.66979502796293,6.86487641873626,0.129153404270872,-0.00427765728721195,-0.406582850411943,-0.126278559514084,1.04895521900791,1.75277956255272,28
35,7.0979458172075,2.80519812050531,0.810602464767655,6.86487641873626,0.126622847278304,-0.00299297166881804,0.653403111162654,0.546696065441018,0.678318994622438,1.03662554096661,29
35,7.27299791604644,2.27458333727898,-1.48538117959703,6.86487641873626,0.12375032312458,-0.0015346798857762,0.137071706504425,0.308935538312639,-0.651681859312032,-0.122988354820984,30
35,7.60226257814826,1.4905023116022,0.0317896280207446,7.52774368814336,0.129224587949657,-0.00431379504212862,-0.326209172863211,0.177311336103322,-0.118051424718612,0.0081060936631267,31
35,7.95236677582614,4.89187582160305,-0.796864723421068,7.52774368814336,0.123479539642208,-0.00139721147604489,1.35815039914838,0.927221906932073,0.380608707784603,-0.331216571940294,32
35,8.08990771062816,2.73548983168634,-1.47608207000627,7.52774368814336,0,0,0.481493639184832,0.296730533572382,-0.244100854258516,-0.57640281014606,33
35,8.25245608812146,-0.393530334070439,0.5918347711983,7.52774368814336,0,0,-0.700791690834727,-0.383911524926299,0.283380860419529,0.631162948426597,34
35,8.63173563560584,2.33990134233493,-0.430402244791587,8.34697530233265,0.125774622894041,-0.00256235434986271,0.354282835376169,0.294800870764823,-0.194361754630585,0.214800608082691,35
35,8.88181006251861,1.25462203235725,-2.04812167241971,8.34697530233265,0,0,-0.385659480061641,0.0952295030154555,-0.831579383647153,-0.599643841749517,36
35,9.05269425424233,-1.08819106376712,-0.732524620057738,8.34697530233265,0,0,-1.37277523363241,-0.700994656353067,-0.188441628341664,0.0866069357346963,37
35,9.3319440309616,-1.22074798391736,1.99045518254387,8.34697530233265,0,0,-0.994084318035629,-0.550290727388973,1.12142801519968,1.81352300700962,38
35,9.58201845787437,1.9445545507857,1.74355452456744,9.44375847990875,0.128178626113319,-0.00378279252669519,0.350752022376448,0.306176208743232,1.1048261908023,1.75098735104945,39
35,9.79041381363501,3.24304503395381,-0.546088687223279,9.44375847990875,0.124758954501742,-0.00204673088021692,0.916540956184759,0.584184691892245,-0.311050068124246,0.120328201805985,40
35,10.1655254540042,0.0416693596055245,-2.52478331567731,9.44375847990875,0,0,-0.293040840292409,-0.219808463058555,-1.01360610104033,-0.990017382267446,41
35,10.4822863947603,1.1899773251404,1.13353553173146,10.367791893129,0.128568606611969,-0.00398077357969676,-0.189357368313194,0.102665714292847,0.588662905441638,1.14847031320502,42
35,10.5698124441798,2.78411624623971,-0.0545281523765445,10.367791893129,0.127132344535107,-0.00325162768817616,0.707555570163428,0.430892821393751,0.42720060199311,0.569784938610908,43
35,10.76987198571,3.93250824917706,0.159850396241942,10.367791893129,0.123849459787994,-0.00158500850755777,0.92805747662023,0.761388542297476,0.400262695569304,0.365678324641786,44
35,11.0782971122358,-0.0295961773244642,0.642880719875327,10.367791893129,0,0,-0.829798717131945,-0.169605419457525,0.506497225521335,0.76149448959426,45
35,11.3992259601072,-1.60180032030948,1.1081528310955,10.367791893129,0,0,-1.59341435274458,-0.802861226059507,1.30987922321424,1.24238289274163,46
35,11.6826436439416,0.253225001451699,-0.784312058974147,11.5663781883464,0.128539546074733,-0.00396602044259706,-0.338209972811042,-0.204075212624555,-0.178633604320184,-0.111477159945653,47
35,11.8785352783567,3.58577769952255,-0.718693595416269,11.5663781883464,0.125325054759902,-0.00233412249490947,1.15610323312137,0.619347680684334,-0.00741290586923393,-0.0702258654360015,48
35,12.1869604048824,1.82267378763386,-3.62617576511993,11.5663781883464,0,0,0.333039737275252,0.226897507840667,-1.62536172829313,-1.93547860099458,49
35,12.4703780887169,-0.265074396896207,0.00102229400008178,11.5663781883464,0,0,-0.806561725659537,-0.157148804585234,0.561030091003193,0.157094431606172,50
35,12.7121167013992,-1.59017498013937,0.683786440426815,11.5663781883464,0,0,-1.37182737776263,-0.673494433242786,0.656030070597331,0.723945603834468,51
35,12.7913069365883,-0.0867638055334125,0.386533033859248,12.7620275981742,0.129966948112749,-0.00469066836607523,-0.879626956883596,-0.121421927042034,0.537533847904091,0.587490581988237,52
35,13.0955641559988,4.1384884088228,-1.27454496142983,12.7620275981742,0.124974227559848,-0.00215601836221735,1.0925964232137,0.711177402890395,-0.512300964701136,-0.887951345965949,53
35,13.4581720750223,1.22079093197804,-1.86795584592677,12.7620275981742,0,0,0.0569775410128462,-0.0559265378094489,-0.418660242170538,-0.588099925279552,54
35,13.5540339386722,0.152849694845148,-0.93390374605009,12.7620275981742,0,0,-0.392834650126077,-0.265150602420247,-0.63577095799113,-0.0554004618522727,55
35,13.9458172075022,2.50751541021349,-1.26058814883775,13.928895913274,0.130169737914536,-0.00479361848441505,0.503723794956383,0.424675632626399,-0.210035089647915,-0.553272542251834,56
36,0,1.33650273038715,-0.619026275091544,-Inf,0,0,-0.376600596612949,1.19721124683184,-0.452361779731909,0.518216757150548,0
36,0.137540934802024,1.42718048224662,-0.591359665800326,0.13037249953486,0.130329777829019,-0.00487486580551599,-0.176969172344471,1.41271942836129,-0.76322157070891,0.458320162772861,1
36,0.433462339982138,2.57749237579001,0.586026496381732,0.13037249953486,0.12547384414058,-0.00240965826751711,0.273781590700912,1.68906042650275,0.453342375072454,0.752980509457623,2
36,0.683536766894909,1.5963788664344,-0.952948406787101,0.13037249953486,0,0,-0.0352746479644052,1.44481704604335,-1.50116783677463,-0.402865633082116,3
36,0.750223280738315,1.9779941326426,-1.99026956305019,0.13037249953486,0,0,-0.0922827129406229,1.63402126657311,-1.51125123055136,-0.636464196163969,4
36,1.08782375707056,-0.719435916433839,-0.597721510592375,0.13037249953486,0,0,-0.915314891764944,0.906593979106218,-1.0089664775611,0.19203918415556,5
36,1.33789818398333,3.54746321701396,0.0978688398657067,1.11293926911715,0.12675593657119,-0.00306053699180558,0.680080096825837,2.01422239881595,-0.477728266638762,0.42402400749495,6
36,1.72134563858291,1.77250415074124,-1.0242402064121,1.11293926911715,0,0,-0.0347543658721475,1.51795460119089,-0.552872797666687,-0.366131784990371,7
36,1.92140518011313,-0.169298950573837,-0.751077051865532,1.11293926911715,0,0,-0.83062573167657,1.19753214693154,-0.304399328270603,0.0123031548173609,8
36,2.23399821375409,-1.12669691383711,-2.13076986463623,1.11293926911715,0,0,-0.963600985443293,0.530242757420134,-1.50300663778109,-0.752930088218671,9
36,2.2673414706758,-0.276977783322816,-1.40100592239191,1.11293926911715,0,0,-0.76468661591495,0.922187064618381,-0.840817767754025,-0.203875845118877,10
36,2.54242334027985,-0.389720556856013,-0.93993615999824,1.11293926911715,0,0,-0.936190478165693,0.89467471617825,-0.987019439537912,-0.196012951213849,11
36,2.85501637392081,4.25731959224901,-0.408415769054502,2.55154892715733,0.125467647795203,-0.00240651257436733,1.02407575118236,2.14272885370285,-0.58077122481298,0.295234167350821,12
36,3.12176242929443,4.29556969068171,-3.47491716631556,2.95331575681384,0.12768327638779,-0.0035313187719653,1.15030954306633,1.95615946106837,-1.37348712487656,-1.70241695972792,13
36,3.4676987198571,3.05114432929827,-1.36528769205908,2.95331575681384,0,0,0.357058764997232,1.94586703343307,-1.07751048201025,-0.00429839682048933,14
36,3.68026198273296,1.39843017903915,-0.901236420726644,2.95331575681384,0,0,-0.0552154894083854,1.43270356815505,-0.622895510802165,0.213613409142868,15
36,3.83447454599583,1.03861691325367,0.822677747652409,2.95331575681384,0,0,-0.681813809332242,1.36868082718185,0.435998545559383,1.25920736922926,16
36,4.04703780887169,-0.0869644676284867,1.81469997438933,2.95331575681384,0,0,-1.13580597444514,0.921313147611262,0.247799959957059,1.61186003725443,17
36,4.4721643346234,3.34307510559183,-1.86455792882828,4.11301618348091,0.124553953133523,-0.00194265801787541,0.83226742000778,1.84828999708453,-0.993484671998051,-0.384893600933406,18
36,4.68889550461447,1.62244138504141,-1.3225269353347,4.11301618348091,0,0,0.0739655408905362,1.40554045766246,-1.05992778796454,-0.363042701815498,19
36,4.99315272402501,-0.904232765461032,-0.311841226231992,4.11301618348091,0,0,-1.16523310406249,0.835947201301354,-0.411500386364388,-0.0585477292357228,20
36,5.14736528728788,1.45257320689151,-0.242684031423444,5.01562081763091,0.128285542597719,-0.00383707072325455,0.124386741212366,1.44631094738702,-0.572750591950467,0.399859179722249,21
36,5.39743971420066,6.31840652485699,-3.08319664803005,5.01562081763091,0.124181936663828,-0.00175379674748061,1.73674785803388,2.52721318402178,-1.25652627422713,-1.30484916175838,22
36,5.68919321226556,2.48107229771662,-1.2286364963933,5.01562081763091,0,0,0.358604278515222,1.68739001229531,-0.986585835406707,-0.204153606555694,23
36,5.7683834474546,1.52460186834805,-2.229635873669,5.01562081763091,0,0,-0.304396026106152,1.26109155006608,-1.3953140524869,-0.546935620175732,24
36,6.24352485858887,1.71891249649084,-2.86163607639072,5.01562081763091,0,0,-0.0240741966475215,1.43238049708824,-1.5005058386759,-1.07213452556075,25
36,6.34772253646919,1.08888890895227,-0.14265908416456,5.01562081763091,0,0,-0.8295870000155,1.30043339958878,-0.284061081936222,0.57181416096821,26
36,6.74367371241441,1.3516326414284,-0.669252775009539,5.01562081763091,0,0,-0.183236058953431,1.19802756718709,-0.813483875246212,0.384104363707315,27
36,6.8687109258708,-0.351417549666841,0.482938911462611,5.01562081763091,0,0,-0.98848743198873,0.905988031222955,-0.270723354827842,1.15340271092413,28
36,7.24799047335517,3.32471886531845,0.0472438092168521,6.88826897168854,0.124544544716028,-0.00193788165493174,0.725762058580409,1.74369685658,-0.117407006942683,0.496929067786798,29
36,7.33134861565942,3.05526549524195,-0.76759324380377,6.88826897168854,0.123176676071397,-0.00124345699634019,0.42335725818452,1.80727349917673,-0.796596785945311,0.269495326315147,30
36,7.52724025007443,0.995175296782957,-1.79154437680721,6.88826897168854,0,0,-0.146417346209779,1.38679085975134,-0.432304971950617,-0.847792725232792,31
36,7.83566537660018,2.66027174627326,-1.8681817359597,7.55573256875997,0.125853840358473,-0.00260257060958263,0.0772552328419011,1.85028267060132,-1.6587245734197,-0.403776400114867,32
36,8.18993748139327,3.52918726585569,-3.5038670411861,7.55573256875997,0,0,0.682418124923556,1.97860836576008,-2.25966733676569,-1.15245801072168,33
36,8.37749330157785,2.24067801627259,-0.918033779542442,7.55573256875997,0,0,-0.164367877765251,1.53067555861564,-1.19522639628825,-0.107503073868837,34
36,8.64007144983626,4.76330895165314,-2.15954042937841,8.48384001796098,0.127883722848711,-0.00363307924853747,1.51580310640367,2.23476285187129,-1.3473197309809,-1.06344882422629,35
36,8.9443286692468,3.67142954922259,-1.43663574107774,8.48384001796098,0.122891002295808,-0.0010984292446789,0.599802350419941,1.84466880034857,-2.02676834203807,-0.517245690635956,36
36,9.0735337898184,2.62563556866373,-1.26972259421581,8.48384001796098,0,0,0.0979625669804458,1.75645253431263,-1.43766174466483,0.14120572727606,37
36,9.48615659422447,2.71702525170126,-0.15917426052047,9.31296964328055,0.127605490605878,-0.00349182933323076,0.225963911614514,1.6394862427714,-0.0473049161433629,0.487050404405508,38
36,9.51949985114618,2.32558991732525,-0.861794270158755,9.31296964328055,0.127058343148078,-0.00321405946979585,0.308130190479978,1.65400821759374,-0.557824123214127,0.0100733098169733,39
36,9.77791009228937,3.36401992832954,-0.765441439806517,9.31296964328055,0.122817950349721,-0.00106134302816246,0.726527655038206,1.90836438688166,-0.678154517480136,0.0575719152470796,40
36,10.0363203334326,0.90012871627293,-0.333963867433648,9.31296964328055,0,0,-0.581968009406876,1.27529477871528,-0.47250700303702,0.584193813273033,41
36,10.4906222089908,1.30581046160595,-0.496735156434436,9.31296964328055,0,0,0.118140172226396,1.27261789394116,-0.341389222562439,0.189719166701822,42
36,10.6656743078297,0.323498917251712,0.458252130698957,9.31296964328055,0,0,-0.808555956611579,1.02962149854664,-0.00722235140943947,0.765741904291802,43
36,10.8157189639774,0.655992825959624,-0.0499999954443347,9.31296964328055,0,0,-0.738956974437758,1.08019305073251,-0.414987290043054,0.442990881754551,44
36,11.1116403691575,5.081558727758,-4.49898577068442,10.8184387076234,0.125636104593085,-0.00249203288715387,0.921909599374763,2.32950814191721,-2.51616218344782,-2.43679974776195,45
36,11.3033640964573,4.72152793575167,-2.13465781478583,10.8184387076234,0.122490006710434,-0.000894856172393571,1.04755686957072,2.29744225184422,-1.65954704709423,-0.794534802895913,46
36,11.5034236379875,2.22632208148088,-1.49554226430478,10.8184387076234,0,0,0.124194021064376,1.66027283581169,-1.32303947349712,-0.505909564472545,47
36,11.9410538850848,-0.114508932289502,-1.06838899080408,10.8184387076234,0,0,-0.564046420588239,0.929577765987178,-1.38725380377393,0.0150948038199969,48
36,12.2286394760345,2.41054169828499,-1.25851286263718,12.1035901266652,0.128395406431751,-0.00389284519820532,0.2218254354287,1.64179839964346,-0.554040982062565,-0.293974821298186,49
36,12.2536469187258,3.02615971821559,-2.16405803408115,12.1035901266652,0.127985045838363,-0.00368451780062828,0.543634821935624,1.85954041163016,-1.69809702102507,-0.942199142573177,50
36,12.5037213456386,5.30567392977138,-1.81251517446197,12.1035901266652,0.123881439904471,-0.00160124382485458,1.36203491412715,2.34516426133861,-1.84085493280358,-0.694209473797099,51
36,12.9246799642751,0.796288947999069,-0.19505059761387,12.1035901266652,0,0,-0.707505231943591,1.04114198430488,-0.559262262715942,0.404503994993164,52
36,13.2497767192617,3.77682062984697,-1.62102674162719,13.1164378646546,0.128259379476487,-0.00382378851477348,0.453142807870655,1.81888800777664,-1.260209079366,-0.43497112756021,53
36,13.3998213754093,4.10022541879197,-0.719790511199954,13.1164378646546,0.125797215916203,-0.00257382412931081,1.11507211239327,2.00546416361342,-0.950107945334731,0.489254183857634,54
36,13.60821673117,3.70624015839726,-0.828610414953491,13.1164378646546,0.122377544304576,-0.000837762482831239,0.332092950913386,2.01094234429466,-0.485694045303259,-0.00713798094707018,55
36,13.7749330157785,2.50943677090779,-1.0864120702468,13.1164378646546,0,0,-0.00818883756275945,1.62047692440292,-0.401096217837449,-0.0538082346881751,56
37,0,0.0253089059441784,-0.107781065375511,-Inf,0,0,0.678563050876335,0.131982910224438,-0.104984818077227,-0.0595884199332847,0
37,0.0958618636498958,0.371445914909557,-0.334145340375137,-Inf,0,0,0.230993420886954,-0.0880052573411668,-0.0703734588896433,-0.265777219176138,1
37,0.387615361714796,2.6720676616721,0.110600413005275,0.322307286062278,0.129375733162297,-0.00439052679784201,1.71484295291611,0.644063785031355,-0.13792908914985,0.215300614026895,2
37,0.550163739208098,4.05488535916439,-2.21117411945687,0.322307286062278,0.126708389305267,-0.00303639871358868,1.94755179694191,0.879265026708792,-0.779414001139838,-1.0869530137925,3
37,0.933611193807681,2.94102083425978,-1.35163050409831,0.322307286062278,0,0,1.44470709830158,0.728566720016139,-1.24456455013587,-0.638604520143436,4
37,1.10866329264662,0.847647548365168,-0.380792601307589,0.322307286062278,0,0,0.434895104944646,0.256232369909722,0.039834370881739,-0.31788745994117,5
37,1.40041679071152,3.14938785861484,-1.9178895296441,1.23954129209563,0.127807515856746,-0.00359439131270124,1.50158969287962,0.808586626917332,-1.03854121574581,-1.03385498012867,6
37,1.50044656147663,4.19728613473243,-1.23105190389179,1.23954129209563,0.126166073483197,-0.0027610817223919,1.89624197245703,1.06683493502825,-0.610205916223957,-1.01233629584315,7
37,1.97975587972611,4.38666513823556,-2.10463242120656,1.76373119183923,0.126902543112689,-0.00313496460437442,2.38041472307826,1.14907385137539,-1.4151123404101,-1.19051955049717,8
37,2.12563262875856,4.59027987432835,-3.61589589346693,1.76373119183923,0.124508772984593,-0.00191972145183969,2.17197144088438,1.08874702626544,-2.58929652244233,-2.290497458131,9
37,2.27984519202144,3.4692369886388,-2.99827318535628,1.76373119183923,0,0,1.68203446423283,0.689266360794872,-1.46203356456479,-1.5895101146683,10
37,2.55492706162548,2.48483030529049,-2.01037698484107,1.76373119183923,0,0,1.40340118231087,0.597277817920622,-1.2237021035742,-1.13157037611968,11
37,2.76749032450134,0.612965039132229,0.235168163084849,1.76373119183923,0,0,0.449108788854669,0.00825236835241688,0.388192778602812,0.472256652402806,12
37,3.07591545102709,1.38550372396942,-1.33794185339479,1.76373119183923,0,0,0.827766023188342,0.291539943383035,-1.03629254898406,-0.984352274591143,13
37,3.30098243524859,3.17182529391423,-1.46729334408589,1.76373119183923,0,0,1.39570808698769,0.73359091060431,-1.13904654061316,-0.866791457914441,14
37,3.57606430485263,2.20987746575006,0.205545936037146,3.52606750814638,0.129626984183507,-0.00451807918037979,1.26698835440593,0.567798555813778,-0.0484154783287369,0.195580868085881,15
37,3.91366478118488,3.9477810895541,-1.85012291812196,3.52606750814638,0.124087116172752,-0.00170565931308481,1.73600241936805,0.865513363931664,-0.722369636722081,-1.0436045138969,16
37,4.00952664483477,2.70093285081042,-0.855308769183528,3.52606750814638,0.122514067231426,-0.000907070955704969,1.49509065229597,0.728029077399648,-0.749468305430137,-0.396015048264159,17
37,4.46382852039297,3.79939395012962,0.064697209351987,4.28693873199383,0.127544728752159,-0.0034609824169665,1.98456746914247,1.04638880247478,-0.329978992072385,0.272453885065299,18
37,4.62637689788628,3.33253915230404,-1.22455755879574,4.28693873199383,0.124877384895129,-0.00210685433271382,1.96838747256405,0.901461852445534,-0.755869835324288,-1.06033837687064,19
37,4.91396248883596,0.665683231184918,-1.33241227230227,4.28693873199383,0,0,0.317018109571161,0.134604245968671,-0.921573451871201,-0.800169464781547,20
37,5.15986900863352,-0.825299615261427,-0.712571659210767,4.28693873199383,0,0,-0.348180323457409,-0.117927403408918,-0.671656636005206,-0.0906743226648334,21
37,5.32658529324204,1.00628519330752,-0.547582111017212,4.28693873199383,0,0,0.4783447497373,0.344312911189432,-0.9687210856581,-0.335113728259974,22
37,5.58916344150045,0.937981747525024,-0.119273959265527,4.28693873199383,0,0,0.399292524947383,0.469047741097214,-0.467263967000015,-0.0963126885455925,23
37,5.92259601071748,4.40290394172974,-1.79296148402226,5.64964044160711,0.125968333625941,-0.00266069530488985,2.22293194251966,1.02128429442771,-0.761649080785422,-1.20729775018503,24
37,6.20184578743674,4.08036438890113,-2.86978525484866,5.64964044160711,0,0,1.90902064646959,0.895999132651896,-1.03833458480167,-1.44968152311579,25
37,6.2560285799345,1.37457083484484,-2.67754235332826,5.64964044160711,0,0,0.761280153771095,0.36225788147151,-1.86196618804959,-1.68561711101434,26
37,6.63530812741887,1.58861100962372,0.458247904174713,5.64964044160711,0,0,0.987678469869544,0.548505720594044,0.0241229437516855,0.410106927477641,27
37,6.97707651086633,2.01226856269751,-0.00272000331427566,6.8559223394035,0.128459324503562,-0.00392529442887687,1.26875191042209,0.56873072783915,0.277577153281524,0.0880397748565499,28
37,7.17296814528133,3.81904169832902,-0.957637506580964,7.13252254406599,0.255028548082172,-0.00689104300177436,2.06040749504356,1.05771442927925,-0.480144485455008,-0.534551232684155,29
37,7.43137838642453,6.26140447986693,-4.1257152834995,7.13252254406599,0.125543322095163,-0.00244493007895548,2.68589880541299,1.64947214257436,-2.0418222572765,-2.31726731122068,30
37,7.68978862756773,3.8088108098284,-1.81074135692152,7.13252254406599,0,0,2.11528665774233,1.20958398877559,-0.443223514418045,-0.663308146731239,31
37,7.83983328371539,1.2321786814618,0.19536424110666,7.13252254406599,0,0,0.857652978028461,0.315411285210728,-0.0457345353765253,0.298495440145748,32
37,8.15659422447157,-0.128392015181897,-0.29177356927606,7.13252254406599,0,0,0.0888456956485278,-0.113944430471017,0.0381960150372151,-0.338110774714776,33
37,8.3941649300387,-0.374891075573687,0.618145485807201,7.13252254406599,0,0,-0.180231040891017,0.0427094626036124,0.162113894545573,0.295113955279138,34
37,8.54837749330158,-1.51566591730875,1.11461349654577,7.13252254406599,0,0,-0.402394736485344,-0.21477572878378,0.242560852320713,0.901281270049671,35
37,8.99851146174457,0.744636317024662,0.110334263035348,8.88608247550169,0.128602500766238,-0.00399798059485808,0.459049453388213,0.321066503983356,0.0764508836604348,-0.0787647667140506,36
37,9.10270913962489,0.713335415241383,0.160075221694149,8.88608247550169,0.12689266496045,-0.00312994977161926,0.236207231853767,-0.0472101440255658,-0.0820552750625822,0.077613328360329,37
37,9.4611491515332,3.12683082731219,-0.509202533967675,8.88608247550169,0,0,1.49114046902077,0.908049026457901,-0.982066604646124,-0.50738727639884,38
37,9.63203334325692,-0.308572649789704,-1.4738031565239,8.88608247550169,0,0,0.491034544576017,-0.0359608186235954,-0.621923568389992,-0.451542748187887,39
37,9.93629056266746,1.71944100553631,-1.60308292907031,9.80931151435495,0.128363740962669,-0.00387676961767155,0.943173063213118,0.333522964536819,-1.0540146954486,-0.853236984329907,40
37,10.0988389401608,2.793328096318,-1.02108692717162,9.80931151435495,0.12569639710564,-0.00252264153341844,1.46457334313338,0.626633401222954,-0.594432645182979,-0.428915539464512,41
37,10.4489431378386,1.9192083093571,-0.907588239767362,9.80931151435495,0,0,1.41951228798764,0.57146508714768,-0.510752975332806,-0.581595655966971,42
37,10.5364691872581,0.935638953963385,0.185201906229545,9.80931151435495,0,0,0.664338088208617,0.308082537374416,0.0975611396209309,0.413352505625476,43
37,10.8949091991664,0.920834217436007,-1.7124423097506,9.80931151435495,0,0,0.717826986197988,0.39144700007984,-1.06449034704248,-1.04025749986125,44
37,11.0407859481989,0.12534054237243,-0.570835739506569,11.0265371101264,0.130213591686633,-0.00481588168992826,0.559036625351588,0.163965257469046,-0.759122586154348,0.176034076719414,45
37,11.474248288181,5.26083133079521,-2.17862396569522,11.0265371101264,0.123100674734605,-0.00120487346525455,1.77864077976619,1.43959875898554,-0.675514286219255,-1.06619266762233,46
37,11.6034534087526,2.7752322185222,-2.48440718940638,11.0265371101264,0,0,1.33996165531853,0.751577842203134,-1.70730299634316,-1.67062030711105,47
37,11.8368562072045,4.1224571680553,-0.516817561830575,11.6748773672421,0.127789410534486,-0.00358519979983155,1.79574568313995,1.03799572682869,-0.676075039121039,-0.456577530290758,48
37,12.0785948198869,5.64341199623793,-2.5307224729199,11.6748773672421,0.123822591465055,-0.00157136828991636,2.43103379817382,1.39196235423585,-1.033701844109,-1.61122154820637,49
37,12.2828222685323,2.79633363667132,-2.05479290667951,11.6748773672421,0,0,1.79748426787456,0.738273001122918,-0.49484933030188,-1.33157114280962,50
37,12.5537362310211,0.756836507084431,-1.27262273639573,11.6748773672421,0,0,0.525342664757084,0.241142611004928,-0.207134885453193,-0.499176390929954,51
37,12.9997022923489,2.5556341410728,-0.178521060594749,12.886389799348,0.128588002828086,-0.00399062043948699,1.39842268988743,0.664611004660494,0.347395435070987,-0.256248277572202,52
37,13.1497469484966,3.7688836857032,-2.20454955841707,12.886389799348,0.126125839267802,-0.00274065605402435,1.90045134551042,0.875863752200032,-1.86074644108297,-1.1765462713406,53
37,13.3081274188747,3.88452253806183,-1.11037458276397,12.886389799348,0.123526888842953,-0.00142124920269984,1.86235414146626,0.890198020611945,-0.525549247012152,-0.599962523500152,54
37,13.6207204525156,0.822127987152198,-0.5508948725102,12.886389799348,0,0,0.698090040854843,0.176252200154184,-0.657019423347705,-0.558545562540661,55
37,13.9499851146174,2.49661213913072,-0.490527104176132,13.7629674259573,0.127378534582973,-0.00337661077087877,1.40495163016734,0.672250587531607,-0.332367867792282,0.117884829414187,56
38,0,-0.983656419565882,1.48505679007052,-Inf,0,0,0.378687225469191,-0.125410341839986,0.380551061042924,1.26599074354993,0
38,0.170884191723727,1.93823079241303,-1.29828604672603,0.12304226065753,0.129662344534166,-0.00453603053816005,1.58575119315876,0.487875209056984,-1.08164104831703,-0.449852451614856,1
38,0.404286990175648,4.12097012547082,-2.11792474189332,0.12304226065753,0.125832312329199,-0.00259164149410478,2.49319102399587,1.17149931361279,-2.06244541679501,-1.29418350368259,2
38,0.641857695742781,3.12304226847868,-1.91451567426323,0.12304226065753,0,0,2.21389752200347,0.659032118248118,-0.82377222184449,-0.964454614379069,3
38,0.762727002083954,-0.630128798244764,-0.29626646469095,0.12304226065753,0,0,0.650603152825992,-0.320556102572376,-0.654513707589877,-0.0208997575530275,4
38,1.15034236379875,0.260038189707488,-0.18458023636391,0.12304226065753,0,0,1.29006747413963,-0.0207314921635873,-1.07087043221182,-0.271564425498411,5
38,1.30872283417684,3.83407018335714,-0.0542562297761877,1.17287461550262,0.128218201970266,-0.0038028839667907,2.29826357296148,0.999461248401992,-0.33977322356078,0.0433124097478764,6
38,1.57130098243525,4.43190593209305,-1.0669815258541,1.17287461550262,0.123909415739673,-0.00161544629222783,2.41393278248378,1.13804236672729,-1.40079343770277,-0.847313901131361,7
38,1.98392378684132,2.61681181359298,-1.02023292012518,1.84320272295378,0.128138240829181,-0.00376229016539266,1.90522313436629,0.665519751969833,-0.738638267367212,-0.170726993435582,8
38,2.2048228639476,6.46729131600167,-1.93670445922898,1.84320272295378,0.124513388920909,-0.00192206482012544,3.33195386625428,1.53122543660967,-1.48388192015594,-0.947572559152303,9
38,2.3965465912474,4.57968563649568,-3.18515611569804,1.84320272295378,0,0,2.34451853612953,1.0741436672037,-1.96638394964496,-1.80282832906041,10
38,2.68413218219708,1.03626634084333,-0.152114952028518,1.84320272295378,0,0,1.20989401197595,0.335672800431356,0.292734722049308,0.0858326028072821,11
38,2.80916939565347,1.27833723626855,-0.713285779977409,1.84320272295378,0,0,1.15620590025685,0.361180648045988,-1.01922424983951,-0.559841549907996,12
38,3.1426019648705,1.35197530383101,0.0520534952137939,1.84320272295378,0,0,1.35908884614463,0.137694475605333,-0.920559839059147,0.187193638701619,13
38,3.2718070854421,0.565312711783898,-1.72749822600312,1.84320272295378,0,0,1.01112041151996,-0.000178688556502049,-1.277088122878,-1.01066778299948,14
38,3.62191128311998,4.08666366800568,-1.60267023633362,3.40148049049939,0.126830240967462,-0.00309825903859695,2.4421400675827,0.782100085074273,-1.48854984528927,-0.937066769962653,15
38,3.759452217922,4.51040028572278,-1.01816486328934,3.40148049049939,0.124573257703835,-0.00195245835192141,2.78847512352312,0.893317962324578,-0.924726051760532,-0.78983780986829,16
38,4.00119083060435,1.75921236675556,-3.46287326042647,3.40148049049939,0,0,1.54393755884891,0.248737194144198,-1.83537550229929,-1.53026001692438,17
38,4.39714200654957,2.90064822683581,0.333515477222919,4.22130680344282,0.127562034010106,-0.0034697677618821,2.0091630933339,0.703047381614497,0.320878151849457,0.287068653429743,18
38,4.61387317654064,2.43817731748951,-3.25858073709309,4.22130680344282,0.124005575534066,-0.00166426364954438,2.19824597672596,0.720538042312241,-2.00996143884984,-1.58235771868434,19
38,4.77642155403394,3.79786506839792,-2.58892483561855,4.22130680344282,0,0,2.28910192958217,0.885989573742225,-1.91615675605435,-1.28479110483059,20
38,5.22238761536171,0.321738065970465,-0.656811732102721,4.22130680344282,0,0,0.604872114915041,0.0427464366939082,-1.03587665681964,-0.82537883765729,21
38,5.30991366478119,2.15925775726733,-0.931854637715634,5.24546884106508,0.129389898728178,-0.00439771821807584,1.87562767154214,0.459112720748874,-1.15923621831892,-0.363053843078881,22
38,5.53498064900268,2.35232226031171,-0.101227780281772,5.24546884106508,0.125696653387675,-0.00252277163987888,1.7717955922074,0.530733469270239,-0.125472293383309,0.334200296391679,23
38,5.8642453111045,-0.680585452422818,-2.44033495318613,5.24546884106508,0,0,0.662952759059291,-0.221351372444674,-1.51307493790091,-1.34812816854302,24
38,6.08514438821078,-1.05803760034446,-0.962299517094955,5.24546884106508,0,0,0.512470629049428,-0.346180571953272,-1.00396810792675,-0.585103183342268,25
38,6.285203929741,-0.583598141024666,0.649234473840079,5.24546884106508,0,0,0.630866668886979,-0.263024347541507,-0.246065962127026,0.229433824594603,26
38,6.66865138434058,-0.804893104929029,1.00993517386687,5.24546884106508,0,0,0.502868023330169,-0.163242270849521,-0.220103033678098,0.667857032034588,27
38,6.9353974397142,0.034280050509287,-0.309716576753094,6.90869079501225,0.130009164829268,-0.00471210048900149,1.04947130838704,-0.0893570797206299,-0.902094414801173,0.320981771458661,28
38,7.05209883894016,1.76601239393301,-0.266593485144797,6.90869079501225,0.128094148726785,-0.00373990596697373,1.57168652154256,0.434070204554518,-0.667027514485147,-0.422335812239516,29
38,7.39803512950283,6.19182613031905,-3.26871218653914,7.23856155223822,0.250248014590645,-0.00446411381470015,3.04139690394687,1.58360541526024,-1.78684448766677,-1.90269690302911,30
38,7.518904435844,4.77893975817005,-1.75245023751446,7.23856155223822,0.125847111204413,-0.00259915442592451,2.74244397152829,1.26608576761581,-1.84242591668027,-0.866657928609675,31
38,7.86067281929146,2.53664259140949,-1.50067751317857,7.23856155223822,0,0,1.65525767046317,0.503809436920237,-1.41221504148802,-1.11296691449654,32
38,8.09407561774338,0.303747787028654,0.261580393313077,7.23856155223822,0,0,1.10324450743112,-0.077208058967527,0.123317716648184,0.0804525502169656,33
38,8.30663888061923,0.303004590391046,2.25504166503641,7.23856155223822,0,0,0.693396576153042,-0.0890231053835956,0.479714373535096,1.09758688126033,34
38,8.69842214944924,2.83269401326556,-0.16117420804018,8.31196912025066,0.12410589268606,-0.00171519156891356,1.98010872896214,0.798237764161937,-0.451531582227062,-0.0171115573075803,35
38,8.85680261982733,3.76258148768917,-3.09754830168534,8.31196912025066,0,0,2.34959474461489,0.948134623015779,-2.52521459203998,-1.68554301670662,36
38,9.18606728192915,0.984140241650755,-0.720971152110277,8.31196912025066,0,0,1.16534539961297,0.340167906581889,-0.686212434807872,-0.502319200050293,37
38,9.48198868710926,1.06510077388924,-0.413732349135201,9.39683859740169,0.129050134868963,-0.00422523060175377,1.33595427534811,0.265146662991187,-0.635039133264544,-0.237501844151218,38
38,9.73206311402203,4.27219208297494,-2.52130216112759,9.39683859740169,0.12494652893507,-0.00214195662597934,2.73922853782615,0.954039288729962,-1.99480676346271,-1.17208165362109,39
38,9.83209288478714,4.89993490591391,-2.53269648871107,9.39683859740169,0.123305086561462,-0.00130864703566871,2.53144073508121,1.21129037849126,-1.23572766461301,-1.31387085304649,40
38,10.182197082465,0.167280042075413,-0.833127369509759,9.39683859740169,0,0,0.862583573637097,0.0269648483623534,-0.930189769807849,-0.334258660800501,41
38,10.3905924382257,0.657255638174206,-0.40695422065793,9.39683859740169,0,0,1.34545351389879,-0.0440735966457785,-1.5515100031285,-0.0685529102854181,42
38,10.5323012801429,1.56919226440829,0.563458773143013,9.39683859740169,0,0,1.27483314657017,0.304074877670039,0.0665602959577473,0.525158278144228,43
38,10.7782077999405,-0.404382126672162,1.02689436902201,9.39683859740169,0,0,0.630358823451157,-0.208309200806697,-0.383595001555599,0.680815535377735,44
38,11.0866329264662,0.670714975528656,0.335708160730612,11.0816817661335,0.130366162287378,-0.00489333707115058,1.32184127192572,0.122393540673473,-0.539644808295754,0.311279761969394,45
38,11.4033938672224,0.790928477564996,-0.841607095867902,11.0816817661335,0.125168261437782,-0.00225452336850399,0.992182454123872,0.206167616920537,-1.03457673069828,-0.754243197870277,46
38,11.5617743376005,3.62770418940215,-1.58547317290734,11.0816817661335,0.122569311013033,-0.000935116517181658,2.13760147544894,0.891207292961491,-0.868022235513736,-0.843711905718013,47
38,11.9577255135457,2.51515242908607,-1.21704356799118,11.8790688896588,0.12915668964623,-0.00427932517081146,2.38662540138372,0.595862460665858,-1.26989155641048,-0.963741407351033,48
38,12.2453111044954,2.7890212839663,-1.55366740902916,11.8790688896588,0.124437542822255,-0.0018835600986718,1.60418895325248,0.714637717809066,-1.36901752838449,-0.658627496939309,49
38,12.2994938969932,2.05808804445859,-1.87901737006353,11.8790688896588,0.123548428203295,-0.00143218407058848,1.52641494606086,0.327378964496789,-1.27878809848224,-0.969660386030728,50
38,12.6871092587079,0.148389297909554,0.665589378711844,11.8790688896588,0,0,1.02223965406875,-0.0984622568027835,-0.407364677027659,0.225171083023363,51
38,12.7537957725514,0.353737074738153,-0.31126667970504,11.8790688896588,0,0,0.612622284777335,-0.00882215585771581,-0.0186367952299139,0.0426932363760373,52
38,13.0372134563858,0.230156327353686,-0.389914545146179,11.8790688896588,0,0,0.660054540931157,0.00292000604782476,-0.5187002983564,-0.0472258712815746,53
38,13.3498064900268,1.01185892071431,0.500420145511289,13.3220829174173,0.129992477511602,-0.00470362885329122,1.3710882761009,0.315192523323555,-0.0610369013437763,0.312093974549419,54
38,13.5790413813635,1.35033514784423,-1.34452972482158,13.3220829174173,0.126230838738867,-0.00279396104216545,1.36746568090494,0.268574834556465,-1.27547352179672,-0.570700354824471,55
38,13.8749627865436,3.97818666379567,-1.30595302485697,13.7039808182861,0.127641673354141,-0.00351019819686992,2.21498425254051,0.700115239021588,-0.887980433834477,-0.95944127030001,56
39,0,0.781463862114213,0.422693188788599,-Inf,0,0,0.143581159769068,0.693087243184592,1.01341162945259,0.255353283709384,0
39,0.241738612682346,1.83409967083888,-1.69757601398174,0.0411946252221242,0.127156574262203,-0.00326392837217636,0.513674718299871,0.983883982525782,-0.307006697783675,-0.757869119676228,1
39,0.391783268830009,2.38017054977335,-1.75257822912104,0.0411946252221242,0.124694410701867,-0.00201396398671239,0.881251223041903,1.02517412454582,-0.296752755413646,-1.31067769004349,2
39,0.545995832092885,0.969829287168472,0.806716727670432,0.0411946252221242,0,0,-0.0078402702524113,0.619431892475202,1.24165302163693,0.205781435621939,3
39,0.983626079190235,-0.149701148505017,2.18157369354654,0.0411946252221242,0,0,-0.25643855651465,0.466461176729079,2.03564819248702,1.18074019478569,4
39,1.08782375707056,-0.613858960672864,0.892575125290885,0.0411946252221242,0,0,-0.422142557883078,0.245253727024153,0.715364174973282,0.345833347751998,5
39,1.45043167609408,3.36479982427952,-0.727567970973955,1.11397467283353,0.124926304398076,-0.00213168925328172,1.29014341116295,1.44358045930388,0.542660741513322,-0.102438225568619,6
39,1.66299493896993,2.42993916039079,-1.30587450803426,1.11397467283353,0,0,1.03677324693482,1.08992475945462,0.14667997387657,-0.721460565132794,7
39,1.82971122357845,0.627910871778617,-1.53048533810426,1.11397467283353,0,0,0.255629942467121,0.758079495428633,0.136590619413527,-1.29889308194984,8
39,2.08395355760643,-0.604339678663025,0.926173881874814,1.11397467283353,0,0,-0.310028621398446,0.179940895971396,0.965638730832676,0.272948633164734,9
39,2.3340279845192,-0.488958411656949,0.157731388134037,1.11397467283353,0,0,-0.658044673017069,0.506077294102951,0.898118757135176,-0.0479921470686565,10
39,2.67162846085144,1.79208780945131,0.855639603195875,2.45265211541779,0.126854107774559,-0.00311037547933447,0.727537343089508,0.972547118543012,1.2297081089264,0.353217442494132,11
39,2.83834474545996,2.8963246794458,0.443705009338964,2.45265211541779,0.124118370485311,-0.00172152616215218,1.1680618803732,1.2880855583955,0.98638633065822,-0.0169477530970699,12
39,3.10925870794879,2.88413147589762,-1.35989808077365,3.06975299342929,0.129799138000456,-0.00460547635556158,0.934443810931884,1.27324684181799,0.146774410258046,-0.991750623129145,13
39,3.48853825543316,2.48073447034518,-2.4540083495502,3.06975299342929,0.123575335667386,-0.00144584415897092,1.00926076137803,1.2126440437354,-0.752064867475465,-1.64721455308533,14
39,3.67609407561774,1.94677094709957,-1.42601925321086,3.06975299342929,0,0,0.572484891514977,0.971549758823907,-0.0356182418807426,-1.10076702352769,15
39,3.95117594522179,2.03931075887217,-1.39951812874393,3.06975299342929,0,0,0.731055087417904,1.03410987357236,-0.253572120732587,-0.773225900483796,16
39,4.22625781482584,-0.606440884579427,-0.375523428712514,3.06975299342929,0,0,-0.0703055342139464,0.398901402426481,0.973537955231281,-0.625165005771201,17
39,4.45549270616255,0.416366023295007,0.314317311956066,3.06975299342929,0,0,0.180420090853339,0.614365379623964,1.26122496091892,-0.158166840572154,18
39,4.63888061923191,2.84640437353719,-2.69180799075124,4.49308710505004,0.12805500426081,-0.00372003353074868,1.14694662701665,1.27483139739165,-0.742315656709137,-1.56970877303168,19
39,4.89729086037511,3.90383228473805,-2.3548548185459,4.49308710505004,0.123814611462454,-0.0015673170891162,0.910308526074491,1.62592942442343,-0.870729104929987,-1.40281875906668,20
39,5.00565644537065,2.89834329623946,-1.72640521077071,4.49308710505004,0,0,0.938594215839687,1.2884490482472,0.246339361599605,-1.13218716341408,21
39,5.30991366478119,1.27655955871977,-0.573502841496329,4.49308710505004,0,0,0.0876285822955812,0.940701832205643,0.193941389047521,-0.561437646693718,22
39,5.68085739803513,4.90889459581943,-1.25114119686887,5.46733774383588,0.126943649559414,-0.00315583307762994,1.54609008576699,1.78372626718896,0.593708123520804,-0.87115648933021,23
39,5.88091693956535,3.67165103002589,0.137388076715024,5.46733774383588,0.123660764812299,-0.00148921389701086,1.62341908641028,1.41330900178011,1.05091443450061,-0.30886016654402,24
39,6.0267936885978,3.13020723273987,-2.28796163846695,5.46733774383588,0,0,1.41072346493991,1.47723869723635,-0.944711750752537,-2.01461796189135,25
39,6.43941649300387,2.58860431768873,1.06454571005467,6.0345674261809,0.123804022198617,-0.00156194124694656,0.719582840748721,1.23415754858637,1.0995035520224,-0.17871102934371,26
39,6.56445370646026,3.40835573001979,-1.39218357612076,6.0345674261809,0,0,0.990373566760932,1.25494030284183,0.411851797590747,-0.707892659687469,27
39,6.78535278356654,1.29563331902987,-0.99983969176673,6.0345674261809,0,0,0.728516123036452,0.887018018314234,-0.154593307578306,-0.499043667263252,28
39,7.21464721643346,3.29349676784206,-2.17180743202922,7.11678894067792,0.128841599400839,-0.00411936358608109,1.34693136004093,1.35542052576752,-0.48452094000837,-1.53391100374752,29
39,7.26883000893123,3.68844379446238,-1.57698104911538,7.11678894067792,0.127952484781803,-0.00366798755799601,1.35406153871463,1.36379047051771,-0.322151390173765,-1.1257438202887,30
39,7.71896397737422,3.50217427383971,-2.07900377145267,7.11678894067792,0,0,0.884662586653898,1.33765924504198,-0.0684604324814854,-1.50192845558294,31
39,7.82732956236975,1.80397121731965,-1.81317447478279,7.11678894067792,0,0,0.107690881637841,0.917595433611271,-0.397190080966568,-1.35683867238565,32
39,8.11908306043465,2.67772390710849,-3.1888628617232,7.11678894067792,0,0,0.772277179798679,1.40887995974889,-0.777006504469943,-2.24932618968346,33
39,8.44417981542126,0.0240086536285317,-0.355633364428215,7.11678894067792,0,0,0.0598311576599497,0.425940371038488,0.979877754697424,-0.460273702248482,34
39,8.61089610002977,1.90742946044619,-0.275865341686063,8.56952344834303,0.129768502423177,-0.00458992361927141,0.475189236854269,0.893442409983422,0.791542840549283,-0.796951573588251,35
39,8.95683239059244,1.9250684281865,-0.233958929932219,8.56952344834303,0.124091847547908,-0.00170806128611611,0.547851928873763,0.89890521704235,0.46478748481062,-0.587712596133749,36
39,9.09020541827925,2.37119808385386,-2.27166011927371,8.56952344834303,0,0,0.875627184910019,1.20483860936455,-0.448196373723149,-1.84429965674618,37
39,9.31944030961596,0.193104858856691,0.0278500056264784,8.56952344834303,0,0,-0.417924877075263,0.631112623549333,0.239000410473117,-0.526255114172109,38
39,9.70705567133075,2.93492970600663,0.524178618516957,9.44940082089295,0.12621941135793,-0.00278815971384509,0.816619958734083,1.29421902949817,1.12320293777171,0.0336887158270324,39
39,9.77791009228937,3.11724001188018,-0.961266663764762,9.44940082089295,0.125056723010044,-0.00219789875404358,1.27249112933096,1.48532866991716,-0.511741717008348,-1.00915240688454,40
39,10.2363798749628,1.45574458428131,-0.746210064182999,9.44940082089295,0,0,0.585108647158011,0.864889436395002,0.201183538708655,-0.923346335857453,41
39,10.3155701101518,0.163308827980623,1.26120182483426,9.44940082089295,0,0,0.188916894924933,0.507435809314375,1.26430167185238,0.758907216272806,42
39,10.6490026793689,-1.15073751936021,0.309253895405762,9.44940082089295,0,0,-0.498432308719304,0.154296310614127,0.694057552068899,-0.334737509031604,43
39,10.8699017564751,0.514667622362275,1.15454118238331,10.8527680621303,0.130166252526648,-0.00479184906064425,0.155422146436572,0.629737580364522,1.42948112444861,0.534725815376646,44
39,11.0407859481989,1.73700748587841,0.0755880278688425,10.8527680621303,0.127362121805102,-0.00336827851052993,0.361357001168618,1.01786536420368,0.653601545537848,-0.175789190436904,45
39,11.2658529324204,3.55637697375904,-1.33760898241941,10.8527680621303,0.123668876464599,-0.00149333193233364,1.30268431853638,1.38503829701179,-0.543816828684239,-0.738102119316442,46
39,11.5242631735636,2.96669431665703,-2.07658658215873,10.8527680621303,0,0,1.01349692722349,1.34111724157397,-0.285414891396418,-1.3764905187729,47
39,11.8160166716285,-0.418952932143685,-0.952552867002193,11.8087162198069,0.130327611498265,-0.00487376602631923,0.107523842470086,0.333328820674634,0.441657224540498,-0.880007806047613,48
39,12.0660910985412,2.87059463484486,-2.2410844950499,11.8087162198069,0.126224005564373,-0.00279049205054552,1.3247697001655,1.26174314607826,-0.56807732797701,-1.43040164390663,49
39,12.4286990175648,1.11502508524751,-0.824722648703958,11.8087162198069,0,0,0.0345425243842396,0.630639519961018,0.542922024563053,-0.765472755546106,50
39,12.6162548377493,1.02857436337049,-0.427596300524124,11.8087162198069,0,0,0.113319179118389,0.893594450133522,0.511092237191737,-0.041918365316846,51
39,12.8663292646621,0.113201264783387,0.127821869309029,11.8087162198069,0,0,-0.247402748499247,0.532695194880617,0.891598370074389,-0.0844375545546596,52
39,13.2289371836856,2.96503867115445,-0.384941347789714,12.8778601810587,0.124686396955776,-0.00200989565534518,1.09447625006122,1.34915829410037,0.25086137414804,-0.345897929880374,53
39,13.3081274188747,2.6075744994986,-1.45665218461028,12.8778601810587,0.123386921743326,-0.00135019222968251,0.962628892859026,1.07755073505288,-0.132313928945955,-0.810334365477603,54
39,13.6540637094373,0.0581897306832434,0.316249760473364,12.8778601810587,0,0,0.0415625474472318,0.519627875678554,1.24304042764101,-0.0406747885953083,55
39,13.8249479011611,0.138444261533032,-2.08977322142616,13.8057519809692,0.130132412352181,-0.00477466944938627,-0.0341003726026105,0.647361961272656,-0.928411959733434,-1.38727841101072,56
40,0,0.0791118684345748,1.59386676746571,-Inf,0,0,0.361314616688907,-0.403737470179361,1.0547593113942,1.1295686613459,0
40,0.0125037213456386,-0.133644214685291,1.05678139827582,-Inf,0,0,0.40345606264499,-0.352885421621384,0.339269261162069,1.0545113317603,1
40,0.32092884787139,2.17957766048197,-0.568707075393822,0.270954699546564,0.12962735583299,-0.00451826785534433,0.923939367864302,0.179265412599869,-0.482410293447417,0.0212425963594327,2
40,0.696040488240548,4.06604403643687,-2.23080413277072,0.270954699546564,0.123471946932147,-0.00139335689168336,2.00026164639092,0.534585207696862,-1.11682691566159,-1.5760589984354,3
40,0.837749330157785,1.3784123812922,-0.342668960077332,0.270954699546564,0,0,0.851943762516685,0.053649584914915,0.48519110552669,-0.751899525917409,4
40,1.17951771360524,0.788901725512583,0.0804202259565504,0.270954699546564,0,0,0.458603627799925,-0.198645807118379,0.215221720948144,0.146147813925863,5
40,1.43376004763322,1.9711193839025,-0.451434918712555,1.37994759608812,0.129564371048555,-0.0044862924258343,1.32768675484436,0.00054038758038448,0.0669153113212632,-0.202590601076237,6
40,1.72551354569812,3.69386938507507,-2.89071683163108,1.37994759608812,0.124776830792354,-0.00205580612076509,1.82125643232896,0.386293784132248,-1.26756623988692,-1.91642445421204,7
40,1.83387913069366,4.21034368514879,-2.90035481803984,1.37994759608812,0.122998601554327,-0.00115305406459615,2.10677654417909,0.551767862916924,-0.635915036542572,-1.62507457951362,8
40,2.06728192914558,-0.134807483907474,-0.157695801901192,1.37994759608812,0,0,-0.322787626834645,-0.37272129096391,0.186634619964891,0.0160829583474862,9
40,2.48407264066687,2.81711671517805,-0.351538568567728,2.41691850358262,0.129345440146181,-0.00437514796928323,1.59101284195061,0.182798878378864,0.100289732430531,-0.0456347617387005,10
40,2.60910985412325,1.42217328584528,-1.45149321473127,2.41691850358262,0.127293637179221,-0.00333351098139544,0.754154280489994,-0.0809317426580046,-0.80830794472613,-0.447420511386219,11
40,2.80916939565347,3.62561542887329,-3.08122958044704,2.41691850358262,0.12401075243212,-0.00166689180077671,1.59931112366048,0.283320246947727,-1.23230628702251,-1.64720005491762,12
40,3.02590056564454,1.29469098001129,0.0164244030005351,2.41691850358262,0,0,1.34929595400368,-0.0540768644909541,0.0167573818203,0.0561598223610754,13
40,3.31348615659422,1.62610525174491,-0.324493565300739,2.41691850358262,0,0,0.8815198812334,0.0119569362092188,-0.0534004098042851,0.238761907475454,14
40,3.63858291158083,1.52408251706663,0.0620361540444696,3.50166796172897,0.128200697403948,-0.00379399743917212,0.772169244119307,-0.111413551296441,0.819204459135606,0.295838131850977,15
40,3.955343852337,4.25251704716503,-2.82384048405742,3.50166796172897,0.123002796554338,-0.00115518373652448,2.23258923429767,0.732258437033217,-0.767283980779872,-1.84119820179295,16
40,4.19708246501935,3.45415235226,-0.97849629599544,4.10494792043912,0.128935523187869,-0.00416704579153077,1.68454384415096,0.445451574845011,-0.35605657094086,-0.409245391279967,17
40,4.27210479309318,2.72665101808043,-0.849487288079286,4.10494792043912,0.127704441407702,-0.00354206359879891,1.72825150253124,-0.0916031554310789,-0.365251716392847,-0.654326516668728,18
40,4.70139922596011,1.12866947076975,-2.61761425431091,4.10494792043912,0,0,1.16184347949828,-0.0935884969563573,-0.990523675792931,-1.3857197902357,19
40,4.88061923191426,0.0868169881459875,0.720001783669593,4.10494792043912,0,0,0.562205323337096,-0.441104568096796,1.47737990932998,0.801688869496788,20
40,5.21405180113129,-0.799261255116279,1.29849498168476,4.10494792043912,0,0,-0.0124350701699329,-0.500226207192041,0.800906255363475,1.09793114616556,21
40,5.40577552843108,1.54945169247891,-0.751987018678319,5.32556840073353,0.129131246594297,-0.00426640851924662,1.1312414138092,0.0212680313741457,-0.307142377594715,-0.230008543650063,22
40,5.67668949091992,5.21910777346225,-2.77298536343275,5.32556840073353,0.124685673499246,-0.00200952837882448,2.55011977273547,0.910598903370267,-1.1665402332441,-1.86828676440604,23
40,5.87258112533492,4.09279106689161,-2.52280754893673,5.32556840073353,0,0,2.05189065092236,0.679830662439258,-0.963823759852585,-1.48081881576046,24
40,6.13099136647812,1.8755941129841,-1.33098998018594,5.32556840073353,0,0,1.00747744389705,0.200222281500671,-0.353705586876739,-0.706158229347079,25
40,6.48526347127121,-1.63409111539602,0.119656001099181,5.32556840073353,0,0,-0.0527320482260182,-0.697557874729811,-0.127014208340391,0.542455398052802,26
40,6.74784161952962,2.16154372315074,0.439930204937298,6.59140621103669,0.127880375686527,-0.00363137999770008,0.753065974929898,0.188859697042347,0.0196921051884041,0.242632748679479,27
40,6.95623697529027,4.00221809178042,-0.672667522969394,6.59140621103669,0.12446070407495,-0.00189531835122178,1.99976568419673,0.652991476137308,-0.236190345708634,-0.254047953923998,28
40,7.15212860970527,1.84593643786868,-2.41954234953542,6.59140621103669,0,0,0.762407677078068,-0.124308713087414,-0.502739504316687,-1.46535554031016,29
40,7.39386722238762,0.308565853234348,0.103203934318582,6.59140621103669,0,0,0.393257963791354,-0.431223084164523,0.779155297025984,-0.161003939017453,30
40,7.68562072045252,0.960575701501904,0.153248682586538,6.59140621103669,0,0,0.586723347433003,-0.245305433584566,1.10643469768742,0.529809898992466,31
40,7.9065197975588,1.70571546700278,-0.796399376660483,6.59140621103669,0,0,1.208324672279,-0.000987496057005509,-0.498713653486506,-0.465989983835453,32
40,8.19410538850848,4.35321350695032,-1.97366558330194,7.93113340631736,0.126132159679764,-0.00274386473197027,1.94238275093809,0.654370932507118,-0.801923581219855,-0.885511327756521,33
40,8.31080678773445,4.9786855344038,-1.43312284695892,7.93113340631736,0.124217143577332,-0.00177167020994337,1.85353478733164,0.820875659617093,-0.384026593327459,-0.869164942279725,34
40,8.62339982137541,5.68692087418491,-3.2075606513512,8.33508610493468,0.125716313516182,-0.00253275247985019,2.78141026499602,1.29639490532355,-1.65248034675613,-1.43456778006957,35
40,8.83179517713605,4.91713722577469,-2.99370953704952,8.33508610493468,0.122296641904656,-0.000796690833372513,2.27246699378977,0.747378321808876,-1.55306406272928,-1.50027323848791,36
40,9.01518309020542,1.17850748657656,-2.27925298916863,8.33508610493468,0,0,0.790833945402367,-0.128055870562491,-0.696386197910292,-1.39232676100265,37
40,9.31527240250074,-0.982573217682034,0.168130894021561,8.33508610493468,0,0,0.18117578293647,-0.656504835828161,-0.0310511888165967,0.161416308096924,38
40,9.57785055075916,0.868145771550591,-1.71084654434765,8.33508610493468,0,0,0.914395320091163,-0.21855697213205,-0.707952109446916,-0.989119738520603,39
40,9.86543614170884,-1.42274945063697,0.0538433777004873,8.33508610493468,0,0,-0.242757127761953,-0.856994584147987,-0.168694280943828,0.0779637406679009,40
40,10.2238761536171,2.38039490364712,-1.06019945362761,10.0602918627744,0.127763065826418,-0.00357182540533547,1.5386636312976,0.0704454975028857,-0.14078534067625,-0.469969590336162,41
40,10.3905924382257,1.93948492049017,-1.38420893035681,10.0602918627744,0.125027328537207,-0.00218297608815438,1.31104184622344,0.0948152005936708,-0.495968746617689,-0.635430103715264,42
40,10.5656445370646,3.69963917240717,-1.5491737303544,10.0602918627744,0,0,1.93323562188603,0.415280503563358,-0.610173720972537,-1.10258836214412,43
40,10.8907412920512,5.4427846180015,-2.33656244517449,10.6225853752864,0.126047093705898,-0.00270067936462827,2.55219826636134,0.913407091597265,-0.119291506943277,-1.1863135410727,44
40,11.1658231616553,2.21584492853195,-3.34203276086899,10.6225853752864,0,0,1.20004421586017,0.0839946934026416,-1.14463866574007,-1.74665060723129,45
40,11.3450431676094,0.485219687539126,-0.962659252785463,10.6225853752864,0,0,0.614242463973982,-0.37603718832258,0.134029195405395,-0.52660318087165,46
40,11.6284608514439,1.32476796905151,-0.865621857316014,11.5970698423487,0.129932296571481,-0.00467307684890464,0.904393984587773,-0.132669341745997,-0.269648679635119,-0.449897654234776,47
40,11.8743673712414,3.37914124181173,-2.06321737646922,11.5970698423487,0.125897084069767,-0.0026245241060584,1.52709295386246,0.518919174100394,-1.66007582218385,-1.0578509211919,48
40,12.0910985412325,4.00560396092335,-1.50969507631536,11.5970698423487,0.122340625593728,-0.000819019993721568,2.15944545119379,0.487088201060574,-0.30729718303165,-0.611864199974547,49
40,12.395355760643,-0.758451666800227,0.992210236081073,11.5970698423487,0,0,0.430175688531032,-0.599422097862587,1.05412783415594,0.48447709101612,50
40,12.6412622804406,-2.46872567157274,2.74368208407019,11.5970698423487,0,0,-0.696110002682002,-0.963904041265962,1.35134079061707,1.75217461622346,51
40,12.9413515927359,-0.359960722910491,0.00443325427528157,12.9226270413975,0.130140147297579,-0.00477859624221398,0.570927873275562,-0.469125250329733,0.278883306750723,0.0905178915416956,52
40,13.0705567133075,1.541509479002,-0.563843988027088,12.9226270413975,0.128019950898348,-0.00370223802139552,0.821239163158816,-0.0565597460078662,-0.249229077818049,-0.299108687564743,53
40,13.4581720750223,2.77982772434761,-3.1075444121725,12.9226270413975,0,0,1.4856534241895,0.322285851367025,-1.27920217960047,-1.86859775553662,54
40,13.5707055671331,0.944300916566613,-0.43373049165516,12.9226270413975,0,0,0.520540402566618,-0.25671913469501,0.306861368440039,-0.0259200795346587,55
40,13.862459065198,-1.11653213628368,-0.592471457913077,12.9226270413975,0,0,-0.164140046663339,-0.549787778548212,-0.463119392707924,-0.268167054019943,56
41,0,-1.04050223223272,1.27658376925902,-Inf,0,0,-0.332619409235231,0.46219320830983,0.404912741968531,0.855133611961376,0
41,0.208395355760643,0.100197693580092,0.0615407904886507,-Inf,0,0,0.164862461733532,0.871956597773929,-0.161190712196899,-0.264998206948045,1
41,0.433462339982138,2.20139719187871,-0.387360950328337,0.225559084990527,0.127035812078385,-0.00320262114169269,0.739459506373028,1.07079927068219,-0.382844264954196,-0.336932821716438,2
41,0.61268234593629,3.13800590614753,-1.56944211301818,0.225559084990527,0.124094894492429,-0.00170960812572135,1.15131482135771,1.50817643836557,-1.18978285135768,-1.12157895725345,3
41,0.966954450729384,2.67902553370022,-0.463155127924647,0.954014785376449,0.13023507460679,-0.0048267879048913,1.05545053995486,1.43668076833341,-0.391791579401789,-0.381949714161981,4
41,1.02947305745758,2.76071185161947,-0.208734828177989,0.954014785376449,0.12920917312332,-0.00430596941094769,1.28946100689853,1.37047473386078,-0.303935390181394,-0.0353313801498354,5
41,1.2962191128312,2.84894722177282,-2.60258412503695,0.954014785376449,0.124831993460494,-0.00208381050345532,0.961242616023675,1.38797385755819,-1.38713517374102,-1.60768930800324,6
41,1.72134563858291,1.12489997641216,-0.299342479856449,0.954014785376449,0,0,0.564545424436045,1.09650641874133,-0.930268548814598,-0.504584960906195,7
41,1.96308425126526,-0.347178141617857,-0.407499673013215,0.954014785376449,0,0,0.190793285627091,0.757894898056173,-0.507814070345539,-0.453332515488355,8
41,2.23816612086931,1.46892244607509,-0.492696930996171,2.10368304142836,0.128240603275059,-0.00381425641727715,0.70543901317122,1.30421551911204,-0.816455878834781,-0.31235210568145,9
41,2.40071449836261,3.02548388776011,-1.38731383303789,2.10368304142836,0.125573259418017,-0.00246012833302389,1.05304084727495,1.36039520417442,-0.948904208207989,-0.868632903785713,10
41,2.74248288181006,1.85829035562909,-1.77801219343891,2.10368304142836,0,0,0.847321232590307,1.06203285915884,-1.70233070692166,-1.04379088798653,11
41,2.76749032450134,1.73690229891251,-1.45598642727645,2.10368304142836,0,0,0.677887672673857,1.15200010827765,-1.63926902634234,-1.19867510407053,12
41,3.1759452217922,0.0798793050372264,-0.864184043749097,2.10368304142836,0,0,-0.0657954397612037,0.97970392677029,-0.821370587086563,-0.393178723320147,13
41,3.49687406966359,4.58183818899131,-1.93432772529816,3.19512927685327,0.125495915751553,-0.00242086334263349,1.94688101931264,1.8633600697628,-0.99671440769744,-1.35910508134362,14
41,3.64691872581125,3.90970718283014,-3.57720456394137,3.19512927685327,0.123033752191217,-0.00117089895716906,1.72008835516466,1.71028105159321,-2.05465623543785,-2.38112576847613,15
41,3.90116105983924,2.13879550641297,-1.6728969981084,3.19512927685327,0,0,0.487787556233468,1.39009906706556,-1.16003275571844,-1.06626441730507,16
41,4.11372432271509,2.57955226001809,-2.7689973387369,3.19512927685327,0,0,1.07345249039215,1.31498426863246,-1.29509783663756,-1.96836399649559,17
41,4.27210479309318,2.71164693100215,-0.814805184800061,3.19512927685327,0,0,1.01972399064655,1.36155892557507,-0.396903118002051,-0.612336357136875,18
41,4.68472759749926,3.80108296723348,-2.1347588191284,4.28333009992941,0.123860660857128,-0.00159069494435302,1.43504816483933,1.76451368196408,-0.954288105433157,-1.48284460068748,19
41,4.84310806787734,0.592937018210137,-0.748612871635266,4.28333009992941,0,0,0.232189947782694,0.935335056145378,-0.819147089780279,-0.4385880936826,20
41,5.01399225960107,-0.469857710766686,0.797380468348115,4.28333009992941,0,0,-0.357881777562999,0.71999210785224,0.0144947726915695,0.433661087770199,21
41,5.4766299493897,5.01658041745199,-3.86547268964941,5.09939971763211,0.124257234535682,-0.00179202315113469,2.04701435766326,1.99197732058337,-2.2668150094415,-2.27784493927701,22
41,5.63501041976779,4.07530309693476,-3.39146784996961,5.09939971763211,0,0,1.67122882827038,1.70303468549364,-1.63472865515397,-2.1013537339048,23
41,5.87258112533492,2.59210749589106,-0.952608768500831,5.09939971763211,0,0,1.03422270105856,1.37544492174116,-0.700612174727101,-1.06287101361121,24
41,6.01428996725216,-1.02940353252035,1.78450672799941,5.09939971763211,0,0,-0.660898293743893,0.579154852419119,0.495463870211288,1.07139491708218,25
41,6.26853230128014,-0.0906707298826381,0.895594237861987,5.09939971763211,0,0,-0.673598537912544,0.556248749607791,0.0788003194531309,0.516637501072759,26
41,6.60613277761238,1.24947242473226,-0.970002547958222,6.59562269452816,0.130274942930546,-0.00484702782136302,0.662842619992844,0.933560692749459,-0.32120968781601,-0.513304042677026,27
41,6.81452813337303,3.17773429430643,-3.15979496703699,6.59562269452816,0.12685527131897,-0.0031109661748845,1.11096876768936,1.55373762718963,-2.36277752483554,-1.71805543396952,28
41,7.14796070259006,3.26863234204652,-2.70331818641138,6.59562269452816,0,0,0.979682145234058,1.70236148201986,-1.49824246915951,-1.6199035985042,29
41,7.3896993152724,1.82920363973055,-0.328562362666079,6.59562269452816,0,0,0.912217907415532,1.07758686219463,-0.379280827438111,-0.601646597872721,30
41,7.53140815718964,-1.09845105200423,-0.901710947568244,6.59562269452816,0,0,-0.273199166181505,0.473189407111366,-0.515711319967443,-0.454054795504245,31
41,7.76064304852635,3.18660090363536,-0.745810796129688,7.66646840214873,0.1289020460589,-0.00415005048723323,1.36627400463462,1.41389290749269,-0.3560383236147,-0.38196283920581,32
41,8.21077701696934,2.26755418030013,-1.72905501088189,7.66646840214873,0,0,1.25874228182682,1.04794567956823,-1.05924710820786,-0.927540003920115,33
41,8.41500446561477,0.387734730368983,0.864118953752302,7.66646840214873,0,0,-0.0386157044516209,0.818534154510538,0.137224251463525,0.68035825480905,34
41,8.60672819291456,0.0931169247619846,0.73835025028108,7.66646840214873,0,0,-0.191305224936663,0.655742813907437,0.329957113954066,0.653228092120455,35
41,8.80678773444478,0.593149958060046,0.77899818228354,7.66646840214873,0,0,0.16727422218743,0.692712800511838,-0.0217585020038915,0.282722827072918,36
41,9.22357844596606,1.72277874030206,-0.775020790469753,9.03808228702714,0.127403502183549,-0.00338928605043896,0.778195595478583,1.17236445162145,-0.917868473684752,-0.446001530366112,37
41,9.2694254242334,2.43456963818103,-0.780739739066117,9.03808228702714,0.126651174429002,-0.00300735248821357,1.08422711704864,1.33019618066244,-0.473590877294285,-1.06164305999482,38
41,9.53200357249181,6.33101168251146,-2.03729458527284,9.39901707059023,0.250607549620135,-0.00464663864344357,2.82254250689085,2.22181355777575,-1.32674559937618,-1.70118949769364,39
41,9.99464126228044,2.18920044214711,-1.21027734361389,9.39901707059023,0,0,1.03383788199783,1.28912453733958,-1.03796140756741,-0.622264532712889,40
41,10.2322119678476,0.03134954003517,-1.12640038424042,9.39901707059023,0,0,-0.196123061338516,0.737423533190495,-0.660401712862149,-0.59995152246482,41
41,10.2905626674606,-0.662932731860456,-1.04463979760647,9.39901707059023,0,0,-0.336543948089742,0.690146452493311,-0.742132483186475,-0.94929876681152,42
41,10.6406668651384,4.49022495759567,-1.48575720707795,10.4367155419483,0.127100661455423,-0.00323554316725919,1.84704743381299,1.97067250459883,-1.35359478421171,-1.28451672947592,43
41,10.9365882703185,4.31254009012347,-3.57189156146819,10.4367155419483,0.122244727766982,-0.0007703356292596,1.59510070115676,1.80977066053328,-2.20887677360717,-2.23075748919307,44
41,11.0491217624293,2.21667397200381,-2.47310564034154,10.4367155419483,0,0,0.889176724345923,1.10831087273848,-1.35026599178411,-1.27656807021579,45
41,11.4242334027985,-1.77373677242731,1.65624865540649,10.4367155419483,0,0,-1.07464341877072,0.276879386682282,0.804094204749089,0.723277893823549,46
41,11.5992855016374,-0.982200068769113,1.14834144549688,10.4367155419483,0,0,-0.409098954306715,0.487243967352378,0.333903334505351,0.702661816372445,47
41,11.9869008633522,0.466083953139553,-0.885199569491972,10.4367155419483,0,0,0.353357708258825,0.803056687565669,-0.504333583695641,-0.715115610095665,48
41,12.0994343554629,-0.0478392954718955,-0.898349753385208,10.4367155419483,0,0,-0.407111169698522,0.594257968995126,-0.910459693310718,-0.414069778984192,49
41,12.2786543614171,2.57511545916975,-0.515734877228961,12.2019350749476,0.129188480459204,-0.0042954643845426,1.20754321649141,1.42406376899639,-0.775068844545595,-0.186227176488069,50
41,12.6120869306341,4.20457733369562,-3.22791765905127,12.2019350749476,0.123717005880629,-0.00151776575017561,1.63211419600052,1.73766228704356,-1.84668585428658,-2.34810920818431,51
41,12.8038106579339,2.84494489221094,-0.428021780781772,12.6229456713441,0.127479497584416,-0.00342786656805076,1.26086844010533,1.60103871781846,-0.181528325580243,-0.739523418685114,52
41,13.1122357844597,3.56461061519276,-3.34859360892742,12.6229456713441,0.122418383599333,-0.000858495331264225,1.36942404750426,1.61235477501026,-1.32178852723106,-2.22901714657915,53
41,13.3956534682941,0.564750453411405,0.248203645386467,12.6229456713441,0,0,0.284618026020819,0.966911014012387,-0.151932222595876,0.164313370434716,54
41,13.6415599880917,0.897402326113199,0.102238938862378,12.6229456713441,0,0,0.302339547429593,0.946122886865461,-0.753131318792034,-0.0297288992569972,55
41,13.7999404584698,0.0446561035114076,0.563913449016365,12.6229456713441,0,0,0.103395961550353,0.753826594804794,0.64237611332026,0.260818217247881,56
42,0,-1.16867805808172,0.238789503983865,-Inf,0,0,-0.683440015479145,-0.19378640471573,0.573574785229151,-0.201699971233938,0
42,0.166716284608514,1.02371990100981,-0.738033230009976,0.108136515319347,0.129486141564541,-0.00444657773324078,0.219412336923341,0.0158700683645797,-0.271272424634862,-0.585178091909365,1
42,0.475141411134266,4.02908956592505,-2.5354674543588,0.108136515319347,0.124425027579408,-0.0018772064964527,1.57995904616027,0.915506507704739,-0.9072556020742,-1.44545718541301,2
42,0.516820482286395,3.55623919637947,-1.9474599931657,0.108136515319347,0.123741093257092,-0.00152999416715727,1.44376905139687,0.995352063559437,0.09543823748309,-1.44635136257315,3
42,0.821077701696934,1.99648564769674,-0.149496510442253,0.108136515319347,0,0,0.965767118016287,0.499726052947738,0.417738846280272,-0.514193067674834,4
42,1.03364096457279,-0.0942457174539528,0.550708542272911,0.108136515319347,0,0,-0.614398043562055,-0.162039585966056,0.974478837179404,0.31970853644985,5
42,1.44626376897886,-0.36765387790902,0.108691766798389,1.43803023614276,0.130312300069469,-0.00486599288686368,0.096529581317497,-0.172855793242664,0.576061672065579,0.0840037234067715,6
42,1.73384935992855,5.29864898922869,-3.13970591677441,1.43803023614276,0.125593153245492,-0.00247022781472356,2.15960328081128,1.28978663321238,-0.906819078806204,-2.09510602390587,7
42,1.80470378088717,5.26004102461117,-3.15487064211619,1.43803023614276,0.12443046489755,-0.00187996685492077,2.28890059378394,1.24803835214711,-1.19518302875221,-2.21673858432968,8
42,2.14230425721941,0.945549465551911,-2.11373801573827,2.07841551121897,0.129399023706843,-0.00440235068788775,0.369487910769607,0.194825012045112,-0.141712570107232,-1.54175311295519,9
42,2.4965763620125,4.22863863732399,-2.27224586119745,2.07841551121897,0.123585581967163,-0.00145104588887478,1.59356858440472,0.998246725444584,-0.276347372514098,-1.73783750333967,10
42,2.65912473950581,2.36572417869786,-3.70922448688759,2.07841551121897,0,0,1.0077542626742,0.672557113268687,-0.897689939839035,-2.25225852648605,11
42,2.82167311699911,0.799572579407046,-2.38161080466799,2.07841551121897,0,0,0.544062356675342,0.142191300382468,-1.08525114760286,-1.36292343359534,12
42,3.06757963679667,-1.53092318987926,-0.20350521027854,2.07841551121897,0,0,-0.720693051029017,-0.553801774017716,0.342592321236627,-0.458063720832375,13
42,3.25096754986603,-0.283961302009838,0.737213213235922,2.07841551121897,0,0,-0.290432097278048,-0.221015612529004,0.853269026141689,0.416772825241685,14
42,3.68026198273296,0.464693391282011,1.61472309664835,3.66456955081712,0.130189902977924,-0.00480385566422735,0.1909882423729,0.0515815559176401,1.40601891436732,0.712829271731013,15
42,3.90116105983924,3.70459924107563,-1.05818451300248,3.66456955081712,0.126565051069652,-0.00296363031896013,1.65925464727749,0.715642472117489,0.3494545276323,-0.764333757030002,16
42,4.07621315867818,4.26410461981656,-2.06270083204645,3.66456955081712,0.123692526915927,-0.00150533853591849,1.58428838251486,1.02444208871829,-0.871812392083205,-1.80750531957462,17
42,4.45132479904734,1.73762017585944,-0.803645215079859,3.66456955081712,0,0,0.42573544659216,0.462978002030277,-0.124146078012615,-0.755322706300123,18
42,4.62637689788628,2.99820043119902,-1.98459297327132,4.45190677139192,0.127584434287319,-0.00348113969069731,0.948771664989254,0.754308563801144,-0.317442235570341,-1.25145776331029,19
42,4.93480202441203,4.4677740251039,-2.01635741701398,4.45190677139192,0.122523320302185,-0.000911768453909709,1.47787138970341,1.11966142833236,0.119824567787978,-1.42892549644191,20
42,5.00982435248586,2.52740331219232,-4.1553550417397,4.45190677139192,0,0,0.839598660117359,0.555991449824572,-1.83237507566954,-2.22655452779236,21
42,5.48496576362013,3.55774114318567,-2.76691738581843,5.15028015898111,0.124955372231945,-0.00214644609465317,1.32373155749545,0.902761011595433,-0.841405372077689,-1.96108659989183,22
42,5.67668949091992,3.57058644353072,-2.57494542079774,5.15028015898111,0,0,1.52222028732644,0.833350214601849,-0.860493650201049,-1.91477840002111,23
42,5.82256623995237,2.13762845811797,-1.77802521940008,5.15028015898111,0,0,0.66787717238419,0.436217024733605,-0.0789223301898469,-1.33016012450707,24
42,6.12682345936291,0.437109696577905,-1.24042082429958,5.15028015898111,0,0,0.403236563137361,-0.0715046526584502,0.303112614942723,-0.818457274837539,25
42,6.29770765108663,-0.253330180453062,-0.982013035250501,5.15028015898111,0,0,-0.0894243757134397,0.0348364830381601,0.502400277136793,-0.440535983141396,26
42,6.56028579934504,2.24125201005278,-0.986306188561063,6.34664204901872,0.12694161319924,-0.00315479928047119,1.26513437220933,0.426899864326702,0.104948221497549,-0.247396739501948,27
42,6.98124441798154,0.68885240982812,0.609190586767256,6.34664204901872,0,0,0.29493019695094,0.238995002856135,0.885139394037365,-0.284207561066806,28
42,7.07710628163144,1.59235056746376,-1.48164953055884,6.34664204901872,0,0,0.642009248483476,0.27746180013053,-0.226551520891831,-1.04515676273242,29
42,7.33134861565942,0.42148564368758,0.0500094528871396,6.34664204901872,0,0,0.328715761275339,0.0318352127040873,0.760813283292343,-0.0375807181379959,30
42,7.56058350699613,1.33626072645547,-2.3219871141232,6.34664204901872,0,0,1.01858237693463,0.200514419803746,-0.79148229280738,-1.78513169120217,31
42,7.78981839833284,1.60042931639604,-0.805937575717591,7.62255543750854,0.127702700549789,-0.00354117981901035,0.599888092709838,0.280088756927171,0.107354690895159,-0.465634574808384,32
42,8.17743376004763,2.28542637080869,-2.14358389346424,7.62255543750854,0,0,0.918321933136757,0.481412580554353,-0.491760113906211,-1.65986424076313,33
42,8.44001190830604,0.394750516403233,0.299892855016126,7.62255543750854,0,0,0.0473848329936135,-0.0540905880472239,0.232128836620571,-0.237727933593682,34
42,8.7484370348318,0.942664755663664,0.606469384675149,7.62255543750854,0,0,0.55277620566038,0.314871496388609,0.623128015288588,0.242711614822209,35
42,8.91932122655552,3.15068241900437,-0.267518507960595,8.80862108800524,0.128630870358994,-0.00401238296078826,1.11545166479981,0.692762653431582,0.0685217841445241,-0.11027077940619,36
42,9.09020541827925,3.22722227912531,0.630444128685943,8.80862108800524,0.125826739637552,-0.00258881241067746,1.49088697666539,0.75320035770695,1.09367632690331,0.285718202714114,37
42,9.47365287287883,3.14025849548327,-1.14981871015476,9.30012477921107,0.127599892611272,-0.00348898740426203,1.53451783022913,0.775750503699467,0.0204123085689291,-1.22043036344153,38
42,9.52366775826139,2.43276750339828,-0.585928177237755,9.30012477921107,0.126779171424442,-0.00307233260910561,0.721307381945185,0.651434626242661,0.451791757419118,-0.487234205830336,39
42,9.85710032747842,3.29838976353937,-1.5154744160474,9.30012477921107,0,0,1.38436878273392,0.826709398659519,-0.0545820757023958,-1.28339758399229,40
42,10.1113426615064,-1.25439557851234,-0.799372491953169,9.30012477921107,0,0,-0.26376187973885,-0.449062406668374,0.0848606361149334,-0.82292746296407,41
42,10.3614170884192,-0.626634982584277,0.752334061187537,9.30012477921107,0,0,-0.404379238106178,-0.133210386442679,1.13214406284988,0.417179042419436,42
42,10.7406966359035,0.403724266593404,1.17897622349322,10.6761259382877,0.12938783319555,-0.00439666961097501,0.330794942671949,0.05205143432782,1.25552472153793,0.552021721892068,43
42,10.8157189639774,1.35542308305629,0.802115261921797,10.6761259382877,0.128156751415381,-0.00377168741824314,0.832348618224083,0.213569095792133,0.747539058084937,0.499924362105679,44
42,11.003274784162,2.4305850901149,-0.433146232743746,10.6761259382877,0.125079046965014,-0.00220923193641409,0.83090227319557,0.466122726751871,1.0019353086618,-0.128490149372238,45
42,11.4325692170289,1.52514761719165,-1.51186598698052,10.6761259382877,0,0,0.622617994908281,0.23471990071504,-0.329481198023242,-0.951278516007634,46
42,11.670139922596,3.23305099212957,-0.811071694312237,11.5755578085583,0.128895359702623,-0.00414665603069964,1.02328321061274,0.758595988609825,0.494881414183008,-0.648382317311118,47
42,11.9118785352784,3.07598308582455,-0.98688062005296,11.5755578085583,0.124928540633195,-0.00213282452078514,1.21377931224228,0.646513667138206,0.243624464917754,-0.728591633235995,48
42,12.2161357546889,1.83731500858601,-1.05378510180363,11.5755578085583,0,0,0.438267349427841,0.486239839362687,0.162553899443435,-0.450022254112969,49
42,12.4495385531408,1.44301787471701,0.355965970251837,11.5755578085583,0,0,0.391924262761318,0.348203728072647,1.36634727694488,0.215559942513674,50
42,12.6412622804406,-0.260147197727325,1.67668644535106,11.5755578085583,0,0,-0.514988383426682,0.0398808944744273,1.59318998947108,0.931036490829321,51
42,12.7871390294731,-0.288700754873482,1.21384334503032,11.5755578085583,0,0,0.174345130002268,-0.288769374101246,1.13968484999893,0.749532586593982,52
42,13.158082762727,-1.79021868894155,1.83074428635101,13.1516996740381,0.130342665003901,-0.00488140822614083,-0.717755984655451,-0.417404373033164,1.7004165615219,1.04219524442949,53
42,13.2831199761834,0.98985304626755,1.75837152633593,13.1516996740381,0.128290862037007,-0.00383977123825585,0.316883055172258,0.31213437516989,0.77110801719832,0.971557516821657,54
42,13.6248883596308,5.38951608364386,-1.96013206288006,13.1516996740381,0.12268260059397,-0.000992630138030054,2.05910602914937,1.2151637786298,0.152318923312264,-1.16003509879305,55
42,13.8999702292349,3.47576366620247,-0.859900449251903,13.72816244727,0.127628122132377,-0.00350331866014061,1.66737016115525,0.887451444961794,0.0501279968778869,-0.758204861752222,56
43,0,-1.17525089371268,-0.677575255857146,-Inf,0,0,-1.50332194762622,0.230911446540392,-0.653109284849188,-0.418822518093565,0
43,0.0458469782673415,0.867208054739397,-0.505974653382197,0.00121782515197992,0.12971506473761,-0.00456279495696676,-0.95034816994844,0.73082695156506,-0.813598047135673,-0.109559203110495,1
43,0.279249776719262,4.72784455326297,-0.988909583922645,0.00121782515197992,0.125885032532644,-0.00261840591291188,1.29544398564594,1.95720157555827,-1.12197237188253,-0.838176239161846,2
43,0.708544209586186,1.18392484329806,-0.748900535427421,0.00121782515197992,0,0,-0.0309326931414786,0.939441597454415,-0.751623965889093,-0.857124367060387,3
43,0.94611491515332,-0.244008418213438,-0.297914075374648,0.00121782515197992,0,0,-0.935242258768433,0.534158926477712,-0.664515891356995,0.00343875341204194,4
43,1.09615957130098,-0.0514697960868985,-0.0938852410753404,0.00121782515197992,0,0,-1.27847421412006,0.861443864398125,-0.325176450798517,0.228796907269619,5
43,1.45043167609408,2.28406449675689,-1.17993895623342,1.41397297249462,0.129849138043421,-0.00463085983292058,-0.0715558139808278,1.16831292506407,-1.08618845992494,-0.630010138069699,6
43,1.50878237570706,2.888747000332,-1.75221253913757,1.41397297249462,0.128891629992187,-0.00414476257190668,0.39104683624976,1.32089525011493,-0.72966359119646,-1.42657179714809,7
43,1.94641262280441,3.87578375426219,-2.02359660486841,1.41397297249462,0,0,1.04033917408679,1.55897347024283,-1.19184265179047,-0.821076293389986,8
43,2.06311402203037,2.21843166128421,-1.5308296502981,1.41397297249462,0,0,-0.00226439646220833,1.22077128714649,-1.26386407385033,-0.995691101897375,9
43,2.42155403393867,3.07748451927632,-1.44800699748394,2.31211260873466,0.128651525264125,-0.00402286881809791,0.370537621073849,1.48453451034558,-1.19541229296313,-0.994190572144649,10
43,2.61327776123846,4.68131138764986,-0.541281064292549,2.31211260873466,0.125505427381474,-0.00242569210333782,0.941278073631,1.97088179144682,-1.0328371391918,-0.379682950860957,11
43,2.96754986603156,1.63918041978681,-1.24154286884736,2.31211260873466,0,0,-0.0444351369254928,1.034217807545,-1.6070717191204,-1.03096608642772,12
43,3.13426615064007,0.806575196833003,-0.24660024767284,2.31211260873466,0,0,-0.734167173059708,0.848430394848881,-0.819995148522429,0.0911242949547121,13
43,3.45936290562667,1.40337915662341,-0.222191796639005,3.21222006081998,0.126391908518957,-0.00287573119420308,-0.54441368642231,1.19758358542717,-0.971710140325078,-0.27306125692989,14
43,3.6927657040786,4.02522076416501,-0.741172156950816,3.21222006081998,0.122561876314004,-0.000931342150147924,0.67663582659026,1.85124856179188,-0.77287626318599,-0.281361638256408,15
43,3.89282524560881,1.83780736895426,-0.759104079468403,3.21222006081998,0,0,-0.489277025678793,1.16032502731883,-0.703120859163059,-0.0891485770859744,16
43,4.14289967252158,1.11790492896623,-0.81398909327033,3.21222006081998,0,0,-0.327945226242118,0.881211483796497,-1.0207986820028,-0.861373178983721,17
43,4.30128014289967,-1.96474613397791,0.185168527639582,3.21222006081998,0,0,-1.77881568548654,0.105444114546215,-0.5087196185799,0.0363344261960511,18
43,4.63054480500149,-0.296363848480438,0.615835895117236,4.45258127906575,0.127527109214723,-0.00345203752206333,-0.88663984439453,0.483836533881014,-0.372399542009099,0.440800654461786,19
43,4.76808573980351,1.49816414410397,-0.358511209400765,4.45258127906575,0.125270125951057,-0.00230623683538697,-0.758604371138662,1.07440298212865,-0.711620265821838,-0.0452515193676829,20
43,5.15570110151831,0.490444135325843,-1.45468400534652,4.45258127906575,0,0,-1.02244844157848,0.712263578509716,-1.05074318836138,-0.80583654489027,21
43,5.27240250074427,0.339207890949936,-0.963933388247631,4.45258127906575,0,0,-1.03883421757912,0.794987390130469,-1.09434334112781,-1.01836497321311,22
43,5.65584995534385,4.26662694240319,-1.93954535568208,5.33798495478964,0.125231390582107,-0.00228657208506042,0.772314609998388,1.75870311655678,-1.7975512662339,-1.05005910727725,23
43,5.85174158975886,4.25817915887721,-2.54762936959092,5.33798495478964,0,0,0.437801455776308,1.81432393348767,-2.16477797720754,-1.69083706063104,24
43,6.18100625186067,1.05163633568388,-1.34300500205581,5.33798495478964,0,0,-0.512020919387605,0.863416606699123,-1.19891072949688,-0.892376122384835,25
43,6.3518904435844,1.25378204569036,0.419738076748442,6.30970478792532,0.129755161403174,-0.00458315079552084,-0.592493847468798,1.20146613174462,-0.279319769106407,-0.205664676325838,26
43,6.56028579934504,2.33596396478387,-0.0116246064648061,6.30970478792532,0.126335489791597,-0.00284708914904276,0.0336251115612777,1.18045711941076,-0.780965953080936,-0.334961862868705,27
43,6.93122953259899,-0.136392723642076,-2.30244730169551,6.30970478792532,0,0,-0.876719710911903,0.521242115674777,-1.67783442030778,-1.17048813505404,28
43,7.17296814528133,1.13666421113241,-1.36885810946179,6.30970478792532,0,0,-0.186567984729847,0.931096261173691,-1.1031683016849,-0.543750142637778,29
43,7.31050908008336,2.64491940364764,-1.21895288429832,7.26215456343399,0.129653933241312,-0.00453176038459457,0.0870158449920737,1.35423605909379,-1.42571660357197,-0.848166557098297,30
43,7.72729979160464,5.3259991549437,-3.45168936196705,7.26215456343399,0.122814590018158,-0.00105963709163799,0.597339413322552,1.99399163004503,-2.80452569227014,-1.77935514486852,31
43,7.84816909794582,3.80106988768375,-3.91384755336824,7.26215456343399,0,0,0.685924760201911,1.70570566338349,-2.32416523603652,-2.2802953402231,32
43,8.1982732956237,-0.0878699335241006,-1.57536389853379,7.26215456343399,0,0,-1.02789228340665,0.916756427055866,-1.3566885389251,-1.02213804747741,33
43,8.37749330157785,0.819866863685283,0.386344295167548,7.26215456343399,0,0,-0.517398640744792,0.890715262322232,-0.606581002606092,0.144896962607526,34
43,8.70259005656445,-0.522290217519362,-0.311860672628308,7.26215456343399,0,0,-1.56681328776359,0.650460198788211,-0.815772656863306,0.248467474737475,35
43,8.96516820482286,1.61272355561027,0.918564398964785,8.87068877777515,0.12889704474879,-0.00414751147656452,-0.475775625758358,1.23720912255059,-0.00841874235688034,0.583942674692409,36
43,9.1402203036618,2.53044313226694,-1.02162198270659,8.87068877777515,0.126024520595014,-0.00268921969352091,-0.0964756039596822,1.30732829237165,-1.21111236703095,-0.604975180809582,37
43,9.44864543018756,1.06369407295423,-1.34674407162203,8.87068877777515,0,0,-0.862719453771942,0.904166202109536,-1.83093637866337,-0.82118927062251,38
43,9.54867520095267,0.470311436996517,-0.191180967593612,8.87068877777515,0,0,-0.673736833097676,0.834709152992916,-0.941787379942208,0.191838632784092,39
43,9.98630544805001,3.3863901202806,-1.94643051525085,9.57008461484936,0.123617416760513,-0.00146720743011525,0.700629342177143,1.46656646940292,-1.424579425722,-1.17189225478765,40
43,10.103006847276,2.72256851009995,-2.5051398636317,9.57008461484936,0,0,-0.185443734485109,1.54235853987254,-1.50468305945043,-1.52533805657036,41
43,10.4572789520691,0.252770944940916,1.59787134005931,9.57008461484936,0,0,-0.949322470625583,0.449257699475614,0.477443814863305,0.917056318438289,42
43,10.6364989580232,-1.23773080152149,-1.06532554511628,9.57008461484936,0,0,-1.42355165448873,0.35781237197277,-1.28603423291202,-0.457553912169506,43
43,10.9740994343555,1.69081540299637,-0.178281750552962,10.658617211255,0.125270490860474,-0.00230642208860141,-0.191475327758436,1.23167963697165,-0.329429486799556,-0.191254316980582,44
43,11.1949985114617,2.54531019162884,-0.222798781124386,10.658617211255,0,0,0.381851391911731,1.19066167945243,-0.86800928467952,-0.414350141820591,45
43,11.3033640964573,0.829399718153089,-1.19566541458628,10.658617211255,0,0,-0.482509774417542,1.02879318659836,-0.836803658667385,-0.687961482171946,46
43,11.532598987794,1.29940092657598,0.772863117639313,10.658617211255,0,0,-0.712959636857161,0.856890505837459,-0.0272605010664375,0.460301152819918,47
43,11.8701994641262,0.863531805054067,0.0854139695145018,10.658617211255,0,0,-0.531561165605837,0.847859503252328,-0.472981596661458,0.264376153060884,48
43,12.1494492408455,0.0658939913268113,-0.691821177288785,10.658617211255,0,0,-1.04052719415343,0.75592484113851,-1.64005158095032,-0.707132511631978,49
43,12.4745459958321,3.00168247673889,-1.38580347157293,12.2402724965046,0.126603088538931,-0.00298294076718082,-0.0807562922740983,1.230815923533,-1.25400828203677,-0.819101157192361,50
43,12.5328966954451,3.79032415713181,-0.519422924804865,12.5278129478934,0.256009567079995,-0.00738907604413427,0.186314977338507,1.80588284268525,-0.901828535207397,-0.46429505741609,51
43,12.9288478713903,5.04252336748904,-3.90463765414026,12.5278129478934,0.12386661053036,-0.00159371540966019,1.1911063284171,1.75127314355693,-2.39495119296104,-2.56028450885134,52
43,13.0872283417684,2.55489728749444,-3.00180286982953,12.5278129478934,0,0,0.463022300126066,1.32294331826716,-1.94494581147086,-2.00857594143351,53
43,13.491515331944,-0.289675603936187,0.905001376884399,12.5278129478934,0,0,-0.961371468927059,0.479924811349268,-0.0288074992168696,0.48813023366121,54
43,13.5456981244418,-0.218114298346911,-0.123777756246649,12.5278129478934,0,0,-0.848365190313205,0.771845407345071,-0.583196324258757,-0.142217215894919,55
43,13.8332837153915,2.83608081141422,-0.92813087700589,13.6591346142231,0.127589702164737,-0.00348381402935505,-0.252489865552795,1.39517761917512,-1.32491019639051,-0.552292707922149,56
44,0,0.405986777214334,0.580613971918613,-Inf,0,0,-0.626645194629292,0.723847430058751,0.194651415519803,0.798095640610648,0
44,0.0375111640369157,0.429330583755953,0.227453354643502,-Inf,0,0,-0.434900685638187,0.53366336080742,-0.0875239172671762,0.527839273314636,1
44,0.43763024709735,1.39591005227575,1.30153478001807,0.363625655625947,0.129233027351234,-0.00431807946562532,0.00573123107623727,0.70943057317547,0.688122068233864,1.57893881405617,2
44,0.621018160166716,5.00315367306784,-2.95249669671761,0.363625655625947,0.126223716333047,-0.00279034521672444,1.22133488681143,1.9700554479976,-1.02861134598586,-1.49951320130144,3
44,0.846085144388211,9.10839860450344,-4.87601168012835,0.710815947128531,0.250758174436995,-0.0047231062102715,3.1950262512969,2.64076993720148,-1.97686727177479,-2.1928264509969,4
44,1.01280142899673,7.02616529594953,-5.79263156530736,0.710815947128531,0.125491966155194,-0.00241885825456152,2.07574469437468,2.34210745467267,-2.53715873480786,-2.94514221406465,5
44,1.37957725513546,2.02902472166659,-1.21446922031586,0.710815947128531,0,0,0.362011652149276,1.23419761286125,-0.546390766737053,-0.310134902508637,6
44,1.66716284608514,-2.35087238015221,1.51998120387266,0.710815947128531,0,0,-1.93841378146181,-0.0948794019647726,1.21634494422708,1.290784071072,7
44,1.80887168800238,-1.06308261047447,0.733580429110963,0.710815947128531,0,0,-1.18733476323063,0.144446558582424,0.944621636967917,1.14502747689183,8
44,2.07144983626079,-0.339766191835001,0.0532075336340257,0.710815947128531,0,0,-0.90798785518992,0.528276724232558,0.0421630018741013,0.137825576145839,9
44,2.41321821970825,-0.522919096626971,-0.102675275826103,0.710815947128531,0,0,-0.721342660716393,0.357195326317878,0.513344935235691,0.0906270392956939,10
44,2.74248288181006,2.81215823514759,-1.47356946575081,2.53538396232403,0.127049010852827,-0.00320932175177603,0.364208812629314,1.15922212638826,-0.364111090342735,-0.573022756905585,11
44,2.90086335218815,3.86948613894268,-1.17746239008424,2.53538396232403,0.124450060428028,-0.00188991490045259,0.827614431640864,1.55172040701304,-0.708134076253914,-0.660978230558025,12
44,3.12593033640965,2.18069136207548,-1.16658460525248,2.53538396232403,0,0,0.374793506893065,0.805335951124144,-0.164157203732241,-0.204099873413223,13
44,3.38434057755284,0.598233559842108,-0.614623694335949,2.53538396232403,0,0,-0.399347292158891,0.561674475515186,0.387112120970131,-0.280012922420541,14
44,3.70110151830902,2.29191816333895,-1.09414073654328,3.63841260470844,0.12941871240279,-0.00441234603065306,-0.0365854852958188,1.0460527176178,-0.281952953060675,-0.142392546992123,15
44,3.76362012503721,2.78422896195191,-2.55606945736481,3.63841260470844,0.128392810919317,-0.00389152753670928,0.417164780916892,1.14616984135468,-0.86580849093252,-1.18079505899981,16
44,4.07204525156297,4.11685807214897,-2.67399907670019,3.63841260470844,0.123331696934197,-0.00132215629992247,1.03588712528667,1.6602516822669,-1.33864237511327,-1.34518606630963,17
44,4.28044060732361,2.12909250893253,-2.02826199778996,3.63841260470844,0,0,-0.16846985605498,1.00932506346261,-0.922520900059976,-1.02101089414704,18
44,4.67222387615362,2.90462640789108,-0.421164125573037,4.44869015360466,0.126779323319358,-0.00307240972146237,0.512416320101367,1.29092229933363,-0.0966417055567893,-0.00836001632493039,19
44,4.93480202441203,2.55034258681945,-1.88850798947761,4.44869015360466,0.122470537088796,-0.000884972046900384,0.110965483958304,1.19146246330169,-0.8278326875687,-0.954873882353705,20
44,5.17654063709437,2.44128437001198,-1.49907974421713,4.94348520277104,0.126623076423527,-0.00299308799876909,0.0841959121374394,1.18336041088976,-0.256407067120101,-0.538732903443143,21
44,5.25989877939863,4.65578728799611,-3.19464911398525,4.94348520277104,0.125255207778896,-0.00229866334017775,0.887946270444387,1.83082637386328,-1.42956506358772,-1.3133939707823,22
44,5.55165227746353,1.46369075937058,-2.43912250855276,4.94348520277104,0,0,-0.0980394154560934,0.817110897839219,-0.89645208548112,-0.997719806030017,23
44,5.78088716880024,1.06275597745493,-0.414150697724114,4.94348520277104,0,0,-0.234715316359818,0.867239590126192,0.171023298495035,-0.30077498225902,24
44,6.16433462339982,0.838513590771358,0.565312001020908,4.94348520277104,0,0,-0.130268647328604,0.739739557089439,0.0729466238134534,0.529712457942143,25
44,6.39356951473653,1.71050967147357,0.105243910317373,6.17676673388431,0.126889774966232,-0.0031284826108119,-0.232755880643062,0.951466178666983,0.28891515874024,0.352974199134774,26
44,6.54361417088419,4.29335629470816,-1.92093368043528,6.17676673388431,0.124427611405897,-0.00187851822534771,0.987866677504095,1.51326620460706,-0.884977592074053,-0.829182026385196,27
44,6.95623697529027,0.963301277415252,0.69098991921143,6.17676673388431,0,0,-0.483093645118984,0.795146301936964,0.393268944672407,0.626440673427904,28
44,7.23965465912474,2.21270757563993,-0.623307470491445,7.16578881257357,0.129235304091321,-0.00431923529625121,0.403996864865786,1.14406235858864,-0.353343599495296,-0.0292411263146501,29
44,7.38553140815719,2.39554785750516,-1.24237902279892,7.16578881257357,0.126841533963243,-0.0031039921437172,-0.156771216816923,0.983969596869103,-0.372545231155952,-0.20202156907754,30
44,7.53557606430485,3.49066488024752,-1.33138037257516,7.16578881257357,0.124379370402907,-0.00185402775825301,0.749480163046197,1.41308068097935,-0.893426808429206,-0.625307160965402,31
44,7.83566537660018,0.928814957410037,-1.67453687962665,7.16578881257357,0,0,-0.251986091834387,0.741722013281109,-0.568045598977288,-0.724435887395741,32
44,8.05656445370646,-0.808321605541758,1.66199671590443,7.16578881257357,0,0,-1.14587707109101,0.204611001405254,1.17513507019441,1.36842005561459,33
44,8.30247097350402,-0.810532564706304,0.00966920269335491,7.16578881257357,0,0,-1.05447690322879,0.245930860434535,0.141005568451854,0.273897573015402,34
44,8.51920214349509,0.339447111831915,1.43237335234731,7.16578881257357,0,0,-0.435357560728717,0.616209256206131,1.28942228403632,1.0558138150067,35
44,8.76927657040786,-0.462748321798712,-1.17536091380306,7.16578881257357,0,0,-1.17059289453841,0.36454413854698,-0.29687586176492,-0.370451953394345,36
44,9.07770169693361,0.770170235421905,-0.194471519895344,9.00152328173594,0.129197355907157,-0.00429997017531332,-0.416135796786279,0.804584695686116,0.378241032989857,0.408342118716696,37
44,9.44864543018756,3.13829514638336,-0.45507507704237,9.00152328173594,0.123110340438498,-0.00120978044458059,0.626633793941605,1.46020744462702,-0.025404141939226,0.1396708994847,38
44,9.66120869306341,4.18207790382828,-1.70153917064384,9.56258708125231,0.128829073408429,-0.0041130045266634,0.833785508651243,1.60103934129543,0.0557532046907991,-0.514480574598224,39
44,9.77374218517416,3.42484367744974,-0.722272264008205,9.56258708125231,0.126982450738177,-0.00317553123756535,0.564771894896356,1.26375495411689,0.100803668572282,0.0852240913545841,40
44,10.0571598690086,2.96878662993771,-1.30725374762178,9.56258708125231,0.122331697346482,-0.000814487398356267,0.429602800753428,1.33942914942841,-0.476808489273905,-0.328995147097439,41
44,10.4322715093778,2.29822707403692,-1.96441068104891,9.56258708125231,0,0,0.0928087758382257,1.01408931753721,-0.273995745291909,-0.675346725240397,42
44,10.6823459362906,1.90330899260524,-1.91205587871372,9.56258708125231,0,0,0.115169914148791,1.02808542387796,-0.309374664239443,-1.26605949943363,43
44,10.9490919916642,3.32479527273773,-2.21018690789423,10.8317976780289,0.128522662989177,-0.00395744942154015,0.704025651279387,1.2058258879096,-0.705794085234593,-1.07828627303236,44
44,11.2075022328074,5.28883927987885,-1.04016726662544,10.8317976780289,0.124282270190821,-0.00180473297990653,1.11150938778334,1.82406106430511,-0.204612445181098,-0.175008961454549,45
44,11.3867222387615,1.76270152702117,-3.58949789274182,10.8317976780289,0,0,-0.117709780310721,0.923844180932332,-1.36835299568019,-1.79519516325858,46
44,11.6743078297112,-1.11433167689591,-0.736087157008375,10.8317976780289,0,0,-1.08062229652001,0.27602776198654,-0.362638751160668,-0.279810987514911,47
44,11.8410241143197,-1.63733427719033,-0.629305557102647,10.8317976780289,0,0,-1.57939414607277,0.223926210702977,-0.152066601727185,-0.0511985867767414,48
44,12.0369157487347,0.714005223607364,-1.28853514384639,10.8317976780289,0,0,-0.453209917517617,0.777514968345546,-0.968070487410481,-0.695720191038822,49
44,12.2744864543019,2.37214919833915,-0.987577590102816,12.1342243619066,0.128145772339523,-0.00376611368056375,0.343575342540176,1.13230232311947,0.0745017055545364,-0.296253848950295,50
44,12.6079190235189,3.91053808145183,-1.17194418059334,12.1342243619066,0.122674297761001,-0.000988415046199162,1.11635462540287,1.34814165891876,-0.260731703334903,-0.216641005805417,51
44,12.962191128312,3.58550582483721,-1.25220926222629,12.8611416175048,0.128789232706401,-0.00409277863288934,1.03227404197832,1.50521242754092,-0.058469579898585,-0.243266575519202,52
44,13.237272997916,3.73977551723367,-0.606018099796388,12.8611416175048,0.124275266179171,-0.00180117725953947,1.20712145378618,1.26271749175351,0.0319364871428025,0.0131391692162039,53
44,13.2789520690682,3.29156345678135,-0.0293897147201453,12.8611416175048,0.123591331856805,-0.00145396493024297,0.559732103225728,1.4326057147155,1.09166941561002,0.442120500360579,54
44,13.5707055671331,2.20406482493297,-1.24355236671982,12.8611416175048,0,0,0.137749377875733,0.893393108846694,0.16587016134027,-0.931958222436518,55
44,13.8082762727002,2.1627218583404,0.307592837587081,13.6423445296707,0.127724545219404,-0.00355226968302323,0.585811732564768,1.13216472098405,0.808092917325632,0.558804442602622,56
45,0,2.12738712583281,-0.618029921957151,-Inf,0,0,1.5504825822774,0.32154309964456,-1.11814498032615,-0.00988368120382715,0
45,0.141708841917237,2.25315271148932,-0.326824007070894,0.0589051002636552,0.129088637357637,-0.00424477712595865,1.2433258172965,0.293378472618386,-1.4239514968218,0.388789393128375,1
45,0.370943733253945,3.28539402823788,-2.16818880730466,0.0589051002636552,0.125326998584902,-0.00233510931483263,2.06708932332817,0.841865697796735,-2.00926467234646,-1.019415682972,2
45,0.687704674010122,1.51928194833372,-1.86345833333699,0.0589051002636552,0,0,1.42485275620222,0.051013638996651,-1.65289902453767,-0.587556914602778,3
45,0.796070259005657,0.937924202846086,-0.896555442660013,0.0589051002636552,0,0,1.08878948005999,0.25202183719664,-0.819835816556652,0.320290221580598,4
45,1.24203632033343,1.11668081463104,-2.03292610862835,1.2267587411898,0.130196710520449,-0.00480731164329196,1.01717818771764,-0.0230751961010661,-1.85653666929522,-0.636936376478518,5
45,1.34623399821375,3.23347784795942,-2.49961266737128,1.2267587411898,0.128486874714661,-0.00393928082005315,2.20490814335334,0.579608850940061,-1.98198670263937,-1.17665331660255,6
45,1.57130098243525,5.68393153110468,-3.38885263022106,1.2267587411898,0.124793629374158,-0.00206433424185662,2.78938232258577,1.39977918306677,-2.81372918294432,-1.93672025252584,7
45,1.94224471568919,1.28739523278397,-0.108156747117652,1.2267587411898,0,0,0.957607441209311,0.139000409222965,-1.02169035623591,0.522636999032107,8
45,2.14647216433462,1.65152137977995,-1.41391944703398,1.2267587411898,0,0,1.21170721567114,0.284449854362488,-1.70541004360763,0.18454060591065,9
45,2.27567728490622,4.03216897105922,-1.83220962317635,2.16656584026865,0.128656940092931,-0.00402561775942348,1.8794733572674,0.759451697195379,-1.79175726072625,-0.716111676342148,10
45,2.55075915451027,5.74464929028859,-2.42185588197702,2.16656584026865,0.124142973565649,-0.00173401638607186,3.13825819714609,1.12344060713481,-2.11154900534008,-0.872769576986445,11
45,2.917534980649,0.47128961469509,-0.600221263800915,2.16656584026865,0,0,0.927332813687379,-0.139960368372719,-1.29397412865596,0.237582483912095,12
45,3.15927359333135,-0.163457266686888,1.53083140363018,2.16656584026865,0,0,0.447108727804868,-0.256411950254766,-0.295434097132446,1.73410295444395,13
45,3.28847871390295,0.143694786076631,0.678628514098102,2.16656584026865,0,0,0.771223770538033,-0.0763317113013784,-0.982704287929014,0.780494183337666,14
45,3.60523965465912,5.26367352862002,-2.5355667093956,3.28976899079907,0.125270680542235,-0.00230651838419088,2.50450668944034,1.13591471948928,-2.04200924922081,-0.936285766080329,15
45,3.94284013099137,3.49967054701008,-1.6975176989287,3.86260566135618,0.129130797925705,-0.00426618074406782,2.39920628845867,0.661854632460572,-1.54556025786984,-0.0773733129205155,16
45,4.23042572194105,3.15779104449333,-1.81497369243122,3.86260566135618,0.124411651101743,-0.00187041567192851,1.91139641333352,0.399843280796215,-2.22246302608721,-0.74512800226426,17
45,4.25126525751712,2.71969720845179,-1.73235070525281,3.86260566135618,0.124069683940584,-0.00169680950728035,1.87007381252163,0.370680781525535,-2.03217069549391,-0.496744915451117,18
45,4.62637689788628,-0.992805702707521,1.06628159601854,3.86260566135618,0,0,0.142958080224843,-0.514422891520228,-0.00539890015570232,1.10803022976455,19
45,4.87645132479905,0.853631654388736,1.10314529267391,3.86260566135618,0,0,1.12260635669249,-0.0058267509359264,-0.780194049069334,1.04799428537175,20
45,5.12235784459661,0.0122278775886175,2.1732443382933,3.86260566135618,0,0,0.95935910114154,-0.236224919690066,0.445874358727192,2.11853214588563,21
45,5.32658529324204,0.574439867761824,1.56442063398946,3.86260566135618,0,0,0.608202869610627,-0.0511298915630489,-0.210851808895428,1.45693357461413,22
45,5.60166716284609,-2.33672782853949,3.0456166816823,3.86260566135618,0,0,0.00408206846522058,-0.704084902222033,0.738598868224645,2.35689659181444,23
45,5.81423042572194,-0.667231728876758,-0.450408612815655,5.79132290313987,0.130071506669924,-0.00474374951581653,0.640582441557448,-0.56387483409589,-1.06710301709331,0.293219951459669,24
45,6.01428996725216,2.4855356503163,0.000239084614978194,5.79132290313987,0.12678862192281,-0.00307713033519724,1.99056086000408,0.595543324563505,-0.566283755068617,0.85150367959228,25
45,6.36022625781483,2.71354783981122,-2.05047765322734,5.79132290313987,0,0,1.68454871095217,0.515546419748653,-1.65493839502044,-0.751623099023183,26
45,6.73533789818398,2.87037967176511,-1.42471411578574,6.39138824880446,0.124803353533199,-0.00206927089702671,1.72151442255768,0.319467559710147,-1.46900584485476,-0.172261488405249,27
45,6.93122953259899,4.20749707355279,-2.46798814284973,6.39138824880446,0,0,2.41304574780221,0.751199489578176,-1.58451677293985,-1.38229420150409,28
45,7.21464721643346,2.64586434658034,-0.537549120237609,6.39138824880446,0,0,2.00182612968212,0.334710215533153,-1.39688550945533,0.603790364189174,29
45,7.2604941947008,0.865442349924386,0.160496518550272,6.39138824880446,0,0,1.07556910248851,0.167683074839653,-0.639902174931624,0.150440576188832,30
45,7.7439714200655,0.403388684458491,0.0666507862247108,6.39138824880446,0,0,0.85218699011095,-0.280139458851051,-1.30766690171936,0.72311054160025,31
45,7.99404584697827,-1.39201591867826,1.0085766765761,7.98237072437679,0.130255825169746,-0.00483732232473554,0.242082524933355,-0.747421162930666,-0.486197734434779,1.099549945593,32
45,8.21077701696934,3.95255871707688,-1.92240962430037,7.98237072437679,0.12669936669368,-0.00303181821239733,2.16979896208081,0.755052753717816,-1.7396441297747,-0.520236972121902,33
45,8.46501935099732,5.26551762416194,-2.12415944247747,7.98237072437679,0.122527367327607,-0.000913823003694969,2.66645011276011,1.09712498074872,-2.52023690916228,-0.5577737624879,34
45,8.69425424233403,2.30037084583123,-0.951652062646669,7.98237072437679,0,0,1.49836649860224,0.448378117227512,-1.20905864406194,0.224306391325917,35
45,8.76927657040786,1.47099596497412,-0.203511423077687,7.98237072437679,0,0,0.993589648061563,0.317643325857,-1.30059638530553,0.26030051346247,36
45,9.16939565346829,2.60550276760861,-1.55539202374392,8.87175444749614,0.125563253717697,-0.00245504874804517,1.78627737268788,0.495983729966877,-1.5807291255178,-0.504373959375793,37
45,9.25275379577255,2.9664687158115,-1.96529804091023,8.87175444749614,0.124195385073117,-0.00176062408945493,2.11898200447941,0.445713218836873,-2.19822138835808,-0.292720839402333,38
45,9.50699612980054,3.28287054284098,-0.764358749056455,9.33774214541325,0.12767002877197,-0.00352459336662751,1.57330811348645,0.675599922783303,-1.52199564804597,-0.0154331823872614,39
45,9.77791009228937,3.9636509689192,-2.17561990324561,9.33774214541325,0.123224455676971,-0.00126771322620715,2.39956210945311,0.837922422193875,-2.32090961866001,-0.674713627028127,40
45,10.2030366180411,0.981061763090075,-0.675306394225623,9.33774214541325,0,0,1.09533805307235,-0.0632417462704043,-1.66530483959202,0.284852775703515,41
45,10.357249181304,-0.611831779799191,0.959857350162225,9.33774214541325,0,0,0.408372361185599,-0.446426129997696,-0.71761329351127,1.2928957623924,42
45,10.7115212860971,0.960654412950988,-0.91190983075189,9.33774214541325,0,0,1.33915216851206,-0.0137824691453917,-1.89554172454382,0.214897146140745,43
45,10.8115510568622,0.850678734882031,-2.11660398980598,9.33774214541325,0,0,1.27714225890352,-0.119837837944729,-1.39405851677005,-0.660532836620613,44
45,11.0741292051206,4.24538071517379,-1.20809095816823,10.8421461053945,0.126640672939349,-0.00300202120632326,2.18626893268796,0.822210833988006,-1.87887869040884,-0.00513762479245061,45
45,11.2866924679964,3.35896674688365,-1.9665328530972,10.8421461053945,0.123152607895542,-0.0012312383269157,1.90277096438697,0.867560258453326,-1.93155477406002,-0.74227070784775,46
45,11.5075915451027,0.0180721287409638,-1.68963777290062,10.8421461053945,0,0,0.69814397085292,-0.442645667665335,-1.49364573712175,-0.542130693917595,47
45,11.7576659720155,1.65151332344677,-0.650420371612987,11.7231920889615,0.12988170803254,-0.00464739461034532,1.53646821374188,0.207818234351105,-1.7082087223473,0.410166127296449,48
45,12.2244715689193,3.08354991579437,-3.03882538551344,11.7231920889615,0.0841560563856394,-0.000792980673390148,1.94307815327957,0.622069142107998,-2.96557320025646,-1.40457315731033,49
45,12.4912176242929,2.63371223555215,-1.10492225239664,11.7231920889615,0,0,1.70894037136071,0.396513414637717,-1.76378079850912,-0.0982867834040439,50
45,12.5495683239059,1.79914856000298,-1.28690988008619,11.7231920889615,0,0,1.84194229552563,0.448520070305768,-2.18220860727808,-0.297497507015256,51
45,12.9746948496576,0.763987277137054,0.258883099473459,11.7231920889615,0,0,1.35237836075723,-0.0346693427268588,-1.0130515605698,0.772625423078681,52
45,13.0122060136946,1.51146678977627,-0.0335101771897123,11.7231920889615,0,0,1.23676942351923,0.247764555667132,-0.82216114439761,0.279705319984915,53
45,13.3498064900268,2.35050315691985,-1.97869277519589,13.1837566168531,0.127722606758258,-0.00355128558617662,1.49447481715732,0.317045626974749,-2.23396836485837,-0.598699006523969,54
45,13.7124144090503,3.25315005512012,-2.03614365793827,13.1837566168531,0,0,2.00813361038249,0.805975599359528,-1.70894548861837,-0.556336075048667,55
45,13.8749627865436,4.16042899244897,-2.34743927621914,13.7282509946381,0.128039935747158,-0.0037123837118213,2.05455120611101,0.980474427134479,-1.90807558229342,-0.773366134705968,56
46,0,1.17514804457467,0.352838568203263,-Inf,0,0,1.49040760087515,0.146229073203925,-0.306029519599227,0.201302093897571,0
46,0.0833581423042572,-1.28753434768856,0.176306738506136,-Inf,0,0,0.195469122955064,-0.474420455128599,-0.541536468585114,0.158078807468771,1
46,0.266746055373623,2.11234794608736,-1.54579359626246,0.22874180363724,0.129823776311784,-0.00461798446516834,1.93035913581086,0.178019451437422,-0.95257678662022,-0.791153658157875,2
46,0.616850253051503,3.27512091801894,0.136737703931335,0.22874180363724,0.124078728004335,-0.00170140089908484,2.07837054852515,0.726994625214758,-0.334588583210023,0.363263123195997,3
46,0.933611193807681,2.5161786767256,-0.278762882931621,0.22874180363724,0,0,1.82559314205952,0.474001357490006,-0.197645296621739,0.282353149715674,4
46,1.04197677880322,0.404241254875217,0.441185670622818,0.22874180363724,0,0,1.18336741734047,-0.0246151895115473,-0.512656134645729,0.125028582695541,5
46,1.41292051205716,3.0656452455916,-1.76837081272269,1.22133307701263,0.127303547153813,-0.00333854196937912,1.74693606542236,0.583057440102586,-1.68525718237363,-0.864665800559325,6
46,1.63798749627865,3.12153719967578,-2.43061476392814,1.22133307701263,0.12361030181331,-0.00146359539118215,2.08796738433428,0.612747218094604,-1.50940618858381,-1.32290479646796,7
46,1.79220005954153,1.94212692013331,-1.74036475408481,1.22133307701263,0,0,1.4854095562853,0.411195674782909,-1.36422867421553,-0.785662590504436,8
46,2.04644239356951,4.62471640819511,-2.22429474280706,1.84546412103451,0.127149447844543,-0.00326031051006416,2.72445485991966,0.997629463885009,-1.70541684747045,-1.01298799156809,9
46,2.48824054778208,1.7486136240485,-0.716939427185376,1.84546412103451,0,0,1.42171960478806,0.299143353233711,-1.30083544858716,-0.0293573350167723,10
46,2.66746055373623,0.194074132120107,-0.30384758961946,1.84546412103451,0,0,1.28508301200273,0.0959645094015891,-1.13400436720177,0.174382497691546,11
46,2.77165823161655,0.273297706440333,-0.428886851459753,1.84546412103451,0,0,1.09899437336976,-0.0732775698580649,-0.789454839873473,-0.20840795996247,12
46,3.03840428699018,-1.39200192831007,0.982657158626687,1.84546412103451,0,0,0.534051361785584,-0.554114588288705,-0.065504572672796,0.821776287095119,13
46,3.43852337005061,0.638966433306428,-1.42629552812916,1.84546412103451,0,0,0.864730365805915,-0.0286383056200072,-1.5744389012469,-1.00098897748784,14
46,3.71360523965466,3.77399153634657,-1.1632523739485,3.62400165474436,0.12897705506799,-0.00418813024418499,2.45092095259405,0.754362849605704,-1.51087340484592,-0.710511759301487,15
46,3.8886573384936,4.36254626206182,-2.42474347241567,3.62400165474436,0.126104530914266,-0.00272983846114314,2.62149083038026,0.866313071865298,-1.45261735812447,-1.34350642648463,16
46,4.06370943733254,2.64129728906178,-0.387985100587804,3.62400165474436,0.123232006760541,-0.00127154667810127,1.89391136597981,0.496764728348315,-0.905643571942171,-0.303938007060052,17
46,4.49717177731468,1.98815715101175,-1.50996097299154,3.62400165474436,0,0,1.68936695227624,0.328615543736069,-1.48003463265512,-0.842707980441859,18
46,4.65138434057755,-0.937974496602409,-1.91846292309394,3.62400165474436,0,0,0.6502186434726,-0.493584861399051,-1.40787740645017,-0.890452093306368,19
46,4.84727597499256,1.0172151650878,-0.0903779111839306,4.69555691896687,0.127957768853873,-0.00367067011815296,1.13814379849155,0.0743950423067351,-0.130691754228844,0.162215672262198,20
46,5.10151830902054,4.28919547955531,-1.70189297874001,4.69555691896687,0.123785769487749,-0.00155267490944928,2.44227585715064,0.975254465832423,-1.43806009844769,-0.979343355673599,21
46,5.33075320035725,1.24137912155775,-0.479301611767656,5.24106419662981,0.128975653384623,-0.00418741865283591,1.48567748900741,0.224853564971319,-0.704820922610363,-0.066596496411099,22
46,5.66001786245907,2.2555545629895,-0.867986403497285,5.24106419662981,0.123572572238331,-0.0014444412513997,1.62923525515068,0.531732495277006,-0.586197347819096,-0.746960763715703,23
46,5.78505507591545,2.94568721662095,-0.957472924501051,5.24106419662981,0,0,2.29998255159249,0.639355334144236,-1.00380522403129,-0.244777626348227,24
46,6.03929740994344,0.504626677861919,-0.384046840209215,5.24106419662981,0,0,0.906524389376757,-0.10096749107167,-0.787589049319685,-0.262915976863992,25
46,6.29353974397142,0.625310016482716,-0.989786610329017,5.24106419662981,0,0,0.842063350667771,0.124949325381005,-0.58723402063244,-0.666514319411498,26
46,6.50193509973206,3.35269680419383,-2.13148719747852,6.37690937734531,0.128395794139632,-0.00389304202552,2.14209923699582,0.743700882648287,-1.71749030899235,-1.2294787343644,27
46,6.8061923191426,4.46898935970944,-2.68499603007021,6.37690937734531,0.123403073586756,-0.00135839202166278,2.41677928745608,0.906903581345665,-2.25098988020104,-1.51700072107739,28
46,7.01458767490324,2.22366531390234,-1.91253279905799,6.37690937734531,0,0,1.6918161119992,0.554469114117793,-1.19017848801776,-0.945891670878251,29
46,7.33134861565942,1.95185996408494,-2.34926632526003,6.37690937734531,0,0,1.4418362139547,0.159197702787369,-1.48975466437195,-1.68976705585154,30
46,7.55641559988092,0.605359957287011,-0.57102816458528,6.37690937734531,0,0,1.05149774660146,-0.0601430372546424,-0.452645665324517,-0.405581704871228,31
46,7.99821375409348,1.67919646583015,0.861435523685629,7.9587745861025,0.129800229998277,-0.00460603072912422,1.35301455657532,0.398962794159061,0.203911194891736,0.724922520363727,32
46,8.20244120273891,2.0759133697406,0.195186579590758,7.9587745861025,0.126448951818906,-0.00290469031557498,1.33139974023377,0.422904302427412,-0.232331170131525,-0.38887175700327,33
46,8.41083655849955,4.11022721337142,-0.716188285792635,7.9587745861025,0.123029280207329,-0.00116862866909713,2.46630338877486,0.876656558437044,-0.86142916128956,-0.408614736475722,34
46,8.56921702887764,2.42051374918197,-1.70384698440262,7.9587745861025,0,0,1.81066341090797,0.409735614751596,-1.41376428423851,-0.975914255887891,35
46,8.87347424828818,1.5038211310202,-0.733403227038856,8.72272756584884,0.127973725055638,-0.00367877058892851,1.52020143334757,0.208292878169076,-0.840094339948715,-0.371611435252649,36
46,9.19440309615957,3.33886257545333,-2.62501060598582,8.72272756584884,0.122707430773862,-0.00100523565335327,2.18529927735757,0.555305755823395,-1.80004811851602,-1.10706197927655,37
46,9.41530217326585,0.201310413855977,-2.6943691010291,8.72272756584884,0,0,0.980886676895852,-0.103180401095792,-1.64845389859009,-1.45750889141175,38
46,9.6903840428699,0.354564827450957,0.478174936522838,8.72272756584884,0,0,0.832067831204618,0.0325473089320012,-0.391898105552745,0.409567572359593,39
46,9.89044358440012,4.74568908040524,-2.16715925157972,9.75349469907367,0.128200140538446,-0.00379371473576978,2.53208028354572,1.14569440835486,-0.964828601710141,-1.08624651727163,40
46,10.0738314974695,5.1301046358223,-3.02085724614776,9.75349469907367,0.12519082952031,-0.00226598048687066,2.53964078108398,1.24142172774475,-2.25953667124325,-1.70610456028045,41
46,10.3280738314975,3.33183121311951,-2.63301748332058,9.75349469907367,0,0,2.18359738421437,0.785038435885189,-1.51829191832835,-1.67961972172713,42
46,10.6490026793689,2.8800891686136,-0.398513748097035,9.75349469907367,0,0,2.13915582362747,0.468252650738758,-0.921683554277597,0.198485282477593,43
46,10.9490919916642,-0.865247144230787,0.472981124761282,9.75349469907367,0,0,0.65854610485515,-0.428069747138531,-0.516531908422205,0.618013871435756,44
46,11.0616254837749,-1.36782757257172,0.0873897608481061,11.0515810187028,0.130282583507265,-0.00485090670614,0.0661690873794441,-0.360429682739634,-0.349893356952026,0.370272966820951,45
46,11.2991961893421,2.40885473623185,-1.37107442214063,11.0515810187028,0.126384157870016,-0.00287179642915257,1.78833228948584,0.543294180116223,-1.54770699736841,-0.737626131875347,46
46,11.6826436439416,1.52050322047388,-1.70478191194829,11.0515810187028,0,0,0.972270598977018,0.296232972453516,-0.991323404238106,-0.657254424679464,47
46,11.786841321822,2.32290821285008,-1.03991474401457,11.7275456031587,0.129474393165708,-0.00444061343406139,1.56188624306629,0.477986958368939,-1.03991888434988,-0.560565341659359,48
46,12.1536171479607,3.17568688846437,-1.09193973421202,11.7275456031587,0.123455771129384,-0.001385144936261,2.20800305886425,0.574072441359441,-0.983428796943285,-0.962833396255389,49
46,12.4495385531408,-0.383862851193605,-0.0771590961160878,11.7275456031587,0,0,0.114336898126902,-0.376641482009281,-0.893892224676379,0.302841938385964,50
46,12.6996129800536,3.14905935436856,-0.322984884120056,12.5127375349188,0.127380868733629,-0.00337779574704182,2.36672062385531,0.567133990215017,-0.893341697190268,-0.239779571453553,51
46,12.9913664781185,6.605285992988,-3.62887205905387,12.5127375349188,0.12259332847737,-0.000947309441970898,3.61112114032267,1.41393336231086,-2.57775168041118,-1.89704029793735,52
46,13.0038701994641,5.61684442223748,-3.79901818588088,12.5127375349188,0.122388148180674,-0.000843145743182172,3.34460910279558,1.3171026136939,-2.68825314928762,-2.33840234650424,53
46,13.2622804406073,1.31457125568416,-0.657630871347355,12.5127375349188,0,0,1.42622884582622,0.304284662999961,-0.927227094516105,-0.101033330316658,54
46,13.6999106877047,-2.00759612877313,0.263964722852148,12.5127375349188,0,0,-0.0215499665908021,-0.662300185664958,-0.201974944462445,0.148944480279908,55
46,13.8207799940458,1.19067048436392,-0.607917740088682,13.7450887288433,0.129205349813752,-0.00430402843476674,1.19878854558729,0.188135965761517,-0.296485414297429,-0.03535092334123,56
47,0,0.296196307695065,0.643484994977281,-Inf,0,0,0.417687279696822,-0.125109526068297,0.143866310687757,-0.157572280145012,0
47,0.0416790711521286,0.257129682220058,0.552953169046008,-Inf,0,0,0.0325392849624398,-0.332092779768106,0.358126689515834,0.156698735596987,1
47,0.287585590949687,0.24632691968785,0.523232525215166,0.250843757449184,0.129844492012416,-0.0046285011864894,0.266972832443616,-0.11989240646596,0.828487869521626,-0.224443049686657,2
47,0.629353974397142,2.60701620755011,-0.770117116480443,0.250843757449184,0.124236230569431,-0.0017813600862647,1.58573791039988,0.422755902098429,-0.419773523438631,-0.940783849839042,3
47,0.88776421554034,-0.296293596535254,-0.91021288613857,0.250843757449184,0,0,-0.1079227820172,-0.384904019967953,-0.300023715880015,-0.655847762576736,4
47,1.05448050014885,-0.475677615351333,-0.722632194921748,0.250843757449184,0,0,-0.0413048656888007,-0.333206239773493,-0.248751497700436,-0.721037591272646,5
47,1.47960702590057,4.13192371054524,-1.93086660469002,1.31314328738775,0.127715815419072,-0.00354783783303818,1.88263486399366,0.820287264181287,-0.335293629675197,-1.44773339410769,6
47,1.7171777314677,3.99226683978952,-1.14126880662363,1.31314328738775,0.123817389781874,-0.0015687275560525,1.81608814763234,0.69842494379106,-0.96588927448315,-0.640129900565082,7
47,1.85055075915451,2.07565904431239,-0.124123299092001,1.31314328738775,0,0,1.17075555425655,0.257758731321386,0.224204374638272,-0.697629516294995,8
47,2.17564751414111,0.457445632778461,-0.445325864134328,1.31314328738775,0,0,0.136185878312732,-0.258947417069801,0.0876834357876708,-0.381840597984302,9
47,2.30485263471271,1.55182571848121,-0.627294515137172,1.31314328738775,0,0,0.599237514913959,0.12125977423622,-0.230063919071659,-0.396660037872492,10
47,2.50074426912772,1.22742228515175,0.823738220768153,1.31314328738775,0,0,0.698100173128568,0.126398462148739,0.572286869333061,0.456537619512496,11
47,2.77582613873177,3.18223771894778,-1.48654865135281,2.54671373578827,0.126687779748723,-0.00302593587834128,1.42613779703243,0.485683559033191,-0.72423776897873,-0.969856378815648,12
47,3.13426615064007,1.63463306433225,-1.43207567444878,2.54671373578827,0,0,1.03140595943911,0.131897013730834,-0.419328927839052,-1.54802474870108,13
47,3.41351592735933,0.889480803627781,-0.735392647835258,2.54671373578827,0,0,0.799804512650726,-0.0609973793737379,-0.324349676647793,-0.468770488721664,14
47,3.53021732658529,0.577964622925675,-0.52369170275946,3.45533521980441,0.129218627729992,-0.00431076922271006,0.341640495011374,-8.56229554040133e-05,-0.0479927830765562,-0.761355588009631,15
47,3.86364989580232,4.83808997157267,-3.22802829191269,3.45533521980441,0.123747153151468,-0.00153307058834501,2.10154900687524,1.02579921156373,-1.54376859014861,-2.47274905650591,16
47,4.04703780887169,3.08165748635331,-3.0168084503166,3.45533521980441,0,0,1.50020980171067,0.446978409329635,-1.23030288234691,-2.20158711512545,17
47,4.30128014289967,0.51308433565128,-0.146460368464487,3.45533521980441,0,0,0.202009703177834,-0.138468620395921,-0.309190085450919,-0.42279640994376,18
47,4.68889550461447,2.79283089587481,-1.81676665667879,4.42983561436861,0.126196355303144,-0.00277645486699973,1.33824396577243,0.415660892035369,-0.903907374894503,-1.37586918989789,19
47,4.83060434653171,4.72366379720231,-1.03840956234651,4.42983561436861,0.123870978607247,-0.00159593294739387,2.20152018790755,0.946292718459288,-0.438529413492465,-0.481772006319395,20
47,5.1515331944031,2.71559238439234,-3.70373142750066,4.42983561436861,0,0,1.44986171140119,0.567356933083135,-1.86909473313419,-2.77475511953115,21
47,5.35576064304853,2.12160078751383,-0.406867642926761,4.42983561436861,0,0,0.461779083606823,0.32874495847442,-0.591738365597524,-0.303624200731803,22
47,5.53914855611789,1.93415746221234,-0.0112307519623547,5.48946931405494,0.129632195108622,-0.00452072460611239,0.738904278437677,0.273458297428207,-0.622883399221186,-0.17550025835651,23
47,5.91009228937184,3.72865168314096,-1.29107950373799,5.48946931405494,0.123545179640042,-0.00143053487538229,1.62331009125194,0.589463640670283,-0.654561821188329,-0.805170830794703,24
47,6.01428996725216,2.14323781381019,-1.3924891754981,5.48946931405494,0,0,0.495139779602405,0.247347386714141,-0.894785244497824,-1.24101614724383,25
47,6.46442393569515,-0.341655936644224,-0.177612840970025,5.48946931405494,0,0,0.208618007237479,-0.273433334300205,-0.278280444380398,-0.338985015525411,26
47,6.71033045549271,0.585693189219639,-1.52112018177494,6.70921059829505,0.0355742715157512,-0.0010768054209972,0.383491125474515,-0.216705026690861,-0.97027634040964,-1.61180840984674,27
47,6.87287883298601,3.77493331035581,-2.69919740789566,6.70921059829505,0.127761688346637,-0.00357112610138717,1.76075885808892,0.698814929496705,-1.19432137778238,-2.10593649677575,28
47,7.08127418874665,3.47016566175972,-1.41534338898489,6.70921059829505,0.124342016735059,-0.00183506445490889,1.31781156337215,0.520196085018054,-0.553613430697527,-1.22020376434421,29
47,7.29383745162251,3.28544181965377,-0.909241384167768,6.70921059829505,0,0,0.89100085291077,0.591057473198001,-0.464115902709231,-0.628893749137277,30
47,7.72313188448943,2.56978605894309,-1.31780244675159,7.46827204205239,0.126265276149324,-0.00281144385169985,1.05431849415641,0.459607061242988,-0.465229519572188,-1.14017437425874,31
47,7.93152724025007,3.13318652095676,-1.33759461617426,7.46827204205239,0.122845604537748,-0.00107538220522131,1.1405646816558,0.388740038929991,-0.966887716555656,-0.795942197151416,32
47,8.03989282524561,3.03869554924319,-1.72163189231655,7.46827204205239,0,0,1.55146073810526,0.424344297192715,-0.200376125916272,-1.64811554586692,33
47,8.49836260791902,1.06213655647365,-1.06709929284838,7.46827204205239,0,0,0.593467217065647,0.00380066703239817,-0.914255689062464,-0.931990179122601,34
47,8.57338493599286,0.286634184098054,-0.421628458591223,7.46827204205239,0,0,0.246060380336266,0.0603838847495562,0.200332586704309,-0.36270105243962,35
47,8.99434355462935,3.10329708615538,-2.19359736071254,8.68390958442783,0.125353330360728,-0.00234847714403899,1.22876209777793,0.353896833098515,-1.70905599054895,-1.60252181598832,36
47,9.2360821673117,2.75080507021617,-0.374171152925962,8.68390958442783,0,0,1.36167325183891,0.389273353177533,-0.464657719458033,-0.573379151839963,37
47,9.25275379577255,1.86024551468605,-0.0565738722254532,8.68390958442783,0,0,1.24483780259501,0.232731841198156,0.184218840210241,-0.530518188984826,38
47,9.54867520095267,2.23482512433967,0.0953581368201376,9.37271020094183,0.127559904102838,-0.00346868647374102,1.04698777585107,0.139267113381768,0.0866314202036245,-0.681925858519419,39
47,9.96546591247395,1.59458806410424,-0.979114810998285,9.37271020094183,0,0,0.893242730183467,0.02939973163294,-0.490946448027692,-0.772299894610862,40
47,10.1405180113129,0.618788843415533,-0.450800812171279,9.37271020094183,0,0,0.563498329690405,-0.0445980410900916,-0.0879293570196253,-0.562544285016168,41
47,10.3697529026496,0.292309106969001,0.214432569775245,9.37271020094183,0,0,0.346139634529842,-0.119358651594804,-0.175130606710255,-0.295914823592965,42
47,10.5031259303364,0.955852629861344,0.206205397428778,9.37271020094183,0,0,0.837874700534655,0.0470728360699555,0.327609427990199,0.156999982354635,43
47,10.7907115212861,3.39579963010823,-1.72665852547808,10.6889603279119,0.12877771841931,-0.00408693318499961,1.44474697208025,0.738279393920848,-0.808943885271336,-1.60285385549538,44
47,11.2158380470378,3.21284523638226,-2.71067438639919,10.6889603279119,0,0,1.20481081591891,0.534918782145667,-1.40858240958456,-2.07293158452202,45
47,11.4700803810658,0.798410524936533,-0.430874536635352,10.6889603279119,0,0,0.196979517686128,-0.174895820344374,0.599729459104281,-0.656820523020892,46
47,11.6993152724025,1.87139310408253,-0.827509063715063,11.6201971631766,0.129149116884797,-0.00427548071374807,0.642496122550013,0.134140126075694,-0.494798012667114,-0.934412067356322,47
47,11.9160464423936,2.50499362965887,-2.65654968868161,11.6201971631766,0.125592658408809,-0.00246997660141232,1.28358704342477,0.31960599998745,-1.39711955478588,-1.75365034052643,48
47,12.0910985412325,5.80452953199578,-2.76924397191829,11.6201971631766,0.122720134255034,-0.00101168481836938,2.30716357692798,1.30332216396625,-1.80773198295712,-1.74665221792816,49
47,12.3995236677583,1.81864093545701,-2.44230823407857,11.6201971631766,0,0,0.599141224546383,0.0479345220487027,-1.2505178476032,-1.49863220418672,50
47,12.6370943733254,2.20758908693833,-1.20479234011055,11.6201971631766,0,0,1.20248269048136,0.388724019389817,-0.659817418417718,-1.14024677805417,51
47,12.9496874069664,1.24872301437033,-1.41418832934084,11.6201971631766,0,0,0.497425717154135,-0.0142878547775574,-0.822655431114234,-0.966176798034567,52
47,13.2247692765704,3.07536734128346,0.104421690365208,13.0019469220908,0.126790996541071,-0.0030783358555508,1.45455687732296,0.545496757732182,-0.106615930748414,-0.190763886276771,53
47,13.4748437034832,2.71122573274146,-0.972735084424095,13.0019469220908,0.12268739060723,-0.000995061879777936,1.47744702130241,0.394401992997705,-0.320297670667919,-1.13446703378769,54
47,13.549866031557,2.54630040906768,-1.00414757528535,13.0019469220908,0,0,0.896566574933368,0.324982752970044,-0.30808388761483,-0.926774619648867,55
47,13.8958023221197,1.56671236085049,-1.10563620202473,13.0019469220908,0,0,0.474592825317363,0.126903192384433,-0.053231233844923,-0.863357217786828,56
48,0,0.774937550861744,-1.23791715071588,-Inf,0,0,0.0571426933009461,0.400407954979864,-0.778238277572274,-0.41123451610451,0
48,0.112533492110747,0.461975711164154,-1.42795344300269,-Inf,0,0,0.0862770050945893,0.330889503371889,-1.02253700186323,-0.78522713582211,1
48,0.300089312295326,3.44945155956417,-0.848359694999686,0.215904753282666,0.129065978782035,-0.00423327406702986,1.32128928324574,1.07768432656005,-0.020905233468348,-0.760880300411739,2
48,0.600178624590652,5.72316354874695,-3.35548459309931,0.215904753282666,0.124141651661364,-0.0017333452961006,2.38776874042493,1.79249199189268,-1.93120079973246,-1.95580956149285,3
48,0.866924679964275,3.79233216486018,-2.15406489564731,0.215904753282666,0,0,1.74472658270546,1.15122858578767,-0.992247233395101,-1.42506077443835,4
48,1.11283119976183,4.8198794588215,-1.400507222963,0.960146872161959,0.127941929192815,-0.00366262881151085,2.09867160086424,1.43746969075474,-0.504073072443915,-0.879088704855874,5
48,1.49627865436142,2.56348006546525,-2.26230549293556,0.960146872161959,0,0,1.12779541590326,0.902315589941986,-1.52653075766317,-0.635210531866481,6
48,1.64632331050908,0.546053290765667,0.15755548584573,0.960146872161959,0,0,-0.0453208978216507,0.449017080787597,0.141579229656098,-0.175357130599962,7
48,1.83804703780887,0.707544949655178,-2.14648431081159,0.960146872161959,0,0,0.360763399231724,0.463631077403055,-0.848681080394176,-1.09868784719555,8
48,2.14230425721941,-1.00917879556864,1.49401336628146,0.960146872161959,0,0,-0.447892999905592,-0.0237716230706374,1.40873920931314,0.883348903844527,9
48,2.4965763620125,0.997740882511389,0.71108070513376,2.44221353502586,0.129555339641557,-0.00448170745947647,0.715428192398748,0.541012791751166,0.283707504567296,0.336760741268579,10
48,2.60077403989283,0.9532861353216,-0.374077342468875,2.44221353502586,0.127845503835782,-0.00361367663623803,-0.120467195269565,0.535267640478778,-0.206789128712554,-0.281175470031181,11
48,2.7883298600774,2.98036596319548,-0.930690455485344,2.44221353502586,0.124767799385362,-0.00205122115440745,1.14548669424573,1.05086627612392,-0.350371789573128,-0.413455385385064,12
48,3.10925870794879,-1.1086064436042,0.773370178281815,2.44221353502586,0,0,-0.235631733967013,-0.0803305296856657,0.145969635575799,0.41334590713826,13
48,3.38850848466806,0.951728579642615,-0.651056612005534,2.44221353502586,0,0,0.374708772146256,0.492912128572204,-0.93633455920601,-0.155861909394977,14
48,3.53438523370051,1.61585803660866,-1.42999756586407,2.44221353502586,0,0,0.859124579125224,0.696258882801073,-1.01127689757958,-0.747450095307351,15
48,3.80529919618934,4.04013191851865,-1.63604355587937,3.56940629020727,0.126576514823128,-0.00296945011249439,1.23704804209571,1.33199005686875,-1.16769135420497,-0.826825868503602,16
48,4.07621315867818,3.4989434222903,-2.89240235812978,3.56940629020727,0,0,1.03734326408133,0.929993666621833,-1.5686679135272,-1.91745354234624,17
48,4.3763024709735,1.9804521485668,-0.766001248157032,4.16267306373204,0.126941848562643,-0.00315491876720055,0.844298196867918,0.938686857217481,-0.248249165924841,-0.52316649002108,18
48,4.58886573384936,3.29609313242486,-2.05763636852206,4.16267306373204,0.123453783518834,-0.00138413588779296,1.55455598011256,1.15093532214971,-1.69864151545558,-1.39095202594783,19
48,4.75558201845787,2.23236245004239,-2.12036057870237,4.16267306373204,0,0,1.00688360911917,0.722113097664894,-1.0439512467786,-1.14103766092418,20
48,5.13902947305746,0.757322807670458,-0.95883272824432,4.16267306373204,0,0,0.161885415405816,0.389086412979568,-0.753875678400947,-0.410685423477646,21
48,5.48079785650491,4.09940926425624,-2.68600680345484,5.14951804910357,0.125011259792807,-0.0021748184829844,1.65446154001638,1.06183163580625,-0.719783459514427,-1.39481407866681,22
48,5.60166716284609,3.34133887725522,-2.09476108035194,5.14951804910357,0.123027850258068,-0.00116790272802625,0.936317061746382,1.08299522176591,-1.16549999750718,-1.50980768363862,23
48,5.92676391783269,0.915199669770844,0.571794161232255,5.14951804910357,0,0,0.472725797354039,0.391407061421454,-0.0149203530452258,0.46553246795326,24
48,6.10181601667163,0.936303136557304,0.739888891489509,5.14951804910357,0,0,0.357824782396134,0.63001784223744,0.594010110025041,0.17787148075455,25
48,6.3852337005061,2.27345804142205,-1.32306911924074,6.37931173535852,0.130350231828427,-0.0048852496692077,1.00506280485177,0.762157418256325,-0.695029824739326,-1.01818143993516,26
48,6.50610300684728,3.2644378835842,-1.16676628214582,6.37931173535852,0.128366822293712,-0.00387833391424953,1.36176472276569,0.959678513872168,-0.66346154422099,-0.521183914436744,27
48,6.87704674010122,4.12963284802236,-1.96820411456051,6.37931173535852,0.122279806825105,-0.000788144183518344,1.77892513043153,1.41223284742371,-0.999249120889959,-1.11737186996128,28
48,7.18130395951176,0.813256857341297,-0.962004744574218,6.37931173535852,0,0,0.521442094227541,0.573309007555821,-0.642770698970234,-0.329991888611784,29
48,7.36052396546591,0.14405835695988,-0.0618767295347875,6.37931173535852,0,0,-0.233116156780814,0.253114638599852,-0.0912166599346701,0.152622588669898,30
48,7.74813932718071,-0.212169649095268,-0.319936932882597,6.37931173535852,0,0,0.107991609885451,0.0906240044798188,-0.487366548829364,-0.115198143608759,31
48,7.96903840428699,1.20416626148686,-0.0160611435973264,7.90733651936663,0.129434909087923,-0.00442056858738682,0.444236555568707,0.517580186613769,0.251121827983277,0.22901055991671,32
48,8.04406073236082,2.33582050968014,-0.200413110082492,7.90733651936663,0.128203827307782,-0.00379558639465558,0.978258597652727,0.900887381167677,-0.357336800225909,-0.0696416005474898,33
48,8.47335516522775,4.85597490658247,-2.08997899864832,8.21749885444028,0.126248924563548,-0.0028031426566997,2.08706868952272,1.5103316693539,-0.624690890247157,-0.988264877915962,34
48,8.59005656445371,4.13109768600159,-1.70508259713525,8.21749885444028,0.124333908461116,-0.00183094813467324,1.59911930293353,1.36126247945983,-0.816866557365314,-0.789818683021276,35
48,8.98600774039893,0.402098658658866,-1.4868621478587,8.21749885444028,0,0,0.0540979095320628,0.400484581085631,-0.732372895457114,-1.01106771872148,36
48,9.21941053885085,0.421906710028526,-0.219844309010459,8.21749885444028,0,0,0.304892377125421,0.299357610391783,-0.328430732867215,0.0065697844995,37
48,9.49032450133969,-1.16782557626952,1.83494077556318,8.21749885444028,0,0,-0.51367747673446,-0.0753709713302406,0.892528075585097,1.17796946528965,38
48,9.5611789222983,-2.02505923897105,1.35760874340472,8.21749885444028,0,0,-0.829765019306223,-0.253110709688299,0.591050829640366,0.704110977782299,39
48,9.99880916939565,-0.780263807692249,0.122036734788277,8.21749885444028,0,0,-0.291338108900356,0.134544309746336,0.3585182516225,-0.102184868997792,40
48,10.1280142899673,3.07745446825823,-0.749572830157882,10.03454543588,0.128913627784629,-0.00415593017164949,1.77753800582339,1.03114402472158,-0.682293932082482,-0.342446642807848,41
48,10.4072640666865,3.447853109529,-2.05334931466054,10.03454543588,0.124331267825118,-0.00182960756536839,1.58079341079167,1.20586698942744,-0.998742204531557,-1.06504572408045,42
48,10.5573087228342,1.32898431573077,-1.4307124628871,10.03454543588,0,0,0.482755662658674,0.57858067564677,-0.917486764843876,-0.868563733644399,43
48,10.9991068770467,2.42928828830957,0.868704503857078,10.6171468325246,0.124179620491045,-0.00175262089811559,1.19564912157654,0.845215632242246,0.371500034788834,0.770256297757499,44
48,11.2325096754987,1.87846382015932,-0.813439872770916,10.6171468325246,0,0,0.665937939478346,0.830408721779243,-0.547577890156897,-0.0933116797852142,45
48,11.3075320035725,2.23312381835626,-1.27815373196628,10.6171468325246,0,0,0.873853413938655,0.847318343761568,-0.908891449975776,-0.778911855757488,46
48,11.590949687407,1.32162597500009,0.782738198604795,10.6171468325246,0,0,0.288791401660749,0.529624435613267,0.323817978617715,0.735464023512713,47
48,11.8535278356654,-0.12200828967062,-0.131120063647296,10.6171468325246,0,0,-0.0691950908648161,0.356958779534745,-0.120228542286967,-0.0236770912518216,48
48,12.1077701696934,1.28327973328643,-1.42316640260673,10.6171468325246,0,0,0.671748000522222,0.79162127544378,-0.568794445931244,-0.897064253382625,49
48,12.2869901756475,0.840747144211924,-0.156927538838471,12.2817506400206,0.130361430181939,-0.00489093472736576,0.00452607826400919,0.480606421269336,-0.0754401360767482,0.0486458138247277,50
48,12.707948794284,5.68992722702788,-1.2809310387651,12.5654377368995,0.251562561388471,-0.00513146861873481,2.44529506949679,1.5849422647454,-0.684811264235494,-0.735137101387558,51
48,12.903840428699,6.88806670173269,-2.26973372810665,12.5654377368995,0.124894376547088,-0.00211548046956803,2.93146875548253,2.14643049091128,-1.30683270473811,-1.34914220497602,52
48,13.158082762727,2.6515832831659,-1.7723495980629,12.5654377368995,0,0,1.57477870443309,0.901121066363555,-0.847097415854414,-0.883216951016353,53
48,13.4581720750223,-0.34681469679812,1.06657347003308,12.5654377368995,0,0,0.00211622015910494,0.194311962162708,0.649234387817515,0.555066165842814,54
48,13.5623697529027,0.471356305573913,-0.264988903802791,12.5654377368995,0,0,0.272316769420502,0.51818080839235,-0.122536335816054,-0.00932063668141707,55
48,13.8124441798154,-0.832618588445271,1.52065924545492,12.5654377368995,0,0,-0.429589117356832,0.00682532379717617,0.946772520315637,1.10819582892357,56
49,0,0.226674347552963,0.081072489134942,-Inf,0,0,0.303245857022434,-0.617010720996443,0.773941646098226,0.616928423543108,0
49,0.154212563262876,0.382648859465062,0.134391673048556,-Inf,0,0,0.289924213508541,-0.546839572110768,0.746572499591181,0.505887165455346,1
49,0.275081869604049,0.468904548362679,-0.451647879040384,0.27167511008447,0.106977888772747,-0.0038258473868078,0.530160060383534,-0.667783433144181,0.743466608654463,-0.286899531695323,2
49,0.687704674010122,3.49099327282684,-2.78153945560488,0.27167511008447,0.123620555401065,-0.00146880082096318,1.76491626026695,0.214057772390801,-0.844070070009314,-1.19125215018363,3
49,0.962786543614171,0.923682978996604,-1.68741311341964,0.27167511008447,0,0,0.555000531873342,-0.521262451798886,-0.220462010874607,-0.342721890495279,4
49,1.16284608514439,3.03279182095127,-1.59416389632099,1.11368590663008,0.129640712701921,-0.00452504872512073,1.90986329106803,-0.0266837213470741,-0.0146608181235376,-0.722254158337599,5
49,1.4254242334028,3.73297231432419,-1.19256709483242,1.11368590663008,0.125331926471334,-0.00233761105055806,1.69597808263859,0.147166601200428,0.304351266541649,-0.294193148878135,6
49,1.61298005358738,5.25562341149376,-2.90059861341953,1.11368590663008,0.122254222020922,-0.000775155568727467,2.54364341025006,0.727492954351902,-0.609903632899407,-1.61622603252221,7
49,1.77552843108068,3.79550304615866,-2.29511579112151,1.11368590663008,0,0,2.0691577738274,0.368117461476236,-0.448775862344201,-1.06242319323122,8
49,2.12980053587377,-0.779446164757579,0.377750910955105,1.11368590663008,0,0,-0.353381394420516,-0.913458036045786,0.728620240708998,0.373112001216393,9
49,2.3340279845192,1.43952087379557,-0.468287865573192,1.11368590663008,0,0,0.980154097718909,-0.529183643751326,0.465494051818841,-0.177239711400476,10
49,2.6883000893123,3.43093732762327,-2.6544499346148,2.39251092981655,0.12559364494565,-0.00247047743571205,1.52902251616112,0.122601827408193,-0.674003799596793,-1.00346120182349,11
49,2.87585590949687,2.50445931962906,-0.731463067044256,2.39251092981655,0.122515940495244,-0.000908021953881608,1.58445898582475,-0.203119191017452,0.0736573496544481,-0.324287411021298,12
49,3.21762429294433,1.0911107403057,-0.40739988929969,2.39251092981655,0,0,0.593476630300182,-0.365222926564524,0.108926281202121,-0.351430868664702,13
49,3.35933313486157,1.11926231239645,-0.584840789527764,3.29509100855257,0.129393224899082,-0.00439940681230133,1.02807443807901,-0.45655614060487,0.435787386241694,0.243032183761873,14
49,3.6302470973504,3.75888478217362,-2.27310911556456,3.29509100855257,0.124947651804032,-0.0021425266718792,2.02367219614493,0.405767559746282,-0.198926404576137,-1.21333788008577,15
49,3.86781780291754,2.73302687476376,-1.49080143888192,3.29509100855257,0,0,1.28518547645646,0.0396900665688086,0.0258805106964507,-0.77327821963005,16
49,4.10538850848467,3.02183851347993,-1.76662643516834,4.06759053572762,0.129827161254639,-0.00461970289609585,1.48998775334065,-0.102445266417115,-0.0991795034819203,-0.457417908677807,17
49,4.3763024709735,3.50020101009779,-2.67159060437738,4.06759053572762,0.125381588159588,-0.00236282275567397,1.35298135069877,0.132446636290441,-0.772585881156185,-1.47632949277724,18
49,4.55969038404287,3.9820402892254,-1.47638864402532,4.06759053572762,0.122372277141401,-0.000835088506772885,2.14779101610071,0.33410884610589,-0.124378470899647,-0.676220106286586,19
49,4.92229830306639,0.943354614478201,-0.123480606830995,4.06759053572762,0,0,0.328047975399273,-0.428822165032116,0.372038180358515,0.420227539081808,20
49,5.15986900863352,2.32147141873783,-1.47589135821279,5.03246113712935,0.128356704172026,-0.00387319725640986,1.43511251975517,-0.143233510958204,-0.552652168942225,-0.769469678415747,21
49,5.3140815718964,5.08548017141389,-1.5849286906273,5.03246113712935,0.125826147179433,-0.00258851163801548,2.72677776465041,0.386167998145235,-0.348278818420523,-0.184773005454415,22
49,5.69752902649598,0.876988931908648,0.34771316668717,5.03246113712935,0,0,0.904127832547181,-0.590502958262448,0.617282867528392,0.948763404786575,23
49,5.78922298303066,0.812499501501008,0.332613900314499,5.03246113712935,0,0,0.71888345084625,-0.359766977034711,0.0753153999198054,0.304087470788153,24
49,6.00595415302173,-0.727399458187229,0.105870339626277,5.03246113712935,0,0,0.191128579886466,-0.98554805020336,0.562979470761931,0.155425379801512,25
49,6.25186067281929,0.543217517766204,0.339432550547674,5.03246113712935,0,0,0.687610863348219,-0.560266286908605,0.859385335382311,0.525582001797074,26
49,6.71449836260792,0.305966568742794,-0.831541426400637,5.03246113712935,0,0,0.785205910791331,-0.783947481488753,0.705353864075299,-0.0312930939771739,27
49,6.97707651086633,3.17001622375754,-0.714497904861381,6.82901757246671,0.128017829694936,-0.00370116115193349,1.5934098222893,0.047259118341049,0.579377317953852,0.30393624539959,28
49,7.07710628163144,3.09138183893305,-0.204456391408522,6.82901757246671,0.126376387321355,-0.00286785156162327,1.62972037838624,0.0850276482717556,0.727769598978948,0.327972118970059,29
49,7.40220303661804,2.54609925544638,-1.95831855684628,6.82901757246671,0,0,1.07660244772834,-0.128429718241897,-0.391061511607363,-0.817911571350465,30
49,7.66061327776124,0.82965270470229,-0.48212952099713,6.82901757246671,0,0,0.60746953497114,-0.428225655885211,0.417848145981254,-0.119927062194367,31
49,7.95236677582614,1.80213122849161,-0.710595226590971,7.87825678203864,0.129231297747875,-0.00431720139942426,1.02962866091916,-0.267214901330994,0.245251874164897,-0.00775491691298549,32
49,8.17743376004763,4.40294027728171,-2.08028974030703,7.87825678203864,0.125538052407397,-0.00244225482122815,2.14905033549679,0.522951338465874,-0.176609854613007,-1.00173883179081,33
49,8.39833283715392,4.96987302339459,-1.34728740423064,8.25661194737499,0.128121834147759,-0.00375396100001027,1.87691952156463,0.553976004971245,0.0524477607326158,-0.700783938127308,34
49,8.51503423637988,5.34524297559107,-2.03890297313731,8.25661194737499,0.126206818045275,-0.00278176647798228,2.6495890663033,0.581637340855891,-0.201404929936205,-0.618335731463007,35
49,8.85680261982733,1.89228361489596,-1.5547234115742,8.25661194737499,0,0,0.977440308408755,-0.0852427015147811,-0.487619569423333,-0.740638152960589,36
49,9.02768681155106,1.14796807763074,-0.753151513142437,8.25661194737499,0,0,0.661528768721088,-0.534258074379055,-0.122013798931029,0.0325331306012142,37
49,9.31527240250074,0.783497944943663,0.599390329787757,8.25661194737499,0,0,0.37030369957504,-0.354756654227159,1.3736312901121,0.845973719226201,38
49,9.70288776421554,-0.791518412181423,0.338523965951318,8.25661194737499,0,0,-0.00669820710137238,-0.896281923072598,0.760089742964257,0.55211275029683,39
49,9.76957427805895,-0.659254907545414,0.264789070539461,8.25661194737499,0,0,-0.179557447975869,-0.82708973130619,1.38481170452192,0.624047162068635,40
49,10.0654956832391,2.86439657692163,-0.576009942441591,9.98499504854688,0.129126430279998,-0.0042639634252364,1.50073476393245,0.050945832224791,0.689210400244577,0.234839730282608,41
49,10.436439416493,3.21346797492082,-1.28050608943077,9.98499504854688,0.123039414811339,-0.00117377369450344,1.50050592098983,0.136637258187479,0.82079658033399,-0.593260750295626,42
49,10.7448645430188,2.19761677101232,0.954568714145783,10.6925223890746,0.129588497953664,-0.00449854091028302,1.2302965026827,-0.273908451410748,1.30757949564978,0.878921453857098,43
49,10.8782375707056,2.42801348379218,-0.526200959062274,10.6925223890746,0.127399908122253,-0.00338746145653636,1.13561933410376,-0.0391787305791307,0.543555752123592,-0.0335728409688898,44
49,11.0491217624293,3.38798442146932,-1.81748260593845,10.6925223890746,0.124595777400709,-0.00196389090642271,1.40349759589393,0.151691869754848,-0.672148503344132,-0.913968743678388,45
49,11.3200357249181,3.22964395427526,-1.52322486347553,10.6925223890746,0,0,1.82316054830682,0.255553086891541,-0.157966473376517,-0.587993466609872,46
49,11.6326287585591,1.99166891559309,-1.94320210732896,10.6925223890746,0,0,0.593204360748548,-0.226977650543771,-0.326555537190127,-0.91520196791584,47
49,11.9577255135457,1.57338435996709,-2.35790123349686,11.8527290833218,0.128724465580315,-0.00405989836357624,1.02808085278921,-0.519084182109093,-0.348889939794,-0.849806840549625,48
49,12.0952664483477,3.78659173878036,-2.09142287011466,11.8527290833218,0.126467482316726,-0.00291409767690252,1.91252311753503,0.097406818632875,-0.867447212630184,-0.889118246964391,49
49,12.3786841321822,4.12377866261329,-1.45501785408523,11.8527290833218,0,0,2.15900539052098,0.433206917270058,0.185519423551491,-0.480040735815655,50
49,12.5495683239059,1.04322747205178,-0.521104915260965,11.8527290833218,0,0,0.64849183314359,-0.468278194989095,-0.205980923851757,0.0872972344331926,51
49,12.7829711223578,0.0868970253784602,-2.05685539576382,11.8527290833218,0,0,0.230483092559766,-0.757910316802993,-0.408135275380067,-1.05179518504312,52
49,13.0663888061923,-0.570010856966833,-1.55328346454523,11.8527290833218,0,0,0.0192559676593151,-0.972792499516649,-0.00544301578231197,-0.591243622124762,53
49,13.3623102113724,-1.14888837356772,0.542004296787434,11.8527290833218,0,0,-0.393659418241155,-0.990068776255952,0.619143622557299,0.574536100171713,54
49,13.6790711521286,5.10368180626127,-1.64521870519199,13.6147733775433,0.254757683832867,-0.00675353358911762,2.29598421366687,0.579529405132862,-0.629789776793052,-0.713648255204928,55
49,13.8166120869306,6.15533823371254,-2.59505216760745,13.6147733775433,0.250243717305483,-0.00446193221576295,2.90653797661961,0.805209806727035,-0.312534710791138,-1.15460399332057,56
50,0,-0.365048021585407,-0.0574599894257038,-Inf,0,0,-0.246850286804842,-0.481248804972568,0.251783110867986,-0.129167511294583,0
50,0.183387913069366,0.357742703892328,-0.69591973251702,-Inf,0,0,0.383148542573727,-0.1283069546792,-0.530464144183396,-0.386140599402931,1
50,0.425126525751712,2.48291224453417,-0.803115470166432,0.218857267568819,0.127062625211911,-0.00321623334134898,1.0733252264484,0.336799214134657,-0.348973412072527,-0.83518623933998,2
50,0.625186067281929,4.17241414897941,-3.14936684400225,0.218857267568819,0.123779740464797,-0.00154961416072968,1.94692594291833,0.655263327765573,-1.69899707023383,-2.13881564074189,3
50,0.850253051503424,0.969485563040219,-0.635541565511483,0.218857267568819,0,0,0.146725535578065,-0.122445524597375,-0.435825806379722,-0.442533287811306,4
50,1.19202143495088,2.89198246787774,-0.948315111268228,1.01766592247698,0.127586315050492,-0.00348209449606876,1.03701752424208,0.526702696230479,-0.344884587617676,-0.648712688081507,5
50,1.42125632628759,4.73538644482111,-2.5211834630424,1.01766592247698,0.123824676277764,-0.00157242668494295,1.67932193395089,0.928111505268664,-1.0915775846724,-1.8480749187515,6
50,1.74218517415898,2.19595284987659,-1.65200463136654,1.01766592247698,0,0,0.963608887797306,0.0839365661425519,-0.368572241782548,-1.26116003787489,7
50,1.7505209883894,1.62497856016706,-1.74222429882077,1.01766592247698,0,0,0.623551169059622,0.0911815388550187,-0.55772979901076,-1.02696999662437,8
50,2.02560285799345,1.64428827126478,-1.80936438490215,1.01766592247698,0,0,0.459616093002913,0.0444803043670487,-0.806498736906238,-1.26590642475713,9
50,2.40071449836261,5.04512271051398,-2.82719065725668,2.05062946134354,0.124702674653561,-0.00201815933972531,1.97595410229393,0.745868822144268,-1.2736512463158,-1.7899544848847,10
50,2.60910985412325,1.35490438780948,-2.22951568098452,2.05062946134354,0,0,0.438939569596719,-0.00490194357519698,-0.907623342390562,-1.61147662605801,11
50,2.81333730276868,0.800964153020618,-1.84439709594492,2.05062946134354,0,0,0.148541768114507,-0.228403826737301,-0.539048131246831,-1.38483533245907,12
50,3.18428103602263,0.519434180088426,-1.18833330903705,3.09541912169124,0.128989225539903,-0.00419430881683915,-0.238355647861019,-0.207030368965089,-0.352274492847173,-1.22113034686591,13
50,3.29681452813337,4.65213128747463,-1.58679385981973,3.09541912169124,0.127142602869651,-0.00325683552774068,1.75805323974688,0.823189374465779,-0.852912318594613,-1.4838463412927,14
50,3.74694849657636,1.96970594557872,-2.51462165479519,3.09541912169124,0,0,0.69532475068916,0.136730508965134,-1.30220600370004,-1.84265329099402,15
50,3.80113128907413,1.38348642896307,-2.25978651383699,3.09541912169124,0,0,0.56315311273368,0.0133372898635682,-1.08531199662051,-1.91368612222669,16
50,4.14289967252158,2.33070256531811,-1.23747581881233,3.88474263999826,0.126211170781694,-0.00278397622782212,0.598831090343359,0.332319095260163,-0.0975267714077645,-1.04922309409406,17
50,4.28877642155403,2.48741390473664,-1.69268518999707,3.88474263999826,0.123817400653589,-0.00156873307528697,1.04887338625379,0.322141605219745,-1.0242056767925,-1.36277170570067,18
50,4.63054480500149,-0.348326632759901,-0.847409236496532,3.88474263999826,0,0,-0.00878518434135617,-0.252968574523466,-1.18180082940153,-0.764034866717863,19
50,4.87645132479905,0.849492823748484,-0.312235641714429,3.88474263999826,0,0,0.2367352784584,-0.0543776778818027,-0.522197630813369,-0.544587359233851,20
50,5.09735040190533,2.76392148237329,-0.369188673906794,4.96892068599387,0.128339936176893,-0.00386468466323014,0.910659302209575,0.540804631499792,-0.479991470477206,-0.350527494114264,21
50,5.35576064304853,4.96568372889055,-2.66208766998107,4.96892068599387,0.124099543378538,-0.00171196822159696,1.70245323531098,0.704056396419134,-1.37591635238583,-2.18688554439187,22
50,5.72253646918726,1.60397962713302,-1.76019870982833,4.96892068599387,0,0,0.549740084378188,0.162688796004406,-1.3573907327405,-1.11957758170127,23
50,5.78505507591545,1.01461829684648,-0.755374973425321,4.96892068599387,0,0,0.507256065093492,-0.124102297366283,-0.219671022613291,-0.760389679047761,24
50,6.16016671628461,0.0764463488589555,0.361391399280748,4.96892068599387,0,0,-0.264757109340508,-0.334319262397985,0.353488197646354,0.27238725158744,25
50,6.49359928550164,-1.29549830955324,1.08766108984373,4.96892068599387,0,0,-0.685439729650043,-0.545917092836714,0.0455500441024002,0.392796509609601,26
50,6.73533789818398,2.04664354754527,-0.798997566431969,6.4975461305943,0.126545355380489,-0.0029536314259551,0.596044945472868,0.180897786033944,-0.584224659787858,-0.692497836911149,27
50,6.9353974397142,4.10201212226445,-1.75937012648165,6.4975461305943,0.123262470633375,-0.00128701224533603,1.64469348914838,0.701923295905394,-1.22628041141042,-1.56071759001569,28
50,7.0312593033641,4.31462779282617,-1.19278210644441,6.4975461305943,0,0,1.52549863546689,0.860619231838187,-0.640985266913432,-0.473164812381159,29
50,7.31467698719857,0.826431911613909,-1.2333775944012,6.4975461305943,0,0,0.237596842932854,-0.189884414611541,-0.437816676558083,-1.16452371405982,30
50,7.51056862161358,0.41594051627695,-0.763734501062536,6.4975461305943,0,0,-0.145782622014557,-0.405927288669536,-0.365825451102859,-0.942564075608546,31
50,7.82316165525454,0.212893262207771,-1.0065946216545,6.4975461305943,0,0,-0.243072974159438,-0.155986472361434,-0.413865447303283,-0.993351206520386,32
50,8.20660910985412,4.18296283454097,-2.11542923474863,7.95986763866296,0.126398494874789,-0.00287907488359383,1.69629744093196,0.83072904462092,-1.32627397020106,-1.56379197334608,33
50,8.3941649300387,2.5804521726098,-2.22182268479985,7.95986763866296,0.123320790424318,-0.00131661940176195,0.892887620587864,0.294118513867611,-0.801722730709893,-1.57357888462626,34
50,8.7192616850253,3.25458591135132,-1.7744372316537,8.47774433985782,0.126484220371801,-0.00292259507046508,1.29870162412033,0.497493748952583,-1.27520553984725,-1.1809064889315,35
50,8.84013099136648,4.22457748450396,-3.76151035389042,8.47774433985782,0.124500810837138,-0.00191567931550894,1.28741584187515,0.80757029070373,-1.60304363253373,-2.3502647452406,36
50,9.11938076808574,1.15485055341074,0.0337043628446071,8.47774433985782,0,0,0.38094498922069,0.129893293534266,-0.108859543222088,0.170127077675272,37
50,9.48615659422447,0.765238091708727,0.759891860355441,8.47774433985782,0,0,0.460977338757481,-0.244049610974438,0.167257189111673,-0.0587991314585605,38
50,9.56534682941352,1.5045964945324,-0.997692254842364,8.47774433985782,0,0,0.719345095138153,0.0326858369327662,-0.455622689220514,-0.600286753431748,39
50,9.78207799940459,-0.245858519031492,-2.65972250708534,8.47774433985782,0,0,0.0629519347014376,-0.450113635873797,-1.71405546413493,-2.0678042418092,40
50,10.1947008038107,4.54986364125975,-2.43113608972037,9.81285857673054,0.124181553820894,-0.00175360238996138,1.84397573211198,0.915266301272902,-1.31660255623865,-1.73991032888741,41
50,10.2697231318845,4.35358661255137,-1.5594480563973,9.81285857673054,0.122950472040727,-0.00112862019722973,1.82589278872492,0.813025135215373,-0.00476702952326702,-1.00720774026352,42
50,10.7198571003275,0.305501131563435,-1.26111980289168,9.81285857673054,0,0,0.228301638005869,-0.223551499154527,-0.420702031407198,-0.926471371190327,43
50,10.9365882703185,1.66060672295045,-1.98411777661273,10.882707865495,0.129563255966651,-0.00448572633317985,0.695531446389716,0.0999791729545164,-1.14281473526212,-1.33453711891222,44
50,11.1491515331944,3.74965784903449,-3.1784710094362,10.882707865495,0.126075190922842,-0.00271494345377157,1.49314896801321,0.565357439662994,-1.43484070775574,-1.96223911128547,45
50,11.2616850253052,2.06628595545735,-1.39564175749475,10.882707865495,0.12422856825259,-0.0017774701646731,0.679864263222569,0.253061699132369,-0.61596464887519,-1.07973418756749,46
50,11.7034831795177,0.0833718478957336,-0.763641239217245,11.6939289490961,0.130290628031632,-0.00485499066267212,0.0424086756233481,-0.313792480749614,-0.291248975945328,-0.754599426295071,47
50,11.786841321822,1.42743484071163,-0.7350547078618,11.6939289490961,0.128922759386948,-0.00416056600407906,0.889258550469952,0.0676796697090755,0.0884500779919212,-0.674627540663537,48
50,12.1911283119976,2.97602645055337,-2.80657826450286,11.6939289490961,0.12228859646054,-0.000792606409911828,1.09348071114633,0.433240127697817,-1.54042960288965,-1.81668269499348,49
50,12.3495087823757,1.72773786287205,-1.94664224395937,11.6939289490961,0,0,0.607405980624062,0.0869955859991799,-0.480018582011192,-1.16341121190803,50
50,12.7287883298601,-0.698432461685237,0.79015578276208,11.6939289490961,0,0,-0.413907470251665,-0.492627584432906,0.564906986333815,0.253468463706803,51
50,12.7621315867818,-0.582563685952919,0.457356063659394,11.6939289490961,0,0,-0.414754211488723,-0.50550486775486,0.233638011820225,0.468723852718351,52
50,13.0497171777315,-1.61033364940555,0.544486708472818,11.6939289490961,0,0,-0.661461610531005,-0.820527971132438,0.528555423482032,-0.0465160266375908,53
50,13.3414706757964,2.77044467472781,0.379333209448234,13.2449801624305,0.128864043750445,-0.00413075788907688,0.921749465067225,0.521847995159099,0.177780180954708,-0.267451662065983,54
50,13.7124144090503,3.36763444616341,-0.858899701378865,13.2449801624305,0.122777028281786,-0.00104056815834414,1.47826269329381,0.572905015346946,-0.45670876724301,-0.366388764334742,55
50,13.9791604644239,2.80167181427242,-2.24226638325723,13.8929697750951,0.129033059109372,-0.00421656176609009,0.952538991456048,0.397804251446404,-0.819716306437048,-1.78228741137274,56
51,0,0.668159748067284,-0.196156898530788,-Inf,0,0,-0.146927833509979,0.172163746337314,0.686024917809139,-0.370099825133162,0
51,0.100029770765109,0.00539486643122783,-1.3374053361899,-Inf,0,0,-0.375246372886279,0.170784103390365,0.125923701443785,-0.664579441271477,1
51,0.354272104793093,-0.859231257265687,0.588692264381124,-Inf,0,0,-0.516369910677524,-0.363234166357773,0.730196930523786,0.328276977951522,2
51,0.633521881512355,2.67305352108898,-2.58102947771017,0.446381803345867,0.12737652622768,-0.00337559119092216,0.962028416961549,0.840737720461759,-1.0362774060092,-1.6634993979039,3
51,0.933611193807681,6.89425805638235,-3.62713601748051,0.796975122390386,0.25065747277736,-0.00467198308826307,2.36959120668921,1.68590860556007,-1.47078860904876,-2.15454324568535,4
51,1.22953259898779,5.5336775738999,-1.91153445838714,0.796975122390386,0.123349339981915,-0.00133111313027014,1.70777692222579,1.47720214962965,-0.283616848967331,-1.36107170991709,5
51,1.2962191128312,4.59832025809337,-2.46621005011569,0.796975122390386,0.122255045066203,-0.000775573403396859,1.6198485936097,1.10213847499314,-0.48264401450474,-1.1920271015259,6
51,1.63381958916344,0.921193057107916,-0.442630617885228,0.796975122390386,0,0,0.218619482755629,0.150029832235531,0.410498716276405,0.247048849612764,7
51,1.99225960107175,0.520141565627486,0.427299157615655,0.796975122390386,0,0,0.272935491261816,0.0262545641222764,0.50861853638976,0.0628092594754345,8
51,2.10896100029771,-0.307228499702697,0.349697757249152,0.796975122390386,0,0,-0.416791177379924,0.0823418741989506,0.77208820575461,0.179541804595274,9
51,2.49240845489729,0.0399248435636655,0.808648448741,2.47907395208828,0.13022859550636,-0.0048234986657353,-0.0231183046080781,0.248021348408785,1.31922184549641,0.307746337148682,10
51,2.69663590354272,2.28847673814121,-0.169874691499044,2.47907395208828,0.126877317327014,-0.00312215825218694,0.9770556214967,0.566832639467415,0.567613764539403,-0.30485868275593,11
51,2.84251265257517,2.86366021312366,-0.0626807196053084,2.47907395208828,0.12448354719891,-0.00190691509965202,1.10780792316284,0.773360148118246,0.47010849810548,-0.27926692812232,12
51,3.14676987198571,4.76631805728056,-3.87883602478199,3.0801073271029,0.129353506947331,-0.00437924323505079,1.70438398937411,1.33077234671397,-1.39779762803619,-2.52392571508722,13
51,3.35516522774635,5.50073925015007,-2.9113622108974,3.0801073271029,0.125933835335755,-0.00264318158857271,2.42990321819637,1.46944589849682,-0.700049845987582,-1.50283749696054,14
51,3.62607919023519,4.4493684794393,-1.95340235589882,3.0801073271029,0,0,1.92217665872446,1.18461246862561,-0.575199391127783,-1.18657990515517,15
51,3.86364989580232,2.59159256449619,0.636615561484847,3.0801073271029,0,0,1.06157504243565,0.729231062770166,1.14646572475223,0.490157799889555,16
51,4.22208990771063,0.0101489472134462,-0.512211693244905,3.0801073271029,0,0,-0.0514128796833729,0.102512716354708,0.347262603946501,-0.314363056426471,17
51,4.3763024709735,-0.739575228611684,-0.242941061328409,3.0801073271029,0,0,-0.725672404787779,-0.188702503659297,0.350246045411101,-0.137611394546654,18
51,4.53885084846681,-0.489580281555691,-0.256163281638284,3.0801073271029,0,0,-0.585777448631926,-0.0732789692696224,0.0565015598159415,-0.144240801863227,19
51,4.85561178922298,0.888161647621944,-0.662376974062971,4.54227560811425,0.125305706419113,-0.00232429993995673,0.0502708381972507,0.311615024967624,0.56241242480703,-0.517980687086039,20
51,5.0890145876749,1.99185710821912,-1.0136564406272,4.54227560811425,0,0,0.471505840709972,0.566814533641793,0.316443588955086,-0.551491447904542,21
51,5.27240250074427,-0.360434893514712,-0.938783973634687,4.54227560811425,0,0,-0.417810983570556,0.0421996555471384,0.0619813904922895,-0.564041181681269,22
51,5.68502530515034,2.00202611288773,-1.05554107953092,4.54227560811425,0,0,0.71520799242578,0.623687551997588,0.358249137985822,-0.525317872448075,23
51,5.77255135456981,3.62082965370083,-0.509702640024628,5.69781202493737,0.129220970637104,-0.00431195864428105,1.36649686517309,1.01048658944297,0.592370273588391,-0.381062576122633,24
51,6.05596903840429,1.5877266320677,-0.242209443996998,5.69781202493737,0.124570217245359,-0.00195091480507043,0.403014136350532,0.33018564420694,0.483046296784128,-0.427296502385079,25
51,6.47692765704079,1.5152219374712,-1.74979193928891,5.69781202493737,0,0,0.521991408514075,0.359750937090284,0.180410923384264,-0.915597030094319,26
51,6.56862161357547,-0.560380380000041,-1.63518598897182,5.69781202493737,0,0,-0.529407493453672,-0.192054290401784,0.232472949013782,-0.716101601665556,27
51,6.88538255433165,2.51000530618517,0.90925581682274,6.70832417243017,0.127541962210567,-0.00345957792926929,0.822047757578592,0.814168450309271,1.37849819369976,0.48972530379078,28
51,7.13962488835963,5.13290538058574,-2.33678291972512,6.70832417243017,0.123369962844469,-0.00134158272056606,2.02250096567919,1.24521480680107,-0.716003617848534,-1.86986164953327,29
51,7.3896993152724,-0.679240381175437,0.413017387154477,6.70832417243017,0,0,-0.301097827800936,-0.176834162260871,1.02768801487833,0.552179512217133,30
51,7.69812444179815,0.110856778083673,0.467093510486633,6.70832417243017,0,0,-0.20288987072158,0.0482470477858976,0.941460657011075,0.161040686790186,31
51,7.76481095564156,0.365461428245086,0.149505265793284,7.74592268058242,0.130137460666855,-0.00477723232279553,-0.198726226260326,0.234989762781321,0.945913883949609,0.0582037474492763,32
51,8.12741887466508,3.52307609416689,-1.27352194322142,7.74592268058242,0.124187232062685,-0.00175648505792267,1.54849173371219,0.852218790872812,-0.195354599935193,-0.763232617177877,33
51,8.49419470080381,5.7676083330421,-3.92385892717681,8.16968114269861,0.125122290821093,-0.00223118550637973,2.12736577960577,1.63574313205289,-1.16224886994019,-2.61714374765603,34
51,8.61089610002977,5.2287076717866,-2.96639310220185,8.16968114269861,0.12320727471861,-0.00125899098435175,2.09024392506514,1.4295635601322,-0.680032087934566,-1.5193237467911,35
51,8.88597796963382,2.44239029970211,-0.681463577887402,8.16968114269861,0,0,0.543908943258567,0.568554032088922,0.156148130562328,-0.228516651004404,36
51,9.04435844001191,1.87857149308882,0.889908881464491,8.16968114269861,0,0,0.36070809849493,0.386468152438798,1.40813390595334,0.621575146876622,37
51,9.47365287287883,1.72789396810667,-1.8315602320968,8.16968114269861,0,0,0.720532384171047,0.55624406826958,-0.368346111141137,-1.08833095710732,38
51,9.66537660017863,1.23695598085388,0.253153813821007,8.16968114269861,0,0,0.15782781494935,0.29308299364964,1.25857725358916,-0.198974729654344,39
51,9.98630544805001,0.969944185565356,-0.659212530651755,8.16968114269861,0,0,0.132943852013013,0.373525777653452,1.21899552276365,-0.35665727000235,40
51,10.2280440607324,3.29113051510643,-0.810338486787086,10.1156090365794,0.128602401686974,-0.00399793029535137,1.10770942427656,0.791992437425879,0.214760179946193,-0.615477051492363,41
51,10.4114319738017,4.06527973858315,-2.08686415138558,10.1156090365794,0.125593090668785,-0.00247019604645027,1.5322803036922,1.08927178048345,-0.583086979065847,-1.40069601106005,42
51,10.5239654659125,6.28477821819594,-2.40117826849653,10.1156090365794,0.123746467998533,-0.00153272275735181,2.34430304690779,1.7078521408204,0.215591518278765,-1.52349339332395,43
51,10.8448943137839,4.6603787479978,-2.11263908114984,10.6807480794897,0.127753844593723,-0.00356714407033248,1.80906214691095,1.16608491898785,-0.50502394785997,-1.25988693818418,44
51,11.1449836260792,3.50500597836388,-1.35191297618784,10.6807480794897,0.122829517473053,-0.00106721529940414,1.16192145498931,0.953448390163179,-0.00906572550750694,-0.815777194609463,45
51,11.3658827031855,1.53524221583241,0.261550238730897,10.6807480794897,0,0,0.309471853927375,0.71600448907318,0.478812225746187,0.481568735456446,46
51,11.5159273593331,0.383255701926027,-0.689582010873948,10.6807480794897,0,0,-0.277760598887653,0.124920810291895,0.271724213002726,-0.575280666655888,47
51,11.7618338791307,-0.456541846720654,-0.514937208066022,10.6807480794897,0,0,-0.479249350172004,0.0445457602536589,0.29406177026855,-0.377514704871885,48
51,12.0994343554629,-1.00376506490685,0.684008666359381,10.6807480794897,0,0,-0.455616591907519,-0.365709780316216,0.477772375760995,0.0289248013117807,49
51,12.4745459958321,4.13521669382276,-2.14016709732517,12.250144347296,0.126765081054464,-0.00306517936350703,1.49377093308359,1.03426497268809,-0.387132304133118,-1.12101673205051,50
51,12.6454301875558,3.42053434446649,-2.4490861850122,12.250144347296,0.123960950332972,-0.00164160881339535,1.05731283575326,0.898324699237368,-0.386795278047535,-1.59368678250698,51
51,12.9663590354272,5.04983388469882,-3.82969090341052,12.6684317169962,0.125558558744291,-0.00245266525507042,2.00065597019983,1.2099422478521,-1.09347701127077,-2.4837322740505,52
51,13.1038999702292,3.36485954695222,-1.18603069786581,12.6684317169962,0.1233015754807,-0.00130686456839579,1.15478320482856,0.873336933552755,-0.41009665961501,-0.878715150720549,53
51,13.3206311402203,3.79315568815679,-3.76060201740734,12.6684317169962,0,0,1.22031012801659,0.980074186306624,-1.27605228239309,-2.58208368238616,54
51,13.6540637094373,1.99102091387071,-2.10053462640469,13.6440771597903,0.13028353387261,-0.00485138917729394,0.515857894283753,0.592427645613609,-0.303342428227757,-1.30903587865793,55
51,13.8457874367371,4.18351168485297,-0.75013632735532,13.6440771597903,0.12713743598996,-0.0032542124625341,1.3767436350778,0.937848771906041,0.435350048657221,-0.652499313622133,56
52,0,1.26901415500103,-1.33628109634127,-Inf,0,0,1.06270059671143,-0.0646821773602858,0.41779840454843,-1.15847001737166,0
52,0.17505209883894,1.93435858025579,-1.73632604522216,0.134176638652571,0.129776661106209,-0.00459406553064588,1.2537406218504,0.0115671942905073,-0.56488707504213,-1.47094613331192,1
52,0.400119083060435,3.38637393108292,-1.59089407246232,0.134176638652571,0.126083415765706,-0.00271911895244967,2.24115713247554,0.430450408542135,-0.652592723185314,-1.12391039567973,2
52,0.687704674010122,1.36004975063957,-0.309255196336773,0.134176638652571,0,0,1.30674606737417,-0.180872754840562,0.432194061230807,-0.684093742939403,3
52,0.971122357844597,1.5251611535004,-1.1594821448095,0.91994552782092,0.12960762038136,-0.00450824877616336,1.04513910033526,0.076149758050166,-0.328341542961658,-1.2817621408906,4
52,1.12950282822269,4.81149829877314,-1.99755768234618,0.91994552782092,0.127008669956558,-0.00318884192483951,2.63015543562952,0.709919968321997,-0.815410986511539,-1.92275052174005,5
52,1.33373027686812,5.08926133362564,-3.55320877844223,0.91994552782092,0.12365739177722,-0.00148750151129134,2.69360464701395,0.780752138914009,-1.14046540367199,-2.43800231278201,6
52,1.69217028877642,0.174142689396928,0.763493023082479,0.91994552782092,0,0,0.791783967329979,-0.23818819226822,0.512584452632574,0.264270710610545,7
52,1.97975587972611,0.136776215427975,-0.645560823237277,0.91994552782092,0,0,0.638307088506198,-0.516418142203373,0.299484091300184,-1.13398473042927,8
52,2.23816612086931,1.11172686380425,-1.0126503108605,0.91994552782092,0,0,0.920633408304965,-0.0906471097769354,-0.207567097674645,-1.3873927878834,9
52,2.4632331050908,1.43502390536316,-3.34944875965265,0.91994552782092,0,0,1.33780948493565,0.0378996009551102,-1.18710963466223,-2.10809362896661,10
52,2.70497171777315,3.26778324119301,-2.66757248546823,2.51321686687521,0.12730079993691,-0.00333714729222225,2.18778744612606,0.43338330433819,-0.871557058177298,-2.33033861077123,11
52,2.95087823757071,2.36242530036541,-0.739251395964868,2.51321686687521,0.123265587435261,-0.00128859454937859,1.75161261228005,0.23300556256734,-0.202519661441942,-0.960451511682091,12
52,3.2092884787139,3.27070376620411,-1.54804015932651,2.97735334101061,0.126641459974034,-0.00300242075950988,1.85114474833452,0.087163044980622,-0.0552747456876568,-1.03299580219954,13
52,3.48020244120274,4.10661491141401,-1.07797450774936,2.97735334101061,0.0381142522365227,-0.000504784463180814,2.16069420304151,0.54515747027862,-0.197404881920941,-1.07084932016202,14
52,3.63858291158083,-0.040798793556944,-0.200702345029941,2.97735334101061,0,0,0.153775900514683,-0.784100705806849,0.637572425213278,-0.458364636088125,15
52,3.76362012503721,1.68921537156799,-1.30055381015348,2.97735334101061,0,0,1.24405040561878,-0.0791486888647906,-0.568666042984395,-1.06902058876864,16
52,4.1804108365585,-1.27719157742205,2.01467246698176,4.1332082875467,0.1296728364986,-0.00454135698441419,-0.207381022643284,-0.751635261425855,1.8545370188802,0.82957749050642,17
52,4.45966061327776,2.29185441703101,-0.132353256034431,4.1332082875467,0.125090476539087,-0.00221503437813331,1.51827081332288,0.131067656312696,0.380708044935636,-0.79805281567821,18
52,4.66388806192319,2.31548908983935,-1.01393588362589,4.1332082875467,0,0,1.67895697451579,0.107297382157868,0.111411579286936,-0.749085940392221,19
52,4.94730574575767,2.82963543693896,-1.05214081579955,4.1332082875467,0,0,1.83434389540677,0.235388865286174,0.143199839717399,-1.18401705430906,20
52,5.0556713307532,-1.75984201423117,0.596021682429549,4.1332082875467,0,0,-0.404740527130601,-0.804507424383917,1.25088003133782,0.0624143785095744,21
52,5.41411134266151,2.81198299217706,-1.06462310710974,5.15098669139238,0.126129654450679,-0.00274259290453507,1.92632170910959,0.296279982828225,-0.0710709151227742,-1.28841517800871,22
52,5.71003274784162,3.47056186635915,-3.07893828686583,5.15098669139238,0,0,1.93337007580179,0.428212715156936,-1.24793836791987,-2.07379198123093,23
52,5.98094671033046,3.08582295396857,-2.14495444120834,5.15098669139238,0,0,1.63112936217103,0.258778221364535,-0.774347153071977,-1.43267467004335,24
52,6.14766299493897,-0.135913341527564,-0.91820140221587,5.15098669139238,0,0,0.345958981056454,-0.369628736451201,-0.123367654327557,-0.888866538557784,25
52,6.25186067281929,-0.712039525756883,0.0244705030718399,5.15098669139238,0,0,0.00561147556838387,-0.610312791361669,0.481898970918089,-0.590323418734437,26
52,6.66448347722536,2.09705633789736,-1.17610421450003,6.48002567350721,0.127420541113486,-0.00339793618886175,1.40270237604196,-0.0350545667073292,-0.0470373414394666,-1.38164810745723,27
52,6.8061923191426,3.0588687353844,-1.90641905550742,6.48002567350721,0.125095164417613,-0.00221741426925653,1.85288043599857,0.281934794861321,-1.07030085517732,-1.27265193713391,28
52,7.07710628163144,3.39846215443402,-1.79924613256768,6.48002567350721,0,0,2.39337084463927,0.0256847907562127,-0.661890930717633,-1.51741054567504,29
52,7.32718070854421,-0.272790425749327,0.737716545045656,6.48002567350721,0,0,0.1163635638694,-0.69546881412099,0.883915200854104,-0.145338275671497,30
52,7.72729979160464,1.5394670228431,0.168237555348429,7.49676299049662,0.126664406032216,-0.00301406976446519,1.29667336016323,-0.119301548718001,0.705419220617874,0.18466623595653,31
52,7.92319142601965,1.1603643379751,-0.717206029762334,7.49676299049662,0.123449914717334,-0.00138217181677561,1.05088023550217,-0.120819073621342,0.0428842885791795,-0.572693980740624,32
52,8.18993748139327,1.10873930704685,-0.849272294927702,7.49676299049662,0,0,0.9783305240961,-0.14658056453185,0.150486395222457,-0.825805646773437,33
52,8.32331050908008,-0.720070687024616,1.37984817850147,7.49676299049662,0,0,0.665019053739092,-0.683791838061256,0.683370534868225,0.274548557025906,34
52,8.51920214349509,-0.538686709058205,-0.0775796107766588,8.50533638765068,0.130219877889201,-0.00481907300079569,0.297855432746946,-0.677305813997097,0.834098669866881,-0.629277828567223,35
52,8.83179517713605,4.18339526157422,-2.53531962394161,8.50533638765068,0.125090370471888,-0.00221498053108013,2.38534022724178,0.389299378901227,-0.783831801682914,-1.84377993059579,36
52,9.09020541827925,3.2351385380257,-1.19006318609911,8.50533638765068,0,0,1.78111715995672,0.461289538357806,-0.657925911418917,-0.780827572204668,37
52,9.31527240250074,-1.1782689425165,-0.579648411118753,8.50533638765068,0,0,-0.220993778315952,-0.60859191839873,0.133008996552383,-0.941667650005422,38
52,9.59452217922001,-1.96409634553396,0.868884968159388,8.50533638765068,0,0,-0.0108891120669845,-0.78384032496158,1.08717571823433,0.175669727483085,39
52,9.98630544805001,-0.877808043594404,1.9631595379633,8.50533638765068,0,0,-0.0520430667162037,-0.703174208359473,1.28245610097058,0.471286518071155,40
52,10.2113724322715,2.51027065249581,-0.385644918698535,10.0300277872548,0.12747162661105,-0.00342387071797584,1.61562765090923,0.143096717609222,-0.210697450104416,-0.0796510047758475,41
52,10.4406073236082,3.37560348691168,-1.69471057962973,10.0300277872548,0.123709987838315,-0.00151420290684914,1.90305458216516,0.384278289882167,0.0320849754098542,-1.33816594505445,42
52,10.6073236082167,3.6531152575806,-3.82766432035105,10.0300277872548,0,0,2.34308627243735,0.365655240473313,-1.96004412041976,-2.74113311023811,43
52,10.828222685323,0.478226393919006,1.13849500448651,10.0300277872548,0,0,1.03801608889901,-0.28208636853353,1.1613488299666,0.380725711565685,44
52,11.0282822268532,-0.157621846540138,0.415980841991782,10.0300277872548,0,0,0.652295408130564,-0.387887840992984,1.1560554742242,-0.534157251327653,45
52,11.2991961893421,1.26102500544505,1.68684628575047,11.1852172310052,0.128577066439503,-0.00398506837281952,1.12924283786498,-0.1426724010306,1.65467255532593,0.861883827429981,46
52,11.611789222983,4.43611733535678,-1.33059419772838,11.1852172310052,0.123447559022139,-0.00138097590310242,2.64556914176408,0.588513034362045,0.0511895988705713,-0.876911489661829,47
52,11.9327180708544,3.8741641069281,-1.65719393870841,11.729595717768,0.127114264472248,-0.00324244899871527,2.23537220647191,0.385840496177391,-0.723448551039716,-1.38397524111609,48
52,12.1577850550759,1.90078553811117,-2.12406886464541,11.729595717768,0.123421019131693,-0.00136750242051722,1.46691816878599,-0.239912574532546,-0.208788668604224,-1.4869812236988,49
52,12.453706460256,1.60024441552409,0.0785146901690443,11.729595717768,0,0,1.26617031420521,-0.0140319151322635,0.343416335099703,-0.394873666470597,50
52,12.7454599583209,2.96898293525167,-2.31175957487568,11.729595717768,0,0,1.79162098290422,0.425401026941564,-1.14613319312384,-1.57193569768601,51
52,12.9455194998511,2.60519320258378,-1.66141422359266,12.7773087363708,0.127687147545598,-0.00353328403921356,1.64310642123347,0.0636498322943016,-0.424050933966782,-1.25903075012686,52
52,13.0747246204227,2.19674591511154,-1.87027903961199,12.7773087363708,0.125566951146471,-0.00245692581839863,1.38306885141938,0.0503662429467598,-0.798516903236153,-1.48525383199285,53
52,13.4498362607919,0.768041249039877,-0.657834599997459,12.7773087363708,0,0,0.511960118263124,-0.342978121507459,-0.0176391314730995,-0.559871347885814,54
52,13.5081869604049,1.00280399618097,-1.10173862141893,12.7773087363708,0,0,0.915466651670441,-0.291999890879416,-0.0205125236150795,-0.669393040677349,55
52,13.7582613873177,2.34558085939055,-0.382742485594873,13.6772944773547,0.129118778917943,-0.00426007906508956,1.599223859095,0.229876454048437,0.0757493742101724,-0.531666700358238,56
53,0,1.28095117759286,-2.53944907142599,-Inf,0,0,0.544442407128843,0.535023441075004,-1.55213025504838,-2.02994299473866,0
53,0.0375111640369157,1.22022609487459,-2.22591035135122,-Inf,0,0,0.754456067667246,0.628043346945841,-0.80619855369662,-1.59611608604542,1
53,0.254242334027985,0.349849856144346,-1.38372491224355,-Inf,0,0,0.0829001813346415,0.581402421303564,-0.552773771223336,-1.74321698248568,2
53,0.629353974397142,2.9879355504215,0.975989997947805,0.435301954345778,0.127263104451277,-0.00331801045854344,1.2276192108354,1.13593071063466,0.525308750527217,0.494849187257679,3
53,0.833581423042572,8.17498055281527,-2.02123867431958,0.680132881643322,0.251841215068995,-0.00527293248494268,3.27785210008106,2.45163998967257,-1.00324414105896,-1.43722801274271,4
53,1.09199166418577,6.32465216333,-3.19147345197777,0.680132881643322,0.123688995998711,-0.00150354599831481,2.60891608073755,2.0234015093272,-1.63175600241462,-2.0637595401566,5
53,1.46293539743971,0.934673057736041,-0.584473585953278,0.680132881643322,0,0,0.455934857904856,0.731607598206481,-0.291023777159153,-1.25932928959284,6
53,1.66716284608514,-0.35981989129456,-0.133633295279997,0.680132881643322,0,0,0.279597642842589,0.464994300486653,-0.258720698759373,-0.398162250620322,7
53,1.8463828520393,0.242849079804736,0.305159042294032,0.680132881643322,0,0,0.0580899928662551,0.642101802654745,-0.203480211620727,-0.0445645591940884,8
53,2.1714796070259,0.0200605802177771,-0.406276683246727,0.680132881643322,0,0,0.121001312313532,0.427838049476858,-0.119243571191411,-0.89509302845268,9
53,2.27567728490622,0.272925888801303,-0.546828262680229,0.680132881643322,0,0,0.452714428203603,0.45564658991176,-0.695967886497053,-0.509295583311282,10
53,2.61744566835368,3.04109246292181,-2.45146227820829,2.29788498985223,0.125203565289564,-0.00227244604353594,1.31516673408322,1.23562545009464,-1.93439095130594,-1.61821250239148,11
53,2.8508484668056,2.38896004708834,-2.75363553252055,2.29788498985223,0,0,0.836104338687478,1.25523667687855,-1.37930066925057,-2.34898930170828,12
53,3.03006847275975,2.99671571098352,-2.0898159315946,2.85087885832808,0.127506989668357,-0.00344182344984829,0.91271528106186,1.21528305816118,-0.792475171417429,-1.60668105097052,13
53,3.36766894909199,3.81890886005136,-2.9980962848016,2.85087885832808,0,0,1.29003462323303,1.4830083249382,-1.46155230002742,-2.01830762917427,14
53,3.68026198273296,0.292227455556222,-1.78462952739539,2.85087885832808,0,0,-0.196619601209683,0.692046297713016,-1.01853553637168,-1.57396398664629,15
53,3.93033640964573,-0.80573210366005,0.347615450091755,2.85087885832808,0,0,-0.401736214585481,0.373968085056306,0.0837879151835492,-0.295387215804596,16
53,4.12206013694552,-0.638304858930002,0.327342172905755,4.07822889081883,0.129728158023057,-0.00456944201354605,-0.490828662137488,0.543005816772375,0.190669435657371,0.0105852609427464,17
53,4.36796665674308,3.63936684103745,-0.675214329436129,4.07822889081883,0.125692945521396,-0.00252088927070179,1.30304090735609,1.23946620570164,0.06701221538593,-1.08520842859991,18
53,4.58469782673415,2.89458291007606,-1.76225401263842,4.07822889081883,0,0,1.19861285053902,1.19347051584862,-1.3268408395716,-1.78881845509642,19
53,4.9598094671033,1.68370293442721,-1.52045818932152,4.07822889081883,0,0,0.297268119403036,0.843663628240149,-0.756731370785063,-1.70420086761268,20
53,5.00148853825543,1.41248025902122,-1.94598616204435,4.07822889081883,0,0,0.619929389464136,0.88913077079983,-1.03009932464877,-1.94963347477325,21
53,5.37660017862459,2.74826455992093,-1.43499973914272,5.20317024040537,0.127601503296831,-0.00348980509959235,0.840440762012746,1.33032211161848,-0.946776283147075,-1.11584154422991,22
53,5.61833879130694,3.20417429027577,-2.3213795434075,5.20317024040537,0.123634684227428,-0.00147597358967808,1.30321969504079,1.32032566740103,-1.31735278201587,-1.63647489449956,23
53,5.87674903245013,1.51569656354446,-0.686071953442336,5.20317024040537,0,0,0.743640011940827,0.944570279270062,-0.164892019029769,-0.665478425042962,24
53,6.13932718070854,-0.969109989591786,0.58324273226404,5.20317024040537,0,0,-0.612207967713793,0.348671796141382,0.31179199533144,0.0516612208790075,25
53,6.38106579339089,3.74238175035915,-0.269972057888713,6.30455821870217,0.129191954551792,-0.00429722807405039,1.38431160745667,1.48377782987547,-0.438442527217635,-0.625066495256027,26
53,6.5144388210777,4.0038128427758,-0.890486788460624,6.30455821870217,0.127003364720383,-0.00318614862030443,1.8723292410799,1.42628571644348,-0.670727912071757,-0.786798280577158,27
53,6.91872581125335,0.609387821200034,-1.84879566032662,6.30455821870217,0,0,0.191180927365159,0.879571971789917,-0.933085836922911,-1.90242292643712,28
53,7.07293837451623,-0.0887886480249861,-0.268555659406481,6.30455821870217,0,0,0.104801166929545,0.576527200419543,-0.121449619422023,-0.464130609474429,29
53,7.49806490026794,-0.0672457735600435,2.00638401844263,6.30455821870217,0,0,-0.0770263701064018,0.575124001020679,0.686980365697096,0.936644705629359,30
53,7.59809467103305,-0.302502806611728,0.232839272161797,6.30455821870217,0,0,-0.264399575808763,0.549966510231432,0.224774540328405,-0.251796733115166,31
53,7.94819886871093,1.81774039012013,0.439553026125822,7.76585288223488,0.127455195059804,-0.00341552892697725,0.997534849665209,0.924821902243928,0.344080078815169,-0.106175684697425,32
53,8.24412027389104,4.39264240634488,-2.93127886179772,7.76585288223488,0.12259926137139,-0.000950321388978534,1.69914593934623,1.56556089136156,-1.57206310757966,-2.28524009908886,33
53,8.30663888061923,2.30140816837657,-2.84484731493453,7.76585288223488,0,0,1.19499698638356,1.02676238829255,-1.23563154799811,-2.24676454002188,34
53,8.63590354272105,2.29638964252684,0.17888816407197,8.57059993323369,0.129375806449984,-0.00439056400374717,0.604979713575749,1.03842440365273,0.173539410901634,0.0222738069582691,35
53,8.86930634117297,2.30492269168949,-1.87473880443708,8.57059993323369,0.125545774245069,-0.00244617495969277,0.868967708129604,1.20472060910922,-1.19446558511494,-1.55093686364854,36
53,9.20690681750521,1.2171820715114,-0.286630275927176,8.57059993323369,0,0,0.339753038348607,0.790993435437752,-0.146828065304895,-0.28951935125765,37
53,9.398630544805,0.575866115945081,0.123328243851148,8.57059993323369,0,0,0.254077048165108,0.751634644091124,0.0650024381471705,-0.127145388000635,38
53,9.50282822268532,-0.638764342625289,1.6916266487827,8.57059993323369,0,0,-0.274799596572089,0.366200006225616,0.92470047821867,0.662865924660264,39
53,9.91128311997618,3.14509605579795,-0.859162822346511,9.68824120779307,0.126787393700537,-0.00307650680467575,1.27137787744841,1.21301912390586,0.150452275988888,-0.656130791886384,40
53,10.182197082465,4.0837034612129,-2.22876003973726,9.68824120779307,0.122341820605486,-0.00081962666425317,1.76200763541405,1.53959301966762,-1.83791554895299,-2.03294213210734,41
53,10.319738017267,3.21312241569627,-1.13119526484693,9.68824120779307,0,0,1.31579965652764,1.15180407620217,-0.448630574865492,-1.35243575622823,42
53,10.6531705864841,2.31648916994227,-0.776524426963286,10.6495374628862,0.11395614602164,-0.00413710545730944,1.02642461405598,1.20258551032975,-0.302321860467905,-0.688568798519619,43
53,10.7948794284013,2.79178069081658,-0.486765753712052,10.6495374628862,0.128062413966089,-0.00372379520921547,1.1755870819725,1.07188735770684,-0.414623369033882,-0.94533227090771,44
53,11.16165525454,3.0299110808867,-0.196644321078689,10.6495374628862,0,0,0.907758240276993,1.16868446035078,0.0403984278050109,-0.502314269172243,45
53,11.4617445668354,1.04646604533057,-0.803214213890122,10.6495374628862,0,0,0.827185104271024,0.468165320488227,-0.348171286694411,-1.12622150164176,46
53,11.7326585293242,3.11505472183741,0.211228032465301,11.6122070404271,0.128470855200197,-0.00393114820737256,1.09240956377671,1.07744261911893,0.594223543665324,-0.356509624239118,47
53,11.924382256624,2.88659891393537,-1.37659626768197,11.6122070404271,0.125324757317546,-0.00233397149261247,1.0272433916931,1.29911885698879,-0.969668599702278,-1.22557053975228,48
53,12.0535873771956,5.79392864304423,-2.51188886204383,11.6122070404271,0.123204560918317,-0.00125761327179492,2.03005545406752,1.9002281230824,-0.855412517891589,-2.0375779061111,49
53,12.4912176242929,0.975024408239441,-0.58460803424629,11.6122070404271,0,0,0.237796635538617,0.731403341030031,-0.282281198500219,-0.796029311574935,50
53,12.6746055373623,0.135194991544138,0.679483504575448,11.6122070404271,0,0,-0.141280117124084,0.411970763406884,0.244479326217616,-0.149230407285944,51
53,12.8996725215838,-0.548535553041167,-0.529313086712515,11.6122070404271,0,0,-0.0376736830680537,0.408103718959896,-0.434583122579873,-0.76335071349628,52
53,13.0497171777315,-0.177037269360091,1.57191249465718,11.6122070404271,0,0,-0.232022508338358,0.388723581072622,0.942748746867598,0.753792311292853,53
53,13.3164632331051,1.8357960144203,-3.15077295577407,13.1881328629813,0.128341566395395,-0.00386551227481946,0.845067842347166,0.974638662347261,-1.40446101078177,-2.49976607379302,54
53,13.7499255730872,3.17174342408951,-1.55757956745294,13.1881328629813,0,0,1.18012409499937,1.34090202228971,-0.684106328151956,-1.46012691485611,55
53,13.9916641857696,0.873759913851601,1.06437039134012,13.9187888324377,0.129251557627928,-0.00432748671472835,0.603040362981385,0.822450588253848,0.157910091806793,-0.548575048354036,56
54,0,0.358247366284099,-0.639283921771599,-Inf,0,0,1.35114121034937,0.527746122530485,-1.72470463807689,-0.576129677395808,0
54,0.125037213456386,0.169308811553145,-0.552013932003204,0.108979910274502,0.130183915608836,-0.00480081606188726,1.27935753987227,0.35165860268225,-1.16220439193607,-0.527584270331515,1
54,0.387615361714796,3.19647399838587,-0.098631400763998,0.108979910274502,0.125875129378249,-0.0026133783873255,2.39116978997856,1.03788399067145,-0.831299123994129,0.15123604669016,2
54,0.729383745162251,0.644487359836306,0.419819444049918,0.108979910274502,0,0,1.46561810992979,0.45410891155899,-1.65195937715817,0.137649828672,3
54,0.833581423042572,1.65821843751826,-0.0829108916430198,0.748834573894811,0.129056751860421,-0.00422858984393741,1.62881338662801,0.700823031058774,-1.01609481711364,-0.44883873527317,4
54,1.04614468591843,2.68352503550091,-2.610905558592,0.748834573894811,0.125568686816615,-0.0024578069645296,2.17615642868107,1.06082230536999,-2.49740385094466,-1.72304090905812,5
54,1.2962191128312,2.9837936640387,-2.33592260122812,0.748834573894811,0,0,2.48476804279745,1.04667491988132,-2.45697038891503,-1.75542731417592,6
54,1.65882703185472,-0.337432084273395,-0.738587802139051,0.748834573894811,0,0,1.08162715255869,0.148905649841744,-1.95382417105572,-0.475219331669213,7
54,1.76719261685025,0.0441359797084414,-0.729887997634464,0.748834573894811,0,0,1.03944255215538,0.335894176928985,-1.96033929110417,-0.60765603680455,8
54,2.11729681452813,1.96975569134344,-1.1624659004595,0.748834573894811,0,0,2.07716741365016,0.845514709551895,-1.85881007940103,-0.446705721228502,9
54,2.4298898481691,3.77236343421824,-0.0206816008460084,2.18999237240865,0.126510801681212,-0.002936089580166,2.51215777570782,1.33695447966344,-0.595499204134224,-0.541976042892675,10
54,2.53408752604942,4.5373882277546,-1.93466412662422,2.18999237240865,0.124800965875424,-0.00206805875692695,2.77827742876025,1.7430310035673,-2.24416010783683,-1.47643124089495,11
54,2.84251265257517,2.46140597442421,-0.77676800934767,2.18999237240865,0,0,1.94850005272519,1.10920669990879,-1.44496128260247,-0.515659503377674,12
54,3.10092289371837,1.01392185833992,-1.61474901164189,2.18999237240865,0,0,1.53008108878651,0.676269629586066,-1.9435193115286,-1.23740860349654,13
54,3.33432569217029,-1.99056372642285,1.02099371697638,2.18999237240865,0,0,0.162215574764284,-0.0405892268189243,-0.622200697445092,0.654894436259157,14
54,3.68859779696338,1.47769632041151,0.46981826970358,3.58651891133676,0.128772341140707,-0.00408420330674002,1.89294771224414,0.682503370583366,-1.06781913454286,0.319692769340951,15
54,3.98035129502828,1.51867442437428,-0.530303389819397,3.58651891133676,0.123984800884499,-0.0016537170016704,1.74965864302327,0.524581605719294,-1.1403884337867,-0.601376317936863,16
54,4.04286990175648,1.54586644123473,-0.053266975782306,3.58651891133676,0.122958899401026,-0.00113289850772702,1.34544390418048,0.719470446273775,-1.85340327934471,-0.318766458881853,17
54,4.3429592140518,3.55170800672564,-0.656228394179149,4.10755609357013,0.126584551977149,-0.00297353032732971,2.15488209417746,1.18906683812393,-1.26605171974414,-0.632832919253436,18
54,4.55135456981244,3.79163803141409,-1.33671398107473,4.10755609357013,0.123164880365572,-0.00123746868085142,2.25306700793639,1.30423884441291,-2.03805562815565,-0.690229188704795,19
54,4.84727597499256,0.356702319651413,-0.320501235470137,4.10755609357013,0,0,1.35681271347916,0.518327890183074,-0.882715912726645,-0.682984484404343,20
54,5.24739505805299,1.12447776226863,0.0407854300605934,4.10755609357013,0,0,1.26103548716047,0.609007109106074,-1.26227131250295,0.16372587291007,21
54,5.29740994343555,1.70496874413622,-0.118937218353807,4.10755609357013,0,0,1.52977358737263,0.713570437124464,-1.47459958407576,-0.223953694876342,22
54,5.59749925573087,3.22425255024942,-0.231939126294101,5.3855952280484,0.126970161244927,-0.00316929224144158,2.5718555131788,1.24943394061486,-1.38506674097424,-0.14883561488365,23
54,5.85590949687407,2.04359223755022,-0.784542866572929,5.3855952280484,0.122729768446571,-0.00101657579980864,2.00772747328248,0.987799306921245,-2.0846334644403,-0.8116942539027,24
54,6.17267043763025,1.92761871737128,0.330055201640899,6.10164097145988,0.12928184778438,-0.00434286409150991,1.71294749624263,0.965804392081633,-0.786129322777618,0.161702662971529,25
54,6.47275974992557,2.13735558133165,0.218827696352254,6.10164097145988,0.124357520663709,-0.00184293532058107,1.66135588883197,0.793293224073671,-1.36357682251383,-0.107944318682544,26
54,6.73116999106877,1.42857073206439,-1.6956167672318,6.10164097145988,0,0,1.62998064290674,0.667708288323648,-2.34609038414992,-1.09051539560633,27
54,6.8395355760643,-0.874649363093571,-0.546249147387075,6.10164097145988,0,0,0.687242650214687,0.131589834358683,-1.0230777176135,-0.457826370884712,28
54,7.02709139624888,-0.0349128374788101,-0.851345985969204,6.10164097145988,0,0,0.775164708132504,0.202168450307551,-1.24960629871861,-0.557885510321859,29
54,7.49806490026794,3.36310844206528,-2.30533567435924,7.17439569880863,0.125136146323948,-0.00223821951720674,2.59656553239054,1.10342098478724,-2.55751704550561,-1.19624313230155,30
54,7.61893420660911,4.5482551417959,-1.02415660395749,7.17439569880863,0.123152736789234,-0.0012313037622497,3.44026521053708,1.63349630050232,-2.06122985760001,-0.69156425539807,31
54,7.83983328371539,-1.4986846700572,-0.500411183553301,7.17439569880863,0,0,0.202358530239203,0.0134097358266235,-1.76291401198375,-0.260920116410691,32
54,8.16076213158678,0.390372785200712,0.98475748885604,7.17439569880863,0,0,1.36535905436749,0.441025229186275,-0.929222800854479,0.287668137773614,33
54,8.31914260196487,-0.199326647817627,0.266907766133318,7.17439569880863,0,0,0.733960817774093,0.197244818804639,-0.40961388414598,-0.165078977940141,34
54,8.5233700506103,0.890930974309188,-0.404014133163965,8.44650922274181,0.129186157830168,-0.00429428525752545,1.6433263269378,0.63139578618878,-1.66102326060564,-0.335946577645681,35
54,8.76094075617743,2.64608350112952,-1.84901857734993,8.44650922274181,0.125287732192919,-0.00231517498053824,2.14685273098656,0.785630829787257,-2.45017945146431,-1.01868333224221,36
54,9.19440309615957,1.94129108159491,-1.70879634137148,8.44650922274181,0,0,2.00150794154583,0.960380385491422,-2.04612844883164,-1.13961975641379,37
54,9.4944924084549,0.620717767541268,-1.79659282504211,8.44650922274181,0,0,1.20978212527673,0.401604139997866,-2.04320078908479,-0.773069653767555,38
54,9.54033938672224,0.847628532785679,-1.52385235759012,8.44650922274181,0,0,1.22395473012249,0.478841166881026,-2.12101538370448,-1.45423782026305,39
54,9.79874962786544,-0.461204337151767,0.423231393629407,8.44650922274181,0,0,0.748150766637989,0.0361072532562551,-0.89360265200746,0.490117441683984,40
54,10.1530217326585,3.5258637423295,-0.852408433513933,10.0502951203684,0.128761712245117,-0.00407880734475442,2.2410896391234,1.16593621815836,-1.74165927308923,-0.857097531861122,41
54,10.4697826734147,3.73114097512128,-2.82368618055391,10.0502951203684,0.123563811395519,-0.0014399936421069,2.38715425183621,1.22764309533983,-2.36379740559733,-1.89357727398867,42
54,10.7198571003275,3.91273982402208,-2.37223448509738,10.5335724559899,0.127390563502,-0.00338271748150518,2.59249141740125,1.26685870556986,-2.48276282816922,-1.8331192352141,43
54,10.8157189639774,3.21738166618774,-1.57823564718603,10.5335724559899,0.125817514560674,-0.00258412912412559,2.17936392931891,1.18945964619839,-1.74970895623646,-1.09027156907681,44
54,11.2491813039595,1.15682405745369,-0.582155704623926,10.5335724559899,0,0,1.78560434569172,0.605080491128296,-1.44553936238684,-0.383767862911255,45
54,11.357546888955,0.119875807366651,-1.46030412663647,10.5335724559899,0,0,1.38589927442341,0.435580773902782,-2.17957709392368,-1.00172269117734,46
54,11.5200952664483,3.37876709709289,-1.00097292200192,11.4205496286776,0.12881391056893,-0.00410530682139311,1.94108008668414,1.2155016385086,-1.26970159998517,-0.862906972070772,47
54,11.786841321822,2.25098165371483,-1.0150865035929,11.4205496286776,0.12443673090606,-0.0018831479138994,2.0083705665749,1.22795079710496,-1.63641680591244,-0.823712017058052,48
54,12.0327478416195,1.96092486155397,-1.67884674946497,11.4205496286776,0,0,1.82968343660744,0.882115330300697,-2.07436957897477,-1.18603873078071,49
54,12.2869901756475,1.29693405642651,-0.00471706494698318,11.4205496286776,0,0,1.85774162250621,0.579821364592842,-1.60994545921169,-0.0216117438596155,50
54,12.649598094671,-0.488670123193889,0.129165878542806,11.4205496286776,0,0,1.04365051337384,0.253179017332216,-0.64696017021154,-0.248794759848497,51
54,12.7788032152426,-0.903390894775992,0.253251289567977,11.4205496286776,0,0,0.947603905585303,0.27471430730799,-1.4056863558448,0.173729015995351,52
54,13.0580529919619,1.25584023851819,0.365448388619593,11.4205496286776,0,0,1.55836981118234,0.710467476994149,-1.04453531891956,-0.0357173406733958,53
54,13.4039892825246,2.9034172167318,-2.1714999241689,13.1973129900889,0.127055945967651,-0.00321284249536442,2.30706212211676,0.978014747817959,-1.8956877707554,-1.3919520781018,54
54,13.666567430783,4.37242325084788,-0.876175218562204,13.1973129900889,0.122747159737114,-0.00102540482080328,3.05586066712339,1.49822186369158,-1.64093885932116,-0.203180188322671,55
54,13.8249479011611,3.22629886738118,-1.56472912844006,13.7561454759561,0.129318392498795,-0.00436141671419628,2.53058908843722,1.19116948685987,-2.03775563869224,-1.27102745004247,56
55,0,-1.26878617114652,0.111882645719958,-Inf,0,0,-0.810941932764069,-0.756482369859329,-0.826886556584935,-0.258360614500498,0
55,0.00416790711521286,-1.47128396641442,0.222755984469952,-Inf,0,0,-1.00626007472038,-0.85776347369624,-0.914262095497829,-0.0221482783122534,1
55,0.46680559690384,2.60532506722421,-1.95285717291208,0.290627681650221,0.127556410261937,-0.00346691275865113,0.520582769996723,0.231524610742662,-1.81178402732973,-1.47551282207472,2
55,0.591842810360226,2.88266313448266,-1.61335428750065,0.290627681650221,0.125504607294991,-0.00242527577076418,0.731283528559912,0.0905074422683013,-1.56415310049513,-1.50589021319526,3
55,0.900267936885978,0.938697743756251,-0.285869196497289,0.290627681650221,0,0,0.210034944155928,-0.275028313448997,-1.05201300432642,-0.428203865292189,4
55,1.19202143495088,0.0879182949262127,1.2970907469344,0.290627681650221,0,0,-0.021688608752307,-0.244389677303719,-0.351616380759629,0.31375961394577,5
55,1.47543911878535,0.625952145091476,0.0384689281358936,1.40206735473878,0.129243411757216,-0.00432335130777854,-0.14335858055469,-0.55418460047921,-0.850544118543055,-0.139292604862312,6
55,1.65049121762429,3.33498761299138,-0.894842674014048,1.40206735473878,0.126370887603492,-0.00286505952473669,0.943088674910747,0.406818938742111,-1.69088424012388,-1.3298664462111,7
55,1.86305448050015,4.01574962873623,-1.35644841446026,1.40206735473878,0.12288282255969,-0.0010942766453291,1.04468639498429,0.497263959789915,-1.26168747502706,-0.977219540209577,8
55,2.10896100029771,0.49831804232842,0.486951318656928,1.40206735473878,0,0,-0.259470188667046,-0.42947842677596,-0.457050060708578,0.0191654746867491,9
55,2.38821077701697,1.90514758076861,-0.409721633788403,2.21669657465178,0.127632939638091,-0.00350576435899633,0.125802750748087,0.0776210853920693,-1.39316649420491,-0.48187622699549,10
55,2.72581125334921,2.55807929475361,-2.15929064955062,2.21669657465178,0,0,0.0639698611212427,0.179829521272633,-1.49895927767646,-1.38490282695298,11
55,2.95087823757071,-1.85292814829148,-1.7233258253969,2.21669657465178,0,0,-0.914714426841647,-0.953613148156348,-1.44591323869919,-1.50529871514216,12
55,3.20512057159869,-0.0360252132595944,1.89909911165477,2.21669657465178,0,0,-0.4455211149282,-0.410605100744286,0.236822750479886,0.582243455191837,13
55,3.49687406966359,-1.04740056410666,-0.397484080272283,2.21669657465178,0,0,-0.78382349311064,-0.720130837286523,-1.2124558534,-0.428258467130558,14
55,3.51354569812444,-1.35311961102527,0.135889894264757,2.21669657465178,0,0,-1.1584701487391,-0.812029706666474,-0.62563276926214,-0.466468938561951,15
55,3.93867222387615,3.7812524220531,-1.34205869807223,3.55574687634989,0.124163780314269,-0.00174457932964352,1.21511035326176,0.271677189961866,-1.31592156382209,-1.19791991055939,16
55,4.07621315867818,3.96812179127075,0.325507684212209,3.55574687634989,0,0,1.74038998020751,0.391772418914003,-1.09294120109355,-0.23903028468363,17
55,4.49300387019946,1.74949498962095,-1.56500145980802,4.32667688859376,0.127718059536802,-0.00354897710229111,0.0245276265997431,-0.0534148690483888,-2.10738077309377,-1.18110994065449,18
55,4.55135456981244,4.42853202232964,-1.64966420913731,4.32667688859376,0.126760551485561,-0.00306287984127702,1.56254063727075,0.794822814379894,-1.62532811869103,-1.2388953971323,19
55,4.86811551056862,4.65337219954666,-1.79441574911784,4.32667688859376,0,0,1.14660816730355,0.783023835325079,-1.64794029558702,-1.31735665869863,20
55,5.16820482286395,0.578230264432145,0.480643518396041,4.32667688859376,0,0,-0.155318344355888,-0.431021393145898,-0.405339883017166,-0.394745748888212,21
55,5.35576064304853,1.26849904117914,-0.985143637616134,4.32667688859376,0,0,-0.0371346928656289,-0.218571217678822,-1.46486186074792,-1.04017651170627,22
55,5.64751414111343,2.33913009675239,-0.473708461632773,5.37000404199621,0.125893595890513,-0.00262275326518557,0.850927587299111,0.188498258565678,-1.10591077095394,-0.420697239420901,23
55,5.82673414706758,1.61408213706483,-0.145520283512445,5.37000404199621,0.122952678304532,-0.00112974024921379,0.403509906277783,-0.0467343244511167,-1.45095545141416,-0.34328513083204,24
55,6.13515927359333,0.0451030659633935,1.76826538621824,5.37000404199621,0,0,-0.61045164051387,-0.523145798539028,-0.360050233369276,0.949390045590187,25
55,6.32271509377791,-1.77485118808942,0.740852682927999,5.37000404199621,0,0,-0.867078317036371,-0.861402616995505,-0.283331918123653,-0.029440132082344,26
55,6.70616254837749,3.37580046374051,-2.37882577254056,6.50610443909044,0.12716454729879,-0.00326797603657,0.683503259372141,0.487858120193975,-1.99279359676064,-1.93482126763618,27
55,6.76451324799047,3.20715553326678,-2.30991826568654,6.50610443909044,0.126207039247549,-0.00278187877555636,1.25967992168478,0.310740218386745,-2.26525116120375,-1.71436445099799,28
55,7.13962488835963,0.255958820458345,-1.47546801554853,6.50610443909044,0,0,-0.318515355772254,-0.406854762895542,-1.62712664639962,-1.30775826497703,29
55,7.47305745757666,-0.10328707662126,0.412246967582929,6.50610443909044,0,0,-0.920291967808346,-0.57268291951903,-0.805138511019207,0.025934489613177,30
55,7.74813932718071,3.15455332099516,0.33192966741416,7.52465770504115,0.126780178263057,-0.0030728437499578,0.924564646670798,0.439923164710741,-0.525065187373299,-0.194347090640119,31
55,7.7773146769872,3.12789976697915,0.0791819425697892,7.52465770504115,0.126301424237436,-0.00282979511945042,0.950862271117883,0.351081640120279,-0.985321535408881,-0.402324488705099,32
55,8.14409050312593,1.98289135161051,-1.28568937633786,7.52465770504115,0,0,0.326495506938124,-0.169462888487803,-1.98206806605403,-1.10147810273081,33
55,8.34831795177136,3.67419031267472,-1.88591879732097,8.21573701380716,0.12827181653881,-0.0038301024271446,1.13051013658329,0.420665172338664,-1.81721350192458,-1.277110410145,34
55,8.50253051503424,2.40798050464838,-1.33386919710295,8.21573701380716,0.125741259546296,-0.00254541680875266,0.583229582553166,0.124350361733478,-1.64948895488735,-0.991964282070134,35
55,8.84013099136648,1.72752024846545,-2.06809382831802,8.21573701380716,0,0,0.636625753651472,-0.260306204840847,-1.55354747809604,-1.39148789682561,36
55,9.09020541827925,1.09967141294359,-1.57815809765831,8.21573701380716,0,0,0.129986372814293,-0.193941631034794,-1.95145588292044,-1.16983451082086,37
55,9.27776123846383,1.42775793680704,-1.02538983547249,8.21573701380716,0,0,0.411390510349444,-0.132545890612732,-1.06398398331002,-0.704358212753387,38
55,9.7237272997916,4.31259487301146,-0.707875515431419,9.40223448633467,0.125171859846617,-0.00225635016951847,1.6901965020622,0.557147100355875,-1.40857628383302,-0.536639824398503,39
55,9.83626079190235,3.68505585927239,-1.36835171742581,9.40223448633467,0.123325237176417,-0.0013188768804213,1.14522905217968,0.470793258191651,-1.62563767813088,-1.31659747768691,40
55,10.1947008038107,2.32367861239513,-1.8397520387607,9.40223448633467,0,0,0.50524377183949,0.193753801538061,-1.30276154372882,-1.43562209948156,41
55,10.4531110449539,0.425265769243414,-0.885864825410335,9.40223448633467,0,0,-0.41666232193248,-0.38383866264306,-1.1058294312075,-0.89984618796289,42
55,10.5698124441798,0.24686973224162,-1.49309102101357,9.40223448633467,0,0,-0.452434233677167,-0.495349176503605,-1.4075058199044,-1.45718800071034,43
55,10.8907412920512,3.28540510573035,-1.25082425023364,10.7262006807195,0.127747373048597,-0.00356385866674779,0.972664799335627,0.537801988974278,-1.17243638788826,-1.02129677981858,44
55,11.0366180410837,3.91949654556733,-1.7805686379289,10.7262006807195,0.125353602920442,-0.00234861551421178,1.18370734669204,0.544189058728018,-1.96242702218598,-1.32197867859334,45
55,11.336707353379,2.63784151443616,-1.49022050610219,10.7262006807195,0,0,0.640837812397464,0.23105076031416,-1.57759619227862,-1.29557252962043,46
55,11.532598987794,-0.425212452837605,-0.927742988169416,10.7262006807195,0,0,-0.704502180320126,-0.617884950352404,-1.58722738373059,-0.753780067627535,47
55,11.9910687704674,-0.26366680602356,0.665315823086846,10.7262006807195,0,0,-0.574603214861103,-0.505847869419591,-0.520760826819478,0.364814560890172,48
55,12.1452813337303,2.86517444888753,-0.767446552523943,12.037224159859,0.128674240189675,-0.00403440048414326,0.822706676084094,0.193064887441355,-1.18568848343496,-0.58906180056586,49
55,12.4286990175648,4.23386313746575,-3.17444160089103,12.037224159859,0.124023486797878,-0.00167335664493112,1.15887355268721,0.517564208786305,-2.1118749250014,-2.32728963948879,50
55,12.5162250669842,4.29239490452716,-1.76990068450647,12.037224159859,0.122587224721017,-0.000944210753410307,1.25955025680501,0.549922162144351,-1.76799046274038,-1.22812568430995,51
55,12.8121464721643,1.91377855754138,-0.624709195161148,12.037224159859,0,0,0.517037870754641,-0.0875058937273857,-1.34180781033799,-0.715494370657259,52
55,13.1247395058053,1.34396790624524,-0.547775455840576,12.946426483781,0.12752137414518,-0.00344912600441964,0.114333589232764,-0.343783236148586,-1.51749048848267,-0.621528444445615,53
55,13.353974397142,3.57790368306897,-1.39037247377983,12.946426483781,0.123759735372496,-0.00153945819329493,1.06074608575826,0.335402101660799,-1.87853469100119,-1.02022167225604,54
55,13.6790711521286,1.18527421815468,-0.492350621680378,12.946426483781,0,0,0.1849232743196,-0.171636518734576,-0.591147242184807,-0.475312178084487,55
55,13.9624888359631,2.34493213632789,-0.0481170275316993,13.7733858040767,0.127344315063036,-0.00335923857761813,0.731815032591785,-0.0445014363676169,-0.901585936199567,-0.207721930854347,56
56,0,-1.40015165805548,1.84958599208983,-Inf,0,0,-0.708398424489615,-1.07999102076698,0.457721988592264,1.54143648262383,0
56,0.133373027686812,-1.08133561017322,0.451496340068728,-Inf,0,0,-0.661463162261187,-0.849232265419155,0.17420482417406,0.65967292365787,1
56,0.316760940756177,0.155779662099701,1.03021789386776,-Inf,0,0,-0.308735917822809,-0.625354124043958,0.702490480613483,1.0290528292337,2
56,0.583506996129801,2.28598844973,-0.014678509565313,0.374174166459125,0.127012353417664,-0.00319071190426237,0.48589871760316,-0.132255449402728,-0.326315904887795,0.589791523150891,3
56,0.958618636498958,-0.502536402429551,-0.227276611424664,0.374174166459125,0,0,-0.462526989091429,-0.845823124025725,-0.186208950260648,0.0297421853676628,4
56,1.21702887764216,-1.3120358429138,0.335918394446521,0.374174166459125,0,0,-0.487675014371753,-1.0503806674964,-0.277062830927808,0.786225900246148,5
56,1.3295623697529,-1.08564559641166,0.75843431827702,0.374174166459125,0,0,-0.287678832598375,-1.07720569576491,0.170899797409015,1.02636609908848,6
56,1.63798749627865,3.93253574348101,-1.64091092260551,1.36105556690421,0.125903083389161,-0.00262756977518855,1.51550101891732,0.267657552427597,-0.834737021622332,-0.470125232358392,7
56,1.85888657338494,4.74907890028034,-3.89752007487996,1.36105556690421,0.122278231480883,-0.000787344429921122,1.86831499952038,0.307702976663012,-2.44759050329332,-2.19558752800886,8
56,2.05061030068473,2.42027942183145,-1.27955007809621,1.36105556690421,0,0,1.07698014692685,0.0267595730716984,-0.949531648980887,-0.103268882502322,9
56,2.3006847275975,-0.50335854735057,0.015036641872529,1.36105556690421,0,0,0.0143426967351451,-0.991020749325055,-0.0191369849277244,-0.0441217200976897,10
56,2.51324799047336,1.60805601850974,-0.52629229401534,2.48533371097516,0.129989348099583,-0.00470204014746833,0.161513329418777,-0.269390839910647,-0.745202956966191,0.302239533959617,11
56,2.9800535873772,3.72813894573177,-1.46827028953292,2.48533371097516,0.122329283689652,-0.000813262059357334,1.22588978165274,0.241980702905487,-1.11339981597348,-0.659727043034809,12
56,3.22179220005954,4.34378658088915,-3.39971511240826,2.98616470524038,0.126580870097821,-0.00297166115092547,1.45849389987522,0.303027907876315,-2.4335494984809,-1.71614806095876,13
56,3.48853825543316,3.31650052518611,-0.920740095610318,2.98616470524038,0.0519851048152792,-0.000628415576693277,1.23255392442816,0.0328480011923897,-0.87849800674122,-0.161329552959297,14
56,3.58440011908306,0.560207006938927,-0.228407006140644,2.98616470524038,0,0,0.224131633531689,-0.608428297542755,-0.198346904795175,0.318617021155756,15
56,3.82613873176541,-1.73161065188795,-0.717784467856926,2.98616470524038,0,0,-0.502836396576577,-1.05736745624417,-0.50313296735812,-0.107202530603816,16
56,4.22625781482584,1.71918357062698,-0.703860024499974,4.17873005393642,0.129667499921777,-0.00453864776920354,0.840376647796578,-0.390626666619687,0.164940896438044,-0.0686257969260254,17
56,4.3429592140518,2.96036210778568,-2.82030144187986,4.17873005393642,0.127752483819295,-0.00356645324717533,1.0304153484041,0.122640208239537,-1.87010777436171,-1.67845333270883,18
56,4.70556713307532,2.12328514283164,-2.74652892977336,4.17873005393642,0,0,0.595182694118741,-0.207970870427946,-1.66128218033131,-1.38851403993175,19
56,4.8931229532599,-0.80915251923349,-0.650704269581983,4.17873005393642,0,0,-0.300493547905211,-1.07317498744625,-0.799229117587148,-0.0371203618070144,20
56,5.09735040190533,-0.389290278363213,-0.507928267691039,4.17873005393642,0,0,0.263732444939911,-0.85880946968367,-0.681207391811548,-0.062634880887558,21
56,5.3807680857398,2.91149490067853,-2.10032961752642,5.2114461120827,0.127668913099456,-0.00352402697414207,0.768822681396954,0.224597818732803,-1.30680732210542,-1.31506863817504,22
56,5.71420065495683,2.16340867916526,-0.518565001399601,5.2114461120827,0.0408669003740603,-0.000531856195980035,0.858573207424841,-0.156640829080602,-0.930862752056726,0.0351705488767653,23
56,5.75171181899375,1.16172204415898,-0.851650768761314,5.2114461120827,0,0,0.491578702720656,-0.377756686086706,-1.46701634089644,-0.338266085688412,24
56,6.16433462339982,-0.32900719089427,0.74555899895559,5.2114461120827,0,0,0.144986892309308,-0.768403573352974,-0.22832901233868,0.758386477709131,25
56,6.33938672223876,3.38967055920479,-1.48420092246651,6.18830662322087,0.12796825384346,-0.00367599302350595,1.11299646178426,0.229421836129214,-1.16531680686483,-0.418080874187409,26
56,6.58529324203632,2.51157365433016,-1.92796325336103,6.18830662322087,0.123933041341825,-0.00162744028066283,0.869112847351142,0.0212766517369717,-1.27131049711951,-0.851547975924438,27
56,6.84370348317952,1.91088470885743,-0.932003289013037,6.18830662322087,0,0,0.679411807646098,-0.369337158774608,-0.608918337705401,-0.184459408776784,28
56,7.10211372432272,1.89472641148856,-1.21129586149044,6.18830662322087,0,0,0.546691060486833,-0.32021803543337,-0.958443246347572,-0.674339207834715,29
56,7.35218815123549,3.67086250199249,-2.81860477479363,7.16666893357089,0.127403123800477,-0.00338909395705297,1.31207616332193,0.359067040324436,-1.89536259578048,-1.16486682995065,30
56,7.52307234295921,3.66014478055657,-2.83456718340798,7.16666893357089,0.124598993078983,-0.00196552340694105,1.62673913578342,0.0336606053750809,-1.75804962590276,-1.22296454047725,31
56,7.81482584102411,1.11247796299037,-0.820661513313367,7.16666893357089,0,0,0.564904678150044,-0.303496041421599,-0.74998431790064,-0.169529332466862,32
56,8.01071747543912,0.191509843062057,0.870112827667024,7.16666893357089,0,0,-0.116248072921812,-0.532427083955674,0.104895882039547,1.25112039772655,33
56,8.2649598094671,0.772482722512922,1.23609037844494,8.25607709876226,0.130301647360271,-0.00486058483544516,0.21536099094704,-0.2047842180045,0.784324523247502,0.907822289135383,34
56,8.63173563560584,4.93305467746043,-2.20516343279647,8.25607709876226,0.124283025323844,-0.00180511633764147,1.97025781041372,0.438129689853049,-0.963660300056853,-0.97006591656837,35
56,8.96100029770765,1.99624203385317,-0.323797807396327,8.25607709876226,0,0,0.94130161141928,-0.251008154818201,-0.240376871116552,0.184504434164225,36
56,9.06936588270319,0.457128749288374,-1.03672983913944,8.25607709876226,0,0,-0.0148823788720533,-0.451138436894346,-1.16537060354497,-0.662636567272856,37
56,9.29860077403989,-0.907672470643946,-1.7106068485136,8.25607709876226,0,0,-0.244868074010068,-1.0676031652099,-1.45719340562311,-0.51352582864257,38
56,9.58618636498958,2.26198107750119,-0.606643017155003,9.47634521139105,0.128644965905675,-0.0040195388344136,0.886436834612274,0.0554558519049717,-0.34840609794795,0.0961059378584447,39
56,9.79874962786544,4.28193936725554,-1.97116004415441,9.47634521139105,0.125156900861866,-0.00224875595500559,1.63957733060436,0.760374547395126,-1.27109593155861,-1.15867599924611,40
56,10.1530217326585,-0.858073970008904,0.436400852050789,9.47634521139105,0,0,-0.590923096330734,-0.985185700847813,-0.107643696671522,1.14690890086513,41
56,10.3322417386127,-0.141373564510293,0.657709804211769,9.47634521139105,0,0,-0.551492888251442,-0.629257402673156,0.237279434729055,0.680349879865988,42
56,10.5323012801429,-0.944878294811554,1.02243430221726,9.47634521139105,0,0,-0.699600213348592,-0.820142170422317,-0.199250504108968,1.29129805974315,43
56,10.9157487347425,2.60596433991438,0.388558827266755,10.7277933596687,0.127363147581677,-0.00336879926561166,0.92560828590848,-0.0932877031856876,-0.291176837348463,0.574553058634898,44
56,11.1783268830009,3.39797841174126,-0.545020148068598,10.7277933596687,0.123054361351141,-0.00118136159105009,1.64059808644887,0.0500111983049186,-0.980815767592614,0.206769076392414,45
56,11.3617147960703,0.188595704688834,-2.2702186925147,10.7277933596687,0,0,-0.0944422704846183,-0.588987115103585,-1.2399259344661,-0.987092209547072,46
56,11.5451027091396,1.10692808357305,-0.325559064966879,10.7277933596687,0,0,0.435410857504104,-0.461147993721149,-0.352882679644056,0.349198739371552,47
56,11.8201845787437,0.712771030606871,-0.947138492163729,11.8015890422779,0.130142264372096,-0.00477967101555198,0.194725011420298,-0.539403554654549,-0.81951657091668,-0.436439644051079,48
56,12.0077403989283,2.54171320043328,-0.0799858564637344,11.8015890422779,0.127064559921624,-0.00321721553371963,1.19949196248966,-0.0461102269176876,-0.377827585258702,0.131155230524266,49
56,12.316165525454,4.2685993064726,-3.32226200302748,11.8015890422779,0,0,1.94499314927018,0.414886503701735,-1.727005537052,-1.49847520465228,50
56,12.5454004167907,2.25677207422051,-1.0262316371026,11.8015890422779,0,0,0.799280338125765,-0.138761589118261,-0.436982524131873,-0.400458560031311,51
56,12.9163441500447,0.996175143019423,-0.960929275401625,11.8015890422779,0,0,-0.139743818958869,-0.474114308115398,-0.901605543261633,-0.0395318731629784,52
56,13.0497171777315,1.60055327809097,-1.21102484169676,12.9792439424451,0.129290975276453,-0.00434749783730771,0.723654982199727,-0.206561753073434,-1.09314483428191,-0.565410212018126,53
56,13.3789818398333,4.50987388133863,-3.42407962369298,12.9792439424451,0.123887894130212,-0.00160452043587346,1.84638087038104,0.312155645877413,-1.83828195012476,-1.45670014016439,54
56,13.7332539446264,2.44840033144916,-2.6859205942299,13.6319728712318,0.128785432871264,-0.00409084957393904,0.687438528815167,0.0432230180255563,-2.21739379854948,-1.14913099308519,55
56,13.9166418576957,2.54250446221125,-3.73335038757334,13.6319728712318,0.125776121853075,-0.0025631153250382,1.08700802253245,-0.15679742030185,-2.60121526013833,-1.96907940319022,56
57,0,1.05160209053342,-1.27583595865448,-Inf,0,0,0.235487808821779,0.564377334454902,-0.0501721438652722,-1.10345216243864,0
57,0.208395355760643,-0.773484617738881,1.3574814210536,-Inf,0,0,-0.408457216945728,0.130834066354776,1.63080574760803,0.217852677636108,1
57,0.387615361714796,0.581954369255663,1.08438223464853,0.348697277891915,0.129808780748986,-0.00461037168113618,-0.509094680739062,0.5181833871662,1.48024472604603,0.368777618967509,2
57,0.721047930931825,0.98081685181926,-0.416313386816528,0.348697277891915,0.124337306170464,-0.00183267304677112,0.0741649626961399,0.54955188369864,-0.186355771858216,-0.652532804846975,3
57,0.996129800535874,-0.039522252909574,-2.46409180128154,0.348697277891915,0,0,0.165321720740448,0.482347867289381,-0.76156940316712,-1.7515785636158,4
57,1.00029770765109,0.112620956537037,-1.89444643170964,0.348697277891915,0,0,-0.0361948030090528,0.381182713051772,-0.0637086252975163,-1.5887416826452,5
57,1.36707353378982,1.46629344757186,-0.192831147437706,1.31016252713564,0.129513525189235,-0.00446047955363922,0.482731215157754,0.80722628255783,0.275504486489405,-0.674454003978195,6
57,1.53795772551355,4.89104121138374,-3.19240644907682,1.31016252713564,0.126709394467735,-0.00303690900352689,1.92278438214615,1.40816581971137,-0.959398143044464,-2.38079541171653,7
57,1.88806192319143,0.600180080506564,-0.0368492595667501,1.31016252713564,0,0,0.207382078041875,0.449949001644848,0.507310651413859,-0.334189816363133,8
57,2.20065495683239,-0.452659371521984,-0.166556538187355,1.31016252713564,0,0,-0.352969192937576,0.509112293055948,1.07819347749332,-0.593945865711572,9
57,2.4298898481691,1.5969247686166,-0.813111897901979,2.37303716993998,0.129514482331772,-0.00446096546533926,0.223808561597756,0.694169862040792,0.392462999394394,-0.853143786117883,10
57,2.57993450431676,2.71155028520874,0.29428357563839,2.37303716993998,0.127052318771436,-0.00321100107987504,1.19074126923955,1.38881620597853,0.821835388971885,-0.52807848379905,11
57,2.97171777314677,1.62099411137938,-2.22191914215061,2.37303716993998,0,0,0.318295827416969,0.700648212145843,-0.774144883924017,-1.79826196387939,12
57,3.10925870794879,0.532274584303459,-0.5642369336985,2.37303716993998,0,0,-0.00171943473806817,0.533482263953603,0.164442600252407,-0.575765807844337,13
57,3.35516522774635,-2.08388413210285,1.24004218408557,2.37303716993998,0,0,-1.20090956475812,-0.00685379364426171,0.94622245545251,0.592561344790059,14
57,3.66775826138732,3.8530826092588,-0.86224171469329,3.41588625772319,0.126314305204659,-0.00283633438863358,1.38619062310791,1.2912550574399,0.490209142059337,-1.41583373931608,15
57,3.96367966656743,2.3900155363766,-0.320673899635031,3.41588625772319,0,0,0.655605992915557,1.23563537988811,0.238858121854678,-0.704834997190215,16
57,4.20958618636499,1.04662676978817,-2.0403009423796,3.41588625772319,0,0,0.112793568206892,0.717601528110722,-0.927229530993352,-1.9108682923601,17
57,4.46382852039297,0.857673773225743,0.0633547084676498,3.41588625772319,0,0,0.256644552912366,0.52668415176324,0.468601649676765,-0.0915449853087428,18
57,4.68889550461447,-0.994467289195249,0.305929072263026,3.41588625772319,0,0,-0.640144266443225,0.18637302382026,1.38335446535069,-0.00485509981717328,19
57,4.99732063114022,3.61753011507797,-1.95776620512964,4.74697633785411,0.126339374226922,-0.00284906115686995,1.38221607430528,1.28498463703959,-0.299708564110291,-1.58050658722601,20
57,5.20988389401608,5.23919546585972,-2.2323475639339,5.15404608311633,0.252382445019389,-0.00554769821262592,1.73409729442034,1.61685066760791,-0.635444980134823,-1.84334831581487,21
57,5.40994343554629,4.77993913245675,-3.45549861231244,5.15404608311633,0.126248251089136,-0.00280280075454381,1.57905008565006,1.66235018892748,-0.830032142018273,-2.3191294640831,22
57,5.56415599880917,4.15091102568838,-3.54799486241583,5.15404608311633,0.123717694096594,-0.00151811513615034,1.45264579280467,1.50989989541396,-1.1735375889118,-2.62265798829351,23
57,5.91009228937184,0.93265910051912,-1.37857039232134,5.15404608311633,0,0,0.338817585452156,0.699440898348634,-0.272964409513729,-1.26180334847373,24
57,6.01845787436737,2.45628956399281,-0.578983178572965,5.15404608311633,0,0,1.10307191153387,1.03975994806421,-0.183403435865761,-0.706306591481548,25
57,6.42691277165823,0.0393291487603193,-0.145863725458932,5.15404608311633,0,0,-0.0388165340298783,0.549425505124602,0.962826868265218,-0.553813036879304,26
57,6.57278952069068,1.43812945556831,-2.20491043034551,6.54067415095722,0.12992041014768,-0.00466704247871479,0.604946370480834,0.710750764195214,-0.34023988597587,-2.01673936178748,27
57,6.8395355760643,3.34441824045995,-1.35269767216868,6.54067415095722,0.125543230484861,-0.00244488357122237,1.51957932536828,1.43719843694671,0.436625776779364,-1.09525593504342,28
57,7.23131884489431,1.85139494999238,-0.434014986663088,7.19722528249169,0.129887948918934,-0.00465056291558003,0.464879478225436,0.979962386301785,0.523108948341661,-1.02401651372411,29
57,7.39803512950283,4.36300543224481,-1.34911596368054,7.19722528249169,0.127152211629646,-0.00326171359839628,1.8075331479573,1.66280122742506,-0.441032693232517,-0.866542049112659,30
57,7.71896397737422,2.23486602125431,-1.68177654641739,7.19722528249169,0,0,0.737000568592855,0.962055501084515,-0.273196100438623,-1.39667898216839,31
57,7.89401607621316,1.41304674422242,-0.515136646757796,7.19722528249169,0,0,0.216821792868548,0.806950588108794,0.300937477103471,-0.835496154166218,32
57,8.13158678178029,-1.54160463185512,-0.051365463724654,7.19722528249169,0,0,-0.435257381478948,0.0486151381328368,0.787203574146614,-0.155082591823733,33
57,8.48169097945817,2.89608818343535,-2.53728615317658,8.22387089541612,0.126216699950741,-0.00278678321616828,0.870457769264937,1.41029447977435,-0.553066690778729,-2.21683087577159,34
57,8.62339982137541,4.22419013754867,-1.23060528346636,8.22387089541612,0.123891323254869,-0.0016062612965631,1.92959742954767,1.49590169163169,0.667212947905295,-1.32899360432737,35
57,8.89014587674903,1.19598804207658,-1.31504352659895,8.22387089541612,0,0,0.705225320602737,0.719971282498629,-0.391320936313105,-1.05531998221408,36
57,9.14438821077702,-0.349460719793267,1.33883398089716,8.22387089541612,0,0,-0.0839790564490946,0.365352106573474,1.15471996892606,0.525116012564652,37
57,9.48615659422447,-0.474456682169292,0.128636402167985,8.22387089541612,0,0,-0.557891865830277,0.0804590365095315,0.336445662185289,-0.427437141104921,38
57,9.6570407859482,-0.659626801229979,1.9315798983692,8.22387089541612,0,0,-0.389916697715266,0.226126321705293,1.69123736617713,0.411105121795461,39
57,9.8195891634415,-0.956642269023555,0.861629614197765,8.22387089541612,0,0,-0.722982070903362,0.177224773131371,1.08198939031608,0.388664466128944,40
57,10.044656147663,0.649903340975056,0.229784727646241,8.22387089541612,0,0,0.0545182899976045,0.586691152541125,1.03695055301575,-0.208013793350561,41
57,10.3864245311104,3.48665892827934,-1.94304914856133,10.0692621520792,0.125242920277006,-0.00229242535503138,1.01005959475685,1.40645553762549,-0.17659712418538,-1.43276432344587,42
57,10.6698422149449,3.09859258340754,-1.87130008316745,10.0692621520792,0,0,0.939344409006089,1.23797915675199,-0.0171113981586357,-2.0356688161885,43
57,10.7532003572492,1.44987926024157,-0.523881320056686,10.0692621520792,0,0,0.526202838915699,0.806713262810295,0.184645969627175,-0.679879622041968,44
57,11.1866626972313,2.71876391794273,-1.13442525033695,11.0796765833448,0.128691815789722,-0.00404332307339175,0.985769668951823,1.03819613202452,0.238641462372989,-1.51196208039452,45
57,11.3617147960703,3.60920071336487,-1.93906926427283,11.0796765833448,0.125819291635945,-0.00258503129034815,1.11615689268689,1.25059532369704,-0.706231851649289,-1.25334805933994,46
57,11.7451622506698,2.93313896704852,-1.73958223377462,11.5230313227781,0.126802342532278,-0.00308409586481857,1.14687725006789,1.24385647664603,-0.0531758575668743,-1.22805278494011,47
57,11.9035427210479,2.33763334579893,-1.10477412515963,11.5230313227781,0.124203392107531,-0.00176468901349669,0.40882991811596,0.922777583253054,-0.0157384740260274,-1.3587677879202,48
57,12.0535873771956,1.5672250449423,-1.79077712033773,11.5230313227781,0,0,0.57782496260692,0.885970185788991,-0.303606119477227,-1.68893761861127,49
57,12.4912176242929,-1.52203501697003,0.35372190769026,11.5230313227781,0,0,-0.505655616890746,0.175968821430199,1.06336111025962,0.27400870888612,50
57,12.7412920512057,-0.13102948415561,0.326117370423161,11.5230313227781,0,0,-0.301429082992737,0.163278150171531,0.441259918769756,-0.199937273627558,51
57,12.7579636796666,-1.07509791904065,0.828699957909163,11.5230313227781,0,0,-0.339217112709853,0.0654303218886394,0.942308788447762,0.109833347728024,52
57,13.0580529919619,0.474158712086728,-0.224947994944326,11.5230313227781,0,0,0.322453690298256,0.562895379586352,0.98285426891521,-0.514855433873179,53
57,13.2706162548377,-2.51490571012442,1.8495014319084,11.5230313227781,0,0,-1.30921307869516,-0.119098500723252,1.06724279500548,0.838280521818621,54
57,13.5707055671331,3.83233896408655,-3.16598714692792,13.2956309553487,0.12593356111367,-0.00264304237447791,0.808387197410607,1.26942778930311,-1.23369503425909,-2.33313474251028,55
57,13.9083060434653,2.43578982633664,-3.08075565372237,13.2956309553487,0,0,0.7788546743438,0.988932566005315,-0.951195212514897,-2.39096745887651,56
58,0,1.29514746284312,-0.87358997614023,-Inf,0,0,0.881046904940164,-0.298429011593208,-0.589485984032475,-0.738188964592129,0
58,0.241738612682346,1.98344947373395,-0.822066018947032,0.0351191304274835,0.127056878196522,-0.00321331575915623,0.690685690831698,-0.253544096029733,-0.16009583383777,-0.386510095055573,1
58,0.266746055373623,2.63301153056044,-1.59301353770277,0.0351191304274835,0.126646517603133,-0.00300498836157904,1.31839364218274,-0.136872201278732,-0.882076017992957,-1.06504917766052,2
58,0.704376302470973,1.69548361069024,-2.24300336790445,0.0351191304274835,0,0,0.984915334788002,-0.172200464153894,0.00747224528462509,-1.7425081108086,3
58,0.754391187853528,1.01467670107208,-0.426950813391721,0.0351191304274835,0,0,0.743998881832601,-0.403516444198149,0.42988002852948,-0.21849507140081,4
58,1.23370050610301,-1.30006739643484,0.275887773426756,0.0351191304274835,0,0,-0.0972535703777459,-1.01599317029439,0.471157400998087,-0.250924901716862,5
58,1.40458469782673,4.08146521150098,-1.83233976401139,1.24572242558755,0.127840551972472,-0.00361116272819446,1.82758030949865,0.470521208666592,-0.336179583892454,-1.27963615612271,6
58,1.61298005358738,4.38190907969231,-1.89698679467747,1.24572242558755,0.124420880360895,-0.0018751010817164,2.00083930130158,0.422906982442812,-0.73175600234389,-1.80770297181417,7
58,1.75885680261983,4.60031618302231,-2.3529420869044,1.24572242558755,0,0,1.58093461562506,0.492602147094713,-0.807173824532503,-1.76000202765429,8
58,2.05894611491515,0.619235222552647,-1.7299042755626,1.24572242558755,0,0,0.176875423380582,-0.564185088614458,-0.585954065629039,-1.3636839388573,9
58,2.34653170586484,1.69995275120603,-1.65729195491349,2.23594641491878,0.128632754955203,-0.00401333971205668,1.1153167347412,-0.202591805279458,-0.537093304371321,-1.20874440856941,10
58,2.73414706757964,5.46081318548306,-2.61583000944989,2.23594641491878,0.122272165757669,-0.000784265049607269,2.60353193841044,0.668370394772672,-0.839743631640855,-1.91815347722821,11
58,2.82584102411432,3.41103950218594,-1.61323540879182,2.23594641491878,0,0,0.990355396927254,0.00250169110915802,-0.883728760117326,-1.51538334148147,12
58,3.06341172968145,-0.312973312289235,0.0596778912519521,2.23594641491878,0,0,0.0377375346647651,-0.717824909684016,0.604768131698404,-0.467689747175868,13
58,3.2718070854421,-0.810906614721389,0.693255321117421,2.23594641491878,0,0,-0.182838561994985,-0.986732676018176,0.937577072866234,-0.0704314950153091,14
58,3.72194105388509,3.78622457691548,-1.76040008564344,3.46737618811357,0.126270116580271,-0.00281390118897475,1.50224134547516,0.0950530363928054,-0.818699796972917,-1.54078451234284,15
58,3.98035129502828,4.51424207874961,-2.61522652108318,3.46737618811357,0,0,2.11562521237365,0.494875432083611,-1.12289538555533,-1.81333198211966,16
58,4.02619827329562,4.51777893871597,-3.03970633014811,3.98826485664333,0.129824938682827,-0.00461857456504011,1.69761699255491,0.467609769177165,-0.832021278070328,-2.22978584905326,17
58,4.49300387019946,1.38236860893192,-0.395138059763599,3.98826485664333,0,0,0.79061533798038,-0.307022158658788,0.374264920370222,-1.07864144395073,18
58,4.601369455195,0.846366752182326,-2.02255753435444,3.98826485664333,0,0,0.495552834496441,-0.475710607904747,-0.804021910144497,-1.68363780856395,19
58,4.83060434653171,0.406250771855728,-1.06009965210087,3.98826485664333,0,0,0.553773081553017,-0.401398535384297,-0.270446389223888,-0.425987591984243,20
58,5.11818993748139,1.22721684787211,0.347152108395153,3.98826485664333,0,0,1.04311334811701,-0.41172862669075,0.644915350803435,-0.319293938811065,21
58,5.45579041381364,0.0944941529798853,0.0535497715616111,3.98826485664333,0,0,0.281264184893398,-0.726396843229431,-0.106024911704229,-0.377840875249908,22
58,5.59333134861566,-0.714962989166159,1.24460609714237,3.98826485664333,0,0,0.193156470673894,-0.954366860271701,1.18212888113164,-0.0526063434686093,23
58,5.91842810360226,2.54619938847679,-1.94891016283887,5.81492257187179,0.128748930536553,-0.00407231846614468,1.27653276237897,-0.15833550736359,-0.340781856673032,-1.14324420097673,24
58,6.16016671628461,4.86904367617464,-4.10913146365394,5.81492257187179,0.124782111467124,-0.00205848695622995,2.0054806749519,0.507194825303749,-1.44153259659146,-2.87370639211109,25
58,6.26436439416493,8.34120569052179,-4.10115758665202,6.18587913647151,0.25223177734774,-0.0054712088897252,3.71116667808479,1.55709050162781,-2.29591924096894,-2.84513095420737,26
58,6.70199464126228,4.81598262893285,-2.0188286526478,6.18587913647151,0,0,2.08838196228971,0.50585565469179,-0.676108429022678,-1.43516054835025,27
58,6.9687406966359,1.04390777555077,0.339492181166349,6.18587913647151,0,0,0.465786617224137,-0.317041339345862,0.539621839366944,-0.0177995006783452,28
58,7.15212860970527,2.08504202287251,-1.78066125647917,7.10584607230177,0.129687933464498,-0.00454902124766875,0.78664792223237,-0.207489666560578,-0.859208000668637,-1.51429186650287,29
58,7.2604941947008,3.80611049901293,-2.45745981497095,7.10584607230177,0.127909704226478,-0.0036462691915,1.63072175648509,0.389603572904482,-0.751805532591573,-1.84980743231112,30
58,7.73563560583507,2.83088913957614,-2.47612312006169,7.10584607230177,0,0,1.67050888996864,-0.0906722039326553,-1.33965972790834,-1.55200869956529,31
58,7.9398630544805,1.44227295131586,-1.76306365532744,7.10584607230177,0,0,0.795783574203956,-0.166436601012663,-0.408208055699147,-1.47831957748102,32
58,8.164930038702,0.613631132544312,-2.10255688079124,7.10584607230177,0,0,0.93211366203799,-0.549874624754384,-0.588794159576952,-1.64934708692452,33
58,8.4566835367669,0.997328371006052,-1.40173789784761,7.10584607230177,0,0,1.31782846243862,-0.476466611289982,-0.560071340158517,-0.596330305228529,34
58,8.69425424233403,3.83231121790629,-1.02058100203832,8.58366828273015,0.128632743982863,-0.00401333414172621,1.81959888880228,0.352517310981775,-0.0663555313765083,-1.09412986689944,35
58,8.86097052694254,4.16036519560432,-2.03017134257908,8.58366828273015,0.1258970066936,-0.00262448482454357,1.8581627018087,0.261991771481828,-0.672877063176942,-1.62383798624987,36
58,9.01935099732063,2.65145068848302,-1.31813269043608,8.58366828273015,0.123298056268751,-0.00130507797321865,1.08684749514343,-0.033117711706863,-0.304488795885105,-1.08810989684549,37
58,9.26108961000298,1.75732595577854,0.627247199777651,8.58366828273015,0,0,0.722387010517963,-0.0243962148118246,0.0959697524831525,0.0399177205837227,38
58,9.55701101518309,2.48373234945515,-1.3889256787256,9.2965591088009,0.126173512960801,-0.00276485851536057,1.26837001648892,-0.196431081100702,-0.131690569963055,-1.44047612657767,39
58,9.84459660613278,3.19057258053463,-1.96951771173066,9.2965591088009,0,0,1.26190192614134,0.194374463510478,-0.5570081891564,-1.25654724428755,40
58,10.1155105686216,0.630261277985966,-0.303455588668755,9.2965591088009,0,0,0.470192275517639,-0.581836832992981,-0.0279998301188202,-0.288554330712288,41
58,10.2655552247693,-1.23415293581495,0.723545650910357,9.2965591088009,0,0,-0.53060574231272,-1.10052070220269,1.17614932085594,0.093629537438005,42
58,10.7448645430188,0.461773063907075,0.671383351877736,9.2965591088009,0,0,0.378463165542548,-0.438702940103851,0.927222028756722,0.314783813174244,43
58,10.8990771062816,0.648290779212236,0.996876527100261,9.2965591088009,0,0,0.298343687571929,-0.572258734957672,0.950420338946367,0.363208518782504,44
58,11.0866329264662,-1.21080618982742,1.90430290108261,9.2965591088009,0,0,-0.0933989807893021,-0.950896977707325,1.19037514753418,1.07781658517218,45
58,11.4867520095266,3.40262266597119,-0.414492120695448,11.2063369722392,0.125845927195772,-0.0025985533413226,1.31041761798513,0.118727228248163,0.175777321545152,-0.47332746179026,46
58,11.6451324799047,5.93501729375104,-2.21692558371346,11.4933993548656,0.251204514758905,-0.0049496994046084,2.8261394339523,0.889278797926202,-1.34864236271992,-1.47584906901763,47
58,11.8827031854719,4.61978824361745,-1.98178670501446,11.4933993548656,0.124059112350633,-0.00169144263762162,1.7499174466495,0.456514485609911,-0.621255240965007,-1.94830286028099,48
58,12.2161357546889,1.60329943447993,-1.41696354326495,11.4933993548656,0,0,0.621067370717715,-0.305059614725638,0.290736745091021,-1.26986919903306,49
58,12.453706460256,-0.249730542656782,-0.820893445670775,11.4933993548656,0,0,-0.0872036514294397,-0.875868620853951,-0.0647164650203547,-0.937819069374306,50
58,12.5537362310211,1.13750238621827,-2.07519804727372,11.4933993548656,0,0,0.446823941977982,-0.350453191692844,-0.0444026814868869,-1.68816166761342,51
58,12.9121762429294,3.63481051504091,-0.681819733984191,12.7305229502748,0.127466561845755,-0.00342129949308158,1.88875911883444,0.313434055613971,-0.00643281232019759,-0.666011269002849,52
58,13.0747246204227,5.79671214420631,-2.23055700379556,12.7305229502748,0.124799217988724,-0.0020671714088282,2.60485310245021,0.734183524904219,-0.339466490393375,-1.62120261034547,53
58,13.4081571896398,0.876754017485162,0.09389582436094,12.7305229502748,0,0,0.498211372459237,-0.571305991178269,0.41332914658177,-0.416235792623335,54
58,13.6248883596308,1.27618737765915,-0.804405979564687,12.7305229502748,0,0,0.79322328094356,-0.225286179326124,0.154159305039898,-0.749076088283113,55
58,13.9291455790414,0.884340752996523,0.3977958587107,13.8214139510412,0.128679582247125,-0.00403711248172373,0.731602136568825,-0.331183686778319,0.646650932843048,0.217475516965319,56
59,0,-1.11434145983788,1.23443779308746,-Inf,0,0,-0.728232179690324,-0.525661071125092,0.825089662556561,0.351791262654505,0
59,0.141708841917237,-1.42497962798436,1.68899579077411,-Inf,0,0,-0.792062611754615,-0.449372129425413,1.26690786865693,0.83546685570008,1
59,0.483477225364692,2.51574212735471,-1.32881226236334,0.28953451635316,0.127264898194992,-0.00331892108682057,1.16604296045335,0.621017905722867,-0.0449963540337473,-0.918811360155467,2
59,0.725215838047038,3.07572421195051,-1.60700881706537,0.28953451635316,0.123298079125563,-0.00130508957690584,1.10588216086425,0.637112071876733,0.0450959152298525,-0.83100057902339,3
59,0.758559094968741,2.62956957002978,-1.96819052386513,0.28953451635316,0.122750931667711,-0.00102731971346939,0.857974609629011,0.493172881674905,0.331833570101901,-1.6045284542054,4
59,1.04614468591843,3.79385815112099,-2.79207164107906,0.788094443802793,0.126212923162999,-0.00278486585768109,1.30538120202592,0.828356668074941,-0.318360464312257,-1.96368245005122,5
59,1.31705864840726,1.89480936045833,-2.49660932195716,0.788094443802793,0,0,0.613830550450839,0.447015044565363,-1.00511674570374,-1.64718976008454,6
59,1.69633819589163,1.68474150317239,-0.533355682054602,0.788094443802793,0,0,0.845192156346907,0.24452144981121,0.39274786409899,-0.650567130146985,7
59,1.96308425126526,1.15703549433414,0.591236916358989,0.788094443802793,0,0,0.369955578234638,0.313939995098678,0.508385563769185,0.0575613980196718,8
59,2.08395355760643,-0.204013553447456,0.398358700462626,0.788094443802793,0,0,-0.465508179944771,-0.214413255821468,1.19712468265757,0.251171252046123,9
59,2.27567728490622,-2.35619140725161,1.70303142506228,0.788094443802793,0,0,-0.674166837797826,-0.562047614547348,2.45455117122745,0.466183202147716,10
59,2.57576659720155,0.400985594318954,0.160781353918575,2.51314987681914,0.129419897060183,-0.0044129474446182,0.180865461303644,0.0475353407913161,0.719743167682238,-0.0696487242528983,11
59,2.97171777314677,5.73398798956998,-3.12065497730147,2.92637876062117,0.252625937270499,-0.00567131170724823,2.19486451628979,1.36935525683082,-1.02900073853771,-1.89180648888744,12
59,3.03840428699018,5.41627280131731,-3.11644939803722,2.92637876062117,0.128609121356595,-0.00400134166406521,2.18666305496712,1.34182993960397,-0.953241600523163,-2.25054578861359,13
59,3.25930336409646,4.15409566476339,-1.5240951407999,2.92637876062117,0.124984269448323,-0.00216111631879796,1.71838973305172,1.00373686029016,-0.277765117486573,-1.45012074024316,14
59,3.60523965465912,0.980443951780833,-1.84715890431975,2.92637876062117,0,0,0.361974357556587,0.0970186083685831,-0.242513351984609,-1.4468997400258,15
59,3.78862756772849,0.60793543418785,1.51471667781724,2.92637876062117,0,0,-0.129083377126631,0.159904727729183,1.11186699116176,0.629100800746286,16
59,4.03036618041084,-0.506540183899624,0.24071705909318,4.01493641053541,0.130194213140759,-0.00480604380077426,-0.0284408075039577,-0.232795224856658,1.09001393331096,-0.243151599623319,17
59,4.38880619231914,2.77858308959747,-0.73512759801916,4.01493641053541,0.124312377968874,-0.00182001776883248,1.00249589754097,0.591076569860728,0.183230580000757,-0.859798368536155,18
59,4.68055969038404,2.66759961441291,-1.79485146934314,4.01493641053541,0,0,0.64787385155295,0.595284996593702,-0.19499744690763,-0.994987257733181,19
59,4.8931229532599,2.47361819699983,-2.99737343456094,4.01493641053541,0,0,0.889570410356396,0.594433285592769,-0.609359706911958,-2.07028555185325,20
59,5.14736528728788,0.58005941907053,-1.0926408556476,4.01493641053541,0,0,0.348138488967571,0.0472458129135208,0.325471135919343,-0.544770280097382,21
59,5.33908901458768,-1.28913308312004,0.690260237534361,4.01493641053541,0,0,-0.435821364689657,-0.209556139428247,0.983196543068132,0.0511550507894643,22
59,5.56832390592438,1.28735001514896,-2.10105616206233,5.53420099135524,0.129887467263402,-0.00465031839395577,0.52330868408139,0.226122577128864,-0.286085521445554,-1.45930921915255,23
59,5.84340577552843,3.32329424079866,-0.99457397343459,5.53420099135524,0.125373500736146,-0.00235871702060597,0.929697815837872,0.821950760789454,0.348086220717329,-0.776119264060947,24
59,6.21434950878238,0.447465392307474,-1.51361930678937,5.53420099135524,0,0,0.0848070371076824,0.14113773215409,0.256131123416853,-0.946934030402971,25
59,6.36439416493004,-0.422469723747216,-0.838726625255843,6.31252515731702,0.12959626206657,-0.00450248251059084,-0.136969723838746,-0.138168838486956,0.286163694065383,-0.498600045323488,26
59,6.69782673414707,1.77959330344128,0.865698116370022,6.31252515731702,0.124124787488047,-0.00172478387622534,0.676545758091793,0.50408683549613,1.4900282722982,0.300994580396464,27
59,6.94790116105984,1.08540402607803,-2.07028452335249,6.31252515731702,0,0,0.343815826068862,0.293321104442337,-0.146040531278597,-1.4922227212889,28
59,7.24382256623995,-0.0898008153457763,-0.904007154398401,6.31252515731702,0,0,-0.203277730219029,-0.164208806521255,0.495289186928739,-0.621723332298825,29
59,7.40637094373325,0.435711706128041,-1.29065337168577,6.31252515731702,0,0,-0.0226429992085959,0.0681170485604298,0.313860138139807,-0.902818467267439,30
59,7.6481095564156,1.18085796167631,-0.575660510923969,7.60961211918531,0.129815683365442,-0.00461387592629314,0.549721463829807,0.260101525684034,0.508450368797493,-0.79972510171057,31
59,7.83983328371539,1.57780215250564,0.0303033623314277,7.60961211918531,0.126669585482791,-0.00301669921153283,0.691213898139577,0.466738213412779,1.39483279265951,-0.00900140231597485,32
59,8.08573980351295,3.32069223103531,-1.45073748519496,7.60961211918531,0.122634372981106,-0.000968146468688161,1.32575047045791,0.680984614401995,0.190238728855999,-1.62385677383752,33
59,8.3274784161953,2.89510596187455,-1.05639702409548,7.60961211918531,0,0,0.843307653915253,0.684812128756503,0.13905153030011,-0.993632922762559,34
59,8.53170586484073,1.97134875392582,-0.612757562786615,7.60961211918531,0,0,0.79794650206496,0.439236060672939,0.373813457789082,-0.293464317738007,35
59,8.94016076213159,3.42726341893665,-0.143589711595745,8.56782372368929,0.124337529579705,-0.00183278646475282,0.90987120309685,0.802893167724446,1.2485255212027,-0.26993971783372,36
59,9.0735337898184,3.92414985787368,-2.53620880721765,8.56782372368929,0,0,1.04815235194712,0.770126125399105,-0.00319981518229456,-1.47036598665225,37
59,9.48198868710926,0.962506396128119,-0.398783680698074,8.56782372368929,0,0,0.324678761234721,0.0960209363704998,0.825810514466808,-0.60580945676331,38
59,9.5611789222983,0.137452644164685,0.848793356627394,8.56782372368929,0,0,0.0298909930319481,-0.0792467133751336,0.75427199162861,0.0452057552790291,39
59,9.77791009228937,-0.649791965265298,0.636679094015456,8.56782372368929,0,0,-0.475004309311987,-0.116261558889933,1.1896512162743,0.615383085619269,40
59,10.2155403393867,4.10851967946049,-1.93047663566023,9.85570593639993,0.124542692057444,-0.0019369411174078,1.39277251953017,0.928106226606182,-0.0830822201755246,-1.28359926809133,41
59,10.3030663888062,3.3197134375953,-2.5783942234976,9.85570593639993,0.123106429980582,-0.00120779522588699,0.909651051840847,0.788208406402923,-0.723340012200825,-1.93290968656492,42
59,10.553140815719,0.329859227505452,-0.158404758969926,9.85570593639993,0,0,0.0332220312403644,-0.0309427915925329,0.429918994728561,-0.672721862207437,43
59,10.9074129205121,0.131742336101729,0.733392365012678,9.85570593639993,0,0,0.00198072281295278,-0.110861183971262,1.30481414509639,0.257996827889694,44
59,11.0949687406966,2.00172768632347,-0.972729639841374,10.9085190490873,0.127387855152441,-0.003381342536093,0.658008694707749,0.285619353789147,0.335363869029561,-0.813873775749815,45
59,11.4200654956832,4.54726532383237,-2.36424926875309,10.9085190490873,0,0,1.65560531950908,1.08614588439613,-0.398290652713033,-1.51652495476589,46
59,11.5992855016374,1.46483615614373,0.0866825273502279,10.9085190490873,0,0,0.609136202223473,0.441025298403637,0.451218829625907,0.123790723616372,47
59,11.8743673712414,2.56186706964534,-1.09844463131525,11.7412695650047,0.128263334968998,-0.0038257965961392,0.79835246442873,0.554831986587617,-0.155742828196434,-0.897608650791324,48
59,12.0202441202739,4.49924110846836,-1.81337943984999,11.7412695650047,0.125869564840946,-0.0026105534436065,1.86715499355266,1.12719731085479,0.243270558440851,-1.3379494077492,49
59,12.2828222685323,2.01473697156387,-1.02083316803977,11.7412695650047,0,0,0.503962429932948,0.356287082840912,-0.481684348538223,-0.762884239928057,50
59,12.6871092587079,1.98943769251811,-0.554586494673108,12.6379864339502,0.129641325659808,-0.00452535990491491,0.775804301889194,0.432424821469848,0.829311099180763,-0.349105201952388,51
59,12.9663590354272,4.7545175619725,-2.26144830307461,12.6379864339502,0.125058965700297,-0.00219903729863448,1.84224468860399,1.13506933131211,-0.520525174787452,-1.44055528907545,52
59,13.1164036915749,4.78706574318523,-2.48685551271722,12.6379864339502,0.122596802139961,-0.000949072913170299,2.02591071904517,1.22103886999724,0.0306763737400533,-1.81799092070155,53
59,13.2997916046442,2.50752133505944,-0.915289453175772,12.6379864339502,0,0,0.883965297114021,0.531580233776246,0.451548178894602,-0.616622852593662,54
59,13.5373623102114,0.620356905209419,-0.0696188064271713,12.6379864339502,0,0,0.349441259628382,0.0741110552485985,0.966239263102664,-0.181817723811238,55
59,13.9958320928848,2.79628746632782,-0.776879708439471,13.6894362437073,0.125419594063101,-0.00238211717890505,1.37195627884418,0.682623838543133,0.219580922740923,-0.634937984615127,56
60,0,1.88595815737268,0.106631074260337,-Inf,0,0,0.773161193049732,-0.181684000305303,-0.360887841368975,0.344730070992957,0
60,0.208395355760643,-0.45501711128612,-0.726064977883446,-Inf,0,0,0.0437503018253346,-0.626963469980211,-0.715199891467279,-0.544033278834408,1
60,0.462637689788628,3.33544801310642,-1.94887666406733,0.335018121404573,0.128353230323924,-0.00387143369103422,1.66619611766607,0.185869763856383,-1.15459460659288,-0.92811862398897,2
60,0.675200952664484,4.782679219535,-1.14311187715875,0.335018121404573,0.124865165280115,-0.00210065081162643,2.14583448922502,0.695802139040457,-0.573930245668574,-0.309570723833382,3
60,0.891932122655552,4.37559385623784,-1.59787263878602,0.86906044226892,0.130072094823806,-0.00474404810337661,1.71462204985571,0.658850678879261,-0.385292925546611,-0.444938196764131,4
60,1.00863352188151,4.21403919614111,-1.71723102316659,0.86906044226892,0.12815707872132,-0.00377185358134816,2.0604957518103,0.40148979434043,-0.614002369170386,-0.859847899300205,5
60,1.37124144090503,6.57912581294081,-2.49939735659237,0.86906044226892,0.0576207881889405,-0.000669550373911337,3.00089180692437,1.2092295326708,-1.43408421294029,-0.904344596259671,6
60,1.50878237570706,3.69999195728899,-2.22837611654941,0.86906044226892,0,0,1.42006243495766,0.256130918784893,-1.29762734415617,-0.829415952506685,7
60,1.80053587377196,-0.653335401675639,0.509933570129924,0.86906044226892,0,0,-0.207534841018397,-0.70834058805995,0.411477470310482,0.376619198757404,8
60,2.1381363501042,0.381311530964755,-0.977122282911313,0.86906044226892,0,0,0.320656350136715,-0.592006348096168,-0.544322828275955,-0.321162647882898,9
60,2.36320333432569,3.32247445032281,-2.68074612741909,2.22546935781944,0.128187257554539,-0.003787174442772,1.59696817359099,0.152171584337495,-1.23952960929125,-1.23634581659625,10
60,2.50074426912772,4.70285321841906,-0.667450852718892,2.22546935781944,0.125930274290898,-0.00264137375609633,2.05976389233209,0.592544214220548,-0.0516519969679705,0.264216150687911,11
60,2.94254242334028,0.982320472158428,-0.874739975229297,2.22546935781944,0,0,0.689659066191947,-0.545396212658582,-0.639699990733229,-0.430502528552495,12
60,3.23429592140518,0.932833225945339,0.95971820705588,2.22546935781944,0,0,0.579124685695675,-0.359346980072,0.280140306889046,1.1456120911369,13
60,3.35099732063114,-1.00644938598872,1.14796528540156,2.22546935781944,0,0,-0.0633551293236438,-0.791835133804062,0.386297888073383,1.30268849854543,14
60,3.65525454004168,0.68611886658987,0.0172714566390302,3.63021757816359,0.130036563553833,-0.00472600997513972,0.721214367198194,-0.447556957399156,0.00258985345787267,0.364112683529778,15
60,3.97618338791307,2.38314087445181,-1.16528073654534,3.63021757816359,0.124770269272005,-0.00205247503956317,1.46018537750456,0.0317592969175371,-0.862162167952808,-0.554622542810375,16
60,4.20125037213456,0.629206341173937,-1.32362658375116,3.63021757816359,0,0,0.616142679204555,-0.380477897336527,-0.667649752818112,-0.308094769334723,17
60,4.49717177731468,2.63058545477427,-1.08897931631721,4.42318051275081,0.12923324603964,-0.00431819048697205,1.83444263019211,0.0413687255011643,-0.356254129997491,-0.9022048034753,18
60,4.61804108365585,2.35966466357463,-0.439955533577958,4.42318051275081,0.127249836504925,-0.00331127473201433,1.43232372431057,-0.0226200353807706,-0.0555963064069065,-0.0922016499431459,19
60,4.81393271807085,5.14062053259835,-1.69723603458845,4.42318051275081,0.124035345190043,-0.00167937678432475,2.12128225729397,0.724458972812071,-0.722958777193114,-0.575791612349332,20
60,5.24739505805299,2.94744673160039,-2.44357639733861,4.42318051275081,0,0,1.25129228135758,-0.0121203822311,-0.925520512805283,-1.20140958951947,21
60,5.35159273593331,3.49314782785319,-2.22331101557011,5.25468393810129,0.128857179895371,-0.00412727332188707,1.51698950132296,0.452080639110256,-1.29510413560192,-1.24397298701514,22
60,5.55582018457874,5.2796979956436,-2.13473913080314,5.25468393810129,0.125505901716026,-0.00242593290833809,2.2252974415322,0.828783245657112,-0.897608844097097,-1.38676629223918,23
60,5.80589461149152,3.29809179372194,-2.52002858771059,5.25468393810129,0,0,1.44985130771848,0.431791094004022,-1.63618558705225,-0.979493626948826,24
60,6.23102113724323,1.42760187552474,-0.646484238990522,5.25468393810129,0,0,0.884767636914138,-0.167235476212918,-0.362537298523938,-0.209087973887448,25
60,6.3852337005061,1.83053088882887,-1.77092750905586,5.25468393810129,0,0,0.876745421659045,-0.139176728623749,-0.251154364125234,-0.662247302004445,26
60,6.53527835665377,3.97851265349905,-1.51830601367041,6.40286419825951,0.128274553314609,-0.00383149180366883,1.52953249966968,0.502220219059955,-0.440514551776912,-0.605992084525185,27
60,6.97290860375112,2.38582846837257,-1.08605662908981,6.40286419825951,0,0,1.42903152168421,-0.062520109827179,-0.898478551312496,-0.352913066494092,28
60,7.06043465317059,1.77845716905969,-0.275578729396057,6.40286419825951,0,0,1.07810204357801,-0.232258832289429,-0.24145103188831,0.167012413122312,29
60,7.31050908008336,3.1115502589394,-1.22283231765326,7.21141589359524,0.12882133508564,-0.00410907601920221,0.932236617100368,0.365558755647819,-0.404238184988844,-0.387747074906152,30
60,7.57725513545698,5.78526623852253,-3.21598837680496,7.21141589359524,0.124444155422822,-0.00188691711171005,2.23193997243211,0.994344058219127,-1.3863424269603,-1.55679254887324,31
60,7.88151235486752,2.85126842295835,-1.43445130811984,7.21141589359524,0,0,1.29914168869658,0.105273741774297,-1.10288819907401,-0.889020319965188,32
60,8.03989282524561,0.752079692223056,-2.48620678594459,7.21141589359524,0,0,0.350670247726854,-0.535215322516135,-1.02581087028824,-1.34535939158699,33
60,8.3941649300387,-0.389090326793307,-0.713429905410773,7.21141589359524,0,0,-0.158241773009051,-0.582460447559089,-0.635942254012248,0.202259560979806,34
60,8.64423935695147,-2.28227966049594,1.51968270296385,7.21141589359524,0,0,-0.756519875199251,-1.24722742980699,0.576520662268001,1.47963699467392,35
60,8.93599285501637,1.96332840270089,-0.363347699794945,8.84976783055776,0.129032495685791,-0.00421627573331673,1.16907887246127,-0.0731887151290158,-0.470815498783587,-0.122997535100729,36
60,9.1068770467401,4.15448378458854,-2.07828805678279,8.84976783055776,0.126228364964297,-0.0027927051832044,1.66882141380618,0.275512708286889,-1.18294605311165,-1.02935526322789,37
60,9.3319440309616,5.60466487332,-3.06431053107982,9.26935751394619,0.251955512307226,-0.00533095766227136,2.49938650076864,0.780769135326021,-1.53206265152888,-1.6176354515373,38
60,9.59035427210479,4.44982227670463,-2.73962146812367,9.26935751394619,0.12517999988513,-0.00226048261563183,2.36769900310864,0.51993530076919,-1.50683257483306,-1.06856866749854,39
60,9.87793986305448,2.16362140559551,-1.95018574538917,9.26935751394619,0,0,0.990308015747052,-0.0979224312297836,-0.712139434176694,-1.17555749282675,40
60,10.2072045251563,0.855819970745832,-0.846311281934861,9.26935751394619,0,0,0.866790357317212,-0.433191654850396,-0.30055262376621,-0.141613163001918,41
60,10.3030663888062,1.41329612060892,-0.523964742219247,9.26935751394619,0,0,0.562466729134623,-0.394867097426294,-0.359770776435092,-0.109057993403013,42
60,10.5698124441798,-0.907326714682358,-0.890338386175312,9.26935751394619,0,0,-0.135799991030324,-0.959908530521683,-0.651433459282044,-0.449381634721593,43
60,10.9991068770467,4.11046765045885,-1.67493860716547,10.6956296068903,0.125467486597833,-0.0024064307394539,1.90797254119173,0.334789559496524,-0.602830751980234,-0.847853402107218,44
60,11.1491515331944,2.80177236693263,-0.238221591688713,10.6956296068903,0.123005323037548,-0.00115646635399057,1.50431494806354,0.164988298513282,0.0940399462601783,0.167500130622303,45
60,11.4200654956832,2.91874369324592,-2.46120893225789,10.6956296068903,0,0,1.38642046948051,0.259686491708252,-1.32695809957351,-1.31572823888696,46
60,11.5617743376005,-0.00721656377538881,1.0344277767043,10.6956296068903,0,0,0.199630692555794,-0.848921419654211,0.842970517441465,0.742218103653535,47
60,11.7534980649003,0.729055613310595,-0.75307832616273,10.6956296068903,0,0,0.459257576773995,-0.424812885575531,-0.396269858625305,-0.0591641790797681,48
60,12.1536171479607,0.00402276938888471,0.0867169986163287,10.6956296068903,0,0,0.0666262344776972,-0.526755084468651,0.501173582047189,0.420904007777134,49
60,12.3328371539149,2.69380545193527,-1.19459325394133,12.1570658740856,0.127563082961563,-0.00347030028214787,1.25193600499925,0.105420388649413,-0.810840538924792,-0.138892938661245,50
60,12.6370943733254,7.50354226064036,-4.39025034530566,12.5264470394486,0.251202099267978,-0.00494847313452615,3.16556918017163,1.27651955865087,-2.5401231963964,-2.25231044941461,51
60,12.766299493897,5.19901863610531,-3.50251259393722,12.5264470394486,0.12651154046019,-0.0029364646354212,2.53735448912955,0.66674079043824,-2.05144202169158,-1.80970924710024,52
60,13.0330455492706,5.32854104819935,-2.038087946433,12.5264470394486,0,0,2.30203882918717,0.489293937298687,-1.07233266217178,-0.914075343674045,53
60,13.470675796368,-0.860364861638972,-0.576086267775893,12.5264470394486,0,0,0.00776576894298744,-0.734763684522585,-0.0469166432402266,-0.072344516231832,54
60,13.5623697529027,0.259484251216337,-1.53210353181625,12.5264470394486,0,0,0.177320054653549,-0.544355200825131,-0.916475345936426,-0.661641933355877,55
60,13.8082762727002,-0.0971095129920298,0.71712196589189,12.5264470394486,0,0,0.111234905119375,-0.455851375394506,0.988428113422911,0.595858801541853,56
61,0,0.856676144185379,-1.53491297362047,-Inf,0,0,0.296254920827862,0.6189480612881,-0.557864718437414,-0.301474806041803,0
61,0.129205120571599,0.481404769779136,0.0936273966970118,-Inf,0,0,0.224543952060268,0.502869772907207,0.23795837719434,0.604171572987381,1
61,0.258410241143197,1.35590558754432,0.413580923803526,0.135767463734373,0.12843489716699,-0.00391289342464071,0.418158479107717,0.608400962397369,0.535666121201365,1.10727229560344,2
61,0.662697231318845,1.80237032484196,0.319116116535249,0.135767463734373,0,0,0.723983141975396,0.827084637437081,0.722392530359856,0.604686971069922,3
61,0.941947008038107,1.99996812737275,-1.24780148393386,0.763090373154801,0.127512453709069,-0.00344459737454041,1.00350202687742,0.916815996730712,-0.422381871017772,-0.120876104219585,4
61,1.02947305745758,4.19361627626986,-2.02972706591662,0.763090373154801,0.12607619163221,-0.00271545148301885,1.51840739984017,1.43439953816773,-0.764178528086634,-0.621520745517336,5
61,1.4587674903245,1.98723831242302,-1.24854358688288,0.763090373154801,0,0,0.467625069686359,0.832507586229161,0.291947319396645,-0.0277377404086623,6
61,1.5879726108961,0.448305638926217,-0.540210485632265,0.763090373154801,0,0,-0.367152816938133,0.434513445046903,0.160611856337301,0.255024617021359,7
61,1.92974099434355,4.48962162528399,-1.27097596952963,1.71165225484516,0.126868672978324,-0.0031177697833764,1.57240333044162,1.40224600756302,0.0988936330827883,-0.418511336196344,8
61,2.22566239952367,3.43775712480839,-1.06678581819128,1.71165225484516,0,0,1.1234920475658,1.22219780521655,0.0496108873330398,-0.048273573437206,9
61,2.35903542721048,0.702200622989783,-0.0604487771627957,1.71165225484516,0,0,0.466253903815491,0.436554705175598,0.653619495943906,0.684398614715738,10
61,2.51741589758857,1.75917101692864,-1.63432123296962,1.71165225484516,0,0,0.616152998588466,0.600133621711872,-0.476660379110781,-0.642238394911029,11
61,2.93003870199464,-0.640859033167146,0.9330699168802,2.90482114918458,0.130033600139971,-0.0047245055414651,-0.216719445823702,0.236243308600016,0.974229467997081,1.08455362422275,12
61,3.02173265852932,2.36749333303602,-0.822271000145155,2.90482114918458,0.12852894463089,-0.00396063841701515,1.1579946314213,0.859702859949807,0.610663210074496,0.0224728454076946,13
61,3.47186662697231,1.54647437855626,-3.0050719683892,2.90482114918458,0,0,0.556740008428268,0.739525709633738,-1.26129774965314,-1.2673018494801,14
61,3.65525454004168,0.714827803149724,0.0560148549988674,2.90482114918458,0,0,0.262211593413302,0.689711030235035,0.66514292687462,0.66990461591185,15
61,3.87615361714796,-0.640756768606032,-0.488430504981537,2.90482114918458,0,0,-0.120193726130134,0.372661483162033,-0.0478556212070336,0.45196961085507,16
61,4.07204525156297,2.22289739988849,-1.82530386974065,2.90482114918458,0,0,0.936445379853881,0.848122116919303,-1.11382408027715,-0.698795295041419,17
61,4.25960107174754,-0.416123930708503,-0.608475370343102,2.90482114918458,0,0,-0.140963333880824,0.239791136895295,0.277259440873307,0.384131738169151,18
61,4.52634712712117,-0.379607441138539,0.543016685225595,2.90482114918458,0,0,-0.207203172356251,0.195701337132204,0.964766029040837,0.634906945901833,19
61,4.78475736826436,1.76887275885004,-1.90187324662351,4.55578210734977,0.126690030186125,-0.00302707835589623,1.11908009982619,0.79013926702902,-0.595880566742956,-0.798769023228675,20
61,5.13902947305746,0.76485381237768,1.08962986850475,4.55578210734977,0,0,0.158525394124823,0.645112400281487,1.00984209747379,0.917473792254583,21
61,5.26823459362906,1.57326477299737,1.66909508050736,5.23033157551231,0.129825437508766,-0.00461882780356111,0.457668714091677,0.607027206895077,1.95759161726022,1.716463296173,22
61,5.69336111938077,2.83913825020706,-1.97450413531278,5.23033157551231,0.122849307421148,-0.00107726204474508,1.18352072641019,1.08657626289228,-0.56751198834196,-0.960280412128812,23
61,5.7683834474546,1.99553436548066,-0.939917298338962,5.23033157551231,0,0,0.790008690962111,0.836284827444479,-0.150745723726207,0.0194783586689172,24
61,6.13932718070854,-1.9993572385311,1.18870437177165,5.23033157551231,0,0,-0.611596965938263,0.0208401663827093,0.708494769649805,1.16692567894705,25
61,6.43524858588866,-1.75912406467178,2.09518566541834,5.23033157551231,0,0,-0.555873123816578,-0.0896282605992775,1.43574141322709,1.68430484319445,26
61,6.65614766299494,1.78994377153987,-0.208060079249847,6.52766434234889,0.128339056547938,-0.00386423810278043,0.653083665629323,0.779427093455877,0.761987206728583,0.244027938816557,27
61,6.98958023221197,3.93422933693459,-0.46878192599683,6.52766434234889,0.122867581969415,-0.00108653946841517,1.60262213279703,1.37529105146287,-0.130793084178286,0.404665188669182,28
61,7.24799047335517,0.582450282414398,0.0551113009392648,6.52766434234889,0,0,0.185259096922531,0.481186405521,0.638929465394628,0.370821248944265,29
61,7.37302768681155,-0.394715302698179,0.461953358021115,6.52766434234889,0,0,-0.17152607201292,0.167174806179552,0.637587680821249,0.839731413533383,30
61,7.52724025007443,-0.759030287662018,-0.0991575565872667,6.52766434234889,0,0,-0.436046344998536,0.187482901394353,0.216579994693048,0.990509113878415,31
61,7.94403096159571,3.44214245376501,-1.58694818169234,7.55647354408776,0.124087770183589,-0.00170599133419783,1.09209608188469,1.14790944754119,-0.00167271670594304,-0.557317324956505,32
61,8.05656445370646,2.16218780882026,-2.22995219950851,7.55647354408776,0.119519854681878,-0.000778771149161472,0.59836361272539,0.879326074671762,-0.537237561447794,-0.990784437923843,33
61,8.34415004465615,3.48746466280854,-1.78998935428941,8.24730012170935,0.12885814600504,-0.00412776378593556,1.45460084669989,1.17800306809622,-0.198516180350975,-0.353117840758577,34
61,8.50669842214945,5.10922181235258,-4.37765295627618,8.24730012170935,0.126190802148011,-0.00277363570168289,2.30436224243854,1.73054169297439,-1.67700094856902,-2.10894672240749,35
61,8.8151235486752,2.91289228857807,-1.98199912784155,8.24730012170935,0,0,0.990423919172228,1.06465171567741,-0.161790152255388,-0.95295936712271,36
61,9.08186960404882,0.688654420616836,-2.69522979434828,8.24730012170935,0,0,0.121264535432051,0.494170859463844,-0.596595145338455,-0.893698783860637,37
61,9.27776123846383,-0.177910594330807,-0.283836414708272,8.24730012170935,0,0,0.0236073148676065,0.22043584306806,0.636993674344276,0.368116618891524,38
61,9.60285799345043,0.313959154824128,-0.0879813993392846,8.24730012170935,0,0,0.129561880266916,0.377511346155936,0.00310821960246793,0.110331167133067,39
61,9.94045846978267,5.36325591368526,-2.54646855268033,9.60732994881244,0.124980923256365,-0.00215941756049037,1.93871808985061,1.74585252684301,-0.535164311975741,-0.902041419646276,40
61,10.0779994045847,5.09487047441856,-0.991393788313931,9.60732994881244,0.122723939992675,-0.0010136168738136,1.82843575803001,1.60926744992229,0.0235725345472963,0.0522485065377239,41
61,10.3614170884192,1.08579512499646,0.17766759703545,9.60732994881244,0,0,0.389409459401755,0.407157812370763,0.454172390998258,0.436104065462168,42
61,10.6948496576362,1.33072202628436,0.571337539425655,10.6923770372344,0.078011098460953,-0.00261526249279845,0.543304544809364,0.61998046079814,1.08007214852179,0.499541531786637,43
61,10.8699017564751,4.93785095021764,-3.80666617039878,10.6923770372344,0.127534309830101,-0.00345569305205723,2.47493834503583,1.4156760447557,-2.06652359801165,-1.84116550453312,44
61,11.0699612980054,5.29369008201431,-3.19478919696853,10.6923770372344,0.124251425082986,-0.0017890738714377,2.07780407551273,1.64119935468569,-1.00809298028622,-1.418593810254,45
61,11.278356653766,2.27057874719891,-1.61971978606177,10.6923770372344,0,0,1.2563126080387,0.900406681372978,-0.402391829111849,-0.396516830207188,46
61,11.6909794581721,-0.812537434460763,0.122268474690351,10.6923770372344,0,0,-0.153425510821138,0.163662695127474,0.745809025152543,0.361912475361978,47
61,11.8035129502828,0.346848146767726,-0.0520467570197242,10.6923770372344,0,0,-0.0571989511848915,0.535517971434416,0.449664718621364,0.450340272421225,48
61,12.2161357546889,1.28213125127576,-0.643174726848399,12.1521131225432,0.129396826696976,-0.00440123533384781,0.17118878052278,0.631764026803756,0.00150296762386611,-0.0598775159285032,49
61,12.43286692468,4.32582291062451,-0.16997450849134,12.1521131225432,0.125840368220987,-0.00259573122151206,1.78397569288432,1.48039539996172,0.148158582455743,0.491901387676172,50
61,12.6454301875558,1.70594241966433,-0.597442154804896,12.1521131225432,0.122352303177129,-0.000824948342103199,1.10830910158044,1.03812765539063,0.157165729244826,-0.496402973010966,51
61,12.8955046144686,1.16972215876396,-0.906103992348823,12.1521131225432,0,0,0.443505886324854,0.554266722476608,0.0732913637888647,0.271361674811595,52
61,13.1372432271509,0.866943361650927,-0.170265155571817,12.1521131225432,0,0,-0.0577769967943358,0.485635078504959,0.792530330321584,0.589705657095259,53
61,13.3789818398333,3.54918700626854,-1.32376867310594,13.2077313837148,0.127637267592304,-0.00350796152765052,1.3035847339384,1.2349369282982,0.0844797100018747,-0.643617991802858,54
61,13.5331944030962,3.93657166993472,-2.14022905327003,13.2077313837148,0.125106710599736,-0.00222327590925661,1.34980814169659,1.27419547724341,-0.74617941458331,-0.409836108801005,55
61,13.920809764811,5.08342105180253,-3.08547983800163,13.6685756753199,0.126308363543331,-0.00283331799071737,1.95107135420222,1.5955452545666,-0.837486740943784,-1.31998195677186,56
62,0,0.305255052302433,0.14416506473673,-Inf,0,0,0.249878968260719,0.434004750632289,1.81715226770402,0.3810770487364,0
62,0.112533492110747,1.80053589139735,-1.39217510712637,-Inf,0,0,0.897784610297781,0.73098630171217,0.391788073216313,-0.475880163244996,1
62,0.26257814825841,1.61185245573227,-1.87685730856966,-Inf,0,0,0.874576590151669,0.732269559834438,0.205332020635665,-1.0328001213005,2
62,0.529324203632033,5.16331551542518,-2.8384993688315,0.35594369469909,0.127602314408629,-0.00349021687598694,2.31299507355529,1.75654054430066,-0.451159755181436,-1.81413014345145,3
62,0.758559094968741,4.75855714226402,-2.47649267598472,0.35594369469909,0.123840675635895,-0.00158054906486094,2.37932072458939,1.49903988501478,-0.149264356380069,-1.3663915217155,4
62,1.17951771360524,0.560790675684764,-0.743191592453043,0.35594369469909,0,0,0.742244164464083,0.572866257158446,0.913927057848201,-0.31128260088028,5
62,1.27537957725514,-1.20913494553093,-1.20390154042714,0.35594369469909,0,0,-0.15293769528456,0.198391455171234,0.590128838855398,-0.602453627633245,6
62,1.51295028282227,4.79593355901059,-1.88760123792133,1.3071326931455,0.127070036883643,-0.00321999601814918,1.95789820023545,1.69138367641035,0.900991000610521,-1.31479005488747,7
62,1.78803215242632,4.68329670921809,-2.28447929167418,1.3071326931455,0.122556070356362,-0.000928394644797562,1.91424860812028,1.62435315058785,0.123725792772846,-1.75753956852231,8
62,2.0089312295326,2.2142255290773,-3.53817230557384,1.92734648552365,0.12910864054641,-0.0042549321270154,0.907174912642452,1.06743902188299,-0.748048882379052,-2.46824297180125,9
62,2.47990473355165,2.16711803424525,-0.464660998306433,1.92734648552365,0,0,0.916726421655011,0.976457762419266,0.897651927244815,-0.254533657981985,10
62,2.6883000893123,0.920840060075575,1.03678857233208,1.92734648552365,0,0,0.466574801762434,0.600341503819003,2.04963504994952,1.26296000270219,11
62,2.94671033045549,0.505375442400065,-0.185386349667411,1.92734648552365,0,0,0.268356643918945,0.567025434770561,1.11940828591104,-0.160764091881777,12
62,3.02173265852932,0.076802005513086,0.567507466873299,1.92734648552365,0,0,0.541474836809838,0.455417659941645,1.57042787814821,0.17683606394831,13
62,3.35933313486157,2.07925009734998,-0.410809587156254,3.30127169948,0.129494647184753,-0.00445089577388887,1.10248309293853,0.863533380356365,1.06519317587051,0.0197161379280441,14
62,3.74278058946115,3.07039287148917,-2.10030730990773,3.30127169948,0.123202451419451,-0.00125654234436851,1.42145846723316,1.1338027114076,0.190607042168309,-1.13177559024574,15
62,3.99702292348913,0.478202222654816,0.236546254409782,3.30127169948,0,0,0.234690512214886,0.569125378419255,1.37362041345832,0.226069511594848,16
62,4.02203036618041,0.0524346257203245,-0.586614812795777,3.30127169948,0,0,0.209658548224484,0.301422574167179,0.937708274600963,-0.274335561507936,17
62,4.45549270616255,1.03847768224129,-0.211413088603964,4.4443178354458,0.130264034072304,-0.00484148973099813,0.930306347750643,0.726035838949193,0.710448412326063,-0.17211475464897,18
62,4.60553736231021,3.54606505187106,-1.32085471916801,4.4443178354458,0.127801870511942,-0.00359152534553235,1.58017672510625,1.47600942113509,0.862288325035024,-0.359291615913173,19
62,4.90979458172075,4.5170007240996,-3.53782425784479,4.4443178354458,0.122809149959066,-0.00105687534167515,1.94218576936343,1.62906052217102,-0.520354107677927,-2.3058748231907,20
62,5.09735040190533,1.25073730336818,-1.70670860456435,4.4443178354458,0,0,0.791316399333946,0.528034891925195,0.828963824384118,-0.931742507675484,21
62,5.35159273593331,-0.719617314585991,-0.759664931225515,4.4443178354458,0,0,0.00285181590291557,0.241169099234143,1.03740503592394,-0.377612035963758,22
62,5.51830902054183,-0.0335007379101255,-0.725967100073014,4.4443178354458,0,0,0.404583203719259,0.563028116984673,1.12624071271923,-0.690434190079157,23
62,5.8642453111045,4.47255379011823,-1.64816498348513,5.5295811708927,0.124955724453289,-0.00214662490655036,1.99440118295952,1.47639899901311,0.141799317439737,-1.02681451084096,24
62,6.08097648109556,1.32632669387843,-0.768645455166375,5.5295811708927,0,0,0.815034685536393,0.874710493324181,0.826615121517327,-0.720528238648503,25
62,6.29353974397142,3.20919985058524,-2.29333722869937,6.14073099236792,0.127939887452346,-0.00366159228293896,1.47006258202715,1.36820311238671,0.112008049684671,-1.13350763269407,26
62,6.50193509973206,2.78107094851484,-1.2354748410883,6.14073099236792,0.124520215840743,-0.00192553063646,1.36417959641959,1.13114145675397,0.361047597132558,-0.803492066626399,27
62,6.8395355760643,0.572245013262941,-1.25081828014704,6.14073099236792,0,0,0.324694913281744,0.486997370749605,0.460180526213762,-0.513236843248275,28
62,7.24799047335517,0.100430450154862,-1.05865211206164,6.14073099236792,0,0,0.336200529558549,0.409435184177721,0.49035165968107,-0.684742291834009,29
62,7.44388210777017,3.67367753936242,-0.247328892167621,7.31222110459259,0.128286912244127,-0.00383776605042783,1.50232991113828,1.51987232380966,1.64491650170607,0.0931461931298389,30
62,7.55641559988092,3.94897695731806,-1.7159386093589,7.31222110459259,0.126440289573874,-0.0029002927613296,1.8535064365953,1.4188298343828,0.303005299018192,-1.22746844668253,31
62,7.97737421851742,-0.595014360984156,0.411100748426553,7.31222110459259,0,0,-0.292097490169308,0.140810741104095,1.30714571631834,-0.0233616785734685,32
62,8.21494492408455,0.636143404339701,-0.529187085510177,7.31222110459259,0,0,0.410287384101986,0.449376197282781,1.39894846611697,-0.161125897946927,33
62,8.43167609407562,3.97945888849348,-2.05673949957085,8.22328953289857,0.12702788124691,-0.0031985949035399,1.64911963833695,1.435609491832,0.384385802794561,-1.43185207357691,34
62,8.69425424233403,3.05403110850213,-1.07395191508934,8.22328953289857,0.122719095016374,-0.00101115722897831,1.79123169133893,1.19775518078641,0.600196546120147,-0.980799588610913,35
62,8.80261982732956,1.81760207975425,-2.49185902271088,8.22328953289857,0,0,1.38822476835633,0.787788721695072,-0.0131180500613336,-1.76276413465404,36
62,9.09437332539446,-1.11144855288504,1.31433520001301,8.22328953289857,0,0,-0.149506666111285,0.256872489914776,1.84804552863645,0.830834619309791,37
62,9.44030961595713,3.17075972840235,-2.44974944982223,9.43368967513804,0.130338778369754,-0.00487943510203862,1.44879679223402,1.24545358334867,-0.601020587855798,-1.27649712625153,38
62,9.74039892825246,4.75216149670061,-3.24700568610014,9.43368967513804,0.125414451249134,-0.00237950633111175,2.15838424705567,1.65654197312462,-0.632012636753246,-1.73039863819914,39
62,9.91128311997618,5.59093802751702,-2.61653698881281,9.43368967513804,0.122610320527641,-0.000955935780998951,2.65715154741966,1.80068615149844,0.107428917423789,-1.56212326088371,40
62,10.1363501041977,0.219201648011155,-1.56062224489958,9.43368967513804,0,0,0.139326652219863,0.4379749545756,-0.185371010152953,-0.587923611628863,41
62,10.3989282524561,0.0553564648463863,0.721642678361138,10.3403885647243,0.129486799284377,-0.0044469116372951,0.276282675027204,0.548859229462366,1.54138443936001,0.123576326121859,42
62,10.7406966359035,3.1971888509561,-1.50278968250538,10.3403885647243,0.123878537841392,-0.00159977053707153,1.27049284504769,1.32688630906939,0.565840896287597,-0.918112589382511,43
62,10.8448943137839,3.57737006490663,-2.42991784766361,10.3403885647243,0,0,1.46268495191133,1.47232682383374,0.0754004712812042,-1.60976622644633,44
62,11.0532896695445,0.472212106216834,-1.25043811619005,10.3403885647243,0,0,0.845670365042458,0.372797544572054,0.243597102916016,-0.808314122517261,45
62,11.4784161952962,2.29101533591226,-1.73847471263358,10.3403885647243,0,0,0.774580274639292,1.1531648795723,0.92620420807291,-1.10825779335412,46
62,11.6493003870199,0.984375193348339,-1.22990550004493,10.3403885647243,0,0,0.466588842658024,0.541412530163708,0.471663936297618,-0.762483673659468,47
62,11.8701994641262,-1.00643291284268,1.61626653223623,10.3403885647243,0,0,-0.34418119974008,0.305016455088053,2.17394502667281,1.19277372044336,48
62,12.0660910985412,-0.314348739131868,1.07839521328201,10.3403885647243,0,0,-0.189675900855424,0.480503586889729,2.01263594269478,0.823951834593382,49
62,12.257814825841,0.560649082376429,0.422557466983571,12.1985886097456,0.129475533670822,-0.00444119243325392,0.594588255428413,0.596634218752173,1.16175250984965,0.319488310496016,50
62,12.7412920512057,4.6219680446827,-2.2138792574311,12.6281242376444,0.12859037695092,-0.00399182570831484,2.29300911885916,1.66526194150992,0.276532742907488,-1.39231710536067,51
62,12.8955046144686,2.71187008833982,-2.83546834060193,12.6281242376444,0.126059819958352,-0.00270714008992115,1.44156345845067,1.04355379650959,-0.648468523695958,-1.51637562768829,52
62,13.1289074129205,1.52154802817953,-0.475875088695715,12.6281242376444,0.0988699315281094,-0.00081175299151312,1.37875190457741,0.8111228643507,0.889888103867871,0.0595094425276841,53
62,13.2997916046442,-0.430974159979654,-1.18058266197441,12.6281242376444,0,0,0.562722756922106,0.442753740499753,1.03996930916964,-0.563904803310914,54
62,13.666567430783,0.653341157665936,1.38329168077251,12.6281242376444,0,0,0.96457361761014,0.460555401497603,1.87566845506728,0.892707890699531,55
62,13.9666567430783,3.09030102483376,-1.09259099279174,13.7114229102037,0.12625913913887,-0.00280832828104684,1.24867955829779,1.41882369627455,0.739073080012527,-0.740690020545884,56
63,0,0.472278167842331,-2.46314790952253,-Inf,0,0,-0.772869680148912,0.477266726530103,-1.07328837494284,-1.47569256851296,0
63,0.191723727299792,2.41668711317014,-0.774563984887511,-Inf,0,0,0.0784902137630221,1.05717581871054,-0.159707428992705,-0.743814718243716,1
63,0.425126525751712,0.0905993344812669,-0.318199631412016,0.375464889337309,0.129632484009213,-0.00452087127200777,-0.799910438069761,0.426854458538348,0.126719811091852,-0.0129268957641962,2
63,0.666865138434058,4.95947831571756,-2.0937191875844,0.375464889337309,0.125665664939783,-0.00250703976209282,1.03513052205243,1.73662321742633,-0.877775187707055,-1.26603559704876,3
63,0.796070259005657,7.10430586652304,-3.81392834071369,0.687707923118097,0.252214701162399,-0.00546253983789957,1.77840217108273,2.17426495415416,-2.02241425462435,-2.25044173735868,4
63,1.24620422744865,3.2794760817983,-3.30887615027071,0.687707923118097,0,0,0.150302324358127,1.28262439475828,-1.32494824118471,-1.81599205483702,5
63,1.25870794879428,3.0106944189101,-3.28706374112589,0.687707923118097,0,0,0.386445775146099,1.19640787082255,-1.40073404058987,-1.94348604983347,6
63,1.5546293539744,-0.681182395047473,-0.339445232080393,0.687707923118097,0,0,-1.01257620060896,0.262152105933241,-0.226196900016649,-0.528035446458389,7
63,1.77969633819589,-1.2478825984461,1.12701969308029,0.687707923118097,0,0,-1.37375900140383,0.0232562843618496,0.966833808668208,0.510367483934545,8
63,2.1047930931825,-1.76687667830029,1.05674283817813,0.687707923118097,0,0,-1.41887947653303,-0.0112597751742144,0.659080319438716,0.489383316708066,9
63,2.44239356951474,4.51464786597921,-3.34290352783102,2.36228107362627,0.12913279945861,-0.00426719686049193,0.929838541972334,1.61480902602402,-1.25374687534291,-2.38665458635846,10
63,2.62161357546889,4.95865612316353,-3.26484243743214,2.36228107362627,0.126191881872654,-0.00277418384452036,1.39096153109578,1.54412272938542,-1.80891866121426,-1.88904980912477,11
63,2.93420660910985,1.94169556960685,-0.878001343392672,2.36228107362627,0,0,-0.25665554195662,0.90283155267366,-0.845954250229206,-0.647046422509116,12
63,3.21762429294433,5.03589065878621,-2.02422594033938,2.97658845378946,0.126492121663261,-0.00292660631206908,0.996179192455992,1.74705184210556,-0.889173052224431,-1.18552857992268,13
63,3.30931824947901,5.90932256269033,-3.40073206940196,2.97658845378946,0.124987466154181,-0.00216273918761889,1.34101219863193,1.88906716768563,-1.71291188095914,-2.03995076595288,14
63,3.53021732658529,2.12218706669587,-2.5390850645537,2.97658845378946,0,0,0.257986982655148,0.905750117543638,-1.179869887156,-1.93387976590368,15
63,3.88448943137839,0.92487896840264,0.26400149291779,2.97658845378946,0,0,-0.648379572637822,0.717116202495243,0.238060008378285,0.0331744578717392,16
63,4.00535873771956,1.58597697210266,-1.07631842496043,2.97658845378946,0,0,-0.560706414120051,0.814519526899528,-0.191143801180822,-0.935769061801271,17
63,4.48883596308425,-0.103751879040093,0.68146020325288,4.46386330795224,0.130037618797858,-0.0047265456899355,-0.771939922904166,0.30725823423213,0.685431319089481,0.364791909459957,18
63,4.5680261982733,1.2217942663234,0.911822530724742,4.46386330795224,0.128738143585459,-0.00406684226427367,-0.483873533063151,0.604756014694185,0.953649374918291,0.599077921389172,19
63,4.82226853230128,2.91268853477501,-0.167315489664222,4.46386330795224,0.124566144219335,-0.00194884705557047,0.60552780814755,1.17850512431158,-0.33184673555266,0.0319606978462098,20
63,5.0890145876749,5.99321837435282,-2.32303855202631,4.96692137829064,0.12844391532462,-0.00391747166471638,1.52366353826088,1.98185450420118,-1.09917634550796,-1.56293842940123,21
63,5.26406668651384,5.79944466811934,-1.68027114531259,4.96692137829064,0.125571391170922,-0.00245917988167563,1.37669339343397,1.78439873169965,-0.452176612688093,-1.18249167178033,22
63,5.70169693361119,0.606858516893969,-0.216658024234058,4.96692137829064,0,0,-0.578640382712387,0.602783026233875,0.488577196020425,-0.0879879931201545,23
63,5.8975885680262,0.491772138475877,0.731335766523311,4.96692137829064,0,0,-1.16478944298849,0.405675186938591,0.9969782027279,0.490675457612396,24
63,6.08931229532599,-0.784451446264596,1.70160707393092,4.96692137829064,0,0,-1.11405236535413,0.208516353993111,0.565330413963223,0.887044408321834,25
63,6.37272997916046,-0.449989529345047,1.1020836385781,4.96692137829064,0,0,-1.1600184743405,0.263747116628668,0.359564675844552,0.389799738106753,26
63,6.62280440607324,1.01621996511005,-1.38031515829227,6.58738894107608,0.129866257107429,-0.00463955065291992,-0.362407779025672,0.680440360820875,-0.937324772264781,-0.6798598502473,27
63,6.88955046144686,4.65889659222689,-1.77092724695231,6.58738894107608,0.12548907744461,-0.00241739174542775,0.854098557917496,1.50049309348446,-0.585661251279402,-0.966873340451524,28
63,7.21881512354868,-0.039591440492335,1.25953497835136,6.58738894107608,0,0,-1.04893678677004,0.210983709722703,1.00016914932151,0.670792107568838,29
63,7.33551652277464,-0.0836891982912939,1.30588684718297,6.58738894107608,0,0,-0.719287346117319,0.201422333441502,0.361116149631181,0.899405243570018,30
63,7.73980351295028,3.4273556915328,-0.462625670217274,7.37432025876971,0.124449997016378,-0.00188988270831664,0.132062430273001,1.3464968808916,-0.229313512176278,-0.284336192148783,31
63,7.9398630544805,2.11739261563722,-3.11742666757198,7.37432025876971,0,0,-0.14065716342468,0.82985645838208,-1.46033010815247,-2.03488596066164,32
63,8.17743376004763,1.13661180070029,-2.40497155983375,7.37432025876971,0,0,-0.570926921967211,0.752678285394414,-1.03768647621688,-1.37575490030366,33
63,8.25245608812146,2.80704097801104,-2.17964392873127,8.17980646873789,0.12925526181784,-0.00432936721752805,0.299429678905473,1.0358549063173,-1.20493030961876,-1.16203176588348,34
63,8.7484370348318,1.64806548240211,-0.0444360680282984,8.17980646873789,0,0,0.19178065731829,0.732710777444773,-0.00329111815820749,-0.328597514887599,35
63,8.99434355462935,1.91158094648866,0.772894077556985,8.17980646873789,0,0,0.198175769291633,0.741867994678181,0.979943116799131,0.317947531287729,36
63,9.20690681750521,-0.207933353715415,0.603540647322606,8.17980646873789,0,0,-1.0387437113539,0.230508350945314,0.421295193049946,-0.0340524640337058,37
63,9.30693658827032,0.281496146684584,-0.0357736363559895,8.17980646873789,0,0,-0.501103217798655,0.606342523332982,0.225941581886737,-0.240459427681457,38
63,9.53617147960703,-0.709551512745341,1.29708785762264,8.17980646873789,0,0,-1.53293667045743,0.175959538539866,0.0708559534642839,0.642861956826327,39
63,9.91128311997618,3.80597742971006,-0.0976193732841855,9.59099858895195,0.125191687203756,-0.00226641590626279,1.09234340214126,1.2758912367049,0.246372164489006,-0.314143279503383,40
63,10.2363798749628,1.10509732215565,-0.540879514239225,9.59099858895195,0,0,-0.45759050055198,0.746939909216664,-0.211678146053238,-0.462460746536965,41
63,10.436439416493,1.34615264335712,1.07342675827482,10.3203687297234,0.128542742141275,-0.00396764298685687,-0.281075513592173,0.757097209280926,0.578861762402125,0.424707952347572,42
63,10.5239654659125,2.93657234630004,-1.61777167620574,10.3203687297234,0.127106480064464,-0.00323849709533759,0.401500112233842,0.993119467527664,-0.174053641544096,-0.852885130725574,43
63,10.9782673414707,2.51639312051648,-1.3330876287807,10.3203687297234,0,0,-0.107498176682858,1.29882308988586,-1.13491912577672,-1.15669991302789,44
63,11.1574873474248,2.56982225253594,-1.91148395444625,10.3203687297234,0,0,-0.213863966108997,0.967955884515003,-1.13178768060465,-1.41637900583045,45
63,11.3283715391486,0.271578041689785,-1.78653148005853,10.3203687297234,0,0,-0.839190646161789,0.543821328709724,-1.00300372530498,-1.51089893559532,46
63,11.6201250372135,-2.29580764477025,1.2183777641546,10.3203687297234,0,0,-1.83369599933618,0.0576217058658393,0.642680284234159,0.518588598444362,47
63,11.8618636498958,-0.301304971461267,1.00039121312708,10.3203687297234,0,0,-1.01467342067327,0.374176795252871,0.715734742807977,0.518442496689322,48
63,12.1452813337303,1.26223496585585,-0.664584572379223,12.0549809275231,0.128965620552124,-0.00418232529366969,0.0708060544996029,0.859395324261706,0.0291456377421856,-0.52931423830132,49
63,12.3453408752605,4.44681119711515,-3.40631321341912,12.0549809275231,0.12568273580501,-0.00251570611305016,0.851935994939426,1.54716268020581,-1.33604640298486,-2.13390510110582,50
63,12.6162548377493,3.7511424367081,-2.46992362124124,12.0549809275231,0,0,0.766179488469972,1.27157003285293,-1.24752246978068,-1.59495445156635,51
63,12.9080083358142,0.95232029925982,-0.655872028058146,12.8358116408595,0.129262694098689,-0.00433314035693806,-0.312247800651388,0.756078786615387,-0.60206001267333,-0.813649085747264,52
63,13.1955939267639,3.15886621174912,-1.54545334047201,12.8358116408595,0.124543547274713,-0.00193737528479841,0.293745812756625,1.25048561300041,-0.663864716668014,-1.22678771605022,53
63,13.4790116105984,1.71473623598975,-0.872440734396603,12.8358116408595,0,0,-0.152880086153762,0.851683932657283,-0.523114803967711,-0.755657618179824,54
63,13.5957130098244,0.395102425276374,-1.21158812074118,12.8358116408595,0,0,-0.518704572881552,0.422290778168362,-0.39461194245254,-0.766755043336295,55
63,13.7749330157785,2.8476064345438,-1.51358180109897,13.6236141540809,0.127964335858128,-0.00367400398335187,0.443717718482063,1.26120134572332,-0.824059170558391,-1.08236983955991,56
64,0,0.283556115227857,0.481849684846676,-Inf,0,0,0.860776440825877,0.108800739454888,0.29431517711905,0.0619853537080097,0
64,0.0875260494194701,0.792931094787922,-1.6610073691277,0.0416393547551706,0.12969442906116,-0.00455231886145151,0.996433654459543,0.180124435815468,-0.910732841493602,-1.2332579669796,1
64,0.479309318249479,3.17290598198467,-0.523021824845644,0.0416393547551706,0.123265446431395,-0.00128852296607282,1.93046231589595,0.787171182778567,-0.27332394189639,-0.562622962885026,2
64,0.608514438821078,1.25109274605732,-0.681061390064539,0.0416393547551706,0,0,1.40089309101636,0.259697883009836,-0.0787638275036615,-0.710055119362639,3
64,0.808573980351295,0.526082724542554,0.0810937838996651,0.0416393547551706,0,0,0.845874277269317,-0.0442471033314257,0.127176479434516,-0.180519464989846,4
64,1.19202143495088,1.02883627178485,-0.550715674807824,0.0416393547551706,0,0,0.874361008257692,0.125392800134859,0.0664694781492916,-0.53792345899852,5
64,1.25870794879428,0.644933810536316,-0.371183443007597,0.0416393547551706,0,0,1.08143814143432,0.014411446042095,0.0468956764030268,-0.655482884264134,6
64,1.57546888955046,3.5933833229784,-2.14431200050122,1.26080464424852,0.125283913498617,-0.00231323634738509,2.03915487718727,0.727974558253512,-0.614378821897442,-1.56069105976846,7
64,1.76719261685025,4.79883156650808,-1.862197172274,1.26080464424852,0,0,2.17734524791348,1.13774844748931,-0.606880322275661,-1.53023082972747,8
64,2.1714796070259,4.00402428211238,-2.76821385385182,1.89459343487039,0.125903834244007,-0.0026279509610001,2.34800950702255,1.21111448278826,-0.917520196293728,-1.46778046934627,9
64,2.35069961298005,3.80230081298339,-1.33451483461057,1.89459343487039,0.122962916658037,-0.00113493794502818,2.10857984681983,0.928549899613235,0.0221021328190208,-0.727693962914124,10
64,2.61327776123846,2.2027654005429,-0.828658026569875,1.89459343487039,0,0,2.02337342546645,0.378827922835815,-0.0766481184689936,-0.694929555676495,11
64,2.77999404584698,1.35464765320039,-1.22739950668772,1.89459343487039,0,0,1.26070919335743,0.317566578493851,-0.595990182298729,-1.05726614784959,12
64,3.21345638582912,0.934367136550766,0.177298379314235,1.89459343487039,0,0,0.538650982041175,0.211072564419114,-0.0410748546383675,-0.304820545216191,13
64,3.44685918428104,0.897277212967575,-1.64112920133361,3.42577551186013,0.130101435209345,-0.00475894331081302,0.932166093786698,0.166541553171822,-1.30209797749461,-1.38708471711066,14
64,3.73861268234594,3.27440205201479,-1.72281799193989,3.42577551186013,0.125313894953137,-0.00232845700574388,1.94394351119022,0.661812433762097,-0.935755635128179,-1.38111041570122,15
64,3.78029175349806,4.01839203143457,-2.11733689740833,3.42577551186013,0.124629960630809,-0.00198124467644764,2.29720102293188,0.824865199258693,-1.18686683341681,-1.71353741279113,16
64,4.23042572194105,0.225412523529389,1.5110307006106,4.18461800899106,0.129695725114645,-0.00455297682776994,0.956381221645226,-0.0748268374166712,0.915607102012516,0.591661183383353,17
64,4.48883596308425,2.99214606401649,-2.97082589923447,4.18461800899106,0.125455332316289,-0.00240026038613723,2.3609009123683,0.798995476216364,-1.35408883249114,-2.54598685722087,18
64,4.68472759749926,5.37541206934776,-2.12191786578083,4.18461800899106,0.118960730505544,-0.000780573047506922,2.80281911286057,1.29240302959943,-0.25318313366287,-1.69375749283611,19
64,4.92229830306639,1.25163541056149,-1.66645322909585,4.18461800899106,0,0,0.980198021942648,0.33993917073628,-0.827628251895797,-1.14374541351956,20
64,5.01399225960107,1.75324513320424,-1.44467476966991,4.18461800899106,0,0,1.40739408979525,0.497996844279411,-1.15971011031975,-1.20537257154024,21
64,5.443286692468,-2.33254975682359,0.885776585509132,4.18461800899106,0,0,-0.502629620525427,-0.710950309599998,1.10744838935065,0.0125727910581531,22
64,5.62667460553736,0.9307962997225,0.189785062729779,5.49631478881034,0.128308264113271,-0.0038486057348513,1.09310485079861,0.154874143749566,-0.189229911385438,-0.102391139340769,23
64,5.84340577552843,1.46553152505836,-1.22661324307592,5.49631478881034,0.12475180563723,-0.00204310162251355,1.40066968756504,0.22977036173696,-0.357231972087644,-0.890749454251271,24
64,6.01428996725216,2.10017064864587,-1.27948127797865,5.49631478881034,0,0,1.58141236276288,0.421084322674136,-0.280798141653067,-1.13665641737367,25
64,6.34355462935397,0.443445309955104,-0.903653240451451,5.49631478881034,0,0,1.05095481510728,0.0273202102139451,-0.0761373948420788,-0.733530289341682,26
64,6.66448347722536,2.54102057392442,-0.17125674522109,6.48416443035329,0.127488456203253,-0.00343241458209796,1.31535526002335,0.403039211809912,0.0478535772860409,-0.210582356320682,27
64,6.84787139029473,3.69301804418781,-1.71441172266343,6.48416443035329,0.124479145185066,-0.0019046803331971,1.9513318278052,0.714331246983131,-0.641959393467659,-1.56765298665552,28
64,7.07710628163144,2.5060464016923,-2.88531365358632,6.48416443035329,0,0,1.48823006146835,0.24014702634649,-1.75609840988491,-1.82792142878595,29
64,7.25632628758559,1.04521638999505,-1.40002392285176,6.48416443035329,0,0,1.27796410495804,0.263157326199938,-0.161766389399976,-1.24756640601909,30
64,7.53140815718964,1.02696737092522,-1.1079183186605,6.48416443035329,0,0,1.22082414160649,0.106546670474409,-0.8963046592422,-0.72569459442765,31
64,7.96070259005656,-0.478699549092773,1.14635714068416,6.48416443035329,0,0,0.514289180990754,-0.324332888239805,-0.133869812844016,0.422139228434019,32
64,8.164930038702,2.35042599741019,-1.27566326633853,7.97674758046543,0.127359421251776,-0.00336690752302435,1.64879223834058,0.509783107670845,-0.375998576478345,-1.25297345662517,33
64,8.36915748734743,4.31223013850908,-2.26679202837428,7.97674758046543,0.124008143072481,-0.00166556710947686,2.41560181744366,1.15114432557671,-0.913729505582915,-1.82585732380327,34
64,8.61506400714498,1.93082259524273,-1.88406818291536,7.97674758046543,0,0,1.49739920097363,0.313502126517369,-0.921112507571007,-1.51370497141757,35
64,8.76510866329265,0.848337418855343,-0.726960108786006,8.66635634927975,0.12882692864567,-0.00411191569683622,1.12047704833725,0.131680585378634,-0.720266784459695,-0.721510761599726,36
64,9.2360821673117,1.20061702656135,-1.08614334461747,8.66635634927975,0,0,0.951464600389549,0.038920697776544,-0.540627373405546,-0.578785670756783,37
64,9.47365287287883,0.190826603937768,0.0984702409922497,8.66635634927975,0,0,0.737810548223463,-0.130480617049657,0.226725789000638,-0.257847662228655,38
64,9.6903840428699,-1.93800582692785,1.23819751528546,8.66635634927975,0,0,-0.0950131950611925,-0.57354637323405,0.13734887133621,-0.118975242700634,39
64,9.76123846382852,-0.523584786547313,0.645632994324708,8.66635634927975,0,0,0.387417102344403,-0.267117792752264,0.17270924500252,0.00195394753943263,40
64,10.1530217326585,1.03235778705823,0.814784660015631,10.0528865554674,0.12880423649912,-0.00410039559497416,1.306283632167,0.235784614912794,0.147992546432064,0.201343542092303,41
64,10.4406073236082,4.23392350330789,-0.767410891354415,10.0528865554674,0.124085089675142,-0.00170463052283336,2.30745784372013,1.2509067333956,-0.487711936653114,-0.632977670268067,42
64,10.632331050908,5.36350854884666,-2.04943441538918,10.4720889222163,0.12781790916493,-0.00359966767420979,3.23252257701624,1.25938266663712,-0.783635635077188,-1.74233357365183,43
64,10.7782077999405,5.49051158391924,-1.96675291849641,10.4720889222163,0.125424139036774,-0.00238442452167376,3.00104125424791,1.20107871649688,-0.728641016831303,-1.19682949222984,44
64,11.0116105983924,4.38482823375619,-1.93533983998775,10.4720889222163,0,0,2.28552587397425,0.86059194015442,-0.596864112787603,-1.09490965617611,45
64,11.415897588568,-1.78126361571177,1.0341193227814,10.4720889222163,0,0,0.0687198393720006,-0.599251001138185,0.711541380084885,0.503228051480994,46
64,11.6284608514439,0.0965974159716385,-0.229522458785886,10.4720889222163,0,0,0.810181497541302,0.218238717946762,-0.872931296225102,-0.454291775664072,47
64,11.9493896993153,1.42249858600013,-0.153022904078597,11.7522897690105,0.127213089650636,-0.0032926194891827,1.12520511587442,0.24172188975311,0.20257270449128,-0.568303082818112,48
64,12.2411431973802,4.13410531048649,-1.08542083311009,11.7522897690105,0.122425549394479,-0.000862133184114169,2.35726390991342,0.944552201520741,-0.619056160062753,-0.719594625389815,49
64,12.453706460256,1.83076502534478,-1.0528558049653,11.7522897690105,0,0,1.15833276405,0.214121865490252,-0.5948243345025,-0.948230068384785,50
64,12.6079190235189,0.839559295145632,-1.23214768159094,11.7522897690105,0,0,0.769795308725602,0.0782033775295018,0.143219821885084,-1.16816485998267,51
64,12.7996427508187,0.503955735822475,-0.0680263114303296,11.7522897690105,0,0,0.789179420997546,0.0191268599499294,0.28276067100574,-0.235794833811224,52
64,13.2414409050313,0.267088507244136,0.114142691354767,11.7522897690105,0,0,0.804615438462621,-0.00313235350306894,-0.00235987301707764,-0.114779725280814,53
64,13.2622804406073,-0.193304264627244,-0.868552306111365,11.7522897690105,0,0,0.47674837580564,-0.255070588460095,-0.404979906046723,-0.864166905935776,54
64,13.7332539446264,3.67277560131533,-1.50008015596235,13.3008859947807,0.123352450028468,-0.00133269200482652,2.25923019151202,0.651904521044958,-1.00057157496041,-1.16748695669866,55
64,13.8082762727002,3.21610769762122,-2.5055313822998,13.3008859947807,0,0,1.82517652543382,0.777097613963257,-1.25321960154288,-1.77110620064436,56
65,0,0.0550039388959836,-0.533274499407795,-Inf,0,0,-0.606247706254394,0.614964439612533,-0.89722795869577,0.273752253474072,0
65,0.20422744864543,0.599435191692005,1.01773405170845,-Inf,0,0,0.148260907493016,0.574270434177026,0.300274726093002,1.17431211638655,1
65,0.412622804406073,3.00811404808257,0.144267024609916,0.263714915548917,0.128003898809725,-0.0036940888718256,1.19133175319812,1.13731792616466,-0.178779840580487,0.511064111248585,2
65,0.641857695742781,3.31494086054431,-2.2734766350985,0.263714915548917,0.12424226003699,-0.00178442106069959,1.02656089225205,1.31459670555197,-1.9711777367154,-1.04367721793285,3
65,0.750223280738315,1.94515528946778,-1.45367376700519,0.263714915548917,0.12246403079897,-0.000881669004530836,0.698052220557701,0.866061511936252,-1.5888007465937,-0.627531027410401,4
65,1.23786841321822,2.35224892890411,-0.850713561878588,1.1555201877822,0.129096112168545,-0.00424857185656483,0.563845540181826,1.17283896016261,-0.887181806423192,-0.46900758803292,5
65,1.30455492706163,2.59746436999662,-1.84062568795545,1.1555201877822,0.128001817252834,-0.00369303212969155,0.535354008370355,1.14946092582989,-1.54170539863701,-0.922100186979493,6
65,1.72551354569812,2.4957268439397,-1.5416835687137,1.1555201877822,0,0,0.737105813350552,1.2455791323066,-1.9051559556405,-0.351066180508062,7
65,1.79636796665674,1.80116410580994,-2.31629600456604,1.1555201877822,0,0,0.567622942434677,1.1584635620997,-1.99876330819342,-1.00141587284628,8
65,2.21315867817803,0.235146071901111,-0.587063416980871,1.1555201877822,0,0,-0.0583710046086638,0.405187155499697,-1.09504214636098,-0.0018559086082111,9
65,2.34236379874963,-0.211955013240087,-0.278441828633715,1.1555201877822,0,0,-0.495884901445905,0.514770986008682,-0.794580926438718,0.081412191789074,10
65,2.66746055373623,4.33495941224756,-2.38329370657282,2.50449734085347,0.127773257429135,-0.00357699936721237,1.46815032396076,1.68029522990286,-1.33010339967216,-0.98856039899809,11
65,2.93837451622507,4.64353645940643,-3.19826149005116,2.50449734085347,0.123327684334085,-0.00132011922679093,1.83586060526321,1.62642351815474,-1.96370543362434,-1.72089787612196,12
65,3.18011312890741,2.52229279345799,-3.66239829956265,2.50449734085347,0,0,0.637130040699696,1.27142912713513,-2.90234352093807,-1.58710659672957,13
65,3.48853825543316,4.41656260865869,-1.771611891949,3.35548460930049,0.128264059615951,-0.00382616447700183,1.25534766683598,1.75846418410765,-1.10661365073741,-0.707807618434256,14
65,3.53855314081572,3.54994249006112,-0.978177232899486,3.35548460930049,0.12744333842916,-0.00340950968184617,0.955435533211227,1.40552368321852,-0.866895736950151,-0.352504416216205,15
65,3.89282524560881,3.59924518886229,-2.51721581507038,3.35548460930049,0,0,1.09465214947366,1.47662639681667,-2.22811071131106,-1.09904636255621,16
65,4.05537362310211,0.359377836382984,-0.999698936951902,3.35548460930049,0,0,-0.584230575076976,0.689098908356024,-1.68086750023214,-0.146924951328686,17
65,4.3429592140518,1.36298075826156,-2.12197542356602,3.35548460930049,0,0,0.378005264387938,0.807307898026319,-1.69516825886781,-0.711938225026758,18
65,4.54301875558202,3.8908164325085,-2.29859073065225,4.39898058261472,0.128083808600034,-0.0037346566040319,1.23363227131088,1.63337118850869,-1.47832160673898,-0.717183733862551,19
65,4.89729086037511,6.75405589036531,-3.20222216227981,4.39898058261472,0.122270366860354,-0.000783351805018928,2.70612896411801,2.19937056256556,-2.08832288179388,-1.73380442817435,20
65,5.00982435248586,2.5761322001385,-2.95396979944096,4.39898058261472,0,0,0.640718408183229,1.1299569611745,-2.00599698880337,-1.70555668859291,21
65,5.27657040785948,4.16361897294472,-3.00343052103225,5.01920339140611,0.126224134580801,-0.0027905575481882,1.36822538247082,1.57445726772694,-2.06028518041354,-1.19108077379212,22
65,5.62667460553736,1.42241753365274,-0.74199516012934,5.01920339140611,0,0,0.442001770863174,0.73790162006153,-1.31174739119541,-0.0513188857055343,23
65,5.77255135456981,1.91866722296168,-0.141849629058228,5.01920339140611,0,0,0.505441897929427,1.00195463832859,-0.877156454195883,0.1280453396044,24
65,6.18100625186067,0.178093720132635,-0.605385559778084,5.01920339140611,0,0,-0.290102818897257,0.411343989773283,-0.954547846360956,-0.395218487953254,25
65,6.32688300089312,0.554766737721452,1.40501509773265,5.01920339140611,0,0,-0.106598589650316,0.658368354833835,0.44007023327751,1.33911887740667,26
65,6.60613277761238,1.37237480717228,-1.6842819958658,5.01920339140611,0,0,0.260724563756149,0.808512775476288,-1.28373767314021,-0.225360298036417,27
65,6.96457278952069,3.08188095250735,-1.57882873287648,6.70982891369002,0.126267179107815,-0.00281240992494476,1.12271156844134,1.3358772673777,-1.24320328879488,-1.0474357634873,28
65,7.2271509377791,1.83065602724162,-2.36479704306759,6.70982891369002,0,0,0.499337703271637,1.05552094835053,-1.2869096516404,-1.12882929086744,29
65,7.43137838642453,1.73668934832334,0.179811106178071,6.70982891369002,0,0,0.463873749416939,0.816411679818681,-0.0393307457622147,0.408111726433468,30
65,7.72729979160464,1.40180718599336,-1.46393186270651,6.70982891369002,0,0,-0.219511516188671,0.862936635060777,-1.01738071809635,-0.748306283153067,31
65,7.7773146769872,0.245772788974778,-0.162443603458941,6.70982891369002,0,0,-0.00132204870466651,0.60327350621862,-1.23963925192446,0.0585946288703635,32
65,8.1982732956237,4.34867025231314,-1.487739627775,7.79668851868393,0.123857587689124,-0.0015891347918727,0.837115989840356,1.68492612613748,-1.59794849137056,-0.408924659962676,33
65,8.27329562369753,3.65085904025291,-1.66514154939155,7.79668851868393,0.122626505908956,-0.000964152599140372,1.16361253213603,1.36182781628742,-1.24430994101486,-0.633086075764416,34
65,8.54420958618637,0.674573215055032,-0.86100285426776,8.50266527418011,0.129765685556557,-0.00458849358309933,-0.400754328457883,0.684231587011226,-0.815383910522506,-0.427071710657252,35
65,8.75260494194701,4.26717016393837,-1.54990337305297,8.50266527418011,0.126346013944979,-0.00285243193662056,1.90290266196582,1.40944076072048,-1.30749402735995,-0.938102481824022,36
65,9.00684727597499,5.33807892265865,-2.5500610853148,8.50266527418011,0,0,1.74120323737647,1.84905082676559,-1.79339499081258,-1.15226627709133,37
65,9.39029473057458,-1.0878200292646,0.313992850088753,8.50266527418011,0,0,-0.819789868350015,0.241309472251,-1.11228694316369,0.187856911205034,38
65,9.53617147960703,-0.420030116244147,-0.207209739789792,8.50266527418011,0,0,-0.45095806664706,0.223444416501031,-0.95166843095813,-0.363334466241766,39
65,9.76540637094373,1.57818831788737,0.231674040455737,9.6967372121361,0.129320579338871,-0.00436252690535313,0.667390312989358,0.725101760862339,-0.304302858750745,0.307876235149381,40
65,10.2197082465019,4.2881189243695,-2.62279020590471,9.6967372121361,0,0,1.30635728406518,1.43535918707104,-1.14520302391383,-1.32721979579329,41
65,10.4572789520691,1.03874839049574,-0.565831294990024,9.6967372121361,0,0,0.186696874024884,0.886182531258978,-0.867392196400273,-0.0328417588288122,42
65,10.5239654659125,1.15717977575874,-0.889171387997786,9.6967372121361,0,0,-0.114295818051113,0.77120727344262,-1.34722247236858,-0.274222433776067,43
65,10.9074129205121,-1.39148491597073,0.293926804182643,9.6967372121361,0,0,-0.920846977283671,0.141054025511116,-0.294057226190421,0.340317821362334,44
65,11.1491515331944,-0.754833622648362,0.588728237302287,9.6967372121361,0,0,-0.719994342604071,0.427479267523693,0.153710915478461,0.727260821953739,45
65,11.395058052992,1.83003146323108,-1.48915961486713,11.1642733861047,0.126660338669147,-0.00301200488988419,0.0989527501558854,1.0096791429667,-1.26895330006155,-0.587064228802633,46
65,11.611789222983,3.2232665877448,-0.82796098803644,11.1642733861047,0.123103880193108,-0.00120650077754711,1.2816352822946,1.11136836391976,-0.819266770707092,-0.27025497488383,47
65,11.8952069068175,2.8873684676728,-1.01822111409766,11.7756966369961,0.128486300170847,-0.00393898914189042,0.692471720957168,1.22866535826068,-1.67235339492159,-0.691227544559287,48
65,12.2453111044954,4.82055439204979,-2.77203416011586,11.7756966369961,0.122741251863347,-0.00102240557580519,1.97498700331424,1.77516849524045,-1.89334839096278,-1.4521945846181,49
65,12.4453706460256,-0.15005631936155,0.0280457156601854,11.7756966369961,0,0,-0.327355510856461,0.383174405922157,-0.976610144122446,0.0490734490902179,50
65,12.7454599583209,3.23797968925132,-2.04722906909273,12.5564229491185,0.12734539846481,-0.00335978858723286,0.930635927274308,1.16580802421451,-2.0619447069064,-1.09320589530851,51
65,12.9580232211968,4.61948871786087,-1.86592251893312,12.5564229491185,0.123857333421051,-0.00158900570782637,1.33407103208575,1.78476010880459,-1.38165410493871,-0.502323518905443,52
65,13.0163739208098,2.80292459022134,-1.79545539656359,12.5564229491185,0.12289982536981,-0.0011029084468125,0.870597354619223,1.15353086027851,-1.71844732169443,-1.03277603839943,53
65,13.3873176540637,-0.430175956749475,-0.582425601781178,12.5564229491185,0,0,-0.516738825123522,0.425562326630566,-0.58571435237617,-0.00356203594118022,54
65,13.6707353378982,0.579971969174243,0.59016282016223,13.587859799026,0.129087459198393,-0.00424417901091362,-0.328020096123887,0.822894737763508,0.205311159331862,0.340594075571195,55
65,13.7791009228937,3.50898567190414,-0.451513733001771,13.587859799026,0.127309229960374,-0.00334142695474508,0.979648320622276,1.21819564959641,-1.34777232108691,-0.0898208800001639,56
66,0,1.17210877378168,-0.290296113933942,-Inf,0,0,0.710275355083444,0.730586656302368,0.0164900201589817,-0.614145320130522,0
66,0.125037213456386,1.6885270961083,-0.200689783648166,-Inf,0,0,0.887371298646002,0.652977483511095,0.176029035677981,-0.307873215746624,1
66,0.425126525751712,4.96730689151879,-2.818512385484,0.18216758914059,0.126460564521542,-0.00291058572598665,2.23427878549119,1.56676482512364,-1.40238046616037,-1.73348043771579,2
66,0.712712116701399,5.34602380342461,-1.52345141346066,0.18216758914059,0,0,2.13880915423949,1.61435640938555,-0.414184184463468,-1.28371714713749,3
66,0.850253051503424,1.27717285019353,-0.671229060638258,0.18216758914059,0,0,0.671928325109942,0.782453959220433,-0.3802758718251,-0.969695292925488,4
66,1.00863352188151,0.163791806563769,-0.247305426238657,0.18216758914059,0,0,0.674748113186006,0.237225184859182,0.588251343397707,-0.170617663340176,5
66,1.25870794879428,0.628324652537871,-0.738165476134464,1.09394050603553,0.127743650849531,-0.0035619690212737,0.479299935333278,0.578701822319602,-0.169758043913626,-0.660974638515261,6
66,1.63798749627865,4.24168484187421,-2.55966647285154,1.09394050603553,0,0,1.64427891104749,1.39053349340785,-0.673707975779325,-1.77986334698206,7
66,1.80887168800238,0.916941356098264,-2.50461413155272,1.09394050603553,0,0,0.68043925058846,0.516630115045191,-1.2286104222226,-1.4225964307318,8
66,2.0089312295326,0.101926709826942,-0.186273377853405,1.09394050603553,0,0,0.219952326941236,0.5617122236696,-0.110829746924827,-0.265700420569742,9
66,2.2673414706758,1.96299400881264,0.158729505982297,1.09394050603553,0,0,1.09429281927054,0.823606142189593,-0.0457220307706643,0.0263262859691578,10
66,2.56743078297112,2.31234787811395,-2.99552479132513,2.31560556613482,0.126315072954924,-0.00283672415172231,1.1046914745739,0.938288741326866,-1.63683999128681,-2.40265263346725,11
66,2.90086335218815,1.85549718340354,-1.17342708167451,2.87944403145856,0.130095927375504,-0.00475614715370493,0.638672194476361,0.769578954647906,-0.674400305749567,-0.99345187186135,12
66,3.23429592140518,4.86147796874725,-3.04763116732329,2.87944403145856,0.124624452796968,-0.00197844851933884,2.12998606334666,1.57010831013006,-1.50312533878859,-1.89585410065518,13
66,3.33432569217029,5.17596699782204,-3.15846456872724,2.87944403145856,0.122983010423424,-0.0011451389290299,2.43133749967402,1.7724448819456,-0.662585402831317,-2.03708472821038,14
66,3.50520988389402,0.168013766951725,-1.4971966482137,2.87944403145856,0,0,0.352466820164754,0.29809382902773,-1.04606585994724,-1.2081192457415,15
66,3.98868710925871,0.631886937918135,-1.4734846305445,2.87944403145856,0,0,0.364431514745972,0.555708502914894,-0.326394167980662,-1.16654396261144,16
66,4.13873176540637,1.07440924262242,-0.671832376283331,2.87944403145856,0,0,0.555831711919326,0.564681525888532,-0.2613001609582,-0.557177825884885,17
66,4.27210479309318,0.955215534287859,-0.632133356813234,2.87944403145856,0,0,0.636413083110165,0.720158717513451,-0.0513879254466083,-0.293527574796991,18
66,4.56385829115808,0.299154520170815,-1.3258085991775,2.87944403145856,0,0,0.328274016125663,0.499256560673296,-0.212094970685793,-0.978032608923152,19
66,4.95147365287288,2.91021756212133,-1.49674031783188,4.61616022902756,0.124945070008514,-0.00214121597404446,1.28246327037119,1.01015782647968,-0.193897589354491,-0.781574901225915,20
66,5.11818993748139,5.6789627631289,-0.977399070200681,5.0444997082142,0.191294846996094,-0.00501893991931731,2.39295409418739,1.78192604016578,-0.528374545833589,-0.933719265910553,21
66,5.30991366478119,5.5001513461595,-3.63406526070373,5.0444997082142,0.126092088007277,-0.00272352158161535,1.96224189778961,1.81877248540455,-1.487133372055,-2.64502233263427,22
66,5.6058350699613,2.53988856472329,-0.870470407595069,5.0444997082142,0,0,0.962803660472063,1.0570533185695,-0.0218794300942171,-0.844892238505619,23
66,5.99761833879131,0.77300016769479,-1.13881652300366,5.0444997082142,0,0,0.392421293772319,0.404700340035678,-0.386246593429262,-0.651391334862154,24
66,6.20184578743674,2.4558851313851,-1.95697143163796,6.15367566583535,0.129656959078949,-0.00453329650889778,0.873931764198381,1.08711253751124,-1.09687519201254,-1.67065988089602,25
66,6.46442393569515,3.67118219802417,-1.62597615330398,6.15367566583535,0.125348172848362,-0.00234585883433466,1.48766869424113,1.01290277868336,-0.693783791570875,-1.21706023072744,26
66,6.73116999106877,0.931913098659778,-0.517167121547899,6.15367566583535,0,0,0.531117573497583,0.628396641173384,0.0760300656159753,-0.47208833123869,27
66,6.80202441202739,0.75030016455981,-0.49512912358236,6.15367566583535,0,0,0.285078548870094,0.530668799345037,0.293387859303147,-1.12096606088246,28
66,7.21047930931825,-0.81103185579527,1.64075952245198,6.15367566583535,0,0,0.227032226901219,0.201345639026786,1.0854032951499,0.554447019723111,29
66,7.29800535873772,-0.99484236650638,0.963330840108563,6.15367566583535,0,0,-0.339647120941882,0.0625054028925148,0.262369945938888,0.594327491310207,30
66,7.52724025007443,0.210129869002328,1.08124623746998,6.15367566583535,0,0,0.211801387112272,0.316162945815567,1.12472702278524,0.379949783082086,31
66,7.84816909794582,0.0068725136398379,-0.38333729538492,6.15367566583535,0,0,0.262077416214999,0.297476394727587,0.562206102956827,-0.670882729199439,32
66,8.22744864543019,3.4765923118445,-1.39377170478083,8.19360942666849,0.255398771542283,-0.00707899401653957,1.84362493551888,1.39202449977112,-0.277957473270343,-1.0040278661153,33
66,8.37749330157785,7.21863825089333,-2.30818912616374,8.19360942666849,0.250474444421509,-0.00457906524560719,2.91578392489326,2.31464500818503,-0.903749903301423,-1.4167159768072,34
66,8.55254540041679,5.23480060899186,-3.3229761305918,8.19360942666849,0.124557434866665,-0.00194442558623156,2.1517841995456,1.66826745296819,-1.17091481916416,-2.02494069337975,35
66,8.83179517713605,2.22369583351043,-3.52679893383724,8.19360942666849,0,0,1.16816053978134,0.912172030758468,-1.78151554341297,-2.3422913733378,36
66,9.20273891039,0.733161611745079,-1.8580134600438,8.19360942666849,0,0,0.425523356891084,0.43444205775002,-0.529320049834307,-1.69658317550854,37
66,9.32360821673117,-0.762738223713993,-0.283295465640411,8.19360942666849,0,0,0.0175319095283415,0.139428060839465,0.801704485794878,-0.581759817186443,38
66,9.65287287883299,2.74434354813574,0.447524217726229,9.60003037020349,0.129580287364196,-0.00449437264762813,0.928685674907937,1.08175017843806,0.517402707870625,0.0387488864808843,39
66,9.87793986305448,2.92045208034001,-1.63184310126887,9.60003037020349,0.125887042023641,-0.00261942606942986,1.2480482931362,1.0462223788507,-0.612465838022401,-1.11071564430034,40
66,10.1530217326585,2.2819986903052,-2.05249380360989,9.60003037020349,0,0,0.967704054284413,1.11054084321066,-0.990472901104144,-1.37309154940913,41
66,10.3947603453409,3.01694764678083,-1.78739300375614,10.319520393322,0.129212755654759,-0.00430778815151076,1.17732304607534,1.10275249457151,-0.892929747542501,-1.45624375141227,42
66,10.7365287287883,2.4544303271203,-1.15982633893255,10.319520393322,0.123604494211824,-0.00146064705128712,1.09513449397362,0.902685336766502,-0.45332938605613,-1.06478204066114,43
66,10.9115808276273,1.58685742568666,-1.35699001443846,10.319520393322,0,0,0.530933920807389,0.935523615010172,-0.0287153596150984,-1.03596019521091,44
66,11.1574873474248,1.23310337711572,-0.837827864871928,10.319520393322,0,0,0.393802072659112,0.815987155780519,0.246963031273941,-0.976599604514848,45
66,11.4867520095266,-0.837865934601362,1.67082953798599,10.319520393322,0,0,-0.271164307143694,-0.0116844710613974,0.908736689116279,0.882991346512617,46
66,11.532598987794,0.445058525033968,0.952741780249999,10.319520393322,0,0,0.446090670399397,0.500405234107182,0.610529078264151,0.356032632913934,47
66,11.8618636498958,0.143847397016544,-0.0687427808601065,10.319520393322,0,0,0.0712136068329162,0.480904461893409,-0.209118230438007,-0.364409387359939,48
66,12.1452813337303,2.99174411077207,-0.194612625901677,11.905954152745,0.126520159955302,-0.0029408404868405,1.47701785239053,0.970585049106012,0.0397401967335633,-0.371901362142432,49
66,12.3411729681453,2.19720540155848,-0.271323939698776,11.905954152745,0.123305668640369,-0.00130894253915009,0.952368531982867,1.01362001499845,0.224631068239915,-0.00379997816770844,50
66,12.5412325096755,0.467391135043359,-0.617802607620937,11.905954152745,0,0,0.562509308538952,0.496596523037757,-0.222213714334982,-0.618444251833628,51
66,12.8204822863948,0.969380138340056,-0.457978514900594,11.905954152745,0,0,0.466856535677698,0.622157495558742,0.204692249691859,-0.214460658887205,52
66,13.1789222983031,4.58225704264984,-0.321283236327211,13.0352113002696,0.128089177389757,-0.00373738217271158,2.04273746350667,1.462302729304,-0.592421130997218,-0.740772054713883,53
66,13.4498362607919,5.18647716381203,-1.92861065452099,13.0352113002696,0.123643604294705,-0.00148050203228967,2.00845154865029,1.71291921356702,-0.691730361822974,-1.30453244359837,54
66,13.7499255730872,-0.180268385764912,-1.54303637158742,13.7487940153573,0.0359438259750043,-0.00108900586835411,0.272494317914509,0.20884928006634,-0.730167574441564,-0.813378447628764,55
66,13.8416195296219,1.65195596481378,-2.23063650188235,13.7487940153573,0.128924184694263,-0.00416128958855157,0.76225956792466,0.97759102102963,-0.666274543098266,-1.06960049524232,56
67,0,1.05054933939032,0.441840107794391,-Inf,0,0,0.47542037767939,0.276798938655437,0.179573502182609,0.689644151902823,0
67,0.17505209883894,1.52981064679108,-0.724739041558236,0.0922154205967672,0.129088096883418,-0.00424450274389251,1.05099894737443,0.32657841625686,-0.469639519788432,0.305188242883672,1
67,0.470973504019053,4.32974331989384,-2.80649835403366,0.0922154205967672,0.124232163194979,-0.00177929520589359,2.14572427097971,1.0816573275676,-1.5216008920587,-1.70574138868666,2
67,0.600178624590652,3.89758291314987,-2.46028728218002,0.0922154205967672,0,0,1.48787218388067,0.980969532830169,-1.38066898614446,-0.799148474889395,3
67,0.94611491515332,0.31774455959689,-0.443050487718743,0.0922154205967672,0,0,0.294038951091339,0.0775190787588346,-0.673807993524284,-0.0389477774835251,4
67,1.04614468591843,0.441988602300735,-1.39271471267631,0.0922154205967672,0,0,0.365276518349778,-0.0775285521666453,-1.22974698901792,-0.202899371456424,5
67,1.36707353378982,0.998594956224262,-0.779577405928995,1.29696241412133,0.129296917426649,-0.00435051448340186,0.747106778269479,0.217845321661929,-0.570392040927394,-0.00655471442900388,6
67,1.52545400416791,4.06744331577578,-0.756920638176748,1.29696241412133,0.12669796700185,-0.00303110763207844,1.91269829307923,1.18298899683327,-0.595064099439985,-0.330588117234563,7
67,1.94641262280441,1.79005149832736,-1.02489913934874,1.29696241412133,0,0,0.893652461008047,0.332544640802994,-0.308472960918941,-0.616928741144674,8
67,2.05061030068473,1.30065058565253,-0.76764215022656,1.29696241412133,0,0,0.437022559691201,0.090182592564415,-1.0816277956433,-0.174135103011586,9
67,2.27567728490622,0.6049192007853,-2.67957155282345,2.25544623979009,0.13011542642992,-0.00476604622132268,0.166568301659454,0.000159805342986423,-1.61150665500166,-0.959808595547893,10
67,2.73831497469485,4.84538482060084,-1.12150267672442,2.25544623979009,0.122523755452207,-0.000911989366140592,2.12769591640468,0.897011094103432,-0.860608526641662,-0.279958192218989,11
67,2.77165823161655,3.2611662618587,-0.634349802623579,2.25544623979009,0,0,1.69373460819576,0.894951934353989,-0.825111376508646,0.00578076618218619,12
67,3.22596010717475,1.17030582999199,0.214983240200912,2.25544623979009,0,0,0.617708405216757,0.105486102236256,0.0025790322211663,0.192735952899284,13
67,3.25096754986603,1.03409265340422,-0.220576319992498,2.25544623979009,0,0,0.566359446883709,0.17628524652568,0.0802986109744684,0.246746517279857,14
67,3.63441500446561,2.27784881163319,-0.259275170412242,3.58251700247101,0.129595786282135,-0.00450224096953669,0.912426750799665,0.401415916224413,-0.369454217999866,0.0728800087232254,15
67,3.93867222387615,3.80437169801602,-1.67370044832201,3.58251700247101,0.124603065729246,-0.0019675909656785,2.23088055363221,0.996394319543162,-1.86094698058164,-0.223269981336652,16
67,4.0845489729086,2.87665676965461,-1.18595964626269,3.58251700247101,0.0619902881594306,-0.000697836222735469,0.970488505780018,0.54261198598336,-0.752764021545563,-0.138727919243325,17
67,4.35546293539744,1.77813493866506,-1.12769166463765,3.58251700247101,0,0,0.879352982046275,0.457205273211046,-0.962572602512594,-0.31944063146457,18
67,4.56385829115808,5.0978782725269,-0.708993775137986,4.46770741407974,0.128869617025152,-0.00413358726850387,1.98668982758809,1.0733365433288,-0.921946750694601,-0.124754405868029,19
67,4.98481690979458,3.56968071673327,-2.13791352546878,4.46770741407974,0,0,1.62387999755287,0.833676576597374,-1.11212730610198,-0.619370533918367,20
67,5.05150342363799,3.34624409693093,-3.10012619108514,4.46770741407974,0,0,1.8438740113208,0.7183669105259,-1.41495313430546,-1.31686596117515,21
67,5.32658529324204,0.100062329929654,-1.25023976854068,4.46770741407974,0,0,0.231850068719086,-0.130627152346626,-0.679601561079325,-0.362598399630614,22
67,5.51830902054183,1.64825759412455,-0.350951544001933,5.40463652740268,0.128582095391987,-0.00398762141664304,0.991255512039094,0.388845645686674,0.0092171603103765,0.218179419073111,23
67,5.81423042572194,4.30251065491863,-2.74764899457369,5.40463652740268,0.123726161703548,-0.00152241387864367,1.68231428952902,1.02228840697631,-2.16146943872978,-1.39297042965291,24
67,6.23102113724323,-0.258005486376791,0.914588962153794,5.40463652740268,0,0,0.0443107893818598,-0.243928174819177,0.472319787504747,1.01467007643929,25
67,6.49359928550164,2.12461375079626,-0.619935076135233,6.36444869131172,0.128328106897036,-0.00385867930324284,0.753647658152069,0.393175464959139,-0.0213366836489776,0.31166126089871,26
67,6.70616254837749,3.82689475030615,-1.31987616634477,6.36444869131172,0.124840041853227,-0.00208789642383483,1.47268965559694,0.852742122125461,-1.31516257188949,-0.460420762383655,27
67,6.96040488240548,1.00454750383796,-0.748825507969925,6.36444869131172,0,0,0.544561722479127,0.089907458472632,-0.841795502896853,0.110086624571149,28
67,7.21464721643346,-0.461207352146441,1.34354586797421,6.36444869131172,0,0,-0.151608173874438,-0.0876159158710993,0.630126627599664,1.05868199877448,29
67,7.28966954450729,-1.37296400752261,1.40187420400157,6.36444869131172,0,0,-0.218831545054042,-0.409061352646143,0.116543637002545,1.35558408444727,30
67,7.58559094968741,0.626961035372662,0.0426522251386357,6.36444869131172,0,0,0.303046267724208,-0.0439617055346612,-0.0993473332187986,0.167425356117271,31
67,7.95236677582614,3.47057626568803,-2.91009797359629,7.70299614419838,0.126355351565381,-0.00285717235807945,1.23753085536008,0.641854545851124,-1.61861943327039,-1.49264241589819,32
67,8.20244120273891,3.22065240816196,-1.02131809736249,7.70299614419838,0.122251745631464,-0.00077389838230571,1.22897098644083,0.741478415590243,-0.664947648181242,-0.0579186284252649,33
67,8.38166120869306,-0.0359447018601893,-0.695185908893147,7.70299614419838,0,0,-0.107834719049611,0.00613717073987669,-0.503713068409303,0.0694848064209835,34
67,8.74010122060137,2.65536786032023,-0.524271592695175,8.4047514993787,0.124944474385278,-0.00214091359453805,1.25110845655393,0.56498308791171,-0.739281603366068,0.0121880872658636,35
67,8.81929145579041,2.72074706157851,-0.767841127901546,8.4047514993787,0.123644999172929,-0.00148121016887706,1.12342314452875,0.595545625053431,-0.894888035413433,0.200125444869078,36
67,9.02351890443584,0.433970963670655,-0.182318489591886,8.4047514993787,0,0,0.581132859182862,-0.144137984270156,-0.553031634947661,0.274500146143994,37
67,9.26525751711819,0.174576174668654,0.830329355908282,8.4047514993787,0,0,0.127650047612517,0.0465414230146613,0.0406852073385898,0.251122633742159,38
67,9.72789520690682,1.37269932749246,-0.615194717402815,9.6518819774107,0.129200066528231,-0.00430134627392906,0.483103891295326,-0.00373747037133787,-0.844128842073749,-0.34461332135157,39
67,9.94462637689789,3.54743887516335,-1.91862290657466,9.6518819774107,0.125643608052192,-0.00249584216159196,1.59432262587295,0.722121967233373,-1.3090124461994,-1.01887773731354,40
67,10.1488538255433,3.89224366872111,-0.550684898278878,9.6518819774107,0.122292329872848,-0.000794501748043644,1.46585263311654,0.925901205465432,-0.254014675506746,-0.00354118302322965,41
67,10.4822863947603,-0.149920189298621,2.03556233143275,9.6518819774107,0,0,0.046343103490296,-0.167443520108288,1.10522403425084,1.73238766139649,42
67,10.5114617445668,0.00270592334053688,1.42179010211178,9.6518819774107,0,0,0.58212814792817,-0.183073070884559,0.905107768749239,1.48196809043383,43
67,10.8115510568622,-0.151225957219015,1.03951771774127,10.7437737369731,0.129335214003984,-0.00436995647275434,0.0972512630390953,-0.0250550645367525,0.078749410458008,0.961875238294982,44
67,11.0866329264662,1.47835735953167,-0.974954538961438,10.7437737369731,0.124821247476651,-0.00207835509940164,0.70182709992461,0.269488989347486,-0.659959916229452,-0.29473288063772,45
67,11.4784161952962,0.133961193929821,-0.274188613730883,10.7437737369731,0,0,0.464449113496114,-0.206409473607205,-0.579021237032112,0.197423420919878,46
67,11.670139922596,0.182307831171881,0.364219225959162,10.7437737369731,0,0,0.157816646165072,-0.0460163527280806,-0.272867863684085,0.451174685076383,47
67,11.9327180708544,1.18555656558137,-0.24595313788134,11.8433416824358,0.128980783257592,-0.0041900229308727,0.643446016406758,0.049537215629942,-0.423562224815878,0.234474875968491,48
67,12.178624590652,3.71791269775529,0.137789569408951,11.8433416824358,0.12494557075588,-0.00214147018802646,1.88647354149014,0.702467825083468,0.0771942589785751,0.604930114040316,49
67,12.3786841321822,3.952208120127,-1.76741900912921,11.8433416824358,0,0,2.28039483566311,0.975156506418053,-1.37271648674077,-0.66806488876462,50
67,12.7454599583209,1.96387549139708,-0.230608078540493,11.8433416824358,0,0,0.78167458836378,0.321163366404615,-0.0827084605735044,0.147141550677063,51
67,12.7746353081274,1.74032164794462,-0.719468712943834,11.8433416824358,0,0,1.10083889457934,0.247796765092271,-0.556849842221851,-0.158284006185986,52
67,13.1664185769574,-0.793218366516114,1.07549692052511,11.8433416824358,0,0,-0.130354043212935,-0.0846628702530568,-0.175584490388361,0.742419867942235,53
67,13.4331646323311,3.07146392717989,-0.623969469594015,13.3273012026231,0.12871023851891,-0.00405267572396247,1.6649799396995,0.663656097478342,0.0302838481704456,-0.262854186753423,54
67,13.6498958023221,4.88011221289347,-1.18145106643479,13.3273012026231,0.125153780042921,-0.0022471716116267,2.15086651605592,1.30117653325529,-1.30791894135638,-0.251017133161898,55
67,13.9583209288479,3.95503491221461,-2.23778174139997,13.6944632741041,0.126117626201921,-0.0027364865341957,1.83860618414216,0.889869654204012,-1.14594344714117,-0.84731021819817,56
68,0,0.190769897144953,-1.11832548091925,-Inf,0,0,-0.25496420012902,-1.17305596567622,-0.612863257061954,-0.813976573278863,0
68,0.0458469782673415,0.887074279993992,-2.36551719540418,-Inf,0,0,0.323806878602486,-0.769320423904727,-1.52405131979415,-1.52069578376998,1
68,0.462637689788628,2.28062935023617,-0.579137538536455,0.111205878993496,0.124680574717455,-0.00200693988480734,0.519802536678077,-0.39123222508161,-0.429763221147998,-0.927070480441804,2
68,0.508484668055969,2.90552251811324,-1.2100731165425,0.111205878993496,0.123928246962907,-0.00162500632258217,0.65437277144294,-0.430416168640231,-1.12914055108042,-0.750792076725191,3
68,0.808573980351295,-0.0772165587339342,-0.307882080336699,0.111205878993496,0,0,0.0929874007576076,-0.865286621692463,-0.258680178637413,-0.420719042438972,4
68,1.16284608514439,1.3502520186648,-1.99118323346822,0.986556164895256,0.127554572311649,-0.00346597968806381,0.402670608541796,-0.852759502883628,-1.27265235104573,-1.21988080714054,5
68,1.25037213456386,2.96996497639798,-0.629228917411588,0.986556164895256,0.126118310234786,-0.00273683379654299,1.25953192265427,-0.409393258942012,-0.62555985265034,-0.417906958368343,6
68,1.683834474546,-0.306937043140806,0.518397082335399,0.986556164895256,0,0,-0.0436796693254364,-1.12182205101275,-0.265455116543118,0.0899063692296634,7
68,1.92140518011313,-0.0101030799720992,1.39911759137605,0.986556164895256,0,0,0.0301589680628072,-1.1137888490234,0.16120953737225,0.7966815679881,8
68,2.15897588568026,-0.460180850168328,1.92599470892122,0.986556164895256,0,0,-0.390497019991411,-1.34516412810683,0.0707553839748472,0.814737037509354,9
68,2.34236379874963,-1.34358512485303,0.866256608914616,0.986556164895256,0,0,-0.633179220536581,-1.35632307291089,0.717595388423429,0.269754460808301,10
68,2.55075915451027,3.61987311892818,-0.726370177240066,2.36136141980174,0.127339479125758,-0.00335678352162799,1.51724394870395,-0.0620902469217428,-0.330361347013363,-0.299002070147933,11
68,2.81333730276868,4.22062458091211,-1.61718682415825,2.36136141980174,0.123030692895172,-0.00116934584706532,1.46848134091993,-0.0879323502323115,-1.01863011774835,-1.24081555097024,12
68,3.22596010717475,1.56334805377573,0.00362860416414759,2.36136141980174,0,0,0.336127393018716,-0.587317799076837,-0.346058445389197,-0.0800042692235587,13
68,3.38434057755284,0.947395331599223,-0.536600680362101,2.36136141980174,0,0,0.308676567061241,-0.787381789267919,-0.407315714581054,-0.34530045885714,14
68,3.68026198273296,2.27209288778095,-0.585882308029208,3.63779411937039,0.129750530505001,-0.00458079983156301,0.760502086297858,-0.613793618085351,-0.674447156179352,-0.364321624344111,15
68,3.86364989580232,2.83463645032798,-1.43774314622825,3.63779411937039,0.126741219486814,-0.00305306558266216,1.29761602566523,-0.417852549183761,-1.22377534740203,-0.763807110589263,16
68,4.09288478713903,3.74005213738004,-0.913342830681237,3.63779411937039,0.122979580714054,-0.00114339777153546,1.40793830673858,0.0204334538095467,-0.366216734203555,-1.0950022008976,17
68,4.32211967847574,0.537865245108337,-0.134977787769698,3.63779411937039,0,0,0.294987648174046,-1.08123352354306,-0.490870466942756,-0.372164352852087,18
68,4.50967549866032,1.89391148255455,0.0436461182174213,3.63779411937039,0,0,0.531944610687373,-0.493151421185981,-0.302592685151413,-0.368828731425477,19
68,4.90979458172075,4.93028716993646,-3.93070747971258,4.52785273635975,0.124179919130905,-0.00175277250833597,1.74059951157107,0.166469737808971,-2.29359124257814,-2.46475124418109,20
68,5.20988389401608,2.64349150535229,-2.23370515037344,4.52785273635975,0,0,1.04939924255636,-0.261380531021044,-1.40875900107276,-1.48874474722668,21
68,5.4766299493897,1.18644772331003,-0.95086823551389,4.52785273635975,0,0,0.275469934524502,-0.733029469307526,-1.10175665873118,-0.666380592830941,22
68,5.74337600476332,3.53020004928841,-1.33816207777306,5.67941757989152,0.129397880308735,-0.00440177021998038,1.29229166364158,-0.271157108996683,-0.443340231948998,-0.847141922708686,23
68,5.96844298898482,5.58489397268416,-2.40467708008735,5.67941757989152,0.125704634968231,-0.00252682364178408,2.09005893849229,0.313003308996417,-0.636867264541179,-1.76860337763857,24
68,6.20601369455195,5.78350694981302,-3.40517421314824,6.1179114085049,0.129001690689473,-0.00420063698823782,2.18216590429276,0.381942245454552,-1.7822089948555,-2.05592160276819,25
68,6.39356951473653,4.36895238829128,-1.39294036318363,6.1179114085049,0.125923986239054,-0.00263818150640747,1.65932028455655,-0.161925882297161,-0.667588736267777,-1.14604777484603,26
68,6.71449836260792,1.91686522644821,-0.885880863917111,6.1179114085049,0,0,0.588147200842495,-0.503029411344467,-1.16698455968839,-0.741613928392625,27
68,6.99791604644239,0.859139267461493,0.131535662670719,6.1179114085049,0,0,0.25313731082419,-0.826057073348305,0.0374060023025727,0.0183547269202493,28
68,7.10628163143793,-0.633264904074595,-0.0901027038006273,6.1179114085049,0,0,-0.288315386930444,-1.14421502936398,-0.548744345206785,0.0814459521337705,29
68,7.37719559392676,4.00867280316579,-0.960075866786329,7.32922990767894,0.129660313768752,-0.00453499958128693,1.44172482218728,-0.181426539276097,-1.22620976119367,-0.877593153192178,30
68,7.50223280738315,3.55013367975693,-0.429538617277534,7.32922990767894,0.127608510801806,-0.00349336259339975,1.11154491056052,-0.227180491262121,-0.833126768564604,-0.067606829232584,31
68,7.8106579339089,2.96578515677609,-1.72915851224558,7.32922990767894,0.122547396816672,-0.00092399135661192,0.886781861036587,-0.265901062051561,-1.04583707922296,-1.29437341464819,32
68,8.05656445370646,0.389490255234138,0.341885094380489,7.32922990767894,0,0,0.0397980682323199,-1.01967857777296,-0.378680988649114,-0.0264355532699533,33
68,8.49836260791902,0.301751592705138,0.255648233638471,7.32922990767894,0,0,-0.26179617021836,-0.729544303878063,-0.0577954548756964,0.0174431583291258,34
68,8.65674307829711,-0.105125235937439,0.68716434876561,7.32922990767894,0,0,-0.0684144341502028,-0.979618096318114,-0.0746468519242202,-0.0857319110073882,35
68,8.80678773444478,1.40138768991167,-0.228019110216859,8.71327756220439,0.128912949772806,-0.00415558596598892,0.165883464722198,-0.729467870281167,0.0364338947670029,-0.437396995144795,36
68,9.04435844001191,2.97593997326621,-1.34105351540652,8.71327756220439,0.125014524135609,-0.00217647568900414,0.81096573276571,-0.320294001353071,-0.574034852455248,-0.76786732562896,37
68,9.44030961595713,1.85887852078877,-1.37671436699146,8.71327756220439,0,0,0.972996159292832,-0.532346215453394,-0.468603267259239,-1.1115977945374,38
68,9.5278356653766,0.210610594101295,-2.46799250490306,8.71327756220439,0,0,-0.0332568174052512,-0.725719080934374,-1.10852732343699,-1.55648000780914,39
68,9.83209288478714,1.41070046921082,-0.285886560334806,8.71327756220439,0,0,0.317291739400462,-0.830835738505258,-0.491998960813025,-0.338495815791261,40
68,10.0488240547782,2.76654023148279,-2.23341478264307,9.85120094486763,0.127204504514808,-0.00328826108088644,0.711278479729768,-0.454781440116979,-0.830268879332244,-1.61866737699374,41
68,10.4572789520691,1.49196650961607,-0.94990962504937,9.85120094486763,0,0,0.43206599673981,-0.62943804963766,-0.761363567783038,-0.766854512548187,42
68,10.7156891932123,2.51780333566372,-0.831771162405552,10.537313878984,0.127520351958913,-0.00344860707200149,0.751907676392141,-0.157138289704325,-0.522574522333046,-0.862056552037881,43
68,10.9115808276273,3.26087566364906,-1.73916082632128,10.537313878984,0.12430586064398,-0.00181670912431084,0.629136053091107,-0.434610594981891,-1.11895216790394,-1.32284727496518,44
68,11.0116105983924,2.61343710130776,-1.8944546839945,10.537313878984,0.122664418270423,-0.000983399534001297,0.745768386727983,-0.384188352920164,-1.41273692208426,-1.37259541426491,45
68,11.2533492110747,1.24295333586152,0.254028451776393,10.537313878984,0,0,0.0833463873524178,-0.719466084562279,0.244399679441456,0.268636041576991,46
68,11.5659422447157,-1.07749013110034,-1.54440711235602,10.537313878984,0,0,-0.435597910847359,-1.40845516148434,-1.51197736607661,-1.24110802859016,47
68,11.9869008633522,-0.387779883109579,-1.68801525033243,10.537313878984,0,0,-0.64928551638632,-1.11616783104309,-0.842473878393045,-1.11318735501642,48
68,12.0827627270021,-0.65240447981012,0.27105320740626,10.537313878984,0,0,-0.362647701874109,-1.24789780024525,-0.841772657348391,-0.139110872107232,49
68,12.3411729681453,1.02336853172059,0.0571256266261397,12.230245113842,0.128627133648581,-0.00401048594833477,0.311306486643252,-0.531837049491108,-0.296196887834086,-0.0588858090818157,50
68,12.5037213456386,4.12089614601759,-1.38573365074754,12.230245113842,0.125959789791552,-0.00265635786408253,1.76640380043802,0.0693417860357756,-1.62682066412105,-1.07967125194928,51
68,12.883000893123,4.96829782461569,-3.74969233525747,12.6440061931749,0.126525615815679,-0.00294361025862724,1.77662747752883,0.215025466500069,-2.52609167094198,-2.43143879695658,52
68,13.1414111342662,4.57974527252243,-4.25309471692948,12.6440061931749,0.122285223017323,-0.000790893816993821,1.86002110860972,0.325886320013552,-2.55251927077001,-2.7647575970257,53
68,13.412325096755,1.05198347248817,-2.62179444216459,12.6440061931749,0,0,-0.0026766058889765,-0.807764308902476,-1.30714573305149,-1.87201300202887,54
68,13.6623995236678,0.206788409220188,0.333345802902306,12.6440061931749,0,0,-0.211311413031056,-0.870557057078976,-0.226191871713472,-0.224592150300292,55
68,13.9499851146174,2.70890511523241,0.00480385459401012,13.6644353848998,0.125761669262702,-0.00255577819135813,0.888339826343775,-0.28485906098709,-0.141084753853489,-0.442051448044581,56
69,0,-1.66680988513316,0.742131168940999,-Inf,0,0,-0.210060529755622,-1.46210614305794,0.704924970031128,0.338233932878957,0
69,0.137540934802024,-1.48235355103715,0.447705695454742,-Inf,0,0,0.156592005382859,-1.23599670526032,0.0703623756641986,0.266165553180389,1
69,0.26257814825841,2.20522920297545,-0.1807357927125,0.164038202713709,0.128830413514193,-0.00411368485695461,1.30594423002788,-0.242408302991579,0.3242611702961,-0.217163681405114,2
69,0.550163739208098,2.56776025560077,-2.82655946002081,0.164038202713709,0.124111266690216,-0.00171791978481473,1.39741256718146,-0.237362294430577,-1.48662640231062,-2.01537593622985,3
69,0.950282822268532,2.98828639920485,-0.720289796672895,0.689876975047474,0.12617426877035,-0.00276524221653611,1.51242885647896,0.0862778023423439,0.161851102010272,-0.618057921067391,4
69,1.04614468591843,2.98468547845699,-1.41651374226714,0.689876975047474,0.124601219829027,-0.0019666538591558,1.47833047297886,-0.214358029378596,0.115455776144817,-1.08023724496369,5
69,1.26704376302471,2.1726987984434,-0.924396033324523,0.689876975047474,0,0,1.01878549792571,-0.311349246186776,-0.248908458333658,-0.822865855596093,6
69,1.56296516820482,0.340831585834821,-0.454477098413651,0.689876975047474,0,0,0.684226054320908,-0.696594388965785,0.142342687077704,-0.763682697700537,7
69,1.86722238761536,-1.02953439462475,1.03921191652463,0.689876975047474,0,0,0.0766230100916306,-0.952376409310813,0.656724082580849,0.484206280914173,8
69,2.18398332837154,-1.32168630797046,0.589931109923652,2.16168732179436,0.130081541365344,-0.0047488438207179,-0.126711124786241,-1.14310878268705,0.733810288260592,0.246188601390248,9
69,2.33819589163441,1.46382145243371,-0.642408757667353,2.16168732179436,0.127550984372764,-0.00346415820232342,0.690343373109032,-0.451607631850007,-0.00315442623630403,-0.267647766717113,10
69,2.72997916046442,3.14526002379592,-1.46479384650137,2.16168732179436,0,0,1.52521379669025,-0.0920814840098876,-0.357260174242158,-0.760634075341736,11
69,2.7883298600774,2.68706240106618,-1.12660791598334,2.16168732179436,0,0,1.3319925675727,-0.143340307610295,-0.128416197543521,-0.563500372422264,12
69,3.1759452217922,-0.628404659494719,0.419844211644788,2.16168732179436,0,0,0.436813749719391,-0.975814160213281,0.136145621290715,0.0786845941735592,13
69,3.36350104197678,0.431457041293856,1.10215091030748,3.27769337379768,0.129039344309684,-0.00421975256813718,0.524650909291746,-0.499863641859389,0.93365512408354,0.398484793179801,14
69,3.61357546888955,4.75241794718739,-2.30299634176348,3.27769337379768,0.124935738375805,-0.00213647859236404,2.19797680578507,0.478703968567436,-1.10489412277014,-1.61885023035324,15
69,3.95951175945222,0.118752861000054,-1.40322946059369,3.27769337379768,0,0,0.328132821395725,-0.857915740080567,-0.311574253771053,-1.31507850419914,16
69,4.17207502232807,1.65762806248433,-1.63860696230282,3.27769337379768,0,0,0.921486168143614,-0.457321368206915,-0.979325609230113,-1.17583690569126,17
69,4.38880619231914,2.61856755451091,-0.553451697135947,4.32484897886618,0.129397900187559,-0.00440178031184532,1.48237503875268,-0.291827308907452,-0.169552085017602,-0.59549071546017,18
69,4.67639178326883,3.70714981861669,-3.81812362851833,4.32484897886618,0.124678753363583,-0.00200601523970542,1.66156390218911,0.228280802314656,-1.18067963143369,-2.57827905747003,19
69,4.91396248883596,0.655990272893284,-2.23569866575496,4.32484897886618,0,0,0.660773535901683,-0.63243255735745,-0.732420083833277,-1.22200949586103,20
69,5.09318249479012,1.86571810223962,0.00609120836172999,4.32484897886618,0,0,1.1061045438965,-0.222702448037692,0.320300241654605,-0.463573848717619,21
69,5.49330157785055,2.86092600334211,-1.94578681978138,5.25643650625403,0.126560562034058,-0.00296135137425169,1.46195257489421,-0.076721086899413,-0.994410009433506,-1.46747748985653,22
69,5.64751414111343,3.41239160826142,-1.33815809189865,5.25643650625403,0.124030005041491,-0.00167666575585798,1.54245654398035,-0.0149610235821228,-0.556254733469201,-0.907981126730677,23
69,5.90175647514141,1.1227187942327,-1.1402590784745,5.25643650625403,0,0,0.440054164585395,-0.588591161111488,-0.255198765258908,-0.917083786801228,24
69,6.13515927359333,0.172459723923471,-0.968505529955478,5.25643650625403,0,0,0.356587596677742,-0.812586281898112,-0.660341929670369,-0.653254148938496,25
69,6.46859184281036,3.11935168394735,-1.22751498949805,6.30464217813077,0.127757070210379,-0.00356878161627223,1.8475373738618,0.085384778922076,-0.104581996798021,-0.518372832890561,26
69,6.68949091991664,3.67933595420707,-2.8396128288614,6.30464217813077,0.124132218302134,-0.00172855627100615,2.1944086116932,0.104274301147038,-0.881698917544296,-1.62046532966162,27
69,6.76868115510569,4.18340455876601,-1.54527446585649,6.30464217813077,0.122832743089735,-0.00106885284534454,2.07443496331152,0.272907638767935,-0.730014404982676,-1.01985060618044,28
69,7.18130395951176,2.68355119453688,-1.75032863470599,7.1332869338212,0.129659471312191,-0.0045345718921133,1.19735223880963,0.038175563327011,-0.474514804490664,-1.1885015286718,29
69,7.45638582911581,4.96902012839323,-3.056296779476,7.1332869338212,0.12514550478491,-0.00224297051876168,2.08864508612945,0.498247590564912,-1.24872582554451,-1.86655937257868,30
69,7.65644537064603,3.26743451563994,-2.80542226956381,7.1332869338212,0,0,1.78956088581937,0.0117968903919457,-0.845252608138184,-1.66503412347705,31
69,7.91902351890444,1.26055485102047,0.20361333128442,7.1332869338212,0,0,0.599699131237282,-0.576174880874125,0.503861128599374,-0.0241021486031205,32
69,8.19410538850848,0.643523915971649,0.0268720365646811,7.1332869338212,0,0,0.736031552574329,-0.605057668959741,0.619599658645057,0.0531893776485104,33
69,8.38999702292349,1.23710957777837,-0.925516652054325,7.1332869338212,0,0,1.08860690112595,-0.563221960851745,0.457233260929905,-0.440415836602448,34
69,8.53170586484073,1.20472117981503,0.851837444689489,7.1332869338212,0,0,0.679042591819783,-0.412982556114659,0.773392323301295,0.543648418697626,35
69,8.8776421554034,0.976926007550563,-2.35905166327101,7.1332869338212,0,0,0.633122710739155,-0.691211417104038,-1.10060961456807,-1.39686006355957,36
69,9.01935099732063,0.782725770771816,0.187016639750492,8.98010453077463,0.12980339214003,-0.00460763605082906,0.233351730103728,-0.564742705286319,0.457953334941819,-0.405776291805887,37
69,9.42363798749628,3.8847904025058,-3.76127557542667,8.98010453077463,0.123169229213621,-0.00123967645666205,1.74591721679733,0.107242389836463,-1.85331323867989,-2.32307376228272,38
69,9.51533194403096,4.17270233997555,-2.17988588855482,8.98010453077463,0,0,1.92299994635126,0.180234720196301,-0.656995048708021,-1.24680798968106,39
69,9.89877939863054,0.299137406086592,-0.984404355639031,9.86816273469729,0.129945003218168,-0.004679527620955,0.682244736567808,-0.729067872845456,-0.082841761330606,-0.896264829484803,40
69,10.0029770765109,1.96066969217115,-1.85949927344286,9.86816273469729,0.12823516741238,-0.0038114967977162,0.868058849008691,-0.357299351711807,-1.00389151600158,-1.49810918379541,41
69,10.319738017267,3.58593700806667,-3.57227340053003,9.86816273469729,0.123037266562783,-0.00117268309506958,1.7323891893811,0.12543857712167,-2.00390688692356,-2.20349218821994,42
69,10.5698124441798,1.78749202700229,-1.85945619073546,9.86816273469729,0,0,1.14188666035329,-0.305842118658207,-0.490013001167793,-1.34436913279685,43
69,10.9699315272403,2.44704284364166,-0.446768945913302,10.9119632430894,0.129496175753432,-0.00445167178100371,1.55148330348145,-0.191260988912076,0.174117513760213,-0.297969901581817,44
69,11.1658231616553,3.4713685212434,-1.44978706040808,10.9119632430894,0.126281684438602,-0.00281977383331568,1.55591798011104,-0.00142419427358939,-0.418464737585607,-0.580401221224531,45
69,11.3742185174159,2.23134338905885,-1.18392949481219,10.9119632430894,0.122862012826974,-0.00108371218683631,1.38510488922562,-0.203099484090102,-0.17215500787765,-0.690376852617522,46
69,11.7159869008634,2.54943629530704,-2.12344514646592,11.545747082102,0.127653851684863,-0.00351638075919977,0.856677472783246,0.0351614523330995,-0.168674530663967,-0.831431750905933,47
69,11.982732956237,2.38425406990904,-0.90619057629218,11.545747082102,0.123276672022096,-0.0012942218517089,1.46248391550071,-0.180036127146948,-0.146650430103864,-0.699928315845637,48
69,12.0660910985412,2.23894883530226,-1.92303681102698,11.545747082102,0,0,1.55545391822604,-0.11602054593748,-0.551673800780889,-1.52942588177091,49
69,12.4620422744865,1.17055933401276,-0.515084005195878,11.545747082102,0,0,0.542528145888691,-0.71213990343648,0.259967569382457,-0.569609038437226,50
69,12.5787436737124,-0.911793863022111,2.29316615741698,11.545747082102,0,0,-0.19324310977951,-1.30630340010657,1.36931951239684,1.24340732229085,51
69,12.9080083358142,-0.0686734811961125,-0.518541644330844,11.545747082102,0,0,0.00641565738095629,-0.91176435789155,-0.0206401879619048,-0.602099221130161,52
69,13.1539148556118,1.29133294846243,-0.473197138539884,13.0672184853832,0.129024761119185,-0.00421234913278938,1.03280552643573,-0.427324412300771,-0.197726537425724,-0.495094451043942,53
69,13.3498064900268,3.73322514464189,-1.56391874235986,13.0672184853832,0.125810269804303,-0.00258045118509981,2.248846806679,0.110066746999454,-0.703199561724088,-1.50089430847353,54
69,13.5331944030962,2.60351903227653,-2.04899574042069,13.0672184853832,0.122800958786166,-0.00105271693620025,1.43642253118515,-0.0682601689603268,-0.867305859067379,-1.24985837417167,55
69,13.9874962786544,2.46548178525779,-0.749140872644416,13.9653616201249,0.130084189012317,-0.00475018794931463,1.27431412226777,-0.370970440501503,-0.28959698625457,-0.433653170452118,56
70,0,-0.744282758546939,0.868153879401364,-Inf,0,0,-0.942295424199219,0.00255574882862654,-0.403857196929771,0.474348297169262,0
70,0.14587674903245,2.51012605668219,-1.13955183034767,0.0181902093929239,0.128352131356529,-0.00387087577923413,0.595363131582157,0.643214318509792,-1.09774862547869,-0.591628622172041,1
70,0.362607919023519,3.66808860281661,-0.677943017987308,0.0181902093929239,0.12479567288049,-0.00206537166689683,1.11859409009515,0.917580374453996,-1.05559208760782,-0.123435880990523,2
70,0.729383745162251,1.92994771754615,-0.971212701885809,0.676486468988542,0.129579388654041,-0.00449391640025722,0.431957175955165,0.618583671723082,-0.762877755811183,-0.344268423551487,3
70,0.758559094968741,1.6542095110539,-0.903676680092689,0.676486468988542,0.12910063462842,-0.00425086776974985,-0.379902975252555,0.744555014098274,-0.732645286399538,-0.409954931881955,4
70,1.18785352783567,3.53103761596848,-1.79784925427151,0.676486468988542,0,0,0.701341129335034,0.986746805974436,-1.29312960159608,-0.750215668483647,5
70,1.40875260494195,2.95129041853027,-0.829893287444402,0.676486468988542,0,0,0.140903012725101,1.07387574014619,-0.150607922827715,-0.533639655896788,6
70,1.56296516820482,1.89109871513183,-0.66109436474299,0.676486468988542,0,0,0.109423985395624,0.656798181738434,-1.05028715723875,-0.100461463129337,7
70,1.91723727299792,-0.17911867146222,-0.496247796541246,0.676486468988542,0,0,-0.921299350572368,-0.00816404916091265,-0.727902910975102,-0.147931234620252,8
70,2.02143495087824,-0.41934606802176,-1.04421150999834,0.676486468988542,0,0,-0.565627668047833,0.041948692548516,-0.614650514439075,-0.586478515972904,9
70,2.45489729086038,2.76958961955233,-0.0257327220255136,2.15257490956798,0.125486437791125,-0.00241605167489001,0.558076996049761,0.657553448222717,-0.328359969763081,0.30979324924766,10
70,2.721643346234,1.24385731857973,-1.27629285496142,2.15257490956798,0,0,-0.260120501305272,0.274362897618216,-1.05889154434751,-0.746933859517001,11
70,2.7883298600774,0.710704154257808,-0.726552989307616,2.15257490956798,0,0,-0.421790492188987,0.435978329260224,-0.705946029103283,-0.355945673970224,12
70,3.22179220005954,2.86803926791577,-0.182036254750305,2.94236072985849,0.125862067077759,-0.00260674706084828,0.417017047441304,0.954125542981602,-0.883160938650277,-0.185610007191145,13
70,3.33432569217029,3.53297860399293,-0.955900774830717,2.94236072985849,0.124015444407507,-0.0016692737717498,0.430149119368139,0.919358148634198,-1.17380854636661,-0.647164261373834,14
70,3.6635903542721,0.225681344561083,0.475005790939762,2.94236072985849,0,0,-0.474638535249978,0.216951011423271,-0.226787291233572,0.160505820853578,15
70,3.80113128907413,0.394621159321704,-0.243399838758749,2.94236072985849,0,0,-0.810501353481991,0.382428415742504,-0.655832068515881,0.302934564240636,16
70,4.16373920809765,0.373062101204106,-0.528688035664636,4.07741035229276,0.129030791861291,-0.00421541075426021,-0.843406946818598,0.0965445203351117,-1.0203867462165,-0.2230458538965,17
70,4.32628758559095,1.72144707724191,-1.34773762656871,4.07741035229276,0.126363448004261,-0.00286128267000707,-0.283428417532731,0.586724338385644,-1.4135838893686,-0.628981091015295,18
70,4.61804108365585,3.51795749974769,-1.80434911865021,4.07741035229276,0,0,0.806685419464125,1.17359336341199,-2.01253712844776,-1.09377700487172,19
70,4.95564155998809,0.34713059571005,-1.36394327420668,4.07741035229276,0,0,-0.413170981599118,0.351422925525166,-1.14143652626467,-1.17257381826971,20
70,5.15986900863352,1.55746959586648,-2.0616480120306,4.07741035229276,0,0,0.0187877718232913,0.666767721834481,-1.47761089077113,-1.20642475316939,21
70,5.41411134266151,0.245790947628236,-1.88173452372587,4.07741035229276,0,0,-0.577141450345098,0.292645457138362,-1.49682719990873,-1.28552323046017,22
70,5.68085739803513,3.53209827863672,-2.23069180988681,5.45098375262728,0.126675288111204,-0.00301959425982877,1.02407385927479,1.09226982269413,-2.33126812420533,-1.2579431856356,23
70,5.93509973206311,3.76161067292429,-1.54736529542665,5.45098375262728,0.12250328874508,-0.000901599051125093,0.538792117194778,1.1705824672145,-1.53764489859088,-0.783210102539483,24
70,6.07680857398035,2.50292016184033,-0.985584087407128,5.45098375262728,0,0,0.0301032550940915,0.681143422268214,-1.23461911209973,-0.530668448387773,25
70,6.42274486454302,1.68795596975123,-0.490689209669472,6.26320905612173,0.127829499554568,-0.00360555175702378,-0.0325257267942058,0.455854350313414,-0.60139288328123,-0.374556225460301,26
70,6.58946114915153,2.82948867952011,0.167764944611857,6.26320905612173,0.125093762265306,-0.00221670243984112,0.534838106098606,0.818372657137713,-0.599652561444008,0.199996006472403,27
70,6.95623697529027,0.846396751558598,0.119667580360128,6.26320905612173,0,0,-0.358659992859977,0.29816142887454,-0.367494514380508,0.125010029567227,28
70,7.24382256623995,-0.458410605219915,-0.4120520484841,6.26320905612173,0,0,-0.827336894881567,0.246678123402146,-0.398050550367901,-0.166521459274101,29
70,7.3563560583507,-0.718357276311893,0.357294402629816,7.30154579369029,0.129547997395841,-0.00447798002811604,-0.95903436350844,-0.083563268563087,-0.291030919008076,0.232617786382099,30
70,7.70646025602858,2.84846950499026,-0.688782805579061,7.30154579369029,0.123802949088391,-0.00156139646203211,0.387002779391885,0.931972167014799,-1.18679026829522,-0.128604380134682,31
70,7.91485561178922,2.75228215332386,-2.13338391189444,7.30154579369029,0,0,0.0312179078157466,0.841003816300812,-1.54653559020478,-1.45624966445027,32
70,8.08573980351295,-0.067702684354503,-0.439020524468901,7.30154579369029,0,0,-0.85020291963518,0.263317239663762,-0.558466291883287,-0.31387221212224,33
70,8.29413515927359,2.0199559089521,-0.832410132653328,7.30154579369029,0,0,0.410741840501831,0.551623198788185,-0.554070485740624,-0.510847611288204,34
70,8.6525751711819,1.99728399897287,-1.32523135335838,7.30154579369029,0,0,-0.0490149935727722,0.655953745164105,-0.841076788104856,-0.720940920844109,35
70,8.84013099136648,0.0809021170900246,0.368884289808311,7.30154579369029,0,0,-0.539886252385365,0.142419248304634,-0.136201530139292,-0.293741438754987,36
70,9.04852634712712,1.74230097789059,-1.28998930948915,8.95035884809644,0.12883652518963,-0.00411678756577571,0.0378443448434633,0.659280593617012,-1.51260703823557,-0.9471557482569,37
70,9.34861565942245,4.80905046009442,-3.08551697755752,8.95035884809644,0.123912198068958,-0.00161685879484687,1.26097298880868,1.3581106489727,-1.82395576344911,-2.37744966387664,38
70,9.71955939267639,0.487105629686961,-0.488573504815037,8.95035884809644,0,0,-0.535816544726456,0.219441849448574,-0.635077308415186,-0.338422567062151,39
70,9.91961893420661,-0.171692341077375,-0.295125976591847,8.95035884809644,0,0,-0.585505222888508,0.114581114237946,-0.764997041713628,0.0794792607852395,40
70,10.0613277761238,0.664411213204687,-0.00085663769477419,8.95035884809644,0,0,-0.212231439538225,0.173117025068657,-0.146198877373239,-0.152701622691846,41
70,10.4072640666865,3.06797261541364,-2.83325923776177,10.0904211759406,0.125248162932321,-0.0022950868891938,0.559001390995352,0.90042272988703,-2.12266741799188,-1.48727658948013,42
70,10.749032450134,2.1209120080557,0.107954863034381,10.7090463099589,0.129791254437143,-0.00460147411399649,0.390319931807421,0.714516133657263,-0.0914503315632796,0.220183767030814,43
70,10.9282524560881,2.34499597160488,-0.925198783005397,10.7090463099589,0.12685033685124,-0.00310846109802716,0.215102164637175,0.604246677820927,-0.228036824706367,-0.323189039262092,44
70,11.1658231616553,3.89902682992703,-3.00415572281804,10.7090463099589,0.122951911214041,-0.00112935082104146,0.804659046400418,1.23019580621951,-1.74088975941986,-1.40246653241275,45
70,11.3242036320333,2.72196934995943,-2.41700539433971,10.7090463099589,0,0,0.370313278941084,0.866550590389787,-1.72319375678433,-1.34978494638676,46
70,11.6493003870199,-0.855300404802967,0.689842913650214,10.7090463099589,0,0,-1.34897509345947,-0.0153765803999634,-0.039611594847728,0.303509970618087,47
70,11.924382256624,0.793960083360051,0.421083248296969,10.7090463099589,0,0,-0.489099544816409,0.337389961146371,0.104399901566217,0.555581528994101,48
70,12.061923191426,3.16412685259882,-0.308601294509075,12.0051223935595,0.129515333664552,-0.00446139766070749,0.768793230253549,0.899111890199063,-0.42706996824504,0.16538323827484,49
70,12.3245013396844,2.9363401837328,-1.54854394250339,12.0051223935595,0.125206547433966,-0.00227395998614571,0.48054089283247,0.93896416675049,-1.34800000532135,-0.880124716145887,50
70,12.6954450729384,1.67775462382948,-2.74519014920938,12.0051223935595,0,0,0.105077589837736,0.384709184183392,-1.14971454066893,-1.98921854374064,51
70,12.845489729086,-0.389325963307436,-1.34086025368209,12.0051223935595,0,0,-0.605035568435106,0.156776298226146,-0.94907092890463,-1.14962581911323,52
70,13.0163739208098,-0.461596770473513,0.650937434413175,12.0051223935595,0,0,-1.03342190521765,0.0141322105974214,0.322993715422536,0.466636587875793,53
70,13.3664781184876,5.50119325890689,-3.05975991057915,13.2085585585348,0.127856021445994,-0.0036190161020746,1.3159988825238,1.64811147159555,-1.62100680082078,-1.71529284138791,54
70,13.7332539446264,1.88375796204126,0.233925908999007,13.2085585585348,0,0,0.338505245787707,0.776520380269655,-0.674997213434805,0.690353125552088,55
70,13.7874367371241,1.65527088408738,-0.610818967883984,13.2085585585348,0,0,-0.0579500647039925,0.523379871723875,-0.708095791290204,-0.512031763841111,56
71,0,0.913817576143361,0.336351729126513,-Inf,0,0,1.22118066924371,0.457868605607827,0.104999519949673,-0.134196036598461,0
71,0.137540934802024,0.277360342077972,0.574529971881953,-Inf,0,0,0.493383763424439,0.416134156394773,0.318964720310135,-0.0833730664410878,1
71,0.43763024709735,2.00199999256859,0.296848115245562,0.347129690588918,0.128962336178023,-0.00418065791840361,1.50649455472576,0.679587408460311,-0.403455808356092,0.168333282155757,2
71,0.658529324203632,1.25652407501128,-0.644766172130142,0.347129690588918,0.125337484269751,-0.00234043257313682,1.63568790690298,0.716862471076605,-0.249083607250172,-0.674262939601578,3
71,0.816909794581721,1.92445656481811,-1.9835959404257,0.347129690588918,0.122738533844953,-0.00102102572181319,0.879808608709999,0.826692352726256,-0.795536822297761,-1.76581622635734,4
71,1.14200654956832,-0.932370372282279,0.743192756555546,0.347129690588918,0,0,0.407817054032133,-0.0505344677131822,0.165945123621072,0.307447506164847,5
71,1.35456981244418,0.502247989963816,2.18047007427185,1.23796876994714,0.12853403924857,-0.00396322479704651,0.999614259784563,0.283005002832288,1.1903680233919,1.23901292818276,6
71,1.66716284608514,2.71725293185793,-0.65698839011867,1.23796876994714,0.123404531831205,-0.00135913232732962,1.94269616153881,0.710310543732547,0.0460374137460959,-0.524938912580069,7
71,1.95474843703483,1.17649633566811,-0.198537881538004,1.23796876994714,0,0,1.27356089376757,0.729732754096571,-0.932239327533143,-0.418225096544386,8
71,2.03810657933909,-0.677068908912822,0.874086177306701,1.23796876994714,0,0,0.752546839797965,-0.122921169623428,1.02141162082775,0.288466365315177,9
71,2.32152426317356,1.06449863799349,0.0260975437295309,2.30003915195926,0.130094847784,-0.00475559907845154,0.743871190076199,0.481779694605551,0.103132173748903,-0.107806648091103,10
71,2.53825543316463,3.07729371734137,-0.573403777365037,2.30003915195926,0.126538389307973,-0.00295009496611483,1.89992561996101,1.03362342114863,-0.339957247926928,-0.336193433237975,11
71,2.77999404584698,2.97202740393527,-1.33371178506491,2.30003915195926,0.122571570238544,-0.000936263456200126,1.5669087208005,1.00323912708334,-0.625648349062205,-0.687855104911474,12
71,3.23429592140518,4.84599610491008,-2.4937317890201,2.98631708048678,0.126378190208583,-0.00286876683177399,2.49585829149922,1.4251555433539,-0.828939988824984,-1.61441963274635,13
71,3.25513545698124,4.610685361138,-2.49215951324711,2.98631708048678,0.126036223047439,-0.00269516066712644,2.27600290420435,1.40960405096306,-1.15611508582913,-1.66142373446365,14
71,3.65108663292647,1.24316980067506,-1.40429875474091,2.98631708048678,0,0,1.32793405820512,0.549573107037467,-0.974471375087187,-0.716448013806488,15
71,3.85114617445668,1.50430446123435,-0.305341257048893,2.98631708048678,0,0,1.10205739339579,0.577516016803627,-0.0382279848759448,-0.344041670173007,16
71,4.03870199464126,0.836674989581538,0.595594795971282,2.98631708048678,0,0,1.06006306191997,0.270731335994638,0.47759661728567,0.524056229172058,17
71,4.40547782077999,0.312413069547696,1.52392939754407,4.34831271429295,0.129509355528248,-0.00445836274555307,0.815394070208366,0.25681851149322,0.919895097797856,1.16997808713869,18
71,4.61804108365585,3.07979027222933,-1.65817046732815,4.34831271429295,0.126021290484439,-0.00268757986614507,1.98439850959392,0.960034362462073,-0.694188361217189,-1.37469475125029,19
71,4.96397737421852,2.53715474565253,-2.47176284570338,4.94192425686902,0.130085527065475,-0.00475086723755935,1.61268336924927,1.00418482017189,-1.57898610086554,-1.63166739982004,20
71,5.10985412325097,4.26192624213756,-2.5827952231059,4.94192425686902,0.127691756937371,-0.00353562408502466,2.2781801410664,1.30634568762627,-0.919834686389688,-1.81103807166844,21
71,5.45162250669842,4.68482970333081,-2.76121197801627,4.94192425686902,0,0,2.56109895045883,1.28691627109671,-1.7241931677784,-1.72281302754274,22
71,5.5724918130396,1.62831285515813,-2.57900439422443,4.94192425686902,0,0,1.36267604864765,0.582955702135838,-1.5564860214849,-1.62868180086699,23
71,5.98928252456088,-0.294457200209482,0.438893466745352,4.94192425686902,0,0,0.462991333985473,0.33440080411748,0.358355975066088,0.247408867297417,24
71,6.14349508782376,-1.95002450061819,1.94932250152712,4.94192425686902,0,0,-0.520780362316615,-0.213736614114743,0.826679503785324,1.31473448998346,25
71,6.47692765704079,-1.57415204017983,0.702100813239101,6.47525094143437,0.0531137293408261,-0.00167897768650779,-0.257189127896508,-0.29677673838587,0.37661216478826,0.542906797628921,26
71,6.55611789222983,-0.30054622706074,0.993644111123673,6.47525094143437,0.129120419201775,-0.0042609117865122,0.794609411562102,0.000910075337558186,-0.782773929036412,0.269857995213175,27
71,6.87704674010122,3.77226044829824,-1.08022103030641,6.47525094143437,0.123854124919946,-0.00158737685093542,2.31180934188358,0.988192535884125,-0.987835633097417,-0.964217911260997,28
71,7.18963977374219,1.94761806289548,-0.38542308637781,6.47525094143437,0,0,1.62389771016385,0.573207758088053,-0.308238896442488,-0.308165537330867,29
71,7.41470675796368,0.103926498875748,-1.13437859307337,6.47525094143437,0,0,0.588844624768443,0.245289461166811,-0.932340928926067,-0.727078755443151,30
71,7.5814230425722,-0.959681473387997,-1.93456265411423,6.47525094143437,0,0,-0.175535307667303,-0.099092083989651,-1.30957838299488,-1.20336669652258,31
71,7.89818398332837,2.01013405339192,0.255413647090602,7.76885261492481,0.128325140475619,-0.00385717334271977,1.20341326416128,0.766104375115777,0.285901593817221,0.151710157466612,32
71,8.14409050312593,3.36174280472192,-2.16189624522323,7.76885261492481,0.124289927973933,-0.00180862059987465,2.08716316562549,1.1638658453923,-1.41449412135203,-1.41701639512606,33
71,8.30663888061923,2.2586089619645,-1.35422685773325,7.76885261492481,0,0,1.57509459887857,0.72762446733637,-0.995604393501033,-0.885444056952672,34
71,8.51920214349509,-1.87823503490324,0.210442357768941,7.76885261492481,0,0,-0.222477769386297,-0.25674454919863,-0.0775128982398397,-0.121410236952981,35
71,8.78594819886871,0.217255888820249,0.399207252624991,7.76885261492481,0,0,0.594791753242383,0.243245053655842,-0.393741067365867,0.0326874375889045,36
71,9.20690681750521,1.61584294650355,-1.33068582625619,9.05677013158297,0.127983734816965,-0.00368385223556102,1.25298567817867,0.672274154115164,-0.78789057231773,-1.19555739687033,37
71,9.27359333134862,4.06346004646613,-1.10346818520157,9.05677013158297,0.126889439901261,-0.00312831250868792,2.68378443814942,1.31797129781628,-0.690954484254131,-0.925159803460364,38
71,9.5278356653766,3.59696961671864,-3.22806432826605,9.05677013158297,0.122717440535188,-0.00101031729998555,1.97222345818951,1.18680281690268,-1.58754853263725,-2.20973550142781,39
71,9.7862459065198,1.71945034947558,-2.10000588703739,9.05677013158297,0,0,1.15437745554463,0.720653578219114,-1.47672783761729,-1.33692114894459,40
71,10.2238761536171,2.14376104679577,0.658151318404826,10.1219314612986,0.128774543190934,-0.00408532121963301,1.36770872209157,0.678520883975111,0.132020273310671,0.265427057982716,41
71,10.3114022030366,3.12598690582098,0.000158895278272536,10.1219314612986,0.127338281114072,-0.00335617532811286,1.87859587514252,1.13560499785751,0.089016548002574,-0.140088905974924,42
71,10.6990175647514,0.906123643223754,-0.181211755455213,10.1219314612986,0,0,1.24576669007836,0.430191674045403,0.0970083912807021,-0.112368697996128,43
71,10.9032450133968,0.570525497318203,-0.645060389200379,10.8416111727532,0.129436025663075,-0.00442113543811364,0.926378779171257,0.348878808678505,-0.395395801308881,-1.02944439402606,44
71,11.1074724620423,4.49309516015517,-0.815053673461176,10.8416111727532,0.12608474748373,-0.00271979502456532,2.16814584825775,1.36988928823712,-0.90408304499236,-0.765244638954245,45
71,11.4325692170289,3.33392804894496,-3.20079474856775,10.8416111727532,0,0,2.13323140423095,1.01471301657293,-1.22968170241092,-2.13393708222635,46
71,11.590949687407,0.703689657766444,-1.3781980631333,10.8416111727532,0,0,0.862220180089166,0.236263463005519,-0.366858514168739,-0.850738563824978,47
71,11.9327180708544,3.43370693074066,-2.54437881286187,11.6568770503894,0.125920984700926,-0.00263665771820273,2.12986476970136,1.0378163958888,-0.854814927547558,-1.53362716763469,48
71,12.0660910985412,3.96366140545796,-0.691121791557073,11.6568770503894,0.123732394869466,-0.00152557826445524,2.48068107078771,1.25896410076168,-0.382281144659595,-0.90044150571196,49
71,12.3703483179518,1.50734713308132,-1.13603268300136,11.6568770503894,0,0,1.59265215595256,0.544724676411239,-0.170367612788075,-0.804432564478498,50
71,12.5787436737124,-0.771171210012748,-0.775019766358043,11.6568770503894,0,0,0.270173719482401,0.0183717941615882,-0.576644389492194,-0.642106128193671,51
71,12.8663292646621,-0.279008497741305,-0.466167919605856,11.6568770503894,0,0,0.398621424162025,0.282192629307749,-0.246917316014869,-0.2419459064776,52
71,13.1997618338791,-1.33591726345529,1.81120818195283,11.6568770503894,0,0,0.331689452286651,-0.177787884239454,0.505313914894354,0.896193406503422,53
71,13.2872878832986,-0.424209129426514,-0.0691860319013227,13.2593024720921,0.129988180861066,-0.00470144757653414,0.677198941422262,0.20959031263184,0.297094085263487,0.0651978924714568,54
71,13.5165227746353,2.58059426358333,-1.39463148078934,13.2593024720921,0.126226542088384,-0.00279177976540965,1.95545167215923,0.721997444723667,-0.666118863140281,-1.05573911856562,55
71,13.9749925573087,3.02656242933459,-0.494630356333871,13.7903985828045,0.127418306613756,-0.00339680180235845,1.50691981342772,1.08783138779181,-0.181727866843463,-0.417750950711554,56
72,0,-0.0401653132267259,-0.538288640196749,-Inf,0,0,1.18684828657313,0.0302589877644111,0.257290891480702,-0.00675215369521448,0
72,0.179220005954153,-0.207442317955836,-1.38593289995904,-Inf,0,0,0.739349987183886,-0.0721813213987358,-0.577927423696077,-0.787212411283984,1
72,0.491813039595118,1.66356400542786,-0.760245998804615,0.424573832633905,0.129344044188757,-0.0043744392848209,1.52295950077738,0.405850336202911,-0.04105526874994,-0.442511375550846,2
72,0.608514438821078,3.88007994471358,-1.53938253967612,0.424573832633905,0.127429028086274,-0.00340224476279315,2.10898133786931,0.881629436677956,-0.267451437556555,-1.00813773775528,3
72,0.925275379577255,4.98787647862096,-1.80650215292481,0.87610848059233,0.230937787422303,-0.00533645508813191,3.00262917933316,1.29106221900929,-0.12076580611245,-1.10971993022324,4
72,1.04614468591843,3.46849815588587,-2.58433078963506,0.87610848059233,0.127657192887393,-0.00351807698450429,2.05014964134719,0.849348998377414,-1.26778059418252,-1.94959317021917,5
72,1.27121167013992,3.98181918681588,-1.61545382592044,0.87610848059233,0.123963947546889,-0.00164313040630799,2.58866435960119,1.02909318589967,-0.637424909387633,-1.04704628888654,6
72,1.58380470378089,0.864756652723291,-0.434546799823992,0.87610848059233,0,0,1.37931360216882,0.173139249079461,-0.0161511434727994,-0.322478759517473,7
72,1.98392378684132,-1.05762561731084,0.21692884766042,0.87610848059233,0,0,0.355201094053037,-0.258348527896406,0.623204888545938,0.276254162652959,8
72,2.14647216433462,0.199694740766669,2.92182224546928,0.87610848059233,0,0,0.667436858582181,0.19905269810081,2.60871105847044,1.4502370809886,9
72,2.27150937779101,-1.03203433568331,2.48040126997609,2.26961580330613,0.0599173974898801,-0.00192531485517025,0.168040766719169,-0.119430783792755,0.92980264274861,1.45693503749333,10
72,2.54659124739506,1.85582096071127,-0.823510357878004,2.26961580330613,0.125902369332766,-0.00262720727081944,1.83053082131641,0.593408253922714,-0.108688101531867,-0.710849408196013,11
72,2.7549866031557,2.03800985861723,-0.258574143812464,2.26961580330613,0.122482697721189,-0.000891145624341394,1.70351188904361,0.646010304106412,0.0516788784865163,-0.0365231730000875,12
72,3.06341172968145,0.876738261613019,-2.12014430546365,2.26961580330613,0,0,1.5307770327001,0.158120371574973,-0.789030037847078,-1.04568648958925,13
72,3.48020244120274,0.338401684669277,-0.959448211304094,2.26961580330613,0,0,0.973422757160244,0.0164886687032091,-0.246604349693613,-0.70555197896417,14
72,3.59273593331349,-0.0896943472705853,-0.872894026174903,2.26961580330613,0,0,0.833213428873427,0.0719671690401794,0.014989053648808,-0.486872037645046,15
72,3.89282524560881,2.70461746933266,-0.809683852126471,3.63287415154672,0.126181731059805,-0.00276903059039355,1.77187574765854,0.766569199637183,0.0840028824382884,-0.531846929402285,16
72,4.17207502232807,6.94045277165853,-2.75041724023357,4.00461674776609,0.127699495541492,-0.00353955273529825,3.55660594451373,1.751235821039,-1.34562187534758,-1.72832200365361,17
72,4.3096159571301,5.86026226736379,-1.61612687241086,4.00461674776609,0.125442512277851,-0.00239375204862233,3.53658512345067,1.43763853270636,-0.82153118307424,-1.10754171761444,18
72,4.67222387615362,0.986213971318834,-1.54925424729424,4.00461674776609,0,0,1.37007099501204,0.298700120541424,-0.957470733929074,-0.834119148665576,19
72,4.80559690384043,-0.793457205945041,-1.58970990270924,4.00461674776609,0,0,0.666492222130765,-0.0308100411965273,-0.75209948660472,-0.944354629512056,20
72,5.00565644537065,2.02166684878849,-0.906150438730502,4.00461674776609,0,0,1.66559064073386,0.477912290846332,0.386855213261086,-0.308835975788434,21
72,5.45162250669842,5.49923678351278,-2.37337533654256,5.09762439072634,0.124638462833878,-0.00198556098231414,2.88192276807164,1.36994206027974,-0.707382014664547,-1.09326161460236,22
72,5.61000297707651,4.28947242357537,-2.54670276707075,5.09762439072634,0,0,2.49387808495906,1.01250873852652,-0.744593814647368,-1.26775621151805,23
72,5.75587972610896,1.46546368445777,-2.2779270176383,5.09762439072634,0,0,1.58663497704781,0.374210462561853,-1.06699212628078,-1.49526320575882,24
72,6.00595415302173,-1.24419807897485,0.398615090329708,5.09762439072634,0,0,0.0683341550866631,-0.310253019413653,0.792939376948554,0.317022721287612,25
72,6.26853230128014,0.0287268515638278,-1.16210408432397,5.09762439072634,0,0,0.6108828106067,-0.0502639859374165,-0.22274396647074,-0.273641097872778,26
72,6.67281929145579,1.19066276482984,-0.578898894329348,5.09762439072634,0,0,1.06555157505519,0.389628789159084,0.141847324981941,-0.124759317387435,27
72,6.93122953259899,2.29388414548539,-0.14568608074803,6.84433833736783,0.129021564130831,-0.00421072612054237,1.68046991456596,0.533461309097788,0.0806638416962084,0.187182600476952,28
72,7.17713605239655,4.85357745840555,-2.14753779125759,6.84433833736783,0.124986351629171,-0.00216217337769811,2.57611474866889,1.19132597587401,0.00534817435759816,-1.31748740702734,29
72,7.29383745162251,6.50334215752139,-3.62573060598242,6.84433833736783,0.123071335526688,-0.00118997885567013,3.21978164682523,1.7406233585971,-1.70167999264332,-2.11104007830826,30
72,7.66478118487645,1.08566843560308,-0.971171329204652,6.84433833736783,0,0,1.22475346742485,0.360414543312239,-0.123304468461989,-0.784625682661616,31
72,7.95236677582614,2.17134333346745,-1.40465824465795,7.79472525966031,0.127860584016245,-0.00362133237804589,1.69235380454701,0.650139066375425,-0.544206746978894,-0.606575650908441,32
72,8.03989282524561,3.3732056243996,-2.03558398611004,7.79472525966031,0.126424321939357,-0.00289218648652416,2.11428654421315,0.780034045503113,0.0138439896397591,-1.11490056175672,33
72,8.40250074426913,4.23812643988601,-1.89127746004945,8.36249003914149,0.129790851337607,-0.00460126947281402,2.70110663738435,1.03624383843139,-0.903876777568227,-1.42613227842661,34
72,8.59839237868413,2.22047976849566,-1.19846520988806,8.36249003914149,0.126576360022778,-0.00296937152512598,1.68772153974389,0.465448189107023,0.322161725474361,-0.652979858481504,35
72,8.96933611193808,0.70542497170657,-1.68117568447834,8.36249003914149,0,0,1.09327820456109,0.278925405396466,-0.059062868117639,-0.881405273190314,36
72,9.2360821673117,0.292111323905392,-1.38116128988958,8.36249003914149,0,0,0.637958152041198,0.279961740864753,-0.992989442513207,-1.1553847178484,37
72,9.28609705269425,0.0367006041622605,-0.668748937138331,8.36249003914149,0,0,0.52199180849606,0.190058938468252,-0.479816545150111,-0.463972810447384,38
72,9.68621613575469,1.56397980825374,-0.463831342608636,8.36249003914149,0,0,1.47321673147296,0.405881960566256,-0.282607449536439,-0.532802613136644,39
72,9.9821375409348,2.35850260878654,-1.30502278894906,9.73784618268972,0.126438700097432,-0.00289948583324935,1.79644024738011,0.65358283986977,-0.234021509137193,-0.693111713535391,40
72,10.2197082465019,3.50090941032741,-2.37603924904736,9.73784618268972,0.122540274460285,-0.000920375556265618,2.36390377886201,0.823820168151272,-0.799041337020018,-1.30013836402079,41
72,10.3114022030366,2.69745033798382,-1.41609797773374,9.73784618268972,0,0,1.70011153582927,0.757583298967756,-0.430784993853706,-0.528380801376442,42
72,10.5864840726407,0.667751107679418,-0.660897240057701,9.73784618268972,0,0,1.00121097540408,0.108360068631192,-0.164346463730735,-0.213094581673704,43
72,10.8782375707056,-0.75123707250622,-0.0721479845163913,10.8674165602594,0.130269840756061,-0.00484443760496608,0.58413870705878,-0.173056997951529,0.6573054166094,-0.179427441023772,44
72,11.1158082762727,1.75982183841884,0.498308437835539,10.8674165602594,0.12637141511881,-0.00286532732797884,1.40478238844603,0.580547830768788,0.713012110588386,0.453486495425,45
72,11.4325692170289,0.836990140023246,-0.492178203573002,10.8674165602594,0,0,1.1264529583384,0.127905950021945,0.0165255898077165,-0.0944037820024525,46
72,11.5534385233701,0.131380741352978,-0.122596429232677,10.8674165602594,0,0,0.488178950229379,0.215058575524778,0.777543702529374,-0.10994389521108,47
72,11.9785650491218,0.385302516388285,-0.681290198477902,11.9686925978203,0.130285406173802,-0.00485233968677543,0.87350357250885,0.15818743083761,-0.29464633598601,-0.252784959065242,48
72,12.0369157487347,2.22396213100919,-2.05412780476749,11.9686925978203,0.129327898122561,-0.00436624242576156,1.58130331603613,0.595073373998462,-0.323952944330783,-1.11655102524467,49
72,12.3453408752605,2.88772753616102,-1.19666417323819,11.9686925978203,0.124266784137478,-0.00179687118897548,1.881298867656,0.752238854094115,0.0201787738701703,-0.725947638095897,50
72,12.7371241440905,1.85295880580872,-0.106208780232755,11.9686925978203,0,0,1.55924292393316,0.586608829613394,0.172250251801895,-0.285820537059174,51
72,12.9746948496576,-0.665911830286434,0.961131034436034,11.9686925978203,0,0,0.382903373026748,-0.0431095616951107,0.765554598384042,0.780151854602494,52
72,13.0163739208098,-0.31388448316459,1.14140788959268,11.9686925978203,0,0,1.06279075869945,0.0571118285282852,1.0372624052803,1.2553760917616,53
72,13.4623399821375,4.71422085329646,-0.958241487510818,13.0727446339111,0.124054328681023,-0.00168901411632404,2.64258880590471,1.20968133675222,-0.0581580272336891,0.0376502281765245,54
72,13.5165227746353,3.81237614185732,-1.50147925430535,13.0727446339111,0.123165214062064,-0.00123763808824073,2.22529869453847,1.03073282776089,-0.75134712320735,-0.72423205829104,55
72,13.9541530217327,4.3959522542294,-2.9985514430925,13.6956422496587,0.126205366078948,-0.00278102935952779,2.54153750877796,1.1287719343499,-1.16535110606683,-1.95924645385055,56
73,0,0.234539801530366,0.150852286011742,-Inf,0,0,-0.445107619939857,-0.749811073537003,0.134795212449264,-0.00923981170161586,0
73,0.0458469782673415,-0.372007117666857,0.0347093719411604,-Inf,0,0,-0.706402270246557,-0.919203215656557,-0.626446593710091,0.025659582406334,1
73,0.304257219410539,1.59559145995823,-2.08131575612223,0.221288511611056,0.129085930339316,-0.00424340285637484,0.323653191455089,-0.404918289271994,-1.69168844685533,-1.04157786884389,2
73,0.61268234593629,3.43851025268995,-0.186585062193213,0.221288511611056,0.124024816354182,-0.00167403161958701,1.20500343065228,0.0479105402352708,-1.06220904114276,-0.108199417944471,3
73,0.841917237272998,0.606513835215229,0.233527933860726,0.221288511611056,0,0,-0.0579578152396095,-0.379005484463931,-0.197231056684675,0.29398684846584,4
73,1.24620422744865,0.955693627906221,0.219961771463932,0.928736004347985,0.125237901517003,-0.00228987748558993,-0.361361471645768,-0.534949162647914,-0.804737574465748,0.286156363950988,5
73,1.34623399821375,1.6599006734425,-0.452927341529029,0.928736004347985,0.123596459143439,-0.00145656789528043,0.481169790701196,-0.361145908565254,-1.04641495847581,-0.227295577693102,6
73,1.73384935992855,1.47408916545948,-0.554418246209309,0.928736004347985,0,0,0.45422175127426,-0.239798123051176,-0.412625991988551,0.0373768405916073,7
73,1.83804703780887,1.70711873570408,-2.46556332818031,0.928736004347985,0,0,0.5556717936697,-0.365173361743526,-1.53654585592911,-1.30807988756007,8
73,2.15480797856505,-0.524181636277744,1.84275963366268,0.928736004347985,0,0,-0.721902113719492,-0.761174315449451,0.926044034336123,1.56116559665857,9
73,2.3965465912474,-0.782503461685403,1.68713755814147,0.928736004347985,0,0,-0.634372917320113,-0.883157422190753,0.340481224236247,1.23981178644584,10
73,2.51324799047336,-0.65809401164136,1.64297677413515,0.928736004347985,0,0,-0.736747764707942,-0.962356164864113,0.375703236055268,1.00834188707935,11
73,2.84251265257517,3.14047250630854,-0.825168294033315,2.54911110887411,0.125632824618947,-0.00249036774561184,0.949373122700155,0.142874197486151,-1.21655501813419,-0.521684876925467,12
73,3.10925870794879,2.25750010784979,-2.83339343738845,2.54911110887411,0,0,0.63877688271404,-0.211657848109749,-2.14338773008426,-1.62795551999789,13
73,3.45936290562667,1.52754319268307,-2.37824472259412,3.43436428962204,0.130037192791906,-0.00472632941987874,0.235484534718281,-0.390211855668901,-1.46609191685429,-1.27727181862596,14
73,3.68442988984817,3.66009952954138,-1.23488302900049,3.43436428962204,0.126343947451403,-0.00285138284168265,0.881758490841468,0.145274406586382,-0.691197961935646,-0.65847107900077,15
73,3.78029175349806,3.23020701506543,-1.54922024352383,3.43436428962204,0.124770898510079,-0.00205279448430284,0.747062294101041,0.0264672846795043,-1.74851971993807,-0.842816525113617,16
73,4.20125037213456,1.66426290976769,-2.2550560243922,3.43436428962204,0,0,0.242308519900446,-0.36599008286147,-1.57090516961586,-0.862428274762157,17
73,4.46382852039297,-1.18452694161178,1.84507381481538,3.43436428962204,0,0,-1.00729155962049,-0.999742316194498,0.0287156028897355,1.12150927062281,18
73,4.50133968442989,-1.61337499215353,2.06910732437955,3.43436428962204,0,0,-0.965859716749098,-1.17896246828499,0.338758088973685,1.40017524315381,19
73,4.83477225364692,2.01002156625928,-1.35442422346209,4.66515552796638,0.127664076354783,-0.00352157150827434,0.7726987714957,-0.280517823343132,-1.22244372353433,-0.506809309594997,20
73,5.18904435844001,5.8823340752985,-3.03524123186512,5.0545685090035,0.128240721916095,-0.00381431664766663,1.78876605080536,0.825499495581221,-2.03175926512713,-1.8355495893471,21
73,5.42661506400715,4.54412162122535,-1.71320171783141,5.0545685090035,0.124342296278898,-0.00183520637068138,1.51194869002426,0.487656180882677,-1.27191298492328,-0.778065681795425,22
73,5.55165227746353,3.55490123799207,-1.97295510278918,5.0545685090035,0.122290493311952,-0.000793569382794193,1.26523525570461,0.145399764704225,-1.08169640139666,-1.0033683910354,23
73,5.81839833283715,2.03989638952732,-0.567163774691179,5.0545685090035,0,0,0.210983634006229,-0.210467280811061,-0.970038451706163,0.0585357480028938,24
73,6.07680857398035,-0.0046810626430823,0.439949902059222,5.0545685090035,0,0,-0.240707506310009,-0.847120058625565,-0.361752647171388,0.261921120705679,25
73,6.45608812146472,3.32935435552205,-1.33099409045444,6.24954526628224,0.127058135611419,-0.00321395410985714,0.422396512039597,0.0714992073713687,-1.30787188895377,-0.656978363764669,26
73,6.60613277761238,3.88454803269116,-1.67164354287156,6.24954526628224,0.124595972051083,-0.00196398972439296,0.928886766485255,0.198059550066923,-1.23393597036822,-1.01456466902848,27
73,6.97707651086633,1.53101172729373,-1.52688794699822,6.24954526628224,0,0,0.398538047940332,-0.276095168167002,-1.11056314129339,-0.735722012086635,28
73,7.18963977374219,0.663042638768898,-0.15171817042572,7.17458340880604,0.13020034054351,-0.00480915449386768,0.0380440356795405,-0.519573222418307,-0.939070274985478,0.209976266439483,29
73,7.32718070854421,2.56137859342438,-0.0642738490094711,7.17458340880604,0.127943357279869,-0.00366335380719245,0.468180190904727,-0.226946268228279,-0.593922966387932,0.130195494588254,30
73,7.63143792795475,1.24573040269991,-0.67764590461653,7.17458340880604,0.122950636726966,-0.00112870380333389,0.0837612728456425,-0.478564432117837,-0.348932248068316,-0.126874247780267,31
73,7.75230723429592,-0.592082029907099,-0.607685559904096,7.17458340880604,0,0,-0.984409100659663,-0.80444912233869,-0.457916018754135,0.100194385534204,32
73,8.17743376004763,2.62775479022765,-1.46274535641309,7.17458340880604,0,0,0.597823657200527,0.133050306693762,-1.0924168084023,-0.779240010713533,33
73,8.42750818696041,4.7092246756195,-2.59944553948657,8.23188134029937,0.12723726227344,-0.00330489118308391,1.43926197155355,0.230294304851694,-0.901463309380344,-1.16460392332595,34
73,8.51503423637988,3.68881844264508,-1.23859537338167,8.23188134029937,0.125801000196577,-0.00257574529156288,1.24482925399789,0.0737758008969093,-0.795667886420662,-0.731070159905893,35
73,8.76927657040786,3.49711940548867,-0.0840390744106242,8.23188134029937,0,0,0.848997671777309,0.0623458176243532,-0.587187950799689,-0.234143026815881,36
73,9.06103006847276,0.291051894284501,-0.768106119511399,8.23188134029937,0,0,-0.426905487408444,-0.743868969136051,-0.998758452399745,-0.57959865461813,37
73,9.48615659422447,0.806417938758595,-0.0920550446005686,8.23188134029937,0,0,-0.114075500807882,-0.50985803419712,-0.359198150634581,0.248427557514134,38
73,9.59035427210479,0.948218650806577,-0.162594549199183,8.23188134029937,0,0,0.215059887814785,-0.467450324715475,-0.318994099965375,0.0758715218113265,39
73,9.8195891634415,0.141255903522848,0.675188914589409,8.23188134029937,0,0,-0.533213694613618,-0.749794718704757,-0.152417651816058,0.347650374941202,40
73,10.0029770765109,4.32979323534719,-0.864282589484653,9.85389109426894,0.12800097637945,-0.00369260524425732,1.34449392582385,0.28005524768711,-0.847513892987901,-0.169446180562363,41
73,10.319738017267,3.45377502124971,-1.90360577877225,9.85389109426894,0.122803075529854,-0.00105379154161052,0.928765379023342,0.164558578851068,-1.42232599902144,-1.28393258618317,42
73,10.7448645430188,0.778189508812432,0.0224667589822897,9.85389109426894,0,0,-0.240436421582775,-0.602827320375621,-0.621348088570355,0.175406980110589,43
73,10.8198868710926,-0.269753685581596,-0.828734126195334,9.85389109426894,0,0,-0.302619284295337,-0.678871282084518,-1.45905302038665,-0.487080783309805,44
73,11.0449538553141,2.35262024735636,0.031583418554555,10.8717349178211,0.127604965721423,-0.00349156286558183,0.65807232113094,-0.140555229176012,-0.699636126507181,-0.0348828930443888,45
73,11.2950282822269,3.71423515563788,-2.39752646471182,10.8717349178211,0.123501359787479,-0.00140828888980638,0.776435151293858,0.326211247496713,-2.00191123804488,-1.22243706440252,46
73,11.7034831795177,-0.0118484167323121,0.929796506734595,11.6911336001045,0.130244757644759,-0.00483170368415406,-0.449138381984875,-0.751650825296193,-0.0632553121107995,0.471476748854965,47
73,11.9994045846978,2.95573500639655,-1.00412180427945,11.6911336001045,0.125388823956319,-0.00236649614615406,0.653716983103565,-0.0349852965413534,-0.730909295070518,-0.64467076566286,48
73,12.0160762131587,3.09717698779964,-0.68024977810996,11.6911336001045,0.125115250227342,-0.00222761121443477,1.00760069547428,-0.0683902736344612,-1.1671271732602,-0.384074594810795,49
73,12.4286990175648,1.94436692551176,-1.1857467633343,11.6911336001045,0,0,0.143434182985123,-0.39984750354518,-1.30260487163935,-0.850106563335415,50
73,12.7287883298601,0.427151812907788,0.126925785931683,11.6911336001045,0,0,-0.49234702378504,-0.597931161621908,-0.18913439670119,0.352143117145724,51
73,12.883000893123,1.24610392978069,0.0963656778969515,11.6911336001045,0,0,0.065216532897307,-0.287938555867302,-0.503300605773696,0.427565717786313,52
73,13.2080976481096,1.59388348574778,-0.224554058965067,11.6911336001045,0,0,0.231305821183219,-0.160382957931123,-0.62125733638469,-0.0545678445026183,53
73,13.3998213754093,2.01916532629961,-2.05788770194507,13.2979567197402,0.128775856555466,-0.00408598797421322,0.617834460969345,0.0264623962840276,-1.94781531136058,-0.838476789244374,54
73,13.6623995236678,3.75934940562673,-2.31030284815942,13.2979567197402,0.124467070324828,-0.0018985502996488,0.933558433956992,0.162842383464411,-1.84521690436295,-1.15040631279569,55
73,13.9708246501935,2.76336949616371,-2.58188354804281,13.2979567197402,0,0,1.07450477409509,-0.144581684877657,-1.48829729740606,-1.33144550432341,56
74,0,-1.24373932463095,-0.298996513990859,-Inf,0,0,-1.08449752216273,0.0187862372049079,-0.262598918054144,-0.871001225351697,0
74,0.200059541530217,-0.86109886832044,0.612696758322666,-Inf,0,0,-0.402503425278238,0.193051447953567,-0.437204687058792,-0.645297907183289,1
74,0.450133968442989,1.84527754453074,-1.45924321364372,0.370186196593568,0.129135502504066,-0.00426856911317681,0.415462769565001,0.729517700587981,-1.39562061501033,-1.85307574440855,2
74,0.608514438821078,3.85649790116291,-1.65665442796945,0.370186196593568,0.126536552079267,-0.00294916226185316,1.8752973246139,1.29173984585406,-1.92328356735602,-2.09994269378081,3
74,0.787734444775231,3.76319625050072,-2.50140426785352,0.370186196593568,0.123595634493311,-0.00145614924588204,1.2023962055452,1.17231982718399,-1.7627470046418,-2.22876529893173,4
74,1.22953259898779,3.40898827875181,-1.95678940424255,0.90142985866226,0.125063393997274,-0.00220128540821163,1.23904741507643,1.10528102562627,-1.99513724267228,-2.16394185964514,5
74,1.47127121167014,2.38867820414954,-2.91862226527567,0.90142985866226,0,0,0.788097908975386,1.00216851566248,-2.34948384729453,-2.66763176867993,6
74,1.55879726108961,0.287305613547474,-2.08531374122684,0.90142985866226,0,0,0.19642098642573,0.16926147325258,-1.88150643279738,-2.33899601048229,7
74,1.80887168800238,-0.358106463387412,-1.39743756185597,0.90142985866226,0,0,-0.100840579426203,0.350407315969583,-1.61729043022525,-1.59852006644635,8
74,2.22983030663888,3.66682815372107,-0.961149960845824,1.91875652486566,0.12534283134809,-0.00234314711964054,1.40202417874095,1.155280375606,-0.961803052364461,-1.29266669197332,9
74,2.48407264066687,3.69542169625999,-1.66275452131957,1.91875652486566,0,0,1.65098681763446,1.29629868989498,-1.30757945962693,-1.9349131019038,10
74,2.56326287585591,2.654098759989,-1.61006463545269,1.91875652486566,0,0,1.07941531678358,0.924419292097749,-1.40499907520821,-2.2296034317714,11
74,2.84668055969038,0.776629435588742,0.492469784409158,1.91875652486566,0,0,0.232576148660167,0.521152825912432,-1.05506254085617,-0.63902497420092,12
74,3.18011312890741,0.54492616204499,0.681643613567441,1.91875652486566,0,0,0.024856082321907,0.414383937490692,-0.510728771549698,-0.134976903950283,13
74,3.30931824947901,0.273575004912681,0.385701272145727,1.91875652486566,0,0,-0.134628373218033,0.593060255587243,-0.553107657997988,-0.590182560126097,14
74,3.56772849062221,0.879568783370714,-0.541217718944363,1.91875652486566,0,0,-0.0977693214723331,0.874657486165893,-1.34055632004966,-1.22594772642197,15
74,3.86781780291754,2.14262033430714,0.310588235526682,3.57771209261309,0.125686907723926,-0.00251782406742929,0.884469080588246,0.926091020159755,-0.354442836179744,-0.423851675678933,16
74,4.07204525156297,3.00333296766597,-0.60568620834369,3.57771209261309,0.12233562954458,-0.000816483653880706,0.694131994594447,1.22729365499774,-1.08362889333982,-1.4014551878903,17
74,4.45549270616255,1.09969208068763,-0.096317434721666,3.57771209261309,0,0,0.279830706679298,0.799143771856549,-0.772781760174233,-1.09001555651687,18
74,4.55135456981244,-0.322501800973935,0.180288720798599,3.57771209261309,0,0,-0.510731026068663,0.202976716815529,-0.789249572274744,-0.841195299887095,19
74,4.84727597499256,4.22273045806396,-0.649535623638718,4.61718614107678,0.126671740557562,-0.00301779327642543,1.1011172059516,1.44453477307489,-0.945353763079166,-1.32638798539326,20
74,5.07651086632927,2.55632719950114,-0.470894272237003,4.61718614107678,0.122910101784827,-0.0011081254652992,1.35599265788681,0.949934521736323,-0.841996814820571,-1.32913890140471,21
74,5.30574575766597,3.07973699605186,-0.3126752254239,5.14401688996273,0.127793512463869,-0.00358728222268656,1.10797891213672,1.22281503461731,-1.08688537385801,-1.28038725988489,22
74,5.60166716284609,1.82373444463906,-1.71827709033772,5.14401688996273,0.122937578775404,-0.00112207468468678,0.753083568861446,0.781827601991461,-1.81497409444393,-2.07139799317751,23
74,5.78505507591545,-0.00524576361729853,-0.774955006383827,5.14401688996273,0,0,-0.456291216779498,0.36692817901756,-0.551870857403222,-1.38372455690763,24
74,6.07264066686514,-1.63637859636911,-0.258960936153403,5.14401688996273,0,0,-0.898117563236248,-0.135138525980052,-0.938565749964455,-0.894889019223572,25
74,6.41857695742781,-0.150442715556958,-0.417096697212827,5.14401688996273,0,0,-0.55565325869797,0.445104332733814,-1.10779927374033,-1.40387470564738,26
74,6.63947603453409,-0.483561256792776,1.10739145755681,6.6361812818688,0.103519081200743,-0.00367440238479094,-0.147274403378762,0.195674049734617,0.22536070495575,-0.189533584008239,27
74,6.88121464721643,1.82235358820989,-1.4438714744984,6.6361812818688,0.126426524103348,-0.00289330445714706,0.812951441435806,0.614568643986092,-1.4376068344271,-1.87854250553425,28
74,7.2271509377791,2.05172452532011,-3.161900944876,6.6361812818688,0,0,0.698904698879668,0.838356475689355,-2.46303160718915,-2.70328968659641,29
74,7.37302768681155,-0.570699116794022,-0.584889927601417,6.6361812818688,0,0,-0.060625451134754,0.0720066422985677,-1.33543241212692,-1.61723782097382,30
74,7.63977374218517,1.83268193098636,-0.995377787639904,7.59563109694192,0.129723048107268,-0.00456684786714144,0.624025853436594,0.668614513579464,-1.16964825622407,-1.46447108814425,31
74,7.88984816909795,3.49336182064757,-2.87938542347822,7.59563109694192,0.125619442173375,-0.00248357389136725,1.49665747245039,1.20335082417228,-1.74959403751103,-2.78596633267168,32
74,8.04822863947603,4.30194594468212,-3.70444956846245,7.59563109694192,0.123020491748551,-0.00116416704004341,1.64061182645376,1.38627469933496,-2.69900136241371,-3.24481419813482,33
74,8.48169097945817,0.300653305931723,0.130849953975332,7.59563109694192,0,0,-0.137996426123937,0.468753549197752,-0.969607527062484,-1.26839233276283,34
74,8.67758261387318,-0.191783804961318,-0.434229870214921,7.59563109694192,0,0,-0.0592469479410018,0.144742772949726,-1.19147633831842,-0.760198772401047,35
74,8.9109854123251,1.54780277489501,-2.6948208223544,7.59563109694192,0,0,0.406500649318856,0.760425975179219,-2.45113569942764,-2.24173327235878,36
74,9.19023518904436,4.46272405992529,-1.34476837923688,8.96420097968971,0.126738291484874,-0.00305157912653339,1.35889953445418,1.52213166383311,-2.27624759023488,-1.44594841085563,37
74,9.38195891634415,2.25973879044154,-1.7387252525484,8.96420097968971,0.123592193602224,-0.00145440241177378,0.722230487354183,0.789957802502335,-1.58353553839749,-2.22200365159055,38
74,9.55701101518309,3.89321757472758,-2.4578850212591,9.40391743900971,0.127935213612629,-0.00365921951887326,1.32662451426221,1.39192835828261,-2.77238109462398,-1.90098331615577,39
74,9.99880916939565,1.78770174678029,-0.809190086835485,9.40391743900971,0,0,0.752071744020499,0.8992769978556,-1.31463616968559,-1.61368145721885,40
74,10.2363798749628,0.346080710541472,-0.0427807702496691,9.40391743900971,0,0,-0.111855001208982,0.279785204275137,-0.302594962182309,-0.867931672042097,41
74,10.4864543018756,3.33781023049794,-1.35475783563223,10.4204738066353,0.129364699067219,-0.00438492512859043,1.23162490310417,1.22959696746777,-1.19617542122882,-1.77764705253788,42
74,10.7031854718666,4.4092195432889,-2.5339985674635,10.4204738066353,0.125808240591127,-0.00257942101625139,1.8211677231288,1.07011657854375,-2.11932657869777,-2.332392468033,43
74,10.8615659422447,4.32028930291606,-1.52490492066904,10.4204738066353,0.12320929016638,-0.00126001416492927,2.04480935041448,1.55458907698839,-1.04435320526134,-1.62608943983683,44
74,11.0574575766597,0.12140464165754,1.25038041041203,10.4204738066353,0,0,-0.0274574408149763,0.432445088481491,0.101719865089464,-0.157781301890994,45
74,11.3867222387615,1.1020454357008,-0.773621734496552,10.4204738066353,0,0,0.404137037110772,0.690172522178653,-1.02405287452726,-1.62862395270686,46
74,11.7326585293242,3.61376827664504,-1.90072515625553,11.4790638334386,0.126286036620383,-0.00282198330157091,1.35213854499355,1.24952276284665,-1.49954081014409,-1.88402849701745,47
74,11.7993450431676,4.8499794522594,-3.30840183915329,11.4790638334386,0.125191741704678,-0.0022664435746978,1.88450630363497,1.61532493963069,-2.83599815417539,-2.82967188395918,48
74,12.0244120273891,3.67189878746463,-1.44912814411384,11.4790638334386,0,0,1.18600441860843,1.2822599883685,-1.39166625304813,-1.72238934515388,49
74,12.3078297112236,1.60715017416265,-2.48132923847854,11.4790638334386,0,0,0.727658346918083,0.739159121732989,-2.14544982190788,-2.02120112156635,50
74,12.6579339089015,-1.01771869461955,0.560563359384564,11.4790638334386,0,0,-0.561086587959279,0.123241332729888,-0.636373686853265,-0.433787427624864,51
74,12.9830306638881,2.40744437564346,-0.0459381460709812,12.8891546407267,0.128906946328035,-0.00415253820252057,0.742111718893513,0.878959502480261,-0.690837816831184,-0.534440128813986,52
74,13.1622506698422,3.91608330423149,-1.22915946019785,12.8891546407267,0.125966028742131,-0.00265952518655099,1.56741022974448,1.360290400649,-1.51577329642019,-1.35956249793421,53
74,13.2622804406073,4.09324307903858,-0.955955602927583,12.8891546407267,0.124324586368523,-0.00182621559624013,1.41996452686729,1.22693886325396,-1.40668264888569,-1.4172928802812,54
74,13.687406966359,0.536382666549415,-1.2205176762317,12.8891546407267,0,0,0.100160658789707,0.480089294816319,-1.72801971210456,-1.53343629214815,55
74,13.9083060434653,2.48989359154246,0.00607306083261616,13.8480619226582,0.129458830324277,-0.00443271266016498,0.710861594101974,0.86436813620655,-0.942302268637831,-0.420843458320943,56
75,0,0.244735595650541,-1.35269125022641,-Inf,0,0,0.485364932651698,-0.326594315937146,-1.07880032055606,-1.17911652743833,0
75,0.0250074426912772,0.693256803800763,-1.79556863859683,-Inf,0,0,0.392960143943619,-0.0480058387683675,-1.38433736051973,-1.55003591764478,1
75,0.383447454599583,0.149856081685105,-0.164867144738387,-Inf,0,0,0.116485371025364,-0.594334758594786,-0.686502667223382,-0.463760156442878,2
75,0.641857695742781,2.56725032005218,-1.04000249605633,0.433812194061466,0.127033477875856,-0.00320143613916979,1.35901665786109,0.0941222197743336,-0.190563502225632,-1.20978164612765,3
75,0.904435844001191,2.8348442455488,0.515453000540346,0.433812194061466,0.122724691645268,-0.00101399846460688,1.39731605611389,0.181820508126963,-0.126606294246864,0.202806279427433,4
75,1.04197677880322,0.0623510469161813,-1.85458427873251,0.433812194061466,0,0,0.381660816402397,-0.394420567061858,-1.23411410141324,-1.66923655009702,5
75,1.3920809764811,-0.480418498943947,0.62177201506413,1.38356789492357,0.130307712803957,-0.00486366407386374,0.519150915011268,-0.448099334741603,-0.0705064107104981,0.15040532936073,6
75,1.60881214647216,3.13849968257546,-0.189317195568994,1.38356789492357,0.126751254327917,-0.00305815996152642,1.42230969448102,0.345436930501355,-0.324114639984078,-0.761134374841574,7
75,1.92557308722834,1.92947127058443,0.0197316057423224,1.38356789492357,0,0,1.29835304918711,0.0904525383507857,-0.185191196598554,-0.32168711054089,8
75,2.20065495683239,4.02490467033188,-1.3494084901841,2.04274411699376,0.12785616453907,-0.00361908874599728,2.01508590813873,0.75813195068496,-0.587343186895512,-1.21755592643807,9
75,2.42155403393867,3.35714119242152,-1.18740684545032,2.04274411699376,0.124231312630799,-0.00177886340073072,1.66023093092969,0.282112957963666,-0.988893730142898,-1.28027754568256,10
75,2.50908008335814,3.84124775778457,-2.83391361453563,2.04274411699376,0.122795050553936,-0.00104971750920946,1.76832491682299,0.594423086313746,-1.32547130725785,-1.76833794793629,11
75,2.93837451622507,-0.125183126488202,0.244654070316314,2.04274411699376,0,0,0.28194207129917,-0.293783009776325,-0.336023740144618,-0.124204077042951,12
75,3.13426615064007,2.34592163746502,-2.19568679227755,2.04274411699376,0,0,1.38258694566854,0.176994723212229,-0.940986864828971,-1.59301228159342,13
75,3.28431080678773,0.585092209358588,0.166978171082542,2.04274411699376,0,0,0.650308294882084,-0.346723892095901,0.00376307661981284,-0.32289239153258,14
75,3.65525454004168,2.98452018199746,-1.64341097499752,3.46820694996904,0.12737804391462,-0.00337636167369974,1.48839114810996,0.362894924364143,-0.852230884711582,-0.652160358706104,15
75,3.94284013099137,4.70104655558917,-2.30820020568673,3.46820694996904,0.12265889709063,-0.000980596601559067,2.57833054953492,0.761674175260629,-1.66210699299407,-1.69725097602009,16
75,4.09288478713903,0.949063543794111,-2.28512463915182,3.46820694996904,0,0,0.713674640546343,-0.289582326497456,-1.21244440678604,-1.33806927134605,17
75,4.28044060732361,3.48706586762152,-0.733045545061553,4.13352997493214,0.128036672866577,-0.00371072724812563,2.05453387784503,0.554543604873442,-0.72856306878141,-0.376038179477133,18
75,4.67639178326883,3.14075809158626,-2.84440104023279,4.13352997493214,0,0,1.77130403379509,0.503847117437141,-2.24481715853202,-1.61333546765304,19
75,4.75558201845787,2.93972562037703,-3.03330153752001,4.13352997493214,0,0,1.59724216202258,0.446389513876594,-2.06396877104948,-1.87003332709622,20
75,5.22655552247693,3.11054128218147,-0.866388283999376,5.07315761348268,0.127930219651465,-0.0036566842390619,1.79511909751453,0.239461911538509,-0.422263049119207,-1.01228387162237,21
75,5.40160762131587,1.86871165215595,-1.41146827221752,5.07315761348268,0.125057695497741,-0.00219839245602027,0.945063509798026,0.109263224512347,-1.33650061447975,-1.30253208049582,22
75,5.52247692765704,3.35463524444889,-1.21255488414344,5.07315761348268,0.123074285963026,-0.00119147670106255,1.46962830957131,0.415641435817522,-0.586022164384865,-1.39891201883424,23
75,5.77255135456981,0.179378819035637,-0.415750851175042,5.07315761348268,0,0,0.101679032451126,-0.281281368590391,-0.281468303709026,-0.501478079899963,24
75,6.17267043763025,0.0887509463224422,0.25152763290819,5.07315761348268,0,0,0.0354292717869975,-0.361867109839741,0.124940999448207,0.224454398922541,25
75,6.32271509377791,-0.301122262581531,-0.354712370599349,5.07315761348268,0,0,0.412275100835232,-0.382906037560619,-0.186015831920556,-0.649834829889104,26
75,6.65197975587973,2.71765239466,0.010560718539918,6.5763092123563,0.129205689846917,-0.00430420105911405,2.10608134250842,0.179759236827668,0.063766091079238,-0.278498242391757,27
75,6.80202441202739,2.70301022840432,-2.5332569132859,6.5763092123563,0.126743526286582,-0.00305423667364919,1.9707971221447,0.246211496497425,-1.0811317327637,-2.1763393661695,28
75,7.08961000297708,5.08037038361551,-2.33193649663158,6.5763092123563,0,0,2.11313188167323,0.72374671772769,-1.3111924953139,-1.70993583005425,29
75,7.32718070854421,0.809849192262807,-0.999439487874163,6.5763092123563,0,0,0.653729676618894,-0.321744657687708,-0.220279408242892,-1.18850832549857,30
75,7.62727002083954,0.702181935764899,0.0895432397373064,6.5763092123563,0,0,0.597884467890957,-0.0847420780100533,0.17289903552324,0.0128211362841909,31
75,7.91485561178922,2.70653296397596,-0.780420888659108,7.84257272254819,0.129261279690256,-0.00433242230545429,1.29908651969167,0.174634664335312,-0.548809360075864,-0.712396971357159,32
75,8.01905328966954,2.84370020480686,-0.961541445783348,7.84257272254819,0.127551443884441,-0.00346439148221435,1.86833025848838,0.279058884143627,-0.964961968618936,-0.87723560085309,33
75,8.31497469484966,5.97159216944442,-1.956493144105,8.25118462693376,0.25209615316466,-0.00540235668131452,2.60750310370224,1.21687943465469,-1.10081535915561,-1.22223254387088,34
75,8.59005656445371,3.52817739217809,-1.18684363889381,8.25118462693376,0.124886676441427,-0.00211157136374915,1.9281450644011,0.498252108339017,-0.754602218058085,-0.690903080175667,35
75,8.90264959809467,0.543332500819908,-0.562211520696581,8.25118462693376,0,0,0.387503871146725,-0.235174609076682,-0.443790699519285,-0.892148895360565,36
75,9.24858588865734,0.531231043052279,-0.450462203009823,8.25118462693376,0,0,0.726960590874041,-0.228403306436436,-0.503927388608972,-0.560571035189692,37
75,9.37779100922894,1.07434088374464,-1.37075027702203,8.25118462693376,0,0,0.791663813589553,-0.000932429425148706,-1.02431513514103,-0.969978321280777,38
75,9.57785055075916,0.213474241407967,-0.233331173639375,8.25118462693376,0,0,0.150866702599802,-0.328342068005092,-0.118275234423768,-0.34433082705625,39
75,9.92378684132182,3.41471664286703,-1.99399241776072,9.7136225011737,0.126998708714509,-0.00318378490992957,1.46783383099449,0.449900817688096,-1.34502948943615,-1.40176707532438,40
75,10.1071747543912,3.10062040587924,-0.547462384900395,9.7136225011737,0.12398939769627,-0.00165605066102699,1.63691186582229,0.314428385112965,-0.00428794105936964,-0.828843787263147,41
75,10.4406073236082,0.872249451498809,-0.31320857424923,9.7136225011737,0,0,0.590517302485348,-0.273000307458394,-0.538418541362202,-0.617129363807397,42
75,10.5656445370646,2.2305382260599,0.2616325100175,10.4441625091999,0.128453944531344,-0.00392256318315155,1.25097636895092,0.00978733377605706,0.0632653727826707,-0.240712478466193,43
75,10.9407561774338,3.44382551766338,-0.88183008036029,10.4441625091999,0.122298535630453,-0.000797652219489298,1.88580456548806,0.39958705582393,-0.467676143147147,-0.741466013411407,44
75,11.2325096754987,1.00667055501226,-0.303863164775234,10.4441625091999,0,0,0.658282598406096,-0.180956297622405,-0.797402380672844,-0.439033282715914,45
75,11.3325394462638,1.27572352151622,-0.459499838779732,10.4441625091999,0,0,1.24266483576092,-0.252907605199243,-0.277400019428879,-0.32234138925163,46
75,11.6618041083656,0.115244812695643,0.737369481112755,11.5950521179278,0.129352039187028,-0.00437849809849482,0.625576711423402,-0.378671161158545,-0.19787901466507,0.261510937278706,47
75,11.7910092289372,1.7343127538826,-0.502840698330826,11.5950521179278,0.127231842787902,-0.00330213987768035,1.05597571351464,-0.0521168231018945,0.101372285199024,-0.688236622766923,48
75,12.2077999404585,1.67902211984461,-1.66059119726161,11.5950521179278,0,0,1.08718418549314,-0.0101433839231969,-0.520680848733952,-1.38981087888147,49
75,12.3870199464126,1.07088301592464,-1.06624010132406,11.5950521179278,0,0,0.92645578895941,-0.165475802423061,-0.86892533647031,-0.957308189917621,50
75,12.6662697231319,2.03394369600323,-0.716588331549742,11.5950521179278,0,0,1.01492767426348,0.125204207831956,-0.526023848376811,-1.15915068866179,51
75,12.962191128312,1.66768414566249,-1.55571216173144,11.5950521179278,0,0,0.883128551508623,0.158877876732596,-0.965016745148564,-1.12584204291781,52
75,13.078892527538,2.25404259133571,-0.175763493906545,12.9726143480064,0.128703432665715,-0.00404922060252257,1.66007536823384,0.160264492379594,0.172523006167706,-0.483733141934535,53
75,13.3164632331051,2.26165699770325,-0.600620067093753,12.9726143480064,0.124805007028517,-0.00207011032553758,1.13199256033762,0.183358328337121,-0.892913331146679,-0.470922344606857,54
75,13.6540637094373,1.31937517575045,-1.21158117133243,12.9726143480064,0,0,0.752366657227477,-0.324752062753916,-0.281392167085558,-0.589901666261272,55
75,13.8124441798154,0.759128085452616,-1.96337562298132,13.7818423280842,0.12994524627962,-0.00467965101572124,0.78870633982057,0.034200231893812,-1.64296783178862,-1.47880684560326,56
76,0,-0.92342914556382,0.696391651887097,-Inf,0,0,-0.184969089008144,-0.590648883749742,0.813794025215468,0.608773146409449,0
76,0.20422744864543,-0.201631220757156,0.701893307804094,-Inf,0,0,0.16215711295425,-0.241557264840287,0.972984345846117,0.568387347147203,1
76,0.300089312295326,-1.05686657299091,1.83905061820008,-Inf,0,0,-0.0298813605222402,-0.862575408085678,1.51062783224575,0.994337556548023,2
76,0.666865138434058,4.05801537896048,-1.51317807520093,0.415689235716127,0.126325727899938,-0.00284213333818525,1.77791449837149,0.702601931409664,-0.835637809538113,-0.891449921740575,3
76,0.787734444775231,5.71058751125488,-1.92266324269833,0.415689235716127,0.124342318365223,-0.00183521758322799,2.97740741311221,1.14780042188694,-0.953514643276317,-1.12824026823597,4
76,1.12533492110747,1.44834750415822,-1.2101424456616,0.415689235716127,0,0,0.804558825758504,0.134380755797376,-0.515938521913372,-0.598661877566914,5
76,1.26704376302471,1.84106995100589,-0.846874167802001,0.415689235716127,0,0,0.763678704121071,0.156718622841088,-0.188279133413415,-0.360069858190748,6
76,1.74218517415898,3.27231507199743,-1.29737648715444,1.30042103526469,0.123198262902587,-0.0012544159637364,1.78833529358832,0.563231990762197,-0.836294122782371,-0.837831767951838,7
76,1.95058052991962,2.19452405918704,-1.24620498414387,1.76061644267398,0.127330185542002,-0.00335206545622589,1.10857478148874,0.0951970195071779,-0.287571357236713,-0.51991025932742,8
76,2.15480797856505,2.48422042519037,-0.706246276725367,1.76061644267398,0.123978907362656,-0.00165072504267685,1.78908764409752,0.297524443493123,-0.233325410795634,-0.136586142315254,9
76,2.4965763620125,0.985713448687305,-1.66463340987339,1.76061644267398,0,0,0.734328217294352,-0.0509424127177813,-0.681997531320665,-0.615633470490197,10
76,2.53408752604942,1.48795700586525,-1.14103902708778,1.76061644267398,0,0,0.756285923207882,-0.053476766131056,-0.0929208914990743,-0.259510730785684,11
76,2.92587079487943,1.65115331807155,-0.95900812762328,2.90059569181803,0.130032655766919,-0.00472402611243224,0.800086765081448,-0.019674302357473,-0.496559009684864,-0.352497959661448,12
76,3.03840428699018,3.45536177812083,-2.51807512175806,2.90059569181803,0.128186033096668,-0.00378655282333354,1.67667997974503,0.414044257432922,-1.00196000197232,-1.47648939849461,13
76,3.32182197082465,6.01662035446417,-3.20488593176864,2.90059569181803,0.123535279704924,-0.00142550898412315,2.6456287989775,1.1388448993614,-0.541256657136132,-1.46466918724644,14
76,3.66775826138732,0.984914232406983,-0.254744741322744,2.90059569181803,0,0,0.984523108236132,-0.117587932219986,-0.00315921991124415,-0.0193160554328571,15
76,3.89282524560881,0.793146603602465,-0.348878383030053,2.90059569181803,0,0,0.691073515139624,-0.20426239368844,0.586798703390771,-0.113721110627701,16
76,4.17624292944329,-0.874941412557632,0.112139264410202,2.90059569181803,0,0,-0.254478004167665,-0.45450505769866,0.588850805865415,0.405841337581637,17
76,4.4721643346234,2.1498262908377,-1.61649166054815,4.3496346751622,0.128436753380309,-0.00391383576680401,0.888737963794731,0.296628207643658,-0.549636884042848,-1.31017266737411,18
76,4.6972313188449,4.69356857752934,-1.6450471674364,4.3496346751622,0.124743508039807,-0.0020388891886077,2.18288914683801,0.815810548380425,-0.946728550718092,-0.517414802174106,19
76,4.83894016076213,4.34233498858626,-2.02907681544264,4.3496346751622,0.122418131343934,-0.000858367269002305,2.11796405397972,0.627303989493336,-0.118764613982472,-0.557361158274242,20
76,5.17237272997916,0.577337827606051,-0.91532055307021,4.3496346751622,0,0,0.429796529383938,-0.312128944942445,-0.780376177300597,-0.164736216243555,21
76,5.29740994343555,1.78083207360652,-0.12603385124243,4.3496346751622,0,0,0.762612327867105,0.223211304193721,-0.0455708354695927,0.0217504504133114,22
76,5.74337600476332,2.14626077404644,-0.464126033094403,5.38728803616519,0.124604169316771,-0.00196815122297617,0.861656467530521,0.229436310245127,0.0299633549926573,-0.12583734045332,23
76,5.93926763917833,2.0674735306312,-1.79277288932665,5.38728803616519,0,0,0.945599961619283,0.254419141438036,-0.253062963075937,-0.998833126705537,24
76,6.08514438821078,1.32492986428584,-0.444138020892344,5.38728803616519,0,0,0.67128537888141,-0.0798064413761151,0.303501210422658,-0.0189087703212051,25
76,6.25186067281929,-0.0177333147395501,-0.201556309468277,5.38728803616519,0,0,0.21845942330506,-0.356924963954861,0.479441922027315,0.0141508959401445,26
76,6.72700208395356,0.440480868006945,0.518078540707728,6.64102206522456,0.129036516116715,-0.00421831678192185,0.61976463819859,-0.277946559566204,0.633646235536658,0.434577178839898,27
76,6.81452813337303,2.05422130475029,0.486586167986118,6.64102206522456,0.127600254039852,-0.00348917089040059,1.25987681640852,0.230555926579887,0.664854280760519,0.416653856393184,28
76,7.18963977374219,2.14035866151979,-1.31061040648513,6.64102206522456,0,0,1.25797733480012,0.159273967325212,-0.747356640698642,-0.903372589035705,29
76,7.36469187258113,1.49705517410804,-0.791182612189489,6.64102206522456,0,0,0.742701544480805,0.156062831418381,0.210259805164665,-0.302884966782164,30
76,7.67311699910688,1.59526211832664,-1.34240830409623,7.47079492575632,0.127127396693349,-0.00324911582173801,0.575675270675914,-0.0113488826342023,-0.179092342038481,-0.714275407679612,31
76,7.85650491217624,2.22602059872973,-1.72168903367208,7.47079492575632,0.124118085675161,-0.00172138157283716,1.08096286744483,0.0737845852268889,-0.662235622569722,-0.497200099827987,32
76,8.19410538850848,0.465227389857234,-0.554080105345952,7.47079492575632,0,0,0.647338609466782,-0.388297210388968,0.240098935301952,-0.0517505400604789,33
76,8.41083655849955,-0.416008737262572,-1.69399193807739,8.40715052893815,0.115584809859421,-0.00421085129212795,0.358985233393729,-0.504938776873079,-0.955390485075974,-0.820495317839645,34
76,8.69425424233403,4.51877346500759,-2.13336340176312,8.40715052893815,0.125736169107771,-0.00254283255035295,2.27078142012654,0.907137138369227,-1.21676943737669,-1.14955909819984,35
76,8.7817802917535,4.91447299272487,-3.14120826374586,8.40715052893815,0.124299907030909,-0.00181368665883189,2.30693595996582,0.889371033090185,-1.2734365881401,-1.76550666612508,36
76,9.16522774635308,2.39151715950443,-1.12110958511242,8.40715052893815,0,0,0.812908128348132,0.305989710636786,-0.494575733444458,-0.960065810008597,37
76,9.29443286692468,1.13340000377155,-0.779387351691715,8.40715052893815,0,0,0.511421742096706,0.0165773146197891,0.205278899888391,-0.429185986451501,38
76,9.58618636498958,1.1869625123623,1.3392484755122,8.40715052893815,0,0,0.735838106696742,-0.14419709085578,0.7554599133499,1.21777763898252,39
76,9.89877939863054,1.24711744172833,0.0121821054996828,9.82411212160503,0.129222152987105,-0.00431255888686709,0.646505322866955,-0.073001583504892,-0.317900355244145,0.0697892622564968,40
76,10.1530217326585,3.98145105636625,-0.349346724666142,9.82411212160503,0.125050153621032,-0.00219456367816473,1.76484796745222,0.453935521277768,-0.131796162444252,0.0321453502887506,41
76,10.298898481691,3.04594612828753,-1.41701428089424,9.82411212160503,0.122656383492877,-0.000979320525629185,1.71053982905418,0.517924143264855,-0.55504366003374,-0.507937089592046,42
76,10.5698124441798,0.827263287457717,-1.02936568327623,9.82411212160503,0,0,0.805278058628536,-0.245130261003103,-0.815092110425288,-0.362543770231764,43
76,10.8949091991664,2.58992275168706,-2.46503423147085,10.7477670388816,0.128032873600673,-0.0037087984781941,1.37253800038383,0.401082554701535,-0.763974809214335,-1.46875643410789,44
76,11.0866329264662,2.30977637006064,-1.71881558645311,10.7477670388816,0.124886775718023,-0.00211162176343446,1.17542171836111,0.211484317808504,-0.282792873655705,-0.891878427165179,45
76,11.357546888955,2.27895122994327,-1.1561982915988,10.7477670388816,0,0,0.885398436251406,0.0556031425243207,-0.299270859300445,-0.702523012307985,46
76,11.6743078297112,-0.288231717523732,-0.504168427899712,10.7477670388816,0,0,0.218895265966659,-0.40377733039661,0.0179102786722573,-0.427518077379209,47
76,11.7910092289372,0.541279043923405,-0.336434156719014,10.7477670388816,0,0,0.609831624629396,-0.192917547707128,0.144460847402336,0.0144761773172766,48
76,12.1494492408455,2.30582865277621,-0.206037831037428,11.8336498275668,0.125265285915984,-0.0023037796990846,1.07759792123122,0.410275676562138,0.73530737768487,0.170863344233184,49
76,12.2994938969932,3.3332099368616,-2.2086621324872,11.8336498275668,0.122803122355698,-0.00105381531362127,1.403051708147,0.652061475175935,-1.06436845849907,-1.17218271580622,50
76,12.5870794879428,2.61249546982597,-1.84181925869776,11.8336498275668,0,0,1.4176661725413,0.229173478250064,-0.193178529577833,-0.891736728126934,51
76,12.8038106579339,0.910407168497714,-1.60896986959316,11.8336498275668,0,0,0.756936567581915,-0.201784216904025,-0.112515344509772,-0.801663860087081,52
76,13.0580529919619,3.19030956831467,-1.09298966436548,12.9729244073871,0.129050487758215,-0.00422540975275069,1.35900901360834,0.38003678659934,-0.167609812723622,-0.540758630718252,53
76,13.274784161953,2.77076958332639,-2.90443432166767,12.9729244073871,0.125494029282226,-0.00241990564041494,1.22590572755893,0.333965813083274,-1.38869619533781,-1.7215374234241,54
76,13.5290264959809,1.7820937660753,-0.280894600266206,12.9729244073871,0,0,0.996169672856642,0.219399252273703,0.171315046687986,0.229927274470596,55
76,13.8291158082763,3.73939351954547,-0.0686622931169358,13.6163888922543,0.126956658027073,-0.00316243707482794,1.69039645873648,0.573813119751425,-0.11036742723074,0.133413675566044,56
77,0,0.935263047534472,-1.48909206838864,-Inf,0,0,0.34295915645187,0.170798282053324,-0.234718132891106,-1.22106254315828,0
77,0.0625186067281929,0.127963825708146,-0.000410262723279375,-Inf,0,0,-0.119857324419299,0.0401129960534735,0.524262877398415,-0.0411787465410904,1
77,0.49598094671033,2.90015718924063,-0.651215154425049,0.313769849447999,0.127457408529545,-0.00341665263719412,1.31791750235162,0.510383118730917,0.683355681583725,-0.83648661234363,2
77,0.608514438821078,2.60306080564213,-0.344328690449701,0.313769849447999,0.125610785859294,-0.00247917934809611,1.30967631326242,0.597479087773187,0.324185773223378,-0.541673128093907,3
77,0.896100029770765,1.07413934769504,-0.676357277664495,0.313769849447999,0,0,0.533682552952857,0.115309326605925,0.806978478867922,-0.58025527508883,4
77,1.19202143495088,1.40141842104887,-0.569478573093317,1.06110169761635,0.128299076074502,-0.00384394125138295,0.732500039379721,0.506720523695796,-0.084027571349621,-0.506630333793733,5
77,1.31705864840726,2.35339797173394,-0.0146563339872537,1.06110169761635,0.126247273107563,-0.00280230426349595,1.03623565256612,0.389905362321411,0.89177636449383,0.149461453260389,6
77,1.66716284608514,2.00408917315421,-1.32913248643577,1.06110169761635,0,0,0.649649764040025,0.390889085982262,0.0159072274288164,-0.843653756976662,7
77,1.87139029473057,0.793441275685742,-1.53266957068161,1.06110169761635,0,0,0.716847936164658,0.00871077282683713,0.268309411122934,-0.991570055295004,8
77,2.07144983626079,1.77161333995712,-1.0003078044087,1.06110169761635,0,0,0.743768545039683,0.184692511279374,-0.047969227887342,-0.608167839987042,9
77,2.35069961298005,0.674551672940478,-1.00228576839483,1.06110169761635,0,0,0.167585579122475,0.0988660652254642,0.0450751947067515,-1.08550896785829,10
77,2.721643346234,3.13501467328414,-2.93515565973772,2.41691507936563,0.125446958319149,-0.00239600916646129,1.14709007651245,0.625356589618479,-0.858616084624756,-2.09104276220767,11
77,2.99255730872283,3.6400021071385,-2.12078538392307,2.41691507936563,0,0,1.47044137395478,0.822386136481849,-0.778374608479201,-1.69456862183268,12
77,3.15927359333135,2.32260366898729,-1.42066740774953,2.41691507936563,0,0,0.68430564414533,0.473820695547201,0.106682554599213,-1.02988153228636,13
77,3.38434057755284,2.82163415419548,-1.89579479165492,3.21278560878172,0.127632270680185,-0.00350542474973049,1.24243326177637,0.474701107904297,-0.650524858672484,-1.26718953472504,14
77,3.58856802619827,3.94799563603407,-1.44505763013226,3.21278560878172,0.124280992500825,-0.0018040843361809,1.60598757975149,0.84364818930963,0.113263914082004,-0.931121598984951,15
77,3.88032152426317,1.0057263117163,-2.10619506332073,3.21278560878172,0,0,0.11352903925202,-0.118642271224813,0.143498973627981,-1.68613808162944,16
77,4.06370943733254,1.96360902748178,-3.11401405729769,3.21278560878172,0,0,0.937840568261271,0.253363052307005,-0.863582112451107,-1.78474631045737,17
77,4.39297409943436,-1.22835196414121,0.656789714310824,3.21278560878172,0,0,-0.988499164701969,-0.438816304760489,0.570556817347172,0.19956944909515,18
77,4.54301875558202,0.323962263568121,-0.746897197263956,4.49687161458871,0.129690155257077,-0.00455014918314381,0.13104266380812,-0.0727877220700063,0.209541907683265,-0.877829783047309,19
77,4.88061923191426,3.51909621830062,-2.66761920233115,4.49687161458871,0.124150287246348,-0.00173772931584949,1.47613911648851,0.745137008245736,-0.889197888329932,-1.84571849567197,20
77,5.00148853825543,3.32554273600484,-3.15108356754249,4.49687161458871,0,0,1.45691801376017,0.52043966056044,-0.938170303704074,-1.91341157631191,21
77,5.32658529324204,1.30301937786561,-0.595291911728007,4.49687161458871,0,0,0.531867402708716,0.144752352756348,0.15162011884104,-0.48669018352645,22
77,5.73920809764811,0.418813511167278,1.19471699606576,5.7133878767168,0.130023710634252,-0.00471948494488388,0.00209060086950111,-0.0618799252839228,0.970140398583489,0.746280532530786,23
77,5.8642453111045,0.93116581223676,-0.850156856035488,5.7133878767168,0.127971907667306,-0.00367784795699709,0.346693816823262,0.0493132442213707,-0.00562045125676636,-0.822612666649314,24
77,6.1559988091694,2.43704256740302,-0.619915165362819,5.7133878767168,0.123184367411097,-0.00124736165192726,1.11876900701741,0.334476848410363,0.261313664648917,-0.0524761078400261,25
77,6.42274486454302,-0.248420094355429,0.502038136048787,5.7133878767168,0,0,-0.093823935550053,-0.176106392967458,0.487238780989681,-0.106950115674891,26
77,6.73116999106877,-0.0779039422662007,-1.01592060293741,6.7264331426364,0.130369679046781,-0.0048951224212577,-0.285492591467631,-0.185960963385335,0.722574936939464,-1.23732888181297,27
77,6.7728490622209,1.38316535836937,-0.740834769333528,6.7264331426364,0.129685744724466,-0.00454791009196229,0.228262269360894,0.481095840210108,0.468524683580932,-0.34707500985508,28
77,7.04376302470973,4.64103854401571,0.0311766717739536,6.7264331426364,0.12524017162939,-0.00229102995153971,1.77669881998666,1.02375107756416,0.556947678391117,-0.308984115410821,29
77,7.34802024412027,2.42495632369908,-1.27295998370188,7.24014973995419,0.128677303353362,-0.00403595555774039,1.28502891125691,0.358705278597789,0.0191178912433978,-1.22735479097932,30
77,7.53557606430485,3.51573537127319,-0.676470076002567,7.24014973995419,0.125599598902943,-0.00247350007591027,1.58213026020951,0.769437439858277,0.428400417280906,-0.460073535409694,31
77,7.75647514141113,2.29055388930637,-1.94420497925116,7.24014973995419,0,0,0.759876699541707,0.492585340932036,-0.48808798366619,-1.41758094636623,32
77,8.01905328966954,-0.585700998062314,0.318426642319657,7.24014973995419,0,0,-0.0524417880002974,-0.206654176584266,0.984783726123371,0.269914038979656,33
77,8.29830306638881,0.742378187833341,1.09984766226786,8.23564599331898,0.129419234891193,-0.00441261128188174,0.626676005116859,0.0392416655904394,1.07009798725187,0.414620562346185,34
77,8.54420958618637,3.09413788969943,-3.23916598482095,8.23564599331898,0.125384022389584,-0.00236405853903926,0.997098866201176,0.653146145994037,-0.985198398421887,-2.02534679510526,35
77,8.93182494790116,0.110011274199395,-1.28515553843174,8.23564599331898,0,0,0.240509011812996,-0.14691281899535,-0.570468608631554,-1.00937974831109,36
77,9.19440309615957,-0.165523854199572,-0.582854095007998,8.23564599331898,0,0,0.181492302597957,-0.460574837889823,0.55748455606091,-0.848591712541086,37
77,9.32360821673117,0.141370195951496,-0.922338549053476,8.23564599331898,0,0,0.130621993882824,-0.0505094112416466,0.077111243175382,-0.738948470598745,38
77,9.52366775826139,0.849632309742105,0.327817488488691,9.4068219113701,0.128530022121422,-0.00396118542568766,0.674584216445416,-0.0834388349790812,0.979771469772601,0.0820739878089606,39
77,9.83209288478714,2.89061463240708,-1.48175096514134,9.4068219113701,0.123468908136288,-0.00139181418890029,1.33606051073805,0.810925139487025,0.172383055582324,-1.48989689543178,40
77,10.0696635903543,1.33446527829428,-1.0502828991703,9.4068219113701,0,0,0.692943294321028,0.155870481262813,0.200965732679172,-0.942824242661493,41
77,10.4656147662995,1.70428362867714,-1.06629886805017,9.4068219113701,0,0,0.721557561648194,0.303959016085231,0.398606276136982,-1.23574682087951,42
77,10.7073533789818,4.80829945612361,-1.75739158360559,10.5141035840202,0.127276268594794,-0.00332469348756378,2.15677657555871,1.19335985475656,0.454967587151182,-1.31264884674547,43
77,10.9032450133968,4.64361459408368,-1.38560667071477,10.5141035840202,0.12406177727986,-0.00169279553987312,1.87676040022833,0.860833882017901,-0.339023717994467,-0.93436275623098,44
77,11.0074426912772,4.5027129910518,-1.74203675668962,10.5141035840202,0.122351941474072,-0.000824764716633855,1.95114528000983,0.949750264425497,-0.0442295561728668,-1.32474419381497,45
77,11.3033640964573,1.41650492792598,-1.55591553326551,10.5141035840202,0,0,0.646953829042108,0.166466811072094,-0.311429909881205,-1.40383578795708,46
77,11.5367668949092,0.718978092510247,-0.533155947949036,10.5141035840202,0,0,0.217454285207419,-0.0192461080718357,0.576841175875937,-0.556799080722269,47
77,11.8410241143197,0.871580270949352,-1.63979221606098,10.5141035840202,0,0,0.374318503027637,0.129284996009663,-0.163053785128339,-0.99887024126729,48
77,12.0994343554629,-0.629500968226375,-0.411061529255137,10.5141035840202,0,0,0.0617426769000131,-0.235516242217329,0.250029120465485,-0.48248527584033,49
77,12.4787139029473,3.72550686960149,-1.63332805708868,12.2628525494634,0.126905223354895,-0.00313632528053584,1.44327435524837,0.871471313260242,0.10065385487564,-1.07047367603461,50
77,12.628758559095,4.01808616062741,-2.03217644213396,12.2628525494634,0.124443059794508,-0.0018863608950701,1.67048928405131,0.875466304496934,-0.684469399027256,-1.59254689937033,51
77,12.7621315867818,5.12048388571899,-2.81732232200897,12.2628525494634,0.122254469963098,-0.000775281441323911,2.07836664796234,1.2123107970201,-1.03976287450972,-1.87756810698441,52
77,13.2289371836856,-1.45902607842771,0.222633255223013,12.2628525494634,0,0,-0.401448511888558,-0.592600019378442,0.366078599915903,-0.400626252184079,53
77,13.3831497469485,1.62614365849686,-1.15340664176246,13.2427676553623,0.128143803208181,-0.003765114013406,0.755400680661977,0.240124394837877,0.0539756081200973,-1.05903183662023,54
77,13.5456981244418,2.40829859514523,-2.02363291474178,13.2427676553623,0.125476459351151,-0.00241098592915355,0.85281993282607,0.294465869176522,-0.249620700191485,-1.26404403927932,55
77,13.9458172075022,4.76846574775832,-0.941933354054192,13.7837834038772,0.127788508606148,-0.00358474191867413,2.05655465718619,0.942292277517124,0.66925177540793,-0.937338474410331,56
78,0,0.960769825853878,-1.35618023856547,-Inf,0,0,0.784400198848752,0.750596077126052,-0.624142564895827,-0.526345443756984,0
78,0.0250074426912772,0.314677032166544,-1.77792915045127,-Inf,0,0,0.455636920801065,0.501073770189387,-1.42573664166661,-0.414830301852355,1
78,0.441798154212563,3.72626583957912,-2.32422064285325,0.0839872278040275,0.124575896374261,-0.00195379792339254,1.73909667861675,1.46835209254347,-1.72736856677894,-0.586047373456503,2
78,0.625186067281929,3.55577071358339,-2.57299101720951,0.0839872278040275,0,0,1.78250149721229,1.3376669368705,-2.13210015675894,-1.28201096786343,3
78,0.97529026495981,-0.576164508719494,0.838884789292275,0.0839872278040275,0,0,0.228463053188853,0.414684946288155,-0.286234658812296,0.854310221687706,4
78,1.08782375707056,-0.657621338865282,1.18676472629944,0.0839872278040275,0,0,0.411757502164177,0.347255184732345,0.292428314640794,1.14262894772656,5
78,1.36290562667461,2.17890123179725,0.111076984362692,1.09375153183758,0.126030714064369,-0.00269236392659236,1.63634490363575,1.16497394796874,-0.553379990015865,0.246855676326029,6
78,1.50878237570706,2.10880327529331,0.680850391326424,1.09375153183758,0.123636943936271,-0.00147712077405784,1.37391463177017,1.03334136359024,-0.0834150309449685,0.712993008432855,7
78,1.85471866626972,1.06086347778377,-0.897199118138782,1.09375153183758,0,0,1.01449283348869,0.678743364264964,-1.43788268346094,-0.359892500279133,8
78,2.13396844298898,0.6544142458286,-1.95469739929635,1.09375153183758,0,0,0.937521914721647,0.643701440961511,-1.30760154805161,-1.24247735318695,9
78,2.3340279845192,0.723187719079195,-1.59712111313077,2.33203066060893,0.0631671143713372,-0.00204549836354984,0.846650037733722,0.6189824919772,-1.31194584699505,-0.837653726826067,10
78,2.67162846085144,4.4392743087269,-1.11506816551943,2.33203066060893,0.124874765369104,-0.0021055244802719,2.43366120120861,1.7284474457991,-1.23711872945577,-0.0586583650084457,11
78,2.83834474545996,3.78972542254833,-1.61479683165401,2.33203066060893,0,0,2.42731939772609,1.4704373418129,-0.850708873846175,-0.431035890363359,12
78,3.11759452217922,-0.756786871593805,-0.886923393650331,2.33203066060893,0,0,0.435305632278088,0.385741823635106,-1.48190129156257,-0.290552322941495,13
78,3.35099732063114,-0.427478395908412,0.430418287953077,2.33203066060893,0,0,0.218843884169,0.34826926335826,-0.712792508297647,0.294509756048188,14
78,3.58856802619827,3.0331321254962,-0.866872591719933,3.45895161707348,0.128320463088919,-0.0038547987779789,1.83051383479171,1.30396699253758,-0.97114388229934,-0.357348762756155,15
78,3.75111640369157,3.19966737100464,-1.34721412166674,3.45895161707348,0.125653119231903,-0.00250067069372614,1.98229874110892,1.27516694088541,-1.67437510831138,-0.486100587974917,16
78,4.20125037213456,3.52089470713734,-2.22521364548703,3.95964871776971,0.126482836896808,-0.00292189272293286,2.22229850642999,1.28000734082326,-1.04979839665556,-0.842835420505131,17
78,4.35129502828223,3.87686949422603,-2.38111897670904,3.95964871776971,0.124020673336448,-0.00167192833746777,2.25192343870138,1.49050525113606,-2.1888368939926,-0.988518995331394,18
78,4.52217922000595,2.39508839645896,-1.48956774498617,3.95964871776971,0,0,1.77005215411515,0.990206863149917,-1.59748283849982,-0.456097955363777,19
78,4.9889848169098,0.872072789798753,-1.49217823086439,3.95964871776971,0,0,0.877431952299359,0.797426134856172,-1.17938797874754,-0.552544560444111,20
78,5.0890145876749,1.00030470141568,1.08173078459501,3.95964871776971,0,0,1.08499239316393,0.848704060017727,-0.0681918758234414,1.07632659956868,21
78,5.43495087823757,3.77257994464463,-2.12212903520634,5.17536185275799,0.12618767243816,-0.00277204684465329,2.07887330354433,1.33725720704228,-1.25539201775443,-1.18177788431556,22
78,5.71836856207205,3.70531222921522,-2.99475615493994,5.17536185275799,0,0,1.87626618766025,1.4138520721849,-1.92517111567541,-1.52558783375872,23
78,5.92676391783269,1.24627288135827,-1.11183560064707,5.17536185275799,0,0,1.15729370437659,0.813247599603135,-1.09951479370819,-0.765188992004983,24
78,6.1893420660911,0.346680494430522,1.02600949512247,5.17536185275799,0,0,0.962787674655632,0.531303825298749,0.0468735214380737,0.755062036001631,25
78,6.42274486454302,-0.403664661398269,-0.203732416449208,5.17536185275799,0,0,0.27896370323929,0.184600327674809,-0.68848502691044,-0.0641581897650528,26
78,6.50610300684728,-0.166184075755411,-0.793319643528466,5.17536185275799,0,0,0.749406129461253,0.276735367842446,-1.38143879168527,0.0607160816393987,27
78,6.94373325394463,3.28959065067207,-2.12756824270169,6.78087135403274,0.127774919928229,-0.00357784336664985,1.87068349958708,1.26910217275976,-2.34074396608053,-1.50080967107883,28
78,7.01875558201846,2.32679567738057,-1.87873253719584,6.78087135403274,0.126543838148061,-0.00295286117391799,1.22173362180965,1.18500145444781,-1.42218732288265,-0.734844170728705,29
78,7.47722536469187,1.82023679581196,-1.93272594518807,7.45684917770469,0.1301130447188,-0.00476483710015657,1.44266200662318,0.999204545784457,-1.76178159380451,-0.909208890827913,30
78,7.73563560583507,3.68477012618499,-1.65375173771452,7.45684917770469,0.125872651920446,-0.00261212065852315,2.07082952964722,1.45056891920259,-1.44338769974239,-0.610274609648376,31
78,7.77314676987199,3.53819076109097,-2.13301525085964,7.45684917770469,0.125257111030362,-0.00229962956215699,2.08864524856123,1.42135561565067,-1.91363966594207,-0.964192824999831,32
78,8.16076213158678,-0.757111319301858,-0.99068046499084,7.45684917770469,0,0,-0.16554070367313,0.24209799306914,-1.43489469812632,-0.205301848024726,33
78,8.2649598094671,0.14601418962162,-1.00821767365249,7.45684917770469,0,0,0.301252853241852,0.434121615020658,-0.991253314530305,-0.0535300423577573,34
78,8.53170586484073,-0.0121981457933704,-0.302206165566397,7.45684917770469,0,0,0.548633644274934,0.288168900005831,-0.852178237537754,0.192987181599096,35
78,8.84429889848169,2.16894012885712,-0.0211079465085396,8.59034663134684,0.126280169041153,-0.00281900451286482,1.956137554546,0.849458877404771,-0.779817382976456,0.0530637258222032,36
78,9.21524263173564,1.43426194831995,-1.77647698681791,8.59034663134684,0,0,1.1008378079294,0.828746724537615,-1.88150918242256,-0.815897278689526,37
78,9.45698124441798,-0.985024167162563,0.52862719253261,8.59034663134684,0,0,0.298336843022787,0.318837654234367,-0.362513129754711,0.390169120310201,38
78,9.74873474248288,-1.2345701885414,0.963511251870535,8.59034663134684,0,0,0.233854916692031,0.234843319703156,-0.074624129334188,0.865082139217805,39
78,9.98630544805001,-1.11516572048812,0.734733848573982,8.59034663134684,0,0,0.224123097428931,0.364104429333955,-0.30552996343767,0.74945644181704,40
78,10.0154807978565,-0.921474192685334,1.41800391030375,8.59034663134684,0,0,0.179519814399424,0.28273316400837,0.226543582183451,0.83022790968967,41
78,10.2572194105389,2.99616596393281,-2.08186081492537,10.055917140057,0.127144131187802,-0.00325761140764554,1.47328166565523,1.06252544226599,-1.83780422294647,-1.29955022833576,42
78,10.6531705864841,2.13720840063783,-1.94144880878913,10.055917140057,0,0,1.2648797609156,0.924654646684435,-1.64612985438404,-0.706359645133444,43
78,10.8949091991664,2.77985992011368,-0.785272074755848,10.7821557749815,0.128597176889341,-0.00399527782700737,2.05023822626569,1.15036255394505,-0.490128972306619,-0.341506905727392,44
78,11.140815718964,4.38414035396561,-1.92703677709639,10.7821557749815,0.124561964387732,-0.00194672508416423,2.22527591196747,1.57711590744534,-1.86883827718979,-1.34591740344372,45
78,11.3033640964573,4.63930036124078,-3.82253556286046,10.7821557749815,0,0,2.31368729927084,1.65665116723746,-2.45715406740415,-2.09230317705367,46
78,11.6743078297112,0.846045323479456,-0.405193744862507,10.7821557749815,0,0,0.555767855123488,0.607617897185022,-0.901648278646463,-0.525651470079987,47
78,11.8910389997023,3.02840227771788,-2.29283345064418,11.7685097147281,0.128436759525442,-0.00391383888651073,1.47468320595759,1.14889156890719,-2.05305201894379,-1.38339477092135,48
78,12.1827924977672,3.22628404735558,0.219417977178927,11.7685097147281,0.123649219269285,-0.00148335258144242,1.95628224230297,1.0647346104819,-0.3169134162014,0.594335409963767,49
78,12.4953855314082,1.16458461453991,-0.556347603823252,11.7685097147281,0,0,1.13012176687167,0.678813060010748,-0.92958351295659,0.011595308213876,50
78,12.5037213456386,0.479908080960928,-0.092181754771984,11.7685097147281,0,0,0.679340436609998,0.590301639388868,-0.250792448029216,0.040122059058871,51
78,12.9121762429294,3.43824098912096,-1.91642510454999,12.5819416068047,0.125028410571124,-0.00218352540335076,1.71271065498674,1.13492651694344,-1.63840374979709,-0.799111907289717,52
78,13.2289371836856,1.38122948697891,-0.526029162197263,12.5819416068047,0,0,1.16785440132005,0.782499275678303,-0.981807544513651,0.0593742486396096,53
78,13.2581125334921,1.48021569897358,-0.567198738990358,12.5819416068047,0,0,0.943227203348876,0.818197858680178,-0.764003250885367,0.179493111871268,54
78,13.6582316165525,-0.66892092365571,0.580078174653911,13.6195219459245,0.129812200713359,-0.00461210789139413,0.692160384662801,0.263303203669598,-0.320213777938907,0.574890501872633,55
78,13.7624292944329,1.44562733125407,0.673950499856,13.6195219459245,0.128102364907571,-0.00374407706815487,1.15853521496871,0.795759673972041,-0.519279478480655,0.718528945273512,56
79,0,-0.124060839015444,1.01741281126914,-Inf,0,0,-0.00388419832950254,-0.175657275785571,-1.3128214149072,0.515800200106256,0
79,0.0875260494194701,0.654261858070868,0.0500365091124494,0.0224989591981284,0.129380344003545,-0.00439286757951818,0.0585595061983891,0.0867616662136261,-2.00144164805896,-0.37702739885781,1
79,0.358440011908306,3.09672289130905,-2.01771425744704,0.0224989591981284,0.124934770908495,-0.00213598743909674,1.07202745185611,0.75343051783452,-2.37529413839069,-1.34480992353074,2
79,0.533492110747246,2.48942953965264,0.0211322904728059,0.0224989591981284,0,0,0.583306553032454,0.56666303768605,-1.25273034589034,-0.241981678738265,3
79,0.850253051503424,1.21841726339994,0.261366872647876,0.0224989591981284,0,0,0.195027290429444,0.326008174287014,-1.40313632445665,-0.163742752732184,4
79,1.06698422149449,1.99841847195751,-0.918679526950489,0.0224989591981284,0,0,0.719769899128414,0.46149357812686,-2.11590559920376,-0.897728131282231,5
79,1.42125632628759,2.74408303503929,-0.383704266872356,1.094782815639,0.125090128904367,-0.00221485789472457,0.953858410747223,0.706038181944953,-1.36229693149831,-0.304756064451785,6
79,1.64632331050908,2.4844714391617,-0.949716031233383,1.094782815639,0,0,0.709614358812669,0.773984456915835,-2.64848580211788,-0.711693194195735,7
79,1.80470378088717,0.912493878749371,-0.027453399433519,1.094782815639,0,0,0.0911748280929357,0.371637371108714,-1.60372840974472,-0.390217565384112,8
79,2.00059541530217,0.352288449609996,-0.995301662457952,1.094782815639,0,0,-0.233276653566794,-0.0160234740068533,-2.36786877344231,-0.802086071168043,9
79,2.47990473355165,2.37189416068509,0.722039221679,2.40691040348835,0.129249605274685,-0.00432649556528825,0.840627305219652,0.367661151144001,-1.05517949502957,0.406491164971853,10
79,2.73831497469485,3.42928153427949,-1.87542664299474,2.40691040348835,0.125009212476331,-0.00217377912365552,0.916059754196048,1.03744967903871,-2.57224223235304,-1.23840867137467,11
79,2.84668055969038,5.76557363901617,-3.38548076049414,2.40691040348835,0.123230983238323,-0.00127102706748736,1.97785380713129,1.4540839183457,-3.10858030710487,-2.54716539638212,12
79,3.02173265852932,2.5431492386816,-3.35630256000203,2.40691040348835,0,0,0.794274945701448,0.668770397676169,-4.06464011264141,-2.5820995623177,13
79,3.28847871390295,0.717804305429044,-1.05938506203624,2.40691040348835,0,0,-0.12414536011488,0.249298483455981,-2.41370362211773,-0.855368713792153,14
79,3.62607919023519,-1.99264278744824,0.226560827786856,2.40691040348835,0,0,-0.861896085359309,-0.512502012345209,-1.26040258524275,-0.554754968136331,15
79,3.91783268830009,2.00671602404054,-0.160934392004833,3.63744415291048,0.125846362079709,-0.00259877411845194,0.921596090465532,0.473498416533649,-1.86975879354556,-0.54274292891663,16
79,4.17207502232807,2.16521918251276,-0.392177146045103,3.63744415291048,0,0,0.520710686561383,0.505715017939731,-1.49630567855451,-0.0978555001354402,17
79,4.40130991366478,0.132619479935827,-0.418143336301505,3.63744415291048,0,0,-0.56379574014975,0.0307156123492472,-1.93677813519084,-0.365208281676608,18
79,4.70973504019053,1.64191477713322,-0.667025726515306,4.40150761033158,0.125389538669384,-0.00236685898391273,0.663411734679401,0.326835081001184,-2.43587647042651,-0.852590802729367,19
79,4.88061923191426,1.97567006779134,-0.646963192332978,4.40150761033158,0.122585407947891,-0.000943288433800815,0.329924874512742,0.642099231460569,-2.15397570455416,-0.308072117078998,20
79,5.24739505805299,-0.503928384096705,0.56004610560251,4.40150761033158,0,0,-0.381612253031915,-0.181046743361355,-1.64792843662021,-0.0829712550748057,21
79,5.32658529324204,0.523695056523253,-0.467048765239516,4.40150761033158,0,0,0.269844619713164,0.186721925645061,-2.06480037345098,-0.662205768567908,22
79,5.5724918130396,2.88465538817879,-0.127528779870515,5.48895540930367,0.129076614711,-0.0042386735996286,1.0944989699874,0.858968538992706,-1.75160724125297,-0.566829324831465,23
79,5.81423042572194,3.68744367790912,-1.36916251268166,5.48895540930367,0.12510979564157,-0.00222484208971366,1.14996828790136,0.856487969554571,-2.33318242004681,-1.18031861465225,24
79,6.08931229532599,0.65109631782987,-0.281090250105391,5.48895540930367,0,0,0.000349172822671759,0.227852357849232,-2.17990843485945,-0.446137333083298,25
79,6.3852337005061,-0.241934711701455,1.41887802806034,5.48895540930367,0,0,-0.360201306982553,-0.0535656861568464,-0.987046442999234,0.609141973421851,26
79,6.64781184876451,0.813691030818247,1.11351970835204,6.59354894840015,0.129556979391324,-0.00448253990977705,-0.212462043164,-0.0227648900649473,-1.43227464829818,0.456461039565793,27
79,6.91038999702292,3.72482896842719,-1.49395623560105,6.59354894840015,0.125248193160738,-0.00229510223521459,1.54656603800263,0.865126949358431,-2.86319089066566,-1.3105265231046,28
79,7.08961000297708,3.09086273754367,-1.87881390535813,6.59354894840015,0.122307275574781,-0.000802089219243018,1.12331127888659,0.693491728674209,-2.59386836336762,-1.22007995034351,29
79,7.48139327180709,1.27911437782517,-0.241381141582774,6.59354894840015,0,0,0.646404991912965,0.354688972217321,-1.81896704273611,-0.455327465748791,30
79,7.73980351295028,0.748979675250253,0.76952060869252,6.59354894840015,0,0,0.307417977432936,0.0788244345932882,-1.37602140806329,0.0415911783315219,31
79,7.91485561178922,0.708889769231246,-1.69247244492854,7.86698206510538,0.129661825736474,-0.004535767160596,0.0198447697707803,0.0865229307877165,-2.6703110194234,-1.50930795781244,32
79,8.20660910985412,5.26307138469291,-2.44424807664954,7.86698206510538,0.124874285480292,-0.00210528085552703,1.74763279281269,1.31717552934336,-3.3447106475575,-1.93208692220814,33
79,8.41083655849955,2.43910999463923,-1.56723870513468,7.86698206510538,0,0,0.413983998922886,0.597305474491553,-2.46732396321778,-1.22507322398902,34
79,8.56088121464722,0.454959759203145,0.204309558126371,7.86698206510538,0,0,0.124938938956038,0.257539848477625,-1.56763708600667,-0.511588888031864,35
79,8.88181006251861,-0.0782569095075558,0.311193071268092,7.86698206510538,0,0,-0.121788909854926,-0.116058979387349,-1.66445722417515,-0.00226850031834341,36
79,9.22774635308127,2.51371223491031,-0.874186043833554,9.00043720627168,0.126717370349635,-0.00304095811240819,0.730376452282452,0.593333265468368,-2.34866811038093,-1.03062606044149,37
79,9.49032450133969,3.74124095376292,-0.590389181790361,9.00043720627168,0.122408584119098,-0.000853520437846603,1.36536997878357,0.817786517838739,-2.34382312179839,-0.507770567473859,38
79,9.7237272997916,-1.52110187259618,-1.07333480034392,9.00043720627168,0,0,-0.617634151885307,-0.230415326803321,-2.08948089316635,-0.693242974918561,39
79,9.99047335516523,1.56298152375045,0.348402078005487,9.95318123456807,0.129835462055154,-0.00462391695610068,0.24280184803739,0.342257064779496,-1.18226251641589,0.0236528824218063,40
79,10.1780291753498,2.8806963176681,-1.34950621770372,9.95318123456807,0.126757757604682,-0.0030614614742679,0.884552949044434,0.722420524925287,-2.18164101251884,-1.10606836041407,41
79,10.3030663888062,4.25467599896288,-1.76489096281583,9.95318123456807,0.124705954637736,-0.00201982448638116,1.7255529194966,0.999283324873958,-2.49154520015443,-1.20805453737976,42
79,10.5114617445668,2.16495188678262,-1.61685636372865,9.95318123456807,0,0,0.759555512073107,0.370462288422915,-2.85031062568081,-1.35912147697106,43
79,10.7573682643644,5.34329322742591,-2.90326425114143,10.5974538366364,0.127823286586507,-0.00360239762504062,1.85871204106094,1.4114529067057,-2.85436373889993,-2.19914396007837,44
79,11.0449538553141,4.19471691111228,-3.23177239051237,10.5974538366364,0.123104139762529,-0.00120663255289982,1.80238459787879,1.12259874314408,-2.71613359688414,-2.10266323329143,45
79,11.2658529324204,2.70943661011964,-1.75299281724019,10.5974538366364,0,0,0.872946477684307,0.665856118830023,-2.53399284160535,-1.2318919380199,46
79,11.5200952664483,3.58438464987245,0.0732699276623406,11.4058838246426,0.128573251493124,-0.00398313164235867,1.21713445748277,1.0297870342778,-1.2258253743602,-0.57294755463909,47
79,11.9452217922001,3.60042084665578,-1.08741026803271,11.4058838246426,0,0,1.29783114052218,1.01120260777165,-1.54876920933871,-1.07191983239309,48
79,12.1244417981542,0.123836452716765,-1.40381701491955,11.4058838246426,0,0,-0.128584063107738,-0.0337156777753649,-2.47577387381074,-0.956112500640808,49
79,12.3911878535278,0.256554307776456,-1.07312131599391,11.4058838246426,0,0,0.471650329206102,0.096677393357001,-2.1822204628626,-0.927445253523612,50
79,12.6996129800536,2.70146542381693,-1.4786527389682,12.6085840247822,0.128953665398214,-0.00417625603131373,0.605954491051382,0.889245266165308,-2.61174681217581,-1.0085422325109,51
79,12.7746353081274,3.12567216406172,-0.683465620671785,12.6085840247822,0.127722583617993,-0.00355127383857921,1.10476748608174,0.66829020596414,-2.25928440409824,-0.696864260644625,52
79,13.1539148556118,1.80891899690603,0.10825321805441,12.6085840247822,0,0,0.493904418388285,0.36850591557751,-1.479880396406,-0.428383868219871,53
79,13.3873176540637,-0.494311008048857,-0.498539129635173,12.6085840247822,0,0,-0.550335358173909,-0.210960483186309,-1.59751387584573,-0.670183040503415,54
79,13.5206906817505,-0.00384854119726295,-0.2107053647557,12.6085840247822,0,0,-0.400761347298632,0.0747381978655118,-1.91310300874602,-0.890177024724614,55
79,13.9541530217327,2.93746215493708,-1.71234664675537,13.5974971558084,0.124594850383765,-0.00196342028853061,1.02169457105879,0.733774234849948,-2.70266129513946,-1.37334462786609,56
80,0,0.655583747350415,0.482596863098683,-Inf,0,0,0.40605839818728,0.185860450136879,0.0254192995868114,0.171155090995219,0
80,0.0708544209586186,-0.0565105677305081,0.0266256687699449,-Inf,0,0,0.272269714562533,0.331889070442889,0.0904290900569499,0.245910151507093,1
80,0.250074426912772,-0.0542042308259744,1.9843308689408,-Inf,0,0,0.729819076866906,0.224946960969939,0.693110136734882,1.38761552589087,2
80,0.516820482286395,3.79543356568238,-1.12619666909791,0.379567686456721,0.128195153507367,-0.00379118297412591,1.94103838882433,1.16527804400118,-0.739642768945803,-0.33111682673205,3
80,0.921107472462042,1.64496225792037,-2.49500678846193,0.379567686456721,0,0,0.813021475949549,0.655858209065671,-1.3132161612186,-1.36812023742583,4
80,1.07948794284013,3.06871944175655,-1.0470231283774,0.994489929613729,0.129052630373801,-0.00422649749249135,1.17350098427762,1.08130545260756,-0.682433963274186,-0.533829650669499,5
80,1.27954748437035,4.19168990667207,-2.04202123307226,0.994489929613729,0.125769745626694,-0.00255987831187246,2.25354726261554,1.35297498591531,-1.4575284911391,-0.946595474548497,6
80,1.54212563262876,3.66321980973629,-1.21931898923875,0.994489929613729,0,0,1.82983593172947,1.14718554100455,-0.115601288485936,-0.48719802574482,7
80,1.96725215838047,3.61540299308295,-0.404735606507381,1.85993920240659,0.128686452461882,-0.00404060027752817,1.55290527742026,1.07248057028126,0.0264576531945486,0.209460294100135,8
80,2.10896100029771,2.08773685337586,-1.32084344021795,1.85993920240659,0.12636107576601,-0.00286007835792275,1.1208231731758,0.847215769635617,-0.585684826331394,-0.591858345526355,9
80,2.36320333432569,4.14523044495783,-1.3998290716104,1.85993920240659,0.0260639013746558,-0.000371436987984343,1.65755287530682,1.17939240864107,-0.487369799877939,-0.698402923795808,10
80,2.71747543911879,1.14033110237501,0.351760240329241,1.85993920240659,0,0,0.886907432532434,0.431464295124834,-0.0724315702870996,0.613439525015492,11
80,2.88002381661209,2.18944919034918,-0.247177265928403,2.78139034152891,0.128828878737635,-0.00411290569830258,1.61912524592929,0.699708986431132,-0.0719951447002679,0.29893808882264,12
80,3.13843405775528,2.57157249797085,-0.985689037767913,2.78139034152891,0.124588485939266,-0.00196018925666883,1.85711894370724,0.876727867835401,-0.984070845327914,-0.575154625424321,13
80,3.26347127121167,2.52974045114934,-1.63779970624743,2.78139034152891,0.122536682972333,-0.000918552268782194,1.39990261691352,0.882876592983574,-1.00601550969786,-0.720406086771474,14
80,3.58440011908306,0.933600071609539,-0.6334898917703,2.78139034152891,0,0,0.476432204181672,0.38439237697177,-0.633041303532441,0.0683158284546634,15
80,3.7927954748437,0.258389126077671,-1.07885897411225,2.78139034152891,0,0,0.41273196949341,0.167438755826115,-0.626625553984899,-0.485442432010395,16
80,4.00952664483477,0.188399910173341,1.61292704120004,2.78139034152891,0,0,0.59173272767932,0.0383734574107534,0.265872032964861,1.24404261330644,17
80,4.40547782077999,3.53678803005067,-0.638424041087374,4.12685920858505,0.125875405702497,-0.00261351866860919,1.73406755236273,1.05727288826394,-0.616202403160255,-0.121594963659312,18
80,4.65138434057755,4.93334143533983,-2.0338003343119,4.12685920858505,0,0,2.03185128829547,1.39053359650972,-0.650709075773794,-1.26095020654963,19
80,4.78892527537958,1.77575570288321,-0.072803329079902,4.12685920858505,0,0,1.29661820828358,0.676470049848335,-0.525743820487275,-0.0599287536565152,20
80,5.06817505209884,1.12328709432005,0.503804946802323,5.02757002275007,0.129781098751452,-0.00459631838605887,0.951305150989075,0.390829813481065,0.33309340735125,0.0271661423179999,21
80,5.3807680857398,5.14039076889645,-3.68337066687874,5.02757002275007,0.124651591334087,-0.00199222591634174,2.23386718666828,1.49942560860119,-1.7871050920521,-2.02487009073644,22
80,5.70169693361119,1.85129632681293,-1.1295221922668,5.02757002275007,0,0,1.1875741872613,0.687920026866122,-0.707308877410243,-0.500973277143591,23
80,5.93926763917833,0.565119114630146,-2.03416077405112,5.02757002275007,0,0,0.556063175073754,0.389191445034031,-1.46212283253971,-0.994374384669508,24
80,6.23518904435844,1.99750356184891,0.195878098526956,6.17895390665015,0.129524615886718,-0.00446610995816858,0.984749290400775,0.868068236705809,-0.0415974033786556,0.307961001919705,25
80,6.3518904435844,1.58289265110786,1.27155614346044,6.17895390665015,0.127609599784234,-0.00349391543614126,0.962386047237536,0.783384850895184,0.359478554793448,0.798078532829179,26
80,6.60196487049717,2.90347968373599,-0.987633822277583,6.17895390665015,0.123505993850342,-0.00141064146036711,1.46237315711821,0.95755766019364,-0.743322254672907,-0.152190958272948,27
80,6.95623697529027,0.403621033980308,-0.748457057787356,6.17895390665015,0,0,0.280849277943143,0.267550160984284,-0.0720856362306072,-0.145321977303561,28
80,7.16880023816612,1.30758643790462,0.716218561203453,7.16119224979685,0.130322564965475,-0.00487120405749231,0.860292181048054,0.487180470845868,0.198169158305474,0.397928188946635,29
80,7.28966954450729,2.11809049561093,-0.343688207043049,7.16119224979685,0.12833915543076,-0.00386428830253463,0.877287773786308,0.641171383216927,-0.0115006185177621,0.0117832485087099,30
80,7.67728490622209,3.61489150911164,-0.839336352076376,7.16119224979685,0,0,1.87715335430518,1.17427321213674,-0.223518746500113,-0.545504251953868,31
80,7.8106579339089,1.92960641834568,-1.71097985675533,7.16119224979685,0,0,0.983478422087066,0.67773971796294,-0.908254036440639,-0.887384144567303,32
80,8.23578445966061,-0.32784834316886,-1.12153489938954,7.16119224979685,0,0,0.460680129733451,0.0693447324527534,-1.13374299167805,-0.267270918387252,33
80,8.26912771658232,0.15670728981748,0.222244713772199,7.16119224979685,0,0,0.330366691726177,0.231879109961013,0.120519853049466,0.734494490037348,34
80,8.57755284310807,0.294630063161192,1.02170811470225,7.16119224979685,0,0,0.397630216804232,0.482036384848099,0.580394521326352,0.83791323517444,35
80,8.94016076213159,3.02865352967857,-2.20799574013949,8.59610252427833,0.124801571646434,-0.00206836628816963,1.58219016556777,0.998633094771867,-1.31377086670141,-1.14994437710813,36
80,9.16105983923787,3.63839802569124,0.379717383661096,8.59610252427833,0,0,1.80820511762552,1.18052696681217,0.584812701985425,0.561471790802001,37
80,9.35695147365287,1.53800634538776,-0.855253301827349,8.59610252427833,0,0,1.14888017756933,0.544871638726933,-0.689843068277206,-0.176004765541906,38
80,9.53617147960703,0.832005142782586,0.946155926127933,8.59610252427833,0,0,0.691434499530514,0.627509555183103,0.225743122518546,0.930953202757519,39
80,9.87377195593927,-0.141576938072268,1.04571462781928,8.59610252427833,0,0,-0.0328623188136096,0.328492560023623,0.742884433158141,0.594107983618898,40
80,10.1530217326585,-0.104985815605169,1.77106868693024,10.1407706044453,0.130246373183516,-0.00483252384327815,0.201015380083695,-0.00308195365919464,0.693371374734524,1.37058452153015,41
80,10.4114319738017,2.56808201926783,-0.940278593879121,10.1407706044453,0.126005980385159,-0.00267980740164472,1.0831552157605,0.861806136347363,-0.79510079198062,-0.284421047352677,42
80,10.6406668651384,4.93498695506443,-2.79398194723704,10.1407706044453,0.122244341612424,-0.000770139590517818,2.03392105562964,1.38584126039976,-1.79252476580848,-1.55279427012472,43
80,10.9907710628163,0.763056049025527,-2.04098308262351,10.1407706044453,0,0,0.735474656385176,0.339833976574222,-1.14055966786231,-1.18872529056459,44
80,11.1241440905031,3.66027028589156,-2.76096986366289,11.0586790982455,0.129373158233202,-0.00438921958588803,1.93956192833835,1.1034109031374,-1.31644959544939,-1.23056996475755,45
80,11.4200654956832,3.40965775783676,-1.79940717448848,11.0586790982455,0.124517224544764,-0.00192401204788981,1.67434712604491,1.04436325908284,-1.12714243109674,-0.68298680289036,46
80,11.6909794581721,2.61581986733167,-2.12056098129382,11.0586790982455,0,0,1.46665318771346,0.745497425765717,-1.44960038781157,-1.21255394024024,47
80,11.807680857398,2.43640751119044,-2.2060456565551,11.0586790982455,0,0,1.27727344937932,0.583853661623885,-1.61841584484593,-0.794295668060377,48
80,12.0202441202739,0.962077939141748,-1.12422670293783,11.0586790982455,0,0,0.714587643326527,0.450804157415224,-0.552902720674194,-0.371159285533077,49
80,12.3870199464126,3.12041982011843,-0.352014282446746,12.2097126257176,0.127537877239853,-0.0034575041158184,1.720169352619,1.06236643111632,-0.676961781671499,-0.12000380096228,50
80,12.707948794284,7.16752048489903,-4.08539899693413,12.5359754325374,0.249896988002549,-0.00428590845883403,3.15935772582356,1.9291634302036,-1.76217366524341,-2.33268505339234,51
80,12.7537957725514,5.55769484040627,-3.83712470204918,12.5359754325374,0.126873077289976,-0.00312000571636593,2.80061191316191,1.36695976492866,-1.90644921583831,-2.21895035280381,52
80,13.2289371836856,0.186123646700213,-0.398607316728745,12.5359754325374,0,0,0.409226049981343,0.221995825215641,-0.600718756342095,0.273783206246525,53
80,13.2664483477225,0.727396143138927,-0.834027063367811,12.5359754325374,0,0,0.987132578235384,0.414117956289164,-0.464381422921097,-0.653441209669333,54
80,13.5998809169396,-0.209151424706172,-0.14372298448709,12.5359754325374,0,0,0.135341985388217,0.236772715810267,-0.0893873777993055,0.255749876588039,55
80,13.9333134861566,1.74436027705841,0.134877331039779,13.7034727483871,0.126675828110337,-0.00301986840072105,1.4132685555281,0.562508160594516,0.295592781872046,0.198061192685827,56
81,0,0.474757925930365,0.0359723297209161,-Inf,0,0,-0.235952579709763,0.100789221825596,-0.713060954589884,-0.668241670996847,0
81,0.129205120571599,-0.716548169737747,0.575197120591702,0.108066939027049,0.130100540739779,-0.0047584892162458,-0.640650053663949,0.0888610094388583,-0.3353007017726,0.161738061314135,1
81,0.475141411134266,2.50719079021422,-2.22468465070847,0.108066939027049,0.124423885864561,-0.0018766268830918,0.34116521661271,0.795279108882381,-1.53871118275996,-1.86189597789744,2
81,0.591842810360226,3.08845876088632,-0.972172209671091,0.108066939027049,0.122508869762079,-0.00090443236106405,1.09658373906761,1.10249742093035,-1.01292086978339,-0.436188426765813,3
81,0.904435844001191,0.796110740790576,1.46100442699249,0.108066939027049,0,0,-0.0176739317485336,0.545641270247784,0.450392750292858,0.730617263364004,4
81,1.14617445668354,2.32361071289166,0.0655644149533048,0.949145452420299,0.127214253514263,-0.00329321034678676,0.532863636138237,0.974411760885016,-0.158898840633338,-0.349291833222728,5
81,1.42125632628759,3.59331236136918,-1.72392476634623,0.949145452420299,0.122700286986989,-0.00100160897343557,1.01949204393711,1.0151351212834,-0.93147657256792,-1.1096891591732,6
81,1.69217028877642,0.444093531593967,-1.04504455532672,0.949145452420299,0,0,-0.429005421779585,0.356396373415897,-1.16370996612022,-0.961618897385195,7
81,1.98392378684132,4.51969655011402,-0.859739215618277,1.70796602961715,0.125919069104557,-0.00263568522911004,1.52532696559165,1.44501747364758,-0.27590169080038,-1.04551234477431,8
81,2.15480797856505,1.77365090439272,-0.291712327710343,1.70796602961715,0.123114938383064,-0.00121211467899791,0.107312971646009,0.814138177762043,-1.22050166696067,-0.374629458851234,9
81,2.47990473355165,-0.526881752104962,-0.290525884076922,1.70796602961715,0,0,-0.0883740216525445,0.091686431700012,-0.0231909487898986,-1.08969544757509,10
81,2.51741589758857,-1.03920369081339,0.0453231068005014,1.70796602961715,0,0,-0.721410784980523,0.0511320807192639,-0.191098427699165,-0.17563247526505,11
81,2.77582613873177,1.40629509960795,-0.668823395017035,1.70796602961715,0,0,0.139332557600122,0.53699775414418,-1.14663634972819,-0.710873595462392,12
81,3.07591545102709,3.99996451680788,-2.0886198846619,2.9955020049766,0.12912786100533,-0.00426468976031226,1.13850594777793,1.42390988693861,-1.65995204353251,-1.56327721938098,13
81,3.35099732063114,3.7819771849984,-0.4869061816197,2.9955020049766,0.124613894478062,-0.00197308838696102,1.49986704404455,1.13290478341988,-1.246735007693,-0.745474194134497,14
81,3.59273593331349,1.87985538830244,-0.609634635922401,2.9955020049766,0,0,0.588368900625656,0.707146469063574,-1.14456435049776,-0.716756789127623,15
81,3.79696338195892,2.92697488219249,-1.01774907277741,2.9955020049766,0,0,0.82686237187565,0.978528695753225,-0.70042266647695,-1.22656114461517,16
81,4.01369455194999,-1.52323211214033,0.497708998888629,2.9955020049766,0,0,-0.913362110047119,-0.177050287244912,-0.660734147828878,0.10688953036606,17
81,4.35963084251265,2.81695556629786,-1.30030839212302,4.18196762459567,0.127532037130717,-0.00345453927279388,0.871749239749675,1.01544885350203,-1.40752943042845,-1.18806173896058,18
81,4.6972313188449,3.60905220661048,-2.20790346448706,4.18196762459567,0,0,1.18355770454881,0.983414528585108,-1.83557226504355,-1.44541966149789,19
81,4.79309318249479,2.78916739333956,-0.0105711827934925,4.18196762459567,0,0,0.766540515325143,0.878797689888765,-0.0730265944680484,-0.242302769883757,20
81,5.0890145876749,-0.0397637311084682,0.0435868823085268,4.18196762459567,0,0,-0.479065295153402,0.167876562630183,-0.463342771653187,-0.442048351114205,21
81,5.27240250074427,-0.770705860656546,-0.0432098409687888,4.18196762459567,0,0,-0.731512338404495,-0.195765500607104,-0.28504134984524,-0.139851471859043,22
81,5.61417088419172,-0.615130419853171,-0.175517573381847,4.18196762459567,0,0,-0.506133135170169,0.103076219056424,-0.959406408952862,-0.394456738924763,23
81,5.86007740398928,0.729257686011659,-0.0869272710884757,5.7792585635701,0.12912120867082,-0.00426131257557273,0.00932163440992768,0.281077457470601,-0.489926498701588,-0.289632740139867,24
81,6.18517415897589,3.62219268455957,-1.31234287947569,5.7792585635701,0.123786520956786,-0.00155305640706736,1.1227628604715,0.888667552713059,-1.16393183396584,-1.16782609298053,25
81,6.35605835069961,2.89784787144439,-1.92245743764912,5.7792585635701,0,0,1.12140689929484,0.967319718395104,-1.87769223344605,-1.55067268097282,26
81,6.72700208395356,5.12576187192657,-1.58189317690983,6.36713327072883,0.124542127401346,-0.00193665445893608,1.69375214442157,1.38200005122583,-1.81468320387516,-1.20914979847671,27
81,6.75200952664484,4.94093485317414,-2.01413488115549,6.36713327072883,0.124131766807956,-0.00172832706135864,1.43776717969165,1.43943269740782,-1.82991498545887,-1.87963859149677,28
81,7.23965465912474,0.219269925899749,-0.733080565274902,6.36713327072883,0,0,-0.400388030321886,0.326269577262886,-1.25953665174501,-0.783922596424861,29
81,7.31050908008336,0.174538414910299,-0.335318324734547,6.36713327072883,0,0,-0.0344127294976492,0.176486914536438,-1.0715365982911,-0.196020818359088,30
81,7.56475141411134,0.453023416041148,-0.583120594122822,6.36713327072883,0,0,0.0134443813876121,0.310498068521791,-0.658331516346973,-0.62572989751716,31
81,7.82316165525454,3.98874844869285,-0.777792344484532,7.5759920727569,0.126391469765802,-0.00287550845277292,1.09605338845717,1.32042467395319,-0.912303228568182,-0.761247550114789,32
81,8.15242631735636,0.60560627733092,1.26034146395842,7.5759920727569,0,0,-0.147577304060586,0.390681475466159,-0.0332888929385559,0.312661209879725,33
81,8.44417981542126,-0.0459954751497914,0.427928797857101,7.5759920727569,0,0,-0.154819147484884,0.241015294390206,-0.568047031123639,-0.162170093222965,34
81,8.57755284310807,-1.42701603808154,0.654021079771812,7.5759920727569,0,0,-0.833115290282926,-0.0071464278006495,0.170788301439764,-0.235474901463261,35
81,8.80261982732956,0.965703025525375,-0.445786606614313,7.5759920727569,0,0,0.142023810600996,0.484101393055874,-0.842793163486942,-0.655038883284716,36
81,9.23191426019649,1.04188555585719,-0.103366237812354,9.06488815106881,0.127706587176847,-0.00354315293950115,-0.0246235612916521,0.514684041577585,-0.72922489111841,0.0164705547783013,37
81,9.27359333134862,2.37860135715626,-0.169973405787737,9.06488815106881,0.12702265285448,-0.00319594061020351,0.832948920803051,0.731122337612489,-1.12548728589486,-0.411107535689647,38
81,9.61536171479607,4.60169849569038,-2.53371053769487,9.06488815106881,0,0,1.344755311283,1.41682178547563,-1.53035568165972,-2.06065397779776,39
81,9.87793986305448,1.70717693482347,-1.13248154091569,9.80585242759687,0.129264486996612,-0.00433405055583241,0.160262054807912,0.713850621950573,-0.721955574978847,-1.10871724223114,40
81,10.1071747543912,3.78331737612,-1.85626570496861,9.80585242759687,0.125502848223878,-0.00242438274470687,1.25110580745023,1.33509875762431,-1.85451989712743,-1.48491993089617,41
81,10.3114022030366,4.06283189098197,-0.738591219287382,9.80585242759687,0,0,1.15267086534834,1.32158601600679,-0.921115898675169,-0.765504943533854,42
81,10.7073533789818,1.06513387536984,-0.621821626012215,9.80585242759687,0,0,0.0726929226754019,0.701717501758288,-0.972160439463886,-1.16240872114462,43
81,10.9615957130098,-0.106601141167278,-0.15244018600372,9.80585242759687,0,0,-0.246225528632989,0.129783008476816,-0.246760081503704,-0.229449857871997,44
81,11.0991366478119,1.94264079322373,-0.589948912861478,11.0072088931974,0.128938916515798,-0.00416876847929117,0.710274211039961,0.972836306343982,-0.117240338679711,-0.883627175015711,45
81,11.4242334027985,2.15143804164906,-0.400868578125341,11.0072088931974,0.123604228801687,-0.00146051231078381,1.12007596692474,0.746458624868552,-1.00129530553657,-0.80347800787254,46
81,11.6784757368264,3.96093424375716,-1.74759402184135,11.4751161445899,0.12711037148723,-0.00324047265049766,1.22014975406061,1.08769518031779,-1.7132597770515,-1.60136172922655,47
81,11.7826734147068,3.30431185390986,-1.47857522353022,11.4751161445899,0.125400535681493,-0.00237244182725996,1.09480316904885,1.13199953543398,-1.15213305146262,-1.32529202192191,48
81,12.236975290265,-0.341900175590726,0.0532033090810642,11.4751161445899,0,0,-0.60682831980194,0.234662194780164,-0.54575200371958,-0.401917536625376,49
81,12.2744864543019,0.410000084873983,0.000217220415816788,11.4751161445899,0,0,0.0981717449765583,0.32531967067796,-0.307996250216104,-0.109962944718951,50
81,12.6537660017862,1.52422755626081,-0.308099741396319,11.4751161445899,0,0,0.311951910098112,0.602527868116839,-0.897669203109496,-0.19877340517743,51
81,12.8621613575469,0.264521923549489,-0.0053309994294321,12.8489318238356,0.130230318000837,-0.0048243731229628,-0.244716930485737,0.443365889900791,-0.983190378546261,-0.0356405116840027,52
81,13.1872581125335,3.30272390137324,-2.55319381961455,12.8489318238356,0.124895630286775,-0.00211611695445585,0.926048596450714,1.20544002511879,-1.35555450323717,-2.01915891593823,53
81,13.4039892825246,2.71080325670806,-2.3127945083295,12.8489318238356,0,0,0.855541937474264,1.12260442957335,-1.70617236861541,-1.78958669479152,54
81,13.6332241738613,2.0479865075745,-1.44569064108744,12.8489318238356,0,0,0.383971415524444,0.9130228935115,-1.02885245184883,-1.18619671409845,55
81,13.8207799940458,1.00990148846273,-0.217077504929648,13.7656687246519,0.129543058047106,-0.00447547247332386,-0.226657209021679,0.238752470167436,-0.459203759085231,-0.333460231400899,56
82,0,1.59221288656527,-0.932925803525235,-Inf,0,0,0.94597773986173,0.639028440885154,-0.0305237514154156,-1.09167394316412,0
82,0.0541827924977672,1.23749758368979,-0.632791610576389,-Inf,0,0,0.177570686732131,0.494706316272985,-0.00770071660701427,-0.15417269375396,1
82,0.450133968442989,3.67906136367814,-2.79657725148031,0.0827057444024831,0.124418080958596,-0.00187367991164186,1.35245709106699,1.20506812814639,-1.32358386664679,-1.76167798530752,2
82,0.716880023816612,-0.825454311964002,-1.07034115368755,0.0827057444024831,0,0,-0.249255440813652,-0.00249281719991719,-0.0949771672619436,-1.29416317181778,3
82,0.862756772849062,-0.626927928896178,0.332195631988645,0.0827057444024831,0,0,0.0758667548756215,0.014603124629536,0.0434048731124018,-0.0228019222877343,4
82,1.22953259898779,2.13824367928295,0.438858988796875,1.07457960303694,0.127904701392195,-0.00364372940706759,0.898719760693505,0.606530087342771,0.544686132310101,-0.124678068426942,5
82,1.25870794879428,2.02101366509417,-0.450064580877396,1.07457960303694,0.127425947366567,-0.00340068077655979,1.00526098888114,0.856225269568617,-0.00477778472980479,-0.497904505326643,6
82,1.7171777314677,0.88200118339044,0.151631735802802,1.07457960303694,0,0,0.41966961677961,0.350277503388532,0.529856220316662,-0.126731023724776,7
82,1.87139029473057,-0.451254760379957,-0.0642816327696323,1.07457960303694,0,0,-0.0290365244461621,0.154452346664659,0.323579298788031,-0.377332879201476,8
82,2.0089312295326,0.541052878119723,0.758577855287129,1.07457960303694,0,0,-0.0276394238776019,0.390943406595321,0.936773860112055,-0.252372647049966,9
82,2.32986007740399,-0.961566751801366,1.05815679517732,1.07457960303694,0,0,0.0571500501054922,-0.170061642406209,1.04723042224265,0.32406758076203,10
82,2.72997916046442,2.97008399022059,-0.999297937488162,2.54360765183452,0.127389138099076,-0.00338199384845858,0.914173075120409,1.08797786363793,-0.568162341043711,-0.891791251695898,11
82,2.78416195296219,3.67550282090733,-0.0494134756184398,2.54360765183452,0.126500023480053,-0.00293061782037361,1.28756910496819,1.00787212269801,-0.00272178723490324,-0.216082790973942,12
82,3.10092289371837,3.19688706095923,-0.86220085664831,2.54360765183452,0,0,0.831140515301201,1.21518324910067,-0.231934516046332,-0.531368152020281,13
82,3.48437034831795,3.08828980229127,-1.70213725633777,3.11091266485791,0.124319140312178,-0.00182345080164556,1.3078221129491,1.04397561639724,-0.455617928470834,-0.972660853356871,14
82,3.59273593331349,2.84018917858109,-1.36220228309057,3.11091266485791,0.122540911074158,-0.000920698745476581,1.17227789248663,0.935230971515743,-0.360391138083459,-1.24728143043303,15
82,3.9220005954153,0.298747389573347,-1.52690060909396,3.11091266485791,0,0,-0.0109912028561436,0.550529738421069,-0.242660392306935,-0.726672909916382,16
82,4.23876153617148,-0.274599555180093,-0.728303451322714,3.11091266485791,0,0,0.0781574494947548,0.220880098484826,-0.289970996202335,-0.902722021613291,17
82,4.3096159571301,-1.27446410881853,0.482298560645339,3.11091266485791,0,0,-0.474702871704261,-0.128177376312365,1.02450524542441,-0.00201147160197961,18
82,4.74307829711224,3.54554305370733,-0.100005383447677,4.49195483000233,0.12632658834407,-0.00284257015909092,1.41827743671894,1.20889933454587,0.517509575367847,-0.335712951522532,19
82,4.98481690979458,2.73736032311199,-1.48416587274155,4.49195483000233,0.12235976927464,-0.000828738649175959,0.682413110423109,0.626356114933226,-0.326713949772857,-1.20503248869455,20
82,5.00148853825543,2.49612324063151,-2.35314329334314,4.49195483000233,0,0,1.20429318509762,0.989931279828562,-0.275208794151297,-1.92773396543015,21
82,5.41411134266151,3.63920675525136,-1.05187939182899,5.21753977475724,0.12722175983381,-0.00329702107335317,1.83036699371925,1.09872162894467,-0.642794748972988,-0.982931119226795,22
82,5.63084251265258,3.13945065139627,-1.53637666999711,5.21753977475724,0.123665301357769,-0.00149151696101585,1.1015791909549,1.01802581809723,-0.263382665045329,-1.26577607097044,23
82,5.76004763322417,2.66984817189178,-2.66844970828202,5.21753977475724,0,0,1.19731593722412,0.931199510664703,-1.22828948374214,-2.37006965259902,24
82,6.10181601667163,0.679874794582245,-2.16095450043166,5.21753977475724,0,0,0.374766385232204,0.369583214334416,-0.643878106190718,-1.39038289599461,25
82,6.35605835069961,2.36549242601517,-0.353422115360675,6.28991436121376,0.129362016202078,-0.00438356312084169,0.871157584408193,0.684862279180691,0.333937059959285,-0.774041144152286,26
82,6.52277463530813,3.05918852448335,-1.63382524840581,6.28991436121376,0.126626278912816,-0.00299471380365904,1.27270807911227,1.17778130710104,-1.14533901163058,-1.08441949347058,27
82,6.93122953259899,1.46668133675116,-1.51406526525977,6.28991436121376,0,0,0.681407197740003,0.555853036231131,-0.447460943347195,-1.66734086589324,28
82,7.11461744566835,-0.775730807716015,-0.855231988828337,6.28991436121376,0,0,-0.282816036900704,0.088062563351731,-0.145229870097738,-0.957580904842741,29
82,7.39803512950283,-0.671766199784388,0.574014209055289,6.28991436121376,0,0,-0.144184087666297,0.0517450462321084,0.649517440248019,-0.135434330529012,30
82,7.65644537064603,3.04572689404682,-0.607941411228474,7.54493999817552,0.128617656841987,-0.00400567486635728,1.13009182102807,0.896244884753112,-0.018675157827033,-0.797639220170542,31
82,7.9065197975588,4.38039765004025,-1.49892983715398,7.54493999817552,0.12451405090812,-0.00192240089058446,1.72137014168912,1.35096459662486,-0.341853604421088,-0.895575926386894,32
82,8.00238166120869,4.90134440012059,-1.53116871916534,7.54493999817552,0.12294100196677,-0.0011238125332042,2.09060570030611,1.44559691397216,-0.554092117818181,-1.35671123786071,33
82,8.28579934504317,-0.480639392763841,1.61565783407978,7.54493999817552,0,0,0.339421722133223,-0.121737006611292,1.62052939621988,0.83360116577837,34
82,8.71509377791009,1.63559688519971,0.273010902888376,8.64695115840027,0.129329219605798,-0.00436691330195678,0.601062030010419,0.711818333640988,0.275316691618685,-0.204699462449015,35
82,8.96100029770765,3.76117284553612,-0.895986195774311,8.64695115840027,0.125294007104085,-0.00231836055911079,2.0098814214435,1.19280421919262,-0.150418319766497,-1.23354639085034,36
82,9.09437332539446,5.05539120931157,-3.1445922120564,8.64695115840027,0.123105417272676,-0.00120728110536483,2.02063287034259,1.51235893167836,-0.799954264282249,-2.1106505052019,37
82,9.27776123846383,1.43179878505319,-0.260949032909228,8.64695115840027,0,0,0.764979570293537,0.482639960552737,0.743182232930136,-0.396291386269284,38
82,9.55701101518309,0.702333172149265,-0.309339811577726,8.64695115840027,0,0,0.345126599065621,0.454186033526268,0.171874957847837,-0.686116311568192,39
82,9.92795474843703,-0.0235658660100469,-1.03436056614898,8.64695115840027,0,0,-0.0117265034927978,0.158293348454111,-0.198940355247363,-0.887856954436791,40
82,10.1696933611194,2.81863843318723,-0.955278635032014,9.93216246949294,0.126549636234675,-0.00295580468338165,1.38807528879906,0.726266890953863,0.294435167717534,-0.71879189939057,41
82,10.4489431378386,2.26213360602588,-0.964284303601538,9.93216246949294,0,0,0.871254635898427,0.709656353146278,-0.467993240512448,-0.852012648136106,42
82,10.6281631437928,0.360937352791722,-0.103517413037609,9.93216246949294,0,0,0.0996238045362248,0.277908037066657,0.446349788824848,-0.100385353956018,43
82,10.9324203632033,0.838815866428177,0.161193377688666,10.8495778963722,0.129088001895323,-0.00424445452138139,0.56552470472774,0.449414943079677,0.411712481579978,-0.328800375289947,44
82,11.16165525454,2.13416123684547,-1.26222761500081,10.8495778963722,0.125326363122589,-0.00233478671025562,0.978689541640431,0.912094701378495,-0.589407388328689,-1.11782454856231,45
82,11.4617445668354,1.04288148623628,0.443045272162056,10.8495778963722,0,0,0.468147435525877,0.351933618416368,1.09208161856819,-0.0850606526054261,46
82,11.5200952664483,0.547627323990416,0.200875985435889,10.8495778963722,0,0,0.249331396508079,0.464538400625353,0.602346840110081,-0.175019286870231,47
82,11.786841321822,-0.257627290018972,0.695981925716801,10.8495778963722,0,0,-0.0191941900801863,-0.00727235094174788,0.725660104536029,-0.0623879645213,48
82,12.2494790116106,5.13341909308229,-2.34470326318211,11.9040448425839,0.124778993250934,-0.0020569039341769,2.08278762842061,1.50627254933284,-0.640469659292933,-1.48700453625117,49
82,12.453706460256,2.48356323021759,-2.32480743662675,11.9040448425839,0,0,1.06225493681202,0.791349013229953,-0.800756066414179,-1.95067259317726,50
82,12.5537362310211,0.685160534104535,-2.04954110572378,11.9040448425839,0,0,0.464288759559754,0.374402538557091,-0.623946991607152,-1.64093724305021,51
82,12.9663590354272,0.207263832556156,0.294165801489682,11.9040448425839,0,0,0.112873144802169,0.149753209963578,0.314411481226475,-0.135298835062866,52
82,13.0122060136946,-1.65645048503482,-0.292817664424178,11.9040448425839,0,0,-0.528356504509922,0.0106076332729359,0.174924592707962,-0.436874487995329,53
82,13.2831199761834,2.47517313339916,-1.22239495577306,13.08722715988,0.127232897834356,-0.00330267549217518,0.935329663237417,1.05791827266442,-0.609004585779069,-1.04052948574242,54
82,13.5123548675201,2.27759708600253,-1.83636722854691,13.08722715988,0.12347125906157,-0.00139300768104784,1.19344884611002,0.841008484677844,-0.928076941467746,-1.65848456508454,55
82,13.9708246501935,2.93817020170616,-2.18015542442121,13.8221398362191,0.128007559365577,-0.00369594722297144,1.49484073446118,0.745740566744977,-0.189277349415157,-1.76593700340361,56
83,0,-3.38321086868596,1.79698534498003,-Inf,0,0,-1.59377511776167,-1.43692018524927,1.76625572528243,0.714766648324717,0
83,0.170884191723727,-0.16979616005065,1.64786094754597,-Inf,0,0,-0.427608158031543,-0.517472236353692,1.2943759002738,0.461334079588968,1
83,0.266746055373623,1.10812929351494,-0.0407007120535745,-Inf,0,0,0.371650265037566,-0.0613967273191161,0.623387964915602,-0.942176296452215,2
83,0.675200952664484,4.50735309838433,-3.79498786998866,0.303442902280949,0.124347030506563,-0.00183760979183215,1.79182501433844,0.57314782584097,-1.45429633033925,-2.92206472759157,3
83,0.971122357844597,2.76641513110158,-1.78696272438264,0.303442902280949,0,0,0.913179960039752,0.309912789980177,-0.89451784892221,-1.92466664934476,4
83,1.02530515034236,2.25810948318312,-1.63146047518875,0.303442902280949,0,0,0.758780202887154,0.0753636812393804,-0.702857093959673,-1.51804907777492,5
83,1.27121167013992,-0.00422604981662311,1.54336491379629,0.303442902280949,0,0,-0.268449192605203,-0.286767031322534,1.20379804850422,0.494001296200885,6
83,1.72134563858291,2.35133516614482,-2.63964850705864,1.50339790549881,0.126870986828507,-0.00311894445364118,0.446566903393115,0.0582186017134478,-0.664852745599517,-2.45462184776808,7
83,1.879726108961,3.71596525657727,-2.84738801211082,1.50339790549881,0.124272036403715,-0.00179953760231819,1.23236662700523,0.379106795650554,-1.30233019720896,-2.43703235454927,8
83,2.18398332837154,6.12097468347844,-4.13740790323999,1.94542808986376,0.126532827175072,-0.00294727124305071,1.86346261400236,1.09485825280059,-2.14934363222452,-3.22984183152599,9
83,2.26317356356058,5.54018955999317,-3.81440800452427,1.94542808986376,0.125233351962673,-0.0022875678173891,2.17521979387987,0.688554749478613,-1.47179014658117,-2.68172080212396,10
83,2.50908008335814,2.56443933275539,-1.52121737492753,1.94542808986376,0,0,0.931396466903378,0.4038287129818,-0.324921262669145,-1.41297550218634,11
83,2.79249776719262,-0.212978684412918,1.02995745312864,1.94542808986376,0,0,-0.320122087226003,-0.583112099856461,1.31939117532367,0.0994851782022949,12
83,3.22596010717475,1.4776504085905,0.193659521713126,3.00900819785356,0.12688732783688,-0.00312724027882959,0.721915842143209,0.0193085727243653,0.423760369474237,-0.331163007057887,13
83,3.49687406966359,3.58808260973929,-1.40252439694066,3.00900819785356,0.122441754741831,-0.00087036013840816,1.07095705714151,0.646006441409771,0.0754394239180398,-1.28926215980474,14
83,3.61774337600476,2.25517382132391,-1.04287042594602,3.00900819785356,0,0,0.91838542357546,0.206180922657376,-0.326198752210433,-0.764682845138173,15
83,3.80113128907413,-0.658804796914271,1.04181599276472,3.00900819785356,0,0,-0.341485758660673,-0.629103554689653,0.641407469745821,0.0378851858943756,16
83,4.12206013694552,1.25749510438398,0.772146974279472,4.04208972604695,0.129135131007722,-0.00426838051595581,0.365511124554813,-0.220578095963892,0.84268744410358,-0.107286265186292,17
83,4.35129502828223,4.16412873709898,-1.59238775665014,4.04208972604695,0.125373492234961,-0.00235871270482887,1.28340554463661,0.67777471769368,-0.444491154386501,-1.55613237814898,18
83,4.65555224769277,-0.279865901260136,-1.59682232282382,4.04208972604695,0,0,-0.262621564643617,-0.387352819920152,-0.457738488257543,-1.42160598078023,19
83,4.80976481095564,0.862663701036714,-1.18928559826097,4.04208972604695,0,0,0.303926111393733,-0.306706364905041,0.00951197447153812,-1.42742247053249,20
83,5.18070854420959,3.6524219697064,-1.00149763312899,5.04087895759417,0.128152869559792,-0.00376971672005409,1.4216260476126,0.395213421346872,0.119752707968413,-0.74379145671577,21
83,5.42661506400715,5.08677649236789,-1.58246607200935,5.04087895759417,0.124117657058131,-0.00172116397720985,1.88340906317417,0.631692179522963,-0.537607752117137,-1.59648511395344,22
83,5.5724918130396,1.75954497329765,-2.21387102154949,5.04087895759417,0,0,0.288028035549477,-0.222936243227608,-0.586552264701327,-2.01675955163075,23
83,5.85590949687407,2.08086753236109,-0.309796558662919,5.04087895759417,0,0,0.772526329409814,0.123834921729523,0.00731662455523255,-0.728704083181906,24
83,6.15183090205418,-0.625818363111515,0.194892932032032,5.04087895759417,0,0,-0.47374562862044,-0.776940523108968,-0.00498097122924984,-0.318759992205314,25
83,6.43941649300387,-0.863635285198957,0.864774460650658,6.40288225874627,0.129847898620188,-0.00463023061602548,-0.366219157152424,-0.681416030572554,1.07351808474488,-0.193315248452523,26
83,6.56862161357547,2.34177906604531,-0.174143553771014,6.40288225874627,0.127727702221009,-0.00355387239520877,0.91752276401782,0.109002991577867,0.424779538877743,-0.518198008820541,27
83,6.9687406966359,1.29762001668206,-0.344206223355291,6.40288225874627,0,0,0.3295622941601,-0.0303778210911865,0.358734727765005,-0.479619805634774,28
83,7.13128907412921,2.78639184951154,-0.344572020631734,6.40288225874627,0,0,0.814987578445013,0.313545525567534,0.304415671324254,-0.939654679849779,29
83,7.38136350104198,0.67833995915214,0.262859987800746,7.32767720621688,0.129566441222115,-0.00448734338900128,0.0844002022540072,-0.33745828125167,0.161677107772511,-0.451111639168329,30
83,7.55641559988092,2.50012525939984,-1.0776624166426,7.32767720621688,0.12669391706839,-0.00302905160595965,0.458521680782649,0.105215521729062,-0.480108651036217,-1.36073779284456,31
83,7.76481095564156,2.67492694396053,-1.14936136079033,7.32767720621688,0.123274245456813,-0.00129298995948135,0.707515464732557,0.150423666406093,-0.0643169671043227,-1.37944463791381,32
83,8.21077701696934,2.22587633640381,-0.722944545309486,7.32767720621688,0,0,0.757082086695874,0.164205723908613,-0.130463220786813,-1.16025863517046,33
83,8.2649598094671,2.03956129399721,-1.51090928489799,7.32767720621688,0,0,0.64824777525496,-0.0705118504255408,0.144572560301245,-1.58220275908596,34
83,8.56504912176243,3.85797388348632,-2.55190076595436,8.39713755874859,0.127692057287169,-0.00353577656335159,1.06127398010766,0.358665105075387,-1.07216851870544,-2.13526682252918,35
83,8.89431378386424,4.93430242608041,-3.82520800343329,8.39713755874859,0.122288976140878,-0.000792799161916297,1.89083958341776,0.673531471977645,-1.75699946674774,-3.00594906745917,36
83,9.22357844596606,0.138162299855741,0.0123313780193723,8.39713755874859,0,0,-0.171634725182527,-0.536261931398878,0.720087276539956,-0.142981678471035,37
83,9.48615659422447,3.0089443285475,-0.386387946183985,9.26127536146221,0.126757211298646,-0.00306118413156825,0.994935397866018,0.372249557935072,-0.331069771684468,-0.691729055351987,38
83,9.70288776421554,3.60078890570613,-2.59863528069142,9.26127536146221,0.123200752822657,-0.00125568001923226,1.3477927625266,0.279363670880905,-1.0119875227208,-2.13377704650358,39
83,9.83626079190235,1.93105873667377,-0.381783504660692,9.26127536146221,0,0,0.260615977182042,-0.0608762654730814,0.263134302664391,-0.997801406141262,40
83,10.0154807978565,1.15863465824154,-1.20047719306903,9.26127536146221,0,0,0.475207735390828,-0.149713835204997,0.144893792183513,-0.965011624337379,41
83,10.4489431378386,0.489155592100454,-0.440254807775832,9.26127536146221,0,0,-0.0581594730322134,-0.205167189080071,-0.235265303069713,-0.980941146142881,42
83,10.7406966359035,0.29991293349411,-0.519699115357984,9.26127536146221,0,0,-0.011976210180852,-0.365553116540821,0.0598133347429274,-1.02725145708392,43
83,10.8532301280143,1.11131335262305,-2.15100277499747,9.26127536146221,0,0,0.507787530623582,-0.243345316527793,-0.485866647391689,-2.06295718805815,44
83,11.2366775826139,2.81317530564975,0.0258650739677775,10.9976089484112,0.126524402588682,-0.00294299434075618,0.92827955187262,0.142555506291619,0.660082407156117,-0.745567815017008,45
83,11.415897588568,4.06214936954566,-3.09612516484822,10.9976089484112,0.123583485002725,-0.0014499813247846,1.73909269249083,0.483979123765406,-1.35490278968578,-1.97928968965643,46
83,11.532598987794,2.01494346881847,-2.65980849458778,10.9976089484112,0,0,0.67569820980359,0.159669500751192,-1.07713568964527,-2.25968237689709,47
83,11.9702292348913,2.9258780437805,-0.739337559297135,11.5327426219861,0.123268455129921,-0.00129005038938916,1.38199852625884,0.325250660104511,-0.256787920105278,-0.840075712403824,48
83,12.0952664483477,2.33411153145551,-1.56130695710708,11.5327426219861,0,0,0.526422929430663,0.183575260912425,-0.194471808801499,-1.71962437404096,49
83,12.4286990175648,-0.526757419243148,0.235087671248172,11.5327426219861,0,0,-0.563753344670034,-0.529709047577346,0.207010807240172,-0.599749406097164,50
83,12.6120869306341,-1.28254175033514,0.522174710784131,11.5327426219861,0,0,-0.853367610715035,-0.819803953802842,0.718288492953432,-0.232403367434147,51
83,12.9538553140816,2.1323332008637,1.08307314158146,12.8279519304651,0.128381392123901,-0.00388573056699973,0.576931657544484,-0.0728956302878503,0.863003525069166,-0.346594051215656,52
83,13.0705567133075,2.58758407363999,-0.253455286289896,12.8279519304651,0.126466376021419,-0.00291353604497219,0.918763343084618,0.103796519013703,0.680894919027865,-0.782185829636301,53
83,13.3873176540637,2.30054905825253,-0.822773568255644,12.8279519304651,0,0,0.810869535258921,0.198344557436032,0.413156779077097,-0.974153267279207,54
83,13.6040488240548,1.32077777188244,-0.712655102624667,13.5546829773695,0.129637337782135,-0.0045233353826024,0.279280837746727,-0.230705916559116,0.534957242659972,-0.701729266435744,55
83,13.9541530217327,2.47585403128381,-1.11478177584026,13.5546829773695,0.123892289474737,-0.00160675181652023,1.03382765498352,0.212045411328941,-0.332753221705612,-1.05311301590121,56
84,0,-0.629252554193211,-0.838113867458168,-Inf,0,0,0.061676992652609,-0.164567559930322,-0.240592326453284,-1.54118832455872,0
84,0.166716284608514,-1.07050193128072,0.938328736050736,-Inf,0,0,-0.0859748661423617,-0.346735520153469,0.227995949371404,-0.0750867755317684,1
84,0.420958618636499,-0.767058473746248,-0.0443693114550434,-Inf,0,0,0.272180664955815,-0.419552078047161,-0.516147111874641,-0.689472260561388,2
84,0.729383745162251,4.82130841917547,-2.16495231270428,0.66593200166065,0.254871278635738,-0.00681120216171709,2.6977966813985,1.16265835902082,-0.941135136492439,-2.27334298631476,3
84,0.941947008038107,7.19230968289973,-3.23435467751901,0.66593200166065,0.12591812967237,-0.00263520830840833,3.13067384063441,1.72370892157088,-2.22169243998911,-2.71163722260705,4
84,1.06698422149449,5.37471469627124,-4.12668821820158,0.66593200166065,0.12386632670542,-0.0015935713205211,2.55306287467323,1.15496591254836,-2.22819499490251,-2.95287820121926,5
84,1.33373027686812,1.94996369355852,-0.944458528177422,0.66593200166065,0,0,1.31877868102512,0.369452509215244,-0.389391078218687,-1.05271976824469,6
84,1.60881214647216,1.15736666999396,-1.20539222890108,0.66593200166065,0,0,0.863908195955831,0.139228435182025,-0.558615184084783,-1.860314068712,7
84,1.79220005954153,-1.09087877841936,0.537373919469055,0.66593200166065,0,0,-0.255639205571944,-0.439685220686758,0.0844755250377697,-0.455699997605983,8
84,2.20065495683239,3.30801834059932,-0.431293064729334,2.10403568339176,0.128861930857015,-0.00412968523836033,1.5539406428937,0.593603629702281,-0.557661901822044,-0.778990279852678,9
84,2.43405775528431,3.47280605861499,-0.90023109097206,2.10403568339176,0.125031898652036,-0.00218529619430423,1.54680402006566,0.829273086351708,-0.63823994299084,-1.30664113917815,10
84,2.71747543911879,2.88243819052547,-1.27251783952949,2.10403568339176,0,0,1.37449718750874,0.780964450967223,-0.377391966086918,-1.4259502011483,11
84,2.86335218815124,1.75352462886858,0.572424437384085,2.10403568339176,0,0,1.2619747107417,0.291135381987479,0.191347762555319,-0.424934312424093,12
84,3.06757963679667,0.943866294709293,-0.485429006189431,2.10403568339176,0,0,0.766597582547404,0.111746240305601,-0.477155268784724,-0.802621508073054,13
84,3.25096754986603,1.46134945853152,-0.62955036294179,2.10403568339176,0,0,0.841098169244374,0.161733844634797,-0.303550852384276,-1.1592806731893,14
84,3.73027686811551,2.41126204524559,-1.30452989980644,3.31190699517655,0.123582152010235,-0.00144930460568479,1.32865465398572,0.3941635843069,-0.802524810821982,-1.95855996253209,15
84,3.81363501041977,4.67040715212479,-0.679397153308721,3.31190699517655,0.0709230622179146,-0.000745880081543061,2.15854669495075,1.06265362575743,-0.695039649247226,-1.25773334722441,16
84,4.10538850848467,-0.061513281757389,0.251189531271816,3.31190699517655,0,0,0.0454556643715585,-0.136052660722068,0.238651715211023,-0.504319837083485,17
84,4.38047037808872,1.46417694748839,-0.0468704341328168,4.1876565653992,0.127283422862618,-0.00332832548837347,1.10970312965266,0.397784741042224,-0.195639267327549,-0.294737746583984,18
84,4.55969038404287,3.75490084549963,-3.19362051902938,4.1876565653992,0.124342505276687,-0.00183531247240282,2.33108535698179,0.80478785608453,-1.74767125737736,-2.93818472518956,19
84,4.93896993152724,1.15608537989798,-0.889767071969233,4.1876565653992,0,0,0.940772563634119,0.274815822790737,-0.432099392840478,-1.03657563595428,20
84,5.24322715093778,-0.926413856672279,1.74121830880981,4.1876565653992,0,0,-0.301717600069292,-0.296184331344736,0.655636352780152,0.43947106078433,21
84,5.48913367073534,2.77604214534419,-0.0230649890295103,5.36306800140569,0.128378729090271,-0.00388437862707204,1.38294789410153,0.552356714296245,-0.253991485700678,-0.760805489443935,22
84,5.70169693361119,2.7388176114224,-0.702033622194037,5.36306800140569,0.124890664046462,-0.00211359574766405,1.96553992824903,0.536878734732776,-0.0161852111490371,-1.6009026676177,23
84,5.81423042572194,3.73431475801519,-0.459825051467378,5.36306800140569,0.123044041376211,-0.00117612245856578,2.23103405022602,0.694696843976405,0.00366225971791939,-0.605323990181229,24
84,6.21018160166716,-0.269142274206866,0.411368763129993,5.36306800140569,0,0,0.199887997091396,-0.0353761943602466,-0.231893484431397,-0.640587421507708,25
84,6.41857695742781,0.487559968700684,2.52452471931011,6.34998979036553,0.129321924785599,-0.00436320994708483,0.45180843100205,0.0960873014354666,1.31820661657747,0.392431668849856,26
84,6.71033045549271,2.9552193386168,-0.996211913947268,6.34998979036553,0.124534384529391,-0.00193272364201499,1.89616003199645,0.627751322491278,-0.820453198080595,-1.63334263511092,27
84,6.89371836856207,2.52524087013646,-1.30637114269236,6.34998979036553,0,0,1.35900889436504,0.626792330732977,-1.17122689105735,-1.6625322488962,28
84,7.20214349508782,1.36186973747397,0.482015711463691,7.12598330277162,0.129197654936205,-0.00430012198313662,1.21865578606578,0.228362367359853,0.0852405765888539,-0.407718993065868,29
84,7.34385233700506,1.61445363300696,-0.154308999214867,7.12598330277162,0.126872278240333,-0.00311960006353167,1.28639572993527,0.362843922078502,0.136519303000122,-0.452860627631123,30
84,7.60643048526347,3.28602622295656,-0.702275138058382,7.12598330277162,0.122563492009746,-0.000932162388968538,1.5127366253179,0.751855307946848,-0.940654414265154,-1.00361732345334,31
84,7.92735933313486,0.795667213777993,-0.988430920957675,7.12598330277162,0,0,0.649583723912875,-0.00766287682843589,-0.727501466910582,-1.20834660105783,32
84,8.21077701696934,-1.10741138459293,0.905163249809837,7.12598330277162,0,0,-0.060856321644038,-0.265399591066854,0.194337622286479,-0.513261301166953,33
84,8.26079190235189,-0.267375966805739,1.24837461862384,7.12598330277162,0,0,0.560298265844921,-0.177086930277777,0.560558953944124,0.150068482065918,34
84,8.50669842214945,2.01833332393326,0.394617452024668,8.42708242226822,0.129140946728925,-0.00427133297798114,1.55927391981595,0.247208849501037,0.10680785753892,-0.516661875524517,35
84,8.75260494194701,1.87194772097802,-0.700582028116113,8.42708242226822,0.125105734227316,-0.00222278023513803,1.3675051105192,0.501707334556123,-0.547529506899241,-1.24419065726455,36
84,9.16522774635308,-0.0183540418409819,-0.336204327209886,8.42708242226822,0,0,0.51963214991467,-0.266014275450595,0.00795621581906153,-1.03263790982711,37
84,9.42363798749628,-0.965014290157101,0.8248564582416,8.42708242226822,0,0,-0.0424150948538439,-0.218111338409238,0.178594491120251,-0.0906847471370186,38
84,9.71122357844597,-0.399253353922389,0.927015736696577,8.42708242226822,0,0,0.0501115424348873,-0.259384652367203,0.42057992142976,-0.0517085478592448,39
84,9.85710032747842,0.0142465872752103,0.289349326552486,8.42708242226822,0,0,0.284881541463735,-0.125067929104172,0.163725557264821,-0.504190297184708,40
84,10.0779994045847,0.819605514503139,-0.515501947074389,9.9864995848692,0.128945938729942,-0.00417233344052638,0.803185583072686,0.298093941912338,-0.00883098118205194,-1.01346763212925,41
84,10.4030961595713,5.37643520891658,-1.17615924579521,10.3815500736756,0.253705098233591,-0.00621916839383033,2.57844915420824,1.27247180642812,-1.04257741038983,-1.44380608937542,42
84,10.7281929145579,4.08578661463082,-2.87105216223724,10.3815500736756,0.124759159503596,-0.0020468349533015,1.99205633045728,0.839125499571391,-1.7928308996255,-2.57374703044427,43
84,10.9282524560881,3.44829614123008,-3.11743950308133,10.3815500736756,0,0,2.12163920702449,0.732292409218098,-1.46892085860102,-2.45697460576751,44
84,11.082465019351,1.67507935500782,-1.65934272339316,10.3815500736756,0,0,1.40929826162551,0.343643063603875,-1.58773984488958,-2.15941043065033,45
84,11.2866924679964,0.301858973540819,-0.250567934837693,10.3815500736756,0,0,0.460059181844385,0.00701005155318868,-0.856683628191512,-0.695557373917721,46
84,11.6659720154808,0.682580339336206,0.907955229911905,10.3815500736756,0,0,0.571917355124048,0.11196711430223,0.876621335722728,-0.131679970539155,47
84,11.9410538850848,-0.332030116889829,1.03170336318973,11.897425209618,0.129731482114071,-0.00457112955188808,0.205143724973024,-0.24603684688787,0.0687735433179524,-0.194234763441284,48
84,12.0577552843108,-0.133624813367477,-0.679496318136332,11.897425209618,0.12781646601164,-0.0035989350298621,0.348764214238287,-0.447940682918815,-0.0880418086255475,-0.863155998328566,49
84,12.395355760643,5.12969869302906,-2.14422800993519,11.897425209618,0.122276598000884,-0.000786515162566628,2.31223114939189,1.15614628200458,-0.824925574486672,-1.92440428257783,50
84,12.6120869306341,5.0026083507933,-3.00201988596998,12.4775932526001,0.128240429357013,-0.00381416812446933,2.70888520955535,1.2119555134525,-1.62423796902987,-2.67365021387051,51
84,12.7704674010122,3.35087844668579,-2.51792902288679,12.4775932526001,0.125641478932215,-0.00249476127314592,1.88332519938536,0.81179657206039,-2.05864215204377,-2.24963907201869,52
84,13.1205715986901,4.0181958112599,-2.8656290332752,12.4775932526001,0,0,1.82158295273583,0.876642346786385,-1.33673904711037,-2.5510395586027,53
84,13.3164632331051,1.03902844016963,-2.1297302381545,12.4775932526001,0,0,0.708070789114522,0.108214320866511,-0.983511750977145,-2.17847209503188,54
84,13.5206906817505,0.260918203236586,1.89230693669763,12.4775932526001,0,0,0.456165024348775,-0.0398957015069097,0.603674760599295,0.259930603023626,55
84,13.8791306936588,-0.118111301706155,-0.217861414419632,12.4775932526001,0,0,-0.048167003973324,-0.147848460134076,-0.169414903282118,-0.809745938394305,56
85,0,1.14782002633476,-0.0536918449843936,-Inf,0,0,0.212471418343875,0.030607806600881,-0.422151041416013,-0.572656080455905,0
85,0.0333432569217029,1.00013181404609,1.03670056530903,-Inf,0,0,0.179096946354828,0.0810510144921554,0.235103822988626,-0.192516250149365,1
85,0.337600476332242,2.33546326112598,-0.714922442407485,0.110319943574723,0.126717839893046,-0.00304119648508359,0.941552163394689,0.543610459187182,0.0631586893014456,-0.8987268853243,2
85,0.737719559392676,1.29810385323446,-1.08988235081198,0.110319943574723,0,0,0.349394951934681,0.246543979258147,-0.961480859441711,-1.01423061103636,3
85,0.825245608812146,0.403134286787546,-0.82106083249975,0.110319943574723,0,0,-0.169923848079914,0.018598792617007,-1.01121976905221,-0.940283667037118,4
85,1.04197677880322,-0.869778047846654,-0.043022854439768,0.110319943574723,0,0,-0.98208960371288,-0.259770160517739,-0.520125023713015,-0.439587150080045,5
85,1.31705864840726,2.20880881947948,-1.95847339749269,1.11909961465101,0.127198992159507,-0.00328546262838428,0.555937637658094,0.373732946997028,-1.25696674121599,-2.15617810242153,6
85,1.60881214647216,3.8224084560711,-2.92488524541883,1.11909961465101,0.122411451903292,-0.000854976323314258,1.63591883167444,0.86569958635863,-1.77863844863589,-2.39350092541993,7
85,1.83387913069366,0.313785740322816,-1.3092834657373,1.11909961465101,0,0,-0.334028094555976,-0.0577848646692357,-0.83599956405849,-1.35035822746566,8
85,2.24233402798452,1.22421595506356,-0.152341847253159,2.1957417980732,0.129682851553358,-0.00454644131836443,-0.11241111509515,0.114931778170521,-0.344323967166459,-0.378497390752565,9
85,2.44239356951474,2.9117114905878,-2.34812564239288,2.1957417980732,0.126399966806257,-0.00287982213774574,1.02046389466907,0.476898683695026,-1.2063195930143,-1.86484943523376,10
85,2.52158380470378,3.97549315908917,-2.48096503019386,2.1957417980732,0.125100491593858,-0.00222011871208413,0.949211214389532,0.82900043357752,-1.69335418063884,-1.78156296863697,11
85,2.96338195891634,-0.29529765491092,-0.695414659727298,2.1957417980732,0,0,-0.143301698900791,-0.249455333453343,-0.372747255543056,-0.44953583082259,12
85,3.07591545102709,1.31094528142114,0.210193875279301,3.03071539001002,0.129705696402413,-0.00455803894257188,0.0624229088601052,0.179931796270217,-0.156088994054409,-0.606265889010634,13
85,3.48020244120274,4.79356166425953,-2.10823688801154,3.03071539001002,0.123071533475967,-0.00119007934840482,1.60061814571814,1.29150178341348,-2.17103512375022,-2.08991160415054,14
85,3.57606430485263,3.18149003480212,-1.68569262262517,3.03071539001002,0,0,0.93699394542011,0.418434249100425,-0.242893012105567,-1.8890645532232,15
85,3.8886573384936,0.605048328700708,-0.634013409986454,3.03071539001002,0,0,-0.0863743791226644,-0.00960215199951592,-0.00781882218667884,-0.764148632553442,16
85,4.10538850848467,1.77146718408837,-1.91192284599249,3.03071539001002,0,0,0.611169508859346,0.364728629648464,-1.38012946665838,-1.18500728806339,17
85,4.39714200654957,2.05207690209292,-1.2681192019919,3.03071539001002,0,0,0.772579109053455,0.291684219825468,-1.01218846496314,-0.7877582293653,18
85,4.53468294135159,0.831918989823855,-1.10329196061888,3.03071539001002,0,0,-0.0838152231416229,0.0575748509228389,-0.763117664005321,-1.15967278699519,19
85,4.77225364691873,2.11474501676973,-0.180434356070504,4.69492879611655,0.129178543427951,-0.00429041966073446,0.80871414324929,0.338096712709065,-0.330995571041919,-0.650162792294231,20
85,5.07234295921405,3.54159088531746,-3.26134257619139,4.69492879611655,0.124254216307281,-0.00179049088980585,0.837956929211434,0.514019229066854,-1.88263188472529,-2.79677559719634,21
85,5.39743971420066,3.28063210005527,-0.36561428791414,5.38879143317731,0.130305494243127,-0.00486253777905601,1.14704386095542,0.783167169112101,0.0287745995716871,-0.577659849937289,22
85,5.56832390592438,4.99858059835961,-2.76444272547675,5.38879143317731,0.127501363521607,-0.00343896722894321,1.22073839818756,1.23195182588576,-1.28995234754608,-2.04825780597054,23
85,5.84340577552843,3.3181119342876,0.473914745623072,5.38879143317731,0.122987396994352,-0.00114736585559248,0.94500267840482,0.65589230262402,0.0721282027074465,-0.285281951888719,24
85,6.12265555224769,1.62361983576558,-1.42197197868604,5.38879143317731,0,0,0.44812285634346,0.224876761135113,-1.1289804994529,-1.53999624211724,25
85,6.28103602262578,-0.242062434026722,0.605913533379705,5.38879143317731,0,0,-0.640798380127966,-0.275848261626064,0.0411039999179539,-0.577101948533958,26
85,6.63530812741887,-0.621259353007078,0.602537448809215,5.38879143317731,0,0,-0.600935358436592,-0.114162811393688,-0.244516408002035,-0.180549449962296,27
85,6.8061923191426,-0.888641977267761,1.76517150410966,6.78006769401344,0.13001871550185,-0.00471694907045891,-0.483163836697253,-0.27186069083872,1.14876384442038,0.768021963000331,28
85,7.0646025602858,3.60549861705513,-1.79782035929797,6.78006769401344,0.125778322703495,-0.00256423262882596,1.32411900698658,0.691680551892875,-1.31697001775887,-1.28285395457011,29
85,7.28966954450729,3.8688647230041,-2.41801353795125,6.78006769401344,0,0,1.63246105963086,0.734968050242067,-1.43880135917669,-1.97765732979197,30
85,7.56475141411134,3.32276126619765,-0.822284701548353,7.43233416784698,0.128274502644087,-0.00383146607980915,1.19483523064602,0.639839187886259,-0.717714307452247,-1.1911199617439,31
85,7.81899374813933,2.01412977335071,-2.44590054412424,7.43233416784698,0.124102503277962,-0.00171347087110593,0.763137578503949,0.189739225055876,-1.46087026017216,-1.95551194402686,32
85,8.21077701696934,1.00177905451992,0.898551520015358,7.43233416784698,0,0,0.311983818352659,0.0977040098980729,0.132126820882997,-0.419886065088809,33
85,8.35248585888657,-1.37945673377984,0.627146190758958,7.43233416784698,0,0,-0.73272647953056,-0.309014547926355,0.104936192375329,-0.277112364505217,34
85,8.556713307532,-1.01708989660517,-0.139438956732266,7.43233416784698,0,0,-0.683691873994743,-0.32095098311841,-0.682858260918684,-0.516830827079113,35
85,8.92765704078595,1.20263551792721,-0.205461628820298,8.90836484223568,0.130130832468806,-0.00477386739137357,0.624636331351527,-0.0372989071528307,-0.356651248670284,-0.600416179436669,36
85,9.17356356058351,4.25650406644806,-2.02512988512204,8.90836484223568,0.126095619967145,-0.00272531464852888,1.53859509583648,0.848480220932667,-1.42920580123478,-2.00879111764735,37
85,9.34027984519202,3.2486422005906,0.208079759110105,8.90836484223568,0.123359882677832,-0.00133646533134474,1.2897166755347,0.715592290457966,-0.415484109555612,-0.592908915811958,38
85,9.69871985710033,-0.450078378876825,0.320571677605948,8.90836484223568,0,0,-0.374559285771653,-0.0280880095122804,-0.174171875283562,-0.320821397529875,39
85,9.9154510270914,0.214687959773393,-0.253312645014285,8.90836484223568,0,0,-0.357998240403305,-0.0518296526061382,-0.0573836351291264,-0.423792994470033,40
85,10.1321821970825,1.10615204420102,-0.67829335292686,10.0485592441472,0.129075194478609,-0.00423795259150103,0.177289751228748,0.15703530625726,-0.741589228338319,-0.971628413478324,41
85,10.2822268532301,2.49072324497934,-2.24085201557086,10.0485592441472,0.126613030918222,-0.00298798820603484,0.98095585903173,0.548230014863485,-0.944191820078488,-2.13660824797149,42
85,10.553140815719,1.76731162724104,-3.41411436411251,10.0485592441472,0,0,0.598201673384276,0.399591023445296,-1.42495194993898,-2.18513282726669,43
85,10.8740696635904,2.36578664047992,-0.806280578456321,10.6154259324593,0.126203184282132,-0.00277992172870235,0.711876305159376,0.402483129075017,-0.660575132617325,-0.878685485732682,44
85,11.1491515331944,1.55911485625565,-0.381893183827855,10.6154259324593,0,0,0.480395536307275,0.188259370767374,-0.944824469933645,-0.569351038206426,45
85,11.2950282822269,1.94825259782086,0.0152756491095604,10.6154259324593,0,0,0.421293325833797,0.129542391901748,-0.265648755934372,-0.258784377518814,46
85,11.6493003870199,-1.11450450362107,-0.279220710105884,10.6154259324593,0,0,-0.552647700942739,-0.547480779282417,0.308195087148812,-0.387258231742739,47
85,11.7618338791307,1.13985535679732,1.09900102501316,11.6669348493021,0.128890159260807,-0.00414401592700207,0.474296168431429,0.154198624162464,0.165747753637939,0.0766014146729433,48
85,12.1369455194999,3.54513047832973,-3.72240207480518,11.6669348493021,0.122734750359966,-0.00101910496334068,0.868893018005545,0.714158278232422,-1.73229837085855,-2.79931039650573,49
85,12.3620125037213,0.871742481592787,-0.747714307257295,11.6669348493021,0,0,0.293576231503884,0.0260727330252612,-0.528989598844033,-0.609049937184725,50
85,12.6370943733254,0.0148735475707878,0.792449671446776,12.6339866513637,0.0977347770282175,-0.00342532120903957,-0.471462664447623,-0.0367044417692735,0.252393363149245,-0.12688740342149,51
85,12.8413218219708,1.368109843778,0.241810808664268,12.6339866513637,0.127045134080936,-0.00320735363444932,-0.00119699561662168,0.193243477301031,0.20946645233143,-0.0768928186382921,52
85,13.1330753200357,4.16894380779988,-1.63645544471282,12.6339866513637,0.122257593824778,-0.000776867329380995,1.61404538046391,0.89330755528792,-1.16885026571014,-1.7072807328293,53
85,13.3498064900268,-0.482331456799375,-1.35854414652067,12.6339866513637,0,0,-0.574518455326816,-0.25265148545806,-0.98200211586324,-1.62858814989167,54
85,13.5832092884787,-0.43277145094317,0.235827444225948,12.6339866513637,0,0,-0.498684064387987,-0.300861486323454,-0.317210619327362,-0.29352634297501,55
85,13.7874367371241,-1.58964864182027,1.30061672576359,13.7773538700654,0.130281953348335,-0.0048505867939402,-0.830352168236666,-0.455696167580959,-0.175625812682136,0.283502131289442,56
86,0,0.215243433762045,-0.612873649369513,-Inf,0,0,-0.60079594698844,-0.333752598567703,-0.450758669541285,-0.274739192256212,0
86,0.0750223280738315,-0.0313774445884452,0.231275361600489,-Inf,0,0,-0.466900701299656,-0.195925041376292,0.29049859689927,0.626181925418525,1
86,0.300089312295326,0.140152214898251,-0.443144710684797,-Inf,0,0,-0.528772600255864,-0.540669089962453,-0.0367673274621059,0.183175169315543,2
86,0.583506996129801,1.38522552374616,1.1259530172505,0.337551853701007,0.126411398166852,-0.00288562548641648,0.233473760082485,0.130384552256605,0.327936028619135,0.840676125307983,3
86,0.879428401309914,2.47924560689505,-0.785941134419043,0.337551853701007,0,0,0.500074107746071,0.246350812781103,-0.625613719983443,-0.487632169928958,4
86,1.17118189937481,3.49697733354362,-1.28682021661815,1.08910476607091,0.129100560665315,-0.0042508302209677,1.2722001680411,0.437863912384053,-0.597024989274126,-0.433250454866581,5
86,1.39624888359631,3.47444186589573,-2.03123685863533,1.08910476607091,0.125407315324819,-0.00237588364277161,0.651257504556563,0.58776069849675,-1.87313202852492,-0.884353606493845,6
86,1.683834474546,1.97894459228641,-1.78865172982556,1.08910476607091,0,0,0.422423052366892,0.147905690124661,-1.39909528078878,-0.82295271046665,7
86,1.94641262280441,-0.424991453710183,-0.929494071367106,1.08910476607091,0,0,-0.496221996604761,-0.489421994917783,-0.240832610011699,-0.0805402456589873,8
86,2.08395355760643,-0.821050871269097,0.61892153197676,1.08910476607091,0,0,-0.660280881138118,-0.602079871760623,0.469311579862932,0.738411640835666,9
86,2.44239356951474,-0.504244990963609,0.195942289527006,1.08910476607091,0,0,-0.771189366125038,-0.647161207484702,-0.0543101627349239,-0.193072071994118,10
86,2.54242334027985,-0.349983929639613,-0.821662860026683,1.08910476607091,0,0,-0.901466594662617,-0.534728555124009,-0.917605003013148,-0.64472641787615,11
86,2.89669544507294,3.63390996524624,-2.16613170365209,2.55232585980199,0.124796462579011,-0.00206577257244808,0.892570299678777,0.561866299196575,-1.32873542046829,-1.18556903659511,12
86,3.19261685025305,1.5882178566723,-0.965827643871555,2.55232585980199,0,0,0.0243467387614536,0.137437373074185,-0.579128944649653,-0.232921632454693,13
86,3.29264662101816,0.648193444915518,0.140140922446403,2.55232585980199,0,0,0.095299908467926,-0.33494665596614,-0.486714761383865,0.025363511926572,14
86,3.7261089610003,3.07292783401094,-1.1915669894059,3.51495022577628,0.12698239115021,-0.00317550098658277,0.966829170806274,0.330687908013859,-0.261609173538155,-0.627352146330178,15
86,3.94284013099137,3.83799690107816,-1.69628080902457,3.51495022577628,0.123425932674157,-0.00136999687424533,1.11012394763051,0.762143791192344,-1.1906062122241,-0.897193584278058,16
86,4.2137540934802,1.72384652486408,-1.73772174560936,3.51495022577628,0,0,0.294819023578844,-0.105811899519,-0.922980194197247,-0.879170531628497,17
86,4.48050014885383,4.30642386920785,-2.36742538031095,4.34069238455715,0.128153227653944,-0.00376989851340709,1.58732385367968,0.448723672763655,-1.28378067801993,-1.11072948292937,18
86,4.57636201250372,5.52142251353509,-3.63576865898979,4.34069238455715,0.126580178712619,-0.00297131015602728,1.70216651561353,1.00189126537817,-2.22217190458375,-2.0060411979368,19
86,4.94730574575767,2.55543532403104,-1.7356542012174,4.34069238455715,0,0,0.554733541763405,0.035722191641287,-1.33073225396853,-0.77720673473174,20
86,5.22238761536171,1.94433106349257,-0.484625329007514,4.34069238455715,0,0,0.234347648921667,9.13480827287177e-05,-1.18853463694892,-0.0477496878847379,21
86,5.37243227150938,2.9102912868639,-0.667015156021178,5.26061123005616,0.128612476859691,-0.00400304514933848,0.783880606916357,0.340413622000419,-0.205253821709983,-0.0807310803531346,22
86,5.73920809764811,3.34215587227039,-0.0222406716090627,5.26061123005616,0.122593854823315,-0.000947576651536539,1.15949833795798,0.523244609332591,-0.0292039513587934,0.635629077945171,23
86,5.91426019648705,0.16601941657072,0.112428213114379,5.26061123005616,0,0,-0.25943467009759,-0.308621957743306,0.0127951803481641,0.21673055100001,24
86,6.13932718070854,-0.873055896712759,1.29490844438361,5.26061123005616,0,0,-0.804375970259222,-0.54806809878995,0.701158313802577,0.73943671850239,25
86,6.34772253646919,-1.69578942725313,1.41902347480643,5.26061123005616,0,0,-0.837472371322859,-0.915552176214605,0.790329635689007,1.36424003915769,26
86,6.68532301280143,-0.0871158716162902,-0.416156391744107,5.26061123005616,0,0,-0.379343987812274,-0.39530904580489,-0.237335065694904,-0.21369638198754,27
86,6.84787139029473,1.59782730680242,-1.03446836090657,6.73905275982196,0.128661745038239,-0.00402805708173558,0.305605536197219,-0.00672416773769305,-0.448631179102446,-0.417533929738749,28
86,7.08961000297708,4.35267019017952,-1.99863187875574,6.73905275982196,0.124694925968809,-0.00201422557182063,1.33518260955932,0.640441206818879,-0.899134263745321,-0.838478976189145,29
86,7.46888955046145,1.51275912019383,0.704739905369271,6.73905275982196,0,0,0.290779799776977,-0.0903981167714248,-0.050465423123929,0.886231283638523,30
86,7.62727002083954,-1.5858765458583,1.7786512366209,6.73905275982196,0,0,-1.2270249943241,-0.78489138032582,1.01285467463384,1.53527950433111,31
86,7.88984816909795,-0.545257947955126,0.5202359755897,6.73905275982196,0,0,-0.867956882174444,-0.454015268270308,-0.517085015518765,0.29950257797965,32
86,8.21911283119976,3.07861895183243,-2.72146525018403,7.91545671835685,0.125464551871886,-0.00240494086974191,0.576124421131819,0.546824215173774,-1.65006993345548,-1.03162164161577,33
86,8.37749330157785,2.77267878270343,-1.77873021296679,7.91545671835685,0.122865601447088,-0.00108553401841852,0.968597020096054,0.114204365793735,-1.16256618612201,-1.01303876296182,34
86,8.60672819291456,1.47284878008898,-2.69862287209975,7.91545671835685,0,0,0.249617003999227,-0.250772385213257,-1.66850516520641,-1.21553562087679,35
86,8.93599285501637,2.91638737469187,-1.15333318140656,8.70398212714085,0.126640219574219,-0.00300179104682644,0.815445688752537,0.339813060180824,-1.11706226152241,-0.931212299257467,36
86,9.13188448943138,3.52403464550925,-2.25627604283399,8.70398212714085,0.123425728259286,-0.00136989309913534,0.803897554570918,0.467156204486547,-1.53620474938227,-1.00568618304283,37
86,9.35695147365287,2.2974322958251,-1.90920812069464,8.70398212714085,0,0,0.446716192276427,0.00958499054039971,-1.43995429161298,-1.35726541014604,38
86,9.69871985710033,2.11181475945389,-0.756049217565941,8.70398212714085,0,0,0.714859930033949,0.208904427459677,-0.149048286693714,-0.045049721926721,39
86,9.94462637689789,1.9324107284607,-1.27551839067633,8.70398212714085,0,0,0.277802245167548,0.00965143810233821,-0.854462755871166,-0.603954261871466,40
86,10.182197082465,4.05886198892376,-1.93954129072539,10.0224581380679,0.127826166186979,-0.00360385950925202,1.26326412570463,0.450965679076865,-0.350528846730654,-0.537326405996185,41
86,10.3155701101518,4.62958572453501,-1.76108257061197,10.0224581380679,0.125637576355569,-0.00249278005550603,1.63608934545205,0.812950071984213,-1.00659969287681,-0.896934580659199,42
86,10.5614766299494,4.62093696427628,-2.12746167933268,10.4577814548097,0.128745818575704,-0.00407073861976036,1.22648328835792,0.694844329988163,-1.18560068810229,-1.3360821556962,43
86,10.9907710628163,2.49337812746024,-3.42241153833971,10.4577814548097,0,0,0.481461786686244,0.158027183878554,-1.81178264855111,-1.56904350658239,44
86,11.1283119976183,1.16259201319435,-1.69610329577823,10.4577814548097,0,0,0.120480939012226,-0.171274246458354,-1.2173213405938,-0.980440148837908,45
86,11.4075617743376,2.01767717345997,-0.61574752276762,10.4577814548097,0,0,0.180853405930809,-0.058491558284862,-0.325249975310492,-0.130927088104184,46
86,11.7118189937481,-0.291417471655775,1.45982215247976,10.4577814548097,0,0,-0.686931435983482,-0.502727361863844,0.519207504647024,1.1631420103682,47
86,11.9577255135457,2.91071669443224,-1.50942920085015,11.7121680609219,0.126417924072992,-0.00288893848739522,0.486960021313361,0.330395537097225,-0.816923288586719,-0.937366549302052,48
86,12.236975290265,2.14538645601569,-2.90533812024849,11.7121680609219,0,0,0.661120815759167,0.225549379872289,-1.55979834742289,-1.7327027579555,49
86,12.2994938969932,1.78741953460912,-1.50837012011283,11.7121680609219,0,0,0.0517354590530844,-0.138314009847003,-0.793842415886826,-0.608585615304179,50
86,12.5579041381364,1.63719356999856,0.420507857661364,11.7121680609219,0,0,0.182848327614752,-0.0223894048897995,0.218765220993592,0.636812324587185,51
86,12.9663590354272,2.17795725294342,-0.210499728027503,12.8327031257347,0.12825417674886,-0.00382114725066468,0.536402958781797,0.109895117159066,-0.470733563704532,0.14311655670333,52
86,13.2247692765704,2.23460487567084,-0.792196354494709,12.8327031257347,0.124013783950505,-0.00166843080903217,0.425042429927975,0.15191812919617,-0.226183237514227,-0.138449642190386,53
86,13.3873176540637,0.649660684474416,-1.2915970202722,12.8327031257347,0,0,-0.19027815132575,-0.153042000970275,-0.883978742871953,-0.222849756155452,54
86,13.5707055671331,1.22857783846712,-2.21172994654396,12.8327031257347,0,0,0.0606349743160253,-0.169680427963021,-1.14407195417189,-1.11484299229253,55
86,13.8958023221197,4.03905531377294,-2.42037302727891,13.5744395512505,0.125173993785468,-0.00225743350435706,1.29914725002322,0.654468537841223,-1.471120404844,-1.03430170192562,56
87,0,-0.370531816104922,-0.684600428184953,-Inf,0,0,-0.901874922540614,0.228672858387339,0.0265758123880233,-0.474608418115466,0
87,0.0625186067281929,0.938151872891212,0.284519757491601,0.021177887020167,0.129769026412181,-0.0045901896323169,-0.147754687092524,0.555593272437287,0.254649971894802,0.142141667229322,1
87,0.32092884787139,4.93335382779419,-3.16842599235317,0.021177887020167,0.125528633613826,-0.0024374731906841,1.45380999687795,1.52454042873763,-1.97761665630928,-2.1416826984676,2
87,0.591842810360226,3.44178447317454,-2.68548366086909,0.021177887020167,0,0,0.761681418341635,1.20916836586258,-1.20467753042055,-1.86320175877759,3
87,0.958618636498958,1.07594822845459,0.545554190241715,0.021177887020167,0,0,-0.257587705755352,0.53552907739866,0.353774601733478,-0.0506242771985683,4
87,1.22536469187258,0.0159981072509245,-0.486854745444279,1.21601170592297,0.130293930360507,-0.00485666715305168,-0.654567280071887,0.382578513991317,0.183431907634447,-0.249459984904263,5
87,1.3295623697529,3.07563086457021,-0.969739800871156,1.21601170592297,0.128584094554719,-0.00398863632981243,0.759399318460512,1.00171328444193,-0.308338979993229,-0.376502323827962,6
87,1.57963679666567,3.77143472598646,-1.69934407226022,1.21601170592297,0.124480488620827,-0.00190536235403868,1.10375887762514,1.31029884839436,-1.37202828133165,-1.18949144042963,7
87,1.97975587972611,5.53449763254703,-1.62227551307707,1.76581787962574,0.12693678469624,-0.0031523479986497,1.30541988079995,1.43284070146272,-0.630636122966242,-0.860344134244556,8
87,2.23399821375409,3.6159020459652,-1.72234998826288,1.76581787962574,0.122764785330123,-0.00103435278994624,0.810085724809979,1.14822144998792,-0.460721271361935,-0.902528644877703,9
87,2.37570705567133,0.958453356902772,-1.93862954702739,1.76581787962574,0,0,-0.243797457682289,0.624287570825322,-0.167344433134723,-1.22277172074504,10
87,2.62161357546889,0.655434064051172,-1.37425278377047,1.76581787962574,0,0,-0.563592027325316,0.490327362750912,-0.219615635929444,-1.00598802654365,11
87,2.99672521583805,-1.57118115208644,0.609512240956157,1.76581787962574,0,0,-1.24952696527999,-0.202097840721878,0.567745178394771,0.488756568587462,12
87,3.18844894313784,-0.703544254797136,0.428204407588867,1.76581787962574,0,0,-0.530164834609996,0.161682578471017,0.064152892415371,0.186434379848792,13
87,3.43852337005061,0.47598408418354,0.0219425690232697,1.76581787962574,0,0,-0.65964274319803,0.393413329261281,0.0181169420417115,0.0498953927665376,14
87,3.50937779100923,0.822071523826168,0.081481723205065,1.76581787962574,0,0,-0.598520668369429,0.545369550444345,0.0813527213336902,0.351513167087194,15
87,3.80529919618934,3.99267324545755,-2.07720282727443,3.54611106749552,0.126194250969396,-0.00277538656175705,0.878592151073019,1.2169118070307,-0.935677497532112,-1.12134583553238,16
87,4.06370943733254,3.3457797905937,-2.37055568374919,3.54611106749552,0,0,0.789181584093369,1.06223130239857,-0.783238379399706,-1.36188040596893,17
87,4.44715689193212,3.01052629397762,-1.73126503095583,4.22688101652759,0.12683278308747,-0.00309954959440642,0.372566879639893,0.991246229347104,-1.25456714894819,-0.760408477106238,18
87,4.55135456981244,2.50576122761627,-1.14614548863285,4.22688101652759,0.125122947281707,-0.00223151877116809,0.37731956087536,0.898223189735092,-0.769128132656867,-0.275586765095563,19
87,4.83477225364692,-0.259451377079074,0.920607282541769,4.22688101652759,0,0,-0.760347639155628,0.00871774665348696,0.594870380793951,0.31995870871763,20
87,5.19738017267044,0.283774192869897,0.997556856262082,4.22688101652759,0,0,-0.623085600527058,0.358155834067354,0.678368417002408,0.524745879372723,21
87,5.4766299493897,1.74348990549363,0.638712061417089,4.22688101652759,0,0,0.344361270005201,0.632354139897352,0.34940344847775,0.131104481739062,22
87,5.71003274784162,2.05463519499983,0.0924716858835,5.53205060194282,0.127526803669723,-0.00345188240630408,0.34512570499937,0.785599842794425,0.0786188141720558,-0.229299625775151,23
87,5.94343554629354,3.58667599757737,-0.610873513252565,5.53205060194282,0.123696771464756,-0.00150749336224858,0.89666394088072,1.22931509375238,0.241763978069567,-0.384421400948171,24
87,6.04346531705865,3.97124827887537,-0.90197506072852,5.53205060194282,0,0,0.884866292203879,1.18394204030958,0.278245637855542,-0.682269700062755,25
87,6.28103602262578,0.388802264596702,-1.15205430089168,6.2446019163015,0.129849541673363,-0.00463106474337026,-0.594043156334839,0.45254914135335,-0.675585222711187,-0.717208401033442,26
87,6.5477820779994,2.66629187879829,-2.08784115290947,6.2446019163015,0.125472362010544,-0.00240890583587809,0.334032870044333,0.817745960844431,-0.876386401940608,-0.930103027722674,27
87,6.86454301875558,0.702922002400877,-1.38724692927962,6.2446019163015,0,0,-0.464378906030881,0.55896931984245,-0.963727262082218,-0.588449839015008,28
87,7.12295325989878,-0.735148266420156,1.53253087883601,6.2446019163015,0,0,-0.930809209567102,-0.0456108060207966,1.09296770761334,1.05082025627634,29
87,7.41887466507889,0.3960541653356,-2.17935787526846,6.2446019163015,0,0,-0.584502001009008,0.416573248038832,-0.910174040522391,-1.68096889980725,30
87,7.72729979160464,0.525956153359283,1.07656875852266,6.2446019163015,0,0,-0.733530621250131,0.329113326530253,1.07256718739789,0.63369334693293,31
87,7.9398630544805,3.33599821462243,-0.357924698638787,7.79209854911225,0.128022661205098,-0.00370361396040082,0.594282281555089,1.16891780626955,-0.180496823165775,-0.268525969942973,32
87,8.08990771062816,3.62196363274409,0.131136448631746,7.79209854911225,0.125560497644737,-0.00245364957493596,0.868364543522389,1.17674842308351,0.415256654943286,-0.0336017941964175,33
87,8.41083655849955,1.55439014115122,-1.6883761534426,7.79209854911225,0,0,0.020989662209338,0.538153323439205,-1.14112206986016,-1.14811967999043,34
87,8.57755284310807,2.39046088420102,-1.31758833004145,7.79209854911225,0,0,0.429610657236184,0.697084353917957,-1.19580191449742,-0.867070079422927,35
87,8.84429889848169,1.95948796800724,0.260758047045734,8.79553216135559,0.129647168893507,-0.00452832633417082,0.239873346369978,0.847725622330438,0.0926781470383329,0.04479845646223,36
87,9.03185471866627,3.53232117501048,-1.98535732123061,8.79553216135559,0.126569464443139,-0.00296587085234222,0.866040072014023,1.19829298022716,-1.01416640933601,-0.880487080395224,37
87,9.39029473057458,2.4895395103835,-2.10020543197,8.79553216135559,0,0,0.261241301562493,0.874572177526257,-1.30841805852339,-1.14582480523062,38
87,9.66954450729384,3.15602546990442,-1.90847231852483,9.4331180467342,0.126567759438724,-0.00296500527429143,0.666117184619964,0.984272643700734,-0.983198547771833,-1.18131171919768,39
87,9.83626079190235,4.5636228321511,-2.3532204249576,9.4331180467342,0.123832022149514,-0.00157615595711008,0.982607622165006,1.41793792791236,-1.14621646147054,-1.26669986424144,40
87,10.2155403393867,1.40010396944783,-1.46662494207987,9.4331180467342,0,0,-0.0490350925836127,0.663658863442151,-0.632025269835857,-0.621521144357855,41
87,10.3030663888062,-0.670613539845724,-2.09354521328114,9.4331180467342,0,0,-0.816040459625961,0.175238793512347,-0.698251051143912,-0.932311869034489,42
87,10.6364989580232,1.94289167509,0.270222837735425,9.4331180467342,0,0,0.0338621303268974,0.760469218654643,-0.0045973874972729,0.0123457518828336,43
87,10.8824054778208,0.291428165354975,-1.08067845064859,9.4331180467342,0,0,-0.653831448891684,0.450430489467837,-0.0518192952719352,-0.258360086348076,44
87,11.0157785055076,3.27506235417573,-0.885163400614417,10.9115853663588,0.128737647216182,-0.00406659027291197,0.694049785477297,1.11518006520494,-0.49098052608644,-0.9241407472027,45
87,11.3116999106877,4.59478147327299,-2.3036129279865,10.9115853663588,0.123881713527742,-0.00160138273491239,1.37318192396872,1.40359632188948,-0.792393815175701,-1.22602224313717,46
87,11.5992855016374,1.27644218774907,-1.42166022504873,10.9115853663588,0,0,0.12848449016271,0.517462804926291,-0.487042959947442,-1.24388996244494,47
87,11.7743376004763,1.28261871647306,0.439089315844675,10.9115853663588,0,0,0.133920104235423,0.613155228640869,0.58933097303322,0.249628331915448,48
87,12.0660910985412,2.6105508790471,0.596487513225434,11.9385860375397,0.128355109337203,-0.0038723876080458,0.373878900937689,0.818630624510254,-0.433486694688271,0.380040956059867,49
87,12.3620125037213,2.91811341135925,-1.02440849966677,11.9385860375397,0.123499175648765,-0.0014071800700467,0.488751472586955,1.00708379982328,-0.374251084684636,-0.890744401906016,50
87,12.6079190235189,2.59858936267323,0.10156531994009,11.9385860375397,0,0,0.440812774614292,0.915805472753989,0.912570145064428,0.369762109522475,51
87,12.9121762429294,3.23151963293586,-2.89284517360883,12.6302160937124,0.125820572622142,-0.00258568160744685,0.849089007225639,1.19972205120027,-1.25645261259158,-1.83818552313995,52
87,13.1747543911879,3.64772966980489,-1.94470425771053,12.6302160937124,0,0,0.618980021922957,1.16533389217077,-1.2979279893767,-1.14593492980062,53
87,13.4665078892528,1.91856937500992,-0.212883581400485,12.6302160937124,0,0,0.103070667786471,0.55689770529909,0.351243328856779,0.0386697956835563,54
87,13.6540637094373,0.0821846701500042,0.505955648535297,12.6302160937124,0,0,-0.655560757677034,0.224594631473475,0.121944271869675,0.373990605999952,55
87,13.862459065198,3.68325151999845,-2.00661603304763,13.742166177975,0.128473457780422,-0.00393246945698561,0.845058934818963,1.230314928851,-1.13340968418864,-1.20175986681543,56
88,0,0.168737910596488,1.22842937054358,-Inf,0,0,-0.144634049468621,0.149290885622464,0.439719921996144,0.571682154027612,0
88,0.0333432569217029,0.308781087132172,1.30940931951744,-Inf,0,0,0.440045367482105,0.11732416817395,0.495208191131766,0.551282789133714,1
88,0.32092884787139,2.77768928205988,-0.935762453624474,0.107816473825369,0.12695033283876,-0.00315922597211553,1.30336408565749,0.634790383042185,-0.177065379041682,-0.57898351601388,2
88,0.61268234593629,1.75891226558643,-2.38640776295973,0.107816473825369,0,0,1.07929062523127,0.585179547078278,-1.28179105111318,-1.51008626147658,3
88,0.783566537660018,0.689207458731291,-1.19944941958391,0.107816473825369,0,0,0.876795540758152,0.19794772920791,0.311823380834668,-0.946059079569861,4
88,1.06698422149449,2.90569582879853,-0.455557108161927,0.830974843677205,0.126574603574057,-0.0029684798303815,1.3987583343583,0.701078655483072,-0.00333654571698551,-0.336063886305357,5
88,1.2628758559095,3.54789934660807,-2.05384689949711,0.830974843677205,0.123360112259182,-0.00133658188269234,1.46629250482925,0.948702605508455,-0.84661189571706,-1.09004811844619,6
88,1.683834474546,0.930222155929716,-1.72537748335486,0.830974843677205,0,0,0.428068671894183,0.126644642776793,-0.663979263546787,-1.42371357443651,7
88,1.86305448050015,0.771214418497867,-0.768397981739035,0.830974843677205,0,0,0.240155745095939,0.136956800509923,-0.495937466194396,-0.801128771941296,8
88,2.03810657933909,0.140497633519385,-0.278974573434435,0.830974843677205,0,0,0.114181310404766,0.122463848679577,-0.285408689044292,-0.344229051552694,9
88,2.44656147662995,0.292407690665762,0.204908411625601,0.830974843677205,0,0,0.209138074222769,0.151340096829132,0.121939217248802,-0.0624310901556707,10
88,2.69246799642751,2.74602802078302,-0.266444704266055,2.52633275685008,0.127721205934996,-0.00355057443146435,1.0679733398013,0.666716670772221,0.0167294037512862,0.0108393402228728,11
88,2.98422149449241,3.02294587638792,0.225621958360686,2.97774066770843,0.253274726845681,-0.00600068213401538,1.26945771192445,0.820725218091137,0.379472512454896,-0.16830151135674,12
88,3.18844894313784,3.97597427782275,-0.751306444511868,2.97774066770843,0.126989782987535,-0.00317925359407149,1.42669456602529,1.10965273584128,-0.652460389571744,-0.666782587897637,13
88,3.2718070854421,3.74249899244986,-1.36869498807926,2.97774066770843,0.125621914342917,-0.00248482893548074,1.85622566281332,1.04391792144929,-0.584061038048935,-1.13255915079273,14
88,3.59273593331349,2.78420655387984,-0.798883652819464,2.97774066770843,0,0,1.32933176554882,0.759788420479718,-0.427867505925308,-0.819028904217631,15
88,3.77195593926764,2.05131922037015,-0.360475471151421,2.97774066770843,0,0,0.968123536767173,0.686481492259866,-0.334805578912626,-0.867559535193918,16
88,4.15957130098244,0.564811053013397,-0.91776270604585,2.97774066770843,0,0,0.258490073088954,0.208822950951788,-0.10071775615097,-0.912560664900476,17
88,4.25126525751712,-0.210697910829292,-0.595825978167971,4.23621720293752,0.130200476912625,-0.00480922372425564,-0.0469744022799704,0.0339418353782443,0.0355976678691428,-0.414077504312667,18
88,4.73474248288181,3.40112583763327,-2.61501136298832,4.23621720293752,0.122266838773742,-0.000781560704425505,1.8908415117326,0.787602542919722,-1.31771065306956,-2.15507443444259,19
88,4.80976481095564,3.00738664397881,-1.55425086897519,4.23621720293752,0,0,1.00764621288959,0.904988870345073,-0.403972345911228,-1.08929822143809,20
88,5.20988389401608,1.88668067163581,-0.96234323203684,4.23621720293752,0,0,0.769721702271746,0.491055630964133,-0.486686624254082,-0.976393808486238,21
88,5.43495087823757,-0.607782956090859,-0.1528763785732,4.23621720293752,0,0,-0.243801554425809,0.0654542861298815,0.21105206470922,-0.425473756490786,22
88,5.66418576957428,1.35583594901314,-0.135268095850016,4.23621720293752,0,0,0.890310832074378,0.283442361071591,-0.247589594018348,-0.78534773885984,23
88,5.9309318249479,3.14860427211801,-0.465710614368614,5.80572828395794,0.128392876218444,-0.00389156068705306,1.39044624588752,0.890495987162455,-0.462686231850451,-0.673843241371426,24
88,6.11848764513248,4.68059726670715,-2.06160101891236,6.07930920681773,0.25511968021996,-0.00693730797311147,2.02216452743391,1.13147014134542,-1.18519859508261,-1.32747155925367,25
88,6.31021137243227,6.90062227591138,-3.78668962334247,6.07930920681773,0.126658410569284,-0.00301102605312846,2.73401388649974,1.72026230314222,-1.70675441793611,-2.57269475119483,26
88,6.56445370646026,5.04991890239574,-2.31708621297287,6.07930920681773,0.122486411203135,-0.000893030844425005,2.03768864957251,1.32810333832745,-0.662431620948187,-1.77578813990816,27
88,6.87704674010122,-1.00478319258662,0.832389455794826,6.07930920681773,0,0,-0.0512773728411473,-0.153441147338679,0.835462200470083,0.0891042334279921,28
88,7.18963977374219,-0.876706157656638,1.58074193512731,6.07930920681773,0,0,-0.113083052552694,-0.274831124749425,0.925087009402104,1.08756144950706,29
88,7.48972908603751,0.0688382213362268,1.05706326970415,6.07930920681773,0,0,-0.0703705827257906,0.119752331220505,0.352077422479148,0.464209226795896,30
88,7.71479607025901,-0.260329828483924,0.144369821527897,6.07930920681773,0,0,0.369551934802231,-0.0428371420282559,0.552500550892132,-0.196415059465528,31
88,7.86900863352188,-0.607331653491861,2.02779772815744,6.07930920681773,0,0,-0.267827702405276,0.013689175129343,0.534147257416799,0.923310091693805,32
88,8.22744864543019,2.80711084526903,-1.0821775386729,7.91809157841982,0.125371001845093,-0.00235744841079469,1.45928416821859,0.556812984057127,-0.737291897048175,-1.42120319012038,33
88,8.41917237272998,3.1735584317128,-1.14121017166091,7.91809157841982,0.0900374140794746,-0.000804719217481618,1.44228331181845,0.876386392040541,-0.512022763005018,-0.935980637728357,34
88,8.64423935695147,0.890573298580473,0.890646014698656,7.91809157841982,0,0,0.504182375282657,0.291966006411879,0.594914360753129,0.0650588020640755,35
88,8.86097052694254,0.900460385873664,0.660884717006387,8.81655372074769,0.129718549252606,-0.00456456393758307,0.229450809371169,0.330438297834178,0.903677193073248,0.369897070045371,36
88,9.2360821673117,4.55232616071395,-1.08131996818563,8.81655372074769,0.123563140351716,-0.00143965297392061,2.37065086191936,1.11493598158037,-0.598733010276124,-1.00234609130775,37
88,9.27359333134862,3.86189936295175,-1.13789089306482,8.81655372074769,0.122947599461632,-0.00112716187755446,1.79045484699809,1.15354688143305,-0.254977101293751,-1.07512973983484,38
88,9.74873474248288,1.02664598066536,0.243766015758912,8.81655372074769,0,0,0.426037578669704,0.23223036395942,-0.103659351626725,-0.209332508486767,39
88,9.79874962786544,1.83716577971246,-0.297271231755499,8.81655372074769,0,0,0.708110707314668,0.469209206348706,-0.180567745274807,-0.59632829550331,40
88,10.0738314974695,4.68397390636824,-0.694868062022773,9.86504835454532,0.127021373523518,-0.00319529113336711,2.44858250736113,1.21817995470158,-0.155530587482853,-0.497823895136527,41
88,10.357249181304,3.50392358006717,-1.88321829220635,9.86504835454532,0.122370620131722,-0.00083424729415521,1.1837714795734,0.81997253476887,-1.33485532427202,-1.67655745282704,42
88,10.5656445370646,0.286385053889591,0.255002033010981,9.86504835454532,0,0,0.112127317002664,0.211185799684808,-0.17035804308063,0.143940131924601,43
88,10.8032152426317,0.641276382685244,-0.972965246840593,9.86504835454532,0,0,0.412733227338612,0.16983050542408,-0.300484610942726,-0.657750920190394,44
88,11.003274784162,0.430225573617308,-1.64747595802462,9.86504835454532,0,0,-0.135696051167397,0.0972229014251931,-0.805995184777168,-1.11964507833261,45
88,11.3408752604942,2.89471379406978,-1.61265925462173,11.0287746143348,0.125325980977446,-0.00233459270694625,1.21061003663301,0.879274266982319,-0.318013753480228,-1.56919051257787,46
88,11.5576064304853,2.55883322144382,-2.27908105273612,11.0287746143348,0,0,0.847056998284324,0.588540767008825,-1.16112969092377,-1.98276041885207,47
88,11.9202143495088,-0.23850738561097,-1.28129341317012,11.0287746143348,0,0,0.235826776164229,-0.052310177245226,-0.653652023758742,-1.03267495553862,48
88,12.1577850550759,-0.978955072635635,0.313558572479098,11.0287746143348,0,0,-0.10659886056915,-0.199238043852047,0.208178066626766,-0.0187158386924658,49
88,12.3703483179518,2.19821815420948,-2.10695949734181,12.199665800602,0.127646587205339,-0.00351269280733815,0.862990593587934,0.584934296810413,-1.02415788935694,-1.61908394986879,50
88,12.5995832092885,4.82641259691246,-2.92837279384306,12.199665800602,0.123884948432604,-0.00160302499621238,2.17017570600696,1.33381549253307,-1.32653651121791,-1.91137939972326,51
88,12.8079785650491,1.02791932061552,-0.454153318099917,12.199665800602,0,0,0.269290979720931,0.378516799027825,-0.122645605110127,-0.526955658168453,52
88,13.041381363501,0.98598856459571,-0.95660090723139,12.199665800602,0,0,0.275433206073311,0.38963998665723,-0.245425804972796,-0.764522097176937,53
88,13.3122953259899,0.96357432663399,-1.35097741243601,12.199665800602,0,0,0.197159984888726,0.311308950727225,-0.117838700900953,-1.14841884417294,54
88,13.6415599880917,4.00114772666695,-1.41447907033014,13.5600049194763,0.254491083757317,-0.00661818896585765,1.89346627047078,0.93791013173776,-0.613807818527636,-1.23876711659883,55
88,13.8082762727002,4.96698926832014,-1.30560498226013,13.5600049194763,0.249019609178795,-0.00384049033149242,1.99490368407948,1.21784952782937,-0.40254460583849,-0.68527080309775,56
89,0,1.74765042842099,-0.964090931298115,-Inf,0,0,0.232045089017582,0.766416878856855,-0.680695582460446,-0.615019120986513,0
89,0.200059541530217,0.579509582051971,0.0819450092699317,-Inf,0,0,-0.022765901071213,0.49277044510641,-0.651607855703062,-0.109757605648526,1
89,0.270913962488836,0.0164924629322658,0.868705117195504,-Inf,0,0,-0.373294881997345,0.56363617045757,-0.0233180807440247,0.444460690377104,2
89,0.587674903245013,3.25183430568052,0.216005029890969,0.296892533695791,0.125675804057997,-0.00251218707922293,0.768505016936239,1.16673339213008,-0.338589272554019,-0.260889128083915,3
89,0.758559094968741,4.94745036183534,0.0709569132431944,0.68350236438967,0.252087435570557,-0.00539793102804687,1.91955394955983,1.80343517849655,-1.04847291145093,-0.308762550574907,4
89,1.10449538553141,3.53745577982661,-1.47300863767016,0.68350236438967,0.123539107358829,-0.00142745216578095,0.765305840301522,1.25583635176862,-1.33149553568568,-1.15625446544117,5
89,1.38374516225067,0.146871532810787,-0.653416804126797,0.68350236438967,0,0,-0.0832736100181778,0.377958206070343,-0.551385942773881,-0.383702118854277,6
89,1.73801726704376,-0.599226828239758,-1.1473848672683,0.68350236438967,0,0,-0.484536037907639,0.226799253819794,-0.781982210407437,-0.984290567552105,7
89,1.89222983030664,0.79092066599443,-0.636570787812993,0.68350236438967,0,0,-0.420274280686552,0.498206567587947,-0.603705594923293,-0.611864163115357,8
89,2.20065495683239,0.487071282748091,-0.439061926370632,0.68350236438967,0,0,0.101821594409808,0.564146752965942,-0.774100417269732,-0.520852575134501,9
89,2.36320333432569,0.599475701856758,0.338519817721421,0.68350236438967,0,0,0.314381438368462,0.441562592334467,-0.155399379310025,0.181444718954137,10
89,2.5590949687407,0.106446545225051,-0.367314634407847,0.68350236438967,0,0,-0.733054832976134,0.413258725678735,-0.670918810346481,-0.845157732420365,11
89,2.97171777314677,3.92087344851711,-2.88947695545365,2.59521634352501,0.124269193842382,-0.00179809452173334,1.16704578529092,1.42501782377341,-1.67883841903577,-2.04351096443333,12
89,3.02173265852932,3.6761759133031,-1.92134097528106,2.59521634352501,0.123448472655604,-0.00138143972657867,1.19550375864115,1.23755902898298,-1.91036982722583,-1.11157760229682,13
89,3.35099732063114,2.34360107200207,-0.518259902099156,2.59521634352501,0,0,0.306686482049183,0.905917528926587,-0.218065753732501,-0.553774199473749,14
89,3.63441500446561,2.29972797303829,-1.05599684210541,3.5615304109121,0.129251406000167,-0.00432740973799234,0.598027412975473,0.902286489570377,-1.11886424917308,-0.471633284732616,15
89,3.96784757368264,3.27237860427658,-1.60365177279437,3.5615304109121,0.123779931421658,-0.00154971110362744,1.09412927135843,1.04456275394705,-1.26714926568462,-1.37303814772254,16
89,4.00952664483477,3.34478494682397,-1.53592645208533,3.5615304109121,0.123095997099342,-0.001202498774332,1.31084215114522,1.16546809361425,-1.34057890795343,-1.07463578817035,17
89,4.40964572789521,-0.510981568841056,1.85199456835371,3.5615304109121,0,0,-0.493130625105299,0.255765086656828,0.169003130468786,0.870322564429797,18
89,4.64304852634713,3.30014181925436,1.17219041170128,4.47828447294171,0.127743706467263,-0.00356199725667446,1.03804520750666,1.25292032143159,0.0660976498728373,0.499094341190876,19
89,4.81393271807085,3.38321653788027,-1.93963074879632,4.47828447294171,0.124939575745769,-0.00213842670656211,1.06617854432053,1.26455409717375,-0.806502945307123,-1.77002437696072,20
89,5.10985412325097,1.89226784263099,-0.830685440149743,4.47828447294171,0,0,0.720751981344319,1.10665742257448,-1.082352506232,-0.9219627861741,21
89,5.29324203632033,2.47420600519454,-0.0755959079444746,4.47828447294171,0,0,0.52416541738597,1.04059568752309,-0.403168528666922,-0.328352968129449,22
89,5.66418576957428,3.46085673713084,-3.25465433135968,5.32929677918123,0.12495203476556,-0.00214475176607357,1.06428932933646,1.26290952274732,-2.04468323937789,-2.42388249212758,23
89,5.92676391783269,3.09824367960386,-2.35095767726949,5.32929677918123,0,0,0.630842750079283,1.11093078787015,-1.99668073858242,-1.86759049605207,24
89,6.18100625186067,0.500029061796451,0.490748407501135,5.32929677918123,0,0,-0.017114087216901,0.326034078848981,0.215828690761179,0.0364243202493997,25
89,6.3518904435844,-0.253068506024935,1.05358242968226,5.32929677918123,0,0,-0.422905399950671,0.20055282092285,0.110243902599235,0.0147562118542384,26
89,6.56862161357547,-0.861301729408066,1.21530391895202,6.56624862834668,0.0749053111898315,-0.00249322469742783,-0.424395795730883,0.311871292411271,-0.22257963291275,0.774052655361348,27
89,6.89371836856207,2.8276228795859,-2.25369542977199,6.56624862834668,0.125073781236946,-0.00220655868893962,0.714861975236345,1.15339813271624,-1.70794654553084,-1.58748649851263,28
89,7.12295325989878,2.31222633058257,-2.99865113199734,6.56624862834668,0,0,0.540237982920573,0.892986793650265,-2.22633579579634,-2.05659695047832,29
89,7.40220303661804,0.92920049432872,-0.535549000913581,6.56624862834668,0,0,-0.214118936858192,0.78354669555149,-0.518411845473958,-0.248223172591117,30
89,7.61893420660911,0.949869145861444,-0.804463993139151,6.56624862834668,0,0,0.337949215378737,0.67712458326784,-0.817228426046896,-0.673764782691662,31
89,7.78981839833284,2.71411132308579,-0.720496473471287,7.62003958349725,0.127661416546555,-0.00352022120579572,0.872545765368662,0.97151566832071,-0.904576541330727,-0.654578354190173,32
89,8.0357249181304,4.17244178911136,-2.72501446743726,7.62003958349725,0.123626204044918,-0.00147166846295144,1.34267384589445,1.42663561167122,-2.08247660097683,-1.83374714351106,33
89,8.3941649300387,-0.261833057355188,-0.553753533503931,7.62003958349725,0,0,-0.739844534308087,0.450376876073687,-0.373752220708815,-0.460375338651992,34
89,8.54004167907115,1.09726600693869,-0.0979373275491508,7.62003958349725,0,0,0.390490226093167,0.869565084436727,0.0172447063063431,-0.376114031447859,35
89,8.7817802917535,3.36715772114482,-1.38069504560981,8.61797945311723,0.127759512377118,-0.00357002142886462,1.17157933073805,1.30092537180319,-0.870096412147967,-0.98809343261291,36
89,9.05686216135755,6.55879299936965,-5.12189812453795,8.61797945311723,0.123245545849786,-0.00127842005551171,2.54562433012754,2.08619720975405,-2.95227337170651,-3.24904567695446,37
89,9.34027984519202,2.77956594292696,-3.18491801623549,8.61797945311723,0,0,0.763142456633139,1.0335800938822,-1.11245175005841,-2.09021757064599,38
89,9.59452217922001,1.03482056392393,-1.49416501911439,8.61797945311723,0,0,0.192630270255983,0.843153944291129,-1.45201198289001,-1.07184604036021,39
89,9.91961893420661,-1.46187012397843,1.8874498418913,8.61797945311723,0,0,-1.07134312102864,-0.0536685386104317,0.353268769039054,0.718970740940877,40
89,10.1446859184281,1.77306928577415,-0.606742495005657,10.0859845562211,0.129484146280906,-0.00444556478935768,0.392389159315758,0.741030671548711,-1.13670280521184,-0.370445787083729,41
89,10.2655552247693,3.13748734606284,-1.03799197905944,10.0859845562211,0.127500736746191,-0.00343864903439996,0.94410089906066,1.04661959607034,-0.649042027719685,-0.842285695917339,42
89,10.690681750521,2.11827890959112,-1.40846906444483,10.0859845562211,0,0,0.357110089208675,1.14168644750989,-1.5640964052191,-1.07918940105892,43
89,10.9365882703185,5.41574983314315,-1.4569514250528,10.7312793422777,0.127078383786369,-0.00322423348281901,1.60313061303525,1.76353975236811,-1.59044012199621,-1.04732009868716,44
89,11.140815718964,3.23999765605757,-2.93116618748911,10.7312793422777,0.123727105607023,-0.00152289306926956,0.787335946911852,1.2146057578357,-1.82792088693027,-2.15735989059348,45
89,11.3116999106877,2.0403394168635,-1.87862015397428,10.7312793422777,0,0,0.560402790790643,0.90556909820404,-1.45513123812007,-1.52386593334959,46
89,11.5492706162548,1.12565321784338,0.258582136269863,10.7312793422777,0,0,0.0775592908848905,0.516767180191366,-0.0874601165790784,-0.247022401607741,47
89,11.9493896993153,0.982284699008986,-1.00880966532092,10.7312793422777,0,0,0.36923095673399,0.612678987290423,-1.3701101456382,-0.96130199404083,48
89,12.0452515629652,2.04563708941468,-1.76711162950974,10.7312793422777,0,0,0.572390756381109,0.938818352887118,-1.37391333985965,-1.52606168102128,49
89,12.3453408752605,3.52940158771359,-1.27048862390731,12.1241560330185,0.126817867361215,-0.00309197734089647,0.998950439949432,1.34168397084431,-1.00643905350853,-1.16643660461114,50
89,12.6996129800536,0.948584161634117,-0.193532072762593,12.1241560330185,0,0,-0.0909200620966287,0.744655155370888,-0.400795932971593,-0.459437020869477,51
89,12.9413515927359,0.16886020905241,-1.31219049040877,12.9277658066497,0.130224472063778,-0.00482140532129391,-0.125638868882159,0.455716281034913,-1.44428110097928,-1.2039895391368,52
89,13.1955939267639,4.70676778385141,-1.74146667636912,12.9277658066497,0.126052472697601,-0.00270341011258848,1.33645412534756,1.60670127487131,-1.73822308636563,-1.23083371247353,53
89,13.3122953259899,4.7612708247172,-2.55640194298818,12.9277658066497,0.124137456595169,-0.0017312155905618,1.41797877951477,1.61728869770048,-1.75306597085915,-1.68961530289078,54
89,13.5456981244418,-0.0876913318041185,-1.05499249754331,12.9277658066497,0,0,-0.508018676289828,0.236773299955592,-1.10887256537057,-1.05397566348696,55
89,13.9874962786544,4.45074865321923,-2.07920424786481,13.6567711284384,0.125020361461214,-0.00217943911890409,1.44218392294358,1.48364182364353,-1.34276769041594,-1.62073818259146,56
90,0,-0.427734853935919,-1.48904509118413,-Inf,0,0,-0.929133594769685,0.226969696105348,-0.988029776038394,-1.05704646971254,0
90,0.220899077106282,0.265780753337639,-2.25745597396312,-Inf,0,0,-0.77056638680449,0.303268103781898,-1.35479200925592,-1.78995444608969,1
90,0.470973504019053,1.64247258877252,-0.880606057362937,0.361044019390829,0.128643516434213,-0.00401880298254013,-0.548687758112127,0.724694596923707,-0.293126248991085,-1.00623313502206,2
90,0.541827924977672,2.33077307334492,-0.0530735439798983,0.361044019390829,0.127480828086278,-0.00342854202273687,-0.0432321748379265,0.937612920419035,-0.221862732518305,-0.065269716937903,3
90,0.754391187853528,4.48784786256155,-0.781627733114385,0.709366506103498,0.253701337337725,-0.00621725910319737,0.784464605450188,1.49653154475171,-0.177048949212949,-0.836158987028942,4
90,1.1336707353379,4.8309853113585,-3.69603662862493,0.709366506103498,0.123484771962189,-0.00139986776327761,0.977042395051283,1.55597237115328,-1.45830305735709,-2.3684466230372,5
90,1.47543911878535,2.61883311223731,-0.53861207130844,0.709366506103498,0,0,-0.0455083923099284,1.11745942213973,-0.508734327365027,-0.800625205428735,6
90,1.50461446859184,1.66391707671396,-0.92948769917963,0.709366506103498,0,0,-0.120257217438551,0.815430943751488,-1.04482486376068,-0.961529842130973,7
90,1.92974099434355,1.69524123133992,-1.76116824045017,0.709366506103498,0,0,-0.0524349191463756,0.881949311495633,-0.922169520196743,-1.29705288353111,8
90,2.05894611491515,2.06331838595041,-1.73048514935366,1.99644847840178,0.129421851171529,-0.00441393948658181,-0.346537980577818,0.788802120612118,-0.907706919950116,-0.956121281795681,9
90,2.47573682643644,3.49345627631189,-1.66229927498457,1.99644847840178,0.122582507948375,-0.000941816193624767,0.625007430209304,1.28858912622224,-0.997905887139553,-1.04375712087399,10
90,2.57993450431676,3.15849368328145,-0.960947393000038,1.99644847840178,0,0,0.166101087798465,1.17277715983155,-0.508544745590523,-0.728260530128117,11
90,2.95087823757071,0.61975021974558,-0.354205887866401,2.88426503037962,0.129354316556083,-0.00437965424840604,-0.807105373765054,0.612632401347819,-0.262142694597721,-0.475293095694811,12
90,3.15927359333135,3.12949285719943,-1.96038044657585,2.88426503037962,0.125934644944506,-0.00264359260192755,0.109920569974181,1.26614441445971,-0.787120722094604,-1.61629347773085,13
90,3.31348615659422,2.94650016086196,-1.64051644646885,2.88426503037962,0.123404087951927,-0.00135890698353328,0.0512871464330725,1.12941036866296,-1.03799383668682,-1.38767721281444,14
90,3.65942244715689,1.28511368338984,-1.2897399281032,2.88426503037962,0,0,-0.608308329348036,0.610683200529573,-0.788691130168894,-0.98182792254096,15
90,3.76778803215243,0.300702518521212,-0.40637913787523,2.88426503037962,0,0,-1.0287760289674,0.37875309135581,-0.575489979715866,-0.238195098086582,16
90,4.17207502232807,0.489772925608181,-1.2638756853239,2.88426503037962,0,0,-0.777160180475384,0.699102565444791,-0.77949311441577,-0.719720878336978,17
90,4.49300387019946,2.14384194411503,-0.422190792366227,4.28644103029958,0.12705780767143,-0.00321378762485457,-0.0357904176066977,0.679647950728014,-0.739791977128476,-0.0974857564166849,18
90,4.53051503423638,2.66195828725046,0.0215727321994353,4.28644103029958,0.126442266781346,-0.00290129652848842,0.340284386162284,1.01133225509703,0.0370952591699841,-0.0745236547402503,19
90,4.83060434653171,1.89028346891224,-1.06723037932236,4.28644103029958,0,0,-0.300137122358389,0.867699682445031,-0.562774596645721,-0.860990222096613,20
90,5.1515331944031,3.07831981769383,-3.40839616535109,4.94077927213198,0.126989033943917,-0.00317887332777,0.391499819565638,1.14129410662248,-1.31461108493991,-1.92685206037566,21
90,5.34325692170289,3.91914873602505,-2.56390849097585,4.94077927213198,0.123842936061266,-0.00158169661300994,0.833874863068117,1.32133763317118,-0.99381467452813,-1.66098785212743,22
90,5.72670437630247,2.58100521278458,-2.19060510186924,4.94077927213198,0,0,-0.0920597014458207,1.01996138690989,-1.14791087348202,-1.98221095335154,23
90,5.7683834474546,2.34210511357949,-0.882595563775492,4.94077927213198,0,0,-0.415597201306166,1.15592579986751,-0.828508885224392,-0.78542005864751,24
90,6.10181601667163,-0.481706675048356,-0.503948753072432,4.94077927213198,0,0,-1.22335471496383,0.187257731100918,-0.804965542572279,-0.50700642793424,25
90,6.30604346531706,-0.23307925863523,-0.667360718638526,4.94077927213198,0,0,-0.884167322580985,0.248462747405553,-0.132531903903855,-0.659648616781846,26
90,6.71866626972313,1.0306416835096,-0.34718527421363,6.62689570119927,0.128941495866976,-0.00417007793622251,-0.353308495100496,0.641855056217552,-0.411873374133624,-0.395029384523449,27
90,6.88121464721643,3.79727340753096,-1.50928923083108,6.62689570119927,0.126274152009945,-0.00281594985196935,0.595773240541792,1.42485412884959,-0.801971960386087,-1.25047489186127,28
90,7.00625186067282,4.66711224087164,-2.30159814817649,6.62689570119927,0.124222349042999,-0.00177431286408239,0.793786694840954,1.52850213977555,-1.43146052302198,-1.57471136656798,29
90,7.49806490026794,2.10183018958584,-1.9464763179037,7.14904870312804,0.124720213822712,-0.00202706343412683,-0.12592381211515,1.09081776961306,-1.39610057326299,-1.13355823875067,30
90,7.56475141411134,2.73118764650431,-1.83288122748991,7.14904870312804,0.123625918907007,-0.00147152370725372,0.345817841152408,1.0648858206359,-0.593212336106591,-1.08417355451405,31
90,7.81899374813933,0.373348587058967,0.538980444076519,7.14904870312804,0,0,-0.74833558759693,0.491150157065368,0.442207442968013,-0.0636589547501716,32
90,8.01488538255433,-0.536035610743064,-0.429088947720873,7.14904870312804,0,0,-1.54938674932097,0.12128326999909,-0.231767670081396,-0.501711397266849,33
90,8.31080678773445,2.35947138476257,0.0441808034354657,8.16912753706296,0.128122517426295,-0.00375430787941744,0.116690624202056,1.05129120386707,0.626058674272738,-0.0901739841384275,34
90,8.74426912771658,2.70525284187911,-1.83591679571495,8.16912753706296,0,0,-0.0633548546829112,1.07187990629055,-1.40607341837585,-1.10592517638858,35
90,8.85680261982733,1.02252155457651,-2.70037278776959,8.16912753706296,0,0,-0.375462649611137,0.684467250377032,-0.938012731971863,-1.71659883033115,36
90,9.17773146769872,0.0225977606216104,-0.757763719192773,8.16912753706296,0,0,-0.746086087324064,0.313855010802537,-0.297176941674426,-1.06885385496237,37
90,9.32777612384638,-0.210749921441956,-0.690528027376969,8.16912753706296,0,0,-1.03366512529871,0.336997010363305,-0.20929118431772,-0.579457973840322,38
90,9.56534682941352,0.297434139365758,-0.490247690349356,8.16912753706296,0,0,-0.89366081208802,0.476531106054526,0.479666978818944,-0.61970144844931,39
90,9.99880916939565,4.96553302291313,-2.78439617570129,9.57701904883859,0.123526027325324,-0.0014208118367865,1.10927975467409,1.68407718565146,-1.35597836833458,-1.99424986860875,40
90,10.1780291753498,2.81030569099569,-0.871205994005214,9.57701904883859,0,0,0.485916604669674,1.07254906540813,-0.0145714018621258,-0.651389701135978,41
90,10.4656147662995,0.371134238885867,-0.300942127766133,10.4061515378354,0.129471644407182,-0.00443921797426525,-0.67200362269326,0.49237413785466,-0.442296548754583,-0.454737046963569,42
90,10.632331050908,2.85086682491034,-2.45100143825386,10.4061515378354,0.126735907117974,-0.00305036865708393,0.131384857362472,1.02149607092043,-0.711894199348464,-1.37902656703838,43
90,10.8407264066687,2.55973823961154,-1.90105849556656,10.4061515378354,0.123316235506395,-0.0013143070106056,0.0941083869638411,0.957263819070828,-0.741343547601021,-1.75649907574863,44
90,11.2075022328074,-0.14483380273829,-1.92318213979823,10.4061515378354,0,0,-0.962995438729246,0.589571306360736,-0.990188124273955,-1.55099687482229,45
90,11.2866924679964,2.1626835712501,-1.14611529370308,10.4061515378354,0,0,-0.057070127261772,0.953615551010414,-0.326598915001828,-1.06632216694256,46
90,11.5951175945222,-0.848536983582998,0.586644544054165,10.4061515378354,0,0,-1.76506066298489,0.214341419794064,-0.232614623391207,0.166151069677333,47
90,11.9869008633522,2.28608266657226,1.12027180827819,11.7257782725886,0.126162507339579,-0.00275927130144463,-0.0707780943754416,0.902787051292203,0.906962552582803,0.442791370805913,48
90,12.199464126228,2.81981961310077,-1.17819756957745,11.7257782725886,0.122674442295771,-0.000988488422037054,0.124712114316244,1.01385559228868,-0.772807952124143,-0.885899817931817,49
90,12.4120273891039,0.757853221438307,-1.27286897067747,11.7257782725886,0,0,-0.520957480340739,0.470341687863907,-0.880230724848145,-1.08716716234259,50
90,12.5745757665972,1.08358118327933,-1.52124711147711,12.4818846738682,0.128926390489628,-0.00416240940272276,0.0402054581497581,0.702503678551352,-1.22691551211557,-1.04806594297838,51
90,12.9121762429294,2.48836779922359,-1.30957464114605,12.4818846738682,0.123386522478871,-0.00134998953542709,0.0614732406596155,1.01522693027235,-1.04320709128441,-1.21284124047753,52
90,13.0497171777315,1.72707107242091,-0.970297678475138,12.4818846738682,0,0,0.0366209937341054,0.962028175553428,-0.223894709574313,-0.946517679803221,53
90,13.3081274188747,0.946145656461647,-0.897483428832439,12.4818846738682,0,0,-0.588398319336131,0.618638238956559,-0.291579908362414,-0.861368002263282,54
90,13.5873771955939,0.990002910021089,-1.17216602481955,12.4818846738682,0,0,-0.753077711710289,0.518494393005816,-0.864323704509124,-1.06542501739719,55
90,13.9124739505805,3.16317976691426,-0.607029028915425,13.7714366228785,0.128133051085919,-0.003759655493057,0.095076469121317,1.13276055139614,-0.431823061030593,-0.858773218154947,56
91,0,-0.480779495788505,-0.62743634597742,-Inf,0,0,-1.04248328729762,-0.451260195300679,0.522442046424744,0.338899058536375,0
91,0.225066984221495,-0.0833588941442919,-1.79663330490806,-Inf,0,0,-0.594524712993923,-0.351769931232583,0.156898411218853,-0.256965627921328,1
91,0.370943733253945,2.41094578117216,-2.01436230211325,0.29177147175651,0.129148228271037,-0.00427502959197984,0.197567763694784,0.126930266298672,-0.21180102421041,-0.233950455830754,2
91,0.654361417088419,3.250980891864,-0.465606119538785,0.29177147175651,0.124497474879292,-0.00191398575276924,0.710944273456714,0.520992980781709,0.844475125804691,0.502339257455256,3
91,0.996129800535874,1.47230299877509,0.509488114015811,0.29177147175651,0,0,0.427109784907304,0.011088017243737,1.08041900880622,1.1237210442348,4
91,1.23786841321822,-0.691155449422752,0.326096637899841,0.29177147175651,0,0,-0.772948705769923,-0.590690284191999,0.890316780090461,1.00104053702975,5
91,1.35873771955939,1.2694404163245,0.0339677028947872,1.26467623107422,0.128903902927692,-0.00415099316216185,0.0546957449488025,-0.0458883138327668,0.413185122647027,0.677654475732949,6
91,1.7171777314677,2.05682042361061,-0.400939945206235,1.26467623107422,0.12302206775578,-0.00116496713021914,0.301346976600994,0.101097919321405,0.702004540013245,0.478440187851367,7
91,1.85471866626972,-0.169625207566384,1.06856172434265,1.26467623107422,0,0,0.0690227584571649,-0.45585011825132,1.76193529492227,1.22298499506437,8
91,2.24650193509973,0.755702815806664,-0.657361095479959,2.12513587257932,0.128455847469097,-0.00392352924588134,-0.261345488476938,-0.165501844086158,0.50962504934887,0.420566091553078,9
91,2.41321821970825,3.55848595933091,-2.34623567166373,2.12513587257932,0.125720110179835,-0.00253467992869846,1.31369242399776,0.54475604120261,-0.560904532467616,-0.528530347333511,10
91,2.72997916046442,2.51092117816848,-3.61331522844821,2.12513587257932,0,0,0.690761237815897,0.141963881598855,-0.694357860357502,-1.35966466142943,11
91,2.84668055969038,-0.0496510968252446,-0.366432810414957,2.12513587257932,0,0,-0.543953516585705,-0.382097441625197,0.670459198319183,0.562354548390188,12
91,3.11759452217922,-0.306214389649808,-0.686864141566195,2.12513587257932,0,0,-0.644901199215924,-0.313533476626392,0.6107268648715,0.600079690312701,13
91,3.48437034831795,3.75842983259531,-1.91049651095283,3.16022492567471,0.125128331754101,-0.00223425230148075,1.26155870618268,0.444456962305536,-0.186555787815431,-0.256409072671525,14
91,3.6635903542721,3.38617401318465,-2.33197378552974,3.16022492567471,0.023130568799071,-0.000335314238180881,1.10081730840078,0.415577732053821,-0.771820347067647,-0.166963459989088,15
91,3.88032152426317,-0.435884237253997,0.991165220237708,3.16022492567471,0,0,-0.475916133746613,-0.442061191760938,1.12224283590563,1.43235338554617,16
91,4.16790711521286,-1.28649960003591,-1.93393666234997,3.16022492567471,0,0,-0.82086121387697,-0.834571873872548,-0.197666723092788,-0.35345470949161,17
91,4.33462339982138,3.15776931693814,-1.13778034399062,4.20409671167592,0.128305525830306,-0.0038472155931739,1.11833211186236,0.340808083730087,0.607245593443464,0.0807372466883346,18
91,4.57219410538851,3.56353052405759,-1.6422085857474,4.20409671167592,0.124407100193109,-0.00186810531618865,0.674519508707031,0.698973341936479,0.347462689649452,-0.0236715210877823,19
91,4.84727597499256,1.08101590997799,-0.618237640985573,4.20409671167592,0,0,0.51195369778144,-0.250908178382784,0.869581914149328,0.399059065731204,20
91,5.10151830902054,0.128823123048787,0.776966878032378,4.20409671167592,0,0,-0.310947546591046,-0.378178363758117,1.19682559381843,1.18489123194101,21
91,5.28490622208991,-0.8016379540312,0.121378964506219,4.20409671167592,0,0,-0.714184193349567,-0.47426920450524,1.38863405671533,0.967148890803852,22
91,5.68919321226556,0.479980658605271,-0.199163674533346,5.668690622426,0.13011097050633,-0.00476378408655516,-0.24722971048976,-0.0247717476174514,0.637013233773213,0.623126851833691,23
91,5.81423042572194,1.5003324776362,-1.26442007362062,5.668690622426,0.128059167539383,-0.0037221470986684,0.126960679854499,-0.142048293893667,-0.333250429798274,0.131127743596273,24
91,6.22685323012801,0.702317640025876,-0.419159687616724,5.668690622426,0,0,-0.0392018141802196,-0.240539120346176,0.241133555963595,0.380964789908074,25
91,6.31021137243227,2.28037227830356,-0.844464238967812,5.668690622426,0,0,0.136079513854835,0.176636644997068,0.660100484887421,0.234688820838401,26
91,6.56862161357547,1.78098099826638,-0.151024174493077,6.48682738655569,0.12910520302688,-0.00425318700453248,0.491815746119841,0.074628001505502,0.757919775459148,0.791254856478905,27
91,6.93956534682941,3.58239137856006,-1.68982661834439,6.48682738655569,0.123018187558273,-0.00116299727380129,0.884052831020878,0.342133511430796,0.2176359632156,-0.323821169820641,28
91,7.08544209586186,2.20112733145857,-1.06266280170519,6.48682738655569,0,0,0.375665279349934,0.15089977582107,-0.183021367276441,0.31912372714468,29
91,7.28550163739208,1.08305156154772,-2.1497478830281,7.26167884558583,0.130056487524361,-0.00473612475954256,0.0943252296130226,-0.208209887857499,0.0625086190216005,-0.657728885784494,30
91,7.51473652872879,4.16901054098025,-1.78689312288469,7.26167884558583,0.126294848751626,-0.00282645694841611,1.42449903422727,0.77294421908062,-0.775838454896443,-0.173127170138777,31
91,7.94403096159571,0.792727247594726,-0.86854143401983,7.26167884558583,0,0,-0.0259213882446762,-0.121164350596257,0.0997486569405559,0.397138954031633,32
91,8.24412027389104,-1.04770588161885,0.592670534605175,7.26167884558583,0,0,-0.831218740496075,-0.517015695971771,1.30949281475573,0.920803407899139,33
91,8.44001190830604,-1.6731665659113,1.94825492992766,7.26167884558583,0,0,-1.28958864118682,-0.788234196926314,1.89229075973055,2.02580190016525,34
91,8.5233700506103,-1.70069887222498,1.03334463378666,7.26167884558583,0,0,-0.921295849409833,-0.859511450227451,1.10566557904611,1.30557281828237,35
91,8.99434355462935,4.17890324642593,-2.94241145790415,8.57840913930872,0.12362211674579,-0.00146959346743727,1.30622249055389,0.69028619904361,-0.953170314299714,-1.06982857525815,36
91,9.05269425424233,4.61057492435922,-2.79401973735301,8.57840913930872,0.122664608694499,-0.000983496206422338,1.76999023245016,0.706157272570158,-0.549782123938431,-0.868616669474819,37
91,9.45698124441798,0.255472858123673,-0.882566503696736,8.57840913930872,0,0,-0.360476465761875,-0.412215000579159,0.328729347016314,0.35849663950462,38
91,9.61952962191128,-0.520220932650456,0.846417847612447,8.57840913930872,0,0,-0.628799327137381,-0.391460164813568,1.40440446613407,1.34537617191003,39
91,9.82792497767193,0.00352044660571876,0.876476880154031,8.57840913930872,0,0,-0.863246410665858,-0.257259168324054,1.4258616730269,1.2106102669951,40
91,10.1863649895802,1.95935447246559,-0.370918355598563,10.0283839072405,0.12785501189202,-0.00361850358270643,0.827988502986124,0.169681160607618,0.750459481258585,0.889181027112895,41
91,10.4781184876451,3.98935567551429,-1.06953478883181,10.0283839072405,0.123067471635862,-0.00118801727763815,0.910671706597495,0.509177831989593,-0.273538597466047,0.229543674246187,42
91,10.6698422149449,1.49013110106499,-0.196213495710317,10.0283839072405,0,0,0.668045047750113,-0.0456331030911566,0.814087763115047,0.756378823187592,43
91,10.8323905924382,1.88619479148407,-2.44683128072063,10.752912598714,0.129143211346323,-0.00427248265425685,0.239134603402593,-0.0123396382877576,-0.33930776228876,-0.317456912551693,44
91,11.199166418577,3.44958760486038,-2.63587480166849,10.752912598714,0.123124589309897,-0.00121701415645385,0.875855454781279,0.45119515950377,-0.447651235972377,-0.679469522732265,45
91,11.3408752604942,1.28943243355063,-0.667930553894414,10.752912598714,0,0,-0.136134577703457,-0.100576475897804,0.124915944692477,0.494148107955619,46
91,11.6743078297112,-0.379962103638761,-0.243460292738922,10.752912598714,0,0,-0.631884744811641,-0.591281734614683,0.875140581479337,0.888540185604433,47
91,11.9577255135457,1.41744203715831,-1.38861071764869,10.752912598714,0,0,0.0721784235643329,-0.000487758704219403,-0.0981325225400284,0.199358771000195,48
91,12.0369157487347,-0.425286830212318,-0.660026626554267,10.752912598714,0,0,-0.921453365241668,-0.542656969574343,0.670538562168307,0.327081974351323,49
91,12.4286990175648,2.39370004320081,-1.89560087800277,12.1569343771123,0.125987876215592,-0.00267061647400199,0.547670908802423,-0.0240701989790455,-0.30423581479216,0.0176954661447313,50
91,12.5370646025603,3.32883988216759,-1.23521212025615,12.1569343771123,0.124209646977623,-0.00176786441783475,0.890166147152195,0.471044601415459,0.454566569833149,0.125977818104172,51
91,12.8038106579339,3.21268385555049,-2.43565645850646,12.6620158975496,0.128120621965165,-0.0037533456123751,0.692026919790294,0.307493064862327,-0.368946053290851,-0.691235061808216,52
91,13.2247692765704,-0.0537839924677077,0.255177286866262,12.6620158975496,0,0,-0.443957608342655,-0.381915628403832,0.878310885065161,1.03284763097796,53
91,13.3289669544507,-1.368875079678,-0.159184150005715,12.6620158975496,0,0,-1.03267487491669,-0.583265460106488,1.03542408455967,1.15181683838804,54
91,13.5081869604049,0.405011023926683,-1.65080554549012,12.6620158975496,0,0,-0.0982624464005047,-0.222278284879443,-0.084207059885086,-0.511509453281764,55
91,13.8791306936588,1.81044140020225,-1.40829222751412,13.7566184710478,0.128437039511,-0.00391398102650574,0.642784340099961,0.216098614776541,-0.0177908567332884,-0.249331056736948,56
92,0,0.0273645423483705,-1.20155905246482,-Inf,0,0,0.600505287915214,-0.0810907037388701,-0.988561352015218,-0.126742984923874,0
92,0.108365584995534,1.35889835327383,-0.955431474873966,0.0603197859367356,0.129658999154493,-0.00453433219223685,1.11330832815207,0.454032227849311,-0.588398302705398,0.0328002408503644,1
92,0.46680559690384,2.87193778724311,-0.538648168971027,0.0603197859367356,0.123777163982581,-0.00154830616029414,1.10918345682764,0.482867877631438,-0.434893483231267,0.289958449727038,2
92,0.600178624590652,3.26971187040719,-1.16776505301811,0.0603197859367356,0,0,2.30275160659295,0.954535484701576,-0.629583073810307,0.0653214318524573,3
92,0.858588865733849,0.304152233593466,-0.796630303769904,0.0603197859367356,0,0,0.563098121100466,0.131871206767532,-0.236363277530304,0.486812434149741,4
92,1.10449538553141,0.727526539564681,0.0435655416494563,0.89559600543983,0.127019466125212,-0.00319432280618097,0.601204757769687,0.138577772799934,0.0993991455539943,0.630798918837008,5
92,1.3920809764811,3.89028957838202,-1.95747040373167,0.89559600543983,0.122300319301236,-0.000798557734040875,1.95453440094399,0.933323393935913,-0.73785065326189,-0.197445799699731,6
92,1.72134563858291,-0.276948884784161,0.0623436468667402,0.89559600543983,0,0,0.0304152150568193,-0.137027451315392,0.0855727404187221,0.782395556956843,7
92,1.99225960107175,0.0346233742839794,0.787988560338151,1.97445521796695,0.130155246833599,-0.00478626181025227,0.416614658619166,-0.12414233812373,0.242618597095387,0.890671990898978,8
92,2.09228937183686,1.35168902437505,0.0820434285970183,1.97445521796695,0.128513804460042,-0.00395295221994252,0.812109677630075,0.140458122085009,0.714587408997593,0.646538380105258,9
92,2.43822566239952,3.0936544429761,-2.18878487084995,1.97445521796695,0.122837149584825,-0.00107108988678854,2.02392723829585,0.725649168526743,-1.49926502200065,-0.69814508887262,10
92,2.68413218219708,1.68437362587516,-0.454345915096021,1.97445521796695,0,0,1.30167419686141,0.187238741477213,0.0345743881846582,0.551629865480625,11
92,2.90086335218815,-0.000897284077775028,0.359689616242089,1.97445521796695,0,0,0.321350249579812,-0.247330497906379,0.229058481779973,0.704513346506956,12
92,3.13843405775528,-1.27369485160012,2.38131770312331,1.97445521796695,0,0,-0.207035545000924,-0.313657602441348,1.73279855369425,2.11831411621797,13
92,3.41768383447455,-0.218842437702163,0.773414589939179,1.97445521796695,0,0,0.207503643325259,-0.0976220378566126,0.242024260408933,0.816952849419042,14
92,3.55105686216136,-0.429309877972306,-0.447676539989956,1.97445521796695,0,0,0.0560236179688169,-0.257093845850704,0.184582435243829,0.157180299381879,15
92,3.76778803215243,0.590465017292918,-1.13437935304816,3.67454772961254,0.12891737821007,-0.00415783414678481,0.581333572331974,-0.031161554004733,-0.0974895680172763,0.126735499999447,16
92,4.19291455790414,3.37283018977329,-2.30651655950757,3.67454772961254,0,0,1.80423436218302,0.793086917214347,-1.21843181639632,-0.895837329454665,17
92,4.3096159571301,1.26017079163448,0.256034769054811,3.67454772961254,0,0,1.3216351924618,0.270396174659271,0.135619597281797,0.824067876927385,18
92,4.53051503423638,1.77142846920026,-0.436643289365309,4.46539304320915,0.129378786725122,-0.00439207699736406,1.26364567539558,0.341390908839809,-0.0744472125958635,0.444947901505944,19
92,4.88478713902947,2.20512273810066,0.207062091596214,4.46539304320915,0.123565344985441,-0.00144077219835106,1.57580096476653,0.507947334153876,-0.37814473060979,0.507974150624417,20
92,5.02649598094671,1.4260690983338,-0.128731834431228,4.46539304320915,0,0,0.999120306238035,0.201656154013351,0.442184485584302,0.681693749374601,21
92,5.37660017862459,-0.170809307234856,-1.76691946615495,4.46539304320915,0,0,0.286848064877304,-0.00458134714896358,-1.1219002060776,-0.248077131380615,22
92,5.73920809764811,0.578300625536157,0.203480745753262,4.46539304320915,0,0,1.14723051996208,0.244374176565296,-0.165847786576299,0.625057993452509,23
92,5.96844298898482,2.92690075778889,-1.31217687483337,5.74464902990999,0.126775052958095,-0.00307024179094521,1.60972938954953,0.852147002532555,-0.626734992930928,-0.370160943374739,24
92,6.12682345936291,4.12250016470329,-1.09912242671332,5.74464902990999,0.124176102533297,-0.00175083493962158,1.99263322308541,1.04847858346522,-0.110561172610478,-0.133938430043308,25
92,6.46442393569515,1.59922856426903,-1.61016854661993,5.74464902990999,0,0,1.08775407883368,0.380153882146202,-1.1707886611809,-0.183626637480866,26
92,6.64781184876451,-0.722645965965863,-0.0101896968518527,5.74464902990999,0,0,0.383242871324726,-0.265080868550806,0.19848376147882,0.726642212702746,27
92,6.77701696933611,0.361868760862257,-1.2722579503552,6.70276473768843,0.129228963690234,-0.00431601647045668,0.80289446511272,0.110762046536183,-0.865683557727603,-0.151820868918921,28
92,7.14796070259006,2.21291415687621,-1.20223156449143,6.70276473768843,0.123141948221626,-0.00122582673972503,1.24483839735837,0.357418566573406,-0.607756054110517,-0.0320420119137925,29
92,7.43971420065496,0.97060793911595,-0.998525727783926,6.70276473768843,0,0,0.649322559406938,0.247643456278631,-0.134534223499558,-0.115550093828801,30
92,7.63560583506996,2.90636224838106,-0.961914929814472,7.45495637234909,0.127483034231665,-0.00342966201460268,1.5595407047754,0.74403774792854,-0.863397551456109,0.00913569756772396,31
92,7.95236677582614,4.1338311702988,-2.5154783397629,7.45495637234909,0.122285133382068,-0.000790848311955861,1.89918088889341,0.94009510068855,-1.13436946781148,-0.87245790611164,32
92,8.20244120273891,1.6229559129761,-0.6714190529334,7.45495637234909,0,0,1.05436668449135,0.43054285139789,-0.04738220123651,-0.0660596227489606,33
92,8.31497469484966,1.66338313830198,-0.161170790136149,8.23600652768241,0.129151577364781,-0.00427672982343334,1.0174852605776,0.344095344869288,0.32284783553524,0.71306483857386,34
92,8.6859184281036,4.13161698044343,-4.07695822834582,8.23600652768241,0.123064561896225,-0.00118654009270346,1.8807169995712,0.739380741636239,-2.10204465605567,-1.60002559451185,35
92,8.89431378386424,0.302037457298246,0.395561597531856,8.23600652768241,0,0,0.414602960436922,0.0794101867926953,0.393057963119985,0.848336357641033,36
92,9.12771658231617,0.736346380959343,0.985049885020596,8.23600652768241,0,0,1.02619339756989,-0.0440014496746583,0.0489513363955502,1.06186668862725,37
92,9.32777612384638,0.586741553861114,-0.0993139483873062,8.23600652768241,0,0,0.694891477676282,0.196816467863855,-0.204139414224809,0.667770154268583,38
92,9.66120869306341,-1.14052802777811,0.295558138848957,8.23600652768241,0,0,0.0974962683481806,-0.368751280237589,0.430294639199571,1.16148002106431,39
92,9.84876451324799,3.09171135649075,-2.58953773055335,9.71409911295184,0.128237611473942,-0.00381273757227651,1.75276247701803,0.634755930610693,-1.37858980352472,-0.839569198264336,40
92,10.1363501041977,4.07468319625527,-3.2686603348766,9.71409911295184,0.123518464649967,-0.00141697250013686,1.81108918492408,0.991868839706597,-1.6259902929299,-1.19277737106921,41
92,10.3447454599583,2.24788757522093,-0.463091303964155,9.71409911295184,0,0,1.35148834033307,0.237850754988823,0.200046577891431,0.440384632038222,42
92,10.5031259303364,0.736437521605115,-0.592956442620742,9.71409911295184,0,0,0.479291286736529,0.195564617503429,-0.588431881179517,0.283711371650705,43
92,10.8573980351295,4.32364521720377,-2.78054557300203,10.5454347931601,0.125328235716739,-0.00233573736846282,2.03317323310457,1.01490027699896,-1.57329230510646,-1.19609984486816,44
92,11.0157785055076,4.91721919203836,-1.83963442161335,10.5454347931601,0.122729285291991,-0.00101633051714047,2.66726740394226,1.03101961700109,-1.29299560568795,-0.43910156096507,45
92,11.3783864245311,-0.249933607194436,-0.143002986379534,10.5454347931601,0,0,0.352720683839274,-0.239284542969253,-0.130810796145961,0.790285793039581,46
92,11.6743078297112,-0.32404525135886,-1.61517809103376,10.5454347931601,0,0,0.295135364158147,-0.108085350539006,-1.35051413633981,-0.62005964347979,47
92,11.7660017862459,0.103205079360237,-0.436871237532134,10.5454347931601,0,0,0.536394433143774,0.131230232679713,-0.477559868478695,0.785996388234408,48
92,12.2119678475737,3.68426673869286,-2.55254451131751,11.9326830440935,0.125864473810986,-0.00260796888495343,1.9491888100391,0.956594675280117,-1.08493383478834,-0.90789921527296,49
92,12.257814825841,3.36798260067258,-1.9986371630239,11.9326830440935,0.125112146056439,-0.00222603532272804,1.59797359468946,0.782026372147255,-1.05603579537061,-0.178306805362629,50
92,12.6412622804406,1.53932304644938,-1.88468473666045,11.9326830440935,0,0,1.41447140009655,0.258365464088006,-0.67387812788773,-0.316426276448407,51
92,12.9788627567729,2.34876362165806,-1.95098852162425,12.7886047875527,0.127325363074455,-0.00334961723840145,1.56164943428406,0.322908914734145,-0.264674479119084,-0.722723176693738,52
92,13.1414111342662,3.83129366802988,-0.968571735233503,12.7886047875527,0.124658019217424,-0.00199548915414807,2.21401006804275,0.995273709532999,-0.620887362934756,-0.0207832011348095,53
92,13.470675796368,2.31179390481403,-0.943582928921865,12.7886047875527,0,0,1.33658528701426,0.306059267650747,-0.448965066588247,-0.0686930997547553,54
92,13.5415302173266,0.942655677330111,-1.25579798964201,12.7886047875527,0,0,1.12405213436266,0.284541577517398,-0.503684723866841,-0.152368817655463,55
92,13.9833283715391,0.942741818495726,-0.297765459721774,13.8654272163636,0.128512704999564,-0.00395239405780741,1.16557820832523,0.187177268816451,-0.205148493537509,0.336848102110346,56
93,0,-1.24521981211679,1.39932415406043,-Inf,0,0,-0.437932144515459,-0.0662548567955874,0.929702810898634,1.56746081720742,0
93,0.150044656147663,-0.46204707776479,-0.0154309806392632,0.136347745300736,0.130222648557707,-0.00482047958360299,-0.273184512127707,0.366438505791915,0.679619388363812,0.0767472035506208,1
93,0.433462339982138,3.43141755475633,-0.659073550185818,0.136347745300736,0.125571895165964,-0.00245943574439282,1.60981233069486,1.38424328306641,0.2079536726347,0.153471028324807,2
93,0.683536766894909,1.67825202106602,-1.41889205024445,0.136347745300736,0,0,0.984716207128195,0.998990120372931,0.517475182183643,-0.258242274143645,3
93,0.916939565346829,-0.0723778151876993,-0.796076777674226,0.136347745300736,0,0,0.133057339155801,0.397233766638162,0.0436280161852942,-0.121530253562554,4
93,1.11699910687705,1.29289709256915,-0.43848585269209,0.136347745300736,0,0,0.977776324366133,0.976966760193952,0.558569138386133,0.499820490178603,5
93,1.32539446263769,0.0855066865842196,-0.315239202696145,0.136347745300736,0,0,0.492599513079636,0.433371775064431,0.836526506050188,0.242664386836796,6
93,1.60047633224174,3.0326830123245,-0.983842814070958,1.45596852083511,0.128076102050006,-0.00373074422662241,1.10837103573922,1.399805877936,0.489335512358884,-0.145678066514242,7
93,1.93807680857398,4.2394410217681,-1.68140941287955,1.85589201952904,0.25163502812354,-0.00516825774167663,1.84013674650864,1.64701041400132,0.240332343359545,-0.709092980312537,8
93,2.21315867817803,3.71847693475265,-3.66782104235174,1.85589201952904,0.124584827557014,-0.00195833200899756,1.79790001218312,1.59585325074174,-1.29345927811709,-1.61924016491512,9
93,2.47573682643644,1.37289987953408,-1.64430568670378,1.85589201952904,0,0,0.748323753576786,0.956830868523035,-0.0174608914879493,-0.167255954722831,10
93,2.53408752604942,1.15130971529592,-0.927315292017163,1.85589201952904,0,0,0.968162567076875,0.818699000196482,0.268088482917767,-0.0293687055539995,11
93,2.95921405180113,0.527465319610452,-0.841682305954462,1.85589201952904,0,0,0.366791279092917,0.613588983128692,0.53136764283501,0.111793011846677,12
93,3.22179220005954,3.45404627846895,-2.94616961512429,2.99488285746819,0.126723930952369,-0.00304428872775246,1.73397593251538,1.33136867837731,-1.0273236887368,-1.38607205191818,13
93,3.33432569217029,3.53111004495172,-3.14482131303418,2.99488285746819,0.124877308282117,-0.00210681543865399,1.53943377635361,1.42259845920249,-0.800945797059421,-1.12815059601595,14
93,3.6927657040786,0.252052213298803,0.234450475822538,2.99488285746819,0,0,0.27498864501073,0.54170568071122,0.842650756890787,0.651887318363591,15
93,3.95951175945222,-0.247336920379276,-0.015884620169626,2.99488285746819,0,0,0.116038490369092,0.309508721167713,-0.0745725878975944,0.37161694519888,16
93,4.21792200059542,1.90217246095305,-1.44152711747985,4.03526751819747,0.1274501327841,-0.00341295896597116,1.02687154606177,0.872968528162475,-0.421491018205941,-0.0637034486634537,17
93,4.37213456385829,2.75670063719922,-1.46847088450887,4.03526751819747,0.124919575791533,-0.00212827334757748,1.67775176361239,1.09361728025684,-0.295412551504352,-0.442371874872899,18
93,4.72640666865138,-1.9556696023726,-0.463326929699913,4.03526751819747,0,0,-0.50016053591387,-0.0660779174827788,0.682494667982555,0.292852954245454,19
93,4.93480202441203,0.0583448433302887,-0.0345055419097602,4.03526751819747,0,0,0.358969168638891,0.567987199524388,0.515370668252093,0.761064464697685,20
93,5.01816016671629,0.474383116687323,0.448135695015958,4.03526751819747,0,0,0.361729575646403,0.669402352335378,1.00965425436786,1.08401379687224,21
93,5.41411134266151,4.15738664275383,-0.38866013725315,5.32158726285247,0.128929131094539,-0.00416380072319371,2.0129529991284,1.55381518581851,0.464191751966727,0.2944063044768,22
93,5.57665972015481,3.97436417189335,-1.35773985938305,5.32158726285247,0.126261787237509,-0.00280967263894058,1.76098463851032,1.32786257585117,0.074376217823425,-0.132080450492492,23
93,5.80589461149152,4.73460316360592,-2.15966786911081,5.32158726285247,0.122500148464774,-0.000900004827814563,1.95740488536621,1.66169880213544,-0.777505100457335,-0.663856561459392,24
93,6.15183090205418,1.34590582337876,-1.82925881481942,5.32158726285247,0,0,0.4957900596851,0.890009577495015,-0.0542757090293143,-0.799766111859775,25
93,6.33105090800834,-1.69509565607182,1.07373221243869,5.32158726285247,0,0,-0.408788193498003,0.17626501998514,1.10125774911326,1.07820176834037,26
93,6.54361417088419,1.5439516760408,0.624185493947023,6.53341545591919,0.130280052337684,-0.00484962170954135,0.625472906198347,0.997778344737206,1.30465548614907,0.686067740980563,27
93,6.98958023221197,4.31880192843894,-0.987051014851716,6.53341545591919,0.122961955088909,-0.00113444978607782,2.08448207733274,1.69430887345692,0.125799528135704,0.0863993577334226,28
93,7.01458767490324,3.55473649003269,-0.919102380883839,6.53341545591919,0.122551594495495,-0.000926122388499942,1.45660798642109,1.31778334991095,0.170403435505208,0.120861241529465,29
93,7.2604941947008,0.716031810559011,-0.357868316980007,6.53341545591919,0,0,0.220116437589836,0.682450624698193,0.772139299576375,0.11502794122654,30
93,7.50223280738315,2.56090031426844,0.423958144152736,7.37185772309223,0.128308013579592,-0.00384847854664203,1.38566033509743,1.19711365845259,0.952282778300523,1.11738093183691,31
93,7.85233700506103,3.78943626666886,-0.605559706887313,7.37185772309223,0.122562965272143,-0.00093189498055854,1.41503368553813,1.64118967940394,0.183983933611497,0.232551544370519,32
93,8.03155701101518,1.5517026631481,-0.43755591762995,7.37185772309223,0,0,0.783145619263087,0.887965604592646,0.809663026669441,0.29763268050915,33
93,8.29830306638881,0.199603878101556,-1.76080593929395,7.37185772309223,0,0,0.618273816280253,0.706338386340909,0.109872616823826,-0.547461073258123,34
93,8.67758261387318,1.87379934722153,-0.83284350001942,7.37185772309223,0,0,1.01791246769231,1.10403543535301,0.415424006179911,0.0915172293324578,35
93,8.89014587674903,1.1491553287636,-0.87713913310631,7.37185772309223,0,0,0.537853003752253,0.790647439166646,0.274858988385946,-0.0843910300150705,36
93,9.10270913962489,2.97647383375545,0.0499529884083287,8.90173448923474,0.127149507282255,-0.003260340684761,1.13227478679648,1.32616373871421,0.849075791228403,0.714993390688553,37
93,9.41947008038107,3.01575015608614,-0.9657536684514,8.90173448923474,0,0,1.67071567922962,1.20911066257446,0.124508898352655,-0.0900284729626839,38
93,9.6903840428699,4.58366304381185,-2.33411275253341,9.51180832600937,0.127517063444205,-0.0034469375946642,1.73105285205733,1.70797829812148,-0.180130593658404,-0.985157707996728,39
93,9.90711521286097,4.75729174637239,-1.78672905560656,9.51180832600937,0.123960604968114,-0.00164143348232539,2.21768041668814,1.68615299693933,0.0528476505393638,-0.51675736308969,40
93,10.182197082465,1.52445102992669,-1.1747742075132,9.51180832600937,0,0,0.71060064544196,0.962133325382585,0.0682705961300791,-0.326448533767385,41
93,10.319738017267,0.21860314733167,-1.1653657145943,9.51180832600937,0,0,0.89965517882674,0.610870628117721,0.19514182178004,-0.495058800018384,42
93,10.6740101220601,3.24735789868821,-2.02337766430004,10.5092762651441,0.127744201977692,-0.00356224881202528,1.49740796862215,1.34432345965476,0.280100153342956,-0.529437618696906,43
93,10.8990771062816,4.53761992112421,-0.944294151243069,10.5092762651441,0.124050956637241,-0.00168730223383075,2.59687537546136,1.77252467102602,0.302459374708816,0.347608375069184,44
93,11.0449538553141,4.02462948514144,-3.04959201823775,10.5092762651441,0,0,1.49704544030773,1.61697186591421,-1.02355406679741,-1.37865568396484,45
93,11.3492110747246,-0.208493612174549,-0.0311842680238946,10.5092762651441,0,0,0.0312427470429353,0.566829156091606,0.355692549843362,-0.00597084172205975,46
93,11.6784757368264,1.9391401570173,-1.06781652567827,11.6475513830584,0.129939954169981,-0.00467696437515114,0.748961830375048,0.853626443162256,0.445896917914201,-0.29642277554141,47
93,11.8576957427806,3.00102887400227,-1.61981074686074,11.6475513830584,0.126999036584077,-0.00318395135918177,1.579177906312,1.12327807493698,0.17620503775491,-0.453757967452673,48
93,12.1244417981542,2.66480037900412,-0.809331063334143,11.6475513830584,0.122621856921257,-0.000961792451688703,0.623079166093108,1.39925686818521,0.609436034147059,-0.0568220433473261,49
93,12.453706460256,-0.398408270464732,1.56943254581704,11.6475513830584,0,0,0.170215853371707,0.196957981665584,1.37262481356091,1.42466977287815,50
93,12.5454004167907,0.650329275792343,0.521018776913046,11.6475513830584,0,0,0.092851772784216,0.683190239298961,1.36780468641651,0.687538154405557,51
93,12.8996725215838,4.80284021683218,-0.922880282313497,12.6762372838584,0.126780939409912,-0.00307323016069228,1.94297712463327,1.82526402662122,-0.00481194168411997,-0.342736952670627,52
93,13.2497767192617,2.16883710122584,-2.10979540867915,12.6762372838584,0,0,0.56411186858144,0.936251420208052,-0.459352924651681,-0.736599810765341,53
93,13.2581125334921,2.14496497387268,-1.55814613345288,12.6762372838584,0,0,1.18699257465418,0.987390068561625,0.216041171504421,-0.568760772356168,54
93,13.7332539446264,0.104897671035013,0.0890843653457954,12.6762372838584,0,0,0.324387208675326,0.481758907509666,0.630033916075401,0.555002637476439,55
93,13.8291158082763,1.03241000536794,-0.709137362318102,12.6762372838584,0,0,1.09713077881348,0.756626710373122,0.513306783909456,-0.149571293049224,56
94,0,-0.924666052094812,0.552732195807973,-Inf,0,0,-0.680876280396054,-0.406471511301027,0.632287326396725,0.668062566178274,0
94,0.0750223280738315,-1.1904987610893,1.21062420957411,-Inf,0,0,-1.10939422944741,-0.54943260282083,0.59033275610374,0.555153052889407,1
94,0.295921405180113,-0.630421289968852,1.45126957651567,-Inf,0,0,-0.415796019799139,-0.628421003697696,0.0851165450867744,1.22208627862544,2
94,0.566835367668949,2.97035765979102,-1.18260152680411,0.312959564162884,0.126281423774035,-0.00281964150198105,1.18527947261205,0.271230022220084,-0.22370305239966,-0.827413816209558,3
94,0.979458172075022,2.33983292678096,-2.31774269944403,0.312959564162884,0,0,0.978528023981771,0.182106064370087,-1.0073356655224,-1.54080553724801,4
94,1.16284608514439,-0.615616844032637,-0.423964496027041,0.312959564162884,0,0,-0.677435914146126,-0.468434723917348,-0.550583510267513,-0.0994280652923286,5
94,1.46293539743971,1.79258452544876,0.576284759713968,1.32848591753103,0.128241154627878,-0.00381453632207203,0.760832818872666,0.0507049198928407,0.950280108453912,0.48336742890432,6
94,1.7171777314677,4.19651161693066,-0.992046121221793,1.32848591753103,0.124069155261754,-0.00169654111336834,1.49346643318895,0.655366941351537,-0.50425565184256,-0.527297852067306,7
94,1.88389401607621,4.65801288444764,-1.48802907415538,1.82443513800032,0.129471715795065,-0.00443925421567859,1.27043695565392,0.844347280627702,-0.823917033918966,-1.21355583070072,8
94,2.20899077106282,4.88069701913629,-2.71164776959291,1.82443513800032,0.124137028080999,-0.00173099804717217,1.45105422091857,0.785043667448875,-1.03514903558008,-1.17579175196106,9
94,2.27984519202144,4.23753874515731,-3.37212739707283,1.82443513800032,0.122974339733075,-0.00114073708736992,1.50768116055646,0.640196404603131,-1.68636411718949,-1.88687043010619,10
94,2.52991961893421,1.78598996028516,-1.50386445084917,1.82443513800032,0,0,0.684896722899634,0.29490592470443,-1.07321311611011,-0.91625040016868,11
94,2.94671033045549,3.52745126606992,-2.00628516130027,2.7999607811861,0.128039316166256,-0.00371206916972928,1.23535883768544,0.657515957749413,-0.50057706080122,-0.952612453925421,12
94,3.10509080083358,4.68199657752694,-3.63485714466819,2.7999607811861,0.125440365741456,-0.00239266231840587,1.64897848957939,0.753260568409824,-1.11045568172901,-2.01793414316598,13
94,3.45102709139625,4.37968950527836,-2.30274229784799,2.7999607811861,0,0,1.56211744337931,0.522462983535642,-1.03756072722618,-1.53330487812718,14
94,3.69693361119381,0.629752118743568,-1.31628962462648,2.7999607811861,0,0,0.00216363616904242,-0.225119209077238,-0.806882944679355,-0.693350511205287,15
94,3.89282524560881,0.190276950073766,0.54897306494385,2.7999607811861,0,0,-0.40567255080959,-0.202500484110322,0.132524568474656,0.598534426175391,16
94,4.22625781482584,1.14205122054583,0.403409753931738,2.7999607811861,0,0,0.339867485536905,-0.0346777608481529,0.380149496609198,0.0474801898225335,17
94,4.43465317058648,-0.304802659266352,-0.0698605067914911,2.7999607811861,0,0,-0.267824813729907,-0.478814281288465,0.303583854279525,-0.0640568853569729,18
94,4.73474248288181,3.8721950545727,-2.71849123961438,4.50720664348203,0.126713650428851,-0.00303906962353118,1.28867702987625,0.466768192491834,-0.823492402153946,-1.43890118770196,19
94,4.98481690979458,4.84325121536438,-2.23330081767871,4.50720664348203,0.122610044494984,-0.00095579564775812,1.66251445609529,0.847302647603608,-1.32970409135803,-1.4273746053634,20
94,5.0890145876749,2.43595753956669,-0.910140932765985,4.50720664348203,0,0,0.46695459224676,0.193114788884568,0.0153245357556481,-0.36138540381178,21
94,5.34325692170289,0.513678288483964,0.0303216635998661,4.50720664348203,0,0,-0.129915944621611,-0.15881153063656,0.137087414921016,0.349636402377636,22
94,5.5724918130396,3.24822120800662,-0.87499611260972,5.34389811276028,0.126696291420057,-0.00303025699095874,0.781908807217126,0.419866045506789,-0.828623047792106,-0.975638364792943,23
94,5.80589461149152,2.83291432947344,-2.44901291600565,5.34389811276028,0.12286625921509,-0.00108586794690321,0.816723561273299,0.273449520259979,-1.0814400334953,-1.33895615121107,24
94,6.0267936885978,-0.861802580552862,-0.480732530682517,5.34389811276028,0,0,-0.646153135905796,-0.438462658450208,-0.0853268982234257,-0.762526247996419,25
94,6.36022625781483,4.79187966275546,-2.20113984329828,6.03560361381477,0.125120500771877,-0.00223027675369844,1.65836375037122,0.80330470375708,-1.14623270595529,-1.39423355972782,26
94,6.51860672819291,5.79072904475842,-2.69446751518301,6.03560361381477,0.122521550347079,-0.000910869902374573,2.15775427295728,0.876989721869366,-1.43964590687236,-1.55566336918351,27
94,6.80202441202739,0.950945482066156,-1.57609958463435,6.03560361381477,0,0,0.219588777595808,-0.0573552884608027,-0.970289220121303,-0.916255034431233,28
94,7.11878535278357,1.11824181034471,0.496107322640606,6.03560361381477,0,0,0.532605283473053,-0.120151836797428,0.171443226513024,0.318183172682707,29
94,7.34385233700506,0.456769265258808,-0.438349404573435,6.03560361381477,0,0,0.201018590311353,-0.198030120907408,-0.151559436335941,-0.107711702009646,30
94,7.54807978565049,0.963455131133385,-1.09812621908682,6.03560361381477,0,0,0.232390700595908,-0.176787186740609,-0.546359823901386,-0.341784837199565,31
94,7.91485561178922,4.09181375574549,-1.71774551685958,7.75008649114663,0.127743623316239,-0.00356195504346775,1.71808421139159,0.788190237508985,-0.618166810908015,-1.01077514629748,32
94,8.08157189639774,4.18462043989594,-2.5272790774594,7.75008649114663,0.125007886027003,-0.00217310572628596,1.48452027682197,0.621871806844118,-1.30862847593906,-1.38549173647033,33
94,8.28579934504317,2.68630059213874,-2.74337352081722,7.75008649114663,0,0,0.580158256523067,0.321198701643681,-1.00413387187763,-1.39127712013461,34
94,8.71509377791009,4.10524479522436,-3.01195275387043,8.55519952537456,0.127823617652104,-0.00360256569681831,1.56904505648047,0.66159023382921,-1.72122736822007,-1.68603979323465,35
94,8.76510866329265,4.09844027184318,-2.2923952634641,8.55519952537456,0.127002896465325,-0.0031859109016632,0.91642103886892,0.573379136781471,-0.978956746155543,-1.05018601300937,36
94,9.15689193212266,2.55564706067003,-1.66456600559466,8.55519952537456,0,0,0.696977587082242,0.266911312781834,-1.10519273151083,-1.0455475622823,37
94,9.46948496576362,-0.891721563254747,0.90270056868316,8.55519952537456,0,0,-0.964848985082303,-0.628470221477288,0.942430875776061,0.702492845486285,38
94,9.66537660017863,3.223767325074,0.116091828552939,9.54792019888544,0.128520003205516,-0.00395609913153337,1.08083819984274,0.464509371814168,-0.310898842190725,0.0502737967954227,39
94,9.91961893420661,5.44178433738321,-3.65235652349979,9.54792019888544,0.124348003839341,-0.00183810392282838,2.14335186714394,1.198255258721,-1.84198878046362,-2.17852541280143,40
94,10.2155403393867,0.176503906796456,-1.05463436512592,9.54792019888544,0,0,-0.444279053008533,-0.423898607947925,-0.0577207326323598,-0.563887323084832,41
94,10.4447752307234,3.54729257827954,-0.215026383617717,10.3405647854374,0.128737363230406,-0.00406644610213003,1.10318710971941,0.409221382629794,0.361932425964533,-0.00210464763210633,42
94,10.5114617445668,4.15646870868334,-0.377328056307181,10.3405647854374,0.127643068314701,-0.00351090637525715,1.58366435239063,0.537559386841689,-1.00660757424531,-0.394364918478367,43
94,10.886573384936,3.97083741249444,-1.76996335296127,10.3405647854374,0,0,1.4222976928221,0.794633812396635,-1.07491966996739,-1.05732386227936,44
94,11.2158380470378,1.7528877184813,-1.92822627012634,10.3405647854374,0,0,0.390841982451261,-0.00991766794938427,-0.418066174422458,-1.16346651524927,45
94,11.2991961893421,0.302068426528875,0.153561380813287,10.3405647854374,0,0,-0.558014618346409,-0.342816809244391,0.283256493399342,0.492950657740182,46
94,11.7451622506698,-0.699398537684859,0.891164025869792,10.3405647854374,0,0,-0.747714961015555,-0.43362198582676,0.587338507666801,0.685405104986711,47
94,11.8993748139327,0.364878551691804,0.370053117379916,10.3405647854374,0,0,-0.327128862586285,-0.211108947047455,0.463494960211197,0.716883187574579,48
94,12.0452515629652,-2.26940362265557,0.257287300569488,10.3405647854374,0,0,-1.42564317330297,-1.08976924174574,0.27038646312074,0.420925629799155,49
94,12.2619827329562,0.234155160812664,1.10137533091704,12.2277976854973,0.129886447691354,-0.00464980078872203,0.00492910094274707,-0.398773891540666,0.75665903224271,0.750649958928387,50
94,12.5162250669842,2.37141703246096,0.241973980777516,12.2277976854973,0.125714448325232,-0.00253180558001836,0.700551735396556,0.350245053024314,0.642226961799998,0.322302577374879,51
94,12.8371539148556,5.02407904453068,-0.964912834348212,12.6123215395044,0.126758013026213,-0.00306159114388946,1.79662998336367,0.912023108678922,-0.327456939395393,-0.0251602966839192,52
94,13.237272997916,1.35022680830797,-0.713752586179476,12.6123215395044,0,0,0.417030265191574,0.138656048752718,-0.232410070588238,-0.541257381740926,53
94,13.3039595117595,0.409997683342451,-1.05924268868497,12.6123215395044,0,0,-0.227024852757808,-0.419477991462922,-0.702158371120688,-0.674738847736687,54
94,13.6790711521286,-0.438754666757531,-1.0338616328089,12.6123215395044,0,0,-0.283452177769692,-0.490361348128752,-0.810148030745305,-0.540503734719778,55
94,13.8582911580828,0.536402724644927,-0.03391390966713,12.6123215395044,0,0,-0.0474361328708732,-0.332702487707059,-0.0312461130993273,-0.125093243558796,56
95,0,0.223594117417143,-0.0262201261040306,-Inf,0,0,-0.0545086002080563,0.610106325594397,0.342418778719893,0.348163504298857,0
95,0.091693956534683,2.21406762734512,0.467258568984916,-Inf,0,0,0.399398925273055,0.987419814419542,0.737858168912259,0.5992344619943,1
95,0.287585590949687,-0.439006924654889,1.06701380667492,-Inf,0,0,-0.494415051052354,0.415280974536572,1.64312688933168,0.721360233555754,2
95,0.746055373623102,3.85775459058812,-1.43172942018279,0.333075757732149,0.123670603640734,-0.0014942087662957,1.32349333047158,1.482416082655,0.157856818907759,-0.958462770908823,3
95,0.812741887466508,5.04004709007878,-0.739569190974721,0.333075757732149,0.122576308725029,-0.000938669039422815,1.56910457280733,1.98650349327848,0.112586971227867,-0.238049088830441,4
95,1.06698422149449,1.85090411040763,-1.71522476501239,0.333075757732149,0,0,0.199348585775866,1.02155323663566,-0.687552013438929,-0.639963628325947,5
95,1.30455492706163,1.57801687670678,-1.53606601518575,1.28242928052608,0.130084336894998,-0.00475026302477455,0.194611916422775,0.936947108188743,-0.441984710927292,-0.511695467081067,6
95,1.54629353974397,4.81359077433428,-2.03765259314286,1.28242928052608,0.126117517825568,-0.00273643151486005,1.55258697904865,1.69639177196693,-0.670976229292535,-0.709813973328874,7
95,1.87555820184579,3.52107218389431,-3.31970190211368,1.28242928052608,0,0,1.34739678305831,1.50184891955971,-1.46004990757674,-1.59408678762953,8
95,2.2048228639476,3.73096042548181,-2.80623248712348,2.02410044381037,0.127481837034133,-0.00342905423439617,1.40803328922114,1.50907622562577,-0.843074771117581,-1.30908901817096,9
95,2.25483774933016,4.16941500782616,-2.89680792974025,2.02410044381037,0.126661115847342,-0.00301239943924095,1.7395925766267,1.51007503384522,-0.808821854027042,-1.28907568334222,10
95,2.61327776123846,1.33616004721092,-0.23855657303065,2.02410044381037,0,0,0.150789536472613,1.00280758237556,0.42893247556744,-0.382953765800677,11
95,2.96338195891634,-0.695820118922183,0.718442219724301,2.02410044381037,0,0,-0.875821363850572,0.419755555062987,0.61418606935703,0.657364298846961,12
95,3.16344150044656,-1.38125417054856,0.574064344666686,2.02410044381037,0,0,-0.99243508587352,0.0515299864740457,0.936930435055658,0.320389621429605,13
95,3.45102709139625,1.95989350579586,0.724971508449189,3.33826150127615,0.128596977251985,-0.00399517647727644,0.751765356334309,1.01884282808466,0.829271117924165,0.312743513230091,14
95,3.74694849657636,2.44026402274775,0.884474134184714,3.33826150127615,0.123741043563533,-0.0015299689392763,0.614962981494606,1.32932926563557,0.662235161855052,1.32605594628565,15
95,3.76778803215243,2.61072416245886,0.188474489009598,3.33826150127615,0.123399076402388,-0.00135636277462939,0.653625675095292,1.10923180572342,0.305054143150768,0.482495287915175,16
95,4.23459362905627,-0.782953180702463,-0.334609132507609,3.33826150127615,0,0,-0.630668805815499,0.464679672166318,0.318880180863626,-0.0520364774823948,17
95,4.35963084251265,-2.33537275453606,0.300000868578979,3.33826150127615,0,0,-1.09471695071438,-0.111260690619874,0.23106269129826,0.220744197177364,18
95,4.55969038404287,-0.601540025782975,0.56463585139153,3.33826150127615,0,0,-0.601491486775988,0.485281615844461,0.401605090037088,0.549136262716022,19
95,4.80976481095564,3.02696708165569,-1.11968565738637,4.60535251150588,0.127093097047721,-0.00323170295113921,0.919877482408473,1.45214679984106,-0.100672166560276,-0.537816345795211,20
95,5.15986900863352,3.48781660452117,-2.68192643145558,4.60535251150588,0,0,0.929431867705125,1.44250029330107,-1.00889359799962,-1.54691852462515,21
95,5.42244715689193,2.44578024622577,-0.935822684279419,5.37064023033286,0.129597280788014,-0.00450299968400071,0.903863895498282,1.35750879836966,-0.514346181485871,-0.0446139742000631,22
95,5.72253646918726,2.70531489044822,-0.285968010110953,5.37064023033286,0.124672953667343,-0.00200307091307167,0.899410837991251,1.32735784209592,0.747131877514782,0.387974628674001,23
95,5.94343554629354,1.56326125718842,-1.1684682151357,5.37064023033286,0,0,0.376185635410368,0.997696104739712,-0.419517793029632,-0.367370358650023,24
95,6.16016671628461,1.75430771326371,-1.6091935391153,5.37064023033286,0,0,0.912247822301743,1.14068669244551,-0.108550366590273,-0.586052182582815,25
95,6.36022625781483,1.18990353073705,-0.218793041394061,6.32669812116163,0.129897227294533,-0.00465527326027024,0.226032375808726,0.884778080845302,0.170371459539928,0.195878650499907,26
95,6.66448347722536,1.47817552362902,-1.30204563649354,6.32669812116163,0.12490450674163,-0.00212062325641169,0.718689289397079,1.03824579731347,-0.723954225952544,-0.451750469257625,27
95,6.86037511164037,1.46125504319107,0.73189794516333,6.32669812116163,0,0,0.133601997614216,0.83139592859376,0.64264869591464,0.921973212046072,28
95,7.01041976778803,-0.823616112894557,0.808626073571094,6.32669812116163,0,0,-0.587946049760099,0.390423691562395,0.567944455319934,0.900056550600257,29
95,7.44388210777017,0.0105623831253208,0.28540685961261,6.32669812116163,0,0,-0.150720560361572,0.715747676965325,0.703803422295677,0.374218923639565,30
95,7.61059839237868,0.17903404880744,0.484634562366665,6.32669812116163,0,0,-0.126189751047654,0.668779838489281,0.655216124627955,0.53795848849856,31
95,7.8731765406371,0.473594534832872,-0.168254326464893,6.32669812116163,0,0,-0.302187265493736,0.669629164242759,0.749952787822006,-0.136392525127326,32
95,8.08990771062816,2.74857336810918,-0.00718296267634388,7.9478084837194,0.128115625810012,-0.00375080921873147,0.516993086781961,1.25313342511562,0.0435120136221534,0.285393980952025,33
95,8.30663888061923,4.00158934992756,-2.27480376979849,7.9478084837194,0.124559167333972,-0.00194530510639399,1.5843292598716,1.50548580654511,-0.643270403813634,-1.18445965363916,34
95,8.51503423637988,3.47663122392832,-1.87761091545168,7.9478084837194,0,0,0.974681816016314,1.41185755758006,-0.47569611757056,-0.603434939055348,35
95,8.87347424828818,2.19469519045961,-0.300665337164771,8.58522295561583,0.125717337861412,-0.00253327250828214,0.548874837021331,1.00184452231152,0.368329499170384,0.0635092378618583,36
95,9.19857100327478,0.144466228493343,0.614839949421055,8.58522295561583,0,0,-0.426119555648446,0.580821804992822,0.339295755156022,0.586364665742012,37
95,9.45281333730277,0.679956655561222,0.334913079239001,8.58522295561583,0,0,-0.297703377536185,0.677792553313662,0.578956116680417,0.532326291840149,38
95,9.56534682941352,1.75616204925855,-0.796600084870519,9.52590926520777,0.129800256315626,-0.00460604408964201,0.388758149449604,1.05690993861698,0.0878300602520095,-0.193466401114145,39
95,9.94045846978267,4.07861315100729,-2.68817158920329,9.52590926520777,0.123644847414839,-0.00148113312598261,1.29782652574781,1.49949426636097,-0.870479254552989,-1.25078646013094,40
95,10.0363203334326,3.83155496065087,-1.52270897125322,9.52590926520777,0,0,1.25706506009881,1.329736841024,-0.220891489919774,-1.01966855579483,41
95,10.319738017267,-0.961612150976577,0.569903283415998,9.52590926520777,0,0,-0.480669639724881,0.275149428378869,0.164131465897663,0.407567940088507,42
95,10.5364691872581,-0.899152788764197,-0.499908882362007,9.52590926520777,0,0,-0.531612865012677,0.604619751867088,-0.134494021678624,-0.0867720671328563,43
95,10.944924084549,-0.278034511495039,-0.0286169435754512,10.9018277728518,0.12974021795784,-0.00457556446992723,-0.682439888989577,0.29591061935645,0.438156457969134,0.383961934900868,44
95,11.2241738612682,3.68853494224614,0.305086814548189,10.9018277728518,0.125157857998378,-0.00224924186364767,1.28672806312746,1.48550849700468,0.354282087940337,-0.0191962326473054,45
95,11.4367371241441,3.66230523589653,-2.42111476419296,10.9018277728518,0,0,1.37682247004143,1.48283216949794,-1.11665849830822,-0.93827972331886,46
95,11.5867817802918,0.73862511647304,-0.841292937498913,10.9018277728518,0,0,-0.0180082902909838,0.645686008866914,-0.471987252207673,-0.206430310009043,47
95,11.9035427210479,1.31028001724275,-0.561972589202978,10.9018277728518,0,0,-0.0109889723473602,0.999196012255521,0.41990402659207,-0.249220304199117,48
95,12.0702590056564,2.45834527981836,-1.64265454301627,11.9850174445229,0.129048633865078,-0.00422446858844606,0.670632312329911,1.2119658736092,-0.62536100893341,-0.525713004683753,49
95,12.4662101816017,2.03487453289604,-0.91434599937214,11.9850174445229,0.12255125780303,-0.000925951460136104,0.378314869656558,1.12707128814643,0.0295070515912548,-0.534475268430511,50
95,12.7204525156297,1.57837148565027,-1.26867999470442,12.6145879084728,0.128710219197568,-0.00405266591509024,0.387364214066674,0.972137145714415,0.189590230923225,-0.162591118052065,51
95,12.9205120571599,3.67659432596741,-2.16172873244723,12.6145879084728,0.125427334450454,-0.00238604673447046,0.986720152775758,1.48775391017012,-0.900481347067617,-0.978303018994269,52
95,13.0247097350402,2.55273032713021,-0.566744367149291,12.6145879084728,0.123717498644665,-0.00151801591123144,0.578246333731342,1.27036545397257,0.33069861705407,0.0451355403405778,53
95,13.4540041679071,-0.380193671338839,-0.567704795222938,12.6145879084728,0,0,-0.670972568989186,0.499425708929224,0.290766449806011,-0.1776624814734,54
95,13.7124144090503,-0.732615900078815,-1.20209563983963,13.7056776874349,0.130336862050782,-0.00487846224609012,0.0575981071921821,0.514310527009479,-0.0310625253003561,-0.355407973651349,55
95,13.8707948794284,1.9391618453453,-0.848606614374871,13.7056776874349,0.127737911626036,-0.00355905539476917,0.260035966940328,1.13214164200881,-0.138240272008975,-0.122162139363758,56
96,0,0.567819719038818,0.0797990294014304,-Inf,0,0,0.989963947740908,0.509919615764216,0.00459820058525243,-0.158644513827244,0
96,0.245906519797559,1.53687352900149,-0.330666461372361,0.0080991621944122,0.12654509955556,-0.00295350155154285,1.28480452860862,0.832488182721326,-0.346008226586861,-0.0461707983219027,1
96,0.295921405180113,1.84273653901227,-0.367398704576375,0.0080991621944122,0.12572437836878,-0.0025368467563876,1.24136678266366,0.722762590753956,-0.52146946574902,0.111092809668675,2
96,0.637689788627568,0.833568962914205,-1.01480529369809,0.0080991621944122,0,0,0.783270502168463,0.477540058192048,-0.106262821473192,-0.607383280160767,3
96,0.808573980351295,-0.127182395601624,-1.08320810827095,0.0080991621944122,0,0,0.332119266223507,0.256619976365033,-0.398196881638426,-0.668589184979296,4
96,1.23786841321822,-1.675206834586,0.995738121267491,0.0080991621944122,0,0,0.00545382040994377,-0.126713903502288,0.54508552864541,1.03113367195993,5
96,1.25037213456386,-1.84332806278049,1.28945235019797,0.0080991621944122,0,0,0.005612146518293,-0.189449262393218,0.595042461216758,0.629565305676987,6
96,1.60464423935695,3.57101963860051,-0.320739709301385,1.2950392568466,0.125366933666129,-0.00235538312200909,2.00526327243329,1.26741131237157,-0.278613510952524,0.084989597468309,7
96,1.85888657338494,4.2964202236637,-3.72158485738923,1.2950392568466,0,0,2.27231942391501,1.53214075821893,-2.37671519472098,-2.30975227637953,8
96,2.10062518606728,-0.253198637116528,-0.623279949022383,1.2950392568466,0,0,0.478919655419475,0.303010082765095,-0.518788257201601,-0.410847011010123,9
96,2.2673414706758,-0.209566706855092,0.0498262301592728,1.2950392568466,0,0,0.628903406527429,0.267409900622947,-0.599590972253609,0.0355571625093667,10
96,2.53825543316463,2.50875418143111,0.300017145902795,2.44723572644512,0.128953817162656,-0.00417633307744511,1.66856042958128,0.926303408804378,0.646700893382413,0.0236822567819009,11
96,2.87585590949687,3.95363731949015,-1.18631435800878,2.44723572644512,0.123413949151901,-0.00136391321014992,2.59610202389096,1.41001353041391,-1.00831110009415,-0.542159728490794,12
96,3.21762429294433,-0.429936181933111,0.787909247157263,2.44723572644512,0,0,0.733271604641438,0.328658903763196,-0.236383472063976,0.958157886055264,13
96,3.28847871390295,0.199170829715465,0.114937293308714,2.44723572644512,0,0,0.209922232358413,0.389506884388867,-0.0939599166817067,-0.0291498924213492,14
96,3.54272104793093,-0.277026112953961,-0.511779065150251,2.44723572644512,0,0,0.238707452099687,0.217508108162348,-0.855731778707461,-0.244506808604073,15
96,3.97201548079786,3.63177554469704,-1.61792652941268,3.65904573623019,0.125311719473625,-0.0023273525820003,1.4138610949001,1.21493669627817,-0.6267155861872,-1.03391888248563,16
96,4.1470675796368,4.03604063683591,-2.82473655457252,3.65904573623019,0.122439195319913,-0.000869060798958571,2.17738009531751,1.38418642311177,-1.43124092469372,-1.41088954782609,17
96,4.49717177731468,4.16758975298349,-1.10321924196457,4.18799702782864,0.125373993591501,-0.00235896722804543,1.90524505555106,1.34697985870052,-0.885576638349661,-0.488478798756676,18
96,4.64304852634713,3.32302349799382,0.128097818140347,4.18799702782864,0.122980223463397,-0.00114372407551075,1.43304293686102,1.06635967391746,0.232269064270375,0.306163473661791,19
96,4.87228341768383,-0.35604610141623,0.226877027383119,4.18799702782864,0,0,0.6554553250734,0.205056535134011,-0.453559591280886,0.180377186551853,20
96,5.00148853825543,-0.249140677161229,0.328919048463935,4.18799702782864,0,0,0.294356973036428,0.331983539778057,-0.80530883466728,0.342468066406399,21
96,5.32241738612682,3.75330890280351,-1.60133048777188,5.03029449499714,0.125653806717533,-0.00250101970894466,2.19644927348832,1.32001025461897,-1.03842764370444,-1.05785106955587,22
96,5.66835367668949,1.64456373036505,-1.58622540121231,5.03029449499714,0,0,0.859791314672663,0.929744422798571,-0.572113647317681,-1.05101415982765,23
96,5.82256623995237,-0.93181986370797,-0.777531353242416,5.03029449499714,0,0,0.275445611704406,0.0960942062740032,-0.453075646629523,-0.1454718596034,24
96,6.09764810955642,-0.803461812364149,1.30651875159067,5.03029449499714,0,0,0.267309403414187,0.345378299190736,0.593699562975193,0.855353445596988,25
96,6.38940160762132,-1.72971059123248,1.00472394683857,5.03029449499714,0,0,-0.458609175063406,-0.236473760386135,-0.0652616679913236,0.656577392572786,26
96,6.63947603453409,2.10770595048775,-2.56293809945217,5.03029449499714,0,0,1.28234844275265,0.974253070714226,-1.28437523446716,-1.34702923363624,27
96,6.76868115510569,0.746037669184673,-2.115788283684,5.03029449499714,0,0,0.946441193340497,0.576430234406132,-0.76392662151073,-1.16370973341496,28
96,7.02292348913367,3.37248572760226,-2.09888857402964,6.90004923326286,0.128431098712262,-0.0039109650665044,1.77321824525779,1.23688320646226,-0.92341364702981,-1.76971956882585,29
96,7.47722536469187,5.07204750306822,-3.11910285561664,7.16875710432561,0.125385586751905,-0.00236485271747977,2.65519147019117,1.73225902769731,-1.04189379162174,-2.11366408649398,30
96,7.69812444179815,3.23119046103883,-1.53205177379382,7.16875710432561,0,0,1.96213336217381,1.41639804819967,-0.431822606368038,-1.01948787880891,31
96,7.87734444775231,1.81513262087246,-2.54518207553167,7.16875710432561,0,0,1.21197887905067,1.0994910043788,-1.4184870391273,-1.74382442717687,32
96,8.08157189639774,1.82930406723997,-1.66760135825136,7.16875710432561,0,0,1.29636620647729,0.870063296713706,-0.961820242624418,-0.696950575502889,33
96,8.38582911580828,0.468719907746576,0.536515625515129,7.16875710432561,0,0,0.914921504976973,0.449983153536129,-0.136251287745497,0.317556091920295,34
96,8.59839237868413,0.56065328894511,-0.85194670729294,7.16875710432561,0,0,0.3978408369692,0.507609441212828,0.00476057068083269,-0.204184997608398,35
96,8.82762727002084,0.215712764840992,-0.515026548317267,7.16875710432561,0,0,0.339700429305962,0.243576824594005,0.000225121354595348,-0.396364552068504,36
96,9.09437332539446,2.04276878895645,0.600909125316652,8.84700401114264,0.126388192259868,-0.00287384456426175,1.36064272396626,0.802598739803955,-0.185596590242651,0.280419366179459,37
96,9.32777612384638,3.08890925361456,-0.86178099505861,8.84700401114264,0.122558160054952,-0.000929455520207317,1.59925294389434,1.2521359308256,-0.116764127790693,-0.495714871648489,38
96,9.57368264364394,1.7278643513835,0.350718666074714,9.41960284016811,0.127919030077697,-0.0036510036381084,0.940253590637748,0.839469616291272,0.858847781926184,0.322252001569501,39
96,9.80291753498065,4.67569796805834,0.22550374034077,9.41960284016811,0.124157391304963,-0.00174133582698284,2.09086040421771,1.64617200387808,-0.542689270633096,0.25236352481533,40
96,10.161357546889,2.4187693008489,-4.18020827060711,9.41960284016811,0,0,1.63767164855344,0.990428593717129,-2.50712007337427,-2.47582342361419,41
96,10.2780589461149,1.8719497113823,-2.94474366862646,9.41960284016811,0,0,0.938071343198886,0.875570279018091,-2.3771925990522,-1.6431218437324,42
96,10.5323012801429,0.718070929989814,-1.56984748840923,9.41960284016811,0,0,0.606173285915787,0.609511798349547,-1.09706334224877,-0.878407973495777,43
96,10.886573384936,-2.06471632658715,1.07410574297577,9.41960284016811,0,0,-0.254568987745767,-0.286833524415868,0.736936086653736,0.668101426075014,44
96,11.2408454897291,0.991015408899616,-1.35697912076758,11.0064097791033,0.126600426726388,-0.00298158944717401,0.638445082158323,0.518050066760909,-0.738982635226001,-1.02694474391459,45
96,11.3492110747246,2.12571589262009,-0.519593243675567,11.0064097791033,0.124822197488419,-0.00207883739100631,1.51173632059924,0.950289759272068,0.123115025099397,-0.360603344580219,46
96,11.6159571300982,1.96220594236554,-1.74179263396947,11.0064097791033,0,0,1.3351126173572,0.881316234299873,-0.90823625375687,-1.13540617008927,47
96,11.845192021435,-0.082641390195596,0.571592567956514,11.0064097791033,0,0,0.271922234000817,0.429228889977711,-0.390815170326885,0.170736489762769,48
96,12.2244715689193,2.77358076386624,0.890866502526933,12.1192113444478,0.128720136838453,-0.00405770079504458,1.43435107148588,1.13586626045798,0.516782418395609,0.680022132118689,49
96,12.43286692468,4.34715872904414,-2.16055078879877,12.1192113444478,0.125300465226929,-0.00232163914856803,2.05973007747998,1.20504441981728,-1.15795173250677,-1.26134289688986,50
96,12.5995832092885,3.87362414982598,-0.585554338564723,12.1192113444478,0.122564727937616,-0.000932789831384118,2.35078892358088,1.33640204458269,-0.35646574910066,-0.0788678243671651,51
96,12.9163441500447,0.837567612754185,-0.00285312614110709,12.9100088112074,0.130343448556929,-0.00488180601180949,1.16278861891556,0.541401205047861,-0.218650143429987,0.16572861041662,52
96,13.0580529919619,3.04660485838701,-0.878658569832987,12.9100088112074,0.128018071861058,-0.00370128409220477,1.35011049219945,1.19888502995689,-0.956508933609633,-0.53257385775017,53
96,13.412325096755,3.84053548461312,-1.818801038443,12.9100088112074,0.0536599845455327,-0.000641188400185941,2.0192285370542,1.20178161199698,-1.22349490086464,-1.35513279599981,54
96,13.5123548675201,3.52156821943976,-3.39296622102259,12.9100088112074,0,0,1.78005889740758,1.31322253868815,-1.59118614482091,-2.33190223205359,55
96,13.9749925573087,0.923527425678132,0.137662233266559,12.9100088112074,0,0,0.923456862497038,0.515337218824929,0.272347457422992,0.177779182765908,56
97,0,0.702600390570424,0.509141472017096,-Inf,0,0,0.213605505715474,0.53462904644887,-0.0764937846166636,0.421204955775491,0
97,0.129205120571599,0.561896163540091,0.22301117064653,-Inf,0,0,-0.347051100641365,0.515044027640736,-0.395538788803853,0.0564490178157895,1
97,0.329264662101816,2.28512544843375,-1.19701545962583,0.183254805486649,0.128051454181346,-0.00371823126505302,0.6179513260243,1.09809562205511,-1.00838924402743,-0.774463769575525,2
97,0.604346531705865,5.6981740210462,-2.865131703169,0.183254805486649,0.123537487654064,-0.00142662989170207,2.01327675275084,2.01342890118268,-2.11019763661976,-1.74104069878411,3
97,0.762727002083954,3.91127450313028,-2.70172613020118,0.650130187811402,0.128599746785749,-0.00399658248402072,1.17818708158851,1.33444051822334,-1.50587483863629,-1.67143674283958,4
97,1.00863352188151,4.87946853500864,-2.95212803104499,0.650130187811402,0.124564534284084,-0.00194802974117626,1.56555645876502,1.56336591864864,-1.84133615158443,-1.80862665533741,5
97,1.30872283417684,2.84222586459799,-2.46783626351646,0.650130187811402,0,0,0.85704187426758,1.20500317987683,-0.85232848211583,-1.45387167416263,6
97,1.59630842512653,-0.319086105279086,-1.4959370418523,0.650130187811402,0,0,-0.308693216672441,0.313557830989544,-0.987887926895804,-0.908786416623406,7
97,1.79220005954153,2.25086134219536,-0.436962024210382,1.74778082195777,0.12971850935461,-0.00456454368261501,0.545829205779589,0.844583230994749,-0.648368688035953,-0.0331397851545064,8
97,2.17981542125633,3.86563024580566,-3.16557293134653,1.74778082195777,0.123357920157076,-0.00133546902016514,1.21100440208051,1.45730361387094,-1.89862344814544,-1.83529767500739,9
97,2.48824054778208,0.807847377873895,-1.03659498559828,1.74778082195777,0,0,-0.0674455734304077,0.556247839380175,-1.20175115514841,-0.467880326024672,10
97,2.74248288181006,0.913896868627696,-0.78482390962775,1.74778082195777,0,0,-0.26848653487635,0.557066673526903,-0.526764820174644,-0.28823650251509,11
97,2.8841917237273,1.00525070384623,-1.28701888996972,1.74778082195777,0,0,0.231829653373066,0.512636810630683,-0.959811108443833,-0.690687062482342,12
97,3.08841917237273,1.96642295522224,-2.04972394965811,1.74778082195777,0,0,0.431237014720392,0.862686599414832,-1.02402793341003,-1.24901809979562,13
97,3.25096754986603,1.79521820003633,-1.31881867734922,1.74778082195777,0,0,0.494720832685013,0.871855649167585,-0.961350056597822,-0.663976075865811,14
97,3.50520988389402,3.83606822178365,-2.1040891257843,3.28230276654403,0.126789605621514,-0.00307762972864323,1.24803422287098,1.34084666978415,-1.56751650839903,-1.61098810411123,15
97,3.955343852337,0.746437196514416,-1.28041860414752,3.28230276654403,0,0,0.105193703595373,0.683237000136884,-1.09267285665292,-0.430862046695932,16
97,4.13873176540637,-0.108204053490298,-0.436896557906386,3.28230276654403,0,0,-0.0928581836359926,0.305456066783452,-0.155645815159466,-0.495780637952746,17
97,4.26376897886276,0.165426166236043,0.620901530091945,4.24556817921559,0.130148741821089,-0.00478295941633479,0.0707477652444358,0.445651854155728,-0.382356538277231,0.2890519888772,18
97,4.56385829115808,4.21987750667392,-1.89752862174696,4.24556817921559,0.125224414700418,-0.00228303064540619,1.29888811168649,1.61425986691922,-1.21122916749108,-1.09012953558743,19
97,4.81810062518607,3.31051160871212,-3.12778818232713,4.24556817921559,0,0,0.88926313839121,1.23528759091155,-1.94977635866301,-1.72837963063828,20
97,5.16820482286395,0.579537575319785,0.609579187687018,4.24556817921559,0,0,0.19236777405063,0.543777016944339,0.241761192928718,0.636843136221412,21
97,5.35992855016374,-0.671784800261868,0.45855833587387,4.24556817921559,0,0,-0.455911519868038,0.129534774837149,-0.20768998358323,-0.0109805977979728,22
97,5.6058350699613,-0.185150370726482,-0.630399766413617,4.24556817921559,0,0,-0.310403214020967,0.0352923206357236,-0.532583327610355,-0.490867115835193,23
97,5.79755879726109,3.35611432170044,-1.64741148779957,5.62086408013979,0.127547929781801,-0.00346260748083889,0.972542265608789,1.24340769323112,-0.951917627624901,-0.889942865786842,24
97,6.09764810955642,4.61911450506785,-1.75736372450112,5.62086408013979,0.12262360266113,-0.000962678709910264,1.71055432104782,1.41549749321066,-1.41413919699597,-0.820515078943105,25
97,6.481095564156,5.17262854572587,-2.16226835423139,6.23140284641503,0.12635006628091,-0.00285448918241117,1.63692189928503,1.76299079375525,-0.45044742302109,-1.34695490024304,26
97,6.68532301280143,5.41584260306108,-4.9019746498905,6.23140284641503,0.122998788101564,-0.00115314876886216,1.67387238483024,1.73644342460461,-2.56730363080496,-2.91628319595553,27
97,6.89788627567729,1.72466547634725,-1.91415052979435,6.23140284641503,0,0,0.17729523885586,0.805753800800598,-1.2678447578329,-1.23625700337804,28
97,7.02292348913367,-0.104507875481629,-2.23729546958216,6.23140284641503,0,0,-0.110940111853764,0.556601582480291,-1.56393010772299,-1.33117771111332,29
97,7.31884489431378,4.33136319444476,-0.793677959921114,7.18467030717203,0.128245665491318,-0.00381682634810404,1.59576307305074,1.34032202242814,-0.728736597118595,-0.528730421748366,30
97,7.53974397142007,4.08301293265406,-0.976253927393332,7.18467030717203,0.124620813583046,-0.00197660100283659,1.58536473743332,1.43709007359437,-0.489279212021151,-0.424850379682964,31
97,7.83566537660018,3.49293543064853,-1.48081446092275,7.18467030717203,0,0,1.16332916912644,1.22971743327522,-0.505615504021205,-0.465007746310325,32
97,8.11908306043465,-0.0481498300828348,1.30035872936927,7.18467030717203,0,0,-0.646655959437781,0.245994284963279,0.432468117262379,0.662270874034218,33
97,8.35248585888657,-0.297244838598962,-0.0946768101136719,7.18467030717203,0,0,-0.561806092463426,0.264532763329605,-0.0909993331585175,-0.00645344317796391,34
97,8.69425424233403,-1.01885553007964,-0.159673673982176,7.18467030717203,0,0,-0.77967753677713,0.126462891950944,-0.239611470140036,0.187010340749655,35
97,8.85263471271212,1.57423120721679,-1.88745185812622,8.6987350140555,0.12792198551466,-0.00365250402216367,0.530090867108052,0.659332530711835,-1.75665272873264,-0.789055026953145,36
97,9.12354867520095,2.43430388980047,-0.788858140232481,8.6987350140555,0.123476412419611,-0.00139562388174268,0.665054372876033,1.19796546855481,-0.403851570410967,-0.59391425993974,37
97,9.34861565942245,4.17044290835318,-1.28668000253942,8.6987350140555,0,0,1.29642471277643,1.44171418699882,-1.13704803278494,-1.03380449691506,38
97,9.70705567133075,-1.05667209474047,0.264449661094193,8.6987350140555,0,0,-0.820959763015725,0.119582735203282,-0.51233097340977,0.440199730638386,39
97,9.92378684132182,-1.50622115423153,1.74145305959426,8.6987350140555,0,0,-1.1160191143268,0.0109267074921517,0.3574335004866,1.38497214776758,40
97,10.0363203334326,1.53793044919214,1.37914091384688,9.97244971073949,0.129399321101993,-0.00440250166620014,-0.135763419346907,0.692699982364523,0.237516962847294,1.03398435668599,41
97,10.2738910389997,2.98746731301683,-0.311714896793959,9.97244971073949,0.125500895464743,-0.00242339138921316,0.817607064903151,1.143185644037,-0.508854793121694,0.115356582655948,42
97,10.5989877939863,2.18848632310952,-0.890653539585959,9.97244971073949,0,0,0.317182586779336,1.05501451753352,-0.534079770890357,-0.589812971016336,43
97,10.8240547782078,0.410218408077388,-1.87455019095919,9.97244971073949,0,0,0.0555911261583785,0.34049646831277,-1.25424290200524,-1.20309271337697,44
97,11.1949985114617,2.74244908359919,-1.21479381559371,11.0538203843224,0.128130740632185,-0.00375848254703956,0.736338130552951,1.053293990165,-1.04770668812269,-0.536924424668561,45
97,11.3200357249181,3.64128055607224,-1.833500170276,11.0538203843224,0.126078937665238,-0.00271684555915301,1.20078599838089,1.18204888225999,-0.963878141174797,-1.31100540506867,46
97,11.7326585293242,1.18242884075389,0.212371251148768,11.0538203843224,0,0,0.248832927647342,0.605053375385617,-0.0311194490489739,-0.0634970903801072,47
97,11.9869008633522,2.95192948425655,-1.84068509484757,11.8284659483971,0.127847564708249,-0.00361472287754365,0.737269530407724,1.03111631745776,-1.37766153999433,-0.917179940461315,48
97,12.1952962191128,3.60588912049923,-0.909732436999463,11.8284659483971,0.124427893096673,-0.00187866123106581,1.23304676325954,1.23637685792833,-0.665891643927744,-0.640185051734868,49
97,12.4286990175648,0.983863079506643,-0.654700436243546,11.8284659483971,0,0,0.0573208294952908,0.509786697685675,-0.462319135602883,-0.128380478960091,50
97,12.628758559095,-0.263766731188216,0.452001130150192,11.8284659483971,0,0,0.00216564508537359,0.264746190382969,-0.0662282362558789,0.622473239874585,51
97,12.9371836856207,3.02906518104214,-0.965807552519568,12.8110664672935,0.128377883194984,-0.00388394919217648,1.02619507306954,1.23290345443365,-0.300330017052268,-0.555429355948296,52
97,13.1497469484966,3.97339023946278,-1.45988463911211,12.8110664672935,0.124889818151227,-0.00211316631276978,1.54630522685039,1.3989365341865,-1.36134808266814,-0.730661260786922,53
97,13.4415004465615,2.67433983542852,-2.58496737835246,12.8110664672935,0,0,0.992379103696781,1.05310175676717,-1.9239801011141,-1.27385796920652,54
97,13.5623697529027,2.43201057104386,-0.899522097294552,12.8110664672935,0,0,0.562912679622087,0.994268087981988,-0.795157237722593,-0.514767636829339,55
97,13.9708246501935,3.62100645722357,-2.62778327947942,13.585936161573,0.124131566074896,-0.00172822515539681,1.00196741171699,1.33991848417559,-2.08630327847818,-1.093674255041,56
98,0,-0.768440946410172,1.13975881568091,-Inf,0,0,-0.701018820650293,-0.461845771144392,0.557993641754032,-0.128635340559309,0
98,0.108365584995534,0.832912623960804,0.042106741507726,-Inf,0,0,0.412069427307505,0.0533915686958622,0.762891185742442,0.320807401113144,1
98,0.354272104793093,2.95752805209551,-1.55121529304817,0.181956147355959,0.127619783207374,-0.00349908524551404,1.27878706568998,0.507886256503889,-0.142219439865874,-1.56363733509822,2
98,0.737719559392676,3.09786192320566,-1.82789485910458,0.181956147355959,0,0,0.87945151180445,0.511144975162438,-0.401621014395141,-1.72916065983323,3
98,0.94611491515332,0.750811381330058,-0.219032941865661,0.181956147355959,0,0,-0.417681330490288,0.0484698011638958,-0.183704646179074,-0.512113598506145,4
98,1.14200654956832,0.951535634069904,-0.457625612894719,0.181956147355959,0,0,0.356450564732654,-0.125052257874653,-0.31907713095282,-0.681922743550098,5
98,1.28788329860077,2.25330916780911,0.123113517734861,1.18006852827787,0.128678217919999,-0.00403641985497587,0.63468514790322,0.370915423268114,0.324747764196938,-0.509734875827374,6
98,1.61298005358738,3.17765053722636,-3.02775026483893,1.18006852827787,0.123343530205946,-0.00132816368646999,0.985439848787234,0.679589899517723,-0.874396992316086,-2.635632143964,7
98,1.82137540934802,1.25029936334447,-0.97405839036801,1.18006852827787,0,0,-0.0162001644011499,-0.031292174603592,-0.237714512747724,-0.812753674287942,8
98,2.17981542125633,1.02202591196846,-1.87419734725433,1.18006852827787,0,0,0.523783423483844,-0.034814297901452,-1.13147552239056,-1.75699766075876,9
98,2.40071449836261,0.886176478234634,-0.728943061129648,1.18006852827787,0,0,0.201225613263626,0.166650089952799,-0.585197197337031,-0.670747856445938,10
98,2.6883000893123,2.17476484383893,-0.489386389289563,2.47076514581791,0.126877760515162,-0.00312238324512551,0.699835124768588,0.278009108509813,-0.261980385255106,-0.725374076615176,11
98,2.82167311699911,2.33377250136284,-1.09980689622014,2.47076514581791,0.124689170683765,-0.0020113037913797,0.742736238172692,0.233086286475624,-0.388273743938816,-0.685122789380523,12
98,3.18844894313784,1.44708956193871,-0.767049584788922,3.11175449899792,0.129188888110327,-0.0042956713364445,0.644124200673482,-0.00453256358991211,0.104325215986335,-0.450888444863541,13
98,3.32182197082465,2.96456547629663,-1.18958170390958,3.11175449899792,0.127000298278932,-0.00318459188269871,1.00357372471834,0.456333980554562,-0.262047645707681,-1.07545067194546,14
98,3.50937779100923,3.86754295303079,-1.80948901387388,3.11175449899792,0.123922593828499,-0.00162213640086821,1.57030783151317,0.558723672519442,-0.447764467958785,-1.55057219603802,15
98,3.95117594522179,0.814616109280411,-1.59041666833356,3.11175449899792,0,0,0.198830022000054,-0.00567641530309937,-0.286578428921159,-1.39473010790955,16
98,4.15957130098244,0.975568770158478,-1.56904326228609,3.11175449899792,0,0,0.012028230045975,0.196425305182116,-0.479750516655837,-1.34478299066437,17
98,4.40547782077999,0.378813966758028,0.472991915265296,3.11175449899792,0,0,0.211582106256998,-0.224784634992763,0.155472352885966,-0.0525670543305304,18
98,4.67222387615362,0.58347277891806,-1.98430718281164,4.65588273347105,0.130179257933602,-0.00479845150405377,0.0764913241517727,-0.121381371657768,-0.516937702789052,-1.53569700643984,19
98,4.88895504614469,3.15617628148691,-1.94553520418046,4.65588273347105,0.126622799457588,-0.00299294739171736,1.2226385374775,0.481172710993919,-0.678238454980794,-1.72915347647594,20
98,5.16403691574873,1.43983518035356,-0.0700590331262241,4.65588273347105,0,0,0.436296042737387,0.0546518261313414,0.203214689319172,-0.247494348461674,21
98,5.42661506400715,3.18649182967915,-0.001233011238146,5.26449761429372,0.127787136012416,-0.0035840450952469,0.974549814241085,0.476862826622967,-0.183043006694183,-0.126438540420371,22
98,5.52664483477225,3.96233356467744,-1.36701168492879,5.26449761429372,0.126145693638859,-0.00275073550493715,1.73249433286307,0.483666232341222,-0.194482471912003,-1.14367353240133,23
98,5.75171181899375,2.53877982231682,-1.71686276495365,5.26449761429372,0.122452448298355,-0.000875788926740631,0.520510364717813,0.262538205374866,-0.647640129198204,-1.47784193867604,24
98,6.08514438821078,-0.253466252293929,0.226644736388224,5.26449761429372,0,0,-0.381617306127005,-0.323394443087863,0.531270011925468,-0.485859109403281,25
98,6.33938672223876,-1.3926408432549,1.65690367322309,5.26449761429372,0,0,-0.851434936596744,-0.726236540958794,1.01429957366699,0.332648385125363,26
98,6.66448347722536,0.68256183513452,0.560831879517156,6.6504613526058,0.130217311949793,-0.00481777035260585,-0.069555826584578,-0.0175370027336331,0.638989014347321,0.124229481407064,27
98,6.75617743376005,2.01874589157457,-0.217596917190777,6.6504613526058,0.128712656440673,-0.00405390322815441,0.992414938079885,0.272934318463429,-0.130230429566104,-0.717831283368274,28
98,7.18547186662697,3.76862257326166,-1.02078963028566,6.6504613526058,0,0,1.58599893199867,0.541094716044887,-0.749175643245367,-0.67420198287924,29
98,7.49389699315272,-0.0395039285414022,-0.28774342710272,6.6504613526058,0,0,-0.337697182147673,-0.15914765763811,0.311672636300835,-0.765743758239494,30
98,7.74813932718071,0.631724033085215,-0.795455373146724,6.6504613526058,0,0,-0.367102380637102,-0.108845045856554,-0.376964231060655,-1.4117975329587,31
98,7.88568026198273,1.55865565024467,-1.34322398021729,6.6504613526058,0,0,0.615830248294224,0.27412746687038,-0.74773754628949,-1.52402588614547,32
98,8.09407561774338,4.16989814647414,-1.72699823401576,7.89809620684156,0.127231476856959,-0.00330195410584391,1.27036836535686,0.848284457586075,-0.784800156850945,-1.7394260580821,33
98,8.29830306638881,3.63595042371493,-1.2552621219467,7.89809620684156,0.123880198677563,-0.00160061369229383,1.42825552476577,0.549087071901483,-0.216452977254835,-0.996960227495475,34
98,8.69425424233403,-0.779360114441277,-0.255900339779573,7.89809620684156,0,0,-0.149883800515922,-0.375122605033015,0.253591930621763,-0.544920924237697,35
98,8.95683239059244,2.74728900370748,0.174755375914887,8.70633010189944,0.126336781595186,-0.00284774495783406,1.17899340005783,0.40264287988157,0.157992022362518,-0.544384983031416,36
98,9.24441798154213,1.05666657099407,0.313210192183658,8.70633010189944,0,0,0.482354643531095,0.000157913106110796,0.63231915713915,-0.170906686977104,37
98,9.41530217326585,1.63919422558243,-1.29532919583905,8.70633010189944,0,0,0.532498825689847,0.290892940388287,-1.27999963899722,-1.25232074118072,38
98,9.50282822268532,0.809620728505918,0.192167370755843,8.70633010189944,0,0,0.0548647683771175,0.0337794114813659,0.251939712653398,-0.45423273494749,39
98,9.86543614170884,2.3387652184487,0.351102978034885,9.793843943563,0.129272613612394,-0.00433817618761628,0.472769449245782,0.443257031149119,0.518136407860034,-0.444670676965166,40
98,10.0863352188151,4.91897226391778,-2.97526537222205,9.793843943563,0.125647761704122,-0.00249795084234883,1.80595669335531,0.913818414436888,-1.3441679817266,-2.22491068464395,41
98,10.3405775528431,1.95524923658237,-1.39368009540306,9.793843943563,0,0,0.80754840043685,0.218346081875605,-0.855676250888599,-1.5772619631705,42
98,10.7281929145579,0.917692650791637,-0.386028301847926,9.793843943563,0,0,0.361146276207597,-0.0612051152603698,0.330230584291817,-0.37575139718064,43
98,10.9115808276273,2.94832429966515,-0.266238336260514,10.8782599396359,0.129900628149399,-0.00465699976924869,0.685320113277854,0.57208763471636,0.215953128680279,-0.562662818670143,44
98,11.0574575766597,3.16025175208392,-0.749616437887687,10.8782599396359,0.127506858021296,-0.00344175661671443,1.27862365625602,0.678499413232682,-0.459371764674023,-1.05204745967397,45
98,11.3867222387615,2.80887045545539,-2.02338688567448,10.8782599396359,0,0,1.16490384652232,0.406423383331035,-1.60254801731762,-1.56118745222564,46
98,11.5242631735636,2.42143514996262,-0.240460503981371,11.475626137507,0.129649297228199,-0.00452940682395198,0.786063384699775,0.379224040772342,0.0767991341887348,-0.516986575507991,47
98,11.7576659720155,3.20883175341012,-1.39793786773913,11.475626137507,0.125819265023233,-0.00258501777989648,1.21015044697593,0.706387452397068,-0.58304935114652,-1.08804023459538,48
98,12.2494790116106,2.43608912643954,-1.30342076673292,11.475626137507,0,0,0.668279225504029,0.362401102597379,-0.621987254725551,-0.973855017251886,49
98,12.3453408752605,2.07819541408218,-1.47913322731649,11.475626137507,0,0,0.662725637956765,0.22969776123905,-0.235682009184596,-1.0978242624427,50
98,12.707948794284,-0.769789772671405,0.639605825141119,11.475626137507,0,0,-0.385674302576911,-0.427386711257506,0.557396111402066,-0.0994163624709526,51
98,12.903840428699,1.25942234715095,-0.53610120246626,11.475626137507,0,0,-0.0929736349267006,0.00982436796153623,0.170341141182757,-0.893110417281946,52
98,13.0122060136946,0.41092370955054,-0.445809648540909,12.9943307948317,0.130154084451474,-0.00478567170476479,0.0863542854555843,-0.0205725434393488,-0.124881731644031,-1.07790092730335,53
98,13.274784161953,4.41634475519062,-1.76711222334208,12.9943307948317,0.125845298220939,-0.00259823403020368,1.84883343238073,0.894272319826329,-0.434062533180662,-1.24428208928609,54
98,13.745757665972,-0.0291969457932893,1.11842519452091,12.9943307948317,0,0,0.0199078109715283,-0.270558274687177,0.122684947013402,0.0692464743590139,55
98,13.9749925573087,3.44651456107611,-0.233605137707229,13.8569424514193,0.128510260787093,-0.00395115320663493,1.46609707001999,0.647340268800058,0.0225038669715328,-0.0511415981307233,56
99,0,1.50937976527213,-2.28843301214824,-Inf,0,0,1.17376321034163,0.753260128470726,-2.65553985094321,-1.29107363056273,0
99,0.0833581423042572,3.0017631241739,-2.77110257434628,0.0169364292290993,0.129357458886146,-0.00438124951231678,1.66877864016036,0.89762503677655,-2.33170459265203,-1.3453613026688,1
99,0.454301875558202,3.97183179443891,-1.01945774798955,0.0169364292290993,0.123270443417537,-0.00129105978158456,2.41317000922895,1.31500352891393,-1.6036941217314,-0.571841020760733,2
99,0.608514438821078,2.44723245069917,-2.33708056502967,0.0169364292290993,0,0,1.75261077660134,0.899369256766224,-2.37166857279157,-1.24261999968524,3
99,0.933611193807681,2.18585867039874,-0.907192224801962,0.0169364292290993,0,0,1.35850124512415,0.813694122680028,-1.54398486386125,-0.715052702778324,4
99,1.05031259303364,0.889762861786565,-0.152317084808342,0.0169364292290993,0,0,0.799913475512824,0.624094887419477,-1.22007536469405,0.174257483886986,5
99,1.27121167013992,0.606317291147714,-0.152220073884604,0.0169364292290993,0,0,0.73531934257908,0.406855087672433,-0.932954195600344,0.182025216058444,6
99,1.62965168204823,4.84525694503767,-3.28492481200214,1.4369844474579,0.127285828141604,-0.00332954657420566,2.61839100853243,1.28826435518532,-2.68012594944495,-2.16441427210657,7
99,1.82137540934802,4.22823626895284,-3.81965676415596,1.4369844474579,0.124139730258953,-0.00173236985944582,1.8642801919387,1.27967709833477,-2.6457656488189,-2.11551986343084,8
99,2.13396844298898,6.11450360175643,-3.92763587635132,1.99101871023528,0.12810166940164,-0.0037437239812898,3.15673276736814,1.59848070102814,-3.35409791943768,-2.31265236484857,9
99,2.45489729086038,3.86495866030204,-1.73299600785869,1.99101871023528,0.122835375119811,-0.00107018904571303,2.28057468856774,1.2152244338789,-1.6657010424738,-1.05743977567989,10
99,2.58827031854719,2.46105573558648,-3.65671605923494,1.99101871023528,0,0,1.58950832083599,0.968163463731999,-2.73145259727479,-2.47847593668867,11
99,2.84668055969038,2.41174390982748,-2.15228947047642,1.99101871023528,0,0,1.66239667166101,0.931483890495818,-1.72708310032838,-1.06706317258106,12
99,3.10925870794879,4.72138989427741,-3.28420040743476,2.91044109749536,0.127184903312148,-0.00327831015577219,2.60545678233084,1.54646774699254,-2.49659818746825,-1.61150537588292,13
99,3.38434057755284,4.15412896737933,-1.84360631256284,2.91044109749536,0.122670936784867,-0.00098670878242059,2.48085276882507,1.24472381910534,-2.15585969577742,-0.803118464805618,14
99,3.60523965465912,-0.267427807335839,0.421855093648703,2.91044109749536,0,0,0.502268110985364,0.382463559545317,-1.14108609032901,0.652443055655865,15
99,3.99285501637392,-0.687205628559581,0.254056318669152,2.91044109749536,0,0,0.332549232615611,0.160595429963438,-1.64552174832379,0.167872136541255,16
99,4.16790711521286,-0.634353228238647,0.904071382794318,2.91044109749536,0,0,0.472773857377731,0.0234629124997456,-0.0182326556414948,0.793234928741607,17
99,4.49717177731468,2.51905374622094,-1.08187094107226,4.3413262012343,0.127890054564203,-0.0036362936649242,1.32679862836181,0.864679622407185,-1.92936459936073,-0.946657921434135,18
99,4.73474248288181,3.79236062135693,-1.72557900072259,4.3413262012343,0.123991628926981,-0.00165718338793876,1.96545990184987,1.21635017716531,-1.99535275882404,-0.876828730396641,19
99,4.75974992557309,3.41638902071888,-2.28489466360798,4.3413262012343,0.123581268333617,-0.00144885599036176,2.13763707951064,1.16171405077876,-2.31088433381128,-1.19068839765302,20
99,5.02649598094671,1.89597404936457,-1.6031262348158,4.3413262012343,0,0,1.3603215711718,0.896999443683132,-1.49646350851889,-1.04166907902981,21
99,5.3140815718964,0.0209115581495652,-0.16912756785808,4.3413262012343,0,0,0.388257024230968,0.198954055967383,-0.75457016659749,-0.0237761705436524,22
99,5.72253646918726,2.79492548454937,-0.750878830788111,5.66817966181821,0.129555438420717,-0.0044817576065988,1.83496242675692,0.924103391101818,-1.47028535477603,-0.697427337777858,23
99,5.81839833283715,2.6537020572277,-1.47536378815911,5.66817966181821,0.127982389479391,-0.00368316924921855,1.87900177324414,1.04617057447393,-1.65293546388607,-0.703952615411993,24
99,6.08514438821078,4.58025208022585,-3.09114050895714,5.66817966181821,0.123605209816547,-0.00146101034172594,2.3666256968273,1.41276950860982,-2.81328598783876,-1.65306950839729,25
99,6.42691277165823,4.31445241250256,-1.25385486674339,6.21871417743476,0.127030965697895,-0.00320016078401676,2.51471220898099,1.30255333985521,-1.73409228599871,-0.587980099392211,26
99,6.63947603453409,4.94230033398448,-1.57443506939835,6.21871417743476,0.123542900654087,-0.00142937790460876,2.52171163611457,1.44775457008613,-1.94418080769495,-0.727740045698182,27
99,6.88538255433165,2.64755268072616,-1.49657003347303,6.21871417743476,0,0,1.96857551692852,0.772399367480814,-1.299091233063,-1.27926876101291,28
99,7.00625186067282,1.80635853348767,-1.28698937066677,6.21871417743476,0,0,1.44265578443813,0.862572031089631,-1.59341018482409,-0.626850944963135,29
99,7.41887466507889,0.328024446388617,-1.90113291903763,6.21871417743476,0,0,0.731898716694626,0.438207318292899,-1.9165040569385,-1.06945940450982,30
99,7.71479607025901,-1.04455405776549,1.14863626398776,6.21871417743476,0,0,0.303607878272069,0.202807289632295,-0.691415327979303,0.842946689113559,31
99,7.81482584102411,-0.430170230573883,1.62136258364887,6.21871417743476,0,0,0.682681759401599,0.283308359983482,-0.615639906262169,1.04810190171862,32
99,8.14409050312593,3.31074605595306,-0.636305794699287,7.9168614945249,0.126718685380653,-0.00304162571303576,1.92787287091204,1.25859920715115,-1.33993445585221,-0.428531234586448,33
99,8.42750818696041,5.12735626593377,-2.71245323645997,8.33811616272164,0.128980526680999,-0.0041898926748619,2.19502472619963,1.5227600781966,-2.53338093329974,-1.48869203040271,34
99,8.56921702887764,4.57433382094225,-2.43952999979573,8.33811616272164,0.126655149985075,-0.00300937075525494,2.5878414160041,1.58533183375629,-3.06413959791329,-1.59178441786494,35
99,8.89014587674903,3.88731359145015,-2.70329262006224,8.33811616272164,0,0,1.99800123099634,1.06444248598074,-2.6516791760235,-1.80887935374727,36
99,9.13605239654659,1.85644688314248,-0.883023020785239,8.33811616272164,0,0,1.39206471425929,0.780381827347706,-1.72751934538013,-0.447348949580827,37
99,9.33611193807681,-0.769998681511388,-1.19100434260319,8.33811616272164,0,0,0.585264250993882,0.0285171715716946,-1.49242124241551,-0.554499649523029,38
99,9.62786543614171,-0.0146568308266523,-0.771380195789422,8.33811616272164,0,0,0.662722026377966,0.187506860007065,-1.31300616242975,-0.267351967381771,39
99,9.88627567728491,0.382844496424624,-0.357716968667115,8.33811616272164,0,0,0.710728037487352,0.328606328459862,-0.871489784349322,-0.199854328920787,40
99,10.0654956832391,0.820742608499684,-1.20934627571038,8.33811616272164,0,0,0.569369295647707,0.321410541472537,-1.66554054316896,-0.372525150120302,41
99,10.3655849955344,5.15371549569724,-1.88357855731594,10.1129025676127,0.126301006516597,-0.00282958305549609,2.73995546733971,1.72741714683379,-1.94128316530781,-0.855514571902814,42
99,10.5864840726407,7.6130703564542,-2.59069215786339,10.4333332615027,0.250610429021549,-0.00464810042660055,3.81000288925912,2.25833622912319,-2.18268308601086,-1.53338182818349,43
99,10.76987198571,6.38258605177803,-3.30667901685054,10.4333332615027,0.124924963395036,-0.00213100846746971,2.99943431945775,1.85713119010559,-2.74367335027901,-2.35882418713802,44
99,11.1033045549271,0.560821502133407,0.238721464600504,10.4333332615027,0,0,1.03359945271785,0.367958425108915,-0.740199601749059,0.371983484585093,45
99,11.4950878237571,0.040108335840107,0.328684785185705,10.4333332615027,0,0,0.885684390487798,0.282387623703308,-0.523833620996818,0.138199956542704,46
99,11.7076510866329,0.93815659276191,0.244168229908598,10.4333332615027,0,0,1.39278531799635,0.477395201852052,-1.18489996072343,0.878628456722968,47
99,11.9118785352784,1.66104040058843,-1.32494162946018,10.4333332615027,0,0,1.38214818932511,0.573610327039949,-1.7884927012709,-0.410479275324225,48
99,12.2119678475737,2.94477393517493,-2.25688789824058,12.0546703805251,0.127866229703504,-0.00362419851906422,1.6196220261137,0.97473849104773,-2.09838667594235,-1.10322296481805,49
99,12.4870497171777,3.90346580832493,-3.263997914592,12.0546703805251,0.123352263176171,-0.00133259714571152,2.10956882809863,1.34449116360688,-2.88742283706825,-1.62612475939231,50
99,12.6162548377493,3.05049721360081,-4.39745398387374,12.0546703805251,0,0,1.61897469218218,1.04340654869122,-3.47982973282551,-2.7699004091245,51
99,12.9080083358142,3.81123779031571,-1.85451739736024,12.8624086238927,0.129699138315502,-0.00455470960442668,2.20599502129042,1.02493384074239,-2.35204878670522,-0.752832641374169,52
99,13.1038999702292,5.77783798323164,-2.90578768134822,12.8624086238927,0.126484647000671,-0.00292281165673909,3.06436814806851,1.8092796932099,-2.47681614959788,-1.80265496799707,53
99,13.4164930038702,4.42349337196474,-1.99371279040231,12.8624086238927,0,0,2.59382941738133,1.57983143858563,-2.04480295656782,-1.1168168970304,54
99,13.5582018457874,0.780689402081601,-0.90580105758628,12.8624086238927,0,0,0.899130785892621,0.332388598414182,-1.46520791045967,-0.785619039317903,55
99,13.862459065198,1.64974583685816,-1.65759058637017,13.7903892249335,0.12926477572561,-0.00433419713462652,1.08465008744616,0.734859729692246,-1.94943120506446,-0.855969952076436,56
100,0,0.0694090662889626,-0.542917188519998,-Inf,0,0,-0.0646562937446885,-0.109495357133616,0.368175040941873,-0.289869819154853,0
100,0.241738612682346,2.67329252501347,-1.00675550640109,0.167204881540965,0.129224344413454,-0.00431367140632258,1.08261116485276,0.310635733302178,-0.109989032313692,-0.0784501682487916,1
100,0.391783268830009,3.74125208747969,-0.268381999272167,0.167204881540965,0.126762180853118,-0.00306370702085791,1.30566892113928,0.456550809560784,0.79342051251073,0.322645481511927,2
100,0.708544209586186,3.00267323543244,-2.08436275882165,0.167204881540965,0,0,1.18260109270568,0.358822417933648,-1.03406186844462,-1.02457964832637,3
100,0.958618636498958,0.926132551971065,-1.1721591111204,0.955049560659637,0.111983326951426,-0.00404833460884416,0.376349044043083,-0.118760891699798,0.23670859441525,-0.633976882409878,4
100,1.20869306341173,3.259414257997,-2.1079531127103,0.955049560659637,0.126285235722195,-0.00282157671031559,0.953290021030601,0.408044057427044,-0.677838170271264,-0.78364743265802,5
100,1.2628758559095,3.19497583689757,-2.21065821978114,0.955049560659637,0.125396121103192,-0.0023702006822314,1.36511014709893,0.350586945231154,-0.521589901932876,-1.29824923297921,6
100,1.58380470378089,3.33004079756465,-1.85358225309579,0.955049560659637,0,0,0.984285906060498,0.560366454595437,-0.739076936949089,-0.889331104350327,7
100,1.80887168800238,-2.09259349890148,0.593044845672593,0.955049560659637,0,0,-0.96779429777425,-0.797648842749689,0.600018775009018,0.842993998069618,8
100,2.18815123548675,1.26287481576021,0.421189727498537,0.955049560659637,0,0,0.262266399139877,-0.0717989751342091,0.63057291499618,0.558565611114667,9
100,2.29651682048229,2.53893835703174,-2.27009350499118,2.19040368538923,0.128706140968808,-0.00405059552433293,1.25454022160879,0.222449429271329,-0.884075089395459,-1.12660675965692,10
100,2.54659124739506,3.60204485649133,-1.04817254774694,2.19040368538923,0.124602535034902,-0.00196732154855908,1.43330902706366,0.706525516962039,0.0332680355124126,-0.361477708848488,11
100,2.77999404584698,0.993013351112918,-1.41958958542041,2.19040368538923,0,0,0.359194856428729,-0.057442532242403,0.401659201919398,-0.484065120541959,12
100,3.22596010717475,0.348581096797485,-0.0821874876004591,2.19040368538923,0,0,0.362730611994432,-0.202428144914493,0.625107086053375,0.397184872412278,13
100,3.46353081274189,-0.616280521684578,-0.416517427011612,2.19040368538923,0,0,-0.210530033126329,-0.419973637966685,-0.229549342245814,-0.0598062319244085,14
100,3.63441500446561,0.0189095943013116,0.0788890567682782,3.62179278060257,0.130240283675126,-0.00482943238798679,0.0123873088539923,-0.16549555243825,0.795969214811216,0.257568735603602,15
100,3.94700803810658,5.48214758885594,-2.26456550205974,3.62179278060257,0.125110776257774,-0.00222533991827006,2.47010806107081,1.02835233504488,-1.07454417278983,-1.04267411827003,16
100,4.00119083060435,5.44351516697781,-1.89215526717687,3.62179278060257,0.124221661638751,-0.00177396389018532,2.15406254999084,0.950128151257692,0.142968494136026,-1.30789541077331,17
100,4.33045549270616,1.37575588285911,-0.605640846888421,3.62179278060257,0,0,0.0938503601415187,0.0660160054756258,0.00855005137855072,-0.0810891938467535,18
100,4.6347127121167,1.61426836801023,-1.78415843290401,4.56233834882016,0.129259778643221,-0.00433166027024093,0.816354570187361,0.178019993299978,0.207054316963262,-0.894562975420804,19
100,4.75141411134266,2.74104941888297,-1.41062926100386,4.56233834882016,0.127344762540739,-0.00335946574821296,1.35988121358728,0.471741465701475,-0.110969591940062,-1.00467215641781,20
100,5.15986900863352,2.3269372339066,-1.20554640433555,4.56233834882016,0,0,0.709664278091747,0.395680160313745,-0.298368126833439,-0.36950704913092,21
100,5.39743971420066,4.38108367661318,-0.495016529330424,5.23822181531264,0.12783471630329,-0.00360820013920959,1.48051025138528,0.619702547865566,0.135307324086186,-0.478611233954942,22
100,5.55998809169396,4.80890366184859,-1.14593840175052,5.23822181531264,0.12516737244626,-0.00225407205495647,1.7160364140263,0.735914880109408,-0.486619632863898,-0.733827500787925,23
100,5.85174158975886,1.75833885299704,-2.30120670573905,5.23822181531264,0,0,0.899235697421154,0.149164618496137,-1.13747739267229,-1.07201776025814,24
100,6.08931229532599,0.234601822797037,-0.56581010944532,5.23822181531264,0,0,0.198620307693832,-0.355185047390935,0.249900840041172,0.11704193672887,25
100,6.41024114319738,1.81069172751308,-0.203748636861577,6.1123655436453,0.125559407427251,-0.00245309610518203,0.662318081278252,-0.0154500642618427,0.473825496369948,0.15776362356724,26
100,6.56862161357547,3.55015647478005,-1.28275372677969,6.1123655436453,0.122960457002453,-0.00113368925385859,1.44543572698101,0.576130450744864,0.0417306800122253,-0.544822467423776,27
100,6.83536766894909,1.29588664276655,-1.50334376738753,6.1123655436453,0,0,0.226628246442075,-0.060651870917251,-0.379007327818087,-1.00107999815034,28
100,7.12712116701399,-1.24868918887044,0.737431982335761,6.1123655436453,0,0,-0.515012735005405,-0.812776923299213,0.539221374665853,0.850375671211493,29
100,7.30217326585293,-0.201318523215721,0.12582233762071,6.1123655436453,0,0,-0.240793921273035,-0.402715187879209,0.32572599839125,0.0233846921550547,30
100,7.70646025602858,4.34274242247909,-1.78741291051341,7.42608622325262,0.125846600060907,-0.00259889493415467,2.24550535738871,0.890564919339737,-0.538000752560244,-0.727899369148044,31
100,7.9398630544805,3.02842277224753,-0.559919257773311,7.42608622325262,0,0,1.3676315754927,0.492744444525207,0.4101984549446,-0.149167518394558,32
100,8.07323608216731,2.46853748062293,-1.19923480129819,7.42608622325262,0,0,0.692324163026568,0.409831434374616,0.435639939333508,-0.560103975767459,33
100,8.49836260791902,0.0878116433487345,-0.043867609512587,7.42608622325262,0,0,-0.281845569741535,-0.250730039421948,-0.116041657629827,0.0244105849511079,34
100,8.57338493599286,0.867213300687376,-1.10206456701272,8.53653588922193,0.129842732692159,-0.00462760803392462,0.4472761248364,-0.165391569667184,-0.00322998562272143,-0.39654440478441,35
100,8.88597796963382,2.40080954588629,-1.55922147665593,8.53653588922193,0.124713225274793,-0.00202351556420641,1.27282270658311,0.30351478438688,-0.559345051426223,-0.296291498377711,36
100,9.24858588865734,1.05594720274863,-2.08206302654095,8.53653588922193,0,0,0.448255617195677,0.0623781273171793,-0.935267009634222,-0.837820077443442,37
100,9.48615659422447,0.129280121942343,-0.583743223070481,8.53653588922193,0,0,-0.220043568675779,-0.305612975212879,0.674781897403442,0.106030790956467,38
100,9.57368264364394,0.480757429733331,0.0536143028645055,8.53653588922193,0,0,0.235975457849627,-0.154480832875508,0.584978002971445,0.420296009135319,39
100,9.89044358440012,2.5430221485788,-1.57650888857205,9.63652135488362,0.126280661944607,-0.00281925474472353,0.756738169901923,0.148554483877011,0.339530874200811,-0.784229541646566,40
100,10.0321524263174,3.55734633879452,-0.697427900510946,9.63652135488362,0.123955285248735,-0.00163873282511812,0.996861977039606,0.624678440642822,-0.159557645087171,-0.148354721888633,41
100,10.4572789520691,-0.513860598668243,-0.151243625427713,9.63652135488362,0,0,-0.114273858710824,-0.451503677083326,0.490613563345427,0.052307758211587,42
100,10.6781780291754,1.86383909812277,0.754048570895829,10.5267933883292,0.12796325645266,-0.00367345600253749,0.931923259606309,0.182470911900268,1.13956181874529,0.799120118465076,43
100,10.9282524560881,2.38566542452371,-1.34214426745375,10.5267933883292,0.123859650518766,-0.00159018202676306,1.13139904147288,0.364439034799942,-0.032461340995629,-0.444350569377907,44
100,11.0616254837749,3.65990382320761,-3.18515819351323,10.5267933883292,0,0,1.1274467212356,0.607725113223546,-1.25269390597102,-1.92520740063306,45
100,11.2658529324204,1.76021351016887,-0.759216633578764,10.5267933883292,0,0,0.671007162022682,0.0109706779083889,0.383680757365716,-0.282063056605883,46
100,11.5617743376005,-1.32439844667844,0.950301207449368,10.5267933883292,0,0,-0.748226623824537,-0.631710232099517,0.863130313195577,0.42791274708389,47
100,11.9535576064305,1.49659895347581,-0.521695593646958,10.5267933883292,0,0,0.82219779231594,-0.0150918731061237,0.318592195298001,0.165815197419876,48
100,12.1952962191128,0.951910667456897,-0.880414128990641,12.1447607356392,0.129618144582236,-0.00451359158787518,0.659750964804441,-0.104420031058279,0.159425718258898,-0.221051601872213,49
100,12.3828520392974,3.92282104128676,-2.10981902779285,12.1447607356392,0.12654044013187,-0.00295113610604658,1.49626338719115,0.680698177709208,0.19722932502804,-0.803432722682592,50
100,12.7162846085144,2.01963972454155,-0.0123150994434138,12.1447607356392,0,0,1.26856140484555,0.139792742896623,0.816176618965727,0.259973696228788,51
100,12.9955343852337,0.931826142695275,0.218845747451278,12.8902510005766,0.12871975679055,-0.00405750785643834,0.596216254565658,-0.0238704828742845,0.446284385550438,0.164766734220345,52
100,13.1664185769574,1.45637450328924,-1.49029918409816,12.8902510005766,0.125915626069005,-0.00263393730632465,0.773396946349214,0.0270614070324292,-0.318389903425388,-0.95561024551298,53
100,13.4873474248288,2.97227059538347,-2.95638681007764,12.8902510005766,0,0,1.56928167370638,0.396548607486379,-0.475805164895916,-1.37730232395586,54
100,13.6165525454004,1.22877054738389,-1.26302909150933,12.8902510005766,0,0,0.328928694181138,0.00116647325717335,-0.218861248690093,-0.732770287641408,55
100,13.8541232509676,0.297102173720099,-1.07472100183864,13.8311280323076,0.130070067617734,-0.00474301895348221,0.161719231362033,-0.336740144762241,-0.343088040799253,-0.471754870167374,56
