"id","time","eta1","eta2","tx_time","hw_integral_1","hw_integral_2","y1","y2","y3","y4","quarter_day"
1,0,-0.0781175078949067,-0.0144398211033541,-Inf,0,0,-0.594800322107543,0.510040572677649,-0.698514294886144,0.311429701061848,0
1,0.195891634415004,0.428949886013997,-1.29143062771592,-Inf,0,0,-0.308356324649859,0.911565462607751,-1.99178944127225,-1.26519122689222,1
1,0.26257814825841,-0.0364329488708677,-0.613456965790036,0.259520694706589,0.018052320263921,0.019931942428578,0.0300439757290219,1.32035916360079,-1.28359801864529,0.117124292750205,2
1,0.650193509973206,-0.407684887288174,0.784406121910233,0.259520694706589,0.0181293113923648,0.030318698779273,-0.323782853156664,-0.0518014373718537,-0.0175942204872899,0.617880715861223,3
1,0.983626079190235,-0.830111728765141,2.29148890718573,0.818788123291989,0.0218802843793213,0.0284276500807339,-0.895333519222143,0.426511207265667,1.7699717940495,2.04199931397921,4
1,1.10866329264662,-0.972452092037323,1.64083700704391,0.818788123291989,0.0198034960068314,0.0294746605397798,-1.17727100291951,0.243423363231333,0.319304680168457,0.935501480447826,5
1,1.29205120571599,-0.321628218661872,2.35400066600668,0.818788123291989,0.0167575397271794,0.0310102758797121,-0.455881513056756,1.27809304771176,0.92398496153331,2.64241947023726,6
1,1.64215540339387,0.818990367037434,-0.9148361202542,0.818788123291989,0,0,0.743333473573437,0.715550110900655,-1.82785000599839,-1.51958376924896,7
1,1.82554331646323,-0.0434334769296778,-0.593139012926232,0.818788123291989,0,0,-0.634634782218075,1.1030065081164,-1.58405924090112,-0.547508409117354,8
1,2.07978565049122,0.310532034635034,0.112465590971577,0.818788123291989,0,0,-0.0147012285181849,1.48588952309096,-1.06899787181707,0.868690162122236,9
1,2.38821077701697,0.422493973612674,-0.889732946108404,0.818788123291989,0,0,-0.00693236842395686,0.547612120965387,-1.86081904002164,-0.635657346631708,10
1,2.57993450431676,1.82962997526817,-0.948480257281654,2.54343885895438,0.0240119683064601,0.0273529640912238,1.34534212882924,0.367261436355828,-1.71147921520042,-0.35811671410166,11
1,2.99255730872283,3.47545747702558,0.201719935215259,2.79879337485808,0.0385584090102052,0.0594779629895016,2.9891578510762,3.25522008578215,-0.677973487311085,-0.898437434441427,12
1,3.0800833581423,3.05303941844072,-0.200917044679607,2.79879337485808,0.0199460904722217,0.0294027717047673,2.43895185692845,2.04831500126971,-0.821937526894571,0.515190261940812,13
1,3.33015778505508,1.60389899632231,-0.316152557866862,2.79879337485808,0,0,1.44970929615929,1.93148656703784,-1.10451850237666,-0.51024131099705,14
1,3.53438523370051,0.245756208909912,-0.110059669340889,2.79879337485808,0,0,0.0786365595807863,1.19963173468512,-1.21101241400418,-1.09880892744065,15
1,3.99702292348913,-0.164194601847157,-0.764570529730793,2.79879337485808,0,0,-0.347009815918321,0.566009546941292,-1.84838915053337,-0.259387995511959,16
1,4.20125037213456,0.431419423156639,-0.25739970118964,2.79879337485808,0,0,0.169326486741817,1.17572778423455,-0.954699248899613,0.0653592264729068,17
1,4.43465317058648,0.198142265106143,-0.133524584706438,4.4161042542358,0.0243100520297408,0.0272026855264549,-0.0506464477661282,0.406981818217199,-0.731211604187442,0.272799227154822,18
1,4.55135456981244,1.118920069149,0.752266420361351,4.4161042542358,0.0223717162154178,0.0281798952882302,1.07663380799098,1.5158717419194,0.517993544550319,-0.581207711446979,19
1,4.84727597499256,2.61498487246598,-1.01733924409442,4.4161042542358,0.0174566504005248,0.0306578200413036,2.18432420349125,1.71140330929601,-1.80013654831905,-1.37634695272731,20
1,5.03899970229235,3.15258968677131,-1.00650582268705,4.98436078719365,0.0237106201670886,0.0275048884075941,2.87790325933016,3.52623094208251,-1.54229213490097,-0.785008615387021,21
1,5.43911878535278,2.90237994539396,-1.78705030891576,4.98436078719365,0.0170648973751219,0.0308553218765379,2.35016658168558,1.95984668302688,-2.08003881835561,-0.798675540793498,22
1,5.68919321226556,1.63019870107497,-2.42018976524725,4.98436078719365,0,0,1.22641177929798,1.1813575381772,-3.24713331554219,-1.21851831771963,23
1,5.86007740398928,0.505821366850965,-1.84645203178665,4.98436078719365,0,0,0.646861526709853,0.987659064569477,-3.09438303835785,-0.687469149399582,24
1,6.06430485263471,0.874018691656041,-1.2630136923338,4.98436078719365,0,0,0.661874724730497,1.27568275261939,-2.59094290736355,-1.12181730250364,25
1,6.43941649300387,1.18853400414062,1.10210768118716,6.13138673502343,0.019501959867923,0.0296266796358985,1.12429809031969,2.5135484951359,0.13807514425881,1.34626590226031,26
1,6.5769574278059,1.4404536432862,0.399997037024493,6.13138673502343,0.017217492658184,0.0307783911408483,1.26563053400979,2.16681060553876,-0.167270239035637,0.0365127718365478,27
1,6.95206906817505,0.161524021438958,-1.00670553210978,6.13138673502343,0,0,-0.13037517535315,-0.0542371454238663,-2.19203852113932,-0.434994728584541,28
1,7.00208395355761,0.245861008979666,-0.947557736024733,6.13138673502343,0,0,0.0523520767534517,0.464356675832366,-1.78197010857323,-0.157213246624644,29
1,7.36469187258113,-0.714753358447851,0.621772318626724,7.30714813036522,0.0236623728412323,0.0275292122411843,-0.691779228212909,0.596665263168062,0.111220708411657,0.538192969567922,30
1,7.52724025007443,0.756675698637956,0.811115175073045,7.30714813036522,0.0209625479569971,0.0288903258379425,0.346628067370692,0.61092092357637,0.0883247075349155,0.414987241391416,31
1,7.77314676987199,1.35788414317256,0.680356969634646,7.30714813036522,0.0168781974911054,0.0309494464074037,1.06362548070456,1.92027393706177,-0.0299836975978373,1.19754270081112,32
1,8.1982732956237,2.25381949374069,-0.587940288986478,7.30714813036522,0,0,1.38417906341434,1.43886428339414,-1.24033178926132,-0.435771010389544,33
1,8.38999702292349,2.08440603182806,-0.410890702487793,7.30714813036522,0,0,1.90331654149424,2.53223202725756,-1.28097593317858,-0.233745887486905,34
1,8.69842214944924,1.37556185006116,-1.0833627416038,7.30714813036522,0,0,1.13849136176852,2.2780262018787,-2.27610749944875,-0.419399174849354,35
1,8.84013099136648,0.917923289080047,-1.803985542226,7.30714813036522,0,0,0.577371222492298,2.00403922844949,-3.13358411228141,-1.43364300140764,36
1,9.15689193212266,1.97619226932352,0.285214959055612,8.86793817075399,0.0198188000058507,0.0294669450463605,1.81256718844562,2.24926191673371,-1.09577913480949,0.327085848132687,37
1,9.48615659422447,2.00585930255348,0.05878416642906,8.86793817075399,0,0,1.59291861501308,1.10414618519887,-0.850498148134731,-0.0795137544859391,38
1,9.58618636498958,0.864235593240147,-0.803192546641756,8.86793817075399,0,0,0.922130324790403,1.85916202461697,-1.30474269806246,0.562141799547845,39
1,9.83209288478714,0.662356964834302,-1.03949414943715,9.82264499120199,0.024461214213655,0.0271264772860378,0.502491330036332,2.50423643117736,-2.14301580377827,-1.99006568578736,40
1,10.1530217326585,1.21518723244051,-0.5466762316653,9.82264499120199,0.019130790724275,0.029813804130932,0.577108927031982,0.568253446718166,-1.59705834649753,-0.531478142697949,41
1,10.3405775528431,1.18329045847698,0.618673719514917,9.82264499120199,0,0,0.894126497941309,1.79875748623435,0.124126869228312,-0.281941254078373,42
1,10.5989877939863,1.27944677761477,-0.664427722519568,9.82264499120199,0,0,0.638538083033095,1.23067311836211,-1.76048248674613,-1.65613247518804,43
1,10.76987198571,0.353373634163403,-1.33123798031907,9.82264499120199,0,0,0.193136268379855,0.833089814420733,-2.87863345160066,-1.87067988299261,44
1,11.1949985114617,1.96935521537228,0.803613803354988,10.9057709017357,0.0198142515592817,0.0294692381404441,1.00350019321575,1.93497413243128,-0.101211908438867,0.432358965081966,45
1,11.4242334027985,1.85305603279161,-0.210948719025485,10.9057709017357,0,0,1.47813004292832,1.39046539877234,-0.856385574865597,-0.502497846597637,46
1,11.6534682941352,0.400387699826517,-0.94816566428205,10.9057709017357,0,0,0.0285493799034747,1.29413273741441,-2.17099909210655,-0.866670731658188,47
1,11.9618934206609,-0.698921185544113,-0.831988052271262,10.9057709017357,0,0,-0.473295568646476,0.536675026298883,-2.05821742536798,0.0428045568575751,48
1,12.0827627270021,-0.704777871265325,-0.21271894854294,12.0385967537098,0.0238845690513244,0.0274171922785311,-0.622203907485115,-0.992520702637189,-1.08366006489616,-0.914642936840242,49
1,12.2953259898779,0.1101720262883,0.696215961420972,12.0385967537098,0.0203540288180925,0.0291971100589067,-0.235052707408088,1.14544668832501,-0.392390962917188,0.374897861643826,50
1,12.6829413515927,1.49442175479884,-0.13219213453149,12.0385967537098,0,0,0.91724451818147,1.18892898475511,-0.775447998018565,0.662415333885249,51
1,12.8496576362013,1.38726127733485,-0.780136814858809,12.0385967537098,0,0,0.825230279340787,1.98263378174639,-1.5628928602572,1.44256011175858,52
1,13.0080381065793,0.454603396266301,-0.229829767600238,12.0385967537098,0,0,0.484025084596903,0.46239724026856,-0.999728490811354,0.681621278216927,53
1,13.4289967252158,-0.564072084829817,0.672134129966275,13.0558444504411,0.0184203163961392,0.0301719889427757,-0.702271445218308,0.8840077140298,-0.568603056359888,0.130540377740279,54
1,13.6290562667461,1.03155273241403,-0.0954578025448196,13.0558444504411,0,0,0.651038270436239,0.32044912447253,-0.915293293037317,-1.26843852629026,55
1,13.9249776719262,-0.176497611581844,-0.818008188045471,13.0558444504411,0,0,-0.59024275495711,0.166958184753539,-1.69893901367489,-0.316546229955426,56
2,0,-0.680045300538418,0.401746493751688,-Inf,0,0,-0.948799961103229,0.474328590471868,1.05591897898302,-0.776946903378118,0
2,0.0166716284608514,-0.450556558622869,0.278305225914999,-Inf,0,0,-0.469621266357465,0.0957891921064368,1.70655174523148,-0.158547756445005,1
2,0.491813039595118,0.0937701041494813,1.15429159195648,0.0609971452387981,0.0174625604501062,0.0306548404966332,-0.301517359142063,1.38641341284748,1.73691993665475,0.585130587030618,2
2,0.558499553438523,0.370101962716619,1.29554769414011,0.0609971452387981,0.0163549399847785,0.0312132460747903,0.250764326709107,0.107986006671291,2.01669105932037,0.562142462337781,3
2,0.854420958618637,0.088470376236246,0.43325576519258,0.0609971452387981,0,0,0.106699261193702,0.762947444279228,1.47928677799133,-0.342381070835905,4
2,1.02947305745758,0.576591285462098,1.13097005875673,0.881513397463669,0.0221606221100852,0.0282863181375935,0.480217496562266,1.18725291792965,1.59352416353618,-0.435561586207915,5
2,1.34206609109854,0.3247360103206,1.57307509026162,0.881513397463669,0.0169686511788617,0.0309038442852062,-0.0159766563146589,-0.325795466686668,2.4746315733527,0.192655392925505,6
2,1.5546293539744,-0.160518778543427,0.63277799587758,0.881513397463669,0,0,-0.209957413181981,-0.0749730888604465,1.43386585088311,-0.558411544211896,7
2,1.80887168800238,0.308286896885808,0.303918173460057,0.881513397463669,0,0,0.347777023796425,0.803552477486403,1.28612010303495,1.12536665964477,8
2,2.00059541530217,-0.118019460402103,-0.258887521968504,1.96954881688222,0.0241024735010197,0.0273073360019294,-0.43446604406968,0.265930784418391,0.535871846002541,-1.00320996142329,9
2,2.4632331050908,2.78950970979017,0.591772120118834,1.96954881688222,0.0164183565228084,0.0311812747003937,2.43833459373931,3.40840710489604,1.20983064061953,1.57291678726894,10
2,2.64245311104495,1.63347930352655,-0.902649844724347,1.96954881688222,0,0,1.0629990903929,1.99756759436953,-0.29762623879525,-1.72618985411484,11
2,2.80916939565347,0.864848763064036,-0.795796233944191,1.96954881688222,0,0,0.553518284857851,1.05386141716786,-0.132508349970023,-0.000213137129406293,12
2,3.03423637987496,0.493945698088475,-0.106910591615512,1.96954881688222,0,0,0.609014897832935,0.354152826382732,1.00054355030259,-0.887422272498985,13
2,3.26347127121167,-0.227956287103182,0.331464262461635,1.96954881688222,0,0,-0.579427902682319,0.275016445104202,1.53883195798,-1.31599450867012,14
2,3.74694849657636,0.352840378033634,1.64221270676956,3.34486288306697,0.0179397520921122,0.0304142648815276,0.0357797872828742,0.685563248112212,2.52715276756383,1.3117667941069,15
2,3.99285501637392,-0.574459286491508,1.45717992888989,3.34486288306697,0,0,-0.706539388745828,0.162105097830009,2.51591595587802,0.329972820441378,16
2,4.1470675796368,-1.01902602377415,1.04543493794705,3.34486288306697,0,0,-1.12612129271549,-0.768317734263239,2.1851131065432,0.328755041108519,17
2,4.41381363501042,-0.953381982310634,0.364585653296166,3.34486288306697,0,0,-1.28603269590676,1.0281457296785,1.23748962365019,0.632245741215212,18
2,4.56385829115808,-1.58550724076532,1.20820243343179,4.53312533252622,0.0241076828578764,0.02730470971069,-1.53653755601369,-0.474217830680257,1.94646786255859,-0.656875353103359,19
2,4.75558201845787,-0.3047647664617,1.59385854719932,4.53312533252622,0.0209232740200587,0.0289101257478919,-0.213909691313765,0.259358721670958,2.20621287584388,0.460783082776554,20
2,5.11402203036618,1.13061966736172,1.08153463956914,5.00978692962358,0.022886859153725,0.0279201865709368,1.04120244311201,1.16764602775514,1.86162782080755,-0.291454752474344,21
2,5.26823459362906,2.05911751154616,0.807367125746807,5.00978692962358,0.0203254868276538,0.0292114994704252,1.68711923071377,1.66490687882238,1.97856333645155,1.12932691162404,22
2,5.62667460553736,0.790807274413373,-0.0841369187203916,5.00978692962358,0,0,0.381898894922516,0.22560741256048,0.34967797098097,-1.02570632116892,23
2,5.94760345340875,-0.0235640877844776,-0.222648104019219,5.00978692962358,0,0,-0.167704595412927,1.37152839405391,0.752896972927361,0.0232446578833253,24
2,6.11015183090205,0.683170893251836,-0.778472480632319,5.00978692962358,0,0,-0.0823894664219803,-0.0712416478790063,0.259816073764884,-1.52785166903327,25
2,6.44358440011908,0.0863728831379827,-0.68604598778604,6.4407994879535,0.0164529838462828,0.0181698207110812,-0.415711184395368,1.41668590769737,0.467061693075838,-1.29777961069052,26
2,6.61863649895802,0.727410989365834,1.04058955364582,6.4407994879535,0.0216643783642094,0.0285364988488551,0.412395896852965,0.0906638041947355,1.28840193151939,0.142605926129717,27
2,6.88121464721643,1.52825232925686,0.586834458136092,6.4407994879535,0.0173031227819799,0.0307352208128496,1.2702566997347,2.33206414369997,1.26947699662949,1.18608097366434,28
2,7.15212860970527,1.76496729777618,-0.36000464775383,6.4407994879535,0,0,1.13791265689128,1.03764895363782,0.629667893308693,0.566730420910983,29
2,7.43971420065496,0.772561629116765,-1.73175360014344,6.4407994879535,0,0,0.613261083425215,1.0204441092134,-0.69173489937386,-1.80708002235782,30
2,7.56475141411134,0.0703008173454059,-1.04079167761565,6.4407994879535,0,0,-0.0105234999758108,0.0087485125316229,-0.277731170677489,-2.21069816649615,31
2,7.97737421851742,2.31094853474191,-0.259433364289666,7.83331225594649,0.0222253603785033,0.0282536804143437,1.71204003418079,2.73504367201707,1.08735672220768,-0.250817021737083,32
2,8.08990771062816,2.22236756428627,-0.10036981072976,7.83331225594649,0.020356250843264,0.029195989827484,1.93696644199168,2.4129172248011,0.416606079690534,-1.51742706226177,33
2,8.44417981542126,1.46159407210965,0.0201816723788488,7.83331225594649,0,0,1.19871412903427,2.00727872907008,0.479975023869593,-0.657004879139784,34
2,8.58172075022328,1.02935201358445,-0.191384459287072,7.83331225594649,0,0,0.778591523659755,1.1329626563586,1.10944472085217,-1.74722893952261,35
2,8.77344447752307,0.152164924677862,0.0991734604357345,7.83331225594649,0,0,-0.233816019448021,-0.263646551352375,0.918410554390473,-0.663160728378395,36
2,9.06519797558797,0.66739433136935,1.74086141369318,8.8016597898068,0.0202409365074565,0.0292541254166779,0.431742443635466,1.51938704653114,2.1880392572383,2.04300697712492,37
2,9.28192914557904,1.44884421534382,1.44726172222523,8.8016597898068,0.0166411699951493,0.0310689435457021,0.563560107953572,-0.0192390240979878,2.22884524948784,-0.803057714484208,38
2,9.68621613575469,2.79992483277858,0.897118641344263,9.33480978478463,0.0187815023219707,0.0299898974754657,2.05615072682398,3.06058608191947,1.36816893938519,-0.200121588836528,39
2,9.93212265555225,2.1378469992139,-0.654082329260314,9.33480978478463,0,0,1.65028173212894,0.346219440913027,0.494230637704881,-1.03112898875967,40
2,10.1738612682346,1.53617163836292,-0.681389375268447,9.33480978478463,0,0,1.19395314089023,1.34050545517146,0.203864927894608,-1.92887993919419,41
2,10.4281036022626,0.0464781278391223,-0.625383899011787,9.33480978478463,0,0,-0.323500582293887,0.303867123895972,0.228155132882016,-0.998500175277095,42
2,10.6490026793689,0.407020114932891,-1.60805371717688,9.33480978478463,0,0,0.451622873838926,1.14041247489202,-1.08785535387724,-3.2572251807854,43
2,10.8240547782078,1.13404910400487,-1.14885888072231,10.7034800521385,0.0226154683977192,0.0280570079070955,0.670916565991318,1.61643594652454,-1.16342217491253,-0.596603211807969,44
2,11.2450133968443,2.71838923294817,-0.56121152594936,10.7034800521385,0,0,1.56442641590397,2.30578788628052,-0.0342654500422161,0.0883294645560943,45
2,11.2700208395356,2.51861971844102,-0.645315550890656,10.7034800521385,0,0,1.74534930738592,2.44433183613653,-0.120231651098153,-0.699440787624797,46
2,11.5617743376005,0.954754693656247,-1.07920985192288,10.7034800521385,0,0,0.458781222363504,0.599818177543545,0.191455287337802,-0.490956140573551,47
2,11.9535576064305,2.1840460356309,-0.0893152382506291,11.5728802649107,0.0182953298366484,0.0302350007723685,1.92324342441076,1.17943654927818,0.39945011750684,-0.597032779533794,48
2,12.2286394760345,2.15886106183043,0.684960302460335,11.5728802649107,0,0,2.01984135011203,2.00701348485184,1.49096305123174,-1.83571977128111,49
2,12.3620125037213,1.01232479955278,-0.10327050055842,11.5728802649107,0,0,0.706862704251854,-0.0212169182453799,0.743375909730354,-0.310176477102082,50
2,12.7121167013992,0.742721896924468,0.713391663165465,12.6293458164222,0.0232433660886998,0.0277404540114864,0.275027893667258,1.28434129919253,1.28094648097112,-0.750509718100553,51
2,12.7996427508187,2.03391293854374,0.831430098319868,12.6293458164222,0.0217896142279465,0.028473361332806,1.35056279156711,2.19216933937916,2.32687561536681,0.279224683627055,52
2,13.21643346234,0.535711462716684,-0.189029385633132,12.6293458164222,0,0,0.172942249061291,1.07267215852256,-0.135361401571986,-1.21836164757579,53
2,13.3289669544507,-1.07205524692782,-0.322027650829543,12.6293458164222,0,0,-1.11137792381051,0.136900585576264,0.282815466031616,-1.58058169687625,54
2,13.5165227746353,-0.609951473753855,0.118061936428576,12.6293458164222,0,0,-0.789783919835075,0.709866355928374,1.39379982137271,1.19771779836898,55
2,13.9041381363501,0.766036730733645,-1.22893872206398,12.6293458164222,0,0,0.581624075127115,0.423358065628449,-0.687793749300991,-1.27610258306216,56
3,0,1.55840691242308,-0.188365850737931,-Inf,0,0,1.75567596220098,0.332581099146367,0.620540972807652,-2.37802498331106,0
3,0.20422744864543,1.74065987289622,-0.960246114713583,-Inf,0,0,1.7113086865939,1.09535213159421,-0.072536108572475,-3.88970372956103,1
3,0.370943733253945,-0.219784106392836,-0.369101572633601,-Inf,0,0,-0.139095879448242,0.11953925198734,-0.12762814767378,-2.7412244639382,2
3,0.587674903245013,0.2887170556599,1.71620639055667,0.419302955595776,0.0218215870301542,0.0284572422815121,0.427485883785251,0.841689965683799,3.25839352443079,0.0449032043685561,3
3,0.808573980351295,1.06010810066692,2.71178000930003,0.419302955595776,0.0181525942387563,0.0303069607591591,1.29522461740327,1.22755633099098,3.24663239409695,0.400584001345877,4
3,1.05031259303364,0.880044782492999,1.46424428525524,0.419302955595776,0,0,1.05924150571248,1.24057129439934,2.45936603427011,-1.58319978135986,5
3,1.35873771955939,0.348792688353442,-0.602354817810522,0.419302955595776,0,0,0.14734185398838,1.17336924360186,-0.0474671063766213,-2.63677231070539,6
3,1.66716284608514,1.38122406466174,1.76803600555376,1.40748646636314,0.0203050786432207,0.0292217882330317,1.21191637099177,1.5293903010434,2.84630013452766,0.103675522007766,7
3,1.76302470973504,1.00585284699124,1.56607776183065,1.40748646636314,0.0187128742243119,0.0300244962516326,1.06684290270101,-0.229744034858804,2.3082887571736,-1.40157222910278,8
3,2.10896100029771,0.590624620682185,0.711477658241675,1.40748646636314,0,0,0.813235990286733,0.757328912784722,2.17198324180323,-2.00257450767725,9
3,2.36320333432569,0.385441584735041,-0.757179132312947,1.40748646636314,0,0,0.337637571132293,-0.111354161114253,-0.0274129498683124,-2.17330883668298,10
3,2.53825543316463,0.117829102428512,0.0796667300418541,2.49891370462361,0.0239646966799647,0.0273767960271172,0.556403282819303,1.76726714976583,0.805668331987007,-2.15265663315073,11
3,2.7883298600774,0.754616686707883,-0.188291819049672,2.49891370462361,0.0198111199349864,0.0294708169452065,1.12597131164318,1.50834128709333,0.871400959068494,-1.60178808234139,12
3,3.21762429294433,1.43502056530324,0.247003336985109,2.49891370462361,0,0,1.71969774334294,0.420902397584468,1.23205727711192,-1.94651326179406,13
3,3.43852337005061,1.22647573665703,-0.588471122108134,3.35916705261379,0.0233000798778823,0.0277118618201729,1.56567100280928,0.957738181811703,0.153839025143861,-0.599833592375408,14
3,3.60940756177434,1.29558440031851,0.650673405514739,3.35916705261379,0.0204618024354797,0.0291427761142012,1.42803860572772,2.61387496540747,1.24633426678904,-1.60600133077082,15
3,3.81363501041977,1.92796306457668,0.755691166168915,3.35916705261379,0.0170697147604112,0.0308528931973045,2.12892007618055,1.27124305908555,1.27865068492102,-2.23744844358776,16
3,4.23042572194105,0.383076223455154,-0.407892882604493,3.35916705261379,0,0,0.57928144295112,0.617960116822423,0.812188946860914,-2.34342342321594,17
3,4.41381363501042,0.992922674088671,0.141818771680834,3.35916705261379,0,0,1.53296922834099,0.556593184760048,1.23606374043103,-1.7008437411475,18
3,4.63054480500149,1.4659600617666,-0.337078751593256,4.46862379644747,0.021928733014412,0.0284032247573169,1.36592630664234,1.21697474712008,0.393582740347069,-2.49217206923129,19
3,4.94313783864245,1.36366629077477,0.820124583473539,4.46862379644747,0.0167367620831876,0.0310207509049295,1.61306564957909,2.28212913367188,1.40013991947843,-1.04581669993612,20
3,5.0890145876749,1.92249990475868,0.727378697393844,4.46862379644747,0,0,1.77174959721554,0.73334340777774,1.81912743779734,-0.872388312634325,21
3,5.25989877939863,1.26579386894379,0.122759549147136,4.46862379644747,0,0,1.31912720565943,1.15688396128774,1.18330955622057,-2.84551932336585,22
3,5.5724918130396,0.858536010841237,-0.481151389039384,5.41857243258542,0.0220616349540785,0.0283362223979531,0.920961266835612,1.54719709391826,0.884016280803797,-1.98972466375696,23
3,5.97261089610003,1.87032494945108,0.183238613616373,5.41857243258542,0,0,1.92564798532101,1.41824761890328,1.34268235830518,-1.62576326207053,24
3,6.06847275974993,2.34397043534137,-0.480397236066468,5.41857243258542,0,0,2.39035489920992,1.92501543256657,0.435234909224715,-2.16188059365541,25
3,6.47275974992557,1.02478228368385,-1.09490150037547,5.41857243258542,0,0,1.22586310539362,1.17151512165861,0.0824058240170327,-2.45529861996182,26
3,6.58529324203632,1.29608366609236,-0.160302095146903,5.41857243258542,0,0,1.22462841453024,2.02649113885636,0.664467626685861,-2.17068222345889,27
3,6.8687109258708,0.159098475470638,0.491338936210126,6.73152012595764,0.0223394860081404,0.0281961441099994,0.584321514501781,0.365759930463221,1.17032251602456,-1.59326888525019,28
3,7.20631140220304,1.22628065210092,2.42680306625174,6.73152012595764,0.0167321574024143,0.0310230723494145,1.53792794740404,0.0376720281020779,3.54328336287924,-0.147697962174547,29
3,7.31467698719857,-0.210772443232048,2.28397576024653,6.73152012595764,0,0,0.00120860400116835,0.615189191007067,3.38792607439711,0.11732197426738,30
3,7.73563560583507,-0.120561032323299,0.719280776369179,6.73152012595764,0,0,0.110719196703529,0.568576221471109,1.88224763764304,-2.1274570455014,31
3,7.94819886871093,-1.21284947052618,0.919526596655227,7.8620234131222,0.0231868183421142,0.0277689624925995,-0.742396614529227,-0.8386177329006,1.63376976345879,-1.66865489556595,32
3,8.06490026793689,-0.482269455006358,2.09845261173538,7.8620234131222,0.0212484825277949,0.0287461722543813,-0.318905463553085,0.302460336869588,3.16567184937486,-0.327348733967309,33
3,8.25662399523668,0.641751472461786,1.90217232255164,7.8620234131222,0.0180640736899763,0.0303515882915834,1.01447904842089,1.15502324847658,2.66494234506535,0.10679602477412,34
3,8.74010122060137,0.434032349846733,-0.193907792551628,8.63304143974987,0.0228399430185624,0.0279438392862768,0.701760879751747,0.0489878359750662,0.793707834292706,-2.77084270500205,35
3,8.77761238463829,1.26623925693103,-0.052908879307615,8.63304143974987,0.022216906506816,0.0282579424239894,1.06024629891603,0.974861303368174,1.13616807981093,-2.49304834737226,36
3,9.11938076808574,2.31216471344588,0.570688279198995,8.63304143974987,0.0165403516220191,0.0311197710120583,2.16548583931499,2.47692764975005,1.04393112405215,-0.349075440961984,37
3,9.30276868115511,0.904539909048428,0.0769989680352043,8.63304143974987,0,0,0.848612475247093,0.459757454220091,1.28880704071657,-2.20723817449923,38
3,9.67371241440905,-0.516002182249268,0.285922521604898,8.63304143974987,0,0,-0.496344671850449,-0.931456719992909,0.822753622423882,-2.00684908556883,39
3,9.78207799940459,-1.18271005059787,0.534274132709187,8.63304143974987,0,0,-0.248683786282647,-0.425655066127228,1.27380599030705,-1.71417558263268,40
3,10.0404882405478,0.621874170685939,0.82892760457406,8.63304143974987,0,0,0.842234969086878,1.44760396687071,1.21966656394258,-0.0293026586126655,41
3,10.3697529026496,-0.00554411966297356,2.9279626625928,10.0944584524563,0.0200456724531803,0.0293525675640878,0.301554721294697,-0.205812431975291,3.96917915306832,0.987482592465492,42
3,10.6948496576362,0.255386419983257,2.55488061255216,10.402648535772,0.0197648634190291,0.0294941371142863,0.409703699031782,1.0950820968124,3.08150905179463,-0.0873684877272467,43
3,10.7657040785948,0.76328741682684,2.44879159393927,10.402648535772,0.0185880166746266,0.0300874430410909,1.04990902831219,0.388356761697664,3.19244808463279,0.258155872475572,44
3,11.0282822268532,-0.564435939242386,2.13739615867305,10.402648535772,0,0,-0.209585487755932,0.101374918460376,2.63946568889239,-1.43919867666964,45
3,11.3408752604942,-0.73519512676699,1.08425913583859,10.402648535772,0,0,-0.578904579922892,-0.121990833505497,2.44315951730596,-0.867325290630638,46
3,11.5034236379875,-0.695540154674807,1.15138978812084,10.402648535772,0,0,-0.50191329129031,-0.388652749427056,2.32085985477891,-0.686208675707241,47
3,11.9368859779696,-0.0025944681784319,-0.0334831668540733,11.6589235982893,0.0200013598458852,0.0293749077138694,0.06041903545929,0.63058409767163,1.27823358089812,-2.19346322312263,48
3,12.1369455194999,0.228459902567832,0.907335689869488,11.6589235982893,0.0166784984499093,0.0310501244483541,0.678651698476276,0.523933729035418,1.71903309313091,-0.843332525348764,49
3,12.4036915748735,0.169570001978638,0.938843058534901,11.6589235982893,0,0,0.415180960563548,0.594981779709527,1.98177822322421,-0.0213838558785886,50
3,12.5912473950581,-1.58857786314498,0.535132888080726,11.6589235982893,0,0,-1.21934753580371,-0.305379344194056,1.44138368832049,-2.3342109990926,51
3,12.7704674010122,-1.53933473837159,0.949505590336569,12.7509138621873,0.0242933658911424,0.0272110978239473,-0.857183347904905,-0.553523795376493,1.59417203893499,-2.17098561245096,52
3,13.2247692765704,-0.491246619144842,2.53939558213307,12.7509138621873,0.0167477014710979,0.031015235825143,-0.112314143803437,0.0795814557316568,2.90985024598708,-0.174974218739334,53
3,13.2664483477225,-0.00547189535110466,2.48378345959338,12.7509138621873,0,0,0.43463614059309,0.394253389809703,3.70503765154902,-1.76230213684776,54
3,13.5165227746353,-0.128792473485169,-0.431314202051657,12.7509138621873,0,0,0.212436631554324,0.252916092705255,0.435308366488545,-1.7494739174937,55
3,13.8791306936588,-0.00881336560522847,-0.409617327242792,13.8696557393065,0.0244607647515807,0.0271267038818397,0.49843740641258,0.788465378607079,0.570877971850482,-0.964349962150493,56
4,0,-0.812887142587955,0.371084160056013,-Inf,0,0,-1.13055225254189,-0.92232586539028,-0.691870216360424,-1.13163200579051,0
4,0.195891634415004,0.465960901518759,0.0606149343973916,-Inf,0,0,0.0338631392908891,0.771592489104421,-1.18115393475583,-1.18303156003395,1
4,0.404286990175648,1.23062110914851,-0.90443120780807,0.384081606601831,0.0242825391655838,0.027216556105139,0.728742660701076,0.243926208157157,-1.6691942013026,-1.1508469820812,2
4,0.52515629651682,1.37312641331596,0.546672796300308,0.384081606601831,0.022274977072177,0.0282286662155485,1.31377368834861,0.290072931980388,-0.370770207882967,-0.391699611776972,3
4,0.912771658231617,1.30401263305387,0.484278375613601,0.384081606601831,0,0,0.904108457739773,0.69888106349119,-0.42164721430954,-0.115828317289249,4
4,1.15867817802918,0.808649305119228,-0.608909622750773,0.384081606601831,0,0,0.962183679735711,0.684236587382863,-1.45820949413603,-1.55092125131858,5
4,1.41292051205716,0.433589751181861,0.0256879015169091,1.30939932970617,0.0228987168829046,0.0279142085104674,0.210131369942045,0.681467349867079,-0.616900016639879,-0.783918768624466,6
4,1.63798749627865,0.478983345006236,0.205106063476238,1.30939932970617,0.0191604978124225,0.0297988273367483,-0.189120854563678,0.596769483536016,-0.0348452406505204,-0.454436755949785,7
4,1.77552843108068,2.55774874013338,0.342949493718105,1.30939932970617,0.0168760306026843,0.030950538841698,2.04753692016957,1.78984275611427,-0.420957554800038,-0.491392211496587,8
4,2.22149449240846,2.03234506146197,0.729733594316821,1.97927487117346,0.0205950242685675,0.0290756124809376,1.69430243251803,0.321255920185097,-0.116523324120757,-0.317727756389294,9
4,2.25483774933016,1.99836913250536,0.912811763147493,1.97927487117346,0.0200412140359016,0.029354815270013,1.59349919685307,0.424953777338139,-0.124399778947963,-1.55685500036228,10
4,2.58827031854719,1.08437320400861,0.847150026081876,1.97927487117346,0,0,0.749091235229952,0.653999528071798,-0.0717580661791429,-0.935042954348221,11
4,2.84251265257517,0.69237941989936,1.29504079565709,1.97927487117346,0,0,0.292236300040444,0.0790926234501268,0.316520230038055,-1.03924407336607,12
4,3.22179220005954,0.910883974646091,0.66536618129167,2.93052807426474,0.0197804263261729,0.0294862910926354,0.557053296262513,0.24492389449071,-0.199186841473124,-0.421056909576266,13
4,3.43852337005061,0.44094548079669,0.432750456943402,2.93052807426474,0,0,0.361136460374118,0.757810257264956,-0.48244763886085,-0.935857076501853,14
4,3.73444477523072,0.693285011994532,-0.228201256657525,2.93052807426474,0,0,0.404116506644455,-0.226078904606396,-1.17311496145021,-1.31197623389522,15
4,3.77612384638285,0.396591690920214,-0.293627132451062,2.93052807426474,0,0,0.351195715045985,-0.00982414129176198,-0.658198564187906,-1.19330812291877,16
4,4.17207502232807,0.111644350597344,0.123023622589661,4.04145232233434,0.0224485779589684,0.0281411455290043,-0.493667489617358,1.70087399532259,-1.01462375758362,0.213503180716049,17
4,4.31795177136052,0.0579820087332168,2.12030703569329,4.04145232233434,0.0200256581910591,0.0293626577312173,-0.34090553362965,1.30069630677177,0.979066358318445,1.52593192803983,18
4,4.70139922596011,1.16086887499605,0.258575315002272,4.04145232233434,0,0,0.889177714266654,0.768085988500698,-0.910494928759879,-1.86517483159649,19
4,4.83060434653171,0.756006098031749,-0.532951240016174,4.04145232233434,0,0,0.358732169735284,0.592754223633667,-1.11994237109781,-1.57293579134302,20
4,5.19738017267044,1.33934212984838,-0.475790804679906,4.04145232233434,0,0,0.796575440383874,1.19240962374233,-1.43261748289132,-1.65952470834592,21
4,5.26406668651384,1.25809888655935,-0.422379776760045,5.24926395287307,0.0243722737354086,0.0271713165254166,0.962870570941741,0.558261676066066,-1.36924366069968,-1.6565921651731,22
4,5.58916344150045,1.65488964761835,0.878242248523119,5.24926395287307,0.0189726239669357,0.0298935437189333,1.23648637175545,0.831305789712266,-0.0195623891134837,0.010683018377026,23
4,5.77671926168503,2.41305332627421,1.18952458528143,5.24926395287307,0,0,1.87790275419635,0.266102125570454,0.292278731739216,0.732635908427234,24
4,6.2226853230128,2.01497167170551,-1.87854471317564,5.24926395287307,0,0,1.36918292037447,0.52639632346228,-1.94788827812329,-3.77497527563437,25
4,6.34772253646919,2.94557683927821,-2.11766470817335,5.24926395287307,0,0,2.48743590670309,1.38001345322791,-3.41755771711681,-2.48649110332874,26
4,6.70616254837749,1.26539442147389,-0.722463759347967,6.3598813876635,0.0188666284635152,0.0299469812295447,0.795845135501788,-0.0107984744434028,-1.40450312397432,-1.19651797443428,27
4,6.94790116105984,1.19995761349761,-0.462828950207884,6.3598813876635,0,0,0.884940484180822,0.214578924634648,-1.07429860413551,-1.57475806533571,28
4,7.1938076808574,2.42848217715872,-1.06439647827041,6.3598813876635,0,0,1.94402695009327,1.37785131722229,-2.22186420036626,-0.933703345650389,29
4,7.26883000893123,1.80364442172216,-1.07823758023517,7.26376072383629,0.0245339401082013,0.0270898126103101,1.16247826900451,1.04045840452991,-1.95465882455975,-1.92356796377454,30
4,7.57725513545698,2.53002192270332,-0.432801307351807,7.26376072383629,0.0194111954560653,0.0296724384092927,1.89084048052039,0.787752458354715,-1.29048226354469,-1.20891770309827,31
4,7.89401607621316,1.32367020827724,-0.9237635939959,7.26376072383629,0,0,1.13342554012653,0.732448908119821,-2.01662004022652,-1.71980961822531,32
4,8.17743376004763,1.25704171106139,-0.735793062781638,7.26376072383629,0,0,0.875876302649455,0.036528775814436,-1.93986903969192,-1.40881198683928,33
4,8.41083655849955,0.0306272588347883,-0.547582285474132,7.26376072383629,0,0,-0.408861422782611,-0.0643209630802248,-1.18399072637573,0.0109069948902929,34
4,8.72342959214052,0.410405309787528,-0.654178297518177,8.67780519333632,0.0238603455337003,0.0274294045369772,0.456838743460451,-0.131933699662422,-1.85550966769974,-2.09823307507096,35
4,8.79845192021435,0.501402580080436,-0.383923198377494,8.67780519333632,0.0226142725101954,0.0280576108123927,0.294055420446462,-0.277301214362623,-1.33651472012365,-1.58961684875728,36
4,9.19857100327478,0.266209321161957,2.08814781877769,8.67780519333632,0,0,0.0386410921104289,0.563219347556616,0.814546282085974,0.865830656218683,37
4,9.34444775230723,0.284049586065678,1.38091450052264,8.67780519333632,0,0,0.240242333409347,-0.940912265976948,0.335987922460922,0.381080073283438,38
4,9.57368264364394,0.10339947824581,0.978900171713158,8.67780519333632,0,0,-0.164004455232511,-0.932850025982878,-0.0555859613143265,-0.0908933814905247,39
4,9.9487942840131,0.549934199154831,0.538476973171481,9.92389884168067,0.024204640280703,0.0272558287379607,0.279781714466025,0.0140018117988922,-0.469200202699011,-0.310126187846451,40
4,10.1863649895802,0.90301418807549,1.55855950783648,9.92389884168067,0.0202587423729742,0.0292451486101459,0.514459801824226,0.783739175732526,0.413757726948639,-0.576586975750958,41
4,10.2613873176541,1.34739099094257,0.859038711263756,9.92389884168067,0.0190126693494804,0.0298733548855727,1.25681426024505,1.79281191179511,-0.338935416647461,0.115800844300351,42
4,10.7073533789818,0.784399424460646,-0.186719977946745,9.92389884168067,0,0,0.70402270086333,0.928701165510008,-1.07715344086846,-0.377938260823563,43
4,10.9782673414707,1.11350591646339,0.680339766699198,9.92389884168067,0,0,0.640783068282745,0.14585010260722,0.00967160897154579,0.465481367434311,44
4,11.0157785055076,1.05646673097186,1.15884331537659,9.92389884168067,0,0,0.836137224722644,1.05727735900544,0.965386876434518,-0.066571802691577,45
4,11.336707353379,0.925855350164338,0.484734925133446,11.1338341451537,0.0212485430953087,0.0287461417193218,0.458354403132258,0.308166326252188,-1.07809644878214,-0.781928710511677,46
4,11.5951175945222,0.469592695210094,0.997737010452207,11.1338341451537,0.0169565137921647,0.0309099633346813,0.298467308746009,0.248622234192224,0.213662877202721,0.988478730878162,47
4,11.7785055075915,0.999171711834417,-0.894162561368671,11.7537965575502,0.0242077377987221,0.0272542671278297,0.605668494051358,0.772353570063703,-1.86968822226405,-1.03352442744955,48
4,12.1411134266151,2.40422203178876,-0.115391003125918,11.7537965575502,0.0181850515185027,0.0302905974590595,1.69974542603795,0.799006234192698,-0.628794860550485,-0.369104406587856,49
4,12.4245311104495,2.45255122769612,-0.710869886622707,11.7537965575502,0,0,2.01723479666132,1.75174922736377,-1.67511066457992,-2.34516498997715,50
4,12.649598094671,2.90837478867433,-0.79427201561852,12.5639392726374,0.0231953992959739,0.0277646364146151,2.46089131520947,0.884144719501357,-1.99277155406739,-2.44745031128982,51
4,12.9413515927359,2.85348298345531,-1.04114257120102,12.5639392726374,0.0183495597601738,0.0302076608190651,2.28135538341994,1.94974703454635,-2.03899956053631,-1.86649443195195,52
4,13.1038999702292,3.24142061260472,-1.06333625574636,12.5639392726374,0,0,2.86018682167655,2.68623287020935,-2.12285089490541,-1.13557237533769,53
4,13.2539446263769,2.77441737754557,-2.09058461369717,12.5639392726374,0,0,2.05449576221449,0.373773568840092,-2.653516730895,-3.97252008195314,54
4,13.6290562667461,1.97956979463122,-2.31291926574341,12.5639392726374,0,0,1.71603876793028,1.20742281185953,-3.11933237443186,-2.98362101819347,55
4,13.9583209288479,2.92032026064184,-0.767887264264271,13.7996837753919,0.0219832757532934,0.0283757270985056,2.5385271206253,2.03591756805642,-1.49152265645131,-0.619574479209562,56
5,0,0.32982069891687,0.486791634871537,-Inf,0,0,0.371552321601022,-0.630491717885524,-0.471836494480035,0.845333197413005,0
5,0.0333432569217029,0.409942618799903,0.726029525683972,-Inf,0,0,0.907599741148465,-1.95674626159618,-0.692301158068223,0.390072641911516,1
5,0.487645132479905,0.262086705728033,-0.612314521438208,0.390842609689571,0.0230103095333532,0.0278579492046463,0.558798032273571,0.160889536477201,-2.21178138743471,-0.240890608192838,2
5,0.654361417088419,0.437905828154488,0.302783617462876,0.390842609689571,0.0202412583700326,0.0292539631500398,0.505612308347055,-0.970276560324855,-0.61057475860266,0.196555465088223,3
5,0.787734444775231,0.496009010282736,0.887175367824258,0.390842609689571,0.0180260174393773,0.0303707743063541,0.753438555286002,-0.306997801871126,-0.230036760471877,0.346981885471642,4
5,1.20869306341173,0.634759697992128,2.18498787256092,0.819262479499985,0.0181499440629305,0.0303082968422392,0.87487960651784,1.01149872195761,0.811448328509417,1.94857041941092,5
5,1.4254242334028,-0.464814271483445,1.20558640525922,0.819262479499985,0,0,-0.686274581985451,-0.500386885565282,0.562166764141101,0.590500953839434,6
5,1.65049121762429,0.0422473509875622,0.065427860228527,0.819262479499985,0,0,0.44512183566583,0.0523933929262143,-0.988843247446354,-0.321959525039829,7
5,1.97142006549568,-0.151766478996988,0.895194136661449,1.76657086601123,0.0212157231406954,0.0287626878615357,0.182552100826063,0.0235927232785242,-0.562134360154047,0.410107500731633,8
5,2.15480797856505,0.599803388535652,1.38644957854745,1.76657086601123,0.0181697668610454,0.0302983032014695,1.17667863522223,-0.509296492205295,0.496097937326143,3.8757333789344,9
5,2.37987496278654,1.67736284596266,0.494716456573387,1.76657086601123,0,0,2.02369604111246,0.20730929178229,-1.23979677132772,-0.96788744294919,10
5,2.55075915451027,1.55746851147762,-0.0188346026294325,1.76657086601123,0,0,1.8132213724282,0.926572278755185,-1.33033475525153,-0.120840391069242,11
5,2.9800535873772,-0.494548789254315,0.390043612762975,1.76657086601123,0,0,0.0957788501091708,-0.318442046185081,-0.399523375359736,-0.0766070353181669,12
5,3.11342661506401,-0.583395101447036,-0.381590289443403,3.11216133394673,0.00750016302348669,0.00829231048537982,-0.399211580095903,-0.748572691402179,-1.93165296791208,-0.538289817615941,13
5,3.38017267043763,-1.494506930284,1.5461637003685,3.11216133394673,0.0201666403269424,0.0292915817502677,-0.657060059211003,-1.09304899921232,0.572433616328044,2.04710293582989,14
5,3.6302470973504,-1.63184116712345,2.25554152306582,3.11216133394673,0,0,-1.07279187125844,-1.08391355181607,1.54467799319187,3.00150656142139,15
5,3.84281036022626,-2.42270256193683,2.84359844497571,3.11216133394673,0,0,-1.9060372505507,-1.89399508659713,1.58916171322461,2.19227833168593,16
5,4.08038106579339,-2.03706133836257,1.26860063671772,3.11216133394673,0,0,-1.32129732246656,-1.56299686162889,0.188562834285585,1.23453224284326,17
5,4.45132479904734,-0.351297610320079,2.74239047406203,4.20705670366744,0.0205610004194431,0.0290927655651714,-0.0852658812932557,-0.202611472624604,1.87966459883877,3.02105834180199,18
5,4.51801131289074,0.218522865253431,1.78298468900865,4.20705670366744,0.019453379954116,0.0296511711433288,0.582208256812511,0.190172031736338,0.88180181071466,0.691486718623546,19
5,4.91396248883596,0.288954295634083,2.05796995947915,4.20705670366744,0,0,0.713607311176651,-0.46748970308719,0.789185179411471,1.88478089836616,20
5,5.17237272997916,-1.07759803011431,0.932219352823511,4.20705670366744,0,0,-0.360886905204258,-1.17332353910739,0.311333446130139,2.3378126099496,21
5,5.25989877939863,-1.19049171824737,0.287458167689813,4.20705670366744,0,0,-0.500209400077293,-1.71534715652153,-0.973208650210544,-0.10047403187131,22
5,5.68085739803513,-2.30826533578749,2.10026103057497,4.20705670366744,0,0,-1.64256524288684,-1.12399545940144,1.51826030128016,2.73395447265745,23
5,5.93509973206311,-1.34123538617336,2.08993642416321,5.81283924208524,0.0225874689342964,0.0280711238042289,-0.917746876841177,-1.89870372711824,1.21773604967067,0.747299947006222,24
5,6.18100625186067,0.362928872447826,3.09618450936338,5.81283924208524,0.0185031184683954,0.0301302443736775,0.492622020885111,-0.88480766008946,2.09794821805068,3.54746531981279,25
5,6.39356951473653,-0.824749582672326,1.58440229015603,5.81283924208524,0,0,-0.773659607203277,-2.09039979528738,0.657259220475492,1.10383903158102,26
5,6.61446859184281,-0.250737857298395,0.421895669898309,5.81283924208524,0,0,-0.0299062888428205,-0.761385414098779,-0.917980284337081,-0.0841658200920639,27
5,6.87704674010122,0.618452684589488,0.346275058204116,6.66215709924089,0.0210489578127776,0.0288467624089727,0.493725376100068,0.624922762669242,-0.680036154281784,1.26610439307966,28
5,7.23965465912474,1.1271013768342,0.440818254546965,7.23034104743184,0.0244634445502467,0.0271253528644217,1.31536833959657,-0.377678697031457,-0.567101241877923,1.25055513701783,29
5,7.49806490026794,1.19728340259695,0.437909443386521,7.23034104743184,0.0201714152471064,0.0292891744797865,1.4232969558083,0.283469404969267,-0.901989984915266,0.514500991872594,30
5,7.60226257814826,1.91235342880616,0.583031227332259,7.23034104743184,0.018440758270031,0.0301616831956573,1.84683108530735,0.682202847000801,-0.447153677302963,0.778221947121103,31
5,7.85233700506103,0.625249856119181,0.0984368231734806,7.23034104743184,0,0,0.737064166324023,-1.07668217786085,-0.854670215851596,-0.367342144576092,32
5,8.17326585293242,0.55370530943279,-0.650054886166248,7.23034104743184,0,0,1.01953628529258,0.460486234250592,-2.07959637886325,0.757424348344284,33
5,8.48585888657339,1.11179255358739,-0.0455196136511666,7.23034104743184,0,0,1.31265658753119,0.226029482691731,-1.44625541907176,-0.274357380549302,34
5,8.54837749330158,1.15797314515884,-0.429380602345183,7.23034104743184,0,0,1.56719140532664,0.534173538315759,-2.04197595839364,0.166982939797102,35
5,8.95683239059244,0.924251766402169,0.523439205702514,8.57818579867912,0.0183290592924843,0.0302179961061538,1.17199382205779,0.340675486121757,-0.558567206884309,-0.0608486850899059,36
5,9.17356356058351,0.592078984841646,0.21126965871985,8.57818579867912,0,0,0.752048525077511,-0.012389973267148,-0.991335073836635,0.855077581832595,37
5,9.35695147365287,0.752796364543553,0.876353272996342,8.57818579867912,0,0,1.39280840181766,-0.915158906620236,-0.445098167836155,1.03716247041941,38
5,9.67371241440905,1.20473068859267,1.39222094924478,9.3732013184416,0.0196268400489044,0.0295637214369175,1.12308569622176,-0.224671713387094,0.12510168464906,0.836990907659212,39
5,9.87377195593927,1.16636045152075,0.80871035459379,9.3732013184416,0.0140569482319746,0.0269204515182539,1.13425006121903,-0.413526050300411,-0.114819304910061,1.93272874064062,40
5,10.2488835963084,-0.506843281612526,0.223321182994017,9.3732013184416,0,0,-0.131490074516636,-0.976644461846031,-1.23926083602661,0.189595855628531,41
5,10.3655849955344,-0.0741158069371634,1.13695699531439,9.3732013184416,0,0,0.0399010754007651,-0.770183224410399,0.472265233751207,-0.271260015673219,42
5,10.6114915153319,-0.465042807589518,0.47436707901852,9.3732013184416,0,0,-0.0215839489255792,-0.292893244424521,-0.790570564631156,0.562635501129448,43
5,10.9407561774338,-0.229309473001062,0.163322225509708,9.3732013184416,0,0,-0.494578259854175,0.606187765117608,-0.693409297962094,-0.576235360100748,44
5,11.1199761833879,-0.841299534758997,0.65546296945115,11.0393343664527,0.0232787285510512,0.0277226260669399,-0.333808052078205,-0.0442977871351586,-0.350871616115455,1.6733036356628,45
5,11.3408752604942,1.03099563172983,1.87754436739172,11.0393343664527,0.0196097357596528,0.0295723445445866,1.37507631226146,0.976360794009626,0.799221654685123,1.49569000615768,46
5,11.6534682941352,0.203033646893476,0.69858953136998,11.0393343664527,0,0,0.07822385140911,-0.246172272449521,-0.42848437789003,0.76837117305908,47
5,11.7951771360524,0.348101713520402,0.793921836327594,11.0393343664527,0,0,0.276001722613332,0.323075121490017,-0.265876834896458,1.89616554417681,48
5,12.0202441202739,0.396038428464924,1.49413001155286,11.808945358618,0.0211086000262703,0.0288166938559433,0.827567756849319,-0.134998319988735,0.426487764677145,2.2246053121904,49
5,12.3036618041084,1.28125063916945,1.78977319357756,11.808945358618,0.0164012130486182,0.0311899175630993,1.36438046346516,0.884446388293029,0.630967448728243,0.88966486591848,50
5,12.512057159869,-0.57497166991471,1.03181773551056,11.808945358618,0,0,-0.29519008242756,-0.407614728317421,-0.596298772561619,0.701610897490375,51
5,12.7954748437035,-1.1770036393019,0.0736989111476854,11.808945358618,0,0,-0.620085944815584,-1.40886397625302,-0.932018351883301,-0.916055812152655,52
5,13.0497171777315,0.188706275574589,1.54747907541497,12.8792593849375,0.0217869424725533,0.0284747082952017,0.60739343094702,-0.99126127531732,0.330028388772997,0.377216598401814,53
5,13.4248288181006,0.907253942318202,1.11250711572664,12.8792593849375,0,0,1.0296418080605,0.811679624710193,0.175742269975918,-0.425196603986979,54
5,13.5998809169396,-0.211513352576159,0.207744612158496,12.8792593849375,0,0,0.228695371657875,-0.719333927132795,-1.17310140525589,0.0562238733804473,55
5,13.8207799940458,0.674683259484139,0.344737966021984,12.8792593849375,0,0,1.27573448110975,0.025907510062304,-1.25490919975528,0.422107817691677,56
6,0,1.65724814198175,0.221810949055569,-Inf,0,0,1.74693086690703,-0.552454245448987,0.936473130626918,-0.212378921632243,0
6,0.0708544209586186,0.994672539572947,0.465285179741981,0.0580222176387906,0.0244050029873256,0.027154816110869,0.971605412689792,0.422538034145933,0.926565697078328,-0.304975940831702,1
6,0.416790711521286,1.25126197784572,0.190203452971956,0.0580222176387906,0.0186592218234375,0.0300515450475596,1.1560936020911,-0.773830571494381,1.13431654251798,1.16601481187582,2
6,0.512652575171182,1.49951115933975,0.263385178641976,0.0580222176387906,0.0170670174045287,0.0308542530661606,1.78510153699083,-0.32794242536633,1.33140605139516,0.080610739874289,3
6,0.812741887466508,0.625892619040818,-0.975061477786136,0.0580222176387906,0,0,0.690323536872764,-0.615586989473343,0.185335599648238,-2.28211961866524,4
6,1.2003572491813,0.313865203345232,0.207434013386943,1.12222203765817,0.0233203616683424,0.0277016367789388,-0.0862407221220353,-1.43928087502281,0.242541064451796,-0.1443760829633,5
6,1.34206609109854,0.469269870690752,1.0094880918124,1.12222203765817,0.0209666681795216,0.0288882486325245,0.623638447838805,-1.00013293811568,1.43653258349516,1.28508234017547,6
6,1.683834474546,1.48431170605233,0.610901982877077,1.12222203765817,0,0,1.63340811476138,-0.709808856448151,1.27399791915476,0.930778444007175,7
6,1.82971122357845,1.04577723030939,-0.0177826674262279,1.12222203765817,0,0,0.716842795096574,-0.0540060969814057,0.632807758137435,-0.362450161070958,8
6,2.11729681452813,0.555694664002713,-1.0999892045762,1.12222203765817,0,0,0.644822113868705,-1.96135029508712,-0.78023934739758,-0.206366887261562,9
6,2.4632331050908,0.839981909043455,0.131854178626134,2.40345328563932,0.0236252330244206,0.0275479362369333,0.954661615344202,-0.00673725392745483,0.721773341249982,-0.66800477161369,10
6,2.65912473950581,2.29639409429702,-0.18185812143112,2.40345328563932,0.0203715979075209,0.0291882526227706,2.3238177083902,0.948160306508007,0.553846425424437,-0.180268562803384,11
6,2.94254242334028,2.63449377336633,0.464103907110411,2.40345328563932,0,0,2.14924398246476,0.179227468819789,1.37431148944797,0.462220577723314,12
6,3.00922893718369,2.78396024906303,0.158244598634615,2.40345328563932,0,0,2.39679437130482,-0.469650615357691,0.960825588480603,0.32764175215248,13
6,3.44685918428104,2.49572891694672,-0.886491559287737,3.1112400655581,0.0190437181812239,0.0298577016529227,2.45761859586143,-0.76104108212953,0.0522501335735258,0.938415944466582,14
6,3.53021732658529,3.24251607668459,-0.453803171450679,3.1112400655581,0.0176591925995636,0.0305557086256193,2.86026695017755,1.55955157317275,0.419095016924506,0.860844601565528,15
6,3.93867222387615,2.59032991140298,-2.95057190621046,3.1112400655581,0,0,2.29947214445688,-1.22088309936924,-2.10858845106466,-2.53794545646039,16
6,4.15957130098244,1.57969583030853,-1.64468979362761,3.1112400655581,0,0,1.42087796860562,-0.692259265346046,-0.876024421984109,-2.01230722748985,17
6,4.35963084251265,0.907711183435168,-1.39986416567552,4.21312555737543,0.0221847783489223,0.0282741397976881,0.681136964387435,-0.11160449340444,-1.00398318765813,-1.21577563050157,18
6,4.65555224769277,0.647436793685021,0.678224821961511,4.21312555737543,0.0172697125340292,0.0307520645507613,0.754770777255206,-1.66691429137838,1.13251217488373,0.131742982908361,19
6,4.75974992557309,1.04217027422774,0.61424874877283,4.21312555737543,0,0,0.948472973496516,-0.633634959351271,1.64104701303409,0.895130220094325,20
6,5.24322715093778,1.90553504467533,0.319454891747825,5.00850813010743,0.0207196044577484,0.0290128055224673,1.70065130934775,-1.97089211509181,0.950852420557524,2.11512549398213,21
6,5.35992855016374,2.38474767013413,-0.205276093293034,5.00850813010743,0.0187812686434245,0.0299900152842427,2.24439601581764,0.471577958133193,0.327691724523769,0.362558072319762,22
6,5.639178326883,3.04454460263016,-0.7921098102386,5.00850813010743,0,0,2.63723693332707,0.728172224555011,-0.160961041136779,-1.89116049175428,23
6,5.99345043167609,3.13455817076509,-2.93268522695638,5.00850813010743,0,0,2.64949004263325,0.864490638931007,-1.67201891943449,-2.35140957193007,24
6,6.03929740994344,2.62135150908521,-2.7496340861096,5.00850813010743,0,0,2.2591554635697,1.15206606152614,-2.18751883049894,-2.59291840136626,25
6,6.39356951473653,2.71934416365912,-1.85959947857138,5.00850813010743,0,0,2.50279450623478,0.64917284576971,-1.58748720055847,-2.49278594755723,26
6,6.68532301280143,3.19072379843123,-2.02515077424072,6.56011105770102,0.0225384469809196,0.0280958381653966,2.89180609346768,-0.468561105312135,-1.52614474633549,-1.79445944101435,27
6,6.76451324799047,2.94031796294217,-1.61092006123722,6.56011105770102,0.021223147678343,0.0287589447894585,2.67147038932586,-0.0726174730288327,-1.06524583254355,0.567113106022637,28
6,7.05626674605537,2.5941481509814,-1.56178342193798,6.56011105770102,0.0163773081425341,0.0312019691938968,2.51852665572838,-0.155463148867107,-1.392512922648,-1.5185264146453,29
6,7.42304257219411,1.39131560220725,-0.514225581230655,7.17853934083743,0.020557094960829,0.0290947344976212,1.36083821561112,-0.00493528396612741,-0.314555240016761,0.59132956113072,30
6,7.6147662994939,1.96921155252387,-0.158812481962359,7.17853934083743,0.0173726861230114,0.0307001505348233,1.65715210147958,-0.340554446052018,0.414881439367195,0.586192393747041,31
6,7.87734444775231,1.61548164536511,-0.432053288575839,7.17853934083743,0,0,1.57956604770802,-0.455409670668136,0.0557594737241374,-0.0487367116336518,32
6,8.13158678178029,0.239124396324347,-0.0200588292075575,7.17853934083743,0,0,-0.0884877854296442,-1.04099036715322,0.173195826742723,-0.0598765262122304,33
6,8.29830306638881,-0.658896375720976,0.674974860428965,7.17853934083743,0,0,0.0310840960302667,-1.8297825739028,1.40024923431238,1.09886420655706,34
6,8.62756772849062,-0.529008330933296,1.44959318659827,8.34341356408281,0.0198985182504073,0.0294267551854521,-0.576592430459186,-1.03426528775621,1.96037974913445,0.914429583277953,35
6,8.82345936290563,-0.385557342329722,2.52794945156869,8.34341356408281,0.0166448831334976,0.0310670715712761,-0.599251773152606,-1.35257296617337,2.74052184610754,2.21491409612835,36
6,9.17356356058351,-0.666101394669246,0.745456985464183,8.34341356408281,0,0,-0.874859832529187,-1.87503041821868,1.15899305194215,-0.0517754070443224,37
6,9.37779100922894,-0.451921806720878,-0.110876236765198,8.34341356408281,0,0,-0.389395946847468,-2.58919587520504,0.0827861296236336,0.315244456623918,38
6,9.54450729383745,0.292757983301177,-0.528141736655142,8.34341356408281,0,0,0.173463746830978,-1.17767937801189,-0.496412524979231,-0.707474934556466,39
6,9.8195891634415,-1.03180068131009,2.18560013230918,9.81053671516263,0.0244677823079956,0.0271231659888631,-0.831739560176092,-1.3368233184421,3.53267753053801,2.17466824884159,40
6,10.2322119678476,0.171937711380626,2.85425690750361,9.81053671516263,0.0176143806787813,0.0305783005037107,0.276843980729948,-0.579484960936663,3.45612425554883,2.69926311416689,41
6,10.4447752307234,-0.417509457188063,1.72075656151209,9.81053671516263,0,0,-0.579875278635542,-2.61551881958723,2.29740005230141,1.04978241004446,42
6,10.6656743078297,-1.46599671079984,0.913535868200461,9.81053671516263,0,0,-1.37817567287456,-2.01970528345408,1.54919565565855,0.899959109104627,43
6,10.9324203632033,-1.20324965912686,1.82807723836988,10.8178987240473,0.0227160063109555,0.0280063218342546,-0.872607779569757,-0.965576291768385,1.86006845382082,1.20122610390547,44
6,11.220005954153,-1.15523306996181,2.35821760665951,10.8178987240473,0.0179393930542308,0.0304144458900572,-0.95552346296075,-1.52736642703903,3.53249682997598,1.63368079806828,45
6,11.4117296814528,-0.117990781226755,1.16169262240278,10.8178987240473,0,0,0.194499891152677,-0.602380227320247,1.68140555887332,0.352552459982449,46
6,11.5117594522179,0.492299411275807,0.790906088042049,10.8178987240473,0,0,0.213234792776015,-1.11613701483161,1.15313448372892,0.422314850031072,47
6,11.8160166716285,1.5622637948023,-0.330417869996306,11.7086650089862,0.0228350950481679,0.0279462833849512,1.18039918476707,0.772610772020251,1.04415957168608,-2.09614449284569,48
6,12.1077701696934,2.08399773805821,-0.607209802373459,11.7086650089862,0.0179892555123668,0.0303893077894016,1.82444482505027,0.628516053066186,0.427624745001765,0.0264310342009212,49
6,12.4495385531408,0.410818614313824,-0.590798914758071,11.7086650089862,0,0,0.271692740003232,-1.26770775673945,0.142918104594936,-1.06525610435071,50
6,12.5787436737124,1.1994096765831,-0.893299674192734,11.7086650089862,0,0,1.16361917312764,-0.87186206349795,-0.302662063818709,-1.05220947728591,51
6,12.9455194998511,-0.166822632266672,-1.63069903520691,11.7086650089862,0,0,0.00681256373930705,-0.722077786663847,-0.437930978754791,-2.25519310316015,52
6,13.0122060136946,-0.269291935025506,-1.6200709269315,11.7086650089862,0,0,-0.320002834635961,0.362615856618331,-0.836187446720068,-1.10129827816751,53
6,13.4498362607919,2.57453557179377,-1.94034166830548,13.3049205710664,0.0222111805149432,0.0282608291761947,2.15710282321012,-0.59087843253152,-0.901756377343897,-2.56758188291279,54
6,13.5957130098244,2.65821111863152,-0.56743567732602,13.3049205710664,0.0197882607470292,0.0294823413784018,2.38852143770308,0.213798301343283,0.11688339650826,-2.09694797961237,55
6,13.9083060434653,1.48402888187205,0.0200158604000365,13.8089854232268,0.0229684855406729,0.0278790347222542,1.58284036437999,-0.644225119270941,0.566279911115178,0.374899815485843,56
7,0,-1.15432572070847,0.570612930545902,-Inf,0,0,-0.953047644638901,-1.21891588576455,-1.18371733824486,1.53221341050011,0
7,0.220899077106282,0.148336626949787,0.486925525761869,-Inf,0,0,0.0460058357283274,2.07609602660231,-0.580571965925645,0.0958888984448765,1
7,0.43763024709735,0.122086230066041,0.995158771897166,0.349645430082455,0.0231567660027538,0.0277841133447732,0.513665262389329,-0.33009821100623,0.11424306220588,0.552750156663864,2
7,0.691872581125335,0.435022650638694,1.99544076575108,0.349645430082455,0.0189339629786909,0.0299130346114983,0.513890521245246,0.597006212117021,0.257685651437725,1.34249683565175,3
7,0.921107472462042,0.504672793915599,2.19128910339283,0.834670711237077,0.0231824782221446,0.0277711505590683,0.20072761703682,0.295513295302554,1.05103699307771,2.37821507116586,4
7,1.05031259303364,0.11172796472127,2.31364868909191,0.834670711237077,0.0210364635705716,0.0288530613667467,0.0536338493076102,1.23017311114436,1.2949804957188,1.64358666658018,5
7,1.36707353378982,-0.27218068073384,1.38773305153289,0.834670711237077,0,0,-0.487483622387274,0.61978356011331,0.299851805943348,2.62711425698106,6
7,1.50044656147663,-0.618666002854628,0.522495805618232,0.834670711237077,0,0,-0.847770600782727,-0.221328233506706,-0.791207829307775,2.69330810748341,7
7,1.90473355165228,-1.11085339774041,1.59804227190434,0.834670711237077,0,0,-0.801672076164075,2.14099697272978,0.819448664881235,1.94413433214636,8
7,2.13396844298898,-0.275454843988808,1.58624924275841,1.98615133424397,0.0221629897954167,0.028285124471769,-0.246486476532031,0.846753807246336,0.368550911306313,2.54372510893167,9
7,2.41321821970825,0.594936888900892,1.0838569137487,1.98615133424397,0.0175248290968568,0.0306234478303027,0.296038789997629,1.62641362164804,0.147773294414201,1.40925963287519,10
7,2.65078892527538,0.834799721102307,0.240614459831645,1.98615133424397,0,0,0.667101427946436,0.525988316879498,-1.05036977960676,-0.0882340689772493,11
7,2.7549866031557,1.41053010280803,-0.260795661111049,1.98615133424397,0,0,1.03453416839815,0.839598124566782,-1.85777386176905,-0.133810946135048,12
7,3.24263173563561,4.2004879090367,-1.50783161816171,3.0521665749552,0.0214546328517485,0.0286422418066796,3.92565006791277,2.69102698529904,-3.20103601423085,-2.29499405464549,13
7,3.45936290562667,2.86901651128967,-1.73122994563623,3.0521665749552,0.0178548663394324,0.030457059935688,2.77505025213225,1.67506391205614,-2.46557762195668,-1.03143868210883,14
7,3.5969038404287,3.09582168771137,-2.32393118493568,3.0521665749552,0,0,3.08170087503379,3.08078283277873,-3.72857417783109,-3.1415732083586,15
7,3.77612384638285,1.59185524825038,-2.06327197984173,3.0521665749552,0,0,1.30612774742262,1.22412767879,-3.48566216240889,-0.487044698797628,16
7,4.19708246501935,0.562073964779678,-0.495018328753067,3.0521665749552,0,0,0.0166850055915254,0.468170075106405,-1.29092107734021,0.790692941929414,17
7,4.35963084251265,0.247254783710252,0.287663747636918,4.30008390016603,0.023629100964616,0.0275459862193557,-0.154543180658236,0.166945935445738,-0.953250120224386,0.402341223146714,18
7,4.64304852634713,2.07049654054533,1.0904996922789,4.30008390016603,0.0189217139869723,0.0299192099265241,1.69854253056707,0.89014476968542,-0.033667104919558,1.3363203502438,19
7,4.89729086037511,2.72821425717315,0.247583444832787,4.30008390016603,0,0,2.23653966753196,1.89505101622834,-1.45588966210521,0.95230767025146,20
7,5.03899970229235,1.55746311463972,-0.0781558423129135,4.30008390016603,0,0,1.45527457155813,1.0438535782642,-1.71804632840892,0.942363639313041,21
7,5.28490622208991,2.06501314863835,-0.0815255097459656,4.30008390016603,0,0,1.81218705261899,1.28331616198565,-1.27332411642037,0.152790373337347,22
7,5.62250669842215,0.376397649949422,1.05753730323242,5.60273243374227,0.0242896997754646,0.027212946091939,0.243878372802115,-0.761055880355239,-0.219202896407018,1.05411587617277,23
7,5.98928252456088,0.671773920505126,2.54948920524561,5.60273243374227,0.0181977872161614,0.0302841767718048,0.309274885394022,0.827934707920792,1.75614064923088,2.19594329960984,24
7,6.18100625186067,1.00643503018345,1.09235108464157,5.60273243374227,0,0,0.960729386564868,1.12517533974949,0.20421613962838,0.56572032978836,25
7,6.36856207204525,0.306141330965896,0.459296683485614,5.60273243374227,0,0,0.288831577712522,1.07985742057204,-0.773906555702991,0.562645817355409,26
7,6.5144388210777,0.120161822477597,0.147672594349137,6.39348932161318,0.0226092436506334,0.0280601461061402,0.201038347390946,0.720644197524126,-1.21400067409744,0.920832628268069,27
7,6.79368859779696,1.67877048037148,0.774182963662159,6.39348932161318,0.0179710829520726,0.030398469464674,1.65781879482723,1.7646526317502,-0.593271357472618,0.989241465426595,28
7,7.11044953855314,0.659141510497462,-1.41198420139658,6.39348932161318,0,0,0.178844414741072,1.12963613400351,-2.10289867403816,-0.985465393726094,29
7,7.4522179220006,1.60082101423902,-0.731440540672137,7.38633102687219,0.0235237983922428,0.0275990743895804,1.12028202277492,1.42491827099119,-2.11154528885244,-1.00480952669584,30
7,7.70646025602858,1.52512794112392,0.119170881187209,7.38633102687219,0.0193009953681799,0.0297279956563047,1.33415881674358,1.83899356668591,-1.00664031720137,0.422356555359477,31
7,7.91902351890444,1.76739936733336,1.67093886292246,7.38633102687219,0,0,1.30399784752705,2.22321659852066,0.427686581805974,1.97598915356933,32
7,8.11074724620423,1.24581140748353,0.0450148137975327,7.38633102687219,0,0,0.964070600695988,1.37687205493432,-1.38018207499723,0.90352832693789,33
7,8.37332539446264,0.454005274067204,-0.59952507280615,7.38633102687219,0,0,0.443789644524005,1.01930533385457,-1.72360668593029,0.201172307753601,34
7,8.70259005656445,-0.43309944578425,0.151319042167292,7.38633102687219,0,0,-0.403382678492447,0.592344917890433,-0.878182657491008,0.652201052929789,35
7,8.82762727002084,-0.577771352060976,0.282650576936184,7.38633102687219,0,0,-0.515692607201404,-0.141929052851324,-0.726180400758438,1.29567518544227,36
7,9.09854123250968,0.836012523623253,0.440981545996118,9.0357497984633,0.0235752120266772,0.0275731542651781,0.904611535485952,0.938214420848451,-1.29161384345814,0.732458026130384,37
7,9.27776123846383,1.78148072361328,0.287791370074412,9.0357497984633,0.0205984820260988,0.029073869256464,1.59075220327668,1.57605479411604,-1.39487641769175,0.0896292383814338,38
7,9.62786543614171,3.70019903170672,1.12236688313541,9.36143856687256,0.0201929573169924,0.0292783140701289,3.38951151060647,2.06454226219942,-0.472389760074774,1.27519393911705,39
7,9.91961893420661,1.60907826196345,-0.274691143898136,9.36143856687256,0,0,1.561435355723,1.34477529396903,-1.56787689015194,0.152960021805288,40
7,10.0738314974695,0.576528395955083,-1.13600882632391,9.36143856687256,0,0,0.565744478289902,0.8977977274085,-1.9409227730312,-0.34938879504659,41
7,10.3280738314975,0.97398968962878,-0.707688220828236,9.36143856687256,0,0,0.683598508955348,1.09504252277107,-1.97722128042446,-0.533112368590839,42
7,10.7115212860971,0.881323673709311,-0.0700003432780541,10.4450209967147,0.0201917378557357,0.0292789288601129,0.669867682046899,0.990022630807205,-1.22158722662785,1.61001297162087,43
7,10.7532003572492,0.887403686551981,0.615835273884443,10.4450209967147,0.0194994750649064,0.029627932346461,0.722295368464038,0.915592150668326,-0.864779313271713,0.88659816090774,44
7,11.2283417683834,0.157152585653259,0.386826670314672,10.4450209967147,0,0,0.196059662791912,-0.27732345064241,-1.19441836084628,1.14019864511314,45
7,11.2825245608812,-0.554934685158522,0.0954054398723309,10.4450209967147,0,0,-0.589781518332754,0.210613433399184,-1.15196632367579,0.550531761990601,46
7,11.6868115510569,-0.320267978264809,1.14426260434495,11.5617577438511,0.0225410737165975,0.0280945138996482,-0.302564104823649,1.07917440898227,-0.462447961447138,1.19279226931008,47
7,11.9118785352784,-0.497440529467052,2.08620274413724,11.5617577438511,0.018802854646106,0.0299791327259171,-0.418966802851668,-0.360335723810951,0.396261188908815,2.12883900098985,48
7,12.0244120273891,-1.24923852953812,3.29151419771715,11.5617577438511,0.0169337451108658,0.0309214421390574,-1.21331855831286,0.375497043598784,2.05001659109946,2.94791563180629,49
7,12.4620422744865,-1.75202762052312,1.36719761600069,11.5617577438511,0,0,-1.56672003869026,-0.42779899157554,0.130802268347088,1.42340792050844,50
7,12.628758559095,-1.60453642982603,0.90085482398314,12.6254414102546,0.0195744878098641,0.0216083629191848,-1.24352446639143,-1.49982408482224,0.309007547889056,1.37371206713172,51
7,12.7746353081274,-0.104445653198852,1.93239405725144,12.6254414102546,0.0221401222060534,0.0282966531405239,0.149347300674431,0.263213915024809,0.779282610296657,2.77817333381482,52
7,13.158082762727,-1.08902044680442,2.88705784463317,12.6254414102546,0,0,-1.07892615266417,-0.159495698116958,0.878366639310699,3.19896109308917,53
7,13.2872878832986,-0.41482104997098,2.12096018170752,12.6254414102546,0,0,-0.460270671114303,0.0113408179313058,0.757579644109993,1.24545308676162,54
7,13.5998809169396,1.35405159872455,-0.354661367675478,12.6254414102546,0,0,1.22501055478609,1.26255763603599,-1.49138056541727,0.353642849858001,55
7,13.8749627865436,2.41520306077412,0.336885543961752,13.6618409639574,0.0210783201468723,0.0288319594221481,2.17322851327328,1.43297696210701,-0.835258205877009,0.840218756020612,56
8,0,1.88482751308985,0.223655048579922,-Inf,0,0,1.55630324285469,2.05178815058491,0.71740071583781,-0.623701122783553,0
8,0.00833581423042572,1.8348176020411,0.300617997678691,-Inf,0,0,1.10751885667909,1.71913364571674,0.513356265238227,-0.739904794396932,1
8,0.32092884787139,0.646367614033113,0.489683539542219,0.207688382011838,0.0227372857823422,0.0279955938133428,0.475596163632686,-0.509287516058816,0.953752164221431,-1.47796466118016,2
8,0.662697231318845,0.601999394884915,0.793494279247666,0.207688382011838,0.017060730897537,0.0308574224013987,0.0431942489035979,0.563857688115964,1.07620709567986,-1.83632296281234,3
8,0.766894909199166,1.22353797348908,0.105236066538628,0.207688382011838,0,0,0.920817174294962,0.651411970495478,0.275005600023906,-1.64239337815883,4
8,1.06698422149449,1.41485854874156,0.44072458209455,0.207688382011838,0,0,0.657651955659828,1.25979238189153,0.884932107803707,-1.5393644704906,5
8,1.43792795474844,1.94122252855154,-0.60704336365483,0.207688382011838,0,0,1.4059508429602,0.971991296240117,-0.806503394318653,-2.18830078109686,6
8,1.57546888955046,1.65313910299391,-0.0118973522074863,1.49462485096704,0.0232753697784376,0.0277243193882646,1.32012844007738,2.14418975318807,0.480857794537867,-1.60032493576072,7
8,1.77552843108068,0.925079530914218,0.413406573675628,1.76146738857138,0.0443371011345401,0.0565646420301255,0.528101717046071,1.43928231997863,1.26448588837778,-1.67476123974178,8
8,2.05477820779994,2.16767015087636,1.59159841286584,1.76146738857138,0.019746432053525,0.0295034292659226,1.54415462615178,2.79113858415609,1.45403922414824,-0.521094777622551,9
8,2.30485263471271,1.27252098393297,0.917596275335254,1.76146738857138,0,0,0.499247830804587,1.43652165644361,1.38735000031637,-1.55492835544846,10
8,2.56743078297112,0.390466985728251,-0.208693432217508,1.76146738857138,0,0,0.0961663889622525,0.69493042840618,0.285998534458826,-1.98990747358676,11
8,2.90086335218815,0.46001521045232,-0.443951920534389,1.76146738857138,0,0,0.196588034527683,1.08586774618026,-0.150816042781274,-1.40674004530516,12
8,3.03840428699018,0.356561289150709,-0.706282827540228,1.76146738857138,0,0,0.213724800974066,0.0192088858886986,-0.0921505639724655,-2.76385178550339,13
8,3.31765406370944,1.53191437478196,-0.380721646738923,1.76146738857138,0,0,1.27542265119146,2.02345216604331,0.101481619513087,-1.54300659347551,14
8,3.61357546888955,1.42331454190416,-0.40363648966449,3.51629289769962,0.0230023362355891,0.0278619689335049,0.834683643958816,0.32974775229377,-0.0655096823554235,-1.84683764038305,15
8,3.9220005954153,2.08280453675555,0.983039119494325,3.51629289769962,0.0178795915834467,0.0304445947324824,1.82603797798159,2.23761176199503,1.3670536578911,-0.761228131311608,16
8,4.08038106579339,2.06235403610303,-0.621153624508392,3.51629289769962,0,0,2.02492463948369,0.996883249096839,-0.0222204559643699,-2.75486310295902,17
8,4.3096159571301,1.08992007391345,-1.30584510038031,3.51629289769962,0,0,0.661776714884441,1.58142796564132,-1.32180235998265,-3.14347951552387,18
8,4.71807085442096,1.04066844415791,-0.44205831824894,4.64442571726843,0.0233949389400748,0.0276640387335427,0.615046152986212,1.29727260869385,-0.311648931108896,-3.13456349961321,19
8,4.80142899672522,1.48209026089782,-0.800506983334364,4.64442571726843,0.0220104133584099,0.0283620457062338,1.19381002590858,1.12260637819073,-0.0136126405087431,-1.34077846583573,20
8,5.22238761536171,0.254706864814498,1.28254044521929,5.07192266012112,0.0221190107538007,0.0283072964547985,0.0434276257150385,1.37529225514667,1.37306350724916,-1.62311688811815,21
8,5.46829413515927,0.918961014470242,1.19411343443917,5.07192266012112,0.0180346602879044,0.0303664170242537,0.821275876607556,1.20992481572414,1.36858340286687,-0.810940768563493,22
8,5.67668949091992,0.923259941579388,0.788998534847899,5.07192266012112,0,0,0.526430565166829,1.51292670842723,1.44228541354851,-0.964300669510867,23
8,5.9642750818696,2.84377914902471,-0.657761417209317,5.07192266012112,0,0,2.3399634877655,1.14013718710399,-0.160042937657747,-2.07917799729783,24
8,6.1559988091694,1.44483720883869,-0.965325045954543,5.07192266012112,0,0,1.17434081543623,0.693168336295603,-0.784668248814686,-1.67391609624722,25
8,6.481095564156,2.72855932200203,-0.687426570267876,6.33412416571608,0.0221770365042303,0.0282780428397469,2.18375487557591,2.59373751985687,-0.657158200564497,-1.94967829904125,26
8,6.63947603453409,3.2168075182964,-0.0389366585022434,6.33412416571608,0.0195464378990763,0.0296042560878705,2.38271780847369,1.81432236820222,0.605851371313232,-0.782406049836634,27
8,6.75200952664484,2.62975830728412,0.0663143305916547,6.33412416571608,0.0176773283638352,0.0305465655010113,2.17402079778769,1.06614727595656,-0.134364921088071,-1.26816374871739,28
8,7.21464721643346,2.60661925940952,-0.672206810265866,7.19244072117055,0.0242493019766453,0.0272333125955495,2.36428079887466,2.48839801179682,-0.641231429008982,-1.45491756200866,29
8,7.39386722238762,2.75424205756885,-1.20865669730816,7.19244072117055,0.0212725719760771,0.0287340275868474,2.04648398011572,1.63391451617454,-0.887884049964561,-2.40482821200008,30
8,7.56475141411134,1.60461009621642,-0.368156956854195,7.19244072117055,0.0184342945336745,0.0301649418808752,1.27094605817503,1.72195610453132,-0.0624732358291745,-1.78508968011586,31
8,7.86484072640667,2.11803719347032,-0.424543788092586,7.19244072117055,0,0,1.49389705394523,1.70526366267167,-0.171933118636951,-1.85772905569154,32
8,8.07323608216731,2.67325634988411,-0.582017719573889,7.19244072117055,0,0,2.37747133808056,1.27498287522871,-0.247002751057286,-2.08262503746424,33
8,8.4900267936886,0.127475660432177,-0.957791834426047,7.19244072117055,0,0,-0.232394829718256,0.980178250671128,-0.484522432294894,-2.09302924507017,34
8,8.54004167907115,0.383051110866111,-1.10561583749387,7.19244072117055,0,0,-0.0220587081372197,1.7974053746483,-1.09416135284584,-1.62556261548932,35
8,8.79428401309914,-0.180165960665715,-0.13690729717483,8.67228555105125,0.0225918210510988,0.0280689296895615,-0.352131749561062,0.619031257455692,0.802809956449863,-0.593707636902358,36
8,9.03185471866627,1.33843463940454,1.11698324780347,8.67228555105125,0.0186459231433774,0.0300582495617596,1.00573662063329,1.24320493115384,1.49120820651364,-0.14555773341412,37
8,9.27776123846383,0.987795807843165,0.426485975019308,9.26848442955659,0.0244640558210455,0.0271250446929545,0.606896070437204,0.35298852870077,0.751287061220687,-0.0709624759751053,38
8,9.73206311402203,2.27995686240641,0.440228922093927,9.26848442955659,0.0169183914010085,0.0309291826941632,1.44390786458536,1.84348832904567,1.17649004300442,-1.45542316064451,39
8,9.76123846382852,2.21775708881523,0.571162081952642,9.26848442955659,0.0164338074474278,0.0311734851346069,1.64774041676326,1.07898254407358,0.531078869721221,-0.123194259271774,40
8,10.0571598690086,1.30633563918812,-0.424047262723322,9.26848442955659,0,0,0.961969027268319,0.728372608217392,0.193643119148212,-2.98241366422952,41
8,10.3155701101518,1.92567070706075,-1.78848214932389,9.26848442955659,0,0,1.32440111652222,1.29241969456273,-0.766787263686815,-2.71482419523533,42
8,10.5281333730277,1.97814844295592,-0.663846870262125,10.385418305435,0.0222477314451042,0.0282424020669583,1.65307217754185,0.778287049769315,-0.613987082761276,-2.32073638849117,43
8,10.944924084549,2.23185078745737,-0.99141301480216,10.385418305435,0,0,1.8660625876199,1.67228264401392,-0.810339991872338,-3.01767909690374,44
8,11.2033343256922,1.16645738487637,-0.549890528379981,10.385418305435,0,0,0.92266977433828,0.448622910056603,-0.412565340151121,-1.79637439134112,45
8,11.474248288181,1.50083434136107,-0.394453513614366,11.4261741434493,0.0238196568161782,0.0274499177069147,1.31206057090532,0.978564557986089,-0.0519318023932937,-1.6201245304441,46
8,11.7243227150938,2.81151833370353,0.479167250022213,11.4261741434493,0.019666080071199,0.0295439386250052,2.07090429259627,1.8663150632903,1.29782302739092,-1.55807970109208,47
8,11.7701696933611,3.04031536306928,0.441388749819667,11.4261741434493,0.018904591001286,0.0299278424599886,2.6145165346293,1.27876814236365,0.645118039086197,0.200217532781628,48
8,12.0452515629652,3.9091727150534,-0.72534139439499,11.4261741434493,0,0,3.20779359508591,2.53878099127117,-0.683409237491433,-3.1539148832757,49
8,12.4203632033343,3.2550329995725,-2.054755520894,11.4261741434493,0,0,2.39975191193418,2.03358434810753,-1.39689557338791,-2.89789055716937,50
8,12.7496278654361,2.67875895397923,-1.53369186854312,11.4261741434493,0,0,2.22739457251828,1.96827779652274,-0.992977283007973,-2.75547708773073,51
8,12.9788627567729,0.902713621453831,-0.558312597177047,11.4261741434493,0,0,0.619735326970936,1.11395536326136,-0.647144413268411,-1.01321228471849,52
8,13.0622208990771,0.835299069665877,-0.544175997024155,11.4261741434493,0,0,0.191250588265693,1.1426848264075,-0.00891118769523416,-1.0079758206756,53
8,13.4373325394463,0.861330733333469,-0.303909797109927,13.2489660798823,0.0214894909388422,0.0286246681423461,0.638629081190514,1.16827762854906,0.253118694700306,-1.91537166312439,54
8,13.6749032450134,2.31970739980316,-0.126671776248448,13.2489660798823,0.0175435930311031,0.0306139880145191,1.67933999745624,1.98072350532519,0.312946935209173,-1.55945462905142,55
8,13.7916046442394,1.42615404811314,-0.679783807820739,13.2489660798823,0,0,1.00430342026805,1.19842697335986,0.270582846465431,-1.40300614170163,56
9,0,0.0479666697291768,0.147788604531253,-Inf,0,0,-0.223297886072048,-0.104698800891019,1.48499749093184,0.971017185984193,0
9,0.141708841917237,0.58691358550115,-0.783194972231073,-Inf,0,0,0.349076509981459,0.465703380673075,0.229684069843065,0.365722716696967,1
9,0.391783268830009,0.654043978263915,0.646528337956776,0.246604197740089,0.0222068059184488,0.0282630346239551,-0.00684731403975963,-0.225067937653063,1.74234087345487,1.81003781775876,2
9,0.625186067281929,0.65837114246627,1.39756261625913,0.246604197740089,0.018330134289801,0.0302174541475055,0.21604057455104,0.911961799556121,2.50250547449695,1.51744324678044,3
9,0.812741887466508,-0.178653715633784,1.03479156704773,0.246604197740089,0,0,-0.594065739311574,0.852538324996405,1.92922282407803,1.57241598282379,4
9,1.05448050014885,-0.668571211695265,0.793437908890874,0.246604197740089,0,0,-0.946075846941763,-0.468221032914808,2.16589647950573,2.2321711337624,5
9,1.47960702590057,0.432630581542854,-0.29210350729835,1.4102626616583,0.0234663720352771,0.0276280258211102,-0.213769373197567,0.120354734428689,1.12287741386969,0.526931597533511,6
9,1.60047633224174,1.37008545727531,0.569800172549887,1.4102626616583,0.0214588099418701,0.0286401359315187,0.562865271841025,1.24378511599157,2.27716486225765,1.436112158572,7
9,1.76302470973504,1.48412896560329,0.686281047850835,1.4102626616583,0.0187589850576341,0.0300012495282769,0.910291356627066,1.00247905860332,2.75678878507605,2.21501131852688,8
9,2.07978565049122,0.706605008178358,0.506923070625924,1.4102626616583,0,0,0.303922384579761,1.41307146747028,2.0659029553188,0.558716161504577,9
9,2.44239356951474,1.44648840622037,-1.19721455641899,1.4102626616583,0,0,0.892416530818427,1.55744641745633,0.370034048598937,0.678970022754477,10
9,2.55075915451027,1.25209195519854,-1.1701878598199,1.4102626616583,0,0,0.783421431883423,1.03843412121596,-0.0805038060070719,0.918657881508024,11
9,2.7549866031557,2.37978699350381,-1.76548261859068,2.57645841871496,0.02165289841423,0.0285422864523726,1.83910833975305,0.457253554070811,-0.270068485267733,-0.777554462974859,12
9,3.19261685025305,2.18265167803456,0.320032442584868,2.82722958863641,0.0185492883125212,0.030106967900102,1.56873791523779,0.115735582555437,1.5032355719188,2.99717356030339,13
9,3.35516522774635,2.48461442440744,0.459692561682494,2.82722958863641,0,0,1.70658059045835,1.25980532012925,1.94006392600243,1.22960491089506,14
9,3.66775826138732,2.37974437383742,-2.40681395235366,2.82722958863641,0,0,1.59587075004444,1.41050013945914,-1.07365098082785,-2.46472988876102,15
9,3.92616850253052,2.51500643327947,-2.51451285654846,2.82722958863641,0,0,1.80128545888674,1.22381026084615,-1.33764256117629,-1.5427603161831,16
9,4.19708246501935,2.56348138285233,-1.91062373159713,2.82722958863641,0,0,1.87181376189514,2.05654266674152,0.368494682713609,-0.783658979140843,17
9,4.45132479904734,1.27451993439674,-1.44456584538903,2.82722958863641,0,0,0.425038847730425,0.0951174764829139,0.537871700183736,-0.572643196381531,18
9,4.53468294135159,1.10696070665957,-1.17062166371724,2.82722958863641,0,0,0.435309356052516,1.85508481450666,0.546570498826842,0.452241057904285,19
9,4.99315272402501,1.48515460040502,0.443074644897029,4.59996996782004,0.0180876228741014,0.030339715997593,0.696422124165802,0.941714176783784,2.11655173595552,1.40951253615593,20
9,5.20154807978565,0.545133974377949,-0.395644279940398,4.59996996782004,0,0,0.411605246599166,0.491514745373755,1.7526423498572,0.964460360674216,21
9,5.26823459362906,0.396511458880678,0.16051738638924,5.25662296441419,0.0244252759447827,0.0271445955227847,-0.394356359852585,-0.788258965069322,1.53269530890045,0.775448665845023,22
9,5.61000297707651,1.65161836973131,0.628292357736273,5.25662296441419,0.0187487210599775,0.0300064241108409,1.02719038761498,-0.0873244509683134,1.66321749829018,0.63613126656369,23
9,5.96844298898482,0.141807855709458,-0.570537745327502,5.25662296441419,0,0,-0.148840042613872,0.643416920120705,0.797715968786442,-0.916269795025176,24
9,6.09764810955642,0.502554643836426,-0.490230226104951,5.25662296441419,0,0,0.0307253866816934,-0.0483906707678279,0.624097514088225,-0.252355653723546,25
9,6.47275974992557,1.4889579847243,-1.91687471845814,5.25662296441419,0,0,0.748631945668462,0.704196458923687,-0.549857575171041,-0.491469397083067,26
9,6.676987198571,1.47545217673085,-1.31274424863854,5.25662296441419,0,0,0.97637044907089,0.418471595805899,0.451125859005088,-0.0614065131106456,27
9,6.91455790413814,3.40865886878746,-1.09303878007291,6.69984609152978,0.0210519114266326,0.0288452733479597,2.89516231340447,2.19870375489421,0.31673459033178,1.42836249874493,28
9,7.18130395951176,3.04508327234493,0.0219805668856089,6.69984609152978,0.0166214295653211,0.031078895660589,2.31500395010158,1.59482304050817,1.37101410734092,1.43597084472157,29
9,7.28133373027687,2.50421401034495,-0.35443983446663,6.69984609152978,0,0,1.77207884546898,1.72414339283258,0.903542227537998,0.329632140043637,30
9,7.58559094968741,0.561292489793643,0.921146330092854,7.45766094344346,0.0224933018848751,0.0281185980134198,0.10972280113924,-0.492657858801901,2.75874397255108,1.95726064383564,31
9,7.83983328371539,0.942357940163485,1.51576781669835,7.45766094344346,0.0182704988608122,0.0302475192801449,0.566334490544629,0.229434063863948,2.58374537031335,2.16089727292452,32
9,8.02322119678476,0.913814868438911,1.9091900217943,7.45766094344346,0,0,0.242884608578463,1.4340377846242,3.27887430518744,1.8339895614491,33
9,8.49419470080381,-0.554028858336111,1.3578136620364,7.45766094344346,0,0,-0.977817139846283,0.545680417810352,3.40420659310111,3.05201185997154,34
9,8.64007144983626,-0.188889497656775,1.10398442886885,8.55344307325745,0.0231792956133267,0.027772755067637,-1.23762901622725,-0.021767738870733,2.69658477684059,1.76512663342397,35
9,8.80261982732956,0.64638613348221,2.10582506835675,8.55344307325745,0.0204794707290898,0.0291338686643958,0.120943106359946,0.212833419120612,3.29756975125621,1.69705757209316,36
9,9.05269425424233,1.25233705019393,2.48928960172179,8.55344307325745,0.0163258939841009,0.0312278895824731,0.665675148977824,1.4536613835161,3.95648374732874,2.96905608541408,37
9,9.48615659422447,-0.193311026433343,1.87084513910309,8.55344307325745,0,0,-0.47239934575825,-0.614278546631772,2.98098541278086,2.14781756969211,38
9,9.68204822863948,0.908154534373487,0.590285960384848,9.5649726121758,0.0226735863766963,0.0280277077951271,0.313424933886438,0.693593903739481,1.82101877869345,1.25174626096015,39
9,9.99880916939565,1.0740465615597,0.616263166852222,9.5649726121758,0.0174123891663881,0.0306801342913754,0.559254132141013,1.62081828156333,2.62957605740576,2.26035516184562,40
9,10.0029770765109,1.07358465553829,0.462431403907489,9.5649726121758,0.0173431628872978,0.0307150346399971,0.312199745495921,1.19110109000822,1.6580962904056,0.641080235306187,41
9,10.3405775528431,0.398545491314403,-1.14244893177161,9.5649726121758,0,0,-0.00412862973899514,1.05844022186864,0.195504707018578,0.0853719486128846,42
9,10.7198571003275,1.7701961245388,-1.43220410769267,9.5649726121758,0,0,1.21418963218622,0.967468379752565,0.169404067469281,-1.10832643667122,43
9,10.9115808276273,2.1130690880326,-1.86472287886862,9.5649726121758,0,0,1.79533297458239,1.26523486365484,-0.330200323147101,-0.921988174402294,44
9,11.1866626972313,2.63277999017807,-1.94149371794971,10.9533037107026,0.0207421937601352,0.0290014171517707,1.89058383307416,0.643234457263241,-0.168585690237012,-1.24710018407466,45
9,11.2700208395356,1.61963554928884,-1.67571008582952,10.9533037107026,0.0193576681784665,0.0296994241244556,0.844742681930363,1.19804409757284,-0.246681794512787,-0.583004964543993,46
9,11.5867817802918,2.06815204613385,-1.95109293661982,10.9533037107026,0,0,1.72605509321453,2.00332195130466,-0.708003836195096,-1.07532343518505,47
9,11.9910687704674,2.19139785153626,-2.16592620332574,10.9533037107026,0,0,1.24766413619757,0.745711650100727,-1.20528081551443,-1.45081172232847,48
9,12.2244715689193,2.26805817567937,-1.19760977828575,12.1385530914449,0.0231910865846982,0.027766810663023,1.57132926975678,2.14459202251185,-0.066563519237613,-0.254724512875218,49
9,12.3995236677583,1.91199435571788,-0.195247184759204,12.1385530914449,0.0202835828632128,0.0292326253056855,1.1798322802114,0.967614815106756,1.69797793604788,1.75855844009223,50
9,12.649598094671,2.01481828176414,-0.529495191981026,12.1385530914449,0,0,1.53564669189349,1.88028222414699,0.889387038680424,0.877204502690414,51
9,12.7954748437035,1.56069501816031,-0.473024082914527,12.1385530914449,0,0,0.91914460836312,1.21926376414128,1.23541199983319,-0.0989803167553654,52
9,13.0955641559988,0.831205380266175,-0.175423110583608,13.0305229627778,0.02353784496157,0.0275919928278718,0.266154576979815,0.616842669349929,1.6274306197183,-0.297629836684836,53
9,13.295623697529,1.32025691894338,0.112235333921311,13.0305229627778,0.020214983565596,0.0292672095623554,0.854767822561999,-0.265265995673192,1.67778213179909,1.98882718191337,54
9,13.6415599880917,0.551796690506552,0.36623967957965,13.0305229627778,0,0,0.368424692182344,0.363364863786752,1.57141303224458,2.15802322861811,55
9,13.8916344150045,1.60297259728446,1.43585245161862,13.7240893451381,0.0218353209427784,0.028450318345321,1.13991426713721,1.47972188253721,3.07187433550375,2.58554730449497,56
10,0,2.15741810294391,-2.02831805521703,-Inf,0,0,1.66644022233761,0.587080504641732,-2.55649135892852,-0.516123560710044,0
10,0.00416790711521286,2.17510333864444,-2.01899821702146,-Inf,0,0,1.94059440896346,0.240271715533394,-2.36861028894341,-0.904566171012444,1
10,0.387615361714796,2.43840077455947,-1.24774632218386,0.117938666604459,0.0201389797823653,0.0293055267818684,2.02433227696671,1.40945643762386,-1.10078464605642,-0.134636385609013,2
10,0.746055373623102,3.39849687788249,-0.177838049622019,0.644888340866265,0.0229378178062948,0.0278944958251065,3.03704132970265,1.22185490579908,-0.085493671378487,-0.757830641263163,3
10,0.825245608812146,3.08254161149614,0.156479521149512,0.644888340866265,0.0216225185037173,0.0285576024491683,2.88560840223605,1.70837150571306,0.116999817384847,1.6144136318921,4
10,1.18368562072045,1.65074111294564,0.30860266675236,0.644888340866265,0,0,1.28988092704657,0.917706731864724,0.0492928534488237,1.50071808653171,5
10,1.3295623697529,0.153105569572242,0.167008195674562,0.644888340866265,0,0,0.0644532650020738,0.0353567369152503,-0.0769024948123145,0.534692042010569,6
10,1.58380470378089,-0.654555829360428,1.43538255484723,0.644888340866265,0,0,-0.493346942216186,-0.294893645487109,1.45083023368855,3.33155219171267,7
10,1.82971122357845,-0.038296495377191,1.22180614056437,0.644888340866265,0,0,-0.173567967771022,-0.521876130484229,1.61131762480408,1.6416854670256,8
10,2.075617743376,1.19710787411209,-0.716559024244432,0.644888340866265,0,0,1.20472005556156,0.383132643600533,-1.25385786651954,-0.0205901972620146,9
10,2.45072938374516,2.09950430949455,-3.40400661121777,0.644888340866265,0,0,1.64590518724689,0.114754270233162,-4.53023059157903,-1.95640857568382,10
10,2.53408752604942,2.37669963152839,-2.3086452114935,2.52188282624926,0.0244154254205939,0.0271495616531756,1.94746456149277,1.48162871309313,-2.721260585943,-0.857324370938116,11
10,2.83417683834475,1.95258584615035,-0.661895294636352,2.52188282624926,0.0194311333266175,0.0296623867548809,1.65228527053626,0.268425197605243,-0.502393569477789,0.656736489757246,12
10,3.18011312890741,1.96534742934231,-0.844698060966729,3.10370481339677,0.0233490443097754,0.0276871764583937,1.71958688946684,1.33748116832737,-0.979068320546988,-0.408183028042953,13
10,3.27597499255731,1.65807968213908,-0.066024929664021,3.10370481339677,0.0217568398908666,0.0284898844769952,1.26301635658992,0.787257733807577,-0.470766393540092,0.28339880887802,14
10,3.58440011908306,0.520486853044758,0.687275379236465,3.10370481339677,0.016634095238725,0.0310725102759729,0.23692985660293,0.268551555905958,0.276328347150725,1.95527300201625,15
10,3.80113128907413,0.710284607907114,0.731259706956305,3.10370481339677,0,0,0.398279753204779,0.79231807464993,0.657193161484969,0.71268514994161,16
10,4.11372432271509,0.27837588218734,-0.284791444859344,3.10370481339677,0,0,0.372329323404931,-0.232249902583266,-0.122216961486369,1.04360493708538,17
10,4.36796665674308,0.765154048042936,-1.08182809268663,3.10370481339677,0,0,0.326916847706288,-0.0573615120231019,-0.628019540766451,-0.474285072517914,18
10,4.70556713307532,0.77722114091103,-0.144534384864389,4.61968938325747,0.0231917630451046,0.0277664696262984,0.518019732126383,0.0955901104161295,-0.697884921591685,0.362257124258747,19
10,4.88895504614469,1.10815538338567,0.656582101552197,4.61968938325747,0.0201458067654535,0.0293020849662311,0.707462411870155,0.213005691416173,0.313539604885348,1.18138078795783,20
10,5.19738017267044,2.42674989358392,-0.836296246461773,5.11970866039897,0.0233280634171874,0.0276977539511569,2.00974091543249,0.473012463639722,-1.27182034717416,0.740389076927023,21
10,5.42661506400715,2.66945002118319,-0.578880132860415,5.11970866039897,0.0195206180676225,0.0296172731260725,2.6250303483692,0.633771484065029,-0.604364610862495,-0.382774379812606,22
10,5.58916344150045,2.20135002405341,0.182404264257263,5.11970866039897,0.0168207931833855,0.0309783867228313,1.86665059836177,0.827644359058563,0.331633301369865,1.68822592205899,23
10,5.90592438225662,2.25681851951982,-1.51895511235535,5.11970866039897,0,0,2.0497063663468,0.415796236331417,-2.10767192113562,-1.62331229926764,24
10,6.10598392378684,1.71708312750587,-2.13862148743251,5.11970866039897,0,0,1.54511397984984,1.54001783729058,-2.73643782539421,-1.23532135037858,25
10,6.37689788627568,1.08071002450413,-2.06175381779833,5.11970866039897,0,0,0.899448502797294,0.244894715355615,-2.193459190181,-2.40656603662452,26
10,6.53527835665377,0.753743596860482,-0.781770532956811,5.11970866039897,0,0,0.73459192764581,0.0921653502183887,-1.12235502385117,0.864461863609877,27
10,6.78952069068175,1.39014355184164,0.716102506440069,6.53999163102215,0.0204736191579562,0.0291368187272065,1.25486335985865,0.136854342192682,0.820927313533408,2.06178786331976,28
10,7.04376302470973,1.66519104562849,0.0730684048161527,6.53999163102215,0.00153530380154848,0.00294439110078904,1.2436324582682,0.8408230679896,-0.210832621024165,0.0645750071131354,29
10,7.45638582911581,1.95863098227721,-1.40327235798384,7.25894718795227,0.0213388077882908,0.0287006348786298,1.31665598770611,0.261300398395099,-1.92405361792851,-0.643959105325999,30
10,7.58975885680262,2.20382847602484,0.16403206255217,7.25894718795227,0.0191235668576318,0.0298174460349386,1.8445417391846,0.866636797669843,0.0985561756377734,1.2095374734234,31
10,7.95653468294135,1.41935735735214,-0.366548766505318,7.25894718795227,0,0,1.53249591124869,0.889392315854396,-0.228425014034409,1.16191571508699,32
10,8.20244120273891,2.01817979140219,-1.36008209980015,7.25894718795227,0,0,1.750793846253,0.758225479625136,-1.06214952563392,-1.28208836126922,33
10,8.26912771658232,1.67431656623466,-1.4189339446825,7.25894718795227,0,0,1.23377087695364,0.0302522745601517,-1.44941595591039,-0.399248351109977,34
10,8.64840726406669,1.59341755704904,-1.11829837409678,7.25894718795227,0,0,1.58452335297353,0.453399788405607,-1.24764671108179,0.209007080361979,35
10,8.96100029770765,2.31423153512037,-1.25007601942631,8.72180226471705,0.0206452109222713,0.0290503109374363,2.15833005959416,0.916404337742044,-1.66117240852014,-0.577937500143362,36
10,9.21524263173564,1.92819284204452,0.53236748542042,8.72180226471705,0.0164224078982176,0.0311792322041738,1.55962342259437,1.27326684721707,0.820571153434833,1.40990789614989,37
10,9.34027984519202,1.97763374680365,1.30069994903816,8.72180226471705,0,0,1.61266736012966,1.33557493969312,1.25112973613422,1.52481760810879,38
10,9.66120869306341,1.97744688579662,-0.809337213917535,9.58199185680849,0.0233023965713542,0.0277106938618276,1.58012532188951,0.367708728882166,-1.12260790897379,0.0698100506871227,39
10,9.98630544805001,0.688772430166335,0.178707941572957,9.58199185680849,0.0179027468028822,0.0304329210553437,0.561377350915918,0.328624536073623,0.00729237735948451,1.92321137886697,40
10,10.0863352188151,1.49901274373683,1.26183907609293,9.58199185680849,0,0,0.803326711102157,-0.592607622273845,1.56812655076944,1.84103169420259,41
10,10.3864245311104,1.0687816902401,0.461961414954983,9.58199185680849,0,0,0.85536464184919,0.662373900536447,0.309889641400708,2.22389222198405,42
10,10.6406668651384,0.963462792091456,-0.180095242784682,9.58199185680849,0,0,0.622166098012295,0.0617867975717588,-0.585121942798242,-0.574030914318197,43
10,10.8699017564751,0.215970579820989,-0.0440855983170717,10.8598470426684,0.0244511353167874,0.0271315585502683,0.217783167751724,-0.962572992498102,0.245320982312895,0.300031840749312,44
10,11.0199464126228,1.21645157748597,1.22497553638146,10.8598470426684,0.0219589892697897,0.02838797110111,0.862343370821242,-0.0862887757841351,1.20841115072378,2.17148352687183,45
10,11.4450729383745,1.17591356316573,-0.105471471205034,10.8598470426684,0,0,0.808359117652881,0.860737301969438,-0.100518475367139,1.84498420390855,46
10,11.5242631735636,1.16949203794579,0.0411922197524812,10.8598470426684,0,0,0.832548999548906,0.281284149545851,-0.213680976382019,1.00526106626066,47
10,11.9910687704674,1.26740139249712,1.75479821868735,11.6135276126245,0.0183474198474077,0.0302087396536146,1.31387071790678,-0.601831047822303,2.24741334832121,2.41364343513417,48
10,12.0869306341173,1.67722037413042,1.41757074643203,11.6135276126245,0.016755215428498,0.0310114476722161,1.27931759125584,0.603936758194271,1.35068085121109,1.47734602165976,49
10,12.4203632033343,2.02229609656063,-1.0381782497096,11.6135276126245,0,0,1.45668205065035,0.382761831546272,-1.1052045182876,0.554177087446802,50
10,12.707948794284,1.21233064208402,-0.0716316618204668,12.6027991321421,0.0228716688721435,0.027927844733841,1.00166769874641,0.379722507032783,-0.281897885176176,1.33897760674388,51
10,12.8913367073534,1.05041889699739,-0.373852850799748,12.6027991321421,0.0198257125925008,0.0294634600737854,0.857623887132419,-0.0113670856794127,-0.259554751300941,0.851909148649564,52
10,13.1830902054183,1.94082369634909,-0.780439438470764,12.6027991321421,0,0,1.52450242830176,0.309807223010131,-0.0553745322769889,0.0537782962879004,53
10,13.3914855611789,1.2249373310385,-0.400421153086454,12.6027991321421,0,0,1.24238113905481,0.668149866874117,-0.264383579159977,0.349808089996208,54
10,13.5415302173266,0.366169292697481,-1.02104795919062,12.6027991321421,0,0,0.100156611104197,0.202676458129831,-0.707630476694711,0.194157162847371,55
10,13.9791604644239,0.418475870306024,-0.59114900370295,13.9789031875669,0.00152843603105876,0.00169115548106036,0.268991497923881,-0.507859850636488,-0.795848916072708,-0.09629983723363,56
11,0,-0.209841928206043,1.90074215598902,-Inf,0,0,-0.696537401988743,0.139240728087,1.00751719349895,3.2079377244298,0
11,0.0958618636498958,-0.554850205928777,1.52367392274378,-Inf,0,0,-1.10660506778024,0.13668253565354,0.630697515033153,2.58839164738175,1
11,0.325096754986603,0.118755515711303,0.618977837590485,0.320376260171179,0.0245397332923065,0.0270868919832425,-0.283785638884534,-0.001615423036185,0.171637276679091,1.73315920542433,2
11,0.616850253051503,1.35669567235504,0.986602573253477,0.320376260171179,0.0196938937564981,0.0295299163876804,0.481615802165143,1.39338509318424,0.189489725711704,2.76274478282398,3
11,0.791902351890444,0.73315015075752,1.05765905331635,0.320376260171179,0.0167863900350117,0.0309957310303437,0.134315271344495,1.47449817249671,0.118295087818279,2.07487546412478,4
11,1.13783864245311,1.17599484374354,0.163845214736074,0.320376260171179,0,0,0.45801713790163,0.650818528773226,-0.61539414464499,0.918989897642362,5
11,1.31705864840726,2.13100205565229,0.171838648773635,1.16370681335505,0.0220710615212507,0.0283314700050019,1.65451148391647,1.5139731617163,-0.219061334563058,0.614687827515163,6
11,1.69633819589163,3.05020889096489,-0.254790394336328,1.16370681335505,0,0,2.46840481254698,1.60651915547251,-0.809721264154107,0.719753642075138,7
11,1.9755879726109,3.17397752919945,-1.59863807856337,1.16370681335505,0,0,2.01362844470437,2.52774900258039,-2.28015895154881,-1.25880933250619,8
11,2.0422744864543,2.91743584438926,-2.42978367369185,1.16370681335505,0,0,2.54389151771247,0.895010909928724,-2.76285365222994,0.0311873094718699,9
11,2.27567728490622,2.91501085763973,-2.84254213165597,1.16370681335505,0,0,2.16676864941511,1.61320852420969,-3.73164876765618,-0.650774375338005,10
11,2.73414706757964,3.16847420473742,-1.74285610601235,2.57829973424892,0.0220296128863595,0.0283523662864037,2.43971814925056,2.88574140834445,-2.4466000181075,-0.924201826949438,11
11,2.87168800238166,2.16088219681261,-1.17890066119387,2.57829973424892,0.0197451456766205,0.0295040777913535,1.05967703626415,0.668025913243254,-1.47027964766411,-0.212402154251403,12
11,3.23846382852039,2.20698031243011,-0.61650097022374,2.57829973424892,0,0,1.55401441006389,2.26657020648068,-1.6535138255439,0.518384968614569,13
11,3.49687406966359,1.84824463625678,-0.316920305931346,3.43165228524639,0.0235348454569785,0.0275935050246544,1.25669566476089,1.61638396978527,-0.634997594825795,0.871393252209336,14
11,3.58440011908306,2.25666403420342,-0.430574537305103,3.43165228524639,0.0220810935962363,0.0283264123459861,1.54319758470881,1.62092982082557,-1.49508226434321,0.936121382948979,15
11,3.759452217922,0.916830931333169,0.715676028137062,3.43165228524639,0.0191735898747499,0.0297922269886489,0.918052745715343,1.1807670348464,0.0926189121968781,1.47458096897006,16
11,4.08038106579339,0.164256427973363,-0.0272317588424028,3.43165228524639,0,0,-0.24744461249474,-0.794081699993846,-0.428507860645932,1.17173495281721,17
11,4.33879130693659,1.64146103204586,-0.620136185140673,3.43165228524639,0,0,1.35288927905305,1.21592281753723,-1.10160937487944,-0.0454900497641976,18
11,4.73891038999702,1.20514844640009,-0.137257960831729,4.43990722477185,0.0196518858168399,0.029551094641935,0.555656077642843,0.0440599401518604,-0.851290459618065,2.04217731469455,19
11,4.75558201845787,0.998181285251504,0.0956752298881142,4.43990722477185,0.0193749807005076,0.0296906960364747,0.403551072711751,0.992660089506273,-0.360675536672155,1.05969085786439,20
11,5.0890145876749,1.09141641651762,0.814312905338388,4.43990722477185,0,0,0.795122329638942,0.594772550146525,0.244631552288949,1.47159156904499,21
11,5.32658529324204,0.569145425139603,1.38470492821574,5.24793092432933,0.0233117387951971,0.027705983990476,0.228061007264229,0.32268278999635,1.03302774702052,1.80708805394507,22
11,5.58082762727002,-0.0369981038603123,1.07333605820765,5.24793092432933,0.0190889357711341,0.0298349052572008,-0.467045601401654,0.227760088105219,0.0560389850192595,3.44699575702391,23
11,5.94760345340875,-0.000783502015507476,0.495289441601981,5.24793092432933,0,0,-0.320556670915364,0.285524691005644,-0.174012761829614,1.59870566882299,24
11,6.05596903840429,-0.582847316840168,1.48250228370765,5.24793092432933,0,0,-0.676113688722477,0.282410141257721,0.789807828894084,2.72394962873115,25
11,6.31021137243227,-1.35227979444032,1.82869416991062,6.21666527086726,0.0230643966131087,0.0278306812658655,-1.41078482107723,0.222354096158676,1.15458060233579,2.67866573504514,26
11,6.57278952069068,-1.87635481466091,3.31875979438387,6.21666527086726,0.0187031410308801,0.0300294032298599,-2.25901325996134,-0.622567576018749,2.44215613680276,5.30776935672653,27
11,6.83536766894909,0.218400173407097,1.38725503462919,6.21666527086726,0,0,-0.185681107890774,1.68564346596766,0.731608277508101,2.206033554604,28
11,7.00625186067282,-0.269670495478087,1.2558785101804,6.21666527086726,0,0,-0.450587227826907,0.326349563519531,0.825821491870867,1.7536231011792,29
11,7.4522179220006,-0.604588745153779,0.372531897613607,6.21666527086726,0,0,-0.976159229011645,0.401189214241876,0.0692164325874138,1.7032542676279,30
11,7.62310211372432,-0.537551521861162,0.967516913113393,6.21666527086726,0,0,-0.780123050017352,1.01368451793772,0.166562277135538,2.20484895942819,31
11,7.86484072640667,-0.609033251422515,1.70829358281704,6.21666527086726,0,0,-1.14816351014078,-1.21482910975346,0.486443992359883,2.46710580689747,32
11,8.17326585293242,-0.609611875411455,2.10661092258796,7.93454987256465,0.0206532175089049,0.0290462744260331,-1.25340793771156,-0.431229122286451,1.07056026236823,3.05933109451629,33
11,8.46918725811253,1.14458725343344,2.99063025507043,8.24184038656262,0.0208420511556715,0.0289510741611415,0.764963778826567,1.03873079414023,2.29490798258752,3.21384970127241,34
11,8.59839237868413,1.76044831301051,1.8107522050564,8.24184038656262,0.0186960365041084,0.0300329849688341,1.1015205955344,2.25362605358994,1.46711869939852,1.5047364811362,35
11,8.77344447752307,2.02689337763156,0.356432844184051,8.24184038656262,0,0,1.18999910588387,2.26509416693706,-0.918854665246514,2.23705054242817,36
11,9.13188448943138,1.52719375951237,-1.02943560093598,8.24184038656262,0,0,0.64187255191588,1.25147842483548,-1.62338640216082,0.236893950613394,37
11,9.48198868710926,0.578421972990169,-1.64896715307769,8.24184038656262,0,0,-0.0182608194682208,0.462812304966203,-2.51481305649593,-0.596021632894544,38
11,9.59869008633522,0.673131571173639,-2.02081972227991,8.24184038656262,0,0,0.340563484707241,0.273125091245776,-2.54360751769897,0.0484366159676017,39
11,9.79874962786544,1.7361581656216,-2.1050629821101,8.24184038656262,0,0,1.1936435638025,1.48165025867655,-2.5675917304657,-0.586644982296882,40
11,10.0488240547782,1.71168506717166,0.28931814467165,9.8892718703092,0.0219680776717424,0.028383389193781,1.24262407270926,-0.0934535394259883,-0.735362339908108,1.26261660218817,41
11,10.4322715093778,1.97772376140071,0.628744051127826,9.8892718703092,0,0,1.44261069084776,1.99070169655785,0.623456785217645,3.17070380016552,42
11,10.749032450134,1.3155625886784,0.266815668165651,9.8892718703092,0,0,0.7918317272781,0.78724637923593,0.0306193802210857,1.568419706694,43
11,10.9740994343555,1.38934644671469,-1.26038274669737,9.8892718703092,0,0,0.828099251292017,2.21218640284035,-2.31601560310939,0.347343108782767,44
11,11.220005954153,0.624381877709548,-1.36797856287769,11.1367379297789,0.0232351089203566,0.0277446168533523,0.264572905533979,1.65361522348641,-2.19665720850665,0.263568508213686,45
11,11.4909199166419,1.27670873519372,-0.602608216413674,11.1367379297789,0.0187354007799633,0.0300131395146158,0.745787175774403,0.615156330482675,-1.10570195362357,2.37588958329872,46
11,11.5784459660613,1.31084880957244,-0.338070796054126,11.5185467378272,0.0409048986399311,0.0582949829531842,0.860210637418728,0.118934271481997,-0.481098996962118,0.469551525829154,47
11,11.9994045846978,3.10749007469404,-0.4979933922315,11.5185467378272,0.0166313955333191,0.0310738713293436,2.28476727764236,2.77079329707473,-1.12271387470773,0.875584282873417,48
11,12.0327478416195,2.96394853206181,-0.481226459178669,11.5185467378272,0,0,2.17875715518531,3.10310298703381,-1.3031981595136,0.836262252023971,49
11,12.4120273891039,1.55739294459875,-1.30745320214017,11.5185467378272,0,0,1.16140973459014,1.69680778111564,-1.81696887064337,0.00192750098021614,50
11,12.628758559095,1.26632034211237,-1.7896212109016,12.594441821265,0.0240481585709607,0.0273347188111721,0.859994655326066,0.246790051285703,-2.48227234543424,-0.853638096628233,51
11,12.903840428699,2.02077500405122,-1.47701990439828,12.594441821265,0.0194792241514845,0.0296381418210706,1.91337822895219,1.96391250016083,-2.44476615873177,-0.288097775398502,52
11,13.0288776421554,1.93944071358241,-0.938576294995954,12.594441821265,0.0174024357789949,0.0306851522801154,1.21831429291457,1.49706843446649,-1.89988508142343,-0.652020153657886,53
11,13.3831497469485,-0.0838141360578845,-0.526976028393333,12.594441821265,0,0,-0.318748702848632,0.512414798616488,-0.756415836399948,0.801784674291579,54
11,13.7040785948199,0.302597272384967,0.464998274177287,13.6670766875031,0.0240035596182644,0.0273572033216571,-0.344017916152883,0.868528807595878,0.218597729335641,0.7807468844147,55
11,13.7665972015481,0.0629835345338315,0.990090249233114,13.6670766875031,0.02296516543202,0.0278807085511793,-0.296726802834208,-0.19101454599177,0.60178928039855,3.23671478829333,56
12,0,0.884486050402401,0.278883286492356,-Inf,0,0,0.939111201716473,1.65166416576181,-0.920456785202714,1.8548983533393,0
12,0.0625186067281929,0.643326369899601,0.183486605222794,-Inf,0,0,0.475840835503206,0.921774720510408,-0.184458409140641,0.810003439870862,1
12,0.487645132479905,0.5330827598773,-0.854426297008468,0.402645938575733,0.0232063552985279,0.02775911295859,0.659588656051526,0.276649858039421,-1.36341902804852,0.0120948575265289,2
12,0.604346531705865,0.63012853702859,-0.0643826084943914,0.402645938575733,0.0212680194842048,0.0287363227203659,0.503697636672475,0.83371110789389,-0.830990306694655,0.778899472948865,3
12,0.996129800535874,-0.684912798149733,2.49021831030213,0.402645938575733,0,0,-0.285735838856112,0.320661816490795,2.4073302214162,2.86870188552505,4
12,1.17534980649003,-1.689450508474,1.75482899037278,0.402645938575733,0,0,-1.50833904988682,-1.00197837927194,1.01847305969445,2.68671996110195,5
12,1.4921107472462,-1.77248959779168,1.6456978476816,1.46646071250837,0.0241921069820983,0.0272621473859813,-1.58028483386777,-1.05827891200863,1.43578017647671,1.38006085529731,6
12,1.67549866031557,0.326788958835771,1.17336278503768,1.46646071250837,0.0211461507024472,0.0287977627259141,0.565137281730152,0.234963216324268,0.894179480558358,1.37661714401026,7
12,1.98809169395653,-0.152933308764895,2.20944888236522,1.46646071250837,0,0,0.0911014394965816,-0.204333368167645,0.92495641036696,2.1270149250645,8
12,2.19231914260196,-0.155729750042919,1.27462080788578,2.04643578794427,0.0221951082175456,0.0282689320063493,-0.000511381240322623,0.0455548774244277,1.08255655268802,1.36512884117465,9
12,2.42155403393867,0.0969171188769171,0.751628567709,2.04643578794427,0.0183876628679838,0.0301884511812688,0.207792775633535,0.340162708290925,-0.0415566654708204,0.85007105772855,10
12,2.60910985412325,0.25375457924142,1.07292948634692,2.04643578794427,0,0,0.324146028651288,-0.243880226818131,0.49195769392614,-0.383246230701918,11
12,2.99255730872283,0.79356734444772,0.456053566945612,2.04643578794427,0,0,0.911869612944213,0.350026488161208,-0.142597368267782,0.208031750052298,12
12,3.03006847275975,0.84022475908925,0.596282990188375,2.04643578794427,0,0,0.776086096092256,-0.597548119043225,-0.144783849102146,0.844662093229441,13
12,3.46353081274189,0.306019446452686,-2.06498514687858,3.44161608593467,0.0242541480646186,0.0272308694458963,0.603292489211051,-0.0652823448774702,-2.85436460514181,-0.61584828454334,14
12,3.50520988389402,0.633991800154054,-2.12800953773079,3.44161608593467,0.0235618852737885,0.0275798729322444,0.589565623710552,0.149843345511211,-3.07322565062619,-1.3911065002845,15
12,3.95117594522179,0.740717792579099,0.707172517932479,3.44161608593467,0,0,0.973089148896498,1.45694487336779,0.512861994166197,0.755144695879834,16
12,4.04703780887169,1.16005243185242,0.30530924511508,3.44161608593467,0,0,1.48783408845153,0.686085635663343,-0.122123773055197,1.09709921305887,17
12,4.4388210777017,1.0063722786474,-0.494955854256656,4.28361359894491,0.0220402404627621,0.0283470084060364,0.927163735684895,0.14211355363681,-0.750707210105125,0.0115453597803288,18
12,4.70139922596011,2.244996831655,0.121165923191835,4.28361359894491,0.0176789848805298,0.0305457303700248,2.46838726884788,0.119566524758586,-0.423082924353537,0.913579907741235,19
12,4.78475736826436,1.97601476623394,0.0809444151263666,4.28361359894491,0.0117979524401953,0.0225998860083578,2.08490525992453,1.68870068499258,-0.508845656774105,0.184503602925511,20
12,5.07651086632927,0.72176289355325,-0.521436137482367,4.28361359894491,0,0,0.864567199360301,0.760248441969971,-1.17305247142836,-0.453597882251434,21
12,5.39327180708544,1.39670297686155,0.123847676133531,4.28361359894491,0,0,1.23144826299914,0.606869724314139,-0.212566178610951,1.56829012538076,22
12,5.69752902649598,1.43989253151072,-0.459365444735831,5.66840826984531,0.0241344605045895,0.0272912097910223,1.0459161277784,0.724949031102988,-1.01847560537219,-1.06017138064235,23
12,5.835069961298,2.49278098640284,-0.559274413537222,5.66840826984531,0.021849993294856,0.0284429212959776,2.34102209880009,2.03689304669498,-1.14996836707047,-0.294939019427983,24
12,6.12265555224769,2.09974827291662,0.114855731616661,5.66840826984531,0.0170733800381304,0.0308510453517806,2.0208540193105,0.780009658338994,-1.11060452557486,0.919573377536882,25
12,6.47275974992557,0.548841487636301,-1.05357553225443,5.66840826984531,0,0,0.911075001469151,-0.487584702120892,-2.20911732656269,-0.0104064318832429,26
12,6.71449836260792,-0.16962376679622,0.0182332219221187,6.70378347231398,0.0244401702063598,0.0271370865980154,-0.145774804392694,0.588158045592897,-0.951463329215464,-0.178852064196254,27
12,6.81036022625782,0.325989989002715,0.863123344344582,6.70378347231398,0.0228479657874518,0.0279397946166164,0.283197473095365,-0.309883558191637,0.530213502566114,1.85679851622117,28
12,7.2271509377791,1.52448221392181,0.395742748037697,6.70378347231398,0,0,1.40216976693797,1.09651428914276,0.193767753458801,2.21931687344695,29
12,7.26883000893123,1.30742335697643,0.286005637334896,6.70378347231398,0,0,1.59016762683124,0.502941219446356,-0.3396000884334,0.328637331604565,30
12,7.53557606430485,1.62434294109738,0.4667308595261,6.70378347231398,0,0,1.61935013283019,0.894775553240916,-0.193979186276607,0.555356923011965,31
12,7.91902351890444,0.977280708389672,-0.37887075229717,7.7113956608917,0.0211695713946431,0.0287859552109989,0.781329611170622,0.672983722512294,-1.46198333196127,0.251768854121244,32
12,8.08573980351295,0.507757669099948,0.795709506551263,7.7113956608917,0.0184005202313196,0.030181969156386,0.833056813114366,-0.442873721045045,0.159183396573798,1.2027142844157,33
12,8.42334027984519,-1.15160893544672,0.441356735566441,7.7113956608917,0,0,-0.764200224261751,-0.478546753708886,0.497849556110342,0.139652619240143,34
12,8.51503423637988,-0.162804452927937,-0.10477172265588,7.7113956608917,0,0,-0.585493397518144,0.179996617754427,-1.03068760765517,1.28650908814059,35
12,8.91515331944031,-0.144884601586854,1.5509566631621,8.79492542325483,0.0226212290208971,0.0280541036955743,-0.0506238398083507,0.220583979968826,1.04718083352893,1.68364017342952,36
12,9.11521286097053,0.681433124205204,1.639929974998,8.79492542325483,0.0192983676249045,0.0297293204300342,1.00724409583892,1.39054501196016,0.897295584769934,1.5487198715145,37
12,9.37779100922894,0.739112268115832,0.666718644114611,8.79492542325483,0,0,0.972611201268043,0.17080701395135,-0.616663053529723,2.66145515466189,38
12,9.71955939267639,0.472876415045033,0.465414797305378,9.64711218709842,0.023414835819547,0.0276540077447482,0.688271918249835,0.388518363644418,0.141169685514094,0.386299734984619,39
12,9.93629056266746,1.93191701221588,-0.0102614432571642,9.64711218709842,0.0198150693072221,0.0294688258737475,2.13994295770206,0.225003215268253,-0.958023623091331,0.639471504663217,40
12,10.1863649895802,0.627973594258649,1.50074292463992,9.64711218709842,0,0,0.730490747084554,0.198871505350969,0.453560889100517,1.84839830244768,41
12,10.298898481691,-0.293063682487219,1.7834011725675,9.64711218709842,0,0,-0.155102523168029,0.758965119113706,0.745892995845454,2.60211934900431,42
12,10.7240250074427,0.375804401318636,1.0195901387929,10.6508339121759,0.0234024802862238,0.0276602367725844,0.625128439959314,1.44182889773574,-0.125609436667787,0.305802085433025,43
12,10.9866031557011,1.77981632437512,1.29737118859294,10.6508339121759,0.0190412247040045,0.0298589587365911,1.91808787212713,-0.963540645909388,0.528477223362734,0.903061989705461,44
12,11.2075022328074,2.36144083033953,-0.0474914468771979,10.6508339121759,0,0,2.46527175813645,1.19641161508626,-0.850914931324961,1.81573075590567,45
12,11.3492110747246,2.28001039957896,-1.29663995103556,10.6508339121759,0,0,2.07679271252409,0.292956565147349,-2.13355444414853,-0.118588989187023,46
12,11.6493003870199,0.386214405203122,-0.816718127854426,10.6508339121759,0,0,0.315190451920626,-0.258366206794697,-2.08601983534629,-0.347744836379184,47
12,11.8910389997023,1.29538107996181,-1.52599508963418,10.6508339121759,0,0,1.2334044599952,0.937050372827751,-1.69548517213823,-0.329321361012096,48
12,12.1577850550759,1.45348036530044,-2.1529288396248,10.6508339121759,0,0,1.19897795444344,0.198984988074518,-2.81546002501957,-1.84951342571259,49
12,12.3828520392974,1.27206252878405,-0.117962205985775,12.158284680968,0.020888217097628,0.028927799654849,1.39998359415595,1.01431509919174,-0.753623378761838,0.381444297832015,50
12,12.6370943733254,2.55422811173891,0.702368849074487,12.4830341693265,0.0387247100383626,0.059394122518246,1.91705501697628,0.804333687892452,-0.0328091214372746,1.23707260066567,51
12,12.7537957725514,2.36679157925482,1.32457141584993,12.4830341693265,0.0201209601504829,0.0293146113584595,2.17788186911644,0.903894838477318,0.771313683839598,2.05519083991828,52
12,13.1955939267639,2.86796668800868,-0.266204774654101,12.4830341693265,0,0,3.1280243890625,0.762932740510706,-1.34837344525315,-1.07097958400018,53
12,13.4248288181006,1.00483169609093,-0.921433561388773,12.4830341693265,0,0,0.905019433885447,-0.135460099008987,-1.69491207284563,0.207421309095967,54
12,13.6373920809765,0.328646062775857,0.175712234135875,12.4830341693265,0,0,0.188150643589419,0.696430423071126,-0.270880320274159,-0.564488346900445,55
12,13.8541232509676,-0.0199922841590712,-0.392101052705815,12.4830341693265,0,0,-0.0159365481755377,0.773033350215492,-1.09151912442992,-0.390243521109851,56
13,0,0.688165550781628,-0.0810477079885085,-Inf,0,0,0.796738027274076,1.43036655511627,-0.8412886615354,-1.02428240988058,0
13,0.0500148853825543,0.444327301529873,0.307263486677265,-Inf,0,0,0.416713517383227,0.231429848058953,0.538389396649277,-1.17810871647829,1
13,0.450133968442989,1.29689482485098,1.46672816244594,0.228798126464244,0.0209418905232931,0.0289007402592898,0.898013116402206,0.788490778284859,1.4816771115994,-0.510659783144604,2
13,0.529324203632033,1.97982374110853,1.21867117762737,0.228798126464244,0.0196265912207165,0.0295638468833517,1.87909600505903,1.8953068481907,0.776062106222227,0.839552830141151,3
13,0.837749330157785,1.25398639053604,-0.463784011924579,0.228798126464244,0,0,0.89460694719597,0.783203973081978,-0.206191713502897,-2.0810350325517,4
13,1.21286097052694,1.52324311222998,-0.37745742795079,0.228798126464244,0,0,1.15173931980022,1.73587696069465,-0.640517937483084,-0.938632378036218,5
13,1.38791306936588,1.35627972454505,-0.664688721642196,0.228798126464244,0,0,1.56888238628697,1.09615806300382,-0.445360965866335,-0.439744201283847,6
13,1.64632331050908,2.57911479762036,-0.0988393244238106,1.39267508145243,0.0204052023812928,0.0291713109661388,2.7012392571472,0.663549687582238,-0.080438239493348,-2.07006786238402,7
13,1.87139029473057,1.31572065092591,0.630985698677043,1.39267508145243,0.0166669833108124,0.03105592979242,1.05037160701287,2.1549811101297,0.582153519937369,0.287491503283374,8
13,2.23399821375409,0.943077701129829,-0.101795376088963,2.19325360769513,0.0239413957790831,0.0273885431493812,0.949669952324282,0.959109131482218,0.0310480471311818,-0.448151243504057,9
13,2.27567728490622,1.45323485401281,-0.197811354222535,2.19325360769513,0.0232491329882529,0.0277375466357292,1.33196484060053,0.645860431025178,-0.420148789199547,-0.117009564556882,10
13,2.71330753200357,0.0507120982421302,1.72114628537948,2.19325360769513,0,0,-0.114306125418827,0.817897003341382,1.86993040952686,1.53422245482461,11
13,2.82584102411432,-0.247115052337331,1.94343206366084,2.19325360769513,0,0,-0.279611363977408,1.45811358628342,1.6812835359623,0.19049447387239,12
13,3.05090800833581,0.534475254071127,0.305372158723076,2.19325360769513,0,0,0.434895189674668,0.343102938154212,0.215787071481488,-0.681427546818345,13
13,3.34682941351593,1.12498999358751,-0.778445081083726,3.23831857584345,0.0228158418901873,0.0279559898423113,1.11321380227737,0.227216294134992,-1.01069407318573,-1.10749207512458,14
13,3.5010419767788,1.44591335735098,-0.240635959699547,3.23831857584345,0.0202544695641183,0.0292473027418028,1.38526262616467,0.484187558460251,0.301056237581765,-1.45207104283473,15
13,3.80113128907413,1.96636428088004,-0.19234934513332,3.23831857584345,0,0,1.60235338982544,1.07766495939065,-0.161069188439676,-1.82215244068822,16
13,4.12622804406073,0.202589611095599,0.414387452388893,4.01625298770825,0.0227915221517206,0.0279682506103625,0.405541731808059,-0.157198218125938,0.435409402421645,0.21230362975169,17
13,4.30544805001489,2.28089204458606,0.261538207448032,4.01625298770825,0.019814792151157,0.0294689656016658,2.56387489665019,1.31397436363716,-0.159370242296798,-0.437040709934116,18
13,4.72640666865138,0.718957245972606,-0.115841963106798,4.01625298770825,0,0,0.651967230602035,0.659194686351844,-0.142916790664259,-1.45828348468864,19
13,4.85144388210777,0.359731959743805,-0.532995768732764,4.01625298770825,0,0,0.587553596281029,2.0003285310532,-0.239032669302143,-1.06613443102403,20
13,5.14319738017267,-0.286953324140901,0.141459202841069,4.01625298770825,0,0,0.1335539506074,-1.5149633681941,0.306845769287763,-0.205246960616433,21
13,5.27240250074427,-0.0521293435272338,-0.889659013868105,5.21794092363248,0.0237135656379531,0.0275034034518602,0.181061095070508,0.582317539071746,-0.860431909908015,-2.51726674943583,22
13,5.55165227746353,1.53508267493306,0.486856790285055,5.21794092363248,0.0190754049393932,0.0298417268103939,1.55711765258202,1.23650312321873,0.71853772877705,0.337317758518443,23
13,5.86007740398928,2.74084754678957,-0.453440608785008,5.21794092363248,0,0,2.60754761578384,1.71247457721571,-0.700810373160449,-0.848848201286206,24
13,6.03929740994344,1.66338968589692,-1.69527887323123,5.21794092363248,0,0,1.44131476371019,1.08455524504883,-1.28959555379374,-2.32677037702551,25
13,6.35605835069961,0.591514958914091,-0.904036914933518,5.21794092363248,0,0,0.774984500622469,1.59114696443579,-0.795887619226362,-0.323830009282481,26
13,6.52694254242334,0.067520526576645,-1.75949878618306,5.21794092363248,0,0,0.231809358538433,-0.522233270219048,-1.53834379382382,-2.10120824084734,27
13,6.88538255433165,1.08737477362828,-0.595679183092806,6.6766954132714,0.0211519773787819,0.0287948252137639,1.24587571035195,0.175848720023737,-1.09153775092706,-0.597072347406855,28
13,7.23131884489431,-0.129463287511272,1.02371614393168,6.6766954132714,0,0,-0.41136965211856,1.43165899694813,0.870969308853243,0.461388833700442,29
13,7.33134861565942,0.518694769476089,0.789935572296721,6.6766954132714,0,0,0.541457076697941,0.307469370488369,0.967237701270004,-0.644726727445943,30
13,7.53140815718964,-0.251942865902113,-0.115115722094661,6.6766954132714,0,0,-0.322909756667608,0.686001315153187,0.10270842184597,1.41773500495012,31
13,7.99821375409348,0.688815272684903,3.20487498270651,7.67371724174501,0.0192284575796143,0.0297645654986213,0.656992305632309,0.764335845935893,3.65468159728809,1.79025451495222,32
13,8.01071747543912,0.849366043844456,2.91151203608397,7.67371724174501,0.0190207787423612,0.0298692665445192,1.18646301014756,0.0521538587385613,3.05895257048371,2.7606271664387,33
13,8.41917237272998,1.74383602868503,-0.420825620209276,7.67371724174501,0,0,1.44412955501515,1.1715392195558,-0.368633119355252,-1.09832845184153,34
13,8.52753795772551,1.81454942907464,-1.44152125124074,7.67371724174501,0,0,1.60917123824561,1.70328902892917,-1.13567455867607,-1.61194057688872,35
13,8.93599285501637,1.97728788222473,-0.224219249076281,8.56614081145694,0.0184751311318896,0.0301443541570653,2.046403329937,0.585080520446819,-0.393892531699804,-1.47885742837061,36
13,9.13605239654659,1.88523981447344,0.270778442685483,8.56614081145694,0,0,1.90961649855061,1.61211860366083,0.129160319279962,-1.30531460924998,37
13,9.43197380172671,1.04313760582688,-0.91562644331615,8.56614081145694,0,0,1.18420893835143,1.28350948598607,-1.15256542687718,-1.1015897266613,38
13,9.66954450729384,0.341130458993713,-0.334236595464502,8.56614081145694,0,0,0.472192455905175,0.395422422354815,-0.820269978471394,0.684173265398951,39
13,9.97796963381959,-0.853540957784745,0.865783370584563,9.95739112694998,0.0242763418256077,0.0272196804869387,-0.43444731850505,-0.374495171289125,0.432725154396566,-0.183589192854576,40
13,10.123846382852,-0.133239097196797,2.01200740914895,9.95739112694998,0.0218534220577021,0.0284411926891577,0.391587820837455,0.745036275371927,1.36950119314472,0.340182843416458,41
13,10.3655849955344,0.891995824813034,1.0371834413031,9.95739112694998,0.0178382978708793,0.0304654129099658,1.09343505701231,0.263596577059053,0.534914947025688,0.396855430286361,42
13,10.6406668651384,1.34250078165361,-0.242613249493397,9.95739112694998,0,0,1.40206318361042,2.24510820254154,-0.274786771382617,-1.67600305402023,43
13,10.8157189639774,0.962003529677573,-1.32395458585974,9.95739112694998,0,0,1.06363874025331,0.243280531471091,-0.710046463762212,-0.41598657426685,44
13,11.0949687406966,1.27984753370104,-0.922805646960212,11.0390871432664,0.023689980006082,0.0275152941209152,1.18817275495376,0.125396858663379,-0.310193466658145,-2.43121827773821,45
13,11.4409050312593,1.25741198722813,-0.418744790316675,11.0390871432664,0.0179441988421949,0.0304120230576059,1.02035329236969,1.26925561366828,-0.858671638718264,-0.714531955861398,46
13,11.6951473652873,1.46332197855642,-1.49588290720566,11.0390871432664,0,0,1.47239295192497,1.82159317124149,-1.44998556142026,-2.47976831759327,47
13,11.8576957427806,0.850873020183357,-2.31383276027829,11.0390871432664,0,0,0.69030714499015,0.283365414540173,-2.17964304536168,-3.66440736390283,48
13,12.1452813337303,0.250107580798587,-1.1564043044418,11.0390871432664,0,0,0.259684297389245,-0.293943861336111,-1.03982876605133,-1.72237045924071,49
13,12.3995236677583,0.720507374652228,-0.965095219917282,12.2406156912249,0.0219787775546967,0.0283779948601323,0.594874675538784,-0.144907417755046,-0.762426781839102,-0.47101361757254,50
13,12.628758559095,1.28819846113294,-0.0848466921914472,12.2406156912249,0.0181713322051325,0.0302975140350475,1.29397816269289,-0.271522700998627,0.207203397998191,-0.82931474609617,51
13,12.7954748437035,1.65731577330325,-0.303960600629333,12.2406156912249,0,0,1.94477969387821,1.21011379685692,-0.0842542815510499,-2.10619248480339,52
13,13.1164036915749,2.51638094083945,-1.2117176956667,12.9269467815542,0.0214713792521859,0.0286337991282356,2.14974342501817,2.08640366807428,-1.00547931456112,-3.03838924345145,53
13,13.4373325394463,0.931674714621821,-0.0852628220490055,12.9269467815542,0,0,1.11495950877255,2.41711605521685,-0.3034374308775,-1.31931289540483,54
13,13.6290562667461,1.04520006190208,0.165255645546961,12.9269467815542,0,0,1.44646862698566,0.191730272326363,0.157771753320115,-0.389745396555146,55
13,13.9499851146174,1.45300379788757,-0.0768640132102213,13.883216501202,0.0235091536138094,0.0276064575377027,1.14271104537591,1.42270603448214,-0.211804912631944,0.0227231308272984,56
14,0,-0.676506660580767,0.292613951812288,-Inf,0,0,-0.365632927560207,0.720497000471964,-0.635552226022887,1.23319266538291,0
14,0.0500148853825543,-1.06582719410432,0.617666506810811,-Inf,0,0,-0.838305462051215,-0.428312087320221,-0.169437052745486,1.13135210293203,1
14,0.462637689788628,0.0837788019886091,0.746916706560241,0.312880539579783,0.022130766943973,0.0283013695851029,0.235788254555461,0.73449537899591,0.2408350458302,1.63417793547199,2
14,0.629353974397142,-0.210113814130618,0.3446300965248,0.312880539579783,0.0193617157806533,0.0296973835304959,0.0821387951466945,-0.189955887434227,-0.670086864689655,0.983294141656637,3
14,0.896100029770765,-0.097870560530028,1.88149221791111,0.312880539579783,0,0,0.507838191725041,-0.0617577850352366,1.17044472661911,2.14737211476437,4
14,1.18785352783567,1.18156674429555,-0.411347581138803,1.16904893719878,0.0243058054429052,0.0272048264383036,1.55194599309184,0.769868536508394,-1.23613474995355,0.315361257569516,5
14,1.43376004763322,0.775525504147629,1.90690104758043,1.16904893719878,0.0202214549770077,0.0292639470077568,0.96825274307754,1.7593878423902,0.672108875546478,1.23035738281586,6
14,1.67549866031557,0.600987372240883,1.8471733321696,1.16904893719878,0,0,0.595360890060331,-0.00670038813127144,1.17721457956134,2.3266001057719,7
14,1.95474843703483,1.09781809677729,-0.9549956880686,1.16904893719878,0,0,1.00196410029879,-0.221429799566491,-2.03248565734796,0.837015007241467,8
14,2.15897588568026,1.28904292464398,-0.638384543542751,1.16904893719878,0,0,1.38490635770555,1.77412834973596,-1.4098349944017,0.939052657922232,9
14,2.35903542721048,1.96911616886681,-1.54285886543048,2.35008887650553,0.0244695411991675,0.0271222792459187,2.05282805070508,0.389680270474337,-2.42297467225885,-0.341915763949369,10
14,2.71330753200357,3.008161530434,-0.435667495054554,2.35008887650553,0.0185853074771129,0.0300888088798799,3.08002682415046,2.02101408872859,-1.24981519470026,-0.639406621339948,11
14,2.87168800238166,2.6549331071736,-0.88148094648332,2.35008887650553,0,0,3.14445080693752,1.6930763041411,-2.20208964063744,1.85462545897191,12
14,3.00922893718369,2.95631524841385,-1.91070225232566,2.35008887650553,0,0,3.32035411065035,0.99368379265776,-2.8342949849535,-0.258103899654415,13
14,3.39684429889848,2.32534105129407,-0.209443864782148,2.35008887650553,0,0,2.39063458804998,1.08746053983878,-1.12763200032144,0.828571779249574,14
14,3.67609407561774,1.11071674102385,0.634295830078872,3.53004980985469,0.0221924355867094,0.0282702794101023,1.3722263849391,1.08603655520625,-0.143763756812029,0.724675713426211,15
14,3.83030663888062,1.97245367190308,0.217483787922251,3.53004980985469,0.0196310632606376,0.029561592309588,2.04899270195654,0.603998499105908,-1.1223139646252,-0.292003976659368,16
14,4.04703780887169,2.8252929415608,0.173459570187943,3.53004980985469,0,0,2.91368325923163,0.786186522466571,-0.933157530588,1.39045398389935,17
14,4.3429592140518,2.42144954728792,-1.39820080640549,3.53004980985469,0,0,2.50154393637436,1.85346957747293,-1.9322734346743,1.19188915815712,18
14,4.50133968442989,1.882002918872,-2.29962836028484,3.53004980985469,0,0,1.9002977521323,1.19295268886963,-3.11048330657021,-0.0946411182375185,19
14,4.96397737421852,1.13918032663081,0.470800924204564,4.71660106297797,0.0205093749362763,0.029118792492877,1.18679186699504,0.707340098830419,-0.620185171381807,0.803687930628595,20
14,5.14319738017267,1.10218673236046,1.0433768590635,4.71660106297797,0.0175326449357072,0.030619507484174,1.3979182713133,0.631681421978728,-0.0672593955287859,1.57574751814615,21
14,5.33492110747246,1.08755499318666,0.131479565109077,4.71660106297797,0,0,1.25555274656162,-0.155082687176554,-0.82685005254016,1.51411144811822,22
14,5.61000297707651,1.71028065058756,-0.117663400690543,5.52163943896572,0.0231504756868809,0.0277872846002548,1.64224893353409,1.39492644152082,-1.3683603165633,1.21143761647578,23
14,5.97677880321524,1.66313491816238,1.060921023748,5.52163943896572,0.0170585631275778,0.0308585152801203,1.93000840040219,1.53602426404235,0.132951702641028,0.514626726154856,24
14,6.0934802024412,0.401139072834939,2.01608881172095,5.52163943896572,0,0,0.662542617644176,-0.170954932029239,1.26288949412319,3.11016446535907,25
14,6.33938672223876,-0.394182008013847,1.09235658164545,6.25550793489764,0.0232249645369908,0.0277497311325072,-0.225410579981632,0.161663714816616,-0.0788407544401533,1.79688228112376,26
14,6.62697231318845,0.499717536250162,1.57226301002077,6.25550793489764,0.0184483512802661,0.0301578551883104,0.821611793948242,0.204321599672555,0.349557945957086,0.678362533038314,27
14,6.88121464721643,0.42923904750222,0.454777455067106,6.25550793489764,0,0,0.891304668997459,-0.346195590907176,-0.378411040473746,0.8959540938592,28
14,7.12295325989878,1.88970618018694,0.56331255851785,6.25550793489764,0,0,2.12983437158214,2.00295964611644,-0.655766186777739,1.21872674454756,29
14,7.36469187258113,0.899629264798767,0.704214387713602,7.31182689907638,0.0237400842056202,0.0274900341465947,1.38576279856967,1.61651230589106,-0.565657888847817,1.98199667167007,30
14,7.71479607025901,0.154799309266137,2.01885325969477,7.31182689907638,0.017925076762654,0.0304216634319262,0.266094651050514,-0.19810905248995,0.944236666265584,2.58417344251083,31
14,7.78565049121762,0.437590617605206,1.2394995543742,7.31182689907638,0.0167482300182393,0.0310149693587122,0.605337932850144,-0.248754489150519,-0.218743411801076,2.03513591923718,32
14,8.23995236677583,-0.0567455244299044,-0.590903933598069,7.31182689907638,0,0,0.0508929891191587,0.134346815383786,-1.65725265732613,-0.433774104550505,33
14,8.31914260196487,0.568462117721125,-0.54175764015549,7.31182689907638,0,0,0.445913220974178,-0.561905529859426,-2.22133869447835,-0.273718969575329,34
14,8.68175052098839,0.84895090055951,-0.194290594893404,8.65079013019299,0.0241039053546808,0.0273066141345542,0.718256826525202,0.563554499269086,-0.774209771899739,1.23714108457952,35
14,8.86097052694254,0.663700419384474,0.478285522728835,8.65079013019299,0.0211271753541218,0.0288073291258637,1.10470609088912,1.03141732427693,-0.383481119456488,1.52765500107917,36
14,9.05686216135755,0.565772634064442,-0.091383800912413,8.65079013019299,0.0178735402372129,0.030447645511688,0.758356685419482,-0.31405007147258,-1.40767854850098,0.130549978796697,37
14,9.47782077999405,0.404157633628438,-0.383983912040944,8.65079013019299,0,0,0.640733730317112,0.0801143998603915,-1.73505885424486,1.03760601963224,38
14,9.59035427210479,0.619995000615626,-0.130967746656116,8.65079013019299,0,0,0.779396034864579,0.119703456035964,-1.57706646906558,1.09492919013484,39
14,9.82792497767193,0.774572751191363,-0.0711769844256796,9.79934638031543,0.0241434654247131,0.0272866699709609,0.977458332348076,0.377100093412023,-0.630204321852944,1.15027604517828,40
14,10.161357546889,2.20854039150667,0.317324893052441,9.79934638031543,0.0186053630980726,0.0300786978617482,2.40724385813939,1.7164241728915,-0.600229246554234,1.54462033298963,41
14,10.3489133670735,0.30233427180968,0.2139384322715,9.79934638031543,0,0,0.929815303566004,-0.195888785984362,-0.569641095014943,1.8717098995073,42
14,10.7115212860971,1.18160131898746,1.86335518651687,10.4245466595104,0.0198516721723681,0.0294503725815649,1.48899773552878,-0.107887399453808,0.585450151251758,1.8534450052224,43
14,10.9574278058946,1.76386999126187,1.77147761993025,10.4245466595104,0,0,1.64560254418616,2.06436902693041,0.998607544397332,2.90269697971111,44
14,11.2033343256922,0.648593094054675,0.542144097821681,10.4245466595104,0,0,0.87508816465373,-0.139112866807835,-0.372979994889413,2.11965444541511,45
14,11.4242334027985,-0.122368878166582,-0.0162530702048804,10.4245466595104,0,0,-0.0328841506883501,0.717226712936572,-1.31400637642058,0.293587079537594,46
14,11.5367668949092,-0.30573512144123,0.467950043941742,10.4245466595104,0,0,0.28605703267511,-0.328643241482821,-1.31154852071021,0.864196549441892,47
14,11.9202143495088,-0.962603771416547,0.0829833007981553,10.4245466595104,0,0,-0.79741814234134,-1.50572485643515,-1.15488274065764,0.730156999086262,48
14,12.178624590652,-0.618962759030977,0.941754595527221,10.4245466595104,0,0,-0.421010364529865,-0.207574735068995,-0.0245885683732163,1.68614816817585,49
14,12.4703780887169,0.472150434345196,2.17380750169616,12.1854584839464,0.0198858047741451,0.0294331646698234,0.795321394452225,0.402097453659609,1.22505564098907,3.06546674212462,50
14,12.6079190235189,0.189097679621745,2.77392655440629,12.1854584839464,0.0176013375643977,0.0305848761747602,0.618771368503446,0.338842120560365,1.4391949800818,2.41661197527281,51
14,12.8871688002382,-0.10501571703367,2.55715375258021,12.6556039184815,0.0207719926961927,0.0289863940525624,0.360222921423093,-1.09804405679941,1.69160797707201,3.6752453648908,52
14,13.0330455492706,-0.0186003110580272,2.6316147561918,12.6556039184815,0.018349072928288,0.0302079062547811,0.429305674015504,-0.281101972298122,1.75814004490988,2.85345373155751,53
14,13.3664781184876,1.70083297838083,1.32381855921044,12.6556039184815,0,0,1.39865565772153,1.23726434410517,0.175001351698941,1.82995081063683,54
14,13.7290860375112,1.4351530279059,-0.314286186881184,13.6498309286428,0.0233017608876524,0.0277110143410311,1.57775055867154,0.537390927974907,-1.71038702788728,1.36121328079188,55
14,13.9541530217327,2.0111959206879,-0.363494278124617,13.6498309286428,0.0195635418171804,0.0295956331673237,1.85187690921621,0.613458274087634,-1.26287465024926,1.24836619921026,56
15,0,-1.28980448554024,-0.525077114695163,-Inf,0,0,-0.273746660126937,-0.846250532260588,0.28154212196123,-1.06729655660244,0
15,0.108365584995534,-0.657409616635458,0.372587587654672,0.0231805777642876,0.0232032690576688,0.0277606688833548,0.474276404460778,-0.40523382306119,0.497994427198346,-0.789792751472342,1
15,0.345936290562668,0.535423240468029,2.29764984964915,0.0231805777642876,0.0192573711499381,0.0297499887555404,1.25931852829069,-0.258484019281147,2.68374498797831,-0.862039487195984,2
15,0.666865138434058,-0.701151690411156,0.187612062931101,0.0231805777642876,0,0,0.036964441438301,-0.341799542757535,0.385331430418039,-0.209655998584391,3
15,0.783566537660018,-0.0145206861322438,0.877774084921983,0.0231805777642876,0,0,0.615745335819791,-1.06497337720739,1.21739121096903,-0.148552929032975,4
15,1.19618934206609,0.901134570244507,1.23085439629632,0.841341034600583,0.0187243336197079,0.0300187190106825,1.70606752427694,-0.237770035708143,1.70206078948138,-0.0979962471213601,5
15,1.4587674903245,0.484388470704005,0.975737031370523,0.841341034600583,0,0,0.99402576095322,0.651313309795442,1.55091317023032,0.0174450706473257,6
15,1.65465912473951,0.504792253242094,-0.889613097432842,0.841341034600583,0,0,0.958675410690255,-0.235685129261805,-0.575955203850452,-2.43133217891416,7
15,1.9130693658827,1.29656168456433,-0.623823904565187,1.76170534367781,0.0221040778249084,0.0283148248736509,1.94819915716397,0.772623775835256,0.0436482306630178,-1.24465619064026,8
15,2.03810657933909,2.30790872354072,0.186090990005594,1.76170534367781,0.0200272894524188,0.0293618353326957,2.98324666965619,0.105849805328284,0.012594841700697,-1.11032554781402,9
15,2.4965763620125,1.63222911681555,-1.42195963981533,1.76170534367781,0,0,1.91585958613775,0.119774675503345,-1.33075708083655,-3.23462698675407,10
15,2.51741589758857,1.52814357696418,-1.48948113505029,1.76170534367781,0,0,2.08323342197041,0.813601294722498,-1.08471121866988,-1.86652479376655,11
15,2.91336707353379,-0.456950880655721,-0.520219385957394,1.76170534367781,0,0,0.26525676645469,-0.771869280495476,0.172417152794693,-1.55623076945438,12
15,3.06757963679667,0.0706401094299572,0.227429102620381,1.76170534367781,0,0,0.610494648067897,-0.00133784830350714,0.0361771483456114,-0.308219439124983,13
15,3.43852337005061,0.982272612653569,-0.568031169876564,3.32887435058992,0.0227969374165668,0.027965520510854,1.46080141337686,-0.836267040932899,0.165080384227064,-1.29981117368697,14
15,3.6302470973504,1.13743824831249,-0.539989135208279,3.32887435058992,0.0196125285787491,0.0295709365480561,1.73793919410713,-0.976430454802572,-0.201707111770434,-1.29479979485544,15
15,3.88032152426317,-0.0568404887937574,0.434932869172453,3.32887435058992,0,0,0.809492989062968,0.0735858580016819,0.800470940994711,-1.09743029162119,16
15,4.17207502232807,-0.682871190425226,0.44179105770364,3.32887435058992,0,0,0.0668837100213426,-0.918676446354044,0.812894920401445,-1.14904090260231,17
15,4.36796665674308,-0.827022114530033,0.25392388655256,3.32887435058992,0,0,-0.242669681845794,-0.719281174290657,0.349154864598452,-1.46517104553268,18
15,4.56385829115808,-0.790648901501829,-0.0858595279311238,3.32887435058992,0,0,-0.109027401525182,-1.27913599676661,0.640148493154853,-0.514811971945566,19
15,4.77225364691873,-0.0625038575458693,1.70332065588976,4.6561126740112,0.0226891102100863,0.028019881472447,0.430088660746342,-1.41576666464297,1.87611376226479,1.29802176624308,20
15,5.19321226555522,0.732451850505627,2.23630145637313,5.18964098262636,0.0210623746674056,0.0232463892334338,1.59359205881192,0.150304906469377,2.46876240238146,1.00559424798106,21
15,5.28907412920512,0.709477567739304,0.909754861803015,5.18964098262636,0.0229666165499186,0.0278799769717749,1.65947852438438,-0.433459478118073,1.34372493713404,1.16129951726428,22
15,5.65168204822864,-0.713363514396541,3.68890175358377,5.18964098262636,0.0169439302696983,0.0309163073030048,0.126567943934727,0.442199726667178,3.74767184724973,2.57321822400054,23
15,5.82673414706758,-0.97503650316433,2.27235071501095,5.18964098262636,0,0,-0.0157863254651958,-1.27666783202916,2.38430324889522,0.844301211730774,24
15,6.18100625186067,-1.47382636061038,1.35638139925845,5.18964098262636,0,0,-0.813383331481548,-0.10683950370991,1.88372583869392,0.422890235568776,25
15,6.31437927954748,-0.426838119642946,1.54807115680673,5.18964098262636,0,0,0.320552811145717,-0.307813530782926,1.76241149802434,-0.320854455496882,26
15,6.55194998511462,-0.547462655047072,1.67991438956583,5.18964098262636,0,0,0.163477031545197,-0.728247211349692,1.77810240292922,-1.00598182608616,27
15,6.76868115510569,1.12006595365718,1.85778572349367,6.61881281173645,0.022128920096493,0.0283023006711274,1.61662697351641,-0.254052029380119,1.73302047425004,0.143084204264251,28
15,7.16463233105091,0.894977722185253,0.860706509756745,6.61881281173645,0,0,1.68808118879388,-1.48002323373785,1.03546683076282,-1.49233343971203,29
15,7.4855611789223,-0.344961423076949,-0.604290923464633,6.61881281173645,0,0,0.535980564111939,-1.80928376261232,-0.696378774524766,-1.87652015519596,30
15,7.50223280738315,-0.283015801735894,-0.751002203294027,6.61881281173645,0,0,0.21647656439934,0.17263759724326,-0.620412092537367,-1.09764235381001,31
15,7.85233700506103,1.18235785763703,1.33311799101539,7.60923855724888,0.0205804275195959,0.0290829714150704,2.00500865873446,0.0149374528699094,1.75205604126715,0.0349310351909982,32
15,8.04822863947603,0.505080355217532,1.5958294976458,7.60923855724888,0.0173267924026916,0.0307232878009009,1.18430841577459,0.617834573958835,2.20586454508899,0.493747801541882,33
15,8.27746353081274,0.097890439489489,1.6636304497709,7.60923855724888,0,0,0.643498266531763,0.597001720594836,2.00577941475053,0.561651826868749,34
15,8.57338493599286,-0.272362455497686,1.31889326042595,7.60923855724888,0,0,0.195853743633482,-0.0909692867024887,1.31418054882495,-0.751743718201309,35
15,8.83596308425127,-0.0225338438994102,0.626793005132702,8.76327898729091,0.0234109012047544,0.0276559913762346,0.441584231359507,-0.168937785342281,0.945374887197362,-0.729214280420011,36
15,9.22774635308127,-0.0970941302365055,1.92633728826666,8.76327898729091,0.0169036309709543,0.0309366241479083,0.569329959096376,-0.72020047239548,2.69750281720967,0.58008759203382,37
15,9.27776123846383,-0.247167180853441,2.04963199769552,8.76327898729091,0,0,0.603283077264318,-0.905172303938242,2.19663363422474,-0.00669938005988036,38
15,9.66954450729384,1.45078904313965,1.95474327868058,9.30194579670922,0.0185125575555198,0.0301254856688075,1.98684822454669,-0.086579760523553,2.05237307807729,0.0339005306377778,39
15,9.7862459065198,2.70131567284855,1.15508838226455,9.30194579670922,0.0165742217412033,0.0311026954305957,2.92470648308678,-0.238475162597912,1.41585375228768,-0.368046220444218,40
15,10.1655254540042,0.413848485220503,-0.0540777895306267,9.30194579670922,0,0,0.909912416255268,-0.175114846300829,0.218761542362119,-1.36459485288267,41
15,10.3697529026496,0.500085066443362,-0.581258644303919,9.30194579670922,0,0,1.28253406372955,-0.560571890143675,0.0171326758890334,-1.44637225528133,42
15,10.553140815719,-0.116082231091816,0.0635852184683928,9.30194579670922,0,0,0.3799744289578,-0.739576176571918,0.150196159876832,-1.08291489273656,43
15,10.8990771062816,-0.199884495605568,0.477122670606641,10.8627484193824,0.0240147413800606,0.0273515660493804,0.698280383949346,-0.642343224034011,1.14016541583057,-0.486309084586191,44
15,11.0366180410837,-1.16506485444643,1.97309902281189,10.8627484193824,0.0217302741703114,0.028503277554318,-0.473979097288499,-1.17850863120251,2.64438452280891,0.201144369173765,45
15,11.3492110747246,1.49451800919265,1.99535127029256,10.8627484193824,0.0165383032390962,0.0311208037019431,1.92649437361148,-0.0375103627073997,2.70094273051048,0.609876868635945,46
15,11.6451324799047,0.902578439652509,1.95690203085961,11.6141121428729,0.0241029096859341,0.0273071160998191,1.49806168406195,0.302098926996962,2.29965347206624,-0.0843867282731194,47
15,11.9077106281631,0.81963180344094,0.750390088319889,11.6141121428729,0.0197416541036962,0.0295058380638019,1.64410732666477,0.346656247447327,1.34514701608932,-0.454156479145522,48
15,12.0452515629652,1.01471632397696,1.71715048810086,11.6141121428729,0.0174571868939581,0.0306575495687508,1.46014252987501,-0.651896384383063,1.70572051629427,1.27518557363896,49
15,12.2828222685323,0.194273399475031,1.52923019461818,11.6141121428729,0,0,0.472515400097384,-0.97776122397308,2.18728592683636,1.19061262841835,50
15,12.6662697231319,0.0791551838014124,-0.017519597150008,11.6141121428729,0,0,0.467778524986807,-0.723293223326076,0.0994582241956878,-0.379753267253104,51
15,12.9330157785055,0.290477607366376,0.0546549295568153,11.6141121428729,0,0,0.949132758838906,-0.930140957051402,0.831202909626657,-0.882511928003986,52
15,13.1122357844597,-0.940251301791043,0.695699178603893,11.6141121428729,0,0,-0.268272342336518,-1.60290966866056,0.902575453171525,0.508266000843576,53
15,13.3039595117595,-1.10912710807172,0.773718492495267,11.6141121428729,0,0,-0.814831169068318,-1.46339560996877,1.05412754712607,-0.784027264329797,54
15,13.6790711521286,-0.931721309170365,0.920769896624083,13.3498139656632,0.0191493858186767,0.0298044294355685,-0.239629481097304,-0.125908755469211,1.29369055339769,-0.260999668291975,55
15,13.8999702292349,-0.423724319688048,1.68383414801216,13.8813846443314,0.0243094429884711,0.0272029925739172,0.182560709128945,-0.829259738649243,2.1109438473145,-0.216042812302269,56
16,0,0.0107864751385813,0.0146633096624846,-Inf,0,0,-0.00604691453765495,0.0275674388463018,-1.38697521015707,1.3226444703708,0
16,0.0208395355760643,0.281620901020394,0.0604330641086671,-Inf,0,0,0.375339531669284,0.757761113169087,-1.52825122268622,0.993053966208585,1
16,0.387615361714796,0.79151552517981,-0.552789773519731,0.27935292783659,0.0228199677187908,0.02795390981059,0.967121542886018,-0.439354979798771,-2.68382387347066,1.8589887657749,2
16,0.741887466507889,1.54290048373454,-0.904810425665198,0.27935292783659,0.0169357339967362,0.0309204394445504,1.74825269298725,1.35942145738374,-2.75207510335955,1.49849617622869,3
16,0.958618636498958,1.78192861721939,-0.96060981612251,0.27935292783659,0,0,1.31734000203273,0.61878675594249,-3.00673896350966,1.9410701875423,4
16,1.14200654956832,1.44030074403707,-0.454128444910856,1.09060306018039,0.0237643585247376,0.0274777962766595,1.51223634489529,0.561489585863714,-2.08838763665673,-0.0662629220427033,5
16,1.32539446263769,2.18026888619023,-0.977007278733075,1.09060306018039,0.0207184022450865,0.0290134116165921,2.02566705505602,0.973028757014849,-2.5704620479174,0.458294559746902,6
16,1.52545400416791,2.09579259613594,-0.0021752577956498,1.09060306018039,0.0173955408491023,0.0306886283510644,2.16116018447548,0.0272124585657462,-1.74206852335197,2.31408999121161,7
16,1.79636796665674,0.418207626795904,-0.925288305417978,1.09060306018039,0,0,0.379571423427594,0.700301366938098,-3.04828370433837,2.16666647545208,8
16,2.09228937183686,0.883309317192951,-0.585127359920946,2.08328010462798,0.0244684995180338,0.0271228044082585,0.663291094642984,-0.387261490407253,-2.69562148428556,0.796034750225715,9
16,2.3006847275975,1.34524166661586,0.283927497933104,2.08328010462798,0.0210071855638848,0.0288678218399998,1.74273041401109,0.0430056745922592,-1.59142485787119,1.64481586013462,10
16,2.61327776123846,1.26475385870772,0.419977562489413,2.08328010462798,0,0,0.965350121489144,0.952351537142842,-1.41000383960124,1.45750275619702,11
16,2.81333730276868,-0.416022678773518,0.36076787984316,2.08328010462798,0,0,-0.359598405295834,-0.126785412518748,-1.74322923225694,2.49258308910647,12
16,3.18428103602263,-0.726196701273042,0.885911457238694,2.08328010462798,0,0,-0.83465655987126,-0.479900432262178,-1.27836011484245,2.47785424991216,13
16,3.29264662101816,-1.13261557873723,0.697004029026826,2.08328010462798,0,0,-1.07269709049283,0.186589759776491,-1.33706718948843,1.49543637570575,14
16,3.73027686811551,-0.102830253588836,0.586882037460554,3.34914297242112,0.0182877467629727,0.030238823770194,-0.202816683852257,-0.243401116206481,-1.05947951976229,1.31884827678443,15
16,3.98868710925871,-0.622594984256768,0.740189019923018,3.34914297242112,0,0,-0.845917728739271,-1.22359290765727,-0.797608514369138,2.07006647872271,16
16,4.06370943733254,-0.726334232334725,0.970866440552299,3.34914297242112,0,0,-1.20866561676934,-0.463340893049533,-1.11931494832727,2.58357730809402,17
16,4.41381363501042,1.03482759590448,0.683446532977298,4.17499075449752,0.0206514419656709,0.0290471695641039,0.751843349234063,0.114943756026952,-1.51156703988363,1.4308321539124,18
16,4.56385829115808,0.615640685125329,-0.0630386741587932,4.17499075449752,0.018159295918688,0.0303035821149635,0.681180695859646,1.08144195863506,-2.20802576137847,1.35358147269622,19
16,4.89729086037511,0.856787983338544,-1.01352218302866,4.17499075449752,0,0,0.612623661266614,-0.420140339303042,-2.55952445019074,0.426749355071781,20
16,5.05150342363799,1.08421367032848,-0.473222793763716,4.17499075449752,0,0,1.08694559444435,1.05085435092059,-2.46311806678062,1.66836400294013,21
16,5.34325692170289,0.647995960853847,-1.91193648580953,4.17499075449752,0,0,0.332093279781507,1.08252389796785,-3.86127760019862,0.444651217287943,22
16,5.71420065495683,1.52801875482228,-0.40245418210982,5.39966364923435,0.0193938786329534,0.0296811686656614,1.28286001648856,0.283439421684903,-2.02118945710439,1.05612617404991,23
16,5.7683834474546,2.07990427543409,0.157900503762552,5.39966364923435,0.0184939370048748,0.0301348731979146,2.14321409094723,1.2394200602862,-1.91194240236579,1.76956040209727,24
16,6.0934802024412,1.02352189240654,1.17273970441972,6.07424353993355,0.0242986290046872,0.0272084444313412,1.03923448424543,0.170258123193887,-0.574515625880604,3.44628546426804,25
16,6.32271509377791,0.785798352967168,2.42170874019434,6.07424353993355,0.0204911836551222,0.0291279636062569,0.680803349611059,0.923389790368546,0.518095792269334,4.38963853764357,26
16,6.65614766299494,0.844564238177506,1.29763033769837,6.07424353993355,0,0,0.745516380371046,0.533532991460671,-0.643979081633784,2.1685871848071,27
16,6.92706162548378,0.903437120585054,0.180284367014719,6.07424353993355,0,0,0.768591361835726,0.154025288774298,-1.95334270730919,1.95873950186398,28
16,7.18547186662697,1.28187773177293,-0.165192026322094,7.11581397739848,0.0234611645852083,0.0276306511510476,1.28481733235108,1.22774168610813,-1.85079822722639,1.90948112031182,29
16,7.2604941947008,0.988069749844409,0.0274452859136158,7.11581397739848,0.0222150915617146,0.0282588574264742,0.646603148904391,1.31331042046078,-2.43355999888335,1.32550312980925,30
16,7.62310211372432,2.64030978413525,-0.938730469003409,7.11581397739848,0,0,2.41717710077845,1.14193806572177,-2.95291950245207,1.15429694883535,31
16,7.81482584102411,2.16888319616015,-0.969589636042542,7.11581397739848,0,0,1.80894660736217,0.63728896370931,-2.6033204672915,1.3367935832227,32
16,8.20660910985412,1.74609609304142,-2.82647971222753,7.11581397739848,0,0,1.53826031008557,-0.170024077101851,-4.49704979202396,-1.1052848544297,33
16,8.38582911580828,2.29201561480254,-2.36897987563962,8.28195639851933,0.0228928781117726,0.0279171521201808,1.78059886077952,0.050299157298239,-4.00139222233192,-0.937032931289722,34
16,8.53587377195594,2.18802454889242,-1.83230640968876,8.28195639851933,0.020400732064786,0.0291735646710342,1.7670914538851,0.109296002034212,-3.5354170982718,0.128094206052214,35
16,8.79011610598393,1.121504863113,0.215223001116918,8.28195639851933,0,0,1.11591159032516,1.41472898903254,-2.07545059550969,-0.282609704354024,36
16,9.03602262578148,1.61776787713054,0.46725268114853,8.28195639851933,0,0,1.44375376951083,0.551773788168557,-1.02565404065641,2.35801692255887,37
16,9.34861565942245,1.59476373938829,-1.36878629915937,8.28195639851933,0,0,1.18426807073918,-0.140916187998038,-3.68140777503805,-1.58220301430234,38
16,9.52366775826139,1.24020784471404,-1.08466815630069,8.28195639851933,0,0,1.31244073824339,0.561512763441029,-2.74961575318678,1.09612450254981,39
16,9.99047335516523,0.819344355323196,-0.581587147455563,8.28195639851933,0,0,0.853975227443586,-0.654119705022198,-2.33687575248768,0.563427181700214,40
16,10.0113128907413,0.775206221895944,-0.212418713077037,8.28195639851933,0,0,0.557862124101721,0.400586645412078,-1.90037015711795,2.00537819675724,41
16,10.2738910389997,0.612583825882821,0.0366156604131663,10.0784065133964,0.021371264401496,0.028684271914566,0.250555092715694,0.953887800854048,-2.04525764835537,2.14368744084253,42
16,10.6531705864841,1.03057529587346,0.217809988469673,10.0784065133964,0,0,0.493693816827882,0.791080848386591,-1.75575892924654,2.78283893809766,43
16,10.7740398928252,1.40026085370442,-0.413201776684433,10.0784065133964,0,0,1.45958752763773,1.25577353802956,-2.37860063236411,1.42390967999857,44
16,11.2325096754987,1.88683168011388,0.874245020274733,10.9186211186981,0.0194046489559897,0.0296757388197352,1.46182336631525,0.756148627717854,-0.934550733949407,1.77839324002728,45
16,11.3158678178029,1.07661408402563,0.560520418338321,10.9186211186981,0.0180201233743303,0.0303737457924318,0.945949036059342,0.784977858523502,-0.889883447637765,2.72663213565459,46
16,11.6618041083656,0.669826235860631,0.72928324574578,11.6329871676898,0.0241395066941731,0.0272886657603733,0.43878681059447,0.532197076177569,-0.967683628034215,1.8123350659694,47
16,11.9994045846978,1.10154005085902,1.52236989978958,11.6329871676898,0.0185321780884609,0.0301155939998064,0.874237401283334,0.0830393553320645,-0.366210416553562,3.20352304527994,48
16,12.1827924977672,0.280675972427887,2.09658005663193,11.6329871676898,0,0,0.252283861038491,-0.90205484653118,0.210555091598865,4.2930108996664,49
16,12.3620125037213,-0.207754893714226,0.938043049977783,11.6329871676898,0,0,-0.401385459355161,-0.142507377530712,-1.51813960943519,4.39570599966385,50
16,12.628758559095,0.366950236864161,0.439361154173555,11.6329871676898,0,0,0.136617536906752,0.332151739146422,-1.31710341754133,2.22940633523727,51
16,12.9455194998511,0.144003835549045,-0.573235151906377,11.6329871676898,0,0,-0.00988824213618743,0.190170632816646,-2.58992132098707,1.79074213631237,52
16,13.0497171777315,-0.0549446183801255,1.35584344900758,11.6329871676898,0,0,0.0731144087211059,-0.158419275496457,-0.912764238254897,3.33105303525453,53
16,13.2831199761834,0.943880385220368,1.55146525361703,13.0666528829391,0.0210227573347128,0.0288599713497331,0.77196283703352,-0.181297054610523,-0.333010943875546,2.8273042750529,54
16,13.5373623102114,3.32035319324876,0.886823743365974,13.0666528829391,0.0167999543106415,0.0309888926164457,3.1035523271613,2.29742351931964,-0.900415436025786,2.3852166485274,55
16,13.920809764811,2.85795699571774,0.0781707055314883,13.8284032857628,0.0230833250163085,0.0278211385332481,2.41494746674226,1.59497359993771,-2.18431242608375,2.10360971324092,56
17,0,-0.864579264360293,2.41256439066856,-Inf,0,0,-0.394542741520195,-2.34386002043422,1.82904642676614,3.31705414950454,0
17,0.108365584995534,-0.66479443611422,3.03100600179607,-Inf,0,0,-0.718981961471938,-0.687734917432531,1.84909980685115,2.3296520364668,1
17,0.250074426912772,-0.242929646635852,1.29277869037684,0.228383030730765,0.0242578574438725,0.0272289993666288,-0.240873106312429,-0.180957057751113,0.740532185013722,2.13148822408428,2
17,0.637689788627568,1.38317156060945,1.46093953588441,0.228383030730765,0.0178198134891552,0.0304747317896683,1.20299835405569,0.020614600420036,0.487776916658623,2.42072803711258,3
17,0.933611193807681,1.31958404908966,0.0586653935944986,0.888656792927605,0.023871473771919,0.0274237942485236,1.44700274130494,0.0615604028360744,-0.567623778437348,1.62942746241264,4
17,1.1670139922596,1.59739303243939,-0.85282733025314,0.888656792927605,0.0199948021432717,0.0293782137720744,1.73382026056572,-0.878387999607721,-1.46668818180992,1.48149480489127,5
17,1.37540934802024,1.52597698584943,-0.110546580874906,0.888656792927605,0.0165334881891218,0.0311232312038168,1.90574649684907,-0.943135915889034,-1.31171952184364,1.68824218708018,6
17,1.54212563262876,1.39476456555947,-0.226627711676242,0.888656792927605,0,0,1.530974448307,0.354704507969495,-1.12344678243998,0.0879065326258786,7
17,1.75885680261983,0.198792995135812,0.0638186333064646,0.888656792927605,0,0,0.599908641606245,0.26197544287055,-0.917952990178702,2.23067594316377,8
17,2.18815123548675,1.71713170677816,-0.757903438397648,1.83069092072188,0.0186809498442841,0.0300405908909484,2.17997884561503,0.781925142521184,-1.47432337709708,0.447283695354521,9
17,2.35486752009527,2.45932158598886,-0.433661972676118,1.83069092072188,0,0,2.56497649725182,-0.62007193468495,-1.64170027192958,0.242857972407091,10
17,2.69663590354272,2.6129321080672,-0.923271990672388,1.83069092072188,0,0,2.87127577004539,0.753665739875597,-1.86295541975218,-0.159074888164589,11
17,2.80083358142304,1.45115870264811,-1.98090596867116,1.83069092072188,0,0,1.93126984590442,0.343388950949155,-2.72223505379789,-0.607003951320825,12
17,3.0800833581423,1.35146217061764,-2.07372667104107,1.83069092072188,0,0,1.60333990996204,-0.756591507520911,-1.84925899090076,0.600458370423816,13
17,3.26763917832688,0.980081312078433,-1.30632975345765,1.83069092072188,0,0,1.40653783187535,-0.927732757502138,-1.98831913484528,-0.49564612962997,14
17,3.58856802619827,1.69629810164191,-1.17519012003126,3.42976684444047,0.0219805513478134,0.0283771006043857,2.05043842348285,0.757311801904559,-2.09226176629876,0.861873315807315,15
17,3.7927954748437,1.82501337468735,0.823422044422204,3.42976684444047,0.0185884636727486,0.0300872176874957,1.92215705336935,1.86039928616787,0.423365800446732,1.72547792631237,16
17,4.00119083060435,1.06081428296913,0.751556548800212,3.42976684444047,0,0,0.897941330358081,-0.302562304952018,0.0266592909214732,1.9278939945909,17
17,4.25543316463233,1.64549690369813,0.482328904375291,3.42976684444047,0,0,1.90954638608151,0.249430238888002,-0.0782352655506054,1.83961396042555,18
17,4.51384340577553,0.371597001991825,0.0827249202357878,4.50938117026101,0.024544022814588,0.0270847294255392,0.375987073436684,0.052914157979808,-1.02617237942828,1.30346297800823,19
17,4.8597796963382,0.0374201173619604,1.44384705957938,4.50938117026101,0.0187982416506999,0.0299814583622303,0.549153164907365,-0.661013309738882,0.806757064648687,2.04813514954337,20
17,5.23489133670735,0.435847166527785,1.26264898759368,5.02693667273539,0.0211641433560821,0.0287886917503695,0.511594691951512,-0.992836879487265,0.668809362566928,3.13920095091078,21
17,5.45995832092885,1.57216580802272,0.632592467834018,5.02693667273539,0.0174259242856008,0.0306733105766505,1.56537980587055,1.67970686423614,0.134608708168459,1.72616603635079,22
17,5.69336111938077,0.845057397302418,-0.0598861643748717,5.02693667273539,0,0,1.30301312281263,0.131917405698768,-0.91298408641333,1.97403571158506,23
17,5.8975885680262,0.622069265793238,-0.309475600210189,5.02693667273539,0,0,0.909124647144869,-0.485334458477811,-0.863202792306381,-0.198575414948098,24
17,6.05180113128907,0.441390150659651,-0.748563780242097,5.02693667273539,0,0,0.54252413865312,-0.106213325911051,-1.60821876251408,1.45254461358723,25
17,6.33521881512355,0.8061315028572,-0.813415359318484,6.26547118070392,0.0234596739748189,0.0276314026405533,1.05435367194334,1.10768925957429,-1.27848106132872,-0.862107335885189,26
17,6.6436439416493,1.71141843866405,-0.0968707576877919,6.26547118070392,0.0183369293226773,0.0302140284395307,1.58854051956448,-0.865634274987451,-0.901951460121892,1.16026386713205,27
17,6.96040488240548,2.15569181792739,-0.499443116279757,6.26547118070392,0,0,2.41510004040528,0.100982666505787,-1.46424701907361,1.01253107852866,28
17,7.13545698124442,1.6053797495797,-1.16160263128124,6.26547118070392,0,0,1.86864173274274,-0.0627078817155772,-1.94709797712639,-0.144072838862384,29
17,7.42721047930932,1.31489376320787,-1.24814695734188,6.26547118070392,0,0,1.43124781009824,-0.495055372525119,-1.75528302894599,-0.647616307651875,30
17,7.5522476927657,1.21511252645355,-1.65490090968649,6.26547118070392,0,0,1.70419651759496,0.284202177395081,-2.36742261478708,-0.366289874054548,31
17,7.78565049121762,0.954004876563991,-1.37470168454544,6.26547118070392,0,0,1.06243072301779,-0.676241381163383,-2.15717588712842,-0.920720334316108,32
17,8.16909794581721,1.75789274689811,-0.478876313626952,7.94954033662708,0.0209714258358419,0.0288858500655945,1.53786325091425,0.183487766626229,-1.58670745877416,-0.0295798186452282,33
17,8.48585888657339,4.0885928763437,-0.078332511388797,8.30328500211203,0.0215857019170571,0.0285761634888143,3.80647833691853,1.05574351878267,-1.34652819781241,1.0158940794899,34
17,8.64423935695147,4.57276450770374,-0.746273703706166,8.30328500211203,0.0189551033118946,0.0299023767369259,4.06711865485534,1.03338604440113,-1.47752455988188,0.1887856262187,35
17,8.85680261982733,4.83285040613786,-2.19184520305462,8.30328500211203,0,0,4.80803420350206,2.32002011788837,-2.99264348281751,-1.11064073059318,36
17,9.08186960404882,3.3793599549213,-2.19144782352796,8.30328500211203,0,0,3.42499914118014,1.60720312247225,-2.29964832685809,-0.94598264956385,37
17,9.46948496576362,1.35591270421284,-0.942393592443773,8.30328500211203,0,0,1.58935874951977,-0.00335519134302638,-1.67147489269316,1.28681894582759,38
17,9.66954450729384,1.90015239402337,0.0947065201509437,8.30328500211203,0,0,2.14486024652962,-0.977742572659149,-0.764032938791228,2.90863921981757,39
17,9.83209288478714,2.09785554991165,0.279600910900778,8.30328500211203,0,0,2.15602741790491,-0.183006058892481,-0.994982311495555,1.78003353259507,40
17,10.0654956832391,1.58457830752783,-1.33263913642251,10.0435574069225,0.0242537569222929,0.0272310666398561,1.40518678499075,-0.254316009023735,-2.30421547394779,-0.930937522197531,41
17,10.3280738314975,2.71967487150903,-0.14742789539919,10.0435574069225,0.019892501340055,0.0294297886038389,2.75642904112082,1.06261574034707,-1.19249210448126,0.645112452144058,42
17,10.5197975587973,2.14440637367915,0.689714999776275,10.0435574069225,0.0167080925022383,0.0310352046410408,1.99793279458362,1.20071610119731,-0.485970081665096,2.28210658477254,43
17,10.8699017564751,2.82799193305685,0.246028719746827,10.6019367489785,0.0201674098219965,0.0292911938102378,2.45749484067501,0.0725628745903191,-0.318756807480134,1.78748901349338,44
17,11.1658231616553,1.43687330026607,0.974817626700917,10.6019367489785,0,0,1.44280309216057,-0.936626712796601,0.164001879594538,1.76752853036577,45
17,11.2991961893421,1.2360569177421,1.65132801951497,10.6019367489785,0,0,1.76015681918929,0.223855030833666,1.02145801979395,2.60073634732212,46
17,11.6326287585591,1.05976322250597,-0.811980707716545,10.6019367489785,0,0,1.05173808712501,-0.00454510951417519,-1.55234349828159,-0.0833878590235815,47
17,11.9743971420066,1.09206248235322,-0.117073779610956,11.8521655566561,0.0225879490217278,0.0280708817687131,1.59008417954579,0.441029589107466,-0.837431372121455,0.44545424578233,48
17,12.1661208693063,3.17866796236235,1.09000517151998,11.8521655566561,0.0194035401839008,0.0296762978059031,3.32882825351318,1.3035614552734,-0.00593623150971428,2.01034905998453,49
17,12.316165525454,2.45289151279998,1.54098924520769,11.8521655566561,0.0169113941369217,0.0309327103567704,2.48680368786403,0.0377444410619009,0.649463807882177,1.80447529364684,50
17,12.7037808871688,-0.288150261952484,0.484993266593348,11.8521655566561,0,0,-0.0929115381410959,-0.79257019080862,-0.302397079606043,0.341467122619181,51
17,12.9455194998511,-1.0022667930979,0.362458728201535,11.8521655566561,0,0,-0.641290774942991,-1.82054216200651,0.11637933232707,1.74793638367345,52
17,13.1164036915749,-1.83896695760953,0.264122049719826,11.8521655566561,0,0,-1.0843578783142,-2.26982606492929,-0.937673170340228,1.31871257305367,53
17,13.2997916046442,-1.06112671144093,1.14551288834062,13.192902058388,0.0228427705066231,0.0279424138114374,-0.761829908767399,-2.69365082030256,0.0819865028435213,2.2106980520922,54
17,13.6165525454004,-0.336934865768178,2.73433796837642,13.5642728312872,0.0413313782871787,0.0580799737316269,0.0949784241775982,-0.671482526633836,1.95649017732281,3.11753656140223,55
17,13.8541232509676,0.622246199531771,1.99415589141116,13.5642728312872,0.0198039070831331,0.0294744532961286,0.934826679710676,-0.207639253959578,1.76933142073433,2.45312363962056,56
18,0,1.86359248121449,-0.956214899016242,-Inf,0,0,1.20340599100857,0.428389723421643,-1.98820050441627,-0.904909446428547,0
18,0.187555820184579,1.55627916317618,-0.926331210245093,-Inf,0,0,0.646583103980127,-0.127385471607775,-1.62284415183644,-1.23281176554195,1
18,0.341768383447455,1.98913760557228,-0.791250693488976,0.273320679471362,0.02348126499045,0.0276205175549626,1.75137961971838,-0.210005918227067,-1.09414804856129,-0.966007910283002,2
18,0.712712116701399,3.87309768446871,-0.429344623130893,0.273320679471362,0.0173201261520641,0.0307266485834627,2.60118842222856,0.669880119858971,-0.534148440319942,-1.72790730751009,3
18,0.904435844001191,2.14068447109438,-1.27272394637686,0.273320679471362,0,0,1.50039327316103,-0.229970081092589,-1.26548461080259,-1.15997373680044,4
18,1.03364096457279,1.83664875001559,-1.88541461777069,0.273320679471362,0,0,0.787352805134494,1.06961275685188,-2.00621801303923,-1.31728429914719,5
18,1.25870794879428,2.84175274355918,-1.0422640933712,1.12684902548611,0.0224280450781213,0.0281514971571635,1.85218174210343,1.06870789076567,-1.75328158838309,-0.0718545231047063,6
18,1.6213158678178,3.28715460954483,-0.92059111239836,1.12684902548611,0.0164053587979017,0.0311878274883952,2.40686279783658,0.733785673600183,-1.09591022130818,-1.73981678006214,7
18,1.91723727299792,1.88164768045128,-2.26436282741495,1.12684902548611,0,0,1.22011318483022,0.376803001938856,-2.39273141717493,-2.71933209186693,8
18,2.04644239356951,1.63381655222242,-2.12262709376628,1.12684902548611,0,0,0.894304221350616,1.18049794935611,-1.92543779885266,-1.75043075273572,9
18,2.29651682048229,0.272184224781289,-0.893326577845183,2.23161651861961,0.0235401850771819,0.0275908130612966,-0.18827731883534,-0.623637797806394,-1.27635760866813,0.361672708611048,10
18,2.67996427508187,2.65116348109226,0.189933191062335,2.23161651861961,0.0171713674015475,0.0308016451357013,1.72783135475997,-0.972904567222677,-0.061691837973448,-1.56538258745746,11
18,2.9800535873772,2.48274512569424,-1.41284189902725,2.89454625436965,0.0231979154320877,0.027763367907504,1.71843417110374,0.37269694075602,-1.30155141290199,-0.932132554855921,12
18,3.18011312890741,2.82373736732631,-0.183133965021988,2.89454625436965,0.0198750540361048,0.0294385846419789,2.23132633416756,0.856495037550073,-0.311264075879525,0.114105699362079,13
18,3.25930336409646,2.86905449266639,-0.83607184166161,2.89454625436965,0.0185597547335291,0.0301016912660407,1.82287376201679,1.37123641736047,-1.217733270971,-1.63223483046961,14
18,3.563560583507,2.00920993817311,-1.32152030786398,2.89454625436965,0,0,1.19322909224682,-0.899343529332542,-1.78843341977731,-1.55841537996599,15
18,3.78029175349806,0.272302535989821,-2.22806821801031,2.89454625436965,0,0,-0.111702204781246,-1.30578432619519,-2.90490929608996,-2.49847178904219,16
18,4.00535873771956,-1.2642821622623,1.26723648697776,2.89454625436965,0,0,-1.79922206563846,-2.41015073238113,1.40062711065529,2.8818369061827,17
18,4.43048526347127,1.07016291406618,1.31586643620038,4.05708297897811,0.0184161638941574,0.0301740824218453,0.498643588255879,0.13005156054167,1.18835328345577,1.8740325766804,18
18,4.59720154807979,0.934642821179375,-0.0890136876230231,4.05708297897811,0,0,0.610797214134412,-0.355538273744617,-0.210326344557011,-0.742264661090874,19
18,4.84727597499256,0.159626711973892,-1.25346136627789,4.05708297897811,0,0,-0.163361244515896,-0.0166553389101384,-1.90693382426551,-2.15544914762765,20
18,5.06400714498363,-0.398277596672997,-1.58615355091759,4.05708297897811,0,0,-1.07879805044256,-0.0562417252376818,-2.26025550092759,-1.96527909410738,21
18,5.43911878535278,0.583533629976477,-0.327624769364251,5.34882294124959,0.0231183813166837,0.0278034649399166,-0.0255105462994393,-1.4851525465046,-0.765849338186862,-1.0035451478761,22
18,5.70169693361119,1.68703724898703,1.16306825855302,5.34882294124959,0.018757125734456,0.0300021869039111,0.93259099996908,0.830310729620706,0.954919163392766,0.738517041976696,23
18,5.79339089014588,1.34049328230949,0.213162727199421,5.34882294124959,0.0172341475946263,0.0307699945738711,0.725997462220916,0.573521931503729,-0.436853180000432,-0.271480111672116,24
18,6.0267936885978,1.91000252976995,-1.12525079716036,5.34882294124959,0,0,1.12480906731002,1.26340682519505,-1.60447551347833,-1.5930981655688,25
18,6.42691277165823,2.55533678967625,-0.328140637614514,6.24160425142707,0.0215402813609412,0.028599062209705,1.75934962117169,0.741855720312039,-0.496369899964465,-0.993038536844151,26
18,6.72700208395356,1.16088987639957,0.590929236212089,6.24160425142707,0.0165559892669662,0.0311118873114129,0.435578253065468,-1.06111753234063,0.00044131343828363,0.0774701615924531,27
18,6.7728490622209,1.44760612521297,0.9724156038757,6.24160425142707,0,0,1.02797675569812,0.159785804445167,0.809801763403432,0.897968855599351,28
18,7.15212860970527,1.98301472338013,-0.786796299397445,6.24160425142707,0,0,1.00917288338057,0.346229496231669,-1.26529080471921,0.424926485399566,29
18,7.44388210777017,1.52311687056038,-0.714199482325435,6.24160425142707,0,0,0.374590089381738,0.621746413683885,-1.10364765623357,-0.640790423751084,30
18,7.65644537064603,0.164754167835784,-0.188718089883358,6.24160425142707,0,0,-0.58263568630472,0.928891512769858,-0.411981102545837,0.198878717401811,31
18,7.82732956236975,-0.00989020077233239,-0.307428581754128,6.24160425142707,0,0,-0.583815446718068,-0.491088047304406,-0.15740852562013,-1.06780468948004,32
18,8.01071747543912,1.99449356721137,0.586475701466163,7.84522703637978,0.0218694470501341,0.028433113707717,1.12543575167301,1.2419364549797,0.955994298857902,0.521757041087769,33
18,8.29830306638881,2.350299688216,-1.05115241448689,7.84522703637978,0.0170928337934085,0.0308412377635205,1.10421365024057,0.828154054015938,-0.786885259923783,-2.1411481831817,34
18,8.5233700506103,2.85355347970293,-0.0363524561654957,7.84522703637978,0,0,2.38796975232973,1.32344361422773,-0.562598222150219,0.0726454994281585,35
18,8.84013099136648,1.68980423466645,-1.02107358728108,8.8034480043078,0.0240088566803689,0.0273545328139324,0.682505195945884,-0.47994512354163,-0.698360442717524,-0.385148329979578,36
18,9.00267936885978,1.97645568964181,-0.393031996505696,8.8034480043078,0.021309031796132,0.0287156464106914,1.27313682025097,1.07525539998063,-1.17734742100819,-0.636886591588325,37
18,9.29026495980947,1.54913977637209,-0.230927431144045,8.8034480043078,0.0165324185394046,0.0311237704664949,0.480637968805878,0.789093872682031,-0.304228356656392,0.417552353254542,38
18,9.55701101518309,1.02363625917952,0.155254759880463,9.46486426192121,0.0230876388959889,0.0278189636958077,0.135785474585267,0.501642012864776,-0.254941280117613,-0.613546258316456,39
18,9.75707055671331,1.3960469280881,0.955041903168805,9.46486426192121,0.0197647774999954,0.0294941804302676,0.454732164523363,-0.0369532447606481,0.323217175648253,0.242366666675521,40
18,10.044656147663,0.658329021590023,1.04731748255859,9.46486426192121,0,0,0.387096442743889,0.306503563476868,1.03519844159697,0.201392401962621,41
18,10.298898481691,0.661633024307852,-0.247389135687396,9.46486426192121,0,0,0.0939502712858497,-0.448522099457201,-0.798892458978252,-0.664490725660654,42
18,10.6281631437928,0.304733318310986,0.392656304453127,10.358267745055,0.0201353472545878,0.0293073581165431,-0.395306381193112,-0.703046448961945,0.186496904401739,0.661037406448465,43
18,10.8907412920512,0.840659951101845,1.22854833131532,10.358267745055,0,0,0.122294570189367,-0.356911098800801,1.24163914790169,-0.804725901590614,44
18,11.140815718964,-0.00267256996956124,0.95250215490622,10.358267745055,0,0,-0.556054299682024,-0.386903260133083,0.541964652267832,0.135105622607343,45
18,11.3450431676094,-0.267237222282442,0.6677040825306,10.358267745055,0,0,-1.03248642466216,-1.17338835368945,0.410950609863212,-0.27512999396021,46
18,11.6993152724025,-0.811347022686708,1.22712956839595,10.358267745055,0,0,-1.50581533558407,-0.189799259304231,1.27078672058798,1.60500764605669,47
18,11.9118785352784,-1.12792083513407,1.24022224099975,11.8438925582951,0.0234889339813278,0.0276166512420623,-1.62531295854723,-1.35005814723074,1.30472697337264,1.35816256542729,48
18,12.0077403989283,-1.53011087300772,2.19264776452328,11.8438925582951,0.0218967295624198,0.0284193592606632,-2.14663952050594,-0.747627585608765,2.30538107452502,2.00703846692501,49
18,12.4953855314082,-1.67202382875548,1.80398793135786,11.8438925582951,0,0,-2.19331107455641,-1.04936039724285,1.26632093078851,-0.00295820818562231,50
18,12.5537362310211,-1.86995790882968,1.69595176148806,11.8438925582951,0,0,-2.16722392364206,-1.52164884766686,1.29162853758621,1.11338281543677,51
18,12.8871688002382,-1.77696328798132,1.51271465571693,11.8438925582951,0,0,-2.52494664125676,-2.09298096321751,0.818568707636183,2.05303893403491,52
18,13.0872283417684,-0.0167237296302006,2.41024522532432,12.8962002235715,0.0214452824864252,0.0286469557825487,-0.767616964873342,-0.0473863309781077,2.06598481184469,1.84480122243714,53
18,13.3373027686812,1.63148685390104,1.10056259604989,12.8962002235715,0.0172917057414469,0.0307409767006388,0.900593990182261,-0.363112479427828,1.00282107541875,0.211391356850635,54
18,13.5373623102114,1.17592314391367,-0.299333699428055,12.8962002235715,0,0,0.494047827385908,0.0905319994334249,-0.509368431779323,-0.910297990191127,55
18,13.9458172075022,0.603512325913235,0.453812390919003,13.7848919030279,0.0219452710241661,0.0283948871388118,-0.0614987191009328,-0.367890367879228,0.238164438439498,0.211443118964701,56
19,0,0.146227004932153,0.197200958950453,-Inf,0,0,0.994670888199215,0.726141717471156,0.808673395507598,-1.18671102743126,0
19,0.120869306341173,-0.167168631664015,0.913743783006512,-Inf,0,0,0.618602000433193,0.0721592240229081,1.55094982518231,0.371468862363194,1
19,0.450133968442989,-0.85868741791162,-0.00418800597172508,0.422883650357835,0.024165527296288,0.0272755475038811,-0.0626549231641406,-0.450711844465573,0.114934688273184,-2.71781201079569,2
19,0.646025602857993,0.773450255719816,0.894555576965541,0.422883650357835,0.0209118921793875,0.0289158638897182,1.5769498983418,0.123666651835352,1.42182971047292,-2.06143539200854,3
19,0.966954450729384,0.999403888428224,1.61329673530547,0.422883650357835,0,0,0.98494422520079,0.0259034851969515,1.9890813960653,0.657196461095379,4
19,1.1003274784162,1.08832253744455,2.28653938622266,0.422883650357835,0,0,1.3419723334426,0.450644678064889,2.91336635628047,-0.298305468901963,5
19,1.32122655552248,0.351332164652599,1.15871167603623,0.422883650357835,0,0,0.717294782887636,-0.491865969135123,1.76216031231784,1.43609675179768,6
19,1.72551354569812,1.72252931055208,2.17137622032639,1.4414656119636,0.0199002826741364,0.0294258656532582,1.74035306476119,0.138308313368966,3.33063653660719,1.12436961606382,7
19,1.77552843108068,1.63885713884522,1.66665752795304,1.4414656119636,0.0190695673251397,0.0298446698368759,2.06555870716038,1.51627574500631,2.34076621989042,1.73077095310139,8
19,2.03393867222388,0.93655484819036,-0.00845320768495053,1.4414656119636,0,0,1.45946559711875,-0.366277014107993,0.500909237636467,0.448040268749351,9
19,2.25483774933016,0.319000180350922,-0.476966507332971,1.4414656119636,0,0,0.876393107779618,0.084838450748315,0.376743484258054,-0.826257010870698,10
19,2.50908008335814,-0.428552520984577,1.72964675523528,2.28389868135206,0.0208780182237614,0.028932941405319,-0.221807828035593,0.0655774458571937,2.8251098844979,1.19202419616832,11
19,2.84251265257517,0.112455534331809,1.0173275031252,2.28389868135206,0,0,0.464261531573486,-0.0558682915322372,2.06193726271331,0.804808534368345,12
19,3.24679964275082,0.659502397112912,1.45462593264769,2.98222816097013,0.0202237741198982,0.0292627778145493,1.14788390950683,0.270675947827708,2.09052360485217,-1.14098518306952,13
19,3.40518011312891,0.974906677181532,2.36740311854293,2.98222816097013,0.017593175514745,0.0305889910626734,1.18370483158277,0.488447646191004,3.67026048104115,0.0487698940890544,14
19,3.62607919023519,0.245142903410216,1.44397668812289,2.98222816097013,0,0,1.13664049014116,0.0963528298487867,2.14077002786804,1.35820545050711,15
19,3.93033640964573,0.369529850632917,0.372731503449156,2.98222816097013,0,0,1.07498590592552,0.107875018490376,1.23218808265491,-0.774629517753102,16
19,4.02203036618041,-0.0313143177165968,0.737960681170216,2.98222816097013,0,0,0.911436936875309,-0.2818649121573,2.46792239562035,-1.75546749928345,17
19,4.45132479904734,1.49061280552745,1.49920280807918,4.26315680359705,0.0214927873011945,0.0286230062850652,1.96046461016987,0.288083362643936,2.11811451165899,-0.662871310061647,18
19,4.59303364096457,1.44552084097263,1.19890703399145,4.26315680359705,0.0191390938123726,0.0298096181386497,1.96356939133861,1.01206576823251,1.90852031683146,-0.589816469409769,19
19,4.75558201845787,2.34463314332489,0.559195593192822,4.26315680359705,0.0164392689281357,0.0311707317354081,2.30001498879971,0.139946277957181,1.15280866460193,-0.27097303012446,20
19,5.1515331944031,0.30545693294959,-1.17759612641244,4.26315680359705,0,0,0.641575354036052,0.243328089204255,-0.586378311818188,-1.88268161844113,21
19,5.44745459958321,0.811376719508917,-0.242730658510178,4.26315680359705,0,0,1.23261889397897,0.123342096784461,0.407685822014323,-0.135554915174013,22
19,5.61833879130694,2.53089209798591,-0.34845878761161,5.59551631500049,0.0242390709243578,0.0272384705687427,2.72655409921407,1.72280363213128,0.0499084453553071,-0.452199385799408,23
19,5.75171181899375,2.09346924733072,-0.507843564054251,5.59551631500049,0.0220238299937016,0.0283552817250572,2.73469666305617,1.06176486130778,0.515725240185575,-0.817047450285819,24
19,6.16016671628461,2.08566410411548,-0.600283356484645,5.59551631500049,0,0,2.74084920951703,0.597489803985814,0.392084832919608,-1.62152715535809,25
19,6.38940160762132,2.13032730176675,0.201265491101307,6.27691322536064,0.0227497774112752,0.0279892961730457,2.18680027882504,0.433472807862616,0.39346694985289,-0.887871440148436,26
19,6.60196487049717,2.81644001546928,0.767855863861301,6.27691322536064,0.0192192371780424,0.0297692139534226,3.10638893307596,2.31234965078712,1.84519728013975,-0.48540518038981,27
19,6.87704674010122,1.81864727922544,0.185943531082564,6.27691322536064,0,0,1.90795071446423,0.33799635670508,1.44491671823875,-0.613059513106454,28
19,7.24799047335517,-0.239460283846668,0.794220421491647,7.10947373463916,0.0223174630102484,0.0282072469789473,0.122806493707004,-0.60533682387956,1.83497602819274,-0.586383859042141,29
19,7.33968442988985,0.658360216631067,1.30505673534904,7.10947373463916,0.0207944848704224,0.028975054648914,0.993885767237751,0.580976408436336,1.97424609618284,-0.502838686642759,30
19,7.66061327776124,0.898896975731549,0.574632010431144,7.10947373463916,0,0,1.23623858291399,0.7952003330459,1.65983594959949,-0.363209633034866,31
19,7.94403096159571,1.0417785784519,-0.774259887516719,7.10947373463916,0,0,1.26441724565524,0.775083771619545,-0.265148224939479,-1.50532765542643,32
19,8.07323608216731,1.26891534767128,-0.791034490289749,7.10947373463916,0,0,2.04970768856661,0.167410778147703,-0.0474348633848097,-1.0081157840251,33
19,8.37749330157785,1.6406779452797,0.154478863382232,8.18319046956917,0.0213908915784737,0.0286743768959649,1.72585650515194,0.422692652926296,0.764901919307089,0.610472948463955,34
19,8.64007144983626,1.91788621471989,0.536166587141093,8.18319046956917,0.0170296359962535,0.0308730988599716,2.12630355499634,1.30722404407393,1.5638959218173,-0.588696741069937,35
19,8.76510866329265,2.12210090964416,0.101806112134354,8.18319046956917,0,0,2.63872326652814,0.538418637671945,0.915951830543881,-0.935834405591639,36
19,9.06936588270319,2.48430035124115,-0.986227572334735,8.18319046956917,0,0,2.98383176250974,0.700454009215891,-0.31819431423553,-1.92561078192723,37
19,9.49032450133969,1.87207792476496,-3.15961457921625,8.18319046956917,0,0,2.4533890001822,0.683326245532454,-2.65326085653728,-2.72660730547901,38
19,9.70705567133075,1.74342858846254,-1.94476990037408,8.18319046956917,0,0,1.9188084519977,1.00108106738058,-1.22635252875778,-2.78455316786661,39
19,9.9154510270914,2.0693219783395,-1.12656737233443,9.74521069611208,0.0217905543746069,0.0284728873589537,2.10585152303902,0.841790449174035,-0.675665517494329,-2.83290173603985,40
19,10.2238761536171,2.2992914838769,-0.076473467812918,9.74521069611208,0.0166678097224672,0.0310555131579305,2.43717399731439,0.262648228903826,0.723150451886091,-1.73132115538024,41
19,10.4572789520691,0.501758478174687,0.00430748525806052,9.74521069611208,0,0,1.08155691039565,0.373912355478911,0.6881953732248,-0.144520026876967,42
19,10.7115212860971,-0.601031936759552,-0.329604153241312,9.74521069611208,0,0,-0.308209155441138,-0.264456011168214,0.263350935892784,-0.301371169750237,43
19,10.8198868710926,-1.23204680987328,-0.37509906201914,9.74521069611208,0,0,-0.68832250552048,-1.42945579919437,0.534751036159404,-0.566365802362904,44
19,11.1658231616553,-0.0481263581765964,0.557952058796235,10.9696911570204,0.0213605101877248,0.0286896936390331,0.535883367288603,1.41880186171553,1.42936710748762,-0.0857535593997634,45
19,11.4117296814528,0.428645402906946,1.69638034090279,10.9696911570204,0.01727615972182,0.0307488142084759,1.24369060051751,-0.0340880653211443,2.86013087659775,0.543196224697153,46
19,11.6618041083656,0.572188655047307,0.808271559323416,10.9696911570204,0,0,0.980772642983226,0.449849687045123,1.74307955869389,-0.381118115754405,47
19,11.9077106281631,0.0988458146435779,0.173257338992123,10.9696911570204,0,0,0.617269704709534,-0.0535529607933645,1.5273541645263,0.270117793975731,48
19,12.2036320333433,1.25300593145619,0.162749957639701,11.9366723518156,0.0201841076451914,0.0292827756219625,1.58494966654975,1.15141479807917,1.45555839106189,0.272471716596658,49
19,12.3620125037213,1.51589465009781,1.0414920866918,11.9366723518156,0.017553509040029,0.0306089888700735,1.7940958871377,1.22432953386708,2.09396939346498,-2.13976693528503,50
19,12.7329562369753,0.216851813186546,-0.0328140995893274,11.9366723518156,0,0,0.637985560805407,-0.0904553182189284,0.695617235128879,-0.944100435672529,51
19,12.9121762429294,0.907975211672931,0.35942622255493,12.8782338846493,0.0240543767765327,0.027331583910033,1.19550356584026,0.957225895990283,1.05036711901627,-1.20205454983985,52
19,13.078892527538,0.882959724234802,0.411310589692249,12.8782338846493,0.0212853256132019,0.0287275978554145,1.23732675301692,0.318257193001443,1.1132676577953,-0.267552247160763,53
19,13.4039892825246,1.28731886932783,0.766804475597963,12.8782338846493,0,0,2.04258208280594,0.841006380406174,1.69304081951197,0.101324700029881,54
19,13.5873771955939,0.905268023434033,-0.537753535946209,12.8782338846493,0,0,1.20627451330308,0.283360912307949,0.552068338164731,-1.6448155476512,55
19,13.7707651086633,-0.143988452465354,0.296873683800009,13.6943531642901,0.0233489840366767,0.0276872068449988,0.302369538091958,0.378137425882757,1.07362256236551,-0.551187586724235,56
20,0,0.380021332044448,0.790413445080088,-Inf,0,0,1.09496701078748,-1.90992153860544,2.24138354636335,-1.83105243339985,0
20,0.166716284608514,0.879982558324714,0.856765391003339,0.112363183451816,0.0237153673543861,0.0275024951186009,1.7693371823432,-0.0443498290944427,2.22939036379449,-0.0306660848595178,1
20,0.462637689788628,0.611471569331084,0.936390508685842,0.112363183451816,0.0188003015394948,0.0299804198716739,1.43886352729477,-0.276795751467567,2.28742745220051,-0.133486332824065,2
20,0.583506996129801,1.73825259674098,0.828566685661579,0.112363183451816,0.0167927394460872,0.030992529982084,2.61200086062244,1.49804084644692,2.17525141661153,-1.33474128996889,3
20,0.854420958618637,1.43500505651096,0.711519704511444,0.688305581731793,0.0218590672313815,0.0284383466813594,1.74412491945076,-1.33439631472215,1.76577058133244,-0.593330649853979,4
20,1.1670139922596,1.99732285881972,0.0857725733547627,0.688305581731793,0.0166670963001558,0.0310558728289727,2.82927902607776,0.2080784662374,1.29860161320287,-1.37123489366651,5
20,1.25454004167907,2.37796575185457,0.241795924651053,0.688305581731793,0,0,3.45095493190544,0.173390997762741,1.38166765721904,-1.07019007872374,6
20,1.50461446859184,1.01798203265792,0.729095590133842,0.688305581731793,0,0,2.22404091425478,-0.398779547306343,1.87620851474315,-1.22581792577549,7
20,1.88806192319143,-1.12626900040523,0.856193346109258,0.688305581731793,0,0,0.148593678087783,-1.09034200284229,1.49936440757461,-0.35551516158457,8
20,2.22983030663888,-1.22638006145528,1.36248584759483,2.21422460116088,0.0243589368852914,0.0271780402829975,-0.034393856015046,-1.54971343856076,2.3190478897367,-0.339677500493196,9
20,2.34653170586484,-1.26735799642141,2.49888370485197,2.21422460116088,0.0224206010709675,0.0281552500447728,-0.147882381313817,-1.59575062778832,3.35392970538296,1.42092689635341,10
20,2.5924382256624,-0.664688284976569,1.78840642909792,2.21422460116088,0.0183362506050689,0.0302143706142248,0.305811255665714,-2.29688747232828,2.7594680108363,0.47649043478999,11
20,2.84668055969038,-0.711637877657624,2.26063048442777,2.21422460116088,0,0,0.586739662971888,-1.75354568130994,2.75847499145837,0.668150669850817,12
20,3.20512057159869,1.049450533862,-1.03465897196853,3.15565513427763,0.0237965483335673,0.0274615678217216,1.72293922537165,-0.534151265484177,0.245939975512576,-1.68056982903795,13
20,3.39684429889848,1.33399399496393,0.539147024034853,3.15565513427763,0.0206121394957491,0.0290669838589206,2.26857141703313,0.217324269923765,1.59612782630942,-0.417287339231311,14
20,3.55939267639178,0.842195953835584,0.378424179820882,3.15565513427763,0.0179123146115136,0.0304280974556819,1.3109117279588,0.346035104673577,1.09175450109723,-1.93001836494907,15
20,3.89282524560881,1.30817567191301,0.130128335311691,3.15565513427763,0,0,2.28788471237236,-0.285927992672083,1.40299168017781,-0.61537597667872,16
20,4.11372432271509,1.00288603824369,-0.432617106608478,3.15565513427763,0,0,1.85289984000387,-0.965831731303701,0.735940013979983,-2.15063520023532,17
20,4.32628758559095,-0.0799274215515276,-0.644913453313507,3.15565513427763,0,0,0.436784973117524,-0.226610172382763,0.613885849236871,-1.64455920219977,18
20,4.60970526942542,0.321471946429237,-0.303619525897546,4.56522013744554,0.0238792680290739,0.0274198647827832,1.05774232924891,0.0500495753623632,0.535406013932861,-2.61551003488266,19
20,4.92229830306639,0.631811165606289,0.179826991648911,4.56522013744554,0.0186872970978494,0.0300373909303958,1.65821947219369,-0.520758580319559,1.40167033761445,-1.55294326185278,20
20,5.00982435248586,1.48956451058639,0.498993687664501,4.56522013744554,0.0172335452371063,0.0307702982517275,2.00277547786565,-0.322954293613054,1.50140838170348,-1.19776315672686,21
20,5.48079785650491,1.51106133380154,0.913409546998571,5.10101781239769,0.0183102333744107,0.0302274871710121,2.58731876667409,1.04156325246245,2.13514859392781,0.580523381280276,22
20,5.68919321226556,1.00150791171336,-0.233518581488448,5.10101781239769,0,0,2.0914410847265,-0.807099023727975,0.826373342516476,-1.26641445981723,23
20,5.8017267043763,1.50817501349832,-0.332253832257199,5.10101781239769,0,0,2.36225849723956,-0.110385666506571,0.8188555788327,-1.58560052715349,24
20,6.17267043763025,0.489365646893312,-0.535789926584018,5.10101781239769,0,0,1.45110654857239,-0.658318971002967,0.580242009653921,-2.19758223678068,25
20,6.44358440011908,0.213316997561459,-1.86059963447591,5.10101781239769,0,0,1.53804611213608,-0.703985759954602,-0.918900694723031,-2.71048892909608,26
20,6.70199464126228,-0.300516804444046,-0.961367157446272,5.10101781239769,0,0,0.0754008986219019,-1.31739420784269,0.0247250046803934,-0.750421872794113,27
20,6.8395355760643,0.850272969638377,-0.433128403833104,5.10101781239769,0,0,1.8959348683035,0.827358190473072,0.564785876780603,-1.24913872091509,28
20,7.00625186067282,1.05497825078422,1.19115632411548,6.87797558367109,0.0224875505484233,0.0281214975430478,1.97125451746012,0.167042775439598,2.05553804979333,-0.747830972358757,29
20,7.42721047930932,2.25377704442937,0.670158105648908,6.87797558367109,0,0,3.130459550809,0.828028177409079,2.73888282891545,-0.214990595006646,30
20,7.53140815718964,1.24921144332208,0.263418598069985,6.87797558367109,0,0,2.13257602188463,0.179875779846602,1.92912498529561,-0.747278012363606,31
20,7.98154212563263,1.23919725980176,1.08855758487775,7.70570066814454,0.0200365870108744,0.0293571479793401,1.98299941173613,-0.124212408751103,1.75965271744401,-0.0236220319467837,32
20,8.12325096754987,0.748451040703703,1.40232863228372,7.70570066814454,0.0176828935220563,0.0305437598329307,1.51722394328707,-0.366118990702648,2.07624877255374,0.387423833857957,33
20,8.3274784161953,1.97019674870537,1.58637273317896,7.70570066814454,0,0,2.67303524652879,-0.0752870292028439,2.56049533005354,-0.3727293947434,34
20,8.53170586484073,-0.818118884442934,-1.11927578127701,7.70570066814454,0,0,0.0968935742448764,-0.750942396702959,0.536276316680137,-2.29720158134149,35
20,8.88597796963382,-0.572373933504547,0.0815680488273267,7.70570066814454,0,0,0.62835809054066,0.803254826888196,0.845278503485778,-1.12531719280481,36
20,9.01101518309021,-0.217960551184024,-0.300335065643623,7.70570066814454,0,0,0.590143964762723,-1.4669490243245,1.31236970106352,-0.314940884777158,37
20,9.48198868710926,2.14958047936929,-0.747033728667314,9.04097892021259,0.0172932467284023,0.0307401998138619,3.0212427517829,0.439752721533421,0.197111227360798,-2.5852627766853,38
20,9.60702590056565,1.21372645369324,-0.360203107675409,9.04097892021259,0,0,2.00845397092027,0.248687427365734,0.569658363308252,-0.371696399516742,39
20,9.99880916939565,0.860938607717932,-0.751576273154596,9.91151486954903,0.0231682350525434,0.0277783312365796,1.60186145719322,-1.30311879555463,0.472107115747021,-1.36352739675568,40
20,10.2447156891932,1.14237965810362,1.26026059994611,9.91151486954903,0.0190838845866368,0.0298374518060225,2.04995743672234,0.38259077058713,2.26625865813908,-0.146156515504979,41
20,10.4447752307234,0.933603531268418,1.67898725701249,9.91151486954903,0,0,1.85483342268198,0.182362102741025,3.00111711863412,1.05440956708242,42
20,10.6490026793689,0.444348505513484,0.320931752747531,9.91151486954903,0,0,1.39668066750826,0.345731099261905,1.42777531327151,-1.12821647939116,43
20,10.8990771062816,1.3533139569287,-0.593578368417751,10.7422984618747,0.0220141444033369,0.0283601647042602,1.93295727279518,0.20061249152915,0.17425590741515,-2.70970595974428,44
20,11.140815718964,2.49279340641386,-1.32720361625464,10.7422984618747,0.0179990202165224,0.0303843849250813,3.28021527009204,0.93921356306968,0.322352048880677,-1.92974175848425,45
20,11.2658529324204,2.55005767167795,-0.34248370293339,10.7422984618747,0,0,3.39679016054851,0.993467754275061,1.1214227299505,-2.22657400201613,46
20,11.7243227150938,0.723170792480095,-1.14058313760315,10.7422984618747,0,0,1.39800606372452,-0.185080722419851,-0.265840316776882,-1.95149909747717,47
20,11.866031557011,0.657801900599043,-0.816280783809071,10.7422984618747,0,0,1.40095552688366,-0.944862108450156,0.566308958888591,-1.52460648379372,48
20,12.1077701696934,0.996852345127299,-0.103212614912865,10.7422984618747,0,0,1.9279530688921,-0.050796009787627,1.39196293313478,-0.240715720147303,49
20,12.3078297112236,1.0094574857764,1.05538929458624,12.2718171713444,0.0240199923804398,0.0273489187636051,2.15895310646332,-1.15603923488472,2.20141658815851,-0.178346514788871,50
20,12.5078892527538,0.497143360763394,1.74368768677871,12.2718171713444,0.0206971309844546,0.0290241354980769,1.62039586720953,-0.291081745169,2.49533976997934,-0.059775966398788,51
20,12.8121464721643,-0.368439807692943,1.49311302750897,12.2718171713444,0,0,0.504540208509694,-1.07049209065999,2.75859536018052,1.2486731720845,52
20,13.0580529919619,-0.091379171888059,0.45942948574229,13.0439019219269,0.0243830974522949,0.0271658597610434,0.950083676180387,-1.06586275490365,1.83193978274873,-0.604403215915829,53
20,13.2706162548377,0.59191774286397,1.03876188439853,13.0439019219269,0.020852557219063,0.0289457775414192,1.63515519027121,-0.713156624766344,2.18679996290774,-0.888006060136826,54
20,13.6915748734742,1.51897266151414,0.835999619127267,13.0439019219269,0,0,2.03885770678776,0.360435567416753,1.63928068780264,-0.086015949237253,55
20,13.7957725513546,1.58525430902243,-0.412882320549297,13.0439019219269,0,0,2.65858106365652,0.418259199286046,0.575764996205639,-1.79057813668733,56
21,0,0.0557982651146182,0.744135366952696,-Inf,0,0,-0.304646568741474,1.36184116312395,1.21741019670585,-1.5939925461968,0
21,0.17505209883894,-0.617471701524696,0.391983122222054,-Inf,0,0,-0.165724925375017,0.516047581959621,1.06734433759367,-2.16644539207078,1
21,0.475141411134266,1.06955103681603,0.871484741926834,0.296836908767,0.0216566136308187,0.028540413430224,0.73041331397893,2.40559051473904,1.20361914104457,-0.379027576072427,2
21,0.550163739208098,0.75393708248784,1.22708380856559,0.296836908767,0.020410540607324,0.0291686197056511,0.813174442937812,0.71447718909502,1.30250969100087,-0.16225625457174,3
21,0.937779100922894,0.413612748338168,0.929710199407146,0.296836908767,0,0,0.171070460399361,2.62001030489177,1.57225031252491,0.240278241662771,4
21,1.18368562072045,-0.112212411868898,0.830694807345577,1.13707660403855,0.0238439916586891,0.0274376493241626,-0.190695761719704,1.61119530429838,1.5210534274839,-1.37491802153786,5
21,1.32122655552248,-0.143772321135015,2.01985981931152,1.13707660403855,0.0215595244489492,0.0285893608291119,-0.154170614622192,1.53881475301722,3.00674193549024,0.134432710864453,6
21,1.54212563262876,0.144501269782486,2.43172714811259,1.13707660403855,0.0178905316575519,0.0304390793067594,0.452561192966817,1.54819390980423,3.60798350752634,-0.550045527747651,7
21,1.77136052396547,0.0417676774415613,1.97109904065964,1.73872735525589,0.0240761215803514,0.0273206212922945,0.0708707106525609,2.18506891371186,2.68159609771354,1.59471531434491,8
21,2.2048228639476,0.921596514905261,1.98840416301858,1.73872735525589,0.0168765885557223,0.0309502575503186,0.961002675585915,1.41863865829672,2.85315787079506,0.98533930259002,9
21,2.45072938374516,0.287268943207946,1.27145579404695,1.73872735525589,0,0,0.225353019185881,1.97049011045963,2.36338647344427,0.0138822579744115,10
21,2.53408752604942,-0.353326920997967,1.10639961155741,1.73872735525589,0,0,-0.44006055177734,-0.143241114563025,2.2719573106889,0.277331175399034,11
21,2.8508484668056,-0.889879393632149,1.10923718259398,1.73872735525589,0,0,-1.28435385025129,0.469773290025398,2.07560494270302,-0.428324394852099,12
21,3.11759452217922,-0.267721976448446,0.319982065029464,1.73872735525589,0,0,-0.0806177443557789,1.89191789015434,1.77913637237769,-1.55167942730919,13
21,3.45519499851146,0.212015188146184,1.28627827903157,3.23277565868965,0.0209238943151254,0.0289098130268504,0.152298823981092,0.632814900029024,2.26553499341086,0.492764288262963,14
21,3.71777314676987,1.21138455510043,1.27068983334403,3.23277565868965,0.0165626387328962,0.0311085349908416,0.896027415014878,2.53295167352323,2.00250741528833,1.03475036115402,15
21,3.89282524560881,0.95081779241169,0.686505299482613,3.23277565868965,0,0,0.892013519283408,1.06401248988305,0.775125262435592,0.223960116734954,16
21,4.07204525156297,-0.369217618557439,-0.277196439517853,3.23277565868965,0,0,-0.177473314737555,0.279843477281062,0.9331499740575,-0.331212350578168,17
21,4.46799642750819,1.28779499384632,0.443593436902872,3.23277565868965,0,0,1.10978742194533,1.96875012881719,0.996074104584657,-0.654346253297546,18
21,4.55969038404287,1.08135071312361,0.181490447201409,3.23277565868965,0,0,0.875492413486669,1.50593692624609,1.56521703662053,-0.0628281875516115,19
21,4.8597796963382,1.62655294960806,1.40282825391686,4.61626771184831,0.0205735589391145,0.0290864342019865,1.27763575151166,2.47401696488515,2.55145647001629,-0.428109150948523,20
21,5.01816016671629,1.75997645355742,1.0648342034436,4.61626771184831,0.0179429603339604,0.0304126474501098,1.85424330151238,2.58044438739131,1.60930027026905,-0.729099875809252,21
21,5.39743971420066,0.969326551865944,0.278596696301489,5.19181559008116,0.0212028521367196,0.0287691767633242,0.861026646241816,0.964947102692952,1.29277837872747,-2.28399266532231,22
21,5.7350401905329,1.52429572355971,-0.143441854950845,5.19181559008116,0,0,1.58221772406969,1.27657179327932,0.527725714357334,-1.56516515473342,23
21,5.92676391783269,0.785006707826525,-1.01386590441118,5.19181559008116,0,0,0.774665695322296,2.36522210657787,0.111659900527074,-2.17840702469163,24
21,6.0267936885978,1.62968680996923,-0.900072079525675,5.19181559008116,0,0,1.2660409262511,2.0583757472163,0.148664758982771,-1.50225225880066,25
21,6.46442393569515,0.202439711856789,-0.475625385282529,5.19181559008116,0,0,0.231616613978044,1.34885974011478,0.188571701888189,-0.507767638717781,26
21,6.65197975587973,0.292238511543438,-0.382531117145935,5.19181559008116,0,0,0.547833530871782,0.985921464679822,0.96023829714644,-0.789738042866751,27
21,6.8061923191426,1.05495770365014,0.649650901093179,6.69546127322918,0.0227789656472543,0.0279745809575934,0.84831915063011,1.48738967541348,1.14505500181244,-0.0388562067534253,28
21,7.18130395951176,1.40458939393799,2.06572337270226,7.11518945394693,0.0400686184578384,0.0587165926409626,0.940543519170099,1.80955924980022,3.29111664762647,0.160536548730088,29
21,7.49389699315272,1.24771436277631,1.64900018534203,7.11518945394693,0.0183280469968256,0.030218506453841,1.16261779960166,1.59140659269479,2.45317482378666,-0.111815894874696,30
21,7.63143792795475,0.442559733068453,1.78956722599732,7.11518945394693,0,0,0.448814560116529,1.56950362010058,3.16359391336847,0.135750643249113,31
21,7.91068770467401,0.68239821973936,-0.295186078067014,7.11518945394693,0,0,0.40601569749712,1.80398447178001,0.578722334875718,-1.12428400097066,32
21,8.23578445966061,0.189231588916234,-0.767994697637531,7.11518945394693,0,0,0.249107347880136,0.981250736606013,0.355213772392399,-2.27154252780145,33
21,8.4566835367669,0.725878188411938,-0.708929960002051,7.11518945394693,0,0,0.853692091364624,2.76374168994176,0.160039598383021,-1.17864286352351,34
21,8.50669842214945,1.08185627301574,-0.720582035152568,7.11518945394693,0,0,1.31596261095808,1.90761014994902,0.584650773640019,-2.30173934903876,35
21,8.9109854123251,1.45132435679347,-0.156108144200324,8.86865267016423,0.0239150178512668,0.0274018415512125,1.34532695630537,2.03991170213787,0.48406596444331,-1.11423016429681,36
21,9.0401905328967,1.14774640945364,0.0084423399371081,8.86865267016423,0.0217690031997037,0.0284837523589035,1.21962903826702,2.39939850457815,0.0925993911402633,-0.975286662219029,37
21,9.32777612384638,1.19066807884224,0.922902229614655,8.86865267016423,0.0169923899429762,0.0308918764147076,1.40623765902442,2.00971950105562,1.65554936529691,-0.906091294065268,38
21,9.59869008633522,0.0380353025945518,1.45785326369139,9.35227317012166,0.0205253098758117,0.0291107589115086,0.0166433092689285,1.72003596008412,2.26216267308486,-0.175591754658516,39
21,9.93629056266746,-0.3730858100246,0.796344749374424,9.35227317012166,0,0,-0.521084184345019,1.16025923239331,1.25609063021472,-1.78305531106844,40
21,10.0154807978565,-0.658753833429766,0.579621175119649,9.35227317012166,0,0,-0.712170955381862,-0.356228191142339,1.14900531101598,-0.20518050317272,41
21,10.4406073236082,-0.581693030256756,0.425778441322058,9.35227317012166,0,0,-0.653282615154974,1.09963683765532,1.74997830951235,-1.26206292007069,42
21,10.5573087228342,-0.946304105058978,-0.535827141536293,9.35227317012166,0,0,-0.648595308274907,-0.233581593888538,0.0837449738312484,-2.38184696070746,43
21,10.8782375707056,-0.00158553742610112,0.576144734413457,10.6717702799996,0.0211888476774573,0.0287762370952932,0.34205894881387,0.867050253899161,1.63935730692343,-0.953371540954107,44
21,11.2450133968443,0.245290217465346,1.36723921513133,10.6717702799996,0,0,0.00827131011621818,2.00059776733955,2.23059109266612,0.883447349725114,45
21,11.3283715391486,0.313292039863725,0.699692869263928,10.6717702799996,0,0,0.126406447832703,0.811211426762571,1.43606144312219,-1.47850051514494,46
21,11.5409348020244,-0.10147010229124,0.703810338729515,11.4729014232325,0.0234881466675262,0.027617048165423,-0.243036351707395,0.971336053001593,1.33845758653467,-0.377245690858917,47
21,11.9368859779696,3.32140967073731,0.975779488870091,11.4729014232325,0.016911650154633,0.0309325812857195,3.1984425481001,2.5774584184071,1.97851060860877,-0.93993107661833,48
21,12.0535873771956,1.78390751359572,-0.85094038529905,11.4729014232325,0,0,1.47708236384122,2.34597067567565,0.494641671362893,-1.45386231385805,49
21,12.4828818100625,1.07050749773513,-1.03541697461616,11.4729014232325,0,0,0.924515816349435,1.78307182922983,-0.588335659092122,-1.26520477291564,50
21,12.6537660017862,0.19065105591984,-0.852987309716358,11.4729014232325,0,0,0.548322293400141,1.20987947178035,-0.292392356705328,-2.89039175159178,51
21,12.7996427508187,0.350205790130642,-0.178139725004931,11.4729014232325,0,0,0.356517331194755,0.963583573118006,0.621971319425288,-2.2066271958525,52
21,13.0705567133075,1.68968676865206,-0.62452089183362,13.0435363093875,0.0241693460239362,0.0272736222967411,1.17658049388438,2.12808125257292,0.193042631619974,-1.03276716188059,53
21,13.4665078892528,2.68764417275843,-0.838450647350388,13.0435363093875,0.0175928495110616,0.030589155417062,2.39294461812222,1.58719150519299,0.277638046734212,-2.55722317965262,54
21,13.6582316165525,2.67302899896839,-1.23587161911174,13.0435363093875,0,0,2.36376205355698,2.66619098938014,-0.114391441150273,-2.27632971770439,55
21,13.9333134861566,2.5065201782666,-0.95400385161276,13.9283419540268,0.0245355637226101,0.0270889940669807,2.35871445488345,2.53956754346564,0.230391704630632,-2.83598829636974,56
22,0,0.358136908339622,-1.26989050675325,-Inf,0,0,0.550498058040475,0.454318026003786,-1.70582554565963,-2.29469183915978,0
22,0.104197677880322,0.43610662744666,-0.713765987409408,-Inf,0,0,0.851381608649917,1.47655942747613,-0.896957549785856,0.122440896465442,1
22,0.250074426912772,0.581082694689099,-0.586719421210332,-Inf,0,0,0.446918103141762,1.08678590700049,-1.10383853109217,0.129503108449824,2
22,0.716880023816612,1.49675423514513,1.5592966043329,0.313896614522673,0.0179248402767063,0.0304217826560429,1.64484795916674,2.18391860725319,1.4287973856364,1.69179319297975,3
22,0.771062816314379,2.20235858559966,0.980328332840345,0.313896614522673,0.0170248986486267,0.0308754871882962,2.05452582735487,1.07239512960454,0.889890467640987,1.91752385986374,4
22,1.11283119976183,1.09189109389536,-0.788220187930618,0.313896614522673,0,0,0.802381518653535,1.27712397309708,-0.753455652669052,-0.00425892312353371,5
22,1.49627865436142,0.833725293885795,-0.833885309531509,1.29175349213004,0.021221105192813,0.0287599745061776,0.70272340601333,0.522173548480467,-0.816463986410243,0.165995645077763,6
22,1.73801726704376,0.633845601893868,-0.287849928889174,1.29175349213004,0.0172059810060003,0.0307841947269978,0.606027117525285,1.17124595467298,-0.350623152533356,-0.236251365472229,7
22,1.89222983030664,1.19774461207601,-0.33826457539408,1.29175349213004,0,0,1.48084633406719,0.87709708106334,-0.667908139961804,-0.736612068713443,8
22,2.15480797856505,0.219442167790736,-0.734575113373471,1.29175349213004,0,0,0.298654593710245,0.540002583356626,-1.2447840584158,-1.46916526529402,9
22,2.40905031259303,0.55538605460251,-0.0350882916778835,1.29175349213004,0,0,0.304993629342919,0.624154668692403,-1.18711417089944,-1.22773541705691,10
22,2.67996427508187,0.536007012032027,0.025132437818118,2.47706537986747,0.0212481164508074,0.028746356811663,0.610255916532924,0.237596881141829,-0.12949346086855,-0.310834288472684,11
22,2.75081869604049,1.31159676629344,0.659509142636085,2.47706537986747,0.0200712697063965,0.0293396627384549,1.13043878734388,-0.0822667476471828,0.422569474252925,0.127559622441138,12
22,3.01756475141411,1.98854922980794,0.854681069589527,2.47706537986747,0,0,1.54251419678512,0.767867124949995,0.397153422352728,1.71777327709466,13
22,3.36350104197678,0.548975027013949,0.569964855306143,3.35476783608946,0.0244730847205243,0.0271204927837154,0.402606701758917,1.42627407112827,0.35459764574817,0.617472381957242,14
22,3.66775826138732,0.199946662522433,1.93004841350647,3.35476783608946,0.0194195663474673,0.0296682182340582,0.0673236029153131,0.818225083265048,1.39770259023841,1.11745248281138,15
22,3.91366478118488,0.142340368967354,1.36532841033997,3.35476783608946,0,0,0.203136065053915,1.13603501068728,0.533606051230354,2.32175071622495,16
22,4.13873176540637,-0.267092907545072,1.14116423372138,3.35476783608946,0,0,-0.235747636747971,0.818586688863312,1.27755294358507,0.0495963144086184,17
22,4.46799642750819,0.282903910886945,1.03903306736012,4.26395717707212,0.0212291758778416,0.0287559056796448,-0.0216860625672116,1.25987804527286,0.608003654617178,0.187859895009435,18
22,4.7305745757666,0.561101604416913,1.78671774066423,4.26395717707212,0.016867920295613,0.0309546276436394,0.580232296601667,1.4999258412527,1.74142598372535,2.93409982295666,19
22,4.94730574575767,0.0256655193965447,1.1526989993208,4.26395717707212,0,0,-0.108028423935768,1.0306992008558,0.896696489711736,1.1899795931455,20
22,5.22655552247693,-0.992455593544577,2.30704889937975,5.21981615758537,0.0245062011478846,0.0271037971751191,-1.01027273265423,-0.354876108487878,1.93161626890616,1.91723840776328,21
22,5.28490622208991,-1.13944631794596,2.40881611639603,5.21981615758537,0.0235370332407231,0.027592402056007,-1.12934940180873,-0.48711772095913,2.00432837667936,1.9711658284849,22
22,5.5433164632331,0.25198419683895,2.31098987615173,5.21981615758537,0.0192450039375782,0.0297562236713665,0.392113340714945,1.02789246352767,2.06818528704582,1.9004729278247,23
22,5.8975885680262,0.658886537408423,0.555378123885941,5.21981615758537,0,0,0.692961007609095,0.00398551370045552,0.638032924511029,0.46806380687064,24
22,6.11015183090205,0.23671275864836,-0.111004993368162,5.21981615758537,0,0,0.0934193468782236,0.396688859451324,-0.223171662924052,0.86846289685213,25
22,6.2560285799345,-0.111441179302658,0.705395895398465,5.21981615758537,0,0,-0.139764579985204,1.38797412048461,0.909339288508993,0.122212962777063,26
22,6.66448347722536,1.53664046200534,0.163656000316078,6.44746236567242,0.0210135554439284,0.0288646104723342,1.29467567940709,1.39387583097597,0.116812076832863,0.213692913515343,27
22,6.77701696933611,1.78710328448043,-0.0153858025728882,6.44746236567242,0.0191444459086882,0.029806919885475,1.42919593440588,1.71582549260202,-0.4496146537579,0.331746188037316,28
22,7.16463233105091,1.89965046167343,-0.462210163625451,6.44746236567242,0,0,1.58981358859121,0.666847249730742,-0.879205548354438,-0.227015285681441,29
22,7.39386722238762,0.654186122693133,-0.816944090917671,7.38089328604894,0.0244026488922727,0.0271560029251705,1.07809053788141,0.988852107529342,-1.15271874418749,-0.451392954388378,30
22,7.56058350699613,2.31001862059458,-1.15165748139753,7.38089328604894,0.0216335977289492,0.0285520168705578,2.60194420517294,1.00145307354378,-1.22264222477343,-1.76287777860427,31
22,7.78565049121762,1.53821439994854,-1.22591480753754,7.38089328604894,0.0178953786584679,0.0304366356968383,1.22373970542019,0.711349907048963,-1.67695572663825,-1.70758499836666,32
22,8.09824352485859,1.59667662977616,-0.643164341814226,7.38089328604894,0,0,1.9347891998304,0.407253874275521,-0.939174272937128,-0.314931540631699,33
22,8.28996725215838,1.13902541415895,-1.62792835872543,7.38089328604894,0,0,1.07073971188716,1.37607649468458,-1.17325898945531,-2.18611272173472,34
22,8.56504912176243,0.769610970144237,0.218669892942955,8.34136636428033,0.0209029097535338,0.0289203923693288,0.559280430782008,1.16193612085449,0.428960684383562,-0.338690872302803,35
22,8.96100029770765,1.30986998581271,0.82661700876586,8.34136636428033,0,0,0.869963101835233,1.88944930384477,0.341329605082427,1.17461453904746,36
22,9.02768681155106,1.88549809601118,0.670461141774864,8.34136636428033,0,0,1.89503543352236,2.43785562516809,0.569367943451516,-0.0604284346949456,37
22,9.25692170288776,1.25251128408426,-0.52921457266927,8.34136636428033,0,0,0.973248914228337,0.915392060356642,-1.07138788723169,-1.15101989744774,38
22,9.7237272997916,1.54436571505364,0.000367813488987248,9.31009866668162,0.0177480298981546,0.030510921404145,1.42858939655057,0.482717530032455,-0.566209646294262,-0.185144413347231,39
22,9.86960404882405,1.71825481302432,0.293899296443629,9.31009866668162,0,0,1.18767353468544,1.7606246574848,-0.102286595192378,-0.785468870472141,40
22,10.2030366180411,-0.0703038904219128,0.307704145809213,9.31009866668162,0,0,0.214889754616743,-0.117696700711084,0.106413845270412,0.387192871025428,41
22,10.4155998809169,-0.0295795946958667,0.856613329827456,10.3858684119589,0.0241243169626494,0.0272963236459745,-0.10104291002317,0.868032229158316,0.597873599439246,0.764017345663399,42
22,10.6031557011015,1.0288214125637,1.23835471116352,10.3858684119589,0.0210091344039256,0.0288668393345538,1.05399022044617,1.40031729220187,0.467441675668451,1.56119936434621,43
22,10.8157189639774,1.48425916632379,2.20555908817742,10.3858684119589,0.0174785941706836,0.0306467571149177,1.1367849832514,0.976958322613892,1.91278367458382,1.7182994050113,44
22,11.0741292051206,0.153451342181724,1.25394431177168,10.3858684119589,0,0,0.386442879380392,0.431807916242126,0.346604251054846,0.4321153527868,45
22,11.4242334027985,1.22040215425682,1.06912367614569,10.3858684119589,0,0,1.08794959265643,1.11485316808338,0.941453001608245,0.886068416271019,46
22,11.611789222983,0.512611138750602,-0.0218656945359911,10.3858684119589,0,0,-0.0289349322495527,-0.0393523325287558,-0.172666824903058,0.447495156924619,47
22,11.786841321822,1.70565625357794,-0.203482714188765,10.3858684119589,0,0,1.19374220750305,1.95909932310143,-0.527787579052275,-0.948607936906301,48
22,12.0994343554629,1.50883981267746,-1.77095040209994,12.0533971753007,0.0238534894985846,0.0274328609991437,1.60904065010364,1.78539669544091,-2.34576638066103,-1.0337257650764,49
22,12.43286692468,1.93889090357158,-0.56525653140984,12.0533971753007,0.0183153871719561,0.0302248888899418,1.72247285041162,1.03538585763606,-1.24605322750477,-0.129233107735341,50
22,12.570407859482,2.8574786471327,-0.175356405221492,12.0533971753007,0,0,2.46392280614919,1.57435027610639,-0.140650325818938,0.0165127956486324,51
22,12.9205120571599,1.62466905132388,-0.333832447406164,12.7251830952027,0.021373848214457,0.0286829692882626,1.5130156526477,1.11479199492422,-0.872395933395212,0.351490418237962,52
22,13.0122060136946,1.65110435839785,0.0547192360942509,12.7251830952027,0.0198508700746218,0.029450776958217,1.49506342627632,0.928062651882978,0.0073763006267632,1.04817945558918,53
22,13.3748139327181,1.77872994291846,-0.920331703318237,12.7251830952027,0,0,1.52711221941103,1.50631943367116,-0.989372779390653,-0.596405568766124,54
22,13.5665376600179,1.71884304695887,-0.745804332825822,12.7251830952027,0,0,1.83060246800719,0.958020570934424,-1.08300819572255,-0.482623108758148,55
22,13.7707651086633,2.62646968972074,-2.22744813657194,13.7352852108888,0.0240288392260931,0.0273444586365712,2.64320267212464,2.91398084877098,-2.06522650775983,-1.6909761764675,56
23,0,-1.31838126826794,1.94563108572221,-Inf,0,0,-1.4086774998725,-0.557763859169508,1.43310180513258,0.823278273092062,0
23,0.133373027686812,-1.2191761957495,1.60888580117334,-Inf,0,0,-1.07695963622569,-0.769016426254215,1.77180777266139,-0.311812650870805,1
23,0.483477225364692,0.339320444859712,0.459175711000951,0.405322549003176,0.0233200383697913,0.0277017997695314,0.682262442306286,0.510457005459105,0.21570469374189,-0.335828929895933,2
23,0.621018160166716,0.486044744923143,0.308051382489935,0.405322549003176,0.0210355711600532,0.0288535112744805,0.0221455673174359,0.303998934000861,0.067585144263425,-0.205030772167484,3
23,0.796070259005657,1.67649515627923,0.658967654479386,0.684548725768064,0.0408939035955028,0.0583005260921135,1.74588704173572,0.301786681398617,0.44748628628211,-0.334472736034728,4
23,1.12533492110747,1.75504569572602,0.858019780974496,0.684548725768064,0.0172969601093798,0.0307383277171227,1.74943271698858,0.43396637820609,0.566603934831144,0.0999970119776392,5
23,1.27537957725514,1.50944141449275,0.301072413227855,0.684548725768064,0,0,1.18208618563083,1.0180852965351,-0.160161037845676,0.867395423599191,6
23,1.60464423935695,-0.314049448131701,0.265260275654168,0.684548725768064,0,0,-0.127344006434102,-0.893348792340184,0.017122667345714,0.371194530797245,7
23,1.98392378684132,0.43074246366019,1.16615883416436,1.79034335638504,0.0214028902075486,0.0286683278009845,0.475706565145411,1.23733980012929,1.03220122319109,0.757577951947807,8
23,2.13396844298898,0.572454428891494,0.794004408407562,1.79034335638504,0.0189107441605602,0.0299247403518383,0.64063855368482,0.0898209149822804,0.247700024105298,0.231140585503814,9
23,2.25900565644537,0.979441955908539,1.0433680096298,1.79034335638504,0.0168339557880706,0.0309717508108835,0.813998771775679,0.713560721567066,0.811622997501908,2.20717318066925,10
23,2.70080381065793,0.940596274318917,-1.23272003250137,1.79034335638504,0,0,0.898977256382498,0.195271641957883,-1.25469996374839,-1.06878996396499,11
23,2.78416195296219,1.56060890785968,-1.39006612429925,1.79034335638504,0,0,1.81410166787487,1.1284175680429,-1.7302605875446,-2.28634476491492,12
23,3.05507591545103,4.03532953998576,-2.17196238883914,2.86531611175205,0.0214663483813665,0.0286363354359566,3.4635551020537,1.76154918183154,-2.22712284149849,-2.51088861977259,13
23,3.48853825543316,4.61714538126824,-2.73095980200065,2.86531611175205,0,0,4.30842136269948,1.43353494429245,-2.62680731863998,-2.57408397532629,14
23,3.70943733253945,3.1001120105015,-3.53411282580829,2.86531611175205,0,0,3.27891732480285,1.60332362117824,-3.83471545439013,-2.37391686687382,15
23,3.97201548079786,3.13216896344793,-2.45132278177207,2.86531611175205,0,0,2.51531152619048,0.850981146970897,-2.5136996875142,-2.06269449507291,16
23,4.1804108365585,2.29997247362837,-2.22820156478158,4.1760200473874,0.0245452094927878,0.0270841311630958,1.90194543165916,2.21661658431709,-2.3781359364476,-3.14419786185426,17
23,4.28460851443882,2.6990000986006,-1.70823469972469,4.1760200473874,0.0228145525157078,0.0279566398789609,2.27655936512442,0.310839628077414,-2.14662774635593,-1.78277563227331,18
23,4.61804108365585,1.59794058498127,-0.22576505333287,4.1760200473874,0.0172764501890738,0.0307486677697537,1.57046543748231,0.922222853204215,-0.0739215958609391,-0.0578712251251959,19
23,4.9889848169098,2.58260044734608,-1.13847240292972,4.98646867344192,0.0148739055158979,0.0164293036697851,2.40427854101126,1.06525734212525,-1.68724554450992,-1.70578340367866,20
23,5.14319738017267,3.5260972488254,-1.19938546928539,4.98646867344192,0.0220149738362841,0.0283597465465892,2.98853203408046,1.47947837472719,-1.16152596371665,-1.53414658548605,21
23,5.3807680857398,3.07826138829827,-1.14206358427436,4.98646867344192,0.0180690759285543,0.0303490664187747,2.40107364354568,1.62474322240422,-2.03798359341816,-1.00708960849557,22
23,5.69336111938077,1.74214654508637,-2.04853194781267,4.98646867344192,0,0,1.81367884209678,1.52898238985271,-1.50671325319636,-1.08039061117492,23
23,5.78505507591545,2.02392116345052,-2.32662149219296,4.98646867344192,0,0,1.87784476165157,0.532798625045685,-2.14466018716383,-1.73039721465081,24
23,6.0934802024412,2.32109250718088,-1.68692612193897,6.0164153132713,0.0233381390400272,0.0276926743375402,1.78655159921935,2.30604097529345,-2.32079891984157,-3.31216543316482,25
23,6.44358440011908,1.32140265833146,-0.840582326632324,6.0164153132713,0.0175231315970563,0.0306243036228664,1.19552715310474,1.28714950367845,-1.05457256769462,-0.492944193515742,26
23,6.68115510568622,0.474299839405659,0.0181005949976822,6.0164153132713,0,0,0.224368432350601,0.225931065395574,0.309599567847203,-0.98217254420937,27
23,6.83536766894909,0.51860904375666,0.522698654260948,6.0164153132713,0,0,0.817459170643225,0.138757477627346,0.410206355505559,0.290177911841741,28
23,7.08127418874665,0.635268360648221,0.548484944705303,6.0164153132713,0,0,0.756470348543433,0.878386097357365,-0.146655731660091,0.728654277113802,29
23,7.3563560583507,0.564496268658136,-0.105984314844045,6.0164153132713,0,0,0.399673968347866,-0.374406700558073,-0.447465838591034,0.547946449177368,30
23,7.66478118487645,0.490753667324327,-0.288803851965366,6.0164153132713,0,0,0.408217258193316,0.125895014240364,-0.366757331047221,-1.23655870483845,31
23,7.91902351890444,0.0229581681296397,0.752824199139426,7.68318386712255,0.0207009914923303,0.0290221892274821,0.133526952656148,0.386546710588813,1.04430302751078,0.106155660373238,32
23,8.15659422447157,1.53773783592543,1.21848167213829,7.68318386712255,0.0167550935845968,0.0310115090996615,1.36966400087519,1.28750770191867,1.3988892019879,1.03714876758657,33
23,8.35248585888657,1.02530069907268,-0.717758002491361,7.68318386712255,0,0,1.30217065444404,-1.21208691180657,-0.983984899382853,-1.26722034368943,34
23,8.58588865733849,2.58920184623984,-1.01923387668669,7.68318386712255,0,0,2.53611048581347,1.66028050658761,-1.37155620174403,-2.23159531143771,35
23,8.76094075617743,1.64514128094934,-1.7587318328003,7.68318386712255,0,0,1.85657975782462,1.04747774144684,-1.33295796684086,-1.49526014473869,36
23,9.21941053885085,2.27882739930449,-0.379934491361785,8.88537150885408,0.0190699624472536,0.0298444706365114,2.04413866437563,0.121180931818148,-0.52849984235636,-0.0324262195241826,37
23,9.45281333730277,2.42431403043069,0.27898754026046,9.24646357275331,0.0211907997119635,0.0287752529793515,2.20464294219656,1.09828911003375,0.896060334154424,1.20056210063057,38
23,9.51533194403096,2.92585641049205,0.717038185257913,9.24646357275331,0.020152405525709,0.0292987582088621,2.34365882043948,0.977091310657619,0.294283365796966,1.02209124489562,39
23,9.97380172670438,1.67682247489685,-0.963556464939397,9.24646357275331,0,0,1.64953153209453,0.802441669364282,-0.929408989994453,-1.10990741643814,40
23,10.1905328966954,0.588307974599922,-2.3371918436805,9.24646357275331,0,0,0.486060919629711,-0.365385799037403,-2.2361594305872,-1.27274203946782,41
23,10.4197677880322,1.32855798022141,-2.31266239594209,9.24646357275331,0,0,0.710291785689235,1.48411532270048,-3.05133546529373,-2.77026800229844,42
23,10.5114617445668,1.66121438941656,-1.95421183825975,10.4731075658982,0.0239810992535262,0.0273685266885944,1.84820267597031,0.451452878167913,-1.97025053360646,-1.77832512339377,43
23,10.7573682643644,2.65185131154529,-0.428511645902951,10.4731075658982,0.01989674878764,0.0294276472580612,2.54919127764799,1.17726870106472,-0.414511223638155,-0.227658704309152,44
23,11.082465019351,1.91311256069352,-1.28090198165606,10.4731075658982,0,0,1.75649538468857,0.659780150777101,-1.81631009607325,-1.52033188408409,45
23,11.474248288181,0.237522361587223,-1.01317832994023,10.4731075658982,0,0,0.171617301460805,0.0648145693960842,-1.90769174447561,-0.26962046160992,46
23,11.6618041083656,-0.591355143396129,0.63924373196976,10.4731075658982,0,0,-0.480376155599728,-0.974274599535952,0.365413354779737,0.0281718898507395,47
23,11.8035129502828,-0.239247264634044,0.548564732073587,11.7050427668065,0.0229826107529123,0.0278719135128028,-0.298515783148918,-0.159522664061633,0.285006565047919,0.0182994337535154,48
23,12.0785948198869,1.59980176805133,0.328729430216102,11.7050427668065,0.0184136763334444,0.0301753365227136,1.40191273458164,1.53356022241141,0.023981339660764,0.685077314427606,49
23,12.374516225067,1.21299627486606,0.197832005261879,11.7050427668065,0,0,0.962079895208059,0.230304892152037,-0.00718830323353525,0.133624400199974,50
23,12.5537362310211,1.27107814371534,-0.246346711362527,11.7050427668065,0,0,0.947726658166105,0.469118972488562,-0.22739933065601,0.557784865465932,51
23,12.8913367073534,0.587125392315774,0.370655590537415,11.7050427668065,0,0,0.80274115563964,-0.387417846727211,0.262484069360567,-1.20308960432561,52
23,13.0497171777315,0.437300727808066,0.417857000779225,11.7050427668065,0,0,0.25941883254679,-0.943932514190787,0.286255629414482,-0.0603409617424915,53
23,13.274784161953,-0.0909529432021684,0.149003251989504,11.7050427668065,0,0,-0.059679351874287,-0.778061716583241,-0.560194082151835,0.00265471531825387,54
23,13.6957427805895,1.25714219836812,1.73816789872104,13.5825878165197,0.0409375585138331,0.0582785175154832,1.40943248842202,-0.167327914261369,1.9790153209107,1.82128318230237,55
23,13.9291455790414,0.381345751260374,2.23735912972646,13.5825878165197,0.0188620342838893,0.0299492973798882,0.239045044422999,-0.175316659545763,2.02254000224921,0.278289217903024,56
24,0,-0.533196358270185,0.895696972609557,-Inf,0,0,-0.584480379308076,0.190837097538943,-0.812071630772387,1.3107213923196,0
24,0.0166716284608514,-0.524715448274509,1.18485054277652,-Inf,0,0,-0.68400531513438,0.178403110676015,-1.1006345010659,1.22316107363802,1
24,0.46680559690384,0.567117864458836,1.79599355634802,0.284341856301762,0.0215875313363108,0.0285752411892018,0.785852458271772,0.83546775527949,0.608478194774768,1.9017463671305,2
24,0.737719559392676,1.02382036946322,0.686306687423673,0.284341856301762,0.0170878231959156,0.0308437638504663,0.822712274313955,0.168126671419315,-1.57511673422111,1.49227753807802,3
24,0.850253051503424,1.5693559687792,0.909248747238482,0.284341856301762,0,0,1.57460652373902,0.584560634534297,-0.513619886147083,1.66644148336587,4
24,1.15451027091396,2.80916433573371,-0.407275513842421,0.904787240035903,0.0204703974197273,0.0291384429628191,2.51737545617062,2.79265534502316,-1.93890452941662,-0.745824792035205,5
24,1.38374516225067,3.25854186445118,-1.50590315272315,0.904787240035903,0.0166629520701626,0.0310579621377365,2.97361430951873,1.18219815113482,-3.63531336576507,-0.605956230560802,6
24,1.60464423935695,3.62604144575627,-1.03865359303744,0.904787240035903,0,0,3.51371023951085,1.89685175475455,-3.17577604171293,0.326581560125848,7
24,1.98392378684132,3.45490189488554,-2.04081208242399,1.93790997471302,0.0238538776267308,0.0274326653247958,3.1750895817357,1.77054309364902,-3.66578300446003,-0.562710753012104,8
24,2.20899077106282,2.62188246990436,-0.682488219665993,1.93790997471302,0.0201156585562481,0.0293172841510734,2.70559827598011,0.590325376041419,-1.79566401212186,0.176914882904331,9
24,2.31318844894314,1.9164516582463,-0.519204612242582,1.93790997471302,0.0183850015791741,0.0301897928669472,2.02915046595256,0.392617179652066,-2.32114256802151,-0.0789386140751588,10
24,2.53825543316463,2.14281398970068,-1.90018879924532,1.93790997471302,0,0,2.14731397498283,1.33228463826052,-3.98837006469484,-0.368983640981986,11
24,2.93420660910985,-0.744681779628486,0.34273193875822,1.93790997471302,0,0,-0.34439303309156,-0.338389932044699,-1.13260522538989,0.732456937356998,12
24,3.15927359333135,-1.16158677259383,0.918451084640088,1.93790997471302,0,0,-0.889251051688977,-0.343662455729388,-0.783015563103969,1.11177095421164,13
24,3.45936290562667,0.132315358511645,1.79289581492919,3.26367922375838,0.0213679565429505,0.0286859395676351,0.329933051673791,0.179110466785613,0.407884407316845,1.83354446461036,14
24,3.58440011908306,0.0312252067985488,1.69451927259232,3.26367922375838,0.0192911681704632,0.0297329500266832,0.404218012755333,0.346698495850975,0.15479057290166,2.47250476542791,15
24,3.77612384638285,0.261179973664807,1.94212567074775,3.26367922375838,0,0,0.679971050285917,0.924242781249031,0.445989564198781,2.51106956911668,16
24,4.00535873771956,0.193359895056677,1.5684573137224,3.26367922375838,0,0,0.518376295451322,-0.550636365506675,0.249637037183783,0.790322223811616,17
24,4.31795177136052,0.435281261178643,2.94125184464624,4.20832117767288,0.0227972434569012,0.0279653662209646,0.566734549564861,-0.264493412218237,0.826520222353435,3.0187707165667,18
24,4.56385829115808,1.2446776140614,2.355366557127,4.20832117767288,0.0187128929910095,0.0300244867904257,1.1019151029138,0.807833028572095,0.54905557509413,2.06593439652906,19
24,4.89729086037511,0.862170079662663,0.709116554334948,4.20832117767288,0,0,1.02108175629692,-0.624143095372341,-0.423789798021145,1.27839115851938,20
24,5.08067877344448,0.585797207862169,0.322994923144337,4.20832117767288,0,0,0.320911321691244,0.869910039589897,-1.00779607926469,0.952383171869639,21
24,5.43911878535278,0.897042920221018,-0.358710987100804,4.20832117767288,0,0,0.926373235960693,1.07333344687671,-2.14441609907786,0.636694073520068,22
24,5.62667460553736,0.475577551603958,-0.879323858317787,4.20832117767288,0,0,0.478954659419255,-0.00235717617756337,-2.62391111471923,0.617151018231662,23
24,5.83923786841322,1.91681949345474,-0.538890063334656,5.78892620018719,0.0237824929779235,0.0274686538130335,1.81426338068872,1.26009489296432,-2.00498340730402,0.0278817417574655,24
24,6.07680857398035,1.4398463180262,0.622569057788717,5.78892620018719,0.0198365950701928,0.029457973685219,1.6583995516312,0.808753185383192,-0.781698221971042,0.593263338429074,25
24,6.43524858588866,1.55472164402232,1.50529981486258,6.08164559045198,0.0187450174582999,0.0300082912773409,1.79049215247388,0.0603156561541243,0.251498795354853,0.39603268502478,26
24,6.74367371241441,0.747606337816066,-0.281548850337544,6.08164559045198,0,0,1.01439235710084,0.1003736906544,-1.65479742446987,0.723865902643896,27
24,6.84370348317952,0.464446871383647,-0.0159049115993052,6.08164559045198,0,0,0.863960921612418,0.327039053200208,-1.94688034855622,0.733399811973432,28
24,7.06043465317059,0.803988747571469,-0.301277041149604,6.08164559045198,0,0,1.00186793112688,1.12724939842254,-2.22984720757867,0.989080982928402,29
24,7.44388210777017,0.105172407092237,0.808724567086333,7.17846402377965,0.0202097125971179,0.0292698669150169,0.345515231713332,0.570575756105132,-0.752565351412059,0.225157900135923,30
24,7.63977374218517,1.06036546190346,1.21956871131787,7.17846402377965,0.0169560774802165,0.0309101833008537,1.07220222803589,1.34030629579822,-1.43362697523567,2.70547461842172,31
24,7.82316165525454,1.17656504093924,1.14004622416382,7.17846402377965,0,0,1.36137724213468,-0.189166517126792,-0.954207519149443,0.940817590515962,32
24,8.01488538255433,0.964760466551771,-0.0949382369251337,7.17846402377965,0,0,0.986164181398634,0.688874769361613,-1.39215360922085,1.13082595647732,33
24,8.38582911580828,1.77447365214749,0.135948594008313,8.28228063127921,0.022898263411134,0.0279144371277285,1.97072242518452,1.75469063216716,-1.39212668537745,0.454365198972232,34
24,8.56504912176243,1.61169813310864,-0.827876561066471,8.28228063127921,0.0199215334105658,0.0294151521190261,1.35783137916332,0.858179956290046,-2.49270202677792,-0.165434821012509,35
24,8.91515331944031,0.888329379484212,0.190196366479969,8.28228063127921,0,0,1.23360852081016,0.913143795267225,-1.72410244760468,0.77864900440521,36
24,9.13188448943138,1.06234954822182,-0.779539925811299,8.28228063127921,0,0,0.978037888018121,0.371143639364823,-2.26922624407056,-0.722108765495107,37
24,9.32777612384638,0.557453046390982,-0.652525182094359,8.28228063127921,0,0,0.845184291421542,0.246823095125751,-2.3550409748738,0.199780921873263,38
24,9.66120869306341,2.37693031339404,-0.605977316153686,8.28228063127921,0,0,2.41776870025924,1.25400308055851,-2.18870899553051,0.393610346001605,39
24,9.80291753498065,1.70722272232719,-0.483092561583441,8.28228063127921,0,0,1.49289385050497,2.31587404491502,-1.62317489544173,0.0510642533593872,40
24,10.0363203334326,2.07187181351016,-1.72693906638778,8.28228063127921,0,0,2.07771166881353,1.51014430164894,-3.40112200290937,-0.666844831613864,41
24,10.3947603453409,0.875564223103592,-0.544618485403012,10.0974286787516,0.0196796483431728,0.0295370981963452,0.689174200357127,0.0508780249582756,-2.68975369742426,-0.656617462777827,42
24,10.7365287287883,2.24211328352403,0.0508175526898035,10.5872401196563,0.02213854911245,0.0282974462138632,2.3788395844015,0.786660593571328,-1.66608089333058,1.40418205565443,43
24,10.8490622208991,1.39966734808765,-0.441963443809947,10.5872401196563,0.0202694395771997,0.0292397556269919,1.64141188882929,0.260670710366612,-2.31429533617273,-2.22100008828412,44
24,11.0866329264662,2.14349675095709,0.79104594886743,10.5872401196563,0.0163235416694703,0.031229075499177,2.28240515899955,1.41463220328586,-0.641447637754117,1.19928861695942,45
24,11.336707353379,1.2424370374614,1.45593934506259,10.5872401196563,0,0,1.60943120500773,1.26625764075271,-0.715934245910295,0.27452122985528,46
24,11.5367668949092,2.11490293778794,0.12852935285863,10.5872401196563,0,0,2.16807918479287,0.967707935518016,-1.50613463884797,0.11686771983556,47
24,11.9994045846978,0.525483770527355,2.00839519707903,11.5650136172342,0.0174031807658161,0.0306847766958871,0.341479883789339,0.267752086565236,-0.173793683854899,0.159358417431845,48
24,12.0160762131587,0.468660978544259,2.21085740145021,11.5650136172342,0.0171262756494755,0.0308243780904134,1.06016332883008,-0.171758544107558,0.270840476450779,2.18759734523124,49
24,12.3245013396844,0.0240420786222457,0.865219059361141,11.5650136172342,0,0,-0.124289869135085,-0.343712540360816,-0.597569795837937,2.36963220926905,50
24,12.5537362310211,-0.573304202671602,-0.134972808468195,11.5650136172342,0,0,-0.269866362056368,0.47286523094163,-1.79617662038104,0.713626416442652,51
24,12.8163143792795,0.994037185796719,-0.632934058327954,11.5650136172342,0,0,1.0389453173231,2.12348856219921,-1.98928642865144,-0.671184291424256,52
24,13.0622208990771,-0.387120067133446,-1.18605240373526,11.5650136172342,0,0,0.0405372447136043,-1.19362609485096,-2.71987723784574,-0.613145574810221,53
24,13.2789520690682,0.639023700909812,0.912646601004286,13.0777870843903,0.0212769155990055,0.0287318377543572,0.606323753591619,1.50922819891556,-0.467824987191414,0.653473594072844,54
24,13.5248585888657,0.602013093140762,0.859315143748399,13.0777870843903,0.0171925651331184,0.0307909583238246,0.620432564493776,0.341414028135126,-0.682004019497529,0.471854168080642,55
24,13.7624292944329,1.16775023426305,0.129189277698069,13.5530067410087,0.0211397626484394,0.0288009832559734,1.35513049638164,0.196692109392263,-1.26864026891222,0.843117021939181,56
25,0,0.370840324406242,-0.0270701426239465,-Inf,0,0,0.570016373918127,0.496188893602521,0.372058750089022,0.945525735476751,0
25,0.191723727299792,1.2018784677055,0.371956459203462,-Inf,0,0,1.29126090265247,0.840885115084758,1.05267684346585,-0.194058674096269,1
25,0.266746055373623,2.15533397691571,-0.302069957611174,0.203595908044372,0.0235692540278152,0.0275761579834134,2.06648647874403,1.56634902138843,-0.388226494363053,1.20767614753596,2
25,0.629353974397142,2.32870674736655,-1.14491811723794,0.203595908044372,0.0175465677475941,0.0306124883146436,2.13942720340002,0.66503168870077,-1.05505149259456,0.494849369346175,3
25,0.879428401309914,2.56311995088308,-0.998634649779874,0.655436977742311,0.0208977830067113,0.0289229770128253,2.15067951013158,1.32009607617713,-0.608061014480871,-0.300684084582139,4
25,1.19202143495088,2.08479196919123,-0.80806254378892,0.655436977742311,0,0,2.12505971558992,1.85109199108202,-0.10825822803694,0.615764044896463,5
25,1.2628758559095,2.27026065190155,-1.18904830440436,0.655436977742311,0,0,2.03752633631809,2.3596114217276,-0.571222703400671,-2.22636564370095,6
25,1.52128609705269,2.00314085337524,-1.5262620904022,0.655436977742311,0,0,1.92926402932267,0.854554766506074,-0.84183597977365,-0.405959157941129,7
25,1.79220005954153,0.288330474564844,-1.01855333174649,0.655436977742311,0,0,0.523978830117284,-0.0999230180577848,-0.615664095382541,0.107579471476889,8
25,2.13396844298898,-0.181919201254918,-1.23101064885285,0.655436977742311,0,0,-0.387714212078698,0.274033166356555,-0.507033074438601,0.721479904732673,9
25,2.26317356356058,-0.218907474185689,0.312993405265206,0.655436977742311,0,0,-0.155281124377,0.82541641241888,0.780365536066941,1.7711317413937,10
25,2.57159869008634,0.697655453524262,0.918626764357085,2.35404235599204,0.0210046657388571,0.0288690922068774,0.495696019156106,0.150294927983598,1.7489538546585,1.38569071304325,11
25,2.80500148853826,1.07514323366146,0.520128138398466,2.35404235599204,0.0171279941102093,0.0308235117304277,0.954198306533674,1.21401967312088,0.988002115394375,2.0219368772885,12
25,3.18011312890741,0.397243500683002,0.163994030258331,2.35404235599204,0,0,0.310567679011074,-0.540099058754227,0.455452148277112,0.816890315044862,13
25,3.42601964870497,0.562851706543111,0.193101824803582,2.35404235599204,0,0,0.250498665135228,-0.0309587136529096,0.686361055107168,1.26353559377246,14
25,3.52604941947008,-0.73555993223084,-0.267002305791823,2.35404235599204,0,0,-0.89698290850173,0.426475797302294,-0.403965196887067,0.742437965130893,15
25,3.96784757368264,1.4219102181499,1.36611842140284,3.64670207979552,0.0192841158591298,0.029736505441295,0.893122455196514,0.854542391795399,1.73411517192423,2.3179253539643,16
25,4.05954153021733,2.04335623189923,0.0787378739576005,3.64670207979552,0.0177611377193009,0.0305043131112551,1.51050651862392,1.11620901961919,-0.147330819032207,1.20937541333229,17
25,4.44715689193212,1.16611380825514,-1.58031735541125,3.64670207979552,0,0,0.752380788237606,1.04665890701024,-1.06410303146109,-1.23936722321276,18
25,4.64721643346234,-0.0997555376599463,-1.41381610312508,3.64670207979552,0,0,-0.5055670411663,-0.605596863625445,-1.28176014350357,-0.816595755844671,19
25,4.88478713902947,1.25991122235578,0.384043349975931,4.75249016079335,0.0224207692651397,0.028155165249875,0.77741155635721,0.435605436283917,0.666843260504468,0.679729342545007,20
25,5.0223280738315,0.937518325929285,0.92977385550352,4.75249016079335,0.020136302055397,0.0293068767548185,0.963577839089296,0.961918838430836,1.04142993573467,1.61834746299853,21
25,5.43078297112236,0.761493985607822,-0.104046061449872,5.3929527786238,0.0239898023296423,0.027364139042833,0.931224064855188,0.665649710012281,0.335889817736196,0.0257616612501919,22
25,5.58499553438523,0.186023503783863,0.38407105996703,5.3929527786238,0.0214284300035711,0.0286554519423216,0.149079491467956,-0.634956235118542,0.502027132753216,0.384150619239697,23
25,5.8642453111045,1.01842192028607,0.742138121953792,5.3929527786238,0.0167902693050111,0.0309937753008552,0.784835822745355,0.558349936054424,0.461299362464448,0.679387138500431,24
25,6.15183090205418,0.0348660300725375,0.168778934149104,5.3929527786238,0,0,0.484020781731054,-0.306157160577227,1.02796908851102,0.181903696625777,25
25,6.26019648704972,-1.05189599310173,0.437688260087028,6.18874539552579,0.0234313806387029,0.0276456666932735,-1.05236345511489,-0.36215219872628,0.797586109388948,1.68357357539264,26
25,6.55194998511462,-0.302458326818517,2.60845049327573,6.18874539552579,0.0185855411028945,0.0300886910977113,-0.724344895324952,-0.355690069676713,3.14036552031212,3.55890599908337,27
25,6.96457278952069,0.141479785942142,0.74668879110228,6.18874539552579,0,0,-0.241169248925878,0.0103236919185264,1.21482653702283,0.817519413338547,28
25,7.21047930931825,-0.241902489218251,1.73628330871275,7.17985217402367,0.0241094405160194,0.027303823589367,-0.258685106172837,-0.346044311095688,2.43029740898357,3.68962778356598,29
25,7.31050908008336,-0.326030891911018,2.17789976672522,7.17985217402367,0.0224480098180277,0.0281414319566032,-0.319777461379195,-1.05488538605449,1.98258063993053,2.77853372470446,30
25,7.53557606430485,1.25799749242939,1.38253933962573,7.17985217402367,0.0187097907475455,0.0300260507828842,1.5249399526171,0.983486697904029,2.24117280119883,0.983288951717886,31
25,7.82732956236975,-0.647812785992349,0.34649507220112,7.17985217402367,0,0,-0.64052285878272,-0.58905587185597,0.661492198220791,1.79719962463539,32
25,8.16909794581721,-0.29924823434275,0.879908304042116,7.17985217402367,0,0,-0.403371399863282,-0.126820593418435,0.670228947513917,0.899192326123348,33
25,8.27329562369753,-0.14662881260387,0.88561950538248,8.24919612203689,0.0242178603476582,0.0272491638564931,-0.125551846932087,0.0575539793024906,1.52576770896777,1.11294720310446,34
25,8.54004167907115,0.831769713090814,0.919276531142964,8.24919612203689,0.0197873784863366,0.0294827861691109,0.644158746620136,1.23433947588112,1.10471058954758,0.944757512443017,35
25,8.78594819886871,-0.174665658214148,1.69793741978,8.24919612203689,0,0,0.0280717613044726,-0.216577029707622,2.08323956495398,2.14820259188476,36
25,9.23191426019649,-0.07493371427819,-0.307374440271572,8.24919612203689,0,0,-0.13354655867691,-0.185381004592958,-0.186756822628499,0.917181822568723,37
25,9.25275379577255,-0.214040570919465,-0.536321774474106,8.24919612203689,0,0,-0.403787087535102,-0.608592733800017,-0.423443678505549,-1.16827397574327,38
25,9.54033938672224,-1.42805529852787,0.22810093982326,8.24919612203689,0,0,-1.22074694369731,-0.695686837522909,0.911370526221414,2.04930767095643,39
25,9.94462637689789,-0.442335172066182,2.20316159365269,9.65489294981369,0.0198058502555416,0.0294734736480032,0.0631187725767406,0.489513637903571,2.11770366928579,2.60930420915453,40
25,10.0613277761238,-0.317398480082021,2.72289157583578,9.65489294981369,0.0178675144412186,0.0304506834097786,-0.578718334129465,0.0156099788028906,2.9399087543258,2.98140196063231,41
25,10.3322417386127,-2.02758064250817,1.71020346981135,9.65489294981369,0,0,-1.70689952390377,-1.27587662709552,2.33564353445976,2.51921347235368,42
25,10.7323608216731,-1.46054964569727,2.29171917897047,9.65489294981369,0,0,-1.42894803806592,-0.0362692919037753,2.38486247651238,3.02709840282094,43
25,10.7740398928252,-1.6580188905077,2.37825903185467,9.65489294981369,0,0,-1.38145222146253,-0.279615444816203,2.48204320444591,2.52958973200573,44
25,11.0908008335814,-0.462130198981831,1.78488342898695,10.965005485812,0.022528757200754,0.0281007232568834,-0.262069728275329,0.387825454471119,2.40815299060859,2.01552331781064,45
25,11.4659124739506,1.53462744343551,1.71700977531231,10.965005485812,0.0127303291616357,0.0243834102396147,1.3137051793731,0.408011318207235,1.91929936034942,1.66060855999138,46
25,11.6618041083656,1.04297066630383,0.908965467697208,11.4777186712519,0.0215605959914908,0.0285888206121712,1.02326179810028,0.884948706787477,1.1304559970001,2.45318617748961,47
25,11.7743376004763,1.59148020584662,0.720078967699853,11.4777186712519,0.0196914864562506,0.0295311300253119,1.25143084739199,1.02615637509202,0.595616292122731,2.74091058180465,48
25,12.1702887764216,0.448159943730857,-0.325501340395192,11.4777186712519,0,0,-0.164639126732807,0.421710550307676,0.0418108094797277,1.14200779160033,49
25,12.4787139029473,-0.430337145759487,-0.385659889035003,11.4777186712519,0,0,-0.350334133882356,0.430506918397146,0.432245714054065,1.38855235708767,50
25,12.5037213456386,-0.407452554842651,-0.788528099280971,11.4777186712519,0,0,-0.516218439413099,1.16378495032439,-0.89231920679421,-0.230916684054223,51
25,12.9413515927359,0.562155803987011,0.389331892513259,12.537615977602,0.0179123466174305,0.0304280813199447,-0.0322726933383716,0.33992922222435,0.587127976186399,1.92731946831787,52
25,13.0747246204227,0.450794803301499,0.507690200671062,12.537615977602,0,0,0.286556307170793,-0.0805011310546417,1.2520748933722,1.59362913593511,53
25,13.3414706757964,1.03250132920018,0.283751029654385,12.537615977602,0,0,0.854962966611224,0.591207534709928,0.827014478572673,-0.522441903828019,54
25,13.5623697529027,0.887630403754673,-0.803023235465018,12.537615977602,0,0,1.01028001311318,0.860289311774813,-0.281895368745976,0.304557770188275,55
25,13.7916046442394,1.76378231185067,-0.863166913891864,12.537615977602,0,0,1.7240889724193,1.50397338824613,-0.386698590292607,0.330384930501366,56
26,0,-0.484402870107224,0.0552374388376334,-Inf,0,0,-0.273527199911025,0.584006430134011,-1.83414196797867,1.23184314821499,0
26,0.00833581423042572,-0.736366776551441,0.193484941541692,-Inf,0,0,-0.961773728814806,-0.305610649497339,-0.946668186875375,1.34921614149175,1
26,0.300089312295326,-0.889534718131883,0.53712679821372,-Inf,0,0,-0.936221825237098,-1.09230009180011,-1.21958587721621,1.66608885916321,2
26,0.716880023816612,1.50018211921803,0.224120017021502,0.323604341363534,0.0180860794283887,0.0303404941239736,1.23216378982577,0.75826075941236,-1.13282502054174,2.12821556441439,3
26,0.891932122655552,1.05667377204008,0.328619359821491,0.323604341363534,0,0,0.653379727322882,1.00497964574319,-0.601519338593018,1.04908742352263,4
26,1.07532003572492,0.352327705417166,-1.1109892447461,0.323604341363534,0,0,-0.0782140413533165,0.271255145021258,-2.79329727207769,-0.270374954279075,5
26,1.31289074129205,0.939505163372169,0.226477419042862,1.10146474919568,0.021106486809789,0.0288177592315806,0.710185850552008,0.695961764780251,-1.17215570570135,2.21467534891251,6
26,1.65882703185472,0.653017821264681,0.837649008982571,1.10146474919568,0,0,0.254631000309444,-1.16011574969492,-0.517095763836784,1.70512453271086,7
26,1.8463828520393,0.0704669841843648,-0.0144111709116064,1.10146474919568,0,0,0.162805147926447,0.293654893176847,-1.48611671014438,1.72271051169523,8
26,2.06311402203037,-0.344593754953142,-0.42125196147713,1.10146474919568,0,0,-0.838681385454734,0.751495941786947,-2.01382466652288,0.631724342730665,9
26,2.30485263471271,0.55294874308089,-0.00933478519646956,1.10146474919568,0,0,0.0416580861205476,-0.26515373654109,-1.49093649598692,1.46096393930375,10
26,2.64245311104495,1.64620729063286,0.606252038318621,2.41330605670452,0.0208121512675989,0.0289661481551805,1.30572148997077,0.441108946277992,-0.399662254107233,0.618636413188563,11
26,2.87168800238166,2.36546645096334,1.27838972843994,2.41330605670452,0.0170047059180353,0.0308856673300991,1.78510789164243,1.6531476987074,0.501172041938937,2.34853379766534,12
26,3.02590056564454,1.64973860059727,-0.476924842482841,2.41330605670452,0,0,1.43189030857405,0.828024999040905,-1.88583398889135,1.01943870996675,13
26,3.31348615659422,0.27557350475283,-0.569993299179963,2.41330605670452,0,0,-0.0422657970135785,0.359090596401001,-1.98159007880986,0.211677841445833,14
26,3.63441500446561,0.747687172956304,0.046955466002119,3.4879902648453,0.022186116158588,0.0282734653424865,0.148135635078944,0.0778854837568873,-0.667577524417444,1.36651241617219,15
26,3.81780291753498,0.919999200368771,-0.444417814784288,3.4879902648453,0.0191401598789374,0.0298090806824222,0.641303651202321,-0.0320217901111328,-1.66857397746512,1.18436782789805,16
26,4.10122060136946,1.28043913562299,1.09418134424686,3.952075726718,0.0221409364504994,0.0282962426401345,0.806975444929919,0.0567971670916767,0.136503172342707,0.66450959643458,17
26,4.3429592140518,2.37285496413381,0.684884612144251,3.952075726718,0.0181258122636859,0.0303204628609552,1.99247418991332,1.86096356162288,-0.309331320883762,1.89856608055118,18
26,4.51801131289074,2.54287362631402,-0.747707498956926,3.952075726718,0,0,1.91682785023196,0.729087014723717,-1.62459955587792,1.03851579115074,19
26,4.80142899672522,2.12000157663201,-2.75480049375887,3.952075726718,0,0,1.97721936349864,0.978500359047449,-3.97618635436498,-0.658925132043629,20
26,5.06817505209884,2.4393562864494,-2.95091622942647,3.952075726718,0,0,1.82834375579295,1.47887995381195,-3.70399466460279,-0.0650081463611265,21
26,5.3140815718964,1.81589912161039,-3.85793393821297,3.952075726718,0,0,1.62478204802597,0.597887876529175,-5.51278014748298,-0.406666389407544,22
26,5.51830902054183,1.37613906953021,-2.79003816666098,3.952075726718,0,0,0.909031539061116,0.919848409188733,-4.34222434286644,-2.78329451787992,23
26,5.84340577552843,2.62163264574325,-0.92066631696966,5.5215108100701,0.019271667614311,0.0297427812095414,2.32613474702116,2.27406216571824,-1.91841854345982,0.106154332998492,24
26,6.2226853230128,1.80113820289028,-0.964210777132308,5.5215108100701,0,0,1.50917972762293,1.27474786519115,-2.50183890056109,0.899636542550011,25
26,6.45608812146472,2.359777825125,-1.29706552577342,5.5215108100701,0,0,2.14929133597558,0.724438492491686,-2.74498054920361,0.634834435337858,26
26,6.72700208395356,0.412917293477841,-1.50922379533054,5.5215108100701,0,0,0.320285280006402,0.746580277108596,-2.3069030919851,1.12812223077593,27
26,6.86037511164037,0.481102989473428,-1.07398559759617,6.85758902909091,0.0164598560365095,0.0181773939339174,0.39404860081278,0.534484488905802,-2.29852862834988,1.38585460860254,28
26,7.18547186662697,0.939314877292971,0.766470618887732,6.85758902909091,0.0191722128778914,0.0297929212000248,0.535970862933281,0.742490689685547,-0.908218192848837,2.01623196036735,29
26,7.31050908008336,0.828620397417157,0.552597355440866,6.85758902909091,0.0170954245054018,0.0308399316590696,0.808502841228237,0.16954362200909,-0.71127753987809,1.5749309824613,30
26,7.51473652872879,0.702704233340223,1.16872234598551,7.4149086714364,0.0229600606566937,0.027883282117771,0.46905033784948,1.06238351265491,0.0294391179476182,1.62018569076445,31
26,7.88568026198273,1.49786281121737,0.633995751641238,7.4149086714364,0.0167989218183078,0.0309894131462713,1.32140437584403,1.68288961267357,-0.312112432735212,1.17416679377699,32
26,8.04406073236082,1.39929611708235,-0.308022867135296,7.4149086714364,0,0,0.865379622259725,0.920164692469698,-1.42786978778985,1.18000347568118,33
26,8.42750818696041,1.53406187751656,-0.36946611369644,7.4149086714364,0,0,0.864641613456731,0.419720181157792,-1.21022131228942,0.258706651768589,34
26,8.63173563560584,1.23137774151359,-0.856909333162792,7.4149086714364,0,0,0.677264237574453,1.93340618980862,-2.00111162441011,-0.302199274427786,35
26,8.99851146174457,1.07689154965062,-0.46226645205749,8.74075194211641,0.0203369164668892,0.0292057372309991,0.730983429941575,1.14657841505651,-1.8763908177249,0.210239542229838,36
26,9.24025007442691,2.27623415749581,0.00758707046844395,8.74075194211641,0.0163217922800845,0.0312299574518318,2.17379363040318,0.61948964388308,-1.40560699884471,1.11973400303213,37
26,9.29443286692468,2.14933332932945,-0.391860133254218,8.74075194211641,0,0,1.76225257177133,1.78660031706638,-1.30498941256581,1.01975831033929,38
26,9.57785055075916,1.40409646716167,-1.92587300375567,9.54132316269231,0.0240114410803887,0.027353229891647,1.06303899509683,0.628039780074259,-2.87285862961178,-0.821071465760804,39
26,9.89877939863054,0.497553060502738,-0.368120518187687,9.54132316269231,0.0186810175909893,0.0300405567365174,-0.140978563645361,0.0920292162133183,-1.6366093144267,-0.15866419598622,40
26,10.1780291753498,0.131082409659539,0.504175398685374,9.54132316269231,0,0,0.139357980801665,0.993051100138554,-0.291327324607569,1.70836976796092,41
26,10.2530515034236,0.0577155092985757,-0.0166649159479361,9.54132316269231,0,0,-0.0666444883473182,-0.315300126150444,-1.52984212381854,1.99406981407346,42
26,10.5114617445668,0.412667099984958,-0.674677212691127,9.54132316269231,0,0,0.73698134066289,-0.0243268115229172,-1.71145918219352,0.638549334762695,43
26,10.7657040785948,-0.12338287428606,0.2818373572775,10.5378965224659,0.0208343994786274,0.0289549317453021,-0.301488289876954,-0.223154386086502,-0.822192530769476,1.17330714515958,44
26,11.0699612980054,1.27574690795439,-0.858941280712338,10.5378965224659,0,0,0.541853109297202,0.344037996493214,-2.07696653411897,2.54129708068481,45
26,11.4784161952962,1.19117866046151,-1.38531157016348,10.5378965224659,0,0,0.713671564911777,0.482657389313983,-2.63807531300135,-0.392886861705518,46
26,11.532598987794,1.14552155780591,-1.09656971362964,10.5378965224659,0,0,0.969613093948431,1.3889185003127,-2.49897412240448,-0.027539242388379,47
26,11.7660017862459,0.634296279369793,-0.583190863322682,10.5378965224659,0,0,0.670339064836257,0.492185334549216,-1.94006316806695,0.551647931348494,48
26,12.2286394760345,0.604949743780259,0.923649727247496,12.0426406678547,0.0215288161183426,0.0286048423985092,-0.065168596313774,-0.0404151830178591,-0.361036595421802,3.13302848343915,49
26,12.4412027389104,1.75275993824644,1.68162139303327,12.0426406678547,0.0179982758851191,0.0303847601788982,1.54261002279794,0.279871707618627,0.171863608314954,3.14912008521473,50
26,12.5495683239059,2.17209271612445,2.0535250535943,12.0426406678547,0,0,1.61601714838999,1.93656316420118,0.895434705486825,2.54716036770645,51
26,12.9496874069664,1.20811455825639,-0.397766749121578,12.0426406678547,0,0,0.89673007719807,0.861927109805096,-1.93561956781582,0.239676513496528,52
26,13.2122655552248,1.00508068316394,-1.72584626848915,12.0426406678547,0,0,1.2408519020289,0.457115981632654,-2.76684022313299,-0.305171906763487,53
26,13.3081274188747,1.91918295826193,-1.32438300051592,13.2163415992418,0.0230936337733685,0.0278159413852846,1.5312416814994,-0.150754649528637,-2.43370425261344,0.516726351264084,54
26,13.6957427805895,0.712216705300816,0.766032242378512,13.5685680498718,0.0391614363483516,0.0591739474535709,0.482493438645897,0.36378718719115,-0.498307949381551,2.14305365066837,55
26,13.7707651086633,0.475613755995107,1.30480604218926,13.5685680498718,0.021259773506189,0.0287404799206497,0.200454010268717,0.7827410352927,-0.0979654567918745,1.32071675802672,56
27,0,0.0412382398973323,-0.773423713936894,-Inf,0,0,0.293705342933807,0.564346477629319,-1.20122379857661,-0.671258611753563,0
27,0.0666865138434058,-0.116456652239487,-0.723456311185412,-Inf,0,0,0.341256615106444,1.4032348281341,-0.900619159622039,0.914981853596283,1
27,0.450133968442989,1.44650102789465,0.214170568933765,0.0706811314914376,0.0183156680765884,0.0302247472721862,1.52970506406105,1.51972164526046,-0.317236856278882,1.91729068611445,2
27,0.675200952664484,1.29030788735544,-0.0422127804310485,0.0706811314914376,0,0,1.3186116563865,2.96661653196309,-0.385695324368908,1.67372522702382,3
27,0.875260494194701,0.695732972591373,-0.919505182817125,0.0706811314914376,0,0,0.955260923764705,0.933966496510762,-1.75716539524611,0.16000400728979,4
27,1.22536469187258,3.13799843889931,-0.411622172414597,0.876148450326246,0.0188178786427501,0.0299715583953693,2.99168724450395,3.7300349687671,-0.704247064921424,0.660332575183217,5
27,1.47127121167014,2.65668520487793,-0.735191923280946,0.876148450326246,0,0,2.96622398093299,2.36674620110297,-1.34646320654809,-0.617141001101224,6
27,1.64632331050908,0.955264755228881,-1.67514461411506,0.876148450326246,0,0,1.10792841215974,1.63595176840631,-2.0613992538461,0.610676255436342,7
27,1.96725215838047,0.943110865739021,-0.83514070127566,1.92004627764332,0.0238340781273852,0.0274426472195202,1.00441120252218,1.24761514130754,-1.57551739013933,0.488963630352555,8
27,2.06311402203037,0.538219300621431,0.500199622171631,1.92004627764332,0.0222418737084741,0.0282453552381178,0.791928529340533,1.71165874915833,0.463109431290113,1.03989137605231,9
27,2.45072938374516,1.75552062775711,0.621729109170111,1.92004627764332,0,0,1.95926904192624,1.61065557387012,0.390625598549798,2.1439796669904,10
27,2.66329264662102,2.12926962636135,-0.646734117853093,1.92004627764332,0,0,2.23085746760993,3.26341519262263,-1.11257491075369,1.59437581670218,11
27,2.89252753795773,1.30976770063432,-2.34941548827894,1.92004627764332,0,0,1.6097113820136,1.41994968882767,-2.70396345264366,-1.10647614067205,12
27,3.08425126525752,1.43370419512458,-1.4215681522752,2.96981998064484,0.0227175070423027,0.0280055652422875,1.42883680991869,2.59894739798394,-2.18224782904837,-0.134396047328157,13
27,3.25930336409646,1.47080735240636,-0.825701298522922,2.96981998064484,0.0198100033208172,0.0294713798849502,1.50833981158694,2.16957265858139,-0.811612426202387,0.277718300298845,14
27,3.73444477523072,1.78430752891546,-1.43630960602387,2.96981998064484,0,0,2.16842286573658,2.93411153945468,-2.02326387983046,-1.7576232450395,15
27,3.955343852337,0.0342080561389195,-0.444636270002931,2.96981998064484,0,0,0.42427148525064,0.340758165194736,-0.733938091516749,0.717101642652998,16
27,4.05537362310211,-0.132540386148027,-0.329493989614425,2.96981998064484,0,0,0.067939550014335,0.775119725927842,-0.48607870604129,1.59884345120193,17
27,4.40964572789521,0.567096837481367,0.408616272940457,4.34953888237226,0.023619801329938,0.0275506746194368,0.854798479986067,1.90576728914635,-0.0750143177423308,1.50171976150589,18
27,4.67222387615362,1.11229759946326,0.626024633316113,4.34953888237226,0.0192585457477057,0.0297493965834251,1.44429676878536,1.91236088315031,0.135048210824491,-0.0573197767101934,19
27,4.95564155998809,0.244064049121767,0.451563009209858,4.34953888237226,0,0,0.702936726688872,0.292667598728245,0.270104573620595,2.18023961613442,20
27,5.20154807978565,1.17868150687685,0.298864082992256,4.34953888237226,0,0,1.41963692331844,1.65186607578127,0.0975151785165723,1.80396097031547,21
27,5.39327180708544,-0.00217442341747809,-0.758514839252926,4.34953888237226,0,0,0.277992575468779,1.86196022452491,-1.37647746822062,-0.077739864507682,22
27,5.5099732063114,0.0285173096175052,-0.0576241064244625,5.44724656270387,0.0235762881545406,0.0275726117365498,0.479995776669955,1.91405998396355,-0.408570723717222,1.72080276458096,23
27,5.82673414706758,0.101785736071287,1.89658616381687,5.44724656270387,0.0183150909442287,0.0302250382327914,0.298291984550942,1.71752815797207,1.51016850784974,2.61796465414481,24
27,6.08514438821078,-0.100362399871914,1.02760758468238,5.44724656270387,0,0,0.320987042034986,1.0298507781569,0.864638592432225,2.24208885560391,25
27,6.28103602262578,-0.686077738582594,0.266546714362209,5.44724656270387,0,0,-0.322292892537674,1.42265602904082,0.519580914182655,1.93545408260192,26
27,6.67281929145579,-0.108417925433404,2.60097027840771,6.40121994231684,0.0201070457251302,0.029321626299936,0.417027049736129,0.35306077626189,2.05400593494131,2.53997180218289,27
27,6.85620720452516,0.236415826471008,2.67611908740392,6.40121994231684,0.0170610894454791,0.0308572416398687,0.0809587676182321,0.436771441417216,2.75523828639177,2.49783558840271,28
27,7.0979458172075,0.390882135268886,0.976676338391162,6.40121994231684,0,0,0.400865274894242,-0.0161544807161598,0.992178965109412,2.25416402742079,29
27,7.28966954450729,0.878740206273171,-0.886362687383542,6.40121994231684,0,0,1.21555042818124,0.833715868579791,-1.29271830410645,1.68194195103152,30
27,7.74813932718071,1.51569706516092,-1.51667610794871,6.40121994231684,0,0,1.60260842253323,2.21695730467401,-1.912174742639,-0.514423477272072,31
27,7.96903840428699,1.77542692145733,-0.543407721410014,7.84307355886468,0.0225259419528325,0.0281021425608622,1.83627472186177,1.57638411143001,-0.644417619303912,1.23857149191568,32
27,8.06490026793689,1.73492038524369,-0.66353184607868,7.84307355886468,0.0209337375339292,0.0289048505794696,2.11057341706062,1.60553744302555,-1.19606827573111,0.420793868175371,33
27,8.30247097350402,2.63850932757155,-0.15955220716221,7.84307355886468,0.0169878396261976,0.0308941704516556,2.90533558371281,2.66827513061321,-0.509879551339529,0.0464029817577374,34
27,8.69842214944924,2.7196178553197,-0.944871822895148,7.84307355886468,0,0,2.58508925219646,2.78015204347267,-1.25845946427495,-0.0252432349738624,35
27,8.75677284906222,2.64528977986931,-0.855723288422144,7.84307355886468,0,0,2.77379736380173,2.63650975375207,-1.31035583475549,0.0843479517660732,36
27,9.22774635308127,1.37204004634995,0.39793973015732,8.87774543059954,0.0188048455928429,0.0299781289924194,1.36235130103087,1.00359817274672,0.595196036938366,0.40947565201055,37
27,9.38612682345936,1.75968320383612,1.43310457767611,8.87774543059954,0,0,2.12424924422113,1.90976778867341,1.14210298163752,3.01509169869812,38
27,9.71539148556118,1.68876649011545,-0.147509216557776,8.87774543059954,0,0,2.16147851887394,2.37632211144267,-0.727236864116262,-0.240940816837956,39
27,9.84876451324799,0.962049501855359,0.327752687493408,9.82913693886501,0.0242921362077382,0.0272117177674149,1.29795314486985,2.17479673915186,0.114562055781618,2.18685065317595,40
27,10.1988687109259,2.64658575891286,0.0608787028289555,9.82913693886501,0.0184771287647774,0.0301433470527527,2.96213408055631,2.3607328870496,-0.194472790614078,1.10148953594404,41
27,10.4989580232212,1.594821608765,-0.233024817077064,9.82913693886501,0,0,1.72541902799412,2.27832079233364,-0.335983591865961,0.760742498587826,42
27,10.7281929145579,0.447063337029972,-0.11376374787453,9.82913693886501,0,0,0.669558073370001,0.748200578628712,-1.1429060547705,1.64928643419129,43
27,10.7782077999405,0.0102313678499552,-0.0935976458800155,9.82913693886501,0,0,0.680162553178486,0.569647305931336,-0.17603522509823,2.84517988521933,44
27,11.1824947901161,1.03770654013252,1.93519079903828,10.8266454256659,0.0187077067016161,0.0300271014522237,1.0078644279776,2.03505944920406,1.13765726765821,1.86934232257713,45
27,11.4534087526049,-0.0108509326463726,1.13104884777081,10.8266454256659,0,0,0.414273259877579,0.615596424295009,0.949348679247655,1.16869451719666,46
27,11.7493301577851,-0.416033885050719,0.438323328390034,10.8266454256659,0,0,-0.356189142505987,0.521397061704762,0.249050328739759,0.909280959279194,47
27,11.8243524858589,0.172062269729066,0.434633608168454,10.8266454256659,0,0,0.596673627958738,1.63011310933452,-0.22629456584311,1.5618332325775,48
27,12.1661208693063,1.81272168726484,0.332625526231333,11.9357178020327,0.0207912896938026,0.028976665493508,2.21774119050835,2.49822959620289,0.53707669874595,1.41421980410107,49
27,12.4453706460256,1.1693284808754,1.65267977019554,11.9357178020327,0,0,1.47090898418351,2.35906463602617,1.38252598833497,1.30005538243547,50
27,12.5912473950581,0.80620379054671,-0.00254463736235688,11.9357178020327,0,0,0.584413135885917,0.977448623568664,-0.125216082016079,1.44727995785453,51
27,12.7996427508187,1.2136966194801,-0.176411231700219,11.9357178020327,0,0,1.4495937089137,2.78356107321774,-0.794232507955653,0.529608467815253,52
27,13.078892527538,0.184713997851111,-1.50266004440641,13.0629678196524,0.0243536384587425,0.0271807114786138,0.385601337854784,1.55983194312963,-1.41993462761413,1.2453851483259,53
27,13.3956534682941,1.78134715535708,-1.14747147849498,13.0629678196524,0.0190924412484361,0.0298331379748602,1.77251517146305,2.66012634247524,-1.35114594765092,1.25224789975122,54
27,13.5623697529027,1.72790135272487,-0.856550308900534,13.0629678196524,0.0163233900851247,0.0312291519202665,1.47113131034767,2.67237706302818,-1.09609098847946,-0.484622936953458,55
27,13.9833283715391,-0.509768875255015,-1.21122113595242,13.872057145345,0.0227699935972982,0.0279791042062227,-0.0854415366556179,0.482172261917854,-1.41051769751294,0.0940463188425926,56
28,0,2.02727182505167,-0.801640321453736,-Inf,0,0,1.76794646024372,1.0992889224111,0.144589835146438,-0.981941075876993,0
28,0.100029770765109,2.32412867447248,-1.88415858684877,-Inf,0,0,1.79514459578058,1.51957462343628,-0.845375324408856,-0.924193891092157,1
28,0.462637689788628,1.06402354270063,-1.75220889504528,0.376292182551697,0.0231839938926882,0.0277703864355141,0.957269277870055,0.864965554017636,-0.850391613262494,-1.42454725017702,2
28,0.504316760940756,1.4121084442198,-1.9418778028895,0.376292182551697,0.022491731101858,0.0281193899218629,0.988791495085342,0.456972553258478,-0.893285512282499,-1.56081215609584,3
28,0.787734444775231,2.88456061275783,-1.34374583564414,0.376292182551697,0.0177843441242143,0.0304926136290314,2.47573687647736,2.03579783256859,-0.331041801635687,0.700366643592437,4
28,1.15451027091396,1.96603274892587,-1.40544987004173,0.376292182551697,0,0,1.48618161023057,1.07385770633232,-0.597310167877503,-0.630365997107576,5
28,1.30455492706163,1.79914898215416,-1.69816818509928,1.27647231223348,0.0241517033781867,0.0272825168162223,1.29254752330407,1.29539414858595,-0.916854336882117,-0.913941239964164,6
28,1.683834474546,2.70713086572031,-0.604188766059153,1.27647231223348,0.017852111981636,0.0304584485419918,1.93590694040204,1.07529144526167,0.0399344004113247,0.0585406419934471,7
28,1.80470378088717,3.16372616824236,0.177257427779822,1.27647231223348,0,0,2.60320955191147,1.25886587484623,1.46556639608346,0.0100016992367705,8
28,2.17981542125633,1.79680049879019,-1.81479283641064,1.27647231223348,0,0,1.49911619793139,2.01591380545606,-0.289097776089024,-0.850651992047105,9
28,2.42572194105389,0.853267368819521,-1.23017423620431,1.27647231223348,0,0,0.719870291961974,0.027246110238735,-0.13980091957795,-0.391606074006453,10
28,2.53408752604942,1.26374695002306,-1.27541800163297,2.44087963518328,0.0230700140771213,0.0278278492278722,1.49107539401397,1.69821040131613,-0.427079901324469,0.143257858132618,11
28,2.88002381661209,0.939611352792325,0.462713211282553,2.44087963518328,0.0173242329132333,0.0307245781645634,0.902937597877065,0.720781111240791,1.87777557186607,1.35441393058572,12
28,3.15510568621614,1.43275192556995,-0.426251227815839,2.44087963518328,0,0,1.06280948753521,1.64086899203003,0.640172230088419,-0.453600646339354,13
28,3.29264662101816,0.966350065604401,-1.60223460832908,2.44087963518328,0,0,0.67719998259559,0.776055743714025,-0.196067552621488,-0.052669164291503,14
28,3.60523965465912,2.3003556338582,-0.619415409289844,3.42625302217829,0.0216452838846616,0.0285461253086591,1.98252467479585,1.67007424314993,0.439500327447777,0.422507065694775,15
28,3.79696338195892,3.16102685665914,-0.694797708190267,3.42625302217829,0.0184608750468448,0.0301515413458607,2.58447045656196,1.58539743193084,-0.0888157617596881,0.252881815783274,16
28,4.13039595117595,1.90528427462512,-0.922853260022622,3.42625302217829,0,0,1.54536729326118,1.70473631614869,-0.0989900511097922,-0.35949622004455,17
28,4.33045549270616,1.1886718821423,-0.57239738932898,4.27412550814199,0.0236825325817543,0.027519048731296,1.00554881096062,-0.0988606659828171,0.590040362841718,-0.334255567605122,18
28,4.64721643346234,0.675727803394603,-0.0867643294312577,4.27412550814199,0.0184213353714471,0.0301714752275433,0.746957262006549,1.93017789453405,1.37891231922094,-0.523424342607051,19
28,4.81810062518607,0.128084738239115,1.18520515451641,4.27412550814199,0,0,0.0326167549794697,0.101677117077653,2.25571172437968,0.976634425267947,20
28,5.11402203036618,-0.738402363390882,0.350843356949649,4.27412550814199,0,0,-0.551341989704014,-1.17615521205802,1.35049403244845,-0.330909061602078,21
28,5.45995832092885,-0.0727504046383712,0.978828740080405,5.36619307560882,0.0230607567750981,0.027832516285994,-0.374742173487373,0.741691174185308,2.26867114906212,1.31269745996304,22
28,5.66835367668949,0.193490845215294,1.65021481839148,5.36619307560882,0.0195994428209491,0.0295775337177358,-0.0126676903595108,0.0596059011053643,2.42922886170915,2.98735224580686,23
28,5.91842810360226,1.17162709872049,1.33463333351678,5.36619307560882,0,0,0.973961707121609,1.39586761009705,2.87013429924276,1.88578291225255,24
28,6.11848764513248,1.30586075179853,-0.393311598851331,5.36619307560882,0,0,1.13263521460751,0.674082833045238,1.19754732934135,1.29765060044583,25
28,6.28937183685621,1.3132591109056,-0.295713670952818,5.36619307560882,0,0,1.07707409118991,1.44765602548045,0.558306206361098,0.234460110346465,26
28,6.50193509973206,0.454886896033382,-0.253008559661136,5.36619307560882,0,0,0.356784284297254,-0.255321354408308,1.09592929349911,-0.821400824559501,27
28,6.85620720452516,1.72366933634634,-0.180172176582079,6.59563385670861,0.0202901805752165,0.0292292990768089,1.42767488025147,1.33750675789171,0.654888695058407,1.27291907639863,28
28,7.24799047335517,1.09957295103577,0.511625471903808,6.59563385670861,0,0,0.903887257902437,0.639402477286947,1.78737258726183,0.457710618344564,29
28,7.43971420065496,1.55985759703161,-0.456800531330469,6.59563385670861,0,0,1.25237017854211,1.38111517636375,0.749205405701552,-1.12545286517623,30
28,7.59392676391783,0.437562214748347,-1.16224193048473,6.59563385670861,0,0,0.260391270209909,-0.0596718298245443,0.0579956121028945,-0.34776214247479,31
28,7.96070259005656,2.77633837395453,-2.10178212840626,7.67820618654279,0.0199260526016086,0.0294128737740907,2.5529586789181,1.01906469280763,-1.18544697717057,-1.69195804323159,32
28,8.04822863947603,2.80244490197542,-2.35664095446488,7.67820618654279,0.0184723007408609,0.0301457810954161,2.58160958943503,0.532343020599632,-1.560965307068,-1.62440515328487,33
28,8.49419470080381,1.55315926487228,-1.65146299424798,7.67820618654279,0,0,1.48651156570208,0.365450319092996,-0.441175745823644,-0.527749117293053,34
28,8.70675796367967,1.39131228796577,-0.474605514091614,8.67391950752085,0.0240727118867498,0.0273223402853964,1.08985370383603,1.46144038693902,0.463327718222806,0.57590770035252,35
28,8.7817802917535,1.66837049980504,0.357599651243252,8.67391950752085,0.0228266388632552,0.0279505465608232,1.34411454621096,0.889090013260831,1.6031497539956,0.146159655494096,36
28,9.18189937481393,4.0094784717315,0.337505038405012,8.67391950752085,0,0,3.51071606893864,2.01078917689391,2.33462994933004,0.892603613129459,37
28,9.34861565942245,2.83484871175711,-1.59848692044994,8.67391950752085,0,0,2.57799036339114,0.95481435207137,-0.872872956140564,-1.37105988585539,38
28,9.7237272997916,0.153004532871184,-0.513655327893917,9.71931424928614,0.0245448397462154,0.0270843175703952,-0.1802041932602,-0.179723693451156,0.88992455163488,-0.310397191960788,39
28,9.96129800535874,1.55762086865393,0.506344296084293,9.71931424928614,0.0205989418384957,0.0290736374425921,0.981081607356985,0.853142128226566,1.26258078226931,1.23616939261178,40
28,10.1780291753498,1.68549863261232,0.475780104373227,9.71931424928614,0.0169991753261718,0.0308884555715911,1.46255888556311,0.264171564662744,1.15345674212349,0.052091057680296,41
28,10.3155701101518,1.74255386349526,-0.237566826132462,9.71931424928614,0,0,1.56588870407342,1.16780686184287,1.25967671294905,0.800966599765362,42
28,10.749032450134,0.935129368338465,-0.964907057775864,9.71931424928614,0,0,1.29559593605239,0.220844050522162,-0.175902510487888,-0.532622610323808,43
28,10.9365882703185,1.50138277750372,0.0301249048374752,10.7617156195974,0.0217136144979859,0.0285116765088935,1.67495721651322,1.43089874392606,1.29839271202737,-0.644528358649602,44
28,11.2491813039595,0.359997958691839,0.648301823658663,10.7617156195974,0.0165216435667531,0.0311292026564937,0.293712176554568,-0.203611367751376,1.59248799932213,1.4057573033246,45
28,11.3450431676094,0.847990062804333,-0.0916637221326837,10.7617156195974,0,0,0.487240683375289,1.86723779027224,0.9254268330932,0.267148206836918,46
28,11.5992855016374,0.600468213260159,0.350069368507077,10.7617156195974,0,0,0.758683039526772,1.40873742122234,1.20894386933168,-0.00285422029320415,47
28,11.8701994641262,0.277017737215845,0.55731884579031,10.7617156195974,0,0,-0.0180265960049417,1.08061290918116,1.31565550206008,0.485621763244039,48
28,12.1911283119976,1.06932418781636,0.262254312211128,11.9727383631085,0.0209908199287605,0.0288760725560523,1.46631772961454,0.368821318951752,1.17977363100263,0.821428679470279,49
28,12.2828222685323,1.41598838193336,0.119081033181704,11.9727383631085,0.0194678417889252,0.0296438802260066,1.14551189886175,0.986629226871742,1.38425892754142,0.635955346669626,50
28,12.6162548377493,1.90484091141787,0.00540079453443402,11.9727383631085,0,0,1.43991012942457,1.27825038717529,1.15105456387282,0.116066173766341,51
28,12.9871985710033,0.957037400045075,-0.714564207998725,12.9855492743681,0.00976822780555991,0.0107967855690849,0.775956835146497,0.252847540552711,0.892004917982671,-0.0533532963133582,52
28,13.1705864840726,1.54232925417777,0.894847395621507,12.9855492743681,0.0215447876557647,0.028596790366384,1.35818124323224,1.17204686332748,2.51068216692579,0.638388936688656,53
28,13.3873176540637,1.81659942825161,0.440644935298928,12.9855492743681,0.0179450211434408,0.030411608495383,1.43696011549313,1.68313708619905,1.9082736663342,1.7892239698889,54
28,13.6749032450134,1.90270495156608,-0.182025445999703,13.6159627635265,0.0236391738927176,0.0275409079642809,1.29467638137986,0.823426159665619,1.17319905208341,0.156815920320203,55
28,13.7791009228937,3.68302674791402,0.0496722269849114,13.6159627635265,0.021908516915643,0.0284134166801515,3.23006415976487,2.01243787761928,1.35376534393743,0.275945985977367,56
29,0,0.478212801382383,-0.546564858166149,-Inf,0,0,-0.115402653958669,0.389528333200787,-0.719335032417063,-0.0145668288249834,0
29,0.0625186067281929,-0.4198771345877,-0.489903706688989,-Inf,0,0,-0.652060454723172,0.217349402302649,-0.673550965417186,1.104113336483,1
29,0.425126525751712,1.56895510154204,0.36684019764673,0.0722751911496744,0.0187575020653919,0.0300019971771041,0.967445514789024,1.70927691526293,0.535224954643392,1.30879326338103,2
29,0.575171181899375,2.05637034144822,0.772785503525822,0.0722751911496744,0.00493723622879246,0.00946492266440541,1.10195756079021,1.71410626445162,1.08005052345087,-0.329250702642457,3
29,0.97529026495981,1.16414939094201,-1.2911311793872,0.0722751911496744,0,0,0.739318983316166,0.372190819346309,-1.57153355838285,-0.569252629619768,4
29,1.07948794284013,0.912854742416755,-1.1008752816225,0.0722751911496744,0,0,0.480499105258681,-0.152243259274244,-1.36004466927655,0.00251542523038506,5
29,1.48377493301578,0.912251237766459,1.19977841473627,1.30509518428992,0.0216503810281154,0.0285435555896755,0.521074489864729,1.39810322706047,1.93372038365612,0.14172754497374,6
29,1.6213158678178,0.805998121858162,2.22277886172361,1.30509518428992,0.0193659138183785,0.0296952670946269,0.228500881566494,0.431872116626961,2.46422956187769,0.572910197874765,7
29,1.96725215838047,0.312329525075056,0.51592652225373,1.30509518428992,0,0,0.0149546707216544,-0.0407397897932315,0.790062239920882,-0.311789006528139,8
29,2.23399821375409,0.805635350560362,-0.168068092707379,1.30509518428992,0,0,0.198308120549174,0.312850610317366,0.163850234218813,-0.627086161926783,9
29,2.43822566239952,0.24970307626187,-0.0015029679463297,2.42929999509002,0.0244698880590469,0.027122104376911,-0.078918621955164,0.598519309878396,0.687054572802837,0.490792629146542,10
29,2.60077403989283,1.02059931350594,0.0612011287594721,2.42929999509002,0.02177006317481,0.0284832179736695,1.03122975734504,-0.79873393736446,-0.0590897448793263,-1.01358932722231,11
29,2.80083358142304,1.92302769249035,0.0549662543121054,2.42929999509002,0.0184472017788261,0.0301584347081384,1.26030673578018,0.357477784323228,0.0671882719593636,0.599783925174813,12
29,3.24679964275082,2.76267875323542,-1.64556993628754,3.03354854389953,0.0210761729505612,0.0288330419286964,2.26486807734539,1.63396155769913,-1.30714251298944,-0.785245749065286,13
29,3.28014289967252,2.91524978674502,-1.22821450975009,3.03354854389953,0.0205223627178968,0.0291122447177753,2.50818978036445,1.51521067507743,-1.01054701937809,-1.92254908334543,14
29,3.54688895504614,3.07005145361484,-0.262640465446366,3.03354854389953,0,0,1.96865068951673,0.86079699649127,0.501962419738661,0.646251438408329,15
29,3.93450431676094,2.09176931597732,-1.94797577365014,3.03354854389953,0,0,1.6904420081535,1.06947313377171,-1.37490115890906,-2.3602317151443,16
29,4.20541827924978,1.42874715136505,-0.705528108066174,3.03354854389953,0,0,0.701269197076125,1.37803226136376,-0.341194546067413,-0.929428948460509,17
29,4.32628758559095,1.30377844524264,0.00288643147079853,3.03354854389953,0,0,0.927017887599557,1.40608306829384,-0.56256611925798,1.42335237613594,18
29,4.70139922596011,0.694482994748558,0.105074551433521,4.51404225797607,0.0215062579501686,0.0286162150729373,0.104126713320402,-0.140837705942885,0.382380219493369,-0.0553602851617068,19
29,4.86811551056862,0.61683883005438,0.751780515362878,4.51404225797607,0.0187372067868534,0.0300122290183362,-0.0994214738277802,0.65661656942805,1.29551807670422,0.386407723016818,20
29,5.20571598690086,1.53773210370131,0.591724824179681,4.51404225797607,0,0,0.995096437605176,1.43148583788052,0.711253796922278,-0.190581878428614,21
29,5.2515629651682,2.12709264450314,0.542311109704565,4.51404225797607,0,0,1.8948089770934,0.568689463561026,1.01895006447723,0.736212604381649,22
29,5.639178326883,-0.428044232599359,0.813189161798342,5.63035311746912,0.0244715566006259,0.0271212631836015,-0.615494717355218,-0.555217553600151,0.62307983904741,1.47258538354296,23
29,5.9642750818696,-0.790495329187442,2.54102414268162,5.63035311746912,0.0190719068321521,0.0298434903771181,-1.01746375794837,0.107656407288306,2.47986876605681,2.2104267904092,24
29,6.13515927359333,0.454645102532034,2.83715169603274,5.63035311746912,0,0,-0.0869578200707085,0.759867395527382,2.74321583882522,2.40335706078122,25
29,6.42691277165823,0.349341360932168,2.51723054943503,6.23517210927183,0.0214334475818692,0.0286529223360182,0.122386917180676,0.501052258553532,2.62986483363531,0.824097929033562,26
29,6.66448347722536,1.00451572295173,1.96350867788285,6.23517210927183,0.0174875496741386,0.0306422422082038,0.819374459962239,0.0122835681582294,2.14672978989722,2.57337259437903,27
29,6.8395355760643,0.0638150500568177,0.437621592925878,6.23517210927183,0,0,-0.18295156660638,-0.21496585973796,0.911752349733831,0.433933713456979,28
29,7.0979458172075,0.69546325335778,0.190459080750891,6.23517210927183,0,0,0.195602584423792,-0.232713084394662,0.390834294778131,0.0476303298707123,29
29,7.33134861565942,-0.152905477461303,-0.485592564944018,6.23517210927183,0,0,-0.335188661547903,-0.139470285069005,-0.846154487324282,-0.666631739184113,30
29,7.55641559988092,0.706603113324982,1.30023246315011,7.3594634954925,0.021346888853835,0.0286965608187706,0.432358347777389,-0.197917002961289,1.27036800463095,1.45783608871464,31
29,7.94819886871093,1.1522108615855,0.13267491073485,7.3594634954925,0,0,0.721076575351653,0.105953379361303,0.27102772162993,2.32672178023406,32
29,8.18576957427806,1.15974640146796,0.0482188902116206,7.3594634954925,0,0,0.491674752306907,1.17901565286168,-0.21588954644709,0.279142207302637,33
29,8.26079190235189,1.21397961345897,0.438697299885775,7.3594634954925,0,0,0.66612905012378,1.13576580037879,0.548334126236127,1.05878806196008,34
29,8.51086632926466,1.8183749463911,0.643303448377549,8.31362115920951,0.0213420212200098,0.0286990148307326,1.26136484335295,1.76027692851951,0.323671838302323,1.06118582413691,35
29,8.85680261982733,2.80592160669095,0.261995332121336,8.31362115920951,0,0,2.22658178414274,2.13526584024614,0.473367435976186,0.135148919857246,36
29,9.0735337898184,2.69438384253252,-0.65209351069761,8.31362115920951,0,0,1.80551695678419,1.32187767220556,-0.568252405698043,-1.08680576905308,37
29,9.28192914557904,1.08597729483217,-0.75193120622231,8.31362115920951,0,0,0.857102568254948,1.57120719770896,-0.938357916484816,-0.586537350095423,38
29,9.56951473652873,1.75259047531857,0.0602060829827533,9.36817728048907,0.0212740509596906,0.0287332819589758,1.32248737278149,0.750959299703986,-0.0391823910589416,0.372155159751542,39
29,9.8529324203632,1.40910019192487,0.187272858956864,9.36817728048907,0.0165666639820376,0.031106505666132,0.923485148254787,0.507522803489574,-0.255294414166195,1.79573157483489,40
29,10.0571598690086,1.13366878068026,0.315156466895399,9.36817728048907,0,0,0.625013148531919,1.48218361108035,0.212453492496338,0.757340621737833,41
29,10.3114022030366,-0.807550672659388,0.769063844972212,9.36817728048907,0,0,-0.93153671125709,-0.41958640538707,0.331280005143858,-0.0593311142763758,42
29,10.5781482584102,-0.653298319601269,2.5542328008413,10.4008357226902,0.0216730895641933,0.0285321071074375,-0.953846723533424,0.0617393702846312,2.48086096733313,0.919706297944296,43
29,10.9615957130098,1.06755494430242,2.2465457225486,10.4008357226902,0,0,0.628472735356187,1.18495422648109,1.95769835032211,1.75688677710799,44
29,11.2491813039595,-0.336462522317385,0.301674487502794,10.4008357226902,0,0,-0.913898872915473,-0.0077229000591071,-0.34029463508175,0.213170610378575,45
29,11.3825543316463,0.211428123097432,0.669709868997538,10.4008357226902,0,0,-0.223628081184255,-0.355519557893074,0.84549726132799,-0.188590568585997,46
29,11.5034236379875,-1.23840784852822,-0.895195881644473,10.4008357226902,0,0,-1.73676510889323,-1.31669103420599,-0.955904215941811,-1.61828402973499,47
29,11.9702292348913,-1.07199396724806,0.0166203655902326,10.4008357226902,0,0,-0.761511023437444,-0.283213453866619,-0.572443416240103,1.35227586315819,48
29,12.0577552843108,-1.06671374999305,1.0460805465616,10.4008357226902,0,0,-1.51437307536878,-1.16460300524289,1.42149316409708,1.77522745144929,49
29,12.4286990175648,-0.531269573398714,2.53157988944269,12.0594732491801,0.0184855331631246,0.0301391099850169,-1.00093540260009,-0.355860168859577,2.33502704540391,2.24830922240486,50
29,12.6704376302471,-0.613466998415211,2.43221423460321,12.0594732491801,0,0,-0.831120876676566,-0.907234326910078,2.38094336909273,1.68762612050452,51
29,12.9871985710033,-1.18318014455466,1.8974765883246,12.8465474234213,0.0222820118402187,0.028225119645376,-1.33243471166986,0.298207925531126,2.02215667162673,1.931898259884,52
29,13.2289371836856,0.597217139644072,1.41494096106446,12.8465474234213,0.0182668876534043,0.0302493398661967,-0.0726510278855518,0.341476003873753,1.29934824189926,0.57150765949666,53
29,13.2789520690682,0.942479870442641,1.13389576828248,12.8465474234213,0.0174361723044001,0.0306681440498023,0.433864349651395,1.11420085574759,1.1740726771534,1.30662440239399,54
29,13.6540637094373,-0.0988118632061742,0.707959474645268,12.8465474234213,0,0,-0.582755006387302,0.30139008418474,0.759811468581662,-0.156054804030995,55
29,13.8082762727002,-0.159698082864361,0.0472089089367085,12.8465474234213,0,0,-0.545557004599112,-0.133115016753777,-0.101088346740076,-0.00483706144005046,56
30,0,-1.03900821076751,1.3337705177554,-Inf,0,0,-0.56894537459391,-0.945235007589068,1.68077129838281,2.16244473469435,0
30,0.00416790711521286,-1.1076920919902,1.51845804452658,-Inf,0,0,-1.11897454359352,0.296760942904028,2.24959901342365,2.58707740864033,1
30,0.366775826138732,0.241653066770608,2.16730275892538,0.0109949293197133,0.0187088439053081,0.0300265281323034,0.40676736660719,0.547847586413684,2.76709524944773,1.96651559769716,2
30,0.733551652277464,-0.144200936585988,1.13489614784878,0.0109949293197133,0,0,0.155128370946477,0.0326119669306245,1.39416097133729,2.93103532688581,3
30,0.796070259005657,-0.339292896603686,1.69882852994215,0.0109949293197133,0,0,-0.169437671999654,0.297886686864128,2.42482652470143,2.4586233720912,4
30,1.02530515034236,-1.20572396357214,1.0294569838343,0.0109949293197133,0,0,-1.01402875478839,-1.5459303007005,1.80952117036566,1.42455998122638,5
30,1.47960702590057,-0.360627413356637,1.20378687292475,1.25414504615877,0.0208733580065113,0.0289352908484624,-0.530219304368653,-0.740604820215846,1.8265096578641,2.70567451704168,6
30,1.69217028877642,1.088486747484,1.60294110651502,1.25414504615877,0.0173428177732782,0.0307152086288376,1.13770583951114,0.656047495544829,2.02253630857371,2.51036172275897,7
30,1.7838642453111,-0.105719498709194,0.502259616533896,1.25414504615877,0,0,0.167500374216069,0.0474489743432313,1.10764221209112,2.09186383032068,8
30,2.03810657933909,0.373213266126914,-0.616297421292352,1.25414504615877,0,0,0.459179608099871,0.609726126852263,-0.78860463926322,0.521375730233124,9
30,2.35486752009527,1.03555960421962,-2.10164124280232,1.25414504615877,0,0,1.30430109729856,0.869051095718874,-1.40294410505019,-1.4530831007729,10
30,2.57159869008634,0.896499725604803,-0.723947869311147,2.41446543002609,0.0220082544634862,0.0283631341106233,1.24406052786801,-0.323777218430377,-0.204535968901536,-0.217507594979164,11
30,2.95921405180113,0.951273625063187,0.306116839957846,2.41446543002609,0,0,0.749909173991667,0.712373951913773,0.262903274938578,0.471077462573555,12
30,3.18428103602263,0.00218502819258314,1.12295352566883,3.11312539090331,0.0234362878150626,0.0276431927459809,0.19499427488608,0.135113035749098,1.5894198755861,1.61457670239853,13
30,3.28431080678773,0.850385032212014,2.2016941416483,3.11312539090331,0.0217748571170686,0.0284808011132136,1.15151453729739,0.544253506776173,2.66326163034051,4.71513728207666,14
30,3.60107174754391,1.07265932784169,1.36593059481686,3.11312539090331,0.0165136599067627,0.031133227609464,1.33925150604391,0.907425542053323,1.73649002589142,2.50802969041704,15
30,3.93867222387615,0.507442501287,-0.449802025350461,3.11312539090331,0,0,0.239042163282245,0.817478282267941,0.383801596614808,0.663909677394834,16
30,4.12206013694552,0.862843933166809,-0.706318974543389,3.11312539090331,0,0,1.19614193810242,0.577727928413613,-0.594586907411643,0.634402724423535,17
30,4.4721643346234,0.968852879008771,-0.195891686118955,3.11312539090331,0,0,1.07667113664755,1.21211749787212,0.232076114888436,2.36432553617929,18
30,4.58052991961893,1.51242956096667,-0.161709967069227,3.11312539090331,0,0,1.5354362739613,0.816421194107805,0.30088472686841,1.41188976599423,19
30,4.79309318249479,2.76893567410003,-0.171331737417407,4.6171569202955,0.0216959485896523,0.0285205827561654,2.59339283823696,1.76298783230161,0.530416780150102,-0.140020248547171,20
30,5.00148853825543,1.85982909396606,0.320588371636208,4.6171569202955,0.0182346346355033,0.0302656001879066,1.54436494062479,0.249663829644491,1.05552021866045,0.783909839235244,21
30,5.30991366478119,2.48753485489522,1.54883940449714,5.05042034368067,0.0203081191301767,0.0292202553750459,2.4574694306848,1.16976693581961,2.03080722512935,3.35400489690499,22
30,5.7350401905329,2.22741924039475,-1.28553898319904,5.05042034368067,0,0,1.96619308476867,1.66180799945888,-0.451015007500076,-0.4400243316364,23
30,5.78922298303066,2.24117724239684,-1.17908395270118,5.05042034368067,0,0,2.15122466845887,-0.305363952158341,0.112816450720863,-0.122348047896967,24
30,6.10181601667163,0.691684029111327,-1.05887962434829,5.05042034368067,0,0,0.744769721444974,0.083688656069437,-0.707864076875016,-0.68654045489032,25
30,6.37689788627568,1.44761614283415,1.0182200213461,6.2585216496498,0.0226519839052737,0.0280385986561332,1.58778474805582,0.321040385924076,1.32413092276088,1.61659320438567,26
30,6.71033045549271,2.14363592473774,0.597778220701565,6.2585216496498,0.0171138815786333,0.0308306265469198,2.11839958818468,1.09113173049752,1.08022468286074,2.11411741016694,27
30,6.76034534087526,2.02606537335253,0.586585278806406,6.2585216496498,0.00912760526980388,0.0174898247036769,1.65626495309292,1.30309567512961,1.24836525187962,2.27953840909118,28
30,7.01041976778803,1.13207900317767,-0.707254058776564,6.2585216496498,0,0,1.30381027545053,1.1509717200935,0.440276470009051,0.437759241724112,29
30,7.39386722238762,0.996774611760165,-0.0266555107845173,6.2585216496498,0,0,0.878540701907056,0.739180378911049,0.715412085327823,1.89292466438183,30
30,7.52307234295921,0.393331751017407,0.941876207871757,7.42166451389113,0.0229338183331333,0.0278965121548811,0.508704372862812,-0.674001509460318,1.78067497900374,2.10712440701506,31
30,7.84816909794582,0.37065233640194,1.19825639143424,7.42166451389113,0.0175341685646566,0.0306187393483915,0.218653464486188,1.53366500180789,1.48400071008272,1.66392134858564,32
30,8.16076213158678,-1.06544057035888,0.685676147986848,7.42166451389113,0,0,-0.962541523821565,-1.07530901125576,1.29624572522018,2.65548737776616,33
30,8.35248585888657,-0.656887515844224,0.459653496172202,7.42166451389113,0,0,-0.732827781070943,-0.424817654686993,1.09095714002297,1.56406467047248,34
30,8.73176540637094,0.259675580969767,1.37527381925318,7.42166451389113,0,0,0.428651816452686,0.452980214920462,1.66864645470635,2.8836688085789,35
30,8.94016076213159,-0.30575592391423,2.67371831094512,8.87899998860398,0.0236022962579228,0.0275594997812644,-0.17306687704152,-0.353059617546322,3.48763176218139,2.83802348299531,36
30,9.21107472462042,-0.296725438240992,2.39203450019794,8.87899998860398,0.0191025881175294,0.0298280224425282,0.0751876058760145,-0.0118806585346466,2.6892597605195,1.26768587313128,37
30,9.35695147365287,0.17501641850558,2.53873975483051,8.87899998860398,0.0166796683496322,0.0310495346447597,0.107952090914805,0.182928841585244,3.43369354334932,1.78055517578005,38
30,9.62786543614171,-1.05864881087779,-0.270921958942028,8.87899998860398,0,0,-0.703475806732942,-0.83918491384497,0.415311586618101,2.10999492101799,39
30,9.93212265555225,-0.843928660107423,1.68419713928758,9.69886743028899,0.0207439171685809,0.0290005482973941,-0.412432451340331,-0.224484110492218,1.94425605818318,2.51311319605856,40
30,10.1280142899673,-0.0831274932564573,2.57642300873061,9.69886743028899,0.0174902820516711,0.0306408646832188,0.219294510658359,0.0434681550283315,3.17725121846631,2.74505030210827,41
30,10.436439416493,0.105945421850225,1.28866688675134,9.69886743028899,0,0,0.199011300743588,-0.141889449535706,2.65018395441792,2.03750317491608,42
30,10.5489729086038,0.190388129331821,-0.0717181288886591,9.69886743028899,0,0,0.142295670873227,1.67825267458626,1.10806069407966,1.00832094080102,43
30,10.9074129205121,-0.00988540238867987,-0.952817280794088,9.69886743028899,0,0,0.0808289651978537,-0.400579980770765,-0.623077931698588,-0.913801355442714,44
30,11.2450133968443,0.435679655484278,-0.840672762630212,11.1756161854656,0.0234654942780507,0.0276284683414109,0.554078480670857,1.38989311509,0.161510521786621,0.34052049717569,45
30,11.4492408454897,0.490537424517072,0.0562498467186434,11.1756161854656,0.0200734066029743,0.0293385854245053,0.793559541995474,0.497943208034886,0.462013714226815,1.33382597204792,46
30,11.6993152724025,0.624407623302339,0.59686061286432,11.6799272216659,0.0242961145427476,0.0272097120944148,0.715253445137988,0.662428574492946,0.855504144516814,1.79290691489859,47
30,11.8618636498958,0.539444219302981,2.07447548831933,11.6799272216659,0.0215962896585125,0.0285708256911731,0.605475530493458,0.0196583877778205,1.68092711336115,3.50462570207114,48
30,12.2244715689193,1.64614253813334,1.73186867493601,11.6799272216659,0,0,1.29867753768036,0.491978426433792,2.50941660066803,2.59151152627699,49
30,12.3245013396844,1.67111907051873,1.10057559524014,11.6799272216659,0,0,1.68943416253966,1.64944594050995,1.95351738904343,2.32321752425385,50
30,12.6746055373623,0.96567559142352,-0.376680803816871,12.606001013915,0.0234786603190395,0.0276218306970376,0.822773133766542,0.679980990252198,-0.0556873348462466,0.387773973257722,51
30,12.9163441500447,1.51589670302453,0.977516748952151,12.606001013915,0.0194635361322269,0.0296460509178574,1.0174394428138,1.5049837001541,1.36328279112749,1.91041604309211,52
30,13.21643346234,2.10657189874566,-0.721502514523897,12.606001013915,0,0,2.01975850122998,0.706046391074222,-0.00346362904806703,-0.807601624739109,53
30,13.3081274188747,1.50920873079581,-1.07049892677474,12.606001013915,0,0,1.38442301993277,-0.00322427557280047,-0.509619952537422,0.137716826544542,54
30,13.5206906817505,1.4891854928162,-1.16729350829134,12.606001013915,0,0,1.23995463567624,1.66780747541615,-0.72183043759908,-0.751388806035949,55
30,13.7749330157785,0.44502630377136,0.830664824824006,13.6234404386138,0.0221019426090165,0.0283159013402844,0.66632137932579,-0.533281707014768,2.12094237785771,2.61274916435922,56
31,0,-2.54044108964605,2.52203816230558,-Inf,0,0,-2.13641892376174,-1.10041659313318,3.71959105753907,4.21304346713137,0
31,0.17505209883894,-1.59125644439128,3.02531380248599,-Inf,0,0,-1.46080435734742,-1.7061351802268,3.96634764657833,4.12277415444268,1
31,0.420958618636499,-1.40434728353595,3.22910774898743,0.197453289711848,0.0209058567287218,0.0289189066551995,-1.35962470492506,-0.511992555180357,4.33201425708663,4.25894747664498,2
31,0.708544209586186,-1.37687910146729,2.83634097776308,0.197453289711848,0,0,-1.43646036736065,-0.816842183307475,3.845455228516,3.39793191900021,3
31,0.771062816314379,-2.04193347419522,2.68198449474712,0.197453289711848,0,0,-1.9692036969182,-1.1930956171956,3.20088167017886,5.14685769737293,4
31,1.18785352783567,-1.66654188612436,3.12457847888902,1.07393329103764,0.0227259952205811,0.0280012859370132,-1.35435277692251,-1.34766596870952,4.07664805431478,4.68555488713221,5
31,1.31289074129205,-1.03289005389105,4.12514448603855,1.07393329103764,0.0206492068480903,0.0290482963960563,-0.765931987312944,-0.96168057529598,5.2273534729309,5.23129049290012,6
31,1.6213158678178,-1.27484388450095,4.13043552874152,1.07393329103764,0,0,-0.828168881231731,-1.44573867499389,4.36665634525939,4.69845166917191,7
31,1.95474843703483,-0.646918289414772,1.60389583855453,1.90679501050259,0.0238216618684784,0.0274489068621036,-0.17915581040148,-0.290150391345822,2.35137502725348,1.93280353133736,8
31,2.01309913664781,-0.202345653812348,1.54803282796411,1.90679501050259,0.0228524939613171,0.0279375117429929,0.457053822842091,-1.52784397711723,2.26033531149626,3.61269945738543,9
31,2.25066984221495,0.425545084897007,0.821272207216482,1.90679501050259,0.0189065960535864,0.0299268316151778,0.707375210154327,-0.273069442953239,2.38731086851273,1.56012246249021,10
31,2.61744566835368,2.14621348157785,-1.57386266234067,1.90679501050259,0,0,1.91934443409613,0.339511070529949,-1.32794206875801,-0.358660334626901,11
31,2.99672521583805,1.43677981088823,-0.854437385946685,2.89199484579193,0.0228786330464529,0.0279243337534152,1.23190750810458,1.62044909512783,-0.4528958371981,1.85790744815803,12
31,3.22596010717475,1.86931079641827,-0.275569061717935,2.89199484579193,0.0190711876968888,0.0298438529283308,1.70189846580758,1.65610984052261,0.167875095466539,1.12032549244279,13
31,3.38850848466806,1.74193403328829,0.251603106711282,2.89199484579193,0.0163713628126519,0.0312049665250894,1.90138371803507,1.24181632557899,0.582895339312083,2.62908603831074,14
31,3.68859779696338,1.04733574570489,-1.06122411855592,2.89199484579193,0,0,1.21771203870592,-0.727145086668716,-1.35490674843319,1.21019812360751,15
31,3.78862756772849,0.692845149854648,-1.68723626330927,2.89199484579193,0,0,0.774145930740876,-0.604512389911144,-1.13535927802411,-0.0803559924226629,16
31,4.10538850848467,1.59764495488419,-1.55065082584647,2.89199484579193,0,0,1.45643141148163,0.445571441969106,-0.449465693578296,1.06062612289866,17
31,4.41798154212563,1.37536485450966,0.953094768314927,4.19889717762573,0.0209792861283278,0.0288818873082087,1.3350662456575,-0.179370733890184,2.09423192813237,2.88084775150342,18
31,4.50967549866032,1.48533828601595,0.96921305394935,4.19889717762573,0.0194563079884981,0.0296496949781693,1.45094016064384,0.56489915270857,1.96165972798229,1.84568123003042,19
31,4.90562667460554,0.656672304094123,-0.0148889021304106,4.19889717762573,0,0,0.833512843481737,-0.127471943491822,1.21496831004451,1.53184437411699,20
31,5.06400714498363,-0.0494511860270529,1.1766697924877,4.19889717762573,0,0,0.226784586583996,-0.930620976871298,2.30017698262838,2.84433785432008,21
31,5.35159273593331,1.20001035603485,-1.00347896669154,4.19889717762573,0,0,1.08613634615237,0.217660413666114,-0.292773815682546,1.39116614314107,22
31,5.55582018457874,1.54701146513051,-1.79571116979451,5.5148244414389,0.0239372245523338,0.0273906460685285,1.33733763635312,0.156287294843011,-1.22017642042562,0.376293194516254,23
31,5.96844298898482,2.89577082618541,0.0160896154501567,5.5148244414389,0.0170838229231168,0.0308457805833768,2.73953206279957,1.14705174835882,0.903914709722664,1.32569358829842,24
31,6.10598392378684,2.38374344483011,-0.578476294525972,5.5148244414389,0,0,2.00146143721704,0.720457877861257,-0.193132405241475,1.90954733108742,25
31,6.36856207204525,1.22117020672773,-0.476585757609984,5.5148244414389,0,0,1.32374956868745,0.494076549589024,0.377987846394964,0.925042335228652,26
31,6.50610300684728,1.18790949026696,-1.40142571776809,6.47398499808131,0.0240846780584708,0.0273163075537364,1.06095113955541,0.00754463011855129,-0.912774809000827,1.17317119095584,27
31,6.9353974397142,1.40298150128611,-0.0107776458109791,6.47398499808131,0.0169543713129216,0.0309110434631241,1.21442296468672,-0.0190197262937722,1.14606704651503,1.33380781344118,28
31,7.02292348913367,1.64455294311924,-0.0349724572765181,6.47398499808131,0,0,1.51032525819374,1.49170140135711,1.02204657852444,2.02625298615792,29
31,7.27299791604644,1.65784371905731,-0.11123620541292,6.47398499808131,0,0,1.6818868344141,0.293028014939476,0.907060200797425,1.42779763959692,30
31,7.6481095564156,0.698957641230884,0.238768250410775,7.28234234159956,0.0185429775321945,0.0301101494727134,0.588161518894004,0.530741356678342,0.463068506970719,2.83364049751815,31
31,7.99404584697827,-0.0405943863335349,0.578857672397322,7.28234234159956,0,0,0.100749030304778,-0.110409143862911,1.1315841465027,3.15621523353492,32
31,8.24828818100625,-0.742619227472546,0.787619850813727,7.28234234159956,0,0,-0.66242119855203,-0.112314286417428,1.4636227729478,2.29382121651457,33
31,8.44001190830604,-0.238081173902794,1.02263395176627,8.31059640884363,0.0224686287898906,0.028131036925747,-0.320241427567356,-0.493590577092187,2.14771216265058,2.04200797167835,34
31,8.62339982137541,0.019275175674845,1.67206036695456,8.31059640884363,0.0194226725102395,0.0296666522656793,0.319846757349455,-0.486553242426368,2.76145708015227,3.23271869926542,35
31,8.99017564751414,0.668542289268674,1.67911913804521,8.31059640884363,0,0,0.797202932084284,-0.91827215445505,2.06631816337039,3.70842754091512,36
31,9.04852634712712,0.149713338064152,1.44407494644579,8.31059640884363,0,0,-0.0369097615045589,-2.01168469772856,1.95826565346299,4.00057478349962,37
31,9.34861565942245,-0.595525827294146,-0.359256028704757,8.31059640884363,0,0,-0.186399379663205,-0.517570391613036,0.559049553653705,1.31434595511055,38
31,9.53200357249181,-0.197850381604555,-0.365473173756732,8.31059640884363,0,0,-0.184415587674391,-0.745910795794753,0.301540027435765,1.24471334677959,39
31,9.96963381958916,-1.40151168486847,1.86438784447998,9.93280413707969,0.0240064201624872,0.0273557611816082,-1.16735081612801,-1.76816867082125,2.68939061483117,2.51061126806772,40
31,10.2447156891932,0.113985658065848,2.00839200800505,9.93280413707969,0.019437485742999,0.0296591841914951,0.511094898453596,-0.493976609479386,2.91517774324527,4.32374386577477,41
31,10.436439416493,0.838937915749975,0.784077046637503,10.3758959380964,0.0256756928876363,0.0315107698291162,0.953833504282107,-1.4416512564766,1.47779812978726,2.93440111765619,42
31,10.6781780291754,0.420539496055107,0.640284743234116,10.3758959380964,0.0195974249495615,0.0295785510252731,0.372409352633657,-0.178154794020822,1.25351505436936,2.38938900767481,43
31,10.7657040785948,0.898972086579558,1.77809120034137,10.3758959380964,0.0181436730888192,0.0303114583466048,1.0919532481984,-0.855435768336529,2.29706106093197,3.6083679637218,44
31,11.220005954153,0.0893443460939007,0.590514348100659,10.3758959380964,0,0,0.279166929848948,-1.51462648929008,1.24489952278189,3.80521238454875,45
31,11.4909199166419,-0.826258735358416,-0.0828800008980107,10.3758959380964,0,0,-0.807459164177959,-1.28536657897427,0.143020219754606,1.5060508252578,46
31,11.6493003870199,-0.778511003403903,0.481685822620141,11.5623065797648,0.0231732260428372,0.0277758150345717,-0.614050105137818,-0.449404488347567,0.86325834006051,1.55874903677802,47
31,11.7618338791307,-0.0840605997553312,0.850556020246446,11.5623065797648,0.0213041165076062,0.0287181244477236,-0.0910954855811049,-1.02933630977833,1.76551522769723,1.74951004200363,48
31,12.0785948198869,0.67681678397428,0.495941705595377,11.5623065797648,0,0,0.655229821526091,-0.176722756511899,1.40365257238587,2.80570344361928,49
31,12.4787139029473,0.0589692987821926,-0.272984540765103,11.5623065797648,0,0,0.533070006952915,-0.165851016577072,0.848322238877588,1.39579800531503,50
31,12.6329264662102,-1.59913822300996,0.165022968737274,11.5623065797648,0,0,-1.22134821792303,-1.97599589118228,0.69475984875984,3.46387087562084,51
31,12.9330157785055,0.441381508957831,1.24380069366305,12.9258466687071,0.0244990633590491,0.0271073956831076,0.650231388767854,-0.226954934935378,1.62736998745581,3.64069599676238,52
31,13.0288776421554,1.02635347189288,1.11523311812881,12.9258466687071,0.0229068589401403,0.0279101037017084,1.44185734780618,0.670878750877419,1.97865113286646,2.73169466368783,53
31,13.4415004465615,1.66962573465009,0.618291590126306,12.9258466687071,0,0,1.59680506203458,1.34678989179472,1.68838119460725,2.69843066506764,54
31,13.7207502232807,0.784992734695988,-0.745463723357211,12.9258466687071,0,0,0.841980822617517,0.499872804482146,-0.397680691086963,2.1830322905814,55
31,13.9541530217327,0.86705902779977,-1.29539893205784,12.9258466687071,0,0,0.645037807100266,-0.684562767298723,-1.02998256755925,0.690039987519764,56
32,0,-0.91682768463831,0.142324507964169,-Inf,0,0,-0.867998103476034,-0.716068176952243,1.02599147265476,0.662920520425775,0
32,0.0250074426912772,-0.969346859802548,0.572958633403876,-Inf,0,0,-1.26596961998895,-1.77406225020944,1.39963638833424,0.35241153835086,1
32,0.35010419767788,-0.0203505947231652,1.10135258222974,-Inf,0,0,-0.693136709818483,-0.102883761721969,2.15591198489284,1.21346045334116,2
32,0.650193509973206,0.467606999218815,1.32779431562337,0.448465170012787,0.0212675586270492,0.0287365550609682,-0.112981321215581,-0.685952075163868,2.25474490961857,1.7243183735749,3
32,0.758559094968741,0.157719724437719,0.980100814905067,0.73817657874718,0.0437472724761634,0.0568620034669203,-0.248367231910854,-0.854341108422913,2.67497524403595,1.86827646790677,4
32,1.14617445668354,1.52471285259296,2.13839268261906,0.73817657874718,0.0178415531505536,0.0304637717644849,0.940766875666267,0.822952226430845,3.61305294791174,2.81935322739279,5
32,1.27954748437035,-0.906708476264138,1.97095967764919,0.73817657874718,0,0,-1.45904020016792,-0.277228480110862,3.7514763076001,1.69430092790535,6
32,1.69217028877642,-0.560634476360601,0.681623073323105,0.73817657874718,0,0,-0.963531391935848,0.135179269254723,2.0900212029136,1.31657597460883,7
32,1.81720750223281,-0.0867514587257869,-0.13614492273452,0.73817657874718,0,0,-0.644126926297274,-0.752566189660367,1.03022155500485,0.534640399849514,8
32,2.20065495683239,0.111132691642391,2.06219307706633,1.85139058297142,0.018817079195702,0.0299719614356777,-0.260112142717108,-0.762361633003964,2.77411341188651,1.82384419741879,9
32,2.27150937779101,0.654552811006777,1.87364088110702,1.85139058297142,0.0176402324512897,0.0305652673624668,-0.111477937325254,1.29615398120407,3.67367311340476,1.17157666002913,10
32,2.66746055373623,0.134735050317319,-1.40073120920549,1.85139058297142,0,0,-0.66786420068584,-0.0314122551408905,0.134113241662574,1.48428928772152,11
32,2.86752009526645,1.55321299180668,-1.48370529344981,1.85139058297142,0,0,0.729275502524975,0.648448175301628,-0.630849053758656,-1.3779464451457,12
32,3.02173265852932,2.31714158778819,-1.58168236165761,2.9118354916286,0.0227928158458451,0.027967598395972,1.58411059742732,0.441005527374407,0.136098428199026,-0.0393949691809415,13
32,3.3384935992855,1.24483248484814,-1.14806982453495,2.9118354916286,0.0175316186355378,0.0306200248922199,0.458033347235424,0.0415755972361969,0.0757521220284339,-1.10904050864087,14
32,3.50937779100923,2.88185593151884,-1.12114974086511,2.9118354916286,0,0,2.01130113822678,0.398988519504644,-0.0596256507368029,-0.0719836182168576,15
32,3.99285501637392,1.11953887328358,-0.764000515536073,2.9118354916286,0,0,0.606349783732892,0.466002610884286,0.321469251719254,0.108498297548395,16
32,4.13456385829116,0.959267051499108,-0.295533028631827,4.04472246339294,0.0231259294281515,0.0277996595682396,0.0582982914913288,-1.13369654724091,1.25491134363356,-0.0519381045572667,17
32,4.43465317058648,0.282992480156553,0.728362582468706,4.04472246339294,0.0181416373341765,0.0303124846699477,-0.549265712130846,-0.851434051959006,1.72261168855781,1.16262548596445,18
32,4.54301875558202,0.995345728421666,1.035188567264,4.04472246339294,0.0163417540780154,0.0312198937344468,0.567763318341397,-0.372909162948141,2.38768825202605,2.19392768260467,19
32,4.90145876749032,-0.37611091985572,0.718521328225933,4.04472246339294,0,0,-0.518620660602549,-0.908175146802691,2.65450346101698,1.53135013378566,20
32,5.14319738017267,-0.0467270169909673,1.10715887733345,5.06498336148484,0.0233190527315967,0.0277022966778887,-0.146560503367113,-1.02930456782012,2.20501406838189,2.0848519787696,21
32,5.41411134266151,1.04454496900624,1.72589564373151,5.06498336148484,0.0188193445912024,0.0299708193391527,0.470553535338124,-1.61892370372971,2.47788483846261,2.58697744233201,22
32,5.6058350699613,1.28002041820481,1.43545886286963,5.06498336148484,0,0,0.73535852962229,-0.102411825632795,2.62980882982231,2.19103119304333,23
32,5.90592438225662,0.398973926217935,0.111990027811881,5.06498336148484,0,0,-0.0575595417724968,-0.668099228426269,1.81230315070646,2.21552857108723,24
32,6.00178624590652,0.772552821950604,-0.0899758518684402,5.06498336148484,0,0,0.0483763928857967,0.196720722969981,1.07046120019674,0.455716610657556,25
32,6.45192021434951,-0.0652318053025215,0.597023279932786,5.06498336148484,0,0,-0.851910611191538,-0.203019523497023,1.96889510357863,1.20570472375374,26
32,6.50193509973206,-0.352493166556169,0.673924409903096,6.47925074686153,0.0242413650665335,0.027237313979606,-0.921420166764129,-1.44615929333935,2.12411882975644,2.11722937846191,27
32,6.86037511164037,1.62066182984268,1.00149988672377,6.47925074686153,0.0182879050654024,0.0302387439622074,0.629343521106829,0.4808077857135,2.3224628990602,2.47508226647609,28
32,7.10211372432272,1.8202380689593,-0.814576891246551,6.47925074686153,0,0,0.79912040786717,1.12712717999665,0.404343826016224,0.524596740937025,29
32,7.2604941947008,0.462067918059252,-0.724045954444333,6.47925074686153,0,0,0.210649000748099,-0.972596343812059,0.740297702014802,1.17472262461432,30
32,7.63560583506996,0.592177622959928,1.37103069671995,7.49843072310233,0.02233974657491,0.0281960127455634,-0.278093498383443,0.833917905691552,2.64992527774689,2.20161853796581,31
32,7.81899374813933,0.884262057843308,0.933271767217365,7.49843072310233,0.0192937902952589,0.0297316280854961,0.014552008935249,-1.20513841731712,2.31706379861221,1.3782732064422,32
32,8.01905328966954,-0.0452600109947643,1.11232537172906,7.49843072310233,0,0,-0.375696036103195,-0.239430709001561,1.76811087090992,0.73775369122162,33
32,8.41083655849955,-0.487905096109358,-0.029175385672453,7.49843072310233,0,0,-0.593517885629738,0.46520205744697,1.07370840381656,0.307110868384097,34
32,8.61089610002977,0.695516498075241,0.33902593223778,7.49843072310233,0,0,0.111411703172395,-0.341595097933891,1.93589115271392,0.167723821400891,35
32,8.86513843405776,1.99842433681729,-0.226331469156293,8.74854745802899,0.0226816359452293,0.0280236496144333,1.24638331675761,0.0529457208610264,0.365187149295232,-0.555658889547817,36
32,9.10270913962489,1.466141666485,0.660851965410291,8.74854745802899,0.0187357380374986,0.0300129694866184,0.816785670600252,-0.165179131539702,1.7960193049584,1.2158283090904,37
32,9.30693658827032,0.163222208299632,2.27928049845765,8.74854745802899,0,0,-0.305038298764283,-0.237982018236767,3.58406545784263,2.36177180571898,38
32,9.55701101518309,-0.564947257295043,0.858434381727637,8.74854745802899,0,0,-0.878758595320041,-1.05542376928203,2.11327607625086,1.24580598512572,39
32,9.9154510270914,0.684318971271113,1.99480505142743,9.81202227820893,0.0229002521438619,0.0279134345104211,0.0324049189852747,0.107694963172258,3.52486425496969,3.12222486535444,40
32,10.0946710330456,0.600913354219541,2.33537001784079,9.81202227820893,0.0199235221433029,0.0294141495017311,0.023176534510166,-0.630906740136538,3.45670108014285,1.63142208767975,41
32,10.37808871688,1.62704856848404,0.708405344994685,9.81202227820893,0,0,0.91279712683006,-0.087579009257308,1.95577070550781,1.33876165645468,42
32,10.7448645430188,0.475128906430887,-1.39385034936873,9.81202227820893,0,0,0.105282586989236,0.713455213488663,-0.329817116337939,-0.595778860421525,43
32,10.8115510568622,0.222586374229328,-1.7265660370734,9.81202227820893,0,0,-0.65193956540739,0.0309162850140782,-0.35214026916128,-1.47003565518245,44
32,11.2158380470378,1.6611569504991,0.56353601186512,10.9752160021623,0.0206215589930419,0.0290622350302532,1.32044000468901,0.949527798543171,1.70447264419405,0.390679589608851,45
32,11.4450729383745,2.32288486346513,0.175253168069709,10.9752160021623,0.0168141136434769,0.0309817542051689,1.57938042554737,-0.395443366568344,1.16637695356626,0.294744785324603,46
32,11.5826138731765,1.01300568825889,-0.0406722816927836,10.9752160021623,0,0,0.435053120342088,-0.228413240623285,0.804630390207236,1.00050825448663,47
32,11.9535576064305,1.01690063413847,-1.01257092462089,10.9752160021623,0,0,0.550141707850809,1.00069971061916,0.6690452813348,-0.200726045828008,48
32,12.1244417981542,0.770237279646502,0.172134647906635,12.0025889015094,0.0225942387996184,0.0280677107844549,-0.143011316191975,-0.247288057518316,1.79760741625056,1.8515921058531,49
32,12.4370348317952,0.653206811739324,1.62053169191006,12.0025889015094,0.0174022678683847,0.0306852369320551,0.099451861641429,-0.874195287221504,2.45068697286873,1.62923385776823,50
32,12.6829413515927,-0.141925979241099,1.03172619955836,12.0025889015094,0,0,-0.746100371200035,0.341049679098256,1.76931640413354,0.596014856309882,51
32,12.9997022923489,-1.1187269937921,0.0475059459175685,12.0025889015094,0,0,-1.37514426592319,0.190646762209898,1.28762460827597,0.59981131919962,52
32,13.1414111342662,-1.40779046782976,0.534786999793176,13.0950572331221,0.0238482289650774,0.0274355130910515,-1.56858903716124,-1.90293051303103,1.74592441876927,1.78764932017671,53
32,13.3748139327181,-1.03778215173517,1.57681720033605,13.0950572331221,0.0199715573364212,0.0293899326145903,-1.43096024611136,-0.979666647932509,2.88746847501875,1.62150073460234,54
32,13.7165823161655,-1.24156795247061,2.56410590186524,13.0950572331221,0,0,-1.37489190400203,-0.90275127156522,3.57973180092078,2.34828470163518,55
32,13.9041381363501,-0.25276478160352,2.07300655192864,13.8049603165011,0.0229708573640601,0.027877838970216,-0.659979999508763,-0.454909048577195,3.58647504016844,2.23327969893078,56
33,0,0.351744382067287,-0.243635953258166,-Inf,0,0,0.688620552999423,0.610765943759699,0.229799237228766,0.353058846620645,0
33,0.104197677880322,0.20855517279737,-0.338944771210953,0.0862677258322947,0.0243203326320615,0.0271975025726701,0.112574691284576,-0.0795361169824472,-0.0793319244649686,1.29722689721901,1
33,0.329264662101816,1.50889259578133,0.0671780556091671,0.0862677258322947,0.0205821135615802,0.0290821213989508,1.50584704542131,0.875372105012017,0.817121899920186,0.538381037203842,2
33,0.575171181899375,2.18079083151119,-0.693831880771337,0.0862677258322947,0.0164977630956838,0.0311412419684063,2.01283883911242,1.49820264896744,-0.222974140076331,0.846994784507619,3
33,0.816909794581721,0.934347373754681,-0.213414431328235,0.0862677258322947,0,0,1.05058291558343,0.691037987421833,-0.0847828815324809,0.969935402184243,4
33,1.04197677880322,0.734878679706629,0.167425973557368,1.00174971346099,0.0239499918003236,0.0273842094752004,0.766509494145096,-0.443785038267527,0.41771969600969,1.44859222007689,5
33,1.31705864840726,1.39672961309282,-0.122162066622049,1.00174971346099,0.0193810573808476,0.0296876324851005,1.43384941014708,0.317228245451635,0.136482198496091,2.11972807997001,6
33,1.5879726108961,0.955412631546962,-0.715369122070602,1.00174971346099,0,0,0.891842555830514,0.408654986614905,-0.714412676022806,0.0162190838789945,7
33,1.94224471568919,1.1910891954419,-1.58025262110624,1.00174971346099,0,0,1.02741225275431,0.471174153222712,-1.21051603565607,-0.394679223344677,8
33,2.0089312295326,1.63752510729897,-1.31829779121318,1.00174971346099,0,0,1.55251741027453,0.631034426706389,-0.967279976548994,0.541718041289189,9
33,2.33819589163441,1.66575249840736,-1.46165259605776,1.00174971346099,0,0,1.374755047629,-0.0420546497746949,-1.45360071797041,1.36057357439379,10
33,2.62994938969932,1.88628649934598,-1.30410139599996,2.34434407010782,0.0198744154882819,0.0294389065651269,1.8814673015043,0.283711396771034,-1.18581702085625,0.00475725457856718,11
33,2.78416195296219,1.99718659971601,-0.653921858834838,2.34434407010782,0.0173130431622101,0.0307302194646125,1.53543725867826,0.448405073122796,-0.81718376477489,1.31780203282356,12
33,3.00506103006847,1.96003908348105,-0.685990262667715,2.34434407010782,0,0,2.07190598900331,1.05191928780973,-1.10804381413533,0.129573552183453,13
33,3.28014289967252,1.81438248428999,-0.316756881675462,2.34434407010782,0,0,1.77141617767272,0.307977050298721,0.214293537202622,1.36553644122485,14
33,3.54688895504614,1.57847581138057,-1.19267358878154,2.34434407010782,0,0,1.27061332529969,0.716641329872592,-0.930429544066009,0.544290246956815,15
33,3.89699315272403,0.977247337466186,0.683529023717952,3.58969936498369,0.0195141838642439,0.0296205169222744,1.00551275757509,0.448486598655382,1.00892981157059,1.57536660390382,16
33,4.22625781482584,0.270435767807662,0.561550779308563,3.58969936498369,0,0,0.272539883379151,-1.35526615154773,0.813965236658993,1.30193464871836,17
33,4.4388210777017,0.346425170782549,1.30721812496991,4.26384397548838,0.0217118796253118,0.0285125511429399,0.359875505251415,-0.722014477718111,1.18136429123598,2.16077974169039,18
33,4.72640666865138,0.3895048141734,3.17107079383848,4.26384397548838,0.0169352663685853,0.0309206751987435,0.309361541262996,0.353892280509539,3.2361464300402,3.40677061998215,19
33,4.80559690384043,-0.347943252698472,1.99951735695754,4.26384397548838,0,0,-0.468778933344443,0.329548116350422,2.15118612597757,2.28573287258142,20
33,5.10568621613576,-1.59601906794255,1.3761108027636,4.26384397548838,0,0,-1.52100270736812,-0.814720625586973,1.53555707387798,1.44984689912803,21
33,5.30574575766597,-1.58894174358898,1.35307067713064,4.26384397548838,0,0,-1.14445483460715,-0.233079527947271,1.29559968242885,1.44656051599525,22
33,5.52247692765704,0.199455181714868,0.85577563603347,4.26384397548838,0,0,0.25829010353126,-0.591728089440361,1.30577723464129,1.91290445405546,23
33,5.86007740398928,1.63855041207627,0.888154236770216,5.62105070719531,0.020648056707227,0.029048876238238,1.50926871410834,0.680202289035127,0.861950682435049,2.16221998130485,24
33,6.21851741589759,0.857677166872415,-0.237328304028793,5.62105070719531,0,0,0.878947680928428,0.727568643662368,0.145546079899416,2.56324992105811,25
33,6.26436439416493,0.750305024089444,-0.17451579936208,5.62105070719531,0,0,0.654056050414153,1.33336261584775,-0.276761942239634,1.188670989691,26
33,6.61446859184281,0.657898940590424,0.239792444778657,5.62105070719531,0,0,0.32800475838511,0.0966634258883918,0.0950319503549159,0.972348210645309,27
33,6.95623697529027,3.08154219864971,0.0219786217954139,6.66332262907034,0.019753017217347,0.0295001093631888,2.91068579419662,2.0937178233886,0.545956665793152,1.54358419289042,28
33,7.01875558201846,3.46882092300054,0.153046783412442,6.66332262907034,0.0187146230311017,0.0300236145927114,3.61259634798664,0.712044928933575,0.293680900121134,1.54285314976915,29
33,7.31884489431378,3.77432304830604,-0.583454713031185,7.14727392146507,0.0217684532617839,0.0284840296094624,3.43888791376281,1.90703884178313,-1.147494266029,1.47535546869607,30
33,7.53140815718964,2.97911325746907,-0.431737598981871,7.14727392146507,0.0182379130285512,0.0302639473898383,2.94220069309764,0.701545274614099,-0.343220367014114,1.82181694829657,31
33,7.9398630544805,1.86529790038692,-1.75173165951391,7.14727392146507,0,0,1.64526880362146,0.928676528601167,-1.85119198625101,1.12678499746421,32
33,8.15659422447157,1.8796938744777,-1.76631050713153,7.14727392146507,0,0,1.87153973112672,1.06152791391522,-2.10180554546017,0.274142526907079,33
33,8.38999702292349,1.16149133539065,-1.12808200018126,7.14727392146507,0,0,1.10984951052384,0.495016301002487,-0.929705381737117,0.908049300772742,34
33,8.53587377195594,1.00330747544155,-0.496249613519508,7.14727392146507,0,0,0.976119760078374,-0.111327217225749,0.067059369322675,0.972538939031731,35
33,8.88181006251861,0.342958830177176,1.41778170032413,8.63844641340861,0.0205760226951681,0.0290851921022096,-0.00693375822228454,0.743757013439653,1.28106170355127,2.0189347926151,36
33,9.24441798154213,1.63602643244162,1.08773921800996,8.63844641340861,0,0,1.63335518193299,1.17800429825025,1.14065111694275,1.80775495378035,37
33,9.25692170288776,1.43579743400318,0.960021218678171,8.63844641340861,0,0,1.00873852174994,1.72119834148842,1.04225726360044,2.59147757722026,38
33,9.71955939267639,2.04669211726821,1.2508463916094,9.27192887333938,0.0171832802527805,0.0307956392855214,1.62593876401717,0.945768165106323,1.28355041872469,2.70462742634705,39
33,9.76123846382852,2.41357305014449,0.814715662675355,9.27192887333938,0.0164910174619512,0.0311446427718699,1.8408075444351,1.52295506936666,1.19995671392862,2.15582964195625,40
33,10.2447156891932,0.919380666751081,-0.737646664549134,9.27192887333938,0,0,0.741038973956379,-1.21415449035408,-0.5405419219386,1.42522352206506,41
33,10.3072342959214,1.51795720906599,-0.959878675889984,9.27192887333938,0,0,1.10028786295866,1.30980760292099,-0.832037005555464,0.423173464428796,42
33,10.7115212860971,1.13209086611023,-1.46919603830194,9.27192887333938,0,0,1.04580230876044,-0.444300337315945,-1.0070040812421,0.551118719317633,43
33,10.828222685323,0.729327555449945,-1.85448254315852,10.7859267963616,0.0239156299594051,0.027401532957601,0.800540233088038,-0.480412293034131,-2.32920193157659,-0.651926724906044,44
33,11.0366180410837,-0.339144887712163,-0.82815869513947,10.7859267963616,0.020454316005257,0.0291465503893417,-0.112108133628923,-1.21137619580862,-1.05867087852094,1.39730974942192,45
33,11.4534087526049,0.484556791623078,0.609855216733986,10.7859267963616,0,0,0.691764226614526,-0.131202470911429,0.245625170886377,1.65306355899974,46
33,11.7159869008634,1.6219097305884,-1.12322306405341,10.7859267963616,0,0,1.48973082448678,1.00159796243232,-0.888203752208609,-0.426431863466751,47
33,11.9410538850848,2.43287301346142,-1.70100235912303,11.7342173028307,0.0211827139803498,0.0287793293915879,1.86415216681288,0.296211818013609,-1.57470096557286,0.343147369014264,48
33,12.0869306341173,3.20939680240209,-1.69681930620409,11.7342173028307,0.0187597942124544,0.0300008415938192,3.05054144932487,1.56818796834779,-1.53118160913844,-0.31215069128634,49
33,12.3786841321822,3.00032811684167,-2.37152962374032,11.7342173028307,0,0,2.81871991591236,1.66468403203677,-2.7402882010724,-1.16738581627147,50
33,12.7412920512057,2.35548894884636,-1.55482169549324,11.7342173028307,0,0,2.26692943001322,1.69576927479692,-0.829063603059633,0.239561180444101,51
33,12.8496576362013,2.15153295667034,-1.60559112714041,11.7342173028307,0,0,2.17769824650725,1.67376714030522,-1.05485034933211,-0.0894103979089954,52
33,13.0622208990771,2.37653913934619,-1.98374796026765,11.7342173028307,0,0,2.50119051375381,0.192110367683951,-2.01646184490501,-0.885602411062784,53
33,13.3122953259899,3.92089208673528,-1.63096500321646,13.066428577762,0.0205344478151916,0.0291061520299425,3.63174318612537,1.5928580448634,-1.28491622493232,-0.320261816766323,54
33,13.7332539446264,2.10630508998639,-2.21198795185819,13.066428577762,0,0,2.4651312957595,-0.66702899341311,-1.80181555715258,-0.474496643715697,55
33,13.8958023221197,2.61443530545755,-1.13143424837005,13.7645136823645,0.0224375171242308,0.028146721836052,2.47334950042793,0.454436117174434,-1.44532553983311,0.838334490152138,56
34,0,0.856539498850253,-0.0424060590127507,-Inf,0,0,0.152517118676882,0.615748467440224,-0.241456629783777,-2.12692587085472,0
34,0.17505209883894,0.586835845010724,0.736217125915084,-Inf,0,0,0.188581710346777,0.830450392532403,0.874216326711274,-0.386688968425583,1
34,0.308425126525752,0.173447623377666,1.65387430692156,0.199434955394827,0.0228078804671413,0.0279600035845469,0.178897772257569,0.0928907128123925,1.30684232208629,-0.79296059063704,2
34,0.683536766894909,1.04270220540873,0.438887236223965,0.199434955394827,0.0165775153496716,0.0311010349616815,0.639515167223818,0.283185762122381,0.335314680649475,-1.57886731328775,3
34,0.925275379577255,0.36603593845923,1.21909750534801,0.88991710867088,0.0240308593708094,0.0273434401829533,0.0440622499652478,1.13708631213272,0.743596022624734,1.96741568721595,4
34,1.07532003572492,-0.0400019400057915,1.6340935580107,0.88991710867088,0.0215387133238215,0.0285998527338077,-0.337436144417911,0.210596358317726,1.17579689326875,1.28816506862685,5
34,1.28371539148556,1.06837912940792,2.39712305902543,0.88991710867088,0.0180773993696713,0.0303448701655482,0.969469582166104,0.25174776805492,2.62341304372468,-0.0960279836733805,6
34,1.70884191723727,0.485733074047741,0.719534186718232,0.88991710867088,0,0,0.259643682243166,0.253760634614898,0.243496973578009,-1.62597513888885,7
34,1.87555820184579,-0.341101879439161,0.705892525491393,0.88991710867088,0,0,-0.628846663855296,-0.993552539943451,0.293295955014257,-1.17089905234512,8
34,2.22566239952367,1.70090224907456,1.37400235732896,1.95838001598246,0.0201787477705441,0.0292854777965617,1.45787370949865,1.05968801588983,1.52053234156434,-0.930180179050439,9
34,2.47156891932123,0.833796030925391,0.576351561497391,1.95838001598246,0,0,0.717869617910974,0.58617485881693,0.067143158307361,-2.46088575328936,10
34,2.721643346234,-0.257003498108588,0.418308785537673,1.95838001598246,0,0,-0.376338647020745,0.295540921512228,0.497175356072128,-1.39221175571549,11
34,2.98422149449241,-1.37742563300631,0.354264538204568,1.95838001598246,0,0,-1.50591370015176,0.32267913816069,0.266957485421871,-0.745836070978803,12
34,3.04257219410539,-0.900390105998784,0.88496925881458,2.98826438162404,0.0237161195703991,0.0275021158897635,-0.935779908556544,0.466708816557212,1.02612988620098,-0.413236408804479,13
34,3.43018755582018,0.931517753313771,1.32661384210486,2.98826438162404,0.0172780756156832,0.0307478483128062,0.0844412157389437,1.87560219946988,1.24128006540158,-0.0885117209737644,14
34,3.54272104793093,0.647170418193141,0.188695024973881,2.98826438162404,0,0,0.334071497396094,1.13948836068423,0.109535947398094,-0.772555992818132,15
34,3.83030663888062,0.127960858533187,0.998367561407036,2.98826438162404,0,0,-0.00489000111455024,0.0441486293735912,1.23093561116165,-0.512466160880081,16
34,4.03870199464126,-0.069826765371864,0.356400741393442,2.98826438162404,0,0,-0.32341269389914,0.676487338848615,0.733825149368487,-0.942255877792011,17
34,4.41381363501042,0.344436346176602,-1.68066361548062,2.98826438162404,0,0,-0.153774456734405,0.969475556172963,-2.25491539679856,-3.44603466403698,18
34,4.5055075915451,0.911794438943644,-0.953932077719632,4.4801254833744,0.0241965570715085,0.0272599038785479,0.77686460440249,1.06809861861194,-1.00240368676082,-2.6871370733353,19
34,4.87228341768383,0.0450518176780151,1.17966800636579,4.4801254833744,0.0181046445122054,0.0303311345584128,-0.299242158694426,0.255182502814601,1.07902653470576,2.13410008720167,20
34,5.03483179517714,-0.324088569984035,2.4219956312987,4.4801254833744,0,0,-0.426413444755702,0.0214124430980232,2.47744388417,0.31031340747567,21
34,5.49746948496576,0.203792984446583,-0.239592682568932,4.4801254833744,0,0,-0.125128342269401,1.26138543783748,-0.725370147611007,-1.09271418032063,22
34,5.6058350699613,1.29037720405963,0.0965296490403716,5.50151484295762,0.0228854452608172,0.0279208993834121,1.06820423561834,-0.140916728686097,-0.119907295089349,-0.956067187369701,23
34,5.91842810360226,0.957347838618156,0.554748502241483,5.50151484295762,0.0176934743295928,0.0305384255310244,0.674224312410419,2.01956886173098,0.140865232639085,-0.650127287660473,24
34,6.19767788032152,0.0303114772536386,0.359361816780676,5.50151484295762,0,0,-0.196947853079989,0.0578961206684178,-0.355046353561969,-2.32938612475092,25
34,6.36856207204525,-0.575441331812615,0.282100913962546,5.50151484295762,0,0,-0.604885329308369,-0.338679121863803,0.406373486573964,-0.0329028063382741,26
34,6.63114022030366,0.106819039384151,-0.219025468319935,5.50151484295762,0,0,0.07985426603444,0.138204340454992,0.184397523023512,-1.12592701889673,27
34,6.99374813932718,1.29430613361674,0.452118347969832,6.78358526843457,0.0211274664474241,0.0288071823715035,0.739231731717098,1.01384417940739,0.856035532721297,-2.19111787378454,28
34,7.02292348913367,1.36320163391849,0.651588028125479,6.78358526843457,0.0206428824938424,0.0290514848119472,1.26360988165645,-0.0446570089450209,0.481306009929977,-1.02757044306028,29
34,7.34385233700506,-0.4360867733168,1.68214832070793,6.78358526843457,0,0,-0.681004595129276,-0.0630697501926266,1.46042580492789,-0.562146999983272,30
34,7.68978862756773,0.55023752925669,0.194459631351317,6.78358526843457,0,0,0.526475978596639,1.57516988914856,-0.0577243810220544,-0.737406296430818,31
34,7.82732956236975,0.402354820928028,-0.329976308259433,6.78358526843457,0,0,0.0120827680005973,0.381246970132365,-0.956048623791565,-1.78664544692832,32
34,8.18576957427806,2.88808932672956,0.450182202788278,7.94057499536922,0.0205456121188925,0.0291005235591107,2.3547059778852,2.42634857044277,0.461143723453291,-0.395976016757693,33
34,8.41500446561477,3.68636998550396,0.346737028781013,8.26492669704334,0.03886360844677,0.0593240970460913,3.27064172455383,2.78956922615099,0.320286010142023,-1.0972356559295,34
34,8.54837749330158,2.76767247056076,0.977183630133151,8.26492669704334,0.0199102007467864,0.0294208654683803,2.35747595268938,0.516033074732802,0.837471882161058,-0.416151486483608,35
34,8.96933611193808,1.90822568898747,-1.13812084492074,8.26492669704334,0,0,1.40020952617804,0.961194473539701,-1.24309793975429,-0.852184507233648,36
34,9.14438821077702,1.11305062743085,-2.46284288310868,8.26492669704334,0,0,0.423329668382267,2.0168777200551,-3.11749392935189,-3.81657347721574,37
34,9.44447752307234,0.315875158443631,-1.29673125552005,8.26492669704334,0,0,0.260477134564712,1.4460441781782,-1.06838427668433,-2.75666754572851,38
34,9.51949985114618,0.446240050118805,-0.799895214722147,8.26492669704334,0,0,0.13027144741235,0.887794561448757,-0.685800166484449,-2.86414565711399,39
34,9.89877939863054,2.2299936750998,-0.906575135785923,9.63570101760113,0.0202485735711411,0.0292502751998435,1.80914804369873,1.43631992972643,-0.879506928890005,-3.35587976302772,40
34,10.1530217326585,1.85285060911237,-0.286691444294594,9.63570101760113,0,0,1.45273388055483,0.322716810740862,0.28628752473195,-1.35037739098476,41
34,10.4114319738017,2.57653738594494,-1.90511495363529,9.63570101760113,0,0,2.11330531545394,1.42324575908581,-2.29007416565086,-2.10911099007266,42
34,10.5406370943733,1.29376172680019,-2.5030133552542,9.63570101760113,0,0,0.862698201674037,0.781338307730752,-2.75306946381153,-4.57873441563514,43
34,10.828222685323,0.799814749474995,-0.627466541377547,9.63570101760113,0,0,0.393025765785352,0.757728863515783,-0.209907549579765,-1.21609365617694,44
34,11.2241738612682,0.701627073884786,0.601272042643765,10.855374009447,0.0184926073656203,0.0301355435340174,0.624929727919325,1.5516444540391,0.431483182529278,-1.15928218127165,45
34,11.2533492110747,0.10602557923333,0.700336284698658,10.855374009447,0.0180080234120396,0.0303798459744607,0.0313841669114952,-0.0727820291576183,0.43149665036219,-0.691532360168067,46
34,11.5075915451027,-0.0805214270145958,0.0515488968274984,10.855374009447,0,0,-0.204915659413155,0.151506276681561,-0.576840506880511,-2.68352342721716,47
34,11.8410241143197,-0.93707104926938,1.73964749123634,11.7431602212403,0.0229926808497405,0.027866836685119,-1.00873372225985,0.187009449312517,1.95471326884806,-1.15146914594305,48
34,12.0535873771956,-0.31525058441445,3.07036996844306,11.7431602212403,0.0194621406165086,0.029646754465495,-0.137018606739189,-0.0776012465266115,3.03049613280694,0.493014461081888,49
34,12.2786543614171,-0.355589580684062,2.6712394158165,11.7431602212403,0,0,-0.72644979112807,0.80384357130799,2.15975481237334,1.06660371880625,50
34,12.6162548377493,-0.954555164004871,1.46353796757962,11.7431602212403,0,0,-1.03336024980153,0.534115883636833,1.7011748698648,-0.478660285425906,51
34,12.8621613575469,-1.62441237945534,1.54288198987669,11.7431602212403,0,0,-1.56103983519343,0.136233835286335,2.0264094323534,-0.977362013271209,52
34,13.0372134563858,-0.703317424372287,1.97142213104722,12.9035198202607,0.0223975716683344,0.0281668602915173,-0.464514417203971,0.472761249374351,1.42749756651511,0.0767832278846144,53
34,13.2831199761834,1.20531904561808,0.596463218626641,12.9035198202607,0.0183132212024362,0.0302259808609731,0.681785672227811,1.02296819166671,0.525800948400143,-0.430148461010383,54
34,13.6040488240548,0.644067312216043,0.0648185916769381,12.9035198202607,0,0,0.0324741889482975,1.25633526945873,-0.276855620292427,-2.13508957855218,55
34,13.920809764811,0.164606323423759,0.5594866779604,13.7816483868752,0.0223067559639238,0.028212644923976,-0.322762427598649,0.137971297680428,0.596958039587289,-1.66711616089938,56
35,0,0.11488224279513,0.58928538699219,-Inf,0,0,-0.49368186771562,0.126862431770907,1.29517969534243,-0.353322824323268,0
35,0.212563262875856,2.37199358085225,0.529071177182213,0.125384534674231,0.0231701546238554,0.0277773634869107,1.73687253621794,0.556154775372207,0.840830927669781,1.0742120653479,1
35,0.491813039595118,3.40143116391781,0.344640638055009,0.125384534674231,0.0185319939252946,0.0301156868454445,2.07388954587941,1.0799039839612,0.534174271628967,1.1437561527738,2
35,0.541827924977672,3.137127925294,0.162834486363152,0.125384534674231,0.0177012785762987,0.0305344910290621,2.11698293909081,0.745659129531805,0.706643758702806,-0.00781831218787832,3
35,0.950282822268532,1.18258388437437,-1.36597263552735,0.125384534674231,0,0,0.42841219403901,-0.954252011608563,-0.885522095607678,0.722186264439374,4
35,1.1336707353379,1.89160362143526,-2.15035005988059,0.125384534674231,0,0,1.58495873803992,0.0903016762917874,-1.99413265567975,-0.776099643498557,5
35,1.39624888359631,2.00687562157737,-3.64864782191671,0.125384534674231,0,0,1.19565614394261,0.783510318072747,-3.27216528612599,-2.25122965103573,6
35,1.57963679666567,3.1638839771751,-2.91602048562052,1.43517297967158,0.0222186858328231,0.0282570453788447,2.30596217913146,1.48744626011069,-1.94491123786603,-1.47721037925817,7
35,1.78803215242632,3.40079591820766,-1.80040740022297,1.43517297967158,0.0187573718786741,0.030002062810586,2.77412363672434,1.86426280414302,-1.23653315389307,-2.69352789557867,8
35,2.16731169991069,1.75515511609134,-1.75259576465893,1.43517297967158,0,0,1.0553819727787,1.03321494416626,-1.09096509568383,-0.787231024664868,9
35,2.35486752009527,3.12799915641448,-1.61410541658596,2.23446925368267,0.0226183992800748,0.0280555303061332,1.96734211870044,0.245664931120244,-0.882168612177543,-0.935100053845912,10
35,2.57993450431676,2.80231847006476,-0.345338534731006,2.23446925368267,0.0188801802095926,0.0299401491324141,1.7220088751515,0.456747781675927,0.11524888851702,0.4039088165874,11
35,2.77165823161655,1.47956641470783,0.25303245159988,2.23446925368267,0,0,0.495858340620105,0.26927324760759,0.29684699522223,0.190168619986329,12
35,3.13843405775528,2.24148878115054,-0.477990075398142,3.00034461055811,0.0223245600498665,0.0282036690146177,1.2208612074172,0.537425830915899,-0.264959055717907,-0.385213109374021,13
35,3.4010122060137,2.30388947121826,-1.31461474791692,3.00034461055811,0.0179633044676403,0.0304023909786152,1.5504469113955,0.0460115310532162,-1.03653877823876,-0.223960709602236,14
35,3.70110151830902,1.95909412039001,-1.54359366963279,3.00034461055811,0,0,1.07345250946354,0.945514511003382,-1.22490183439006,-0.416040644496326,15
35,3.76362012503721,1.92842647875076,-1.44576582568825,3.00034461055811,0,0,1.57196329855466,1.38252859733843,-0.632847279489668,0.21118669713669,16
35,4.10122060136946,1.23671728215166,-0.934786640806946,4.08683507087855,0.0243792032136554,0.027167823036963,0.886640664559617,0.57625934396862,-0.668695549921084,0.914716050121605,17
35,4.4721643346234,2.4925060536067,-0.0412983204174869,4.08683507087855,0.0182180643752686,0.030273954065463,1.97230147391035,1.066960658345,0.352015281694399,1.00752208656353,18
35,4.61804108365585,2.380480538814,0.417066587494642,4.08683507087855,0,0,1.65788069952365,0.181938146993725,1.2521182654535,0.916376465773697,19
35,4.81393271807085,1.85496217971176,-0.00421634264383415,4.08683507087855,0,0,0.479090046323416,-0.215557781298389,0.0862553387202523,0.863193209870574,20
35,5.16820482286395,0.979660135445004,-0.181319275792139,4.08683507087855,0,0,0.492650173567069,0.821014134325632,0.30323230027542,-0.39913390325633,21
35,5.38910389997023,2.09635425373749,0.110017383608634,5.25492620402052,0.0223895317433525,0.0281709136104006,1.52382355041107,0.595127631367616,0.617905523893881,1.13320032569854,22
35,5.72670437630247,1.02217784789283,0.939594134900869,5.25492620402052,0.0167822031376311,0.0309978418498222,0.153661114214231,-0.922942006231408,1.35537549643586,2.473409319834,23
35,5.85174158975886,0.834568913549268,0.16911731633733,5.25492620402052,0,0,0.282580670202087,-0.707926869500105,0.382670016656789,1.71802583033482,24
35,6.21018160166716,-1.1854947585987,-0.814618864264335,5.25492620402052,0,0,-1.4279199891798,-1.14722768352552,-0.837867122497953,1.06898367969162,25
35,6.38106579339089,-1.64126996540976,-0.798270918564334,5.25492620402052,0,0,-2.06696773579992,-1.43435352357733,-1.24661200734358,0.539741168730092,26
35,6.58112533492111,-1.85938111457484,0.669180815615346,5.25492620402052,0,0,-2.23078525420274,-1.12650829780915,1.4405029474374,0.669790726382408,27
35,6.94373325394463,-0.952177161737721,2.31177214547662,6.86487641873626,0.0233083759591503,0.0277076793603849,-1.43286026574516,-0.605688780906585,2.69448629648788,4.11107527642226,28
35,7.0979458172075,0.013855564538502,2.99917535560026,6.86487641873626,0.020747003633079,0.0289989922598736,-0.456206128954818,0.342320537838909,3.44084956382369,3.95876315167984,29
35,7.27299791604644,-0.633342582110884,2.3391997884204,6.86487641873626,0.0178394999115936,0.0304648069025368,-1.34276995230696,-0.611919523416568,2.5988649648917,4.19369971584524,30
35,7.60226257814826,-0.608140822732797,2.30520758714974,7.52774368814336,0.0233804264624372,0.0276713551823802,-1.46973683796361,-0.212942318468243,2.33991779440557,1.43927782852576,31
35,7.95236677582614,1.1264655553036,2.495256371795,7.52774368814336,0.0175654190194654,0.030602984467706,0.415219070280402,0.0517640305211869,3.44295388727495,2.1438616646578,32
35,8.08990771062816,0.888533436520687,1.71763185802959,7.52774368814336,0,0,0.186977799378914,-0.61557128415336,2.38022848475902,2.0899666477542,33
35,8.25245608812146,-0.327999702408652,1.31713609627467,7.52774368814336,0,0,-0.838579289374339,-0.614159955974943,1.47325601707986,1.65342482682498,34
35,8.63173563560584,-0.322761263386898,2.57520507219911,8.34697530233265,0.019888450172131,0.029431830995468,-0.872162838606013,-0.639413876925391,2.76470088594913,3.34930954993962,35
35,8.88181006251861,-1.14408295286221,1.62573228713715,8.34697530233265,0,0,-1.91718295058053,-0.619583963192722,1.98687018568467,3.1363865454964,36
35,9.05269425424233,-2.02133677819474,1.3711616891167,8.34697530233265,0,0,-2.75670190850083,-2.32133618788357,1.71763881678872,2.57185397831463,37
35,9.3319440309616,-2.14172848138795,2.71394466080666,8.34697530233265,0,0,-2.43334075771784,-1.27847308547027,3.00880153071922,3.97202901966544,38
35,9.58201845787437,-1.20444381537435,3.92833882623142,9.44375847990875,0.0223217276425575,0.0282050969694869,-1.51106923177475,-0.418982937724812,4.33004420073482,5.24316093789517,39
35,9.79041381363501,-0.412392776704399,3.57117106430859,9.44375847990875,0.0188604136884085,0.0299501144012282,-0.751830556430724,-0.302642244247926,3.70182178578079,4.05837045076529,40
35,10.1655254540042,-1.43310515684625,0.15089022341095,9.44375847990875,0,0,-1.59950322529624,-0.834893852501223,0.568332226194092,1.59119495354364,41
35,10.4822863947603,-1.0492712185653,2.53392460708471,10.367791893129,0.0227164570479354,0.0280060945957267,-1.60969239507812,-0.430593767554649,2.72447619264544,3.29985981507786,42
35,10.5698124441798,-0.400971003602832,2.58460098282277,10.367791893129,0.0212627051871922,0.0287390019170579,-0.766964831575006,-0.528289399116963,3.20772210698896,3.80993584121572,43
35,10.76987198571,0.452861509425108,3.22487038292804,10.367791893129,0.0179398437912098,0.0304142186515294,-0.237370464567999,0.159013178413329,3.71386432636119,3.15758326030919,44
35,11.0782971122358,-0.302415337434428,2.23165821602998,10.367791893129,0,0,-1.09013404989315,0.138567624205849,2.58537152759846,2.73400642449429,45
35,11.3992259601072,-1.77800946456815,1.86892391065999,10.367791893129,0,0,-2.55290274273213,-2.04045806449538,2.7933831643113,3.14985695765174,46
35,11.6826436439416,-1.87690582561987,1.90013717529705,11.5663781883464,0.0226870426320278,0.0280209238395294,-2.1287152164496,-1.27972814705329,2.28231604644875,2.41049365410215,47
35,11.8785352783567,-0.639235621270268,2.87129760240079,11.5663781883464,0.0194334075151356,0.0296612402253782,-0.853519905830889,-0.71918473213144,3.3918879402245,3.19400275309738,48
35,12.1869604048824,-0.431077697135959,0.706489362886142,11.5663781883464,0,0,-0.783999705200655,-0.32515093929325,1.06287196313779,1.03948414340835,49
35,12.4703780887169,-1.30902430683553,0.687199331646851,11.5663781883464,0,0,-1.87865384305303,0.0632201580966567,1.41637472163482,0.730941808367498,50
35,12.7121167013992,-1.68594358928966,1.26854822112397,11.5663781883464,0,0,-2.25310661606757,-1.23566238021097,1.75134151749271,1.74619531525209,51
35,12.7913069365883,-1.35082713867494,1.33782109434233,12.7620275981742,0.0241318265626367,0.0272925376898157,-2.06066585947768,-0.010785879608041,1.85074487130162,1.94825319115687,52
35,13.0955641559988,0.143037338156372,1.84268936578345,12.7620275981742,0.0190783081895788,0.0298402631401579,-0.43406533597468,-0.606135983132122,2.13631732778205,0.67636485057717,53
35,13.4581720750223,-0.212782039768465,0.243748788463221,12.7620275981742,0,0,-0.622842667569988,-1.01012310102647,0.927722915240884,1.69285521856695,54
35,13.5540339386722,-0.661349405274982,0.169323366209694,12.7620275981742,0,0,-1.04918899281162,-0.887839315745181,0.169160727228423,1.53625359301858,55
35,13.9458172075022,1.51139402137625,-0.00311223832794383,13.928895913274,0.0243370857951782,0.0271890564848456,0.860972250109612,0.805491234807796,0.58580319242783,0.341790073844088,56
36,0,1.32159721754353,-0.753419198908723,-Inf,0,0,0.278235807021366,0.911491447094615,-1.08359602816915,1.9728261492981,0
36,0.137540934802024,1.49183805318224,-0.752354277530144,0.13037249953486,0.0244990745625883,0.0271073900348642,0.594812882620898,2.15364432630148,-1.40722420241318,1.7059401265675,1
36,0.433462339982138,1.18823644308423,1.89622955825917,0.13037249953486,0.0195840087476952,0.0295853147879371,0.312197439160715,1.93442166978614,1.86923049806646,2.38360746801329,2
36,0.683536766894909,0.431398678147199,0.934128891936941,0.13037249953486,0,0,-0.285567384205687,1.56221276859464,-0.277892928518435,0.800312732720974,3
36,0.750223280738315,0.767938203655874,-0.0262922659259888,0.13037249953486,0,0,-0.192335982707378,2.29328495521524,-0.729736902026544,1.39275526379663,4
36,1.08782375707056,-0.179262729451216,-0.51767242983315,0.13037249953486,0,0,-0.788876981697503,1.50126583747501,-1.41510633917236,0.975062053627841,5
36,1.33789818398333,0.855411745697339,1.68233142235033,1.11293926911715,0.0208817135932625,0.0289310783890515,0.0309653811478586,2.264024893136,0.968340548704426,2.08627228110052,6
36,1.72134563858291,0.178556908406433,1.35442103312072,1.11293926911715,0,0,-0.583054808602853,1.61042928814923,1.12634015158579,1.4148276932016,7
36,1.92140518011313,-0.18164397499711,0.5150872991858,1.11293926911715,0,0,-0.926385728944435,2.42049877286401,0.39889830977367,1.49424037083293,8
36,2.23399821375409,-1.78998960527732,-0.724156108244103,1.11293926911715,0,0,-2.12391286465803,-0.951313434449628,-1.34910600078137,0.721884201081367,9
36,2.2673414706758,-1.4480520474194,-0.476919451318126,1.11293926911715,0,0,-1.95714234526329,0.296742491897363,-0.80456244495049,1.30885909875835,10
36,2.54242334027985,-1.28129619173296,-0.516490163162693,1.11293926911715,0,0,-1.93346882798295,0.38416048939959,-1.22086970977578,0.336476156923592,11
36,2.85501637392081,0.813590741859939,1.91941074888179,2.55154892715733,0.0195777369476034,0.0295884767087094,0.0533795819567025,1.94936855768608,1.35551922152177,2.88836898055368,12
36,3.12176242929443,0.548441050451022,1.16105393956443,2.95331575681384,0.0218203458983606,0.0284578679966704,-0.0743213878004382,0.640002208525707,1.33769721077135,1.72955752257241,13
36,3.4676987198571,0.485523229250541,1.71699497689521,2.95331575681384,0,0,-0.42642806039659,2.41342677418881,1.1348001538402,3.68750342667443,14
36,3.68026198273296,0.167698063243562,0.649444503038879,2.95331575681384,0,0,-0.463659304104838,1.65460462490592,0.289839015525743,2.62164669866301,15
36,3.83447454599583,0.655062173379883,1.18439302980541,2.95331575681384,0,0,-0.507704618591814,2.05387013281309,1.02172451446429,3.08896462678258,16
36,4.04703780887169,0.075402698538701,1.4394175273204,2.95331575681384,0,0,-1.03315775870891,0.768206389292209,0.592539313008496,2.44402188673514,17
36,4.4721643346234,0.916917880376884,1.32707871840269,4.11301618348091,0.0186529159584766,0.0300547241420959,0.320263470110244,1.60576571722043,1.07854482374448,3.09195470270052,18
36,4.68889550461447,0.675791053499878,1.1015093113453,4.11301618348091,0,0,0.0332009350238626,1.40965564807513,0.515516803973815,1.84971223763078,19
36,4.99315272402501,-0.584518130499864,0.142397106647222,4.11301618348091,0,0,-1.32960631532795,1.1519527436623,-0.300510853675464,0.0257148887858447,20
36,5.14736528728788,-0.433545082072662,1.04407332772515,5.01562081763091,0.0224299460802757,0.0281505387691251,-0.846833115409633,1.3544127858611,0.405336564412113,2.20624993790314,21
36,5.39743971420066,2.04380219977126,0.579182035029648,5.01562081763091,0.0182763693352957,0.0302445596872152,1.04880722788522,1.77974986964337,0.676925897743253,1.83293420343842,22
36,5.68919321226556,2.03550418068613,-0.104666840268343,5.01562081763091,0,0,1.19812912204609,2.49266317045254,-0.664262614552692,1.24371322797224,23
36,5.7683834474546,1.62634247081089,-1.12766632537527,5.01562081763091,0,0,0.549471450284426,1.16499718619242,-1.59549062810195,1.32767528449554,24
36,6.24352485858887,2.56667043939989,-3.42390165011182,5.01562081763091,0,0,1.59836420021604,2.37142891040567,-3.68091763766665,-1.02030871842567,25
36,6.34772253646919,2.16513947827964,-2.19756316081843,5.01562081763091,0,0,0.683482966855269,2.32401622615664,-2.59762288774667,0.0047307921854825,26
36,6.74367371241441,2.01552450934417,-1.80769917347754,5.01562081763091,0,0,1.09008294288496,1.2406581485646,-2.47388484829327,0.765484442419521,27
36,6.8687109258708,1.08113781868548,-1.20341398579208,5.01562081763091,0,0,0.125103624694939,1.57580287409329,-1.90293498342552,1.52185426623524,28
36,7.24799047335517,1.72235575182284,0.734043342953217,6.88826897168854,0.0186433929719271,0.0300595251447645,0.945994689093584,1.40846017032631,0.405686244327815,1.68912209296689,29
36,7.33134861565942,1.36797760354694,0.733839884944566,6.88826897168854,0.0172588673902677,0.030757532117461,0.432430903279985,2.01691100688351,0.133711533826847,2.6040990427525,30
36,7.52724025007443,0.71210589848669,-0.535927614476049,6.88826897168854,0,0,0.0964078437150597,2.25621461548948,-0.259788585097356,-0.171925757894561,31
36,7.83566537660018,0.23691863470577,0.454798816815982,7.55573256875997,0.0199686322908015,0.0293914072729683,-0.773626694432212,2.30192717446349,-0.45716307569816,2.33565097927203,32
36,8.18993748139327,1.03850088296279,-0.796699784836403,7.55573256875997,0,0,0.205394013247795,2.16929919017091,-1.49176178808333,2.14900560180171,33
36,8.37749330157785,1.42062146983644,-0.430762270559386,7.55573256875997,0,0,0.217920238578509,1.60552651511572,-1.35429996415071,0.668848042756603,34
36,8.64007144983626,2.87358536398955,-0.736503493976336,8.48384001796098,0.0220232332544992,0.0283555825704455,2.196706353333,2.77258581865534,-1.19138119734232,-0.31439109757249,35
36,8.9443286692468,2.81438672373785,0.0673800741706377,8.48384001796098,0.0169697148814404,0.0309033080207887,1.66417858209497,2.04024129303904,-1.42839858440285,0.722326879079839,36
36,9.0735337898184,2.54048961814806,-0.427894101509512,8.48384001796098,0,0,1.33414899584821,2.94268611486674,-1.41802273614073,2.2801698928177,37
36,9.48615659422447,1.90124845523525,0.190309251398283,9.31296964328055,0.0217416128962151,0.0284975611487511,0.850277420645735,1.78418325960667,0.0352632784408615,1.65303744433681,38
36,9.51949985114618,1.64039948898324,0.0233940158654068,9.31296964328055,0.0211878026635608,0.0287767639378421,0.854253763634794,2.32804362697876,-0.290861159343636,1.32558744509103,39
36,9.77791009228937,1.54712264368409,1.1041295256464,9.31296964328055,0.0168957733604141,0.030940585553202,0.77333006302207,2.24989720355024,0.621367540995233,2.1540800281815,40
36,10.0363203334326,0.652615485633009,0.0719439508996588,9.31296964328055,0,0,-0.35466555884634,1.70006279361133,-0.420909305494831,2.26540530949192,41
36,10.4906222089908,1.09976375291054,-1.03329418856583,9.31296964328055,0,0,0.585603365203502,1.29905300060587,-1.31364401998534,0.342373241821945,42
36,10.6656743078297,0.828926325509091,-0.597696912209962,9.31296964328055,0,0,-0.191921830554082,1.17912323106938,-1.02137351604317,0.701457341491441,43
36,10.8157189639774,1.36162372274454,-0.72122777287251,9.31296964328055,0,0,0.224107245648476,1.25016037974043,-1.29854325226769,0.540333538981939,44
36,11.1116403691575,2.76943041261361,-1.7095887332892,10.8184387076234,0.0197482450932202,0.0295025152240637,1.38177347962382,2.8116054190856,-2.16358621846911,-0.986752304655002,45
36,11.3033640964573,2.85903009696111,-0.692298105642251,10.8184387076234,0.0165638362554016,0.0311079312612663,1.73207278253505,3.2040561088309,-1.47184443241786,0.609918797106668,46
36,11.5034236379875,2.19901647702719,-1.71703193886061,10.8184387076234,0,0,1.21278001779649,2.79384158407494,-2.47962846727964,-0.541822590996438,47
36,11.9410538850848,1.42782795939396,-2.7143793775479,10.8184387076234,0,0,0.766802315782129,1.53532342696685,-3.75476687299408,-0.413207127273855,48
36,12.2286394760345,0.993793633798559,-0.935332728511958,12.1035901266652,0.0225411477584061,0.0280944765715392,0.152023026533407,1.80405412024514,-1.04744546633022,0.327546634890783,49
36,12.2536469187258,1.22613662510206,-1.2230201801014,12.1035901266652,0.0221257900839073,0.0283038786633483,0.436693897241243,2.30325065792114,-2.02641637116019,-0.269743590810918,50
36,12.5037213456386,2.1313706089452,-0.118385694479117,12.1035901266652,0.017972213338929,0.0303978995814374,1.15799889026928,2.25033943075976,-1.240311227126,0.743687833202908,51
36,12.9246799642751,1.49081319159814,-0.563209288975431,12.1035901266652,0,0,0.315711061295107,0.870004532542307,-1.21227443995873,0.836650486990768,52
36,13.2497767192617,2.24993154468812,-0.601325724243859,13.1164378646546,0.0224034643630755,0.0281638894962539,0.967352946151175,1.44524232714601,-1.23834961987056,0.862544312267188,53
36,13.3998213754093,2.76511190253585,0.574272885086879,13.1164378646546,0.0199113183160972,0.0294203020471198,1.96358265715874,2.33718225767302,-0.203267991722169,3.14521570579704,54
36,13.60821673117,2.06315478580732,0.711511932380411,13.1164378646546,0.016450004361939,0.0311653194788486,0.706436194781068,2.61005067398829,0.452794907479604,1.74615616469783,55
36,13.7749330157785,2.29444262956759,-0.130411078194726,13.1164378646546,0,0,1.05303482068496,2.17810715775218,-0.175629447983066,1.45065534425981,56
37,0,0.0379557053413955,-0.103266375527669,-Inf,0,0,0.702599623305919,0.674172008745756,-0.195410768437017,-0.120399611927866,0
37,0.0958618636498958,0.255134770973005,-0.164382594797472,-Inf,0,0,0.312036348798835,-1.05637297728013,-0.108733491019423,-0.415588407194481,1
37,0.387615361714796,1.3871466790697,0.440823710255545,0.322307286062278,0.0235334122145921,0.0275942275921471,1.89444789941,0.451114610859524,0.206544307083182,0.818382970959685,2
37,0.550163739208098,2.16195147931998,-0.14052212686875,0.322307286062278,0.0208335873303561,0.0289553411889055,2.27135398466414,0.175497914810862,0.144600824199971,0.671145122062874,3
37,0.933611193807681,2.1705200013768,-0.667181737274048,0.322307286062278,0,0,2.22176676583678,0.94638912304026,-1.27698114288064,0.0139955692573835,4
37,1.10866329264662,1.49841445010406,-0.789735474467897,0.322307286062278,0,0,1.44440909069224,0.916390175607313,-0.600554910452239,-1.00029730565028,5
37,1.40041679071152,1.76935190195399,-0.833773488344571,1.23954129209563,0.0219460982677051,0.0283944700849262,1.83425126119228,0.913373978203433,-0.954420046788205,-0.313510487901195,6
37,1.50044656147663,2.31421947160055,-0.116942578395756,1.23954129209563,0.0202846675697146,0.0292320784521641,2.30012504300455,1.16345019751585,-0.152672650193692,-1.10708937902267,7
37,1.97975587972611,2.60616250701647,-0.0336975289851939,1.76373119183923,0.0210301054055471,0.028856266828299,2.97129492409885,1.51878670805193,-0.437543766311887,0.170384355577722,8
37,2.12563262875856,2.59508358982627,-0.802622947906908,1.76373119183923,0.0186071856376427,0.0300777790305199,2.67143472199669,0.845864194657956,-1.62502163113564,-1.12102536453128,9
37,2.27984519202144,2.06430417275237,-0.892860692597687,1.76373119183923,0,0,2.15221342425444,-0.134845178168087,-0.896807772004214,-0.0367675451968239,10
37,2.55492706162548,2.24302699453919,-1.94630964386209,1.76373119183923,0,0,2.42819335527994,0.879195000502293,-2.20587336253564,-1.35131964237013,11
37,2.76749032450134,1.4010838398372,-1.12578674980458,1.76373119183923,0,0,1.46489822905525,-0.268131375020544,-0.896228160264068,0.202848462060167,12
37,3.07591545102709,1.71187374792478,-1.87656460093395,1.76373119183923,0,0,1.81425090673287,0.428181001951167,-2.28493633074048,-2.1923740287149,13
37,3.30098243524859,2.81837540837913,-2.31291966057011,1.76373119183923,0,0,2.66351583696321,0.954255280588776,-2.7593696366602,-1.85835708760406,14
37,3.57606430485263,2.35615009380801,-1.02318112587317,3.52606750814638,0.0237877227930562,0.0274660172077759,2.50357245253312,1.17131023680629,-1.21541967974035,-0.621225607103764,15
37,3.91366478118488,2.16322569150549,-0.500809437860283,3.52606750814638,0.0181803941873338,0.030292945447197,2.10379310590136,0.254281448656275,-0.339167723041262,-0.223572499899089,16
37,4.00952664483477,1.34800129901952,0.271333412540476,3.52606750814638,0.016588189768425,0.031095653465798,1.62791868108937,0.892035891336725,-0.091530615817773,0.571595197365425,17
37,4.46382852039297,1.8198426240064,1.36516999311264,4.28693873199383,0.0216801111275887,0.0285285671943706,2.10266825069638,1.39042325530213,0.961792288844383,1.85429317355168,18
37,4.62637689788628,1.52548536901849,1.20869274059308,4.28693873199383,0.0189802862433517,0.029889680791129,2.00830864375908,1.07396512437109,1.02405157714678,-0.228226532129537,19
37,4.91396248883596,0.323204018038258,-0.117286416279402,4.28693873199383,0,0,0.341628433331626,-0.128037308301519,-0.413703839519341,-0.151923766951965,20
37,5.15986900863352,-0.654218428236013,-0.375576085951538,4.28693873199383,0,0,-0.60685706276525,0.104535841965324,-0.731996999871236,0.823012207226656,21
37,5.32658529324204,0.319733111616868,-0.361973720361569,4.28693873199383,0,0,0.363590472869473,0.617576286628444,-1.09795385803094,-0.368121871090827,22
37,5.58916344150045,0.554895080742351,-0.34649072783338,4.28693873199383,0,0,0.52350539860549,1.58602141931162,-0.795167822720507,-0.419378956746478,23
37,5.92259601071748,1.78863235009174,0.407033649751527,5.64964044160711,0.0200845197763359,0.0293329827309922,2.07153948091033,0.318926082662196,0.500815203457357,-0.190263368427438,24
37,6.20184578743674,2.85321753328135,-0.342745477431706,5.64964044160711,0,0,2.84477067086234,0.583317032845048,0.0127624576710852,0.622900043303757,25
37,6.2560285799345,1.78741836989403,-0.79797710467927,5.64964044160711,0,0,1.82012835273778,0.906660275153515,-1.36222222358461,-0.970769909332086,26
37,6.63530812741887,2.22561581714104,-0.473073225505694,5.64964044160711,0,0,2.35528830144699,1.9221857713439,-0.719124341361241,0.0390277879724821,27
37,6.97707651086633,1.68806903425237,-0.311772173434402,6.8559223394035,0.0226058441792713,0.0280618599456995,1.98310661617022,1.13927609375952,-0.0738851260156158,0.00886620118257489,28
37,7.17296814528133,1.94924335575364,0.3370421436606,7.13252254406599,0.0432985711212054,0.0570882157367016,2.28710983589023,1.49360575970347,0.294666303976199,0.354175885326155,29
37,7.43137838642453,3.14965176465561,0.228175522490597,7.13252254406599,0.0196543327556944,0.0295498610205299,3.01602360165626,1.98081207161829,0.208160799443975,0.680539645041251,30
37,7.68978862756773,2.68579196221654,-0.313583973916296,7.13252254406599,0,0,3.00897509980586,2.78844375266394,0.107513082606545,1.17454387781501,31
37,7.83983328371539,1.85555189655161,-0.223769227509776,7.13252254406599,0,0,2.03477821234019,0.873235690992173,-0.408235990959507,0.399886473150502,32
37,8.15659422447157,1.63729466566071,-0.819941735937841,7.13252254406599,0,0,1.61376770081592,0.228828826421795,-0.676909043782471,-1.28218388380007,33
37,8.3941649300387,0.87045372763007,-0.585450936843416,7.13252254406599,0,0,0.753133744205521,1.15508030644194,-0.773459892721319,-0.789134705220679,34
37,8.54837749330158,-0.0210789325644732,-0.195316822162587,7.13252254406599,0,0,0.184900591130129,0.875565090622903,-0.551112825634634,0.601975365669855,35
37,8.99851146174457,0.473691053253085,0.684816632216962,8.88608247550169,0.0227507639412464,0.027988798815093,0.587516874506124,0.947550128634382,0.665050276839848,-0.0150926091276457,36
37,9.10270913962489,-0.134176415682267,1.23209535187406,8.88608247550169,0.021020106964171,0.0288613075309635,-0.169885708356826,-1.5190921412119,1.02895235844453,0.86559768617488,37
37,9.4611491515332,1.01648367359869,0.998373922372899,8.88608247550169,0,0,1.15524344433471,1.16754980822316,0.229858477190737,0.0366017128066891,38
37,9.63203334325692,-0.0943227132540402,-0.157615712646919,8.88608247550169,0,0,0.529573162563263,0.101192759960663,-0.0836878102948354,1.33292716089724,39
37,9.93629056266746,-0.118183790442124,0.0682006227095138,9.80931151435495,0.0225090966896342,0.0281106350808377,0.149031249600685,-0.735855562659904,-0.225322715723805,0.379137925032774,40
37,10.0988389401608,0.112829088679516,1.1145110387959,9.80931151435495,0.0198092718053973,0.0294717486775961,0.448788284417745,-0.472517139154813,0.98957174967886,1.47911971094353,41
37,10.4489431378386,1.06619435928414,1.15768905486573,9.80931151435495,0,0,1.61140388760053,0.984335292137209,1.05968009189673,0.740934472491843,42
37,10.5364691872581,0.768292341140201,1.18182651662285,9.80931151435495,0,0,0.981545613649444,0.730443017516215,1.14573659560913,1.94770370087759,43
37,10.8949091991664,1.25685738965762,-1.41044991252106,9.80931151435495,0,0,1.48066494991544,1.49711942279854,-1.65976921220812,-1.22869960808279,44
37,11.0407859481989,0.467877097134942,-0.996393762254816,11.0265371101264,0.0243814735875426,0.0271666784305822,0.929989795824063,0.930979333467801,-1.51114858617575,0.962192032650084,45
37,11.474248288181,2.84318396411051,0.321995549650638,11.0265371101264,0.0171819405629215,0.0307963146886166,2.23317381514757,2.06919759342037,0.694743138759116,1.04546515197451,46
37,11.6034534087526,2.03086193602747,-0.642806655008396,11.0265371101264,0,0,2.05764451033437,1.26330974709394,-1.14895616416825,-1.19972858016981,47
37,11.8368562072045,2.57081930186436,0.663478499738183,11.6748773672421,0.0219277724716063,0.0284037090138721,2.46050018759575,1.23095831346606,0.204762134012557,-0.0374889554107075,48
37,12.0785948198869,3.6022433848957,-0.254740576711928,11.6748773672421,0.0179126482847919,0.0304279292346928,3.41568804608478,1.58903787715076,-0.0641312918808558,-0.584117965987846,49
37,12.2828222685323,2.83669908702323,-1.19663662458078,11.6748773672421,0,0,3.23197999152693,1.55474714888685,-0.70513960906278,-1.35831047449913,50
37,12.5537362310211,1.39546061858468,-2.01040312703849,11.6748773672421,0,0,1.47852261864952,0.910591268339959,-1.6222767518137,-0.73849940248241,51
37,12.9997022923489,1.63913239321291,-0.0358938016495431,12.886389799348,0.0227360894574553,0.027996196939145,1.85138818734993,0.875041066604926,0.359712056198944,-0.606257064601177,52
37,13.1497469484966,2.12094723504559,-0.30669363379055,12.886389799348,0.020243943410477,0.029252609490011,2.30175038277017,0.563590655812891,-1.10621540318486,0.210719936923522,53
37,13.3081274188747,2.15491029493516,0.661968844406225,12.886389799348,0.0176133448053146,0.0305788227381221,2.24796439168317,0.493119517691201,0.650556781256181,0.705925588050972,54
37,13.6207204525156,1.70048387568983,-0.211259934531321,12.886389799348,0,0,1.89967433411481,0.575823211686422,-0.633882029143801,-1.02260546327376,55
37,13.9499851146174,2.11853980834416,0.55673394941797,13.7629674259573,0.021511893163361,0.0286133740867154,2.31299260202479,1.24911527431034,0.428579526193879,1.8325237022261,56
38,0,-1.11124627324076,1.50831110645359,-Inf,0,0,-0.227971852621138,0.392280682987673,0.861800559500949,2.46086362163662,0
38,0.170884191723727,0.207776616372272,0.490837848909851,0.12304226065753,0.0238235137370634,0.0274479732446973,0.997457830928587,0.348674615207633,-0.22619338900447,1.48645378979765,1
38,0.404286990175648,0.784591103525206,0.836539384718599,0.12304226065753,0.0199468421084147,0.0294023927682472,1.55093496698023,1.46471748653223,-0.451476874090058,0.529097596058903,2
38,0.641857695742781,0.827537351555027,0.85917516716009,0.12304226065753,0,0,1.70946423101152,-0.0917207761526445,0.708127569486909,1.2740982925512,3
38,0.762727002083954,-0.663628258383733,1.0731500109412,0.12304226065753,0,0,0.305389239578538,-1.08507630595983,0.282236322736494,1.34939682636546,4
38,1.15034236379875,-0.512777696479908,0.741358771605355,0.12304226065753,0,0,0.724552271424713,-0.545953844483564,-0.521754755384809,-0.0279035823988439,5
38,1.30872283417684,1.05868579270077,1.74518679874381,1.17287461550262,0.0223617854262818,0.0281849018841018,1.71745271304931,0.999886353025769,1.14800847711082,1.60354734883971,6
38,1.57130098243525,1.2992364636563,1.91816446453775,1.17287461550262,0.0180005298440529,0.0303836238480948,1.81048322693724,1.05489477535147,0.766328576801728,0.751460515161147,7
38,1.98392378684132,0.123777488536636,1.30466856315183,1.84320272295378,0.0222808505749673,0.0282257050959027,0.969898148612073,0.354670776996992,0.791613542886902,2.53054589895689,8
38,2.2048228639476,2.86567693993636,1.3858988579364,1.84320272295378,0.018611857783568,0.0300754235735485,3.32414658579633,1.14413535692281,0.58583595443465,1.80116088689402,9
38,2.3965465912474,3.16461540589464,-0.26012152652076,1.84320272295378,0,0,3.36079814683643,1.38252249272516,-0.918460631276998,0.112697863234955,10
38,2.68413218219708,1.56356981234988,-0.486698083835696,1.84320272295378,0,0,2.20260030675351,1.46630343879722,-0.402439098732433,0.172363435213917,11
38,2.80916939565347,1.73086349429149,-1.07523024580939,1.84320272295378,0,0,2.20264815061177,1.33989102231799,-2.0223448186205,-1.37986309017584,12
38,3.1426019648705,1.38775504950815,-0.990455839286809,1.84320272295378,0,0,2.06727826916957,-0.283037336061299,-2.22157563891316,-0.304632882725649,13
38,3.2718070854421,1.0515652698458,-1.92549235606877,1.84320272295378,0,0,1.73140406966762,-0.0983773227928155,-2.62336457890551,-1.50811845754953,14
38,3.62191128311998,2.2912755445957,-0.837942786323983,3.40148049049939,0.020956922815932,0.0288931617463171,2.86962259051656,-0.066875977965883,-1.80969072640675,-0.642614034430767,15
38,3.759452217922,2.91917386596419,0.153474980860154,3.40148049049939,0.0186724556061944,0.0300448732512698,3.61157148860179,0.278775519644542,-0.546701852216014,-0.561639743746185,16
38,4.00119083060435,1.67557488459517,-1.93060091635978,3.40148049049939,0,0,2.34827000828234,-0.0837267016714264,-2.31907300140613,0.313509447769539,17
38,4.39714200654957,1.63235765517065,0.0238854030557559,4.22130680344282,0.0216976271167285,0.0285197365286782,2.31802569225316,0.908372018317736,-0.10652739666655,0.265332500477676,18
38,4.61387317654064,0.803215581609599,-0.520791027315215,4.22130680344282,0.0180978606044138,0.0303345546576898,1.94586907317879,1.29245130974312,-1.18599531057881,0.830001103845233,19
38,4.77642155403394,1.50799275817106,-0.546342860022787,4.22130680344282,0,0,2.12714938457696,0.598017460241139,-1.45257041122817,0.444765393070753,20
38,5.22238761536171,0.749072417442062,-1.35730337076767,4.22130680344282,0,0,1.15034206422471,0.373288971227927,-2.34930737449625,-2.65349759780183,21
38,5.30991366478119,1.36412540872675,-0.919999238547282,5.24546884106508,0.0235477502787144,0.0275869990736834,2.23963743648929,0.422733634254778,-1.89784135096868,-0.107926709213981,22
38,5.53498064900268,0.370924542281152,1.23048617641685,5.24546884106508,0.0198095312082323,0.0294716178999644,1.16469877613575,0.0662609375935885,0.871094560214124,2.30853471029318,23
38,5.8642453111045,-1.04500261094218,-0.379173327455217,5.24546884106508,0,0,-0.00531540981954365,-0.604850120205762,-0.956614001723364,0.0447825430232079,24
38,6.08514438821078,-1.45291035644181,-0.0538716468557834,5.24546884106508,0,0,-0.371933651610413,-0.991600968124701,-0.861223209195358,-0.128263080086062,25
38,6.285203929741,-1.52885210546695,0.812208674012831,5.24546884106508,0,0,-0.511660969623411,-1.24229368514637,-0.0430077379945387,0.0312593234243083,26
38,6.66865138434058,-1.0567272033199,1.38112311057199,5.24546884106508,0,0,-0.12622921768613,-0.07559632806439,0.371519277000157,1.26340062865533,27
38,6.9353974397142,-0.927218634573959,0.685894641856543,6.90869079501225,0.024174557364453,0.0272709950054475,0.20126251706676,-0.826290630075544,-0.345874697528388,2.26442311796914,28
38,7.05209883894016,-0.49089184902424,1.50342146872723,6.90869079501225,0.0222362215501291,0.0282482047672222,0.42347889984754,-0.0651620467853921,0.685157483854181,0.226274544144653,29
38,7.39803512950283,0.371836771533913,2.1911186068884,7.23856155223822,0.0384598236735028,0.0595276646731133,0.89931954619977,0.624692923148954,1.7540969995309,1.89961770983815,30
38,7.518904435844,0.175237778537109,2.73146273939814,7.23856155223822,0.0199618211938624,0.0293948410796224,0.988582068943668,0.740605099007481,1.48072872851479,2.77387933336211,31
38,7.86067281929146,0.493816995232992,1.50455015933948,7.23856155223822,0,0,1.08503592960907,-0.310317526677176,0.558140661480438,0.401545097605783,32
38,8.09407561774338,0.0729418763940701,1.17708071321014,7.23856155223822,0,0,1.04739308137433,-0.657517854851964,0.885075020241478,0.615796063567125,33
38,8.30663888061923,0.796260791274608,1.91312724895134,7.23856155223822,0,0,1.28882945214377,-0.365633880951695,0.980787577007927,0.57833478019287,34
38,8.69842214944924,1.00130436303857,1.83402414712019,8.31196912025066,0.0181993993477646,0.0302833640175112,1.74820505039063,1.26591898789171,1.17854645595292,1.6876610972011,35
38,8.85680261982733,1.601046082747,-0.0599568750475925,8.31196912025066,0,0,2.28550362401151,1.07033978923356,-1.32093052920521,0.499351768225073,36
38,9.18606728192915,1.26016408037746,-0.889478740602978,8.31196912025066,0,0,1.90583697529238,1.41976035850308,-1.49973881231601,-1.01379438002973,37
38,9.48198868710926,-0.0463623317714666,-0.18735944382371,9.39683859740169,0.0232038490154739,0.0277603764983064,0.868187867198092,0.194928892526682,-0.900065615480958,-0.17043968320721,38
38,9.73206311402203,1.8546836777269,-0.209544258706649,9.39683859740169,0.0190502722704929,0.0298543974163965,2.69956701459039,0.468170688079965,-1.22823315456587,0.966679736925893,39
38,9.83209288478714,2.40246454063276,-0.0597482643749054,9.39683859740169,0.0173888415724938,0.0306920057836201,2.73368485928514,1.34395342369223,-0.313660897592683,0.614182422327732,40
38,10.182197082465,0.973214857268107,-0.881088882700118,9.39683859740169,0,0,1.67156492834823,0.622357696994198,-1.67924818071339,-0.183342549794258,41
38,10.3905924382257,0.95797125798855,-0.921209821039585,9.39683859740169,0,0,1.9447253908188,-0.54645816684256,-2.55377592679942,-0.180432786251879,42
38,10.5323012801429,1.7051956922675,-0.246398677810402,9.39683859740169,0,0,2.18183236384761,0.548139956840687,-0.746100981384465,0.399538000853247,43
38,10.7782077999405,0.819043989091112,-0.099282063814064,9.39683859740169,0,0,1.52925126430202,-0.00887877898723938,-1.28085746284097,0.0888169410216908,44
38,11.0866329264662,0.724029454707762,-0.268196525987153,11.0816817661335,0.0245359020851677,0.0270888234818885,1.70518179095124,0.315184749400879,-1.26022862760852,0.111801201765971,45
38,11.4033938672224,-0.51846318579062,0.758169329507449,11.0816817661335,0.0192747048748614,0.0297412499781348,0.209194195886315,0.0162626335795652,-0.140137066217185,-0.324074434420317,46
38,11.5617743376005,0.770273887446651,0.874467463247166,11.0816817661335,0.0166441062697165,0.0310674632262713,1.37976629839006,0.515705658688187,0.514648601226796,1.0179423568872,47
38,11.9577255135457,0.572554947660788,0.574211267834928,11.8790688896588,0.0233117013415079,0.0277060028727021,1.89586388264401,0.313604835495586,-0.37169171754027,-0.4160680254821,48
38,12.2453111044954,0.505903595900769,1.48391484251083,11.8790688896588,0.0185350880847823,0.0301141269285051,0.943893675976647,0.582127420154477,0.607197805680609,2.08650358687942,49
38,12.2994938969932,-0.0100879887880752,1.30904894667096,11.8790688896588,0.017635146456712,0.0305678314607705,0.694100538368153,-0.90302103280204,0.685236320260183,1.54123067655972,50
38,12.6871092587079,-0.134060610060927,0.812160114136012,11.8790688896588,0,0,0.842229385850095,-0.655506551412351,-0.212532465207873,-0.0180444202071948,51
38,12.7537957725514,0.0533702228224298,0.317008671552655,11.8790688896588,0,0,0.519160655422261,-0.331972194543164,0.169472003214957,0.998559685135938,52
38,13.0372134563858,0.0866028407907549,-0.086312889086747,11.8790688896588,0,0,0.645934566701362,-0.0595317930490588,-0.694589127830362,0.526346077249166,53
38,13.3498064900268,0.0719675571511012,0.791752773161746,13.3220829174173,0.0241576668404539,0.0272795103436025,1.03111550925116,0.634231778744557,0.195972586102021,0.616715217075754,54
38,13.5790413813635,-0.662844227682461,1.11011281281898,13.3220829174173,0.0203502214908907,0.0291990295185178,0.230771816853037,-0.520594586969643,0.222370940472749,1.65601782369195,55
38,13.8749627865436,0.3354465457672,2.90134251860592,13.7039808182861,0.0217782362523977,0.0284790975260363,0.925611478212721,-1.37398404738124,2.38180538423962,1.64739731423144,56
39,0,0.667139246414275,0.28644684307657,-Inf,0,0,0.43142093669623,0.8644392614448,1.51459794084125,0.433782648686041,0
39,0.241738612682346,0.507177490598356,0.179727078876082,0.0411946252221242,0.0212872299667517,0.02872663777778,0.236494591502841,0.950285106496985,1.14759445078966,1.25469375129371,1
39,0.391783268830009,0.309365238949075,0.773047805333553,0.0411946252221242,0.0187950839197642,0.0299830503286337,0.207611718186731,0.280013514390875,1.77867022718681,-0.0899750120332093,2
39,0.545995832092885,-0.861705805215721,2.45802940416194,0.0411946252221242,0,0,-1.17130720981395,-0.624463506207924,3.72241012467004,1.19109779759643,3
39,0.983626079190235,-1.08918013759583,2.18766822773138,0.0411946252221242,0,0,-1.17682022094889,0.0232706866355126,3.55861563615152,1.49996488518528,4
39,1.08782375707056,-0.986435027006278,1.88675860870803,0.0411946252221242,0,0,-1.06439049791958,-0.556364738047496,2.58192128374226,1.04396021868556,5
39,1.45043167609408,0.198501591732334,2.5733472394822,1.11397467283353,0.0190298014534178,0.0298647177551684,0.122874914010248,1.25807578757159,3.90587802918889,3.4265811188389,6
39,1.66299493896993,-0.168576838617847,1.97595007498446,1.11397467283353,0,0,-0.0869215719775567,0.354893369134026,3.20165336558455,1.99652892659273,7
39,1.82971122357845,-0.657598046966073,0.639756953529511,1.11397467283353,0,0,-0.587372648513792,0.822353613722264,1.96767630470155,-0.621756636283886,8
39,2.08395355760643,-1.53926633604451,1.57608781789783,1.11397467283353,0,0,-1.4536324523733,-1.23893630189791,2.50472567049949,0.469769696155722,9
39,2.3340279845192,-1.46760666803902,1.28130829751217,1.11397467283353,0,0,-1.7833073095894,0.580640020385048,2.52664742328671,0.724382585885957,10
39,2.67162846085144,-0.92004744669099,3.28102915972489,2.45265211541779,0.0209810802561268,0.0288809828007474,-0.817340482712905,0.231669246037048,4.50900352975974,2.26278558749603,11
39,2.83834474545996,-0.407776834882107,3.63398539558885,2.45265211541779,0.0182120290928094,0.0302769967461438,-0.357467142799019,0.724679886064673,4.82460528428398,2.11463503871751,12
39,3.10925870794879,-0.77429772822673,2.36401377869727,3.06975299342929,0.0239619729774454,0.0273781691785961,-0.916076734831223,0.47067694524957,3.61682329204852,1.47441418932846,13
39,3.48853825543316,-0.408422161797398,1.70561049402522,3.06975299342929,0.0176623815808929,0.0305541009043656,-0.350612972377696,0.895093448297354,2.60663586403124,0.951199371174938,14
39,3.67609407561774,-0.065712145352715,1.40048358208676,3.06975299342929,0,0,-0.265364418142294,0.420828031919165,2.50396102951783,0.460887092763309,15
39,3.95117594522179,0.580374508986739,-0.535476672486073,3.06975299342929,0,0,0.4376678419571,0.980422329920696,0.336796333859693,0.00286045837811622,16
39,4.22625781482584,-0.571031465312069,-0.468761289307199,3.06975299342929,0,0,-0.341657499163038,0.562095981073423,1.11862444298672,-1.57594297365069,17
39,4.45549270616255,0.189692584249629,0.0736284937132674,3.06975299342929,0,0,0.184597007360003,0.70103150722752,1.60378086136054,-0.956203124441666,18
39,4.63888061923191,0.46374813239731,-0.563055494479559,4.49308710505004,0.0221966004105511,0.0282681797189661,0.425758196759348,1.1557978625442,0.466618906893311,-0.0930839429189134,19
39,4.89729086037511,0.984006780914914,0.615809645583056,4.49308710505004,0.0179045711074053,0.0304320013343251,0.234381715002692,1.93637348219236,1.3485940126324,0.726521556377452,20
39,5.00565644537065,0.588226575130983,0.951234561362336,4.49308710505004,0,0,0.308660814961788,1.22183460499093,2.48686259105368,0.622327897457068,21
39,5.30991366478119,0.681536349776481,0.0674892188466368,4.49308710505004,0,0,0.190387473606508,1.61468180234388,0.974268091348708,-0.508140043510416,22
39,5.68085739803513,2.38363912661007,0.860560840593606,5.46733774383588,0.0210717124175034,0.0288352907012844,1.72780746138828,2.0753772450111,2.50592562525523,0.465341850941764,23
39,5.88091693956535,1.29228966077186,1.91041385625582,5.46733774383588,0.0177488510215192,0.0305105074357569,1.3178193690946,1.16306426832918,3.3187203151053,0.357349918697032,24
39,6.0267936885978,1.7973674518719,0.767996962897411,5.46733774383588,0,0,1.77627127852868,2.61134703254569,1.39335209408474,-1.43350147782319,25
39,6.43941649300387,0.256747619652334,2.53661677262337,6.0345674261809,0.0178938528949795,0.0304374049087467,-0.0847860286396715,1.19495459711274,3.52993353232482,-0.633196798021095,26
39,6.56445370646026,0.866393161198433,1.5052728495011,6.0345674261809,0,0,0.406785119831607,0.394846774921942,3.03930249785861,1.84872385824634,27
39,6.78535278356654,0.472105643442987,-0.117713130952771,6.0345674261809,0,0,0.635157874523194,1.15925292536353,0.653699470058673,0.457384390224532,28
39,7.21464721643346,1.19341521322303,-1.05100109049882,7.11678894067792,0.0229927741499115,0.0278667896479535,1.10360634480483,1.333527581755,-0.0235322517861973,-1.45014940055603,29
39,7.26883000893123,1.40590456370698,-0.458216173684827,7.11678894067792,0.0220928325218282,0.0283204941802006,1.14399812826596,0.897571385567617,0.434209023405482,-0.79647172911804,30
39,7.71896397737422,2.57555808843017,-0.474234183760489,7.11678894067792,0,0,1.80179515670517,1.60501507600883,0.922893332190747,-1.07168464380007,31
39,7.82732956236975,1.84283726330474,-1.2441217485971,7.11678894067792,0,0,1.04465593168425,1.26557637964195,-0.308638529465884,-1.73802197748559,32
39,8.11908306043465,2.79364270840465,-3.05787726674413,7.11678894067792,0,0,2.21546605451946,3.37805722433435,-1.81436627764609,-3.4237870899707,33
39,8.44417981542126,1.72173186828877,-2.45187203409749,7.11678894067792,0,0,1.59978637766843,0.925037152233945,-0.868091534479577,-2.62708114215043,34
39,8.61089610002977,2.40086158502234,-1.64881494501451,8.56952344834303,0.0239309643417506,0.0273938021464719,1.8729928791959,1.24448303404384,-0.293253370915806,-3.33052086833175,35
39,8.95683239059244,1.25910924441901,0.656079570798895,8.56952344834303,0.0181851831778532,0.0302905310831509,0.911022877576268,0.679925254485287,1.66393258328201,-0.842272299273348,36
39,9.09020541827925,1.23518016234093,-0.136907538945536,8.56952344834303,0,0,1.03881009747531,1.83436658387838,0.976812209674555,-1.59554420159528,37
39,9.31944030961596,0.64253553118549,0.0902995728928631,8.56952344834303,0,0,0.0831151574490007,1.36282819090514,0.741461043259126,-1.6295938754057,38
39,9.70705567133075,0.71135152230558,2.12180617198589,9.44940082089295,0.0203386549553881,0.0292048607740306,0.282864446406453,1.26313735143328,3.4090058632055,0.913124721795711,39
39,9.77791009228937,0.76667621201897,1.77957064529311,9.44940082089295,0.0191618082109855,0.0297981667008351,0.715603715395962,2.16399207999363,2.17454832287353,0.108827463742593,40
39,10.2363798749628,1.26518069212723,-0.464816022830388,9.44940082089295,0,0,1.14147343636,1.18285206031309,0.535558610676151,-1.8379794812831,41
39,10.3155701101518,0.679114327708416,0.388676999460237,9.44940082089295,0,0,0.734796258670258,0.683750750070955,1.44846382160187,0.517137402069056,42
39,10.6490026793689,-0.932358452383889,0.129710766337237,9.44940082089295,0,0,-0.87725990812072,-0.269753111165436,1.09522743340964,-1.51870147119493,43
39,10.8699017564751,-0.131762444587945,1.17952276605262,10.8527680621303,0.0243335579647001,0.0271908350365062,-0.169031102637488,0.485084798651178,2.45781936201596,0.589166461353399,44
39,11.0407859481989,-0.0562644536726837,2.03091324382943,10.8527680621303,0.0214952805222873,0.0286217493305229,-0.384084001488161,1.01809070186958,3.07280683813924,1.04927794770781,45
39,11.2658529324204,0.484847477024043,1.60306469115767,10.8527680621303,0.017757061451807,0.0305063681568034,0.316496258354399,0.762630032245626,2.15413841638952,1.70661757609735,46
39,11.5242631735636,1.32620440356301,-0.116429118138846,10.8527680621303,0,0,1.02040316376738,1.80430614854118,1.06253534425048,-0.351483909984906,47
39,11.8160166716285,-0.517357635866014,-0.478077586680972,11.8087162198069,0.024496881851808,0.0271084954874636,-0.190516856951852,-0.0857345233682423,0.865942134067007,-1.26358399210882,48
39,12.0660910985412,0.17287990853602,0.137318757667085,11.8087162198069,0.0203433051068297,0.0292025164055527,0.332123763909971,0.895548850771734,1.11586973992141,0.00827106976325137,49
39,12.4286990175648,-0.376776993201917,0.849775388277382,11.8087162198069,0,0,-0.75056680359649,-0.532547032404687,2.2311447998988,-0.0688723938131567,50
39,12.6162548377493,-0.577151164527019,0.387455798573217,11.8087162198069,0,0,-0.817546614304123,1.07467154578332,1.5384322487334,1.25974696904827,51
39,12.8663292646621,0.306692576786339,0.777590968300098,11.8087162198069,0,0,-0.0166599353048972,0.724257532803219,2.03136446642636,0.256659785847807,52
39,13.2289371836856,0.536400916436168,2.43152624887182,12.8778601810587,0.018786972587915,0.0299871396472252,0.391221606391988,1.46013418839004,3.3009443596211,1.74149945257255,53
39,13.3081274188747,0.220964667713977,1.95232532600309,12.8778601810587,0.0174716732853301,0.0306502462712745,0.118467294002168,0.208966967227779,2.97442355206866,1.98320394701045,54
39,13.6540637094373,-0.198897618158304,1.10851298520726,12.8778601810587,0,0,-0.160721201168539,0.47557582126874,2.61951459531797,0.278868508786161,55
39,13.8249479011611,-0.265717047008729,-0.480790352911835,13.8057519809692,0.0242993057085635,0.0272081032718552,-0.32862341952368,1.08818882413345,0.0617703607741953,-0.653038578174052,56
40,0,-0.141229288693806,1.46608068911022,-Inf,0,0,0.202563509490651,-0.666993243108847,1.89504465879015,1.67833455931696,0
40,0.0125037213456386,-0.218455672744207,1.24204884173172,-Inf,0,0,0.26030364304932,-0.0813600191063857,1.22406544577447,2.36428770316335,1
40,0.32092884787139,1.49336655128004,0.416818563318869,0.270954699546564,0.0237880989682276,0.0274658275594968,1.39613819982355,0.497623285482358,0.389899849586953,1.50118870123628,2
40,0.696040488240548,1.66189031576774,0.573218091709852,0.270954699546564,0.0175577338507582,0.0306068589366304,1.86954531600713,-0.115895625624178,0.742931284452209,-0.473843437341368,3
40,0.837749330157785,0.790954429835047,1.17601518446915,0.270954699546564,0,0,1.01243779685135,0.594470177434795,2.00367881205309,-1.07213147197707,4
40,1.17951771360524,0.6113399328501,-0.0410691277256394,0.270954699546564,0,0,0.693248877159982,-0.124843439588011,0.30508052226282,0.208879477047395,5
40,1.43376004763322,1.23132352485335,-0.023764840024664,1.37994759608812,0.0237243471996325,0.0274979679399914,1.64743017365137,-0.393060962978683,0.440005972671467,0.119034258505947,6
40,1.72551354569812,1.86206335577788,-0.455204052082167,1.37994759608812,0.0188785076638243,0.029940992344431,2.01956569849902,-0.347295669964093,-0.106273834134959,-1.10204357998645,7
40,1.83387913069366,1.8976516354064,-0.616786436953554,1.37994759608812,0.0170786244076658,0.0308484014089353,2.13052554198533,-0.111368507552359,0.368613977542383,-0.191345154980696,8
40,2.06728192914558,0.16068081401744,-0.26844816525308,1.37994759608812,0,0,-0.12425190065596,-0.00906208794743996,0.168172397680998,0.0717929110023848,9
40,2.48407264066687,0.773797626289865,0.374765280185939,2.41691850358262,0.023502750311546,0.0276096857551509,1.16058401954027,-0.797268964382871,0.821962338918924,0.777421457051672,10
40,2.60910985412325,0.0864279821068354,0.640475027728035,2.41691850358262,0.0214259619390542,0.0286566962141926,0.263070150048036,-0.630922368696438,0.729051732386129,1.89364388826246,11
40,2.80916939565347,0.154707655490603,-0.132126447808952,2.41691850358262,0.0181031005430722,0.030331912948668,0.288301842052706,-1.71643380891219,0.347320097410654,0.498780673476116,12
40,3.02590056564454,-0.266802426906318,1.31850449965744,2.41691850358262,0,0,0.591297377783482,-0.455184845449735,1.49818772199606,1.11597163668473,13
40,3.31348615659422,0.788706047396014,0.814181680977686,2.41691850358262,0,0,0.940913223191848,-0.0283492116979629,1.09416609584236,2.06754841307393,14
40,3.63858291158083,-0.156787014181249,1.27558997633195,3.50166796172897,0.0223440677017341,0.0281938342544663,0.0214279245295311,-1.08828456550313,2.23491440046391,1.82472942404673,15
40,3.955343852337,1.28056582089926,0.489819368677629,3.50166796172897,0.0170828704914262,0.0308462607507108,1.68409165424099,0.599771986867464,1.30559367194506,-0.223173289816512,16
40,4.19708246501935,1.86702199677804,1.04179139469113,4.10494792043912,0.0230878416743993,0.0278188614652972,1.9832027003472,0.36970594403516,1.34612101376658,1.35501637285959,17
40,4.27210479309318,1.39850597032892,1.204749104453,4.10494792043912,0.0218417686509055,0.0284470677407243,1.8962464685951,-1.99562844957657,1.43537907411838,0.356679685184496,18
40,4.70139922596011,0.76159511631206,-0.247752715703745,4.10494792043912,0,0,1.39581129587123,0.0709763952293466,0.241668777677368,0.347868400661111,19
40,4.88061923191426,0.0534028341656738,0.63167457626942,4.10494792043912,0,0,0.575541078827807,-0.805437448750837,1.92019163578319,1.69834686354429,20
40,5.21405180113129,0.118200097726248,1.32236673762521,4.10494792043912,0,0,0.413649519830201,0.201348713351383,1.6451635441649,2.07291284513777,21
40,5.40577552843108,-0.00172244162186119,0.48001200515062,5.32556840073353,0.0232859484620596,0.0277189861571362,0.509910539357964,-0.25271654631834,0.720001178913655,1.05725234556589,22
40,5.67668949091992,1.56989022982665,0.0767621160958171,5.32556840073353,0.0187862403216653,0.0299875088184006,1.87537787019455,0.364590899907635,0.467852606586683,-0.755224814339564,23
40,5.87258112533492,1.71952554309172,-0.100216300213129,5.32556840073353,0,0,1.96234721294827,0.744274170810074,0.368501756421244,-0.0660431375688415,24
40,6.13099136647812,2.00190265855118,-1.21039722810225,5.32556840073353,0,0,2.05895219139947,1.33360787376954,-0.727469782867427,-0.745692721809955,25
40,6.48526347127121,0.300359030868156,-0.817920710901524,5.32556840073353,0,0,0.871227525713729,0.360682965115325,-0.833624877772915,0.89207962715145,26
40,6.74784161952962,0.846785424039219,1.02210872185003,6.59140621103669,0.0220198453329615,0.0283572905871662,0.6505553673049,0.25894933451367,0.992973766588375,0.642148072486016,27
40,6.95623697529027,1.86530525534818,1.34532334513554,6.59140621103669,0.0185585313788124,0.030102308018908,2.07765317729792,0.791988371793398,1.6166048029302,1.49879254060631,28
40,7.15212860970527,0.732227877342193,0.0207546278209384,6.59140621103669,0,0,0.683038191538569,-1.20392897169033,0.898924340290551,-0.132001849808299,29
40,7.39386722238762,0.360438276189402,0.683806845526626,6.59140621103669,0,0,0.594226071068076,-0.925254121777874,1.58249821741191,-0.334096667212665,30
40,7.68562072045252,0.439658389600909,0.303026305408379,6.59140621103669,0,0,0.598185617473059,-0.748152933993712,1.50397470382112,1.67403336236475,31
40,7.9065197975588,1.21025720959888,-0.272803065923725,6.59140621103669,0,0,1.61526997411688,-0.0146555470806702,-0.2021789890614,-0.277668800179908,32
40,8.19410538850848,2.95401276730743,0.12673319575851,7.93113340631736,0.0202503407879892,0.0292493842595108,2.85970883873465,0.818125743237035,0.482780448208215,1.0458945393892,33
40,8.31080678773445,3.18592436644912,0.305144398997639,7.93113340631736,0.0183120049736736,0.0302265940212988,2.72939250337433,0.994901864287497,0.808817271168228,0.110696104828938,34
40,8.62339982137541,3.25150462347784,-0.462422213067604,8.33508610493468,0.0198294307439039,0.0294615855720342,3.43299607645211,2.81845445736891,-0.339984192129551,1.24405227213607,35
40,8.83179517713605,3.29587001086643,-0.81455402572135,8.33508610493468,0.0163681167897615,0.0312066030037883,3.27189511325968,0.701213122590526,-0.699625277907284,0.283290377515386,36
40,9.01518309020542,2.08829311970158,-1.5673992804078,8.33508610493468,0,0,2.19889475850317,0.452764131577091,-0.953020941715188,-1.44153190558524,37
40,9.31527240250074,0.712439513715914,-0.930942332150144,8.33508610493468,0,0,1.21540063235361,-0.164235406621875,-0.874920925958931,-0.633771759830017,38
40,9.57785055075916,0.981323551232168,-1.77591191548126,8.33508610493468,0,0,1.45032820757988,-0.178184689536019,-1.45730271073576,-1.39077096908092,39
40,9.86543614170884,0.0454724559631805,-1.0426911549603,8.33508610493468,0,0,0.367267862859699,-1.04039307598478,-1.06716908273579,-0.775251019805471,40
40,10.2238761536171,0.943197041523853,-0.173454268617568,10.0602918627744,0.0219011069563559,0.0284171524025665,1.43538300721022,-0.731606824725347,0.386998159538575,0.341861776543491,41
40,10.3905924382257,0.248353802678032,0.406928695610601,10.0602918627744,0.0191320557930463,0.0298131663479716,0.758766300437604,-0.271445250868128,0.774202456189908,0.907476252230501,42
40,10.5656445370646,0.748827635789841,0.818262209393492,10.0602918627744,0,0,1.12732482513402,-0.738647894369593,1.15381339561674,-0.0520847612492584,43
40,10.8907412920512,2.8659007746065,0.503937041262263,10.6225853752864,0.020164238940806,0.0292927924063272,2.95439511630659,0.693930034850668,1.72406479892482,1.05693327911794,44
40,11.1658231616553,1.4996917116226,-1.24777693314135,10.6225853752864,0,0,1.66342878490774,-0.125239351604688,-0.550261176428326,-0.194129969001563,45
40,11.3450431676094,0.60533531927463,-1.19978879349718,10.6225853752864,0,0,0.964956376305499,-0.736670976640768,-0.413291929680465,-0.882257832002904,46
40,11.6284608514439,1.38482547551204,-0.935489544553639,11.5970698423487,0.0240967530593605,0.0273102199559947,1.620829724928,-0.14604124133115,-0.601189253512161,-0.606127620104857,47
40,11.8743673712414,1.67391786487532,-0.453411548139723,11.5970698423487,0.020012402593453,0.029369340525438,1.68196253552556,0.826476139288522,-0.910740640070374,0.166648932898087,48
40,12.0910985412325,2.10035976082923,0.172309859364974,11.5970698423487,0.0164126360811392,0.0311841586544491,2.44752765157076,-0.0909828296408851,0.790998256509593,1.06578275283946,49
40,12.395355760643,-0.142719109937718,0.252249433927213,11.5970698423487,0,0,0.605109156307177,-0.585500616977953,0.981410192061207,-0.287072225075922,50
40,12.6412622804406,-1.65388462968686,1.54681197259357,11.5970698423487,0,0,-1.19711590077108,-0.962564030114003,1.69744976319413,1.50742826330572,51
40,12.9413515927359,-1.52501418000659,1.17314768316513,12.9226270413975,0.0243071348446124,0.0272041562219767,-0.657600599566174,-1.09260348264987,1.62095240479681,1.14512083794609,52
40,13.0705567133075,-1.01723906341591,2.10189945559829,12.9226270413975,0.0221611201930298,0.0282860670296445,-0.710879785516306,-1.21552820129207,2.30573041381238,1.71781143785506,53
40,13.4581720750223,0.0733748028174953,0.829493579677163,12.9226270413975,0,0,0.439759656986196,-0.25462505194444,1.27520164818153,0.54844588992195,54
40,13.5707055671331,-0.393468479048094,1.25586527328754,12.9226270413975,0,0,-0.211301595203312,-1.20878639757794,1.95072992957374,1.7239058777307,55
40,13.862459065198,-0.912188148561589,0.285693565058028,12.9226270413975,0,0,-0.538496525855298,-0.135308516178464,0.289947943325233,0.433260129590225,56
41,0,-1.13585482784261,1.32281056548922,-Inf,0,0,-0.938687861400493,0.245391460211669,0.967538388656142,1.44708329774532,0
41,0.208395355760643,-0.437564936150052,0.663312453374408,-Inf,0,0,-0.269025058233552,1.34206685412332,0.349458311761088,-0.449386302711727,1
41,0.433462339982138,0.130701349663738,1.79073355787882,0.225559084990527,0.0211649972264592,0.028788261272604,-0.02346815568109,-0.332543212968157,1.4796767339167,1.1434730849181,2
41,0.61268234593629,0.502674204965745,1.69208226858662,0.225559084990527,0.0181882672258909,0.0302889762639021,0.348519243367868,1.07279314937992,1.16512743956593,0.80066102075346,3
41,0.966954450729384,1.19333878327621,0.732694273545675,0.954014785376449,0.0244032181114908,0.0271557159539593,1.05784523142336,1.67762197701316,0.450587223934114,0.298650306844435,4
41,1.02947305745758,1.2093682989956,1.22302222027567,0.954014785376449,0.0233648239252444,0.0276792211834821,1.27360773534678,1.16587105115819,0.901561210011177,1.36979420380296,5
41,1.2962191128312,0.81553787495744,0.738355841901232,0.954014785376449,0.0189343420639327,0.0299128434961102,0.555647814776241,0.941597526093525,0.530619696506595,0.505891877020315,6
41,1.72134563858291,1.00827747111626,0.156771521827048,0.954014785376449,0,0,1.02203515787582,1.87523355931279,-0.74571882123142,-0.935317819078428,7
41,1.96308425126526,0.499469148472321,-0.330806777634134,0.954014785376449,0,0,0.779186775899323,1.79727745092489,-0.756764045645161,-0.918866794055727,8
41,2.23816612086931,-0.443775837594039,0.521035339995678,2.10368304142836,0.0223844595183232,0.0281734707667906,-0.281528219093451,1.87942780268749,-0.170965107513114,0.434952576136496,9
41,2.40071449836261,0.181317770471719,1.11184493320774,2.10368304142836,0.0196846346340858,0.0295345843635459,0.00603328559545577,0.194210554567132,0.734704607346598,0.839312951628843,10
41,2.74248288181006,0.807355909433917,0.278441471579738,2.10368304142836,0,0,0.830625408829196,0.46784585215129,-0.656776172794563,0.380003794465722,11
41,2.76749032450134,0.828481550076106,0.253805108626819,2.10368304142836,0,0,0.728760148177349,1.20029425226007,-0.779363738249392,-0.858054161131789,12
41,3.1759452217922,0.47773116426609,-0.845399875639658,2.10368304142836,0,0,0.332210886063387,2.47667646112385,-1.35657147502377,-0.160965821326067,13
41,3.49687406966359,1.94680473826326,0.510484962733119,3.19512927685327,0.0196063491311349,0.0295740519094325,1.86627000815305,1.76021178014635,0.359041383512663,-0.209698472456963,14
41,3.64691872581125,1.65956430701311,-0.638519444342287,3.19512927685327,0.0171142030841483,0.0308304644602867,1.64981335834441,1.70631396474548,-1.02646643198154,-1.25593304193035,15
41,3.90116105983924,1.56651698374571,-1.15675883166224,3.19512927685327,0,0,1.04213463903942,2.39506591057168,-1.60223612249857,-1.06755571093684,16
41,4.11372432271509,2.16619320329385,-2.456906853142,3.19512927685327,0,0,1.99120546934938,1.58308009933943,-2.48939905458321,-2.96321193996762,17
41,4.27210479309318,2.81930955960153,-1.87501842879367,3.19512927685327,0,0,2.47244382188706,1.99094421267288,-1.98641198856779,-1.8554079860008,18
41,4.68472759749926,2.27106930091623,-0.957301141663664,4.28333009992941,0.0179511812590205,0.0304085028802367,1.95857734877054,2.50039856731725,-0.966102871704716,-1.39611037663438,19
41,4.84310806787734,0.932515599592774,-0.0701107526242202,4.28333009992941,0,0,0.834279180132136,1.66826888527836,-0.636844440758962,0.057633219378652,20
41,5.01399225960107,0.544633461745051,0.469206363478398,4.28333009992941,0,0,0.320231422314221,1.7764622200609,-0.0368821321761863,0.295373033380443,21
41,5.4766299493897,2.50806716913571,-1.6089220758245,5.09939971763211,0.0183525841313852,0.0302061360858039,2.29764264290461,2.16043315781498,-2.06489377461339,-1.06540918093229,22
41,5.63501041976779,2.73046859652244,-1.66828972984967,5.09939971763211,0,0,2.49852932636667,1.94989404174582,-1.72917749419092,-1.49059424867729,23
41,5.87258112533492,3.10726189026284,-1.57498134765652,5.09939971763211,0,0,2.79391540393869,2.3975455076667,-1.9211821723053,-2.90286209297962,24
41,6.01428996725216,1.12623153433842,-0.342059836328125,5.09939971763211,0,0,0.764471500168827,2.06155645638936,-0.860742364288636,-0.194536669140543,25
41,6.26853230128014,1.02055898016598,-0.0820875428736421,5.09939971763211,0,0,0.281172836189894,0.463184358478597,-0.5729773765236,-0.0614935611213607,26
41,6.60613277761238,1.62407320459486,-0.965917151234157,6.59562269452816,0.0244435719234963,0.0271353716262506,1.62471953423531,1.01859839762069,-0.924018599243152,-0.455599400711581,27
41,6.81452813337303,2.02152315527644,-1.31853628493856,6.59562269452816,0.0209822579693472,0.0288803890579916,1.65924588971559,2.04599217524128,-2.22330936042769,-0.355760497133426,28
41,7.14796070259006,1.61888644968898,-0.835472232254442,6.59562269452816,0,0,1.12922701313553,2.60006987981877,-1.10394864238036,-0.584379070171271,29
41,7.3896993152724,1.93313900950643,-0.752526380501412,6.59562269452816,0,0,1.9203615600791,1.16769149425008,-1.08941906077858,-1.94111011642382,30
41,7.53140815718964,0.466018793939896,-1.12577104350104,6.59562269452816,0,0,0.585598169166095,1.1992286935694,-1.31251992385645,-0.519522510239306,31
41,7.76064304852635,1.87592741342668,-0.418304562662719,7.66646840214873,0.0230539568846279,0.0278359444429194,1.77996831526448,1.12082607214134,-0.523330522384671,-0.0286177965450958,32
41,8.21077701696934,2.10383034328675,-0.487095573110573,7.66646840214873,0,0,2.24516791866484,0.417664254527489,-0.803708210049579,0.071642169576176,33
41,8.41500446561477,1.55817916201082,-0.0757016997719153,7.66646840214873,0,0,1.20865164921052,1.58809868844007,-0.492429959356637,0.582735848067378,34
41,8.60672819291456,1.23360833949537,-0.0464024799635298,7.66646840214873,0,0,0.881695510704372,0.890991941974234,-0.2075135253221,0.775333931793571,35
41,8.80678773444478,0.971890988778755,-0.319039193239007,7.66646840214873,0,0,0.804716128864291,0.231903636295242,-0.852189820556765,-0.824904523698356,36
41,9.22357844596606,0.749668291939089,0.0455487106758931,9.03808228702714,0.0215371648016778,0.0286006334194664,0.763785562102939,1.30425902117005,-0.606702401946079,0.179670391178874,37
41,9.2694254242334,0.922367779862226,0.283874194818072,9.03808228702714,0.0207756757317648,0.0289845372544497,0.940530263652228,1.26991279255909,0.0787601528847504,-1.77240478315549,38
41,9.53200357249181,2.12856853850383,1.4927053288486,9.39901707059023,0.0388237368663267,0.0593441982573159,2.20584951853972,1.37805436806416,1.06271398793674,-0.404987230842838,39
41,9.99464126228044,1.219713454929,0.220630585227035,9.39901707059023,0,0,1.25589981457509,1.54020956420623,-0.334085184705524,0.616854144208755,40
41,10.2322119678476,0.714679898611299,-0.618322336785123,9.39901707059023,0,0,0.434549031397585,1.21426311432077,-0.837416891699157,-0.152354272217013,41
41,10.2905626674606,0.125985190704157,-0.85231907474394,9.39901707059023,0,0,0.0420158162881818,1.67767668402754,-1.19402469329927,-1.73396424972881,42
41,10.6406668651384,2.27276609436537,0.131221247685965,10.4367155419483,0.0212306362933262,0.0287551694128735,2.09644693570355,2.70448691430709,-0.601387967158865,-1.19404830122017,43
41,10.9365882703185,2.04885949005985,-1.0519690999494,10.4367155419483,0.0163155704784326,0.0312330941659476,1.71405820616124,1.8936498489693,-1.59679312699456,-1.07156109411897,44
41,11.0491217624293,1.48558204697535,-1.50621137811053,10.4367155419483,0,0,1.33953097782221,0.547051577837729,-1.74181758389596,-0.402742384593395,45
41,11.4242334027985,-0.134110588168747,0.136088995850165,10.4367155419483,0,0,-0.485848239151666,0.734232460575191,-0.0098341612760855,-0.761085232357999,46
41,11.5992855016374,-0.408462043038914,0.325071622275476,10.4367155419483,0,0,-0.383834765534093,0.671939161673384,-0.0370888001397114,0.384549738513554,47
41,11.9869008633522,0.475037965715692,-0.761408511249168,10.4367155419483,0,0,0.594458296147127,0.836139454467433,-0.945035344370919,-1.17641922946795,48
41,12.0994343554629,0.272721086681065,-0.904158961474942,10.4367155419483,0,0,-0.142526473496805,0.253073576444038,-1.48733681226515,-0.209343794582619,49
41,12.2786543614171,1.08889764211105,-0.014480891060004,12.2019350749476,0.0233438792804774,0.0276897804019569,1.15750491072346,1.70556452220417,-0.653575331163214,0.496356530557644,50
41,12.6120869306341,2.18922732798875,-0.149178066190159,12.2019350749476,0.0178057769538295,0.0304818082927311,1.92058785771215,1.69312766163723,-0.503798125123198,-1.48240447865648,51
41,12.8038106579339,1.24333144167033,1.78141891655111,12.6229456713441,0.0216140856208372,0.0285618538773236,1.24188878072425,2.43988696535444,1.69200844718966,-0.187657973582219,52
41,13.1122357844597,0.355473287454379,0.469708366248918,12.6229456713441,0.016491340968704,0.0311444796763136,0.263505760136094,0.984355646924507,0.700323609309474,-0.317053622347222,53
41,13.3956534682941,0.311479743247062,0.852766240174498,12.6229456713441,0,0,0.339049613578612,1.58948655150565,0.454839160713293,0.812775252282595,54
41,13.6415599880917,0.0049581118978332,0.509033855110683,12.6229456713441,0,0,-0.0521590823076368,0.812519163896792,-0.417109967284636,0.165167284011133,55
41,13.7999404584698,-0.0961393013690592,0.502322116732426,12.6229456713441,0,0,-0.000991851086363169,0.887312038802028,0.740848471372408,0.207196329752229,56
42,0,-1.11492839169039,0.378538741104817,-Inf,0,0,-1.2194043447678,0.241809400066529,1.18750837527231,-0.765881496836296,0
42,0.166716284608514,-0.642418775776436,0.432887964004929,0.108136515319347,0.0236451650922828,0.0275378875079484,-0.768252521679374,-1.55259389213193,0.88542175530533,-0.0132477994931337,1
42,0.475141411134266,0.541409677027663,1.07324116897291,0.108136515319347,0.0185224204401412,0.0301205133069259,0.455591929115147,-0.0709155270617966,1.78850889500839,1.26266980835103,2
42,0.516820482286395,0.357075719004658,1.32342986559362,0.108136515319347,0.0178301576493101,0.0304695167932746,0.342641519949273,1.02526638337327,2.74738770058983,0.224875477081602,3
42,0.821077701696934,0.903125413552512,1.02862172161705,0.108136515319347,0,0,0.979985731134851,0.664165490001094,1.87589842404872,-0.524140319674799,4
42,1.03364096457279,-0.0753842229362593,0.641255883058338,0.108136515319347,0,0,-0.644545557223107,-0.659586114000016,1.69517005003156,0.614192013212784,5
42,1.44626376897886,-0.402761936309784,-0.0527107106907908,1.43803023614276,0.0244813839712375,0.0271163087260589,-0.1188946101977,-0.478059973663825,0.823794678905869,0.162287121059201,6
42,1.73384935992855,2.03499086196363,-0.22692736498628,1.43803023614276,0.0197047707145119,0.029524432781862,1.87163546088708,1.01721668349658,0.790896115524999,-0.782335182468533,7
42,1.80470378088717,2.1824962507678,-0.283212764729128,1.43803023614276,0.0185279239701007,0.0301177387086531,2.14913080963049,0.898391638433354,0.453829128507033,-1.22123154052842,8
42,2.14230425721941,-0.433492854119209,-0.804928286092887,2.07841551121897,0.0235569863749285,0.0275823427064419,-0.398875444158446,-0.257145616033282,0.465017752599289,-1.46253332320235,9
42,2.4965763620125,1.3111911930425,0.526209221657016,2.07841551121897,0.0176727526528748,0.0305488723404019,1.08218520321338,0.511092930286294,1.74077438067192,-0.751052207883856,10
42,2.65912473950581,1.18668557581812,-1.02196051091819,2.07841551121897,0,0,1.12948160943136,1.28907413655791,0.289751393616847,-0.772406461007024,11
42,2.82167311699911,0.790671440068177,-1.28719532252633,2.07841551121897,0,0,0.935837620973882,0.258099590301845,-0.826851466864918,-0.659910217837238,12
42,3.06757963679667,-0.82897367161414,-0.556493391597881,2.07841551121897,0,0,-0.854400079530039,-1.23193775801096,0.24264113570829,-1.48236142664194,13
42,3.25096754986603,-0.319563452608094,0.275336058860213,2.07841551121897,0,0,-0.464454683821398,-0.850958511379796,1.11478807931421,0.269521355603379,14
42,3.68026198273296,-0.0097671163424633,1.47939036866442,3.66456955081712,0.0243574964144694,0.0271787664946987,-0.00367951884812116,-0.183459372504887,2.43283733563783,0.426191610993289,15
42,3.90116105983924,1.23540305334016,1.2672182750342,3.66456955081712,0.0206885036230701,0.029028484972345,1.28927769885338,-0.436367565154921,2.50055466009801,0.699489315692304,16
42,4.07621315867818,1.38414699148296,0.846108343313592,3.66456955081712,0.0177809999015847,0.0304942996150079,1.1243788269229,0.651544035409929,1.36043596818389,-1.17901482859799,17
42,4.45132479904734,1.39976036526511,-0.168189723534146,3.66456955081712,0,0,0.990471704986989,1.08029286810858,0.464276406923444,-0.951830931245293,18
42,4.62637689788628,1.14619888541926,-0.0494817664337018,4.45190677139192,0.021720300168677,0.0285083059357287,0.781070489386982,0.81062511580149,0.98016208556189,-0.11334697289847,19
42,4.93480202441203,1.80911708943202,0.531626348466466,4.45190677139192,0.0165975555165354,0.0310909317347063,1.31896716015067,1.12984101413785,2.01441922569171,-0.202892215079415,20
42,5.00982435248586,1.33448840655073,-0.948988675578942,4.45190677139192,0,0,1.02967690113609,0.42106287101784,-0.348896629448354,0.312809167881707,21
42,5.48496576362013,0.752023569746018,0.0594190934754764,5.15028015898111,0.0190592232548052,0.0298498847879872,0.577456312992593,0.664941076750619,0.956262015237275,-0.867045946657579,22
42,5.67668949091992,1.21997367048683,0.0198379293418915,5.15028015898111,0,0,1.1919620133523,0.463183394641945,0.801606590469987,-1.13977330496038,23
42,5.82256623995237,1.22466831593298,-0.399647140410936,5.15028015898111,0,0,0.915027273476681,0.232168556274685,0.765232740029531,-1.1027298193986,24
42,6.12682345936291,0.296620537957426,-1.04141694061964,5.15028015898111,0,0,0.495351168667883,-0.727407254755326,0.23669568740315,-0.954154915433222,25
42,6.29770765108663,-0.116171417573677,-1.10265332964743,5.15028015898111,0,0,-0.0926465793485243,0.739903397205234,0.245543066044888,-0.223075862722027,26
42,6.56028579934504,0.566758026813606,0.566298783135804,6.34664204901872,0.0210696512599753,0.0288363298314718,0.878715792320463,-0.308124878628634,1.51918969984416,1.79708880219481,27
42,6.98124441798154,0.258946168303339,1.47817484543902,6.34664204901872,0,0,0.252440784492697,0.73913942362982,2.41350854702304,-0.952791451629089,28
42,7.07710628163144,0.672749387897206,0.0397497858578177,6.34664204901872,0,0,0.610543470605458,-0.178405419380337,0.908812631175682,-0.376089458738903,29
42,7.33134861565942,0.0438532994473676,0.0430723847548138,6.34664204901872,0,0,0.199589473302938,-0.210315602499643,1.13367054253386,-0.0633990887773772,30
42,7.56058350699613,0.592592261555889,-1.59464890000885,6.34664204901872,0,0,1.01741112175274,-0.296033502999258,-0.870348034824354,-2.5088117315912,31
42,7.78981839833284,0.555013343659285,0.105920079522653,7.62255543750854,0.0218400065940561,0.0284479560796501,0.459228375444778,-0.233629824117871,0.971033159206882,0.286179328760472,32
42,8.17743376004763,1.10612655725318,0.120694313434879,7.62255543750854,0,0,0.999665286341145,0.22237414282319,1.05551574719106,-1.07274784768341,33
42,8.44001190830604,1.02544307105562,0.162809960906951,7.62255543750854,0,0,0.812383390382379,-0.194972830276863,0.599781970949735,-1.19287942642144,34
42,8.7484370348318,1.53359405326536,0.324236436595473,7.62255543750854,0,0,1.55594495133374,1.45100380855236,0.998919360476762,-0.0260105386989499,35
42,8.91932122655552,2.54215649021136,0.625430710608422,8.80862108800524,0.0227794789988393,0.0279743221519763,2.14311953838829,0.910605474272145,1.18250134966352,0.814881075247073,36
42,9.09020541827925,2.17867261828957,1.5684499968341,8.80862108800524,0.019941201556446,0.0294052364460162,2.16080342147589,0.976679973782048,2.70169386032471,1.06953640469095,37
42,9.47365287287883,1.13766893228978,1.23675179516688,9.30012477921107,0.0217359467331468,0.0285004177383339,1.30231647109662,0.721924682200302,2.18686305974346,-0.728790176622118,38
42,9.52366775826139,0.671219306787813,1.56425839010547,9.30012477921107,0.0209052313841408,0.0289192219219403,0.352297756694903,0.804041092835963,2.66380383707374,0.915231531842234,39
42,9.85710032747842,1.58861559627633,1.28441265255032,9.30012477921107,0,0,1.49476691396687,1.01595448186974,2.3423573858019,-0.143169780268467,40
42,10.1113426615064,-0.544708042035414,0.14218077005015,9.30012477921107,0,0,-0.252240886165787,-0.876160156175921,0.981517253071942,-0.949123903267718,41
42,10.3614170884192,-0.695399673914128,0.851841529978198,9.30012477921107,0,0,-0.779584951595182,0.00196525534679587,1.96260816316458,0.700393711921506,42
42,10.7406966359035,-1.11946853130961,2.0166842525409,10.6761259382877,0.023545659593511,0.027588053090205,-0.838216442144065,-0.644037122494473,3.03751046326249,1.20826872728394,43
42,10.8157189639774,-0.87619996811911,2.46939293860742,10.6761259382877,0.0222995865700181,0.028216259365632,-0.498400586305633,-0.980845096807675,3.17066396666173,2.17950293618479,44
42,11.003274784162,-0.782236001781578,2.70230166057222,10.6761259382877,0.0191844040112925,0.0297867750542116,-0.845344164453812,-1.0312843384684,4.27559968653617,2.76042826238156,45
42,11.4325692170289,0.170463050329053,0.470461504885086,10.6761259382877,0,0,0.165975693327768,-0.58519555924919,1.25170290128238,0.360508338505197,46
42,11.670139922596,1.33599056224869,0.642827335461099,11.5755578085583,0.0230471891066541,0.0278393564103598,0.93245431978473,0.578969661672455,1.8980341977305,0.0868696838004133,47
42,11.9118785352784,0.8061437865285,1.17807434394861,11.5755578085583,0.0190320649198415,0.0298635766311792,0.70891548578811,-0.122845795559815,2.26992871982312,0.603533428908875,48
42,12.2161357546889,0.500402089314023,0.0317883257704051,11.5755578085583,0,0,0.153703226376056,0.62064250503763,1.07602437704593,0.801996852973299,49
42,12.4495385531408,1.45189431900158,0.314438537679403,11.5755578085583,0,0,1.12142199997594,0.859617652944677,1.85759243042864,0.397177459377274,50
42,12.6412622804406,0.696222319187684,0.855022555121391,11.5755578085583,0,0,0.215670582933164,1.18659226011491,1.96465892284721,0.560299594727267,51
42,12.7871390294731,0.513732642080886,0.944268652183856,11.5755578085583,0,0,0.752184809824458,-0.83372385417329,1.8318214305979,0.968403318227093,52
42,13.158082762727,-1.04511767219013,1.61401439440814,13.1516996740381,0.0245121186683902,0.0271008138639843,-0.942274414049945,-0.132682103798204,2.7538484136848,1.23302723765734,53
42,13.2831199761834,-0.647186686478378,2.79220811206745,13.1516996740381,0.0224353302959108,0.0281478243230406,-0.661526181165303,0.273408275462346,3.03891996702808,2.08033296118906,54
42,13.6248883596308,1.39151567630653,1.60938332091392,13.1516996740381,0.0167587754110972,0.0310096529110845,1.15566370436771,0.111441321549789,3.09655787659649,1.48235651096832,55
42,13.8999702292349,1.22662474850989,1.56024620055103,13.72816244727,0.0217645200133957,0.0284860125521021,1.38102696833316,0.933350481805516,2.39511402298514,0.538966255701795,56
43,0,-0.997679771335126,-0.469594984187833,-Inf,0,0,-1.93113338434277,-0.628374455151955,-1.11371629541858,-0.387044227362932,0
43,0.0458469782673415,-0.504475807408306,-0.103136835715887,0.00121782515197992,0.0238768759298625,0.0274210707568363,-1.75125961851167,-0.445967865718649,-0.993547210470595,0.628182628657977,1
43,0.279249776719262,1.67006975501621,1.67304816730028,0.00121782515197992,0.0200002043012155,0.0293754902803871,0.907368943855344,2.20859791166748,0.715730933068946,0.513134359026126,2
43,0.708544209586186,0.419654910648934,0.609056382219347,0.00121782515197992,0,0,-0.12681321087666,0.792710185808111,-0.0979169702661698,-0.90839651852349,3
43,0.94611491515332,-0.123996876412675,0.45618847894596,0.00121782515197992,0,0,-0.949236080254466,0.231088158684333,-0.389170029033845,1.03420851440048,4
43,1.09615957130098,-0.122836459972701,0.217116003711161,0.00121782515197992,0,0,-1.36843910966074,1.90657006123698,-0.390917480859819,1.20324352068561,5
43,1.45043167609408,1.04279716413978,-0.206748162327283,1.41397297249462,0.0240125818855819,0.0273526547560163,-0.0466641649577822,0.827299798023213,-1.03276679844565,0.139040330999214,6
43,1.50878237570706,1.23937103743919,-0.219951918521661,1.41397297249462,0.0230434139784215,0.0278412596369055,0.350981969812233,0.934056929615431,-0.40330889445947,-1.45771395663194,7
43,1.94641262280441,2.30565959719549,-0.388757193458728,1.41397297249462,0,0,1.56511930985785,1.41511539936569,-0.89860119712513,1.09638262460653,8
43,2.06311402203037,1.92017315747237,-0.997333136781394,1.41397297249462,0,0,0.838518780749244,1.67918722039305,-1.8255820397928,-1.03644056442512,9
43,2.42155403393867,2.27759089755335,-1.16790649118053,2.31211260873466,0.0228003854247758,0.027963782201498,1.18937562116134,2.15189614263993,-1.96911493971182,-1.34157496471963,10
43,2.61327776123846,3.0711204112226,0.434752538698573,2.31211260873466,0.019615976586959,0.0295691982387001,1.8327618886714,3.06100428352164,-0.657243722657088,0.187204473974668,11
43,2.96754986603156,1.89831785754394,-0.859642640562289,2.31211260873466,0,0,1.00837876694933,1.41781555506599,-2.17574257956915,-1.65725285435259,12
43,3.13426615064007,1.63327999106968,-1.04985297478245,2.31211260873466,0,0,0.413154740169805,1.41947998008286,-2.07634765377859,0.0285157086433018,13
43,3.45936290562667,0.890432518199577,0.359199420387671,3.21222006081998,0.0205132526648471,0.0291168375404929,-0.304376082692055,2.24776944743194,-0.831214475928039,-0.170149553987764,14
43,3.6927657040786,1.24314963679597,1.11308620882655,3.21222006081998,0.0166365810362007,0.0310712570640467,0.185382194040633,2.41335545360598,0.380996369805834,1.49376729877533,15
43,3.89282524560881,1.05241221089757,0.0101508662661384,3.21222006081998,0,0,-0.277228983452686,1.45356562663462,-0.643217607472853,1.32182177611045,16
43,4.14289967252158,1.15886598502336,-0.374656063950128,3.21222006081998,0,0,0.267872188692417,0.911964912545559,-1.3182598536279,-1.57355134572063,17
43,4.30128014289967,-0.941852319623219,-0.337639854706766,3.21222006081998,0,0,-1.84058431955627,-0.169021860863216,-1.26874339141659,-0.500192764107551,18
43,4.63054480500149,-2.05973084670447,1.61269981061256,4.45258127906575,0.0216622770318871,0.028537558233118,-2.62185206703638,-0.960180036641252,0.602582666734708,1.57130929537491,19
43,4.76808573980351,-1.57387279344258,2.21152179358676,4.45258127906575,0.0193778098221443,0.0296892697380616,-2.77435554287858,0.134355690598871,1.34935747815517,2.39531319283893,20
43,5.15570110151831,-1.50867942210862,1.19844169886027,4.45258127906575,0,0,-2.57643757560658,-0.494304032280535,0.545240858862014,1.22476439921476,21
43,5.27240250074427,-1.5228916186112,0.891799978027477,4.45258127906575,0,0,-2.54511983070917,0.221787105756555,-0.05037632328665,-0.794974772489084,22
43,5.65584995534385,0.569807677081608,1.69809812426509,5.33798495478964,0.0193386027612414,0.0297090359325348,-0.421509257589442,1.15930253498093,0.5405198815621,1.78791940688887,23
43,5.85174158975886,1.02567642936095,1.00781195589745,5.33798495478964,0,0,-0.342361421349723,1.73363348799494,-0.212950990824759,0.269944064665046,24
43,6.18100625186067,0.413907189496284,-0.40709119369195,5.33798495478964,0,0,-0.560158983114503,0.532119142121293,-1.26429907647106,-0.597076342968468,25
43,6.3518904435844,0.409590224110114,0.548647321349122,6.30970478792532,0.0239174608642607,0.0274006099090414,-0.725375464045839,2.25503924469146,-0.270341140441639,-1.13075593521806,26
43,6.56028579934504,0.918724903338143,1.88609747189031,6.30970478792532,0.0204561469101117,0.0291456273407827,-0.073908061347943,0.760279631662038,0.781144167731648,0.392525667062683,27
43,6.93122953259899,-0.265942276611943,-0.190182971705044,6.30970478792532,0,0,-1.06151067040582,-0.0788089480899571,-1.0465933954752,0.617887019522209,28
43,7.17296814528133,0.59474571557889,-0.511299086877053,6.30970478792532,0,0,-0.10596252516181,0.901074518837219,-1.2598379881412,0.594039797150703,29
43,7.31050908008336,0.847223639203516,-0.584633277370201,7.26215456343399,0.0238150000174303,0.0274522654266158,-0.208450641183818,1.30376947939728,-1.73067309310314,-0.844885978698919,30
43,7.72729979160464,2.91278586514313,-0.60547651307635,7.26215456343399,0.0168923721091304,0.0309423002900994,1.08844702997389,2.15346439113043,-2.0139571786731,0.568025978644715,31
43,7.84816909794582,3.03512464367393,-1.70327413192334,7.26215456343399,0,0,1.89710898443494,2.77231188131653,-2.40031524558587,-1.0929705982314,32
43,8.1982732956237,1.66719671427496,-2.66935132435563,7.26215456343399,0,0,0.507732732850452,3.18806223046307,-3.56815756832397,-2.37309750271969,33
43,8.37749330157785,1.96709416500429,-1.44658239927793,7.26215456343399,0,0,0.925039362284953,1.82015877161185,-2.57613520377793,-1.42984703413305,34
43,8.70259005656445,0.965417230245625,-1.42217752772843,7.26215456343399,0,0,-0.48902169353478,1.89102554483536,-2.41181950258772,0.418404087932667,35
43,8.96516820482286,0.895517068752454,0.376658278646811,8.87068877777515,0.0230488946720794,0.0278384965515377,-0.314899686125259,2.17404834696862,-0.420842317502596,0.447743282529637,36
43,9.1402203036618,0.757970103447192,0.511888179969746,8.87068877777515,0.0201413909505838,0.0293043111941884,-0.426479763763986,1.14941051825736,-0.518212850018044,0.469106110840903,37
43,9.44864543018756,0.120296123687263,0.684890245502554,8.87068877777515,0,0,-1.1799305716351,0.611724575773735,-0.802473751659939,0.533514835644325,38
43,9.54867520095267,0.0417117697909952,0.68068458548334,8.87068877777515,0,0,-0.824320815084387,1.04576405806246,-0.495311964972196,1.64906545109238,39
43,9.98630544805001,0.480812342417981,1.21972167794134,9.57008461484936,0.0177049751078349,0.0305326274269506,-0.221195597758917,0.682340217909862,0.438557855534627,0.993261068637884,40
43,10.103006847276,0.337001053028879,0.780055482916757,9.57008461484936,0,0,-0.9711701907991,2.06091941130398,0.19814270097204,0.577757437978518,41
43,10.4572789520691,0.145352738433725,1.48289083803172,9.57008461484936,0,0,-0.919613384011597,-0.888813440636586,0.831599328555229,1.07208250684963,42
43,10.6364989580232,-0.834181028800732,-0.309496941420713,9.57008461484936,0,0,-1.6792222598008,0.308500330422728,-1.39266805608473,0.419749935029149,43
43,10.9740994343555,-0.779214692912933,1.98467210540445,10.658617211255,0.0193781791751264,0.0296890835291989,-1.56909471257862,1.18636778158311,1.41458383957124,1.32434178706755,44
43,11.1949985114617,0.12888396618049,2.52984513876123,10.658617211255,0,0,-0.520277115177363,0.112567183065825,1.44343559033377,1.07313059101293,45
43,11.3033640964573,-0.284918685914652,1.30697171539405,10.658617211255,0,0,-1.07069647900196,1.50832061010745,0.738201109709671,1.18021209135943,46
43,11.532598987794,0.386719325214088,1.56095906063318,10.658617211255,0,0,-0.884672614794876,0.107721718472062,0.817467346436951,1.2684112723485,47
43,11.8701994641262,0.836427510095938,0.29300074304878,10.658617211255,0,0,-0.124189128541119,0.932193477685077,-0.552487492680062,1.01195033018647,48
43,12.1494492408455,1.07104176774867,-0.477799896555645,10.658617211255,0,0,-0.102947199710346,1.69434935441942,-2.10174054317171,-1.37277669963518,49
43,12.4745459958321,0.881641059620037,-0.247217389852714,12.2402724965046,0.0207270042857729,0.0290090749077081,-0.487952329311622,0.0453127666038902,-1.13812359041315,-0.122838135737479,50
43,12.5328966954451,1.18277878732999,0.583691815388217,12.5278129478934,0.0442915362746287,0.0565876135015998,-0.265313776917221,2.46332062478305,-0.388224911726881,-0.03568857054072,51
43,12.9288478713903,1.6197678832062,0.182594520532119,12.5278129478934,0.0179572033831445,0.030405466833325,0.631888076307064,0.475858162415369,-0.589837499668921,-0.583578554844651,52
43,13.0872283417684,0.983576245264518,-0.390698232777053,12.5278129478934,0,0,0.326282005866356,1.3192225116978,-1.16454226364328,-1.00718581858209,53
43,13.491515331944,-0.22280876759522,0.88105352195845,12.5278129478934,0,0,-1.04602911818828,-0.0752216990934803,0.0699456799892472,0.544398279938562,54
43,13.5456981244418,-0.238931093344741,0.372693352537939,12.5278129478934,0,0,-0.976157454984707,1.56089875562266,-0.478413747907628,0.0919302505309029,55
43,13.8332837153915,0.198460355440873,0.953243891458656,13.6591346142231,0.0217256321946028,0.0285056178010099,-1.2083078702217,0.93829508635406,-0.237400520739046,0.810248013166577,56
44,0,0.298001688406824,0.483299014478284,-Inf,0,0,-0.520838385948884,1.43491245084289,0.56913508821918,1.60668831509681,0
44,0.0375111640369157,0.349194279267359,0.325860957971837,-Inf,0,0,-0.292358067799945,0.284388620952735,0.306102007563309,1.27647788063335,1
44,0.43763024709735,0.391349240949073,1.95056474212553,0.363625655625947,0.0233889686330816,0.0276670486569159,-0.200418472979897,-0.0897998267777991,2.16941106453076,3.99951830726507,2
44,0.621018160166716,2.05335038747829,0.476046082992555,0.363625655625947,0.0203430123534305,0.0292026639968486,1.06808876631475,2.89408456423147,1.1051747295459,0.978787427351987,3
44,0.846085144388211,3.68723559301461,0.152777191325502,0.710815947128531,0.0389761958856522,0.0592673362188465,2.87017884320867,1.5774467050695,0.795407403795288,2.33295740524679,4
44,1.01280142899673,3.80122450554094,-1.34653146289605,0.710815947128531,0.0196023514393847,0.0295760673411106,2.68638063098171,2.96581622899066,-0.805882770869828,0.425307070008342,5
44,1.37957725513546,2.30330462163355,-1.42598852578343,0.710815947128531,0,0,1.62337592295283,3.06510809759284,-1.18365303818215,-0.0298739143376707,6
44,1.66716284608514,-0.44735252716934,-0.109623285920931,0.710815947128531,0,0,-1.40068210385334,0.285163086963471,0.528222700550216,0.884088794288666,7
44,1.80887168800238,-0.259872115702094,-0.0687858266604895,0.710815947128531,0,0,-0.995986623172731,-0.116825598536332,0.690537239932346,2.05805230906598,8
44,2.07144983626079,-0.32590447677306,-0.0825428382634468,0.710815947128531,0,0,-1.06539540755167,1.06816458686979,0.114508040974042,-0.0493768723257709,9
44,2.41321821970825,-0.807568190919033,0.453781154586149,0.710815947128531,0,0,-1.23898639389273,0.0755736994966777,1.19995537191529,0.541841342844669,10
44,2.74248288181006,0.471593526958088,0.915620382649929,2.53538396232403,0.0211783567262389,0.0287815260962231,-0.336220307167442,0.524699361195677,1.469785669363,1.4674162374331,11
44,2.90086335218815,1.0775212875806,1.39249177160957,2.53538396232403,0.0185477581210848,0.0301077393443469,0.249589134886337,1.59666106956298,1.45458053457818,0.919244331917484,12
44,3.12593033640965,0.724800553396352,1.10771447038573,2.53538396232403,0,0,0.154837460119591,-0.524813867561707,1.70834121346013,2.26765339279852,13
44,3.38434057755284,0.25563693304873,0.427100624065449,2.53538396232403,0,0,-0.408567476351878,0.152322171960784,1.30301623638395,0.298348731291964,14
44,3.70110151830902,0.802931047083015,0.2450318900669,3.63841260470844,0.0235769148258916,0.0275722958009085,-0.230714808256685,0.791711776348362,0.691640949458265,1.64135084672799,15
44,3.76362012503721,0.833454402327767,-0.280741842973352,3.63841260470844,0.0225385206396472,0.0280958010304311,0.0535821582311184,0.669209998472538,0.312976038956933,0.656373381994095,16
44,4.07204525156297,1.17213758121586,0.238007782035147,3.63841260470844,0.0174157759875079,0.0306784268294115,0.444067719521359,1.92409896809436,0.41785658945237,0.743656757020813,17
44,4.28044060732361,1.71017428898274,-0.116649279218559,3.63841260470844,0,0,0.519050000456476,1.26920595397668,0.156452463796846,0.238496344875441,18
44,4.67222387615362,0.641254060271916,1.013237216559,4.44869015360466,0.0209053851287257,0.0289191444117857,-0.0723055888103418,1.26102840640958,1.30866921796913,1.31177808221933,19
44,4.93480202441203,0.392269370286507,1.48396432054256,4.44869015360466,0.0165441295465008,0.031117866375786,-0.556129117511621,1.0712027768327,1.78187727189306,1.45698334850506,20
44,5.17654063709437,-0.039709883668429,1.97970687977699,4.94348520277104,0.0207472355686708,0.0289988753298129,-0.928056731168937,0.970188160594823,2.65433132894585,2.49227150703256,21
44,5.25989877939863,0.772439154276613,1.00147285579825,4.94348520277104,0.0193627099870095,0.02969688230251,-0.279173405905107,1.93930408043229,1.35072399338356,2.55906622867558,22
44,5.55165227746353,0.0675992997641735,0.0819546671160288,4.94348520277104,0,0,-0.622676349416568,0.292736089970002,0.586555480091691,1.34170538295457,23
44,5.78088716880024,0.682378136306111,0.158489295373013,4.94348520277104,0,0,-0.0456773846662884,1.50229983483628,0.718079586910504,-0.410200833981517,24
44,6.16433462339982,0.810492011510234,0.545948224476677,4.94348520277104,0,0,0.263768726722064,1.13772015424318,0.517730491960076,0.749600682640941,25
44,6.39356951473653,-0.318147871068452,1.50635952209594,6.17676673388431,0.0210171817776254,0.0288627822603896,-1.2032928331941,0.535765821365788,1.9241443698579,1.86548880538799,26
44,6.54361417088419,0.799295055113939,1.24843061484147,6.17676673388431,0.0185250357306379,0.0301191948112435,-0.0101102907766247,0.591017505245573,1.50541150716546,1.77657183084508,27
44,6.95623697529027,1.37471151676158,0.71786309152163,6.17676673388431,0,0,0.368826209000338,1.56508884598817,0.947128720768722,0.96175770227697,28
44,7.23965465912474,1.18489345467494,-0.00443237706015108,7.16578881257357,0.0233912730977167,0.0276658868637252,0.585317943817257,1.6895667075179,0.135369402870675,0.849059546688643,29
44,7.38553140815719,0.944815094006325,0.443686103511802,7.16578881257357,0.0209683533298166,0.0288873990659497,-0.264656775213294,0.334710534068508,0.873822027935711,1.90287304132179,30
44,7.53557606430485,1.36950090127301,0.740892841914771,7.16578881257357,0.0184762072828291,0.0301438116168035,0.585765022092897,1.4790444082498,0.694647863953543,0.84604169496674,31
44,7.83566537660018,1.18838979790509,-0.398900414227157,7.16578881257357,0,0,0.44603874331618,1.20311173463261,0.0518140707892786,0.307885212355148,32
44,8.05656445370646,-0.146763369818045,0.783960811034541,7.16578881257357,0,0,-0.954635461710551,-0.081426076056393,1.30958916745713,1.5724494424854,33
44,8.30247097350402,-0.35966355627915,0.0346987845980156,7.16578881257357,0,0,-1.0539610779975,0.0633594236355582,0.352361395883592,0.61209890998228,34
44,8.51920214349509,-0.0521456255892993,0.947454894247074,7.16578881257357,0,0,-0.618067468491853,0.713819248802731,1.70218214629014,1.09133193039776,35
44,8.76927657040786,-0.599622595832556,-0.314914430395953,7.16578881257357,0,0,-1.52515390206823,0.133383208172135,0.157381808921055,0.565748240195453,36
44,9.07770169693361,-0.915018479263894,0.812787442897307,9.00152328173594,0.0233528628073591,0.0276852513672563,-1.54772052229254,0.766550773460357,1.46975588001524,2.13382126401251,37
44,9.44864543018756,-0.196118247277142,2.52002808511766,9.00152328173594,0.0171917239689639,0.0307913823957445,-0.805190687161165,1.50755001665699,2.90365312588002,3.10653198048556,38
44,9.66120869306341,1.02119645000658,1.64032035214026,9.56258708125231,0.0229800956248448,0.0278731815117124,0.0800311521258494,1.39552460914193,2.72833478633338,2.7308102313765,39
44,9.77374218517416,0.94212480798638,2.23102598900036,9.56258708125231,0.0211109860896047,0.0288154909248529,0.0427467511042021,0.468133804628371,2.87445743375714,3.24588056776457,40
44,10.0571598690086,0.482603785675246,1.88790606297925,9.56258708125231,0.0164035991119693,0.031188714632034,-0.323568444113935,1.37650403660997,2.24621609169663,2.75007840795411,41
44,10.4322715093778,1.08607055150501,-0.605028182940925,9.56258708125231,0,0,0.150981442577969,0.732037762028863,0.284673056472023,0.923530047914598,42
44,10.6823459362906,1.76345451105759,-1.8088277718029,9.56258708125231,0,0,0.940955377058531,1.74708350199718,-0.980682852505086,-2.21694941775523,43
44,10.9490919916642,1.92587898603554,-1.79285285952926,10.8317976780289,0.022669953956152,0.0280295390757487,1.10739862961628,0.762509103477253,-1.21206184663634,-0.920888034252797,44
44,11.2075022328074,3.10843980859913,-0.172946296579102,10.8317976780289,0.0183779246530053,0.030193360691109,1.79356950357101,2.1171345624204,0.324016535732918,1.07946655996522,45
44,11.3867222387615,1.36743980033235,-1.70563837506773,10.8317976780289,0,0,0.407905429179929,1.13453988733688,-1.09775078019661,-0.463744494295398,46
44,11.6743078297112,-0.235613033003623,-1.15673444576837,10.8317976780289,0,0,-0.846941355464911,0.761664762869755,-0.969837974244446,-0.712939280793287,47
44,11.8410241143197,-1.39563632537579,-1.05993077160647,10.8317976780289,0,0,-2.18053312803485,0.653547709423927,-0.71585295060193,-0.0595942986822052,48
44,12.0369157487347,-0.29737032858846,-0.856667065014949,10.8317976780289,0,0,-1.00644530269018,0.99720400247647,-0.998978336321836,-0.768426816164414,49
44,12.2744864543019,0.960941826272551,0.0852654543188067,12.1342243619066,0.022288473798738,0.0282218618564359,0.259563306849812,1.26786824645281,0.835047599105151,0.751240533750934,50
44,12.6079190235189,1.70027570914737,1.20835830681965,12.1342243619066,0.0167503714720994,0.031013889747222,1.08238753105477,0.624987878016989,1.71509033796182,2.31552960678877,51
44,12.962191128312,2.31568881608693,-0.271663976831574,12.8611416175048,0.0229397697709231,0.0278935117443859,1.68219164652168,2.36266742814161,0.477462718563384,1.20687895729874,52
44,13.237272997916,2.4305364229726,0.677445263917634,12.8611416175048,0.0183708353514544,0.0301969347542971,1.89869402756805,0.733717078265314,1.19388244513903,1.50658501536924,53
44,13.2789520690682,2.21813638992035,1.10600803149637,12.8611416175048,0.0176785725606167,0.0305459382406328,1.2394294714415,2.31916449018964,2.39386394864686,2.13995027977743,54
44,13.5707055671331,2.38724520774737,-0.960932474053489,12.8611416175048,0,0,1.40464413487518,0.799691211662862,0.00820551482709347,-1.77313608525297,55
44,13.8082762727002,1.97301632842149,0.704858490256214,13.6423445296707,0.0218621172726327,0.0284368090065777,1.49643768480795,2.08722089471294,1.54064663296871,1.51976108478728,56
45,0,2.05422307065074,-0.858945401006638,-Inf,0,0,2.54832849552994,0.768321261417992,-2.2750301558681,-0.00212784817081024,0
45,0.141708841917237,2.26777308663857,-0.198270443820563,0.0589051002636552,0.0232428203602514,0.0277407291398442,2.38306051067549,0.517460128770095,-2.06576467262081,1.31023545647962,1
45,0.370943733253945,2.27773548305943,-0.44041356496791,0.0589051002636552,0.0194353750106873,0.0296602483147599,2.80289364678651,2.26500270292778,-1.97253856917593,0.0546692737013363,2
45,0.687704674010122,1.39040186525196,-0.864912828341948,0.0589051002636552,0,0,2.06850165559549,-0.274608338920229,-2.19303742172501,0.586641556962283,3
45,0.796070259005657,1.26641679715367,-0.89145971849162,0.0589051002636552,0,0,1.85339491635987,1.74148493446201,-1.86997254923216,1.7123729510627,4
45,1.24203632033343,0.949250980295158,-2.07963644312353,1.2267587411898,0.0243643868544398,0.0271752926873445,1.42483174413087,-0.335815091430903,-3.52666479361846,-0.202083123316218,5
45,1.34623399821375,1.47148740345222,-1.69946230175452,1.2267587411898,0.0226337298773662,0.0280478014032156,2.23585566727656,0.366211852401815,-3.03859740622214,-0.806911327294988,6
45,1.57130098243525,3.24951988933241,-1.52020155565014,1.2267587411898,0.018895510806884,0.0299324202294965,3.44037761054306,2.50056956338429,-3.24645915899781,-1.45633308415844,7
45,1.94224471568919,2.44752225854205,-0.804457033400276,1.2267587411898,0,0,2.64541938078356,1.12970255240733,-2.37902375159125,0.834551559577104,8
45,2.14647216433462,2.59140282112213,-1.60942209820139,1.2267587411898,0,0,2.88336120276908,1.52815028404053,-3.21482715380592,1.7493438016354,9
45,2.27567728490622,3.08738954553851,-1.36513974977981,2.16656584026865,0.0228058661915381,0.0279610190792657,3.04525635982837,1.05518331632716,-2.84774693443178,-0.329103937613156,10
45,2.55075915451027,4.20238827405874,-1.31472458701776,2.16656584026865,0.018236931772061,0.0302644420891647,4.62254792768352,1.22789566137984,-2.82230038688321,0.40118268382286,11
45,2.917534980649,1.59909949345156,-1.63953935410715,2.16656584026865,0,0,2.17800651191575,0.255884931421303,-3.24035758637654,0.202130385126416,12
45,3.15927359333135,1.51190565553005,0.0209636365104939,2.16656584026865,0,0,1.87320672445667,0.46569884324123,-1.64684089795093,2.29314382287672,13
45,3.28847871390295,1.27839321407109,-0.255024606167264,2.16656584026865,0,0,1.86429974877136,0.968695977086795,-2.18399788665922,0.524348597879882,14
45,3.60523965465912,2.69121030690018,-0.52872906828223,3.28976899079907,0.0193783711667318,0.0296889867368406,2.8211265542025,1.26861499443022,-1.90990969831914,1.04646517456171,15
45,3.94284013099137,2.39632461419481,-0.382447208219919,3.86260566135618,0.0232854943299108,0.0277192151073308,3.15603022242996,0.922816098320181,-1.6862033521393,2.40978132669041,16
45,4.23042572194105,1.7189314217283,0.21681283246521,3.86260566135618,0.0185088810731866,0.0301273391631374,2.19531827509167,-0.475129354124079,-1.70511808292028,0.798705532890703,17
45,4.25126525751712,1.43070937531345,0.247489020563079,3.86260566135618,0.0181627496777706,0.0303018409063113,2.06983336692302,-0.137074618893281,-1.52546105781832,1.51907901414033,18
45,4.62637689788628,-0.167093178895799,0.769784484399788,3.86260566135618,0,0,0.389696500301633,-0.677843567533514,-0.375709949279079,1.6765005607947,19
45,4.87645132479905,1.05706877262664,1.08655129121702,3.86260566135618,0,0,1.73251559030098,0.216158216089128,-0.852170139703158,1.6423744378974,20
45,5.12235784459661,0.726864025686677,1.85685430458689,3.86260566135618,0,0,1.6086455732241,-0.0692275047055124,0.609151758653539,3.75829136459118,21
45,5.32658529324204,1.19295371873843,1.64590175267431,3.86260566135618,0,0,1.45208526937048,0.431069525322653,0.0458848912702576,2.55246410264892,22
45,5.60166716284609,-1.15096608893141,2.72094685717192,3.86260566135618,0,0,-0.0970962801572501,-0.291868898014199,1.32978264904152,3.45185904629314,23
45,5.81423042572194,-1.73812240312658,1.27010589222682,5.79132290313987,0.0242376583599585,0.0272391827114529,-0.656835029705767,-2.24843079584902,-0.178747553972557,2.40997115154105,24
45,6.01428996725216,-1.13307188748882,2.5229596694891,5.79132290313987,0.0209147969639743,0.0289143994459251,-0.0234180988623749,0.281452345136639,1.3496016365991,4.41988705721068,25
45,6.36022625781483,-0.184940900457184,1.39987375430701,5.79132290313987,0,0,0.432682764616217,-0.0664818744790372,0.163219450386349,2.21697974937976,26
45,6.73533789818398,-0.104057968379925,1.78377780105802,6.39138824880446,0.0189053533798498,0.029927458107707,0.479710382309703,-1.43776131660228,0.420174278582234,3.23776519531596,27
45,6.93122953259899,1.20672112595767,1.11094435094607,6.39138824880446,0,0,1.81609593174299,-0.197656292906833,0.153466913917187,0.655259396214843,28
45,7.21464721643346,1.92980271576027,0.246169003718086,6.39138824880446,0,0,2.68030283523423,0.00739794818301165,-1.48889668113233,2.86081315087344,29
45,7.2604941947008,1.3053523690334,0.419691897635419,6.39138824880446,0,0,1.90420929464882,1.36364292564251,-0.907413272085233,-0.0529886334484446,30
45,7.7439714200655,0.737208378915595,-0.598852072715948,6.39138824880446,0,0,1.35431905735159,-0.914283773361776,-2.54679910306156,1.3335971070941,31
45,7.99404584697827,-0.758226591132001,0.489910465793421,7.98237072437679,0.0244242213601242,0.0271451271904226,0.116484960385856,-1.77258457815815,-1.1075303424433,1.54410068213832,32
45,8.21077701696934,0.832319516346424,0.487121189687697,7.98237072437679,0.020824454847804,0.0289599453194275,1.33786303996184,0.0206700218392515,-0.898272863450715,2.02768628109215,33
45,8.46501935099732,2.50412784577357,0.909133955566151,7.98237072437679,0.0166016518237503,0.0310888665861652,2.81395812429154,0.939569188110652,-1.15597796787129,2.65759234568584,34
45,8.69425424233403,1.92957056139346,-0.0609622550119879,7.98237072437679,0,0,2.31483166552386,1.20752953228942,-1.40114960326449,2.156530417927,35
45,8.76927657040786,1.8080500358504,0.0251418317817209,7.98237072437679,0,0,2.03243629433728,1.60642284258049,-1.78065357749886,0.780297771745043,36
45,9.16939565346829,1.38123880319282,0.429501421092118,8.87175444749614,0.0196745070914329,0.0295396901524714,1.98719118851797,0.761299446959224,-0.980486428067616,1.26637404965854,37
45,9.25275379577255,1.2971045200888,0.322786669385724,8.87175444749614,0.0182899815097819,0.0302376971251805,2.09978858623473,-0.123839683677143,-1.49974043403113,2.78259080424978,38
45,9.50699612980054,1.23171809896025,1.52761111384546,9.33774214541325,0.0218069369624541,0.0284646280962144,1.36870618541428,0.748184588892937,-0.219159895186176,2.19498464647738,39
45,9.77791009228937,1.02074187510076,0.739479208433331,9.33774214541325,0.0173072288220691,0.0307331507574909,1.73276940947612,0.595460834309298,-1.10057519411776,2.22064598970189,40
45,10.2030366180411,0.493103107572837,-0.189534336499192,9.33774214541325,0,0,1.14670614465188,-0.60145975149665,-2.12414071449229,1.68525919437464,41
45,10.357249181304,-0.391396691615061,0.479119166584829,9.33774214541325,0,0,0.30084805065172,-0.953475639120453,-1.32537753752145,2.31448858703846,42
45,10.7115212860971,0.218775407651346,-0.186596641667753,9.33774214541325,0,0,1.15178827021788,-0.411256913498691,-2.23313818634952,1.93963186347525,43
45,10.8115510568622,0.354810896451013,-1.00110035002934,9.33774214541325,0,0,1.25620057175662,-0.814607864791445,-1.9438116074103,0.753881691134821,44
45,11.0741292051206,1.61007842253411,0.433926527721589,10.8421461053945,0.02076504636244,0.0289898960387,1.93718722689915,0.37326495940888,-1.44786141911703,2.28790906829486,45
45,11.2866924679964,1.43625517155113,0.28272181629489,10.8421461053945,0.0172345061292081,0.0307698138190756,1.85181392002952,1.88807083314452,-1.27252126673042,1.17970748781078,46
45,11.5075915451027,-0.248931797325551,-0.346877174985728,10.8421461053945,0,0,0.466876501763538,-1.80441628079177,-1.60265876117106,0.795038675129016,47
45,11.7576659720155,0.313185827187124,-0.376156327815049,11.7231920889615,0.0240455484890101,0.027336034680973,1.15773012883159,-0.0707358484954952,-2.36610959986975,1.92229768441068,48
45,12.2244715689193,0.743544883815588,0.605193748289185,11.7231920889615,0.0112641301413795,0.0215785854159052,1.37884858239585,0.481894237838691,-1.44792149472445,1.37144077836131,49
45,12.4912176242929,1.78034070682911,-0.856502386212347,11.7231920889615,0,0,2.25776211328604,0.321714304887097,-2.67477679403704,0.712889599886794,50
45,12.5495683239059,1.61409689637809,-1.10852749021109,11.7231920889615,0,0,2.57497007826472,1.80247784699365,-3.25423589295996,0.19620600219661,51
45,12.9746948496576,1.48847981836855,-0.901546616494964,11.7231920889615,0,0,2.3864152864341,0.393274754092008,-2.65099446231539,0.861055699423027,52
45,13.0122060136946,1.89978683351502,-0.97916722427217,11.7231920889615,0,0,2.34199085777225,1.17231238307037,-2.39152801558882,-0.31223526663426,53
45,13.3498064900268,1.55331169705409,-0.410078279512884,13.1837566168531,0.0218601552062763,0.028437798180065,1.95225408173807,0.156206691970232,-2.2616549922872,1.15350420220505,54
45,13.7124144090503,1.21100893948513,-0.0581509041992305,13.1837566168531,0,0,1.79678163387106,1.56466480019401,-1.35597929936236,1.70396321637853,55
45,13.8749627865436,1.8316866038872,0.212933077108525,13.7282509946381,0.0221813484031961,0.0282758690008558,2.0388975526299,1.56107819305149,-1.12837760258922,1.814945991014,56
46,0,1.04129251599073,0.168738001026001,-Inf,0,0,1.95751164743694,0.292596880277748,-0.614701376797837,-0.0146383809320702,0
46,0.0833581423042572,-0.383991114316507,-0.0322396100273092,-Inf,0,0,0.364890859145632,-0.449918516476172,-0.962920021988471,0.0440148700884471,1
46,0.266746055373623,0.944960522819314,-0.711786188751784,0.22874180363724,0.0239869113167086,0.0273655965436626,1.93588442791329,-0.970626699176018,-1.19245675136376,-0.205525319570349,2
46,0.616850253051503,1.3290469736781,1.46967687959353,0.22874180363724,0.0181719038737377,0.0302972258289884,1.96446445762786,0.771108111020024,0.765728870294861,2.04678813943749,3
46,0.933611193807681,1.61525474018923,0.891632255436074,0.22874180363724,0,0,2.27285093753959,0.534665749867084,0.532377826157166,2.17371876534261,4
46,1.04197677880322,1.00178253980621,0.741034223278248,0.22874180363724,0,0,1.92327520121597,0.404136500441832,-0.293205320801869,-0.00928760741844148,5
46,1.41292051205716,1.66779605411131,0.184008760098129,1.22133307701263,0.0214359925902971,0.0286516392729598,2.0216944158859,0.391073049204614,-0.918053590037133,0.721230295670994,6
46,1.63798749627865,1.08673851760873,0.0680078772821941,1.22133307701263,0.017697773519815,0.0305362580992407,1.81741717031182,0.194845017779147,-0.527081503460522,0.415305401269473,7
46,1.79220005954153,0.836446323535765,0.138198171050351,1.22133307701263,0,0,1.46136047941416,0.62950508018621,-0.656838700245752,0.902280336485348,8
46,2.04644239356951,1.84550233848498,0.328910795657809,1.84546412103451,0.0212800167686251,0.02873027430328,2.5355204012781,0.628751590180719,-0.565349254532094,1.27546450876526,9
46,2.48824054778208,1.20442163628759,0.376377484686276,1.84546412103451,0,0,1.80625362782749,0.431448751394145,-0.866978824431178,1.59069899511209,10
46,2.66746055373623,0.799983145519146,-0.10208501878529,1.84546412103451,0,0,1.92743819012191,1.34196568090978,-1.38515616530031,1.05352554792553,11
46,2.77165823161655,1.01811597271367,-0.336816018647033,1.84546412103451,0,0,1.90597966623593,0.316744257468782,-1.21281800691361,-0.211443403888308,12
46,3.03840428699018,-0.435444083872059,0.277791357226795,1.84546412103451,0,0,0.698952457624761,-0.797108429282313,-0.580032368882324,0.921644940330793,13
46,3.43852337005061,0.274844539424988,-0.757053439269348,1.84546412103451,0,0,0.856503877965833,-0.335558964046354,-1.91933515057465,-1.22710868071922,14
46,3.71360523965466,1.57890848492773,-0.415591354127638,3.62400165474436,0.0231298793003871,0.027797668244715,2.36234197449038,0.311942285499073,-1.64582914612229,-0.489659372732989,15
46,3.8886573384936,2.31239067353396,-0.113033155398497,3.62400165474436,0.0202223755789007,0.0292634828873775,2.9576239317361,0.467552624786873,-0.654269351438113,0.186037157890394,16
46,4.06370943733254,1.53060052783767,1.11913343131932,3.62400165474436,0.0173148718574153,0.0307292975300408,2.214932925409,0.441240950336894,0.106491835548073,0.533067314412147,17
46,4.49717177731468,1.48879854635178,-1.16428322163717,3.62400165474436,0,0,2.23402278358814,0.391155058995524,-2.1903279419195,-0.823211582741529,18
46,4.65138434057755,-0.343314811634182,-2.03355223418358,3.62400165474436,0,0,0.716425111642799,-1.06890657938695,-2.78318875320976,-0.827877092589406,19
46,4.84727597499256,-0.381424469911451,0.358139902921011,4.69555691896687,0.0220981809395692,0.0283177977815831,0.387975709536129,-0.612866478826173,-0.0283534698388476,0.93083527157324,20
46,5.10151830902054,1.14697098108581,0.973519256264187,4.69555691896687,0.0178753779155063,0.0304467190483073,1.75887154830575,0.648517316125313,0.0854150730635236,0.81186379834025,21
46,5.33075320035725,0.0484644700453666,1.17692009062974,5.24106419662981,0.0231284605483098,0.0277983835069351,1.03274386342514,0.168583192434803,0.410759399780228,1.60175660260951,22
46,5.66001786245907,0.777877865820545,1.71356162053328,5.24106419662981,0.0176595845007531,0.030555511049087,1.42710350919337,0.853300310008901,1.26036690033985,0.466032953598448,23
46,5.78505507591545,0.911805696890103,1.40257194382218,5.24106419662981,0,0,1.9423327921452,0.530802278299882,0.576512607918439,2.16280388712364,24
46,6.03929740994344,0.394254694106956,0.377334940350818,5.24106419662981,0,0,1.05950294292825,-0.508319366248584,-0.519221262987239,0.0749352805285153,25
46,6.29353974397142,0.730114280004428,-0.696003372222006,5.24106419662981,0,0,1.24904219607867,0.834086317485006,-1.08933466181292,-0.924276051194429,26
46,6.50193509973206,1.15919776149557,-0.941085990245312,6.37690937734531,0.0225415401875189,0.0280942787288552,1.8442985006643,0.670057220267595,-1.89382327462138,-0.693146364934251,27
46,6.8061923191426,2.31911278127747,0.0279012369411168,6.37690937734531,0.0174880218144648,0.0306420041792038,2.71638504672203,0.554792089069398,-1.1815812023478,0.238085011761958,28
46,7.01458767490324,1.55741389584595,-0.577283549138112,6.37690937734531,0,0,2.20402249269962,1.42732191169706,-1.11218621174986,0.130646073469886,29
46,7.33134861565942,1.87795847947637,-2.52608835496705,6.37690937734531,0,0,2.35125485984946,-0.376326239744183,-3.14220043083197,-3.11482121357548,30
46,7.55641559988092,1.80350783513559,-1.77691588168063,6.37690937734531,0,0,2.43251081530869,0.290154008030263,-2.24503803883549,-1.75513464393223,31
46,7.99821375409348,1.66627103415665,-0.013957799041941,7.9587745861025,0.0239630782728442,0.0273776119451976,2.18097990098424,1.36541583320831,-0.541754940115999,0.603822865132155,32
46,8.20244120273891,1.18397316213456,1.15543148550599,7.9587745861025,0.0205709905977734,0.0290877290282989,1.56661023825863,0.672840590941693,0.52451645145611,-0.959822895414757,33
46,8.41083655849955,1.74798137754648,1.35176445940074,7.9587745861025,0.0171096766436235,0.0308327464600397,2.39539574321813,0.625887469259211,0.54743886688452,1.04203027285258,34
46,8.56921702887764,1.58830890142873,0.255900116574594,7.9587745861025,0,0,2.27193592252103,0.279095765371825,-0.606931249585587,0.253873747730044,35
46,8.87347424828818,0.0539512167789842,0.63323643237823,8.72272756584884,0.0221143314446984,0.0283096555230696,0.967229076040575,-0.32170056920551,-0.141146868174036,0.632870782132395,36
46,9.19440309615957,0.580572817424081,0.635320968311074,8.72272756584884,0.0167839079553157,0.0309969823679637,1.37226978285791,-0.728874669606748,-0.153212421335021,2.03283700258363,37
46,9.41530217326585,-0.441000537740052,-1.09570637622542,8.72272756584884,0,0,0.503462027387415,-0.484250046307908,-1.69796629842394,-0.432896225927868,38
46,9.6903840428699,-0.424089887700617,0.665448196891671,8.72272756584884,0,0,0.30856100129368,0.108689918486099,-0.266527951045473,0.848452576906436,39
46,9.89044358440012,1.70399046098684,-0.0594575812341417,9.75349469907367,0.0223435040551386,0.0281941184162386,2.16739606627178,1.26492630993555,-0.241697131277401,0.588380435711882,40
46,10.0738314974695,2.18143339926099,-0.264010328326245,9.75349469907367,0.0192975477754967,0.029729733756183,2.45088898608995,1.50138836228639,-1.31410895061859,0.0480008761002185,41
46,10.3280738314975,2.02250452029202,-0.984518866980586,9.75349469907367,0,0,2.67111896722938,1.38103430569871,-1.48729261777162,-1.25017252182372,42
46,10.6490026793689,2.77774090938468,-1.13750237416837,9.75349469907367,0,0,3.48708697462824,0.535550856125328,-2.16091962852042,0.50835034317314,43
46,10.9490919916642,0.911274073455421,-0.711369412147059,9.75349469907367,0,0,1.82479162865734,-0.157612479836457,-1.76538245707289,0.487467541141289,44
46,11.0616254837749,0.139764103067003,-0.653149782780929,11.0515810187028,0.0244513055417341,0.0271314727315579,0.739087809168437,0.616343563874118,-1.34772859427999,0.476691942700046,45
46,11.2991961893421,0.881443806523223,0.211223089432606,11.0515810187028,0.0205054076339932,0.0291207926037313,1.618089820864,0.744503129532012,-0.951937270988471,0.353318179310183,46
46,11.6826436439416,1.35926229562599,-0.372405072008853,11.0515810187028,0,0,1.58740537685086,0.833572401744112,-0.812328094395796,0.868502353938679,47
46,11.786841321822,1.33461396141521,-0.0656749858747929,11.7275456031587,0.0236332736297724,0.0275438825750288,1.83387552319995,0.708164661566957,-0.886627072340365,0.0560771607554935,48
46,12.1536171479607,0.518974114433763,1.13210232165252,11.7275456031587,0.0175413610704795,0.0306151132549058,1.40480500646889,-0.402310377402189,0.393652817692267,-0.284386704894116,49
46,12.4495385531408,0.0566423881534903,0.577056877895988,11.7275456031587,0,0,0.318860187942485,-0.998435171267698,-0.579246372845327,1.57040127134393,50
46,12.6996129800536,1.13418687845581,1.40853331875692,12.5127375349188,0.0215142557376094,0.0286121829976537,2.12786507271812,-0.0963934011140009,0.375693489503696,0.852641294402698,51
46,12.9913664781185,2.80412416176854,0.148009094423812,12.5127375349188,0.0166684162017917,0.0310552074020794,3.49271848871916,0.635031515188245,-0.916297130583409,0.986172439603933,52
46,13.0038701994641,2.41102805995171,0.0332616011720058,12.5127375349188,0.0164607373645427,0.0311599084479842,3.26779658785713,1.34016132870389,-1.05647302929816,-0.293085858644913,53
46,13.2622804406073,1.44616004426526,-0.255050040648721,12.5127375349188,0,0,2.20194438339129,1.23422936652699,-1.15445227361413,0.71014302403465,54
46,13.6999106877047,-1.1165355990191,0.440428957951622,12.5127375349188,0,0,-0.223393554198738,-0.863376470418758,-0.194518922059877,0.206097812183948,55
46,13.8207799940458,-0.355545037272358,0.558472419843816,13.7450887288433,0.0233609540580956,0.0276811721725441,0.402529818296594,-0.17766420069213,0.264955301467749,1.48645184119946,56
47,0,0.187817901007518,0.556326742011566,-Inf,0,0,0.468244867525563,0.177429949689841,0.37558118378569,-1.17276308570821,0
47,0.0416790711521286,0.261788350564412,0.604444400929807,-Inf,0,0,0.165296927582388,-0.968884409518057,0.683225134497644,0.155796430979058,1
47,0.287585590949687,-0.637654937897538,0.81004579597829,0.250843757449184,0.0240078792784938,0.0273550255699491,-0.405447379539308,-0.129199670137844,1.37404803146734,-0.951305349430143,2
47,0.629353974397142,-0.501313258170526,1.91124345246432,0.250843757449184,0.0183313243936886,0.0302168541580054,0.0917494950263649,-0.346172910681397,1.87365911584092,0.138494222786113,3
47,0.88776421554034,-1.2885041289129,1.58830647504432,0.250843757449184,0,0,-1.1490590594247,-1.23076317232282,1.74051983080859,1.17162206255024,4
47,1.05448050014885,-1.40183141471464,0.849602154255629,0.250843757449184,0,0,-1.11268209279145,-0.708164105832823,0.959297382591074,-0.0414252460717178,5
47,1.47960702590057,0.41308303807394,1.27965504754812,1.31314328738775,0.0218532811669433,0.0284412637190627,0.601640114042105,0.208852155445284,1.90692534879294,0.296474019153003,6
47,1.7171777314677,0.894288811485483,1.93059055326182,1.31314328738775,0.0179073832592126,0.0304305835912484,1.02404134205347,-0.0722335740567111,1.5324663106655,1.98567927518367,7
47,1.85055075915451,0.343818405199912,2.38157060988321,1.31314328738775,0,0,0.649928501211516,-0.116554358801853,2.66496726264249,0.00920909960965588,8
47,2.17564751414111,-0.213085533119672,0.666014870546462,1.31314328738775,0,0,-0.238569354606357,-1.06792310100787,0.973491866976304,0.416551108816571,9
47,2.30485263471271,0.798131171872275,0.61242122315061,1.31314328738775,0,0,0.696825282206523,0.0773582707701051,0.693135190222545,0.7039423183972,10
47,2.50074426912772,1.17777178080567,1.10312035900945,1.31314328738775,0,0,1.26712586179297,0.7846158527061,1.26066874653344,1.03552468253055,11
47,2.77582613873177,1.17584643073961,0.828833613656942,2.54671373578827,0.0208127268052042,0.0289658579985652,1.21150449711896,0.00714060828574847,0.845000798929623,0.675318723554055,12
47,3.13426615064007,0.874768692293766,0.517716727794034,2.54671373578827,0,0,1.1648445567706,0.0552894491719738,0.811556265754382,-1.71155733123372,13
47,3.41351592735933,0.737495818386292,-0.735805674693694,2.54671373578827,0,0,1.10775842774728,-0.0529849553524933,-0.695328398848851,-0.400019699184364,14
47,3.53021732658529,-0.0244181202266959,-0.374733438170784,3.45533521980441,0.0233743936634307,0.0276743966110307,0.088478337637078,0.398802884904176,-0.163749741292603,-1.5797817421331,15
47,3.86364989580232,1.54426515366899,-0.0903855554983852,3.45533521980441,0.0178362913367912,0.0304664245018171,1.55615165654826,0.948265505996361,-0.0230093711156411,-1.6630737385104,16
47,4.04703780887169,1.35516601259539,-0.796254930038646,3.45533521980441,0,0,1.4871962185052,0.0154398498840037,-0.521022958652252,-1.72226411066279,17
47,4.30128014289967,0.618406153030468,-0.499633457663651,3.45533521980441,0,0,0.553341506644742,-0.0127625321987537,-0.738462730307319,-1.28693043651629,18
47,4.68889550461447,0.82591706295548,-0.0509842959155868,4.42983561436861,0.0203153181402504,0.0292166260024332,0.964436964082437,-0.00384984298379407,-0.0493777138956891,-0.756122631707245,19
47,4.83060434653171,1.8788278874674,1.06593662180894,4.42983561436861,0.0179616246514257,0.0304032378560114,2.00299976774729,0.810147175824414,1.14374261806474,1.63220434689931,20
47,5.1515331944031,2.61485886073001,-1.76054507867752,4.42983561436861,0,0,2.71699773230126,1.91665506941376,-1.78064346948638,-3.0572459929073,21
47,5.35576064304853,2.95326098566353,-1.24475378804847,4.42983561436861,0,0,2.27107365569847,1.545171679546,-1.63592770360761,-0.919068692211516,22
47,5.53914855611789,2.60670630598826,-0.879014799353004,5.48946931405494,0.0237929971731549,0.0274633581351333,2.31127696894217,1.32133936138332,-1.499152194018,-1.00888117396687,23
47,5.91009228937184,2.30323970640103,-0.132866448500164,5.48946931405494,0.0176318583347737,0.0305694891636387,2.20476515375648,0.373896789649227,-0.14475788924449,0.071872881910562,24
47,6.01428996725216,1.6358573499526,-0.0516840235099445,5.48946931405494,0,0,1.11011626903567,0.365628891684326,-0.253094051683712,-1.17567947497297,25
47,6.46442393569515,0.412564992840856,-0.86277714045391,5.48946931405494,0,0,0.716588875451939,0.356639012723994,-1.05512053577429,-1.21868531002264,26
47,6.71033045549271,0.87122318014191,-1.72992146331763,6.70921059829505,0.00664026175326116,0.00734239660776281,0.933314711914378,-0.464685736765211,-1.9425070842648,-3.54591723274795,27
47,6.87287883298601,1.97284722359055,-1.45209361409817,6.70921059829505,0.0218997127025789,0.0284178553140061,2.02634803517809,0.795385840380251,-1.29968565935771,-2.57914108277042,28
47,7.08127418874665,2.03325579079652,0.0671116288121863,6.70921059829505,0.018438398748429,0.0301628727457474,1.75967551038513,0.211028530005464,0.21830052118211,-0.959805764644356,29
47,7.29383745162251,2.33711805502597,0.292625480214399,6.70921059829505,0,0,1.68023037457263,1.06521375435879,0.28026089816406,0.227376159585734,30
47,7.72313188448943,0.852789237916633,0.412917840300979,7.46827204205239,0.0203850782557558,0.0291814565207824,0.793914384704143,0.607830515140062,0.603720172679591,-0.607893908844112,31
47,7.93152724025007,0.593172345316911,0.953402445343589,7.46827204205239,0.0169237643016068,0.0309264739525241,0.421145184058316,-0.792280758058282,0.652442665450072,1.07086995085324,32
47,8.03989282524561,1.07514522901435,0.383901166681911,7.46827204205239,0,0,1.30361322452091,-0.195932309062857,1.04147161549892,-1.56085951268158,33
47,8.49836260791902,0.907144307388198,-1.19126600939402,7.46827204205239,0,0,0.985042471125563,0.161643938316466,-1.57484142345729,-1.68907292882035,34
47,8.57338493599286,0.482606515573491,-0.940189009360036,7.46827204205239,0,0,0.565752570713186,1.45212790727546,-0.531911564785108,-0.851188137342758,35
47,8.99434355462935,0.726514286976127,0.0356453886892273,8.68390958442783,0.0194620274362325,0.0296468115252175,0.641306121594293,-0.889834870015462,-0.579481292928445,-0.688758596869019,36
47,9.2360821673117,0.881784806291306,1.34478133245963,8.68390958442783,0,0,1.05495754941462,-0.0712024659749367,1.06433981803958,0.139754446314723,37
47,9.25275379577255,0.600080292956594,1.45471514306013,8.68390958442783,0,0,1.04081186038152,0.184535538776616,1.6643515479581,-0.289239424682964,38
47,9.54867520095267,0.124361791524798,1.62426562249166,9.37271020094183,0.0216954712729364,0.0285208233948452,0.264983338487518,-1.17598149331803,1.66034860286022,-1.00258310350455,39
47,9.96546591247395,0.206887514349129,0.890643577880664,9.37271020094183,0,0,0.441606267455987,-0.833567332045697,0.886385163927121,0.350603324905284,40
47,10.1405180113129,0.0303186424281995,0.306699317065003,9.37271020094183,0,0,0.343269570509572,0.0978604266887104,0.441300994706024,-0.491866847702527,41
47,10.3697529026496,0.191061258480191,0.16478232822603,9.37271020094183,0,0,0.401171124374413,0.219387676356229,-0.12043393479684,-1.0691874258802,42
47,10.5031259303364,0.784905434873839,0.324955669233637,9.37271020094183,0,0,1.16194853997657,0.519583406203096,0.546593027084455,0.661430129670071,43
47,10.7907115212861,1.895191872644,-0.358727445874717,10.6889603279119,0.0229281152709853,0.027899387347067,1.79209980541656,1.56204547182321,-0.307211439832007,-1.98599055678726,44
47,11.2158380470378,1.38253506970096,-0.652024092620791,10.6889603279119,0,0,1.16395428409687,0.359984990289555,-0.708138680430748,-1.79946661784303,45
47,11.4700803810658,0.92963942379169,-0.546221471040088,10.6889603279119,0,0,0.714290789124036,-0.503698380436738,0.266075884956877,-1.54601548982858,46
47,11.6993152724025,1.07125975389396,-0.324117269236154,11.6201971631766,0.0233040363643423,0.0277098671620867,0.85807265942156,-0.188146405584197,-0.408030121470728,-1.50697002669205,47
47,11.9160464423936,1.02102753208884,-0.277636772220875,11.6201971631766,0.0197042698520359,0.0295246852911095,1.20051437044118,-0.0508680613807285,-0.349350854090944,-0.496134272745443,48
47,12.0910985412325,2.78701137310803,-0.121105701522536,11.6201971631766,0.0167967661305421,0.0309904999337599,2.4936619999269,1.78511698949632,-0.547085069945504,-0.109757992295815,49
47,12.3995236677583,1.93836439934728,-1.76289861537111,11.6201971631766,0,0,1.61621280977613,-0.192699454081191,-1.79513171736002,-1.24168732474306,50
47,12.6370943733254,1.97833987909743,-1.94395245450182,11.6201971631766,0,0,2.09995294689371,1.28860304261858,-2.00424307428926,-2.73096478191654,51
47,12.9496874069664,2.32356251067317,-1.93972917921966,11.6201971631766,0,0,2.08914277101186,0.481442222254203,-2.05815981708846,-1.67860965423858,52
47,13.2247692765704,2.84161713864718,0.16094638826116,13.0019469220908,0.0209172004986795,0.0289131877066718,2.78186536559204,1.35921072092995,-0.000749759094850144,-0.473205050484335,53
47,13.4748437034832,2.29197493894564,0.383053808539706,13.0019469220908,0.0167636237537078,0.0310072086247744,2.4557341732569,0.724033445485326,0.546254308658843,-1.3364509034922,54
47,13.549866031557,2.14211106763819,0.124306255743325,13.0019469220908,0,0,1.80594637218067,0.479974055176306,0.315426784346176,-0.750559265434774,55
47,13.8958023221197,2.06282203622975,-1.58844418200476,13.0019469220908,0,0,1.70444771358394,0.721234248284191,-1.09172668626231,-1.6856725929634,56
48,0,0.884602936358655,-1.25124191074155,-Inf,0,0,0.543310315679038,0.378102422049226,-1.43604825694235,0.0667940486363952,0
48,0.112533492110747,0.741819176898311,-1.49804062108583,-Inf,0,0,0.569123979837408,0.359042592217588,-1.83212754543418,-1.04054287484834,1
48,0.300089312295326,2.0058362229934,-0.31993691436075,0.215904753282666,0.0232198858645397,0.0277522915393652,1.74676126011413,0.990606281794045,0.0578110556842844,-1.22999285633827,2
48,0.600178624590652,3.68699293822811,-0.695440818297757,0.215904753282666,0.0182355937705647,0.030265116641073,3.41679696533144,2.70946264763303,-0.974425965467025,-0.447686107262541,3
48,0.866924679964275,3.40816624426504,-1.54423064798662,0.215904753282666,0,0,3.29514333659993,1.61871593985162,-1.48497207754452,-1.79207858097207,4
48,1.11283119976183,4.04752286237836,-1.21221684167214,0.960146872161959,0.0220821483943273,0.0283258805707451,3.81349039347616,2.11451993776871,-1.04156294662102,-1.1980364050189,5
48,1.49627865436142,2.77310917196319,-1.54674996037706,0.960146872161959,0,0,2.59820164448403,1.65098757771897,-1.96765461555892,1.19768707242241,6
48,1.64632331050908,1.8371667397497,-0.916963289159562,0.960146872161959,0,0,1.38970785164681,1.48936546873526,-0.87968844641279,-1.77070474161147,7
48,1.83804703780887,1.71279095599565,-2.3833837769432,0.960146872161959,0,0,1.61925727976574,1.27262406821671,-2.18434934591805,-1.33701506694258,8
48,2.14230425721941,0.54405087394769,-0.188038180972624,0.960146872161959,0,0,0.445424304874785,0.338923442186312,0.448167701213322,-0.288655083421235,9
48,2.4965763620125,0.72328090453586,0.418724446597786,2.44221353502586,0.0237152058145516,0.0275025765587185,0.967284653476467,0.80686542929117,0.321364954611741,-0.072144961970564,10
48,2.60077403989283,-0.0313894027042445,0.466804406439792,2.44221353502586,0.0219845488374794,0.0283750852745923,-0.530032111832026,0.461741488821476,0.421527304975215,0.0823741663194142,11
48,2.7883298600774,0.596072307114147,1.12485026036162,2.44221353502586,0.0188693662787446,0.0299456009631601,0.489805385370265,0.8284444157907,1.2142970545447,1.31471868305287,12
48,3.10925870794879,-0.600636213424913,1.84066570319239,2.44221353502586,0,0,-0.332761748607752,-0.423632069136815,1.57442360564083,1.20264823023809,13
48,3.38850848466806,-0.00228161445671072,0.352461294320916,2.44221353502586,0,0,-0.00803611272182925,0.224498645024273,-0.283871602868788,1.01115360487801,14
48,3.53438523370051,0.669014760724378,-0.375204986690941,2.44221353502586,0,0,0.814894649133701,0.784033172538964,-0.697009745324945,-0.00576206752186456,15
48,3.80529919618934,1.93384985263337,0.501791565837042,3.56940629020727,0.0207001069740279,0.0290226351563625,1.36146014205829,1.59442694003451,0.126595345585298,0.850716547345771,16
48,4.07621315867818,1.36849407029965,-0.447220904348328,3.56940629020727,0,0,0.869410558434895,-0.288446548271289,-0.5952142827971,-1.08733680252591,17
48,4.3763024709735,0.379310548041364,1.03129827363367,4.16267306373204,0.0210698894894676,0.0288362097283481,0.393496830678424,1.5468577447587,1.14052308780089,0.510040892055,18
48,4.58886573384936,0.752610100244497,0.879254690504854,4.16267306373204,0.0175393492562348,0.0306161275087247,0.913467817362663,1.03353683466656,0.183904715323846,0.0635904025748829,19
48,4.75558201845787,0.780129696594336,0.160268620853081,4.16267306373204,0,0,0.816055356037122,0.0699593095062804,0.150971019439206,0.494822665814871,20
48,5.13902947305746,0.37122213590954,-0.653419547779283,4.16267306373204,0,0,0.193056214656218,0.0799048846098196,-0.95340550604453,-0.0391035239900362,21
48,5.48079785650491,1.93860590147815,0.0366380524652182,5.14951804910357,0.0191157913748611,0.0298213660356039,1.75944314564422,-0.113061580524445,0.634331350691749,0.695557820985566,22
48,5.60166716284609,1.54206475799659,0.31297879437249,5.14951804910357,0.0171082292814506,0.0308334761460073,0.987639793041222,0.952754943994253,0.169332693054819,-0.727463221406032,23
48,5.92676391783269,1.15011107137691,0.406434973803684,5.14951804910357,0,0,1.14174589368492,0.246457949844245,0.0800908961558704,0.661226245383697,24
48,6.10181601667163,1.20807588006106,0.352161813409354,5.14951804910357,0,0,1.07057181982817,1.67544983890255,0.55070083370318,-0.742004671667482,25
48,6.3852337005061,2.51538775136433,-1.12969628756807,6.37931173535852,0.0245197776363317,0.0270969526041511,2.35952856451085,1.11621087337038,-1.18871819667349,-1.78146455232988,26
48,6.50610300684728,2.67303809865554,-0.55677496560285,6.37931173535852,0.0225122155429259,0.0281090627145612,2.461723858122,0.893692857467811,-0.66238001273739,0.0881278865874159,27
48,6.87704674010122,2.46564799341718,0.0770563018759332,6.37931173535852,0.016351076704539,0.0312151937430613,2.34615518529805,2.20753135950063,0.0363825942797681,0.191554504305415,28
48,7.18130395951176,1.03472789499301,-0.582386618420311,6.37931173535852,0,0,1.12739445678473,1.43309225710281,-0.769681589089897,0.306811425820442,29
48,7.36052396546591,0.549445726727632,-0.574829758454042,6.37931173535852,0,0,0.203761654490103,0.273082709806435,-0.660634697607779,0.11173875269654,30
48,7.74813932718071,0.36635911486833,-0.510186902961763,6.37931173535852,0,0,0.522582672905055,-0.259062391760692,-0.86311162933629,-0.231993098854536,31
48,7.96903840428699,0.407522150984181,0.192610740483204,7.90733651936663,0.0235933087427907,0.0275640308266448,0.329339986859725,0.198752353227742,0.426236496278684,0.896836320741509,32
48,8.04406073236082,0.703301970026345,0.64060444384181,7.90733651936663,0.0223472357193016,0.0281922371020777,0.676902166804382,0.949004057782348,0.357947554670686,0.597087851422544,33
48,8.47335516522775,1.49409679204308,1.77671510082415,8.21749885444028,0.0203685275519534,0.0291898005389786,1.4893658397285,1.22083560255454,2.17148706591469,2.25888327220699,34
48,8.59005656445371,1.36834749880227,1.89521492783119,8.21749885444028,0.0184301917376388,0.0301670103007661,1.17819297745494,1.35086164744105,1.90536302504704,2.23996237276659,35
48,8.98600774039893,0.495456655601748,-0.473806358103787,8.21749885444028,0,0,0.33916943611009,0.743247376609692,-0.488274823618013,-0.887889224412859,36
48,9.21941053885085,0.47514141096483,-0.394456417994065,8.21749885444028,0,0,0.563756962982358,0.0966158530736543,-0.63849164034251,0.0765845273670396,37
48,9.49032450133969,-0.599218346909477,1.45653206240646,8.21749885444028,0,0,-0.58584375844518,-0.304337086748567,1.40606310622351,1.34222551684834,38
48,9.5611789222983,-1.04804948539679,1.41385880985407,8.21749885444028,0,0,-0.962985860574916,-0.309340592088292,1.30057862380562,0.651979476063477,39
48,9.99880916939565,-1.34898426958943,0.572451894630075,8.21749885444028,0,0,-1.19331842845395,-0.00107101449499619,0.844425134871976,-0.248480301751517,40
48,10.1280142899673,0.162041310103256,0.876823637920138,10.03454543588,0.0230656796444445,0.0278300344270912,0.69239339761303,0.347462651277084,0.543789476930136,0.98448097093227,41
48,10.4072640666865,0.60535705981853,0.642116379180649,10.03454543588,0.0184275189458854,0.0301683577856245,0.746473520816745,1.06186035246373,0.644522187992902,1.00554899694214,42
48,10.5573087228342,-0.396893652714364,1.00333466126724,10.03454543588,0,0,-0.406042351076564,-0.0246796957893947,0.775677483880451,0.674673200413381,43
48,10.9991068770467,0.301063565168847,3.4150405693771,10.6171468325246,0.0182740249578197,0.0302457416024036,0.494891014904673,0.273652693856865,3.32666170825093,3.51113240664514,44
48,11.2325096754987,0.443664038338839,2.20535804358479,10.6171468325246,0,0,0.313850045919573,1.08234816988923,2.03897344582689,3.05340165553058,45
48,11.3075320035725,0.735402486666414,1.3883845634077,10.6171468325246,0,0,0.642466124595923,0.797685128651551,1.0930433354286,0.976121359796214,46
48,11.590949687407,0.995849289829394,1.39800818433678,10.6171468325246,0,0,0.656405372507167,0.388991846377491,1.30493041966564,1.95626277978593,47
48,11.8535278356654,0.107447460729726,0.276049503929023,10.6171468325246,0,0,0.0763109396601851,1.07424839236259,0.195854349479244,0.320804284513242,48
48,12.1077701696934,1.02068977627341,-0.703643981024232,10.6171468325246,0,0,1.07705690585372,2.03091249115307,-0.586381869638573,-0.806508259092372,49
48,12.2869901756475,0.589683827633067,-0.436280324298436,12.2817506400206,0.0245311123554533,0.0270912382186077,0.198942665449,0.61311927539799,-0.45878333494241,0.0582662876006639,50
48,12.707948794284,2.18789712411058,1.26924282649958,12.5654377368995,0.0397903780926157,0.0588568671996715,2.13843159038516,0.764470860269207,1.19937043766017,1.039851954842,51
48,12.903840428699,3.49471598608088,1.09649190064915,12.5654377368995,0.0189974848076539,0.0298810101547945,3.32148646226225,2.98960043619242,0.898999415977906,0.829118999219282,52
48,13.158082762727,2.08159591584926,-0.378635565047494,12.5654377368995,0,0,2.38758171543107,1.16590898164044,-0.365084825856921,0.235248742428925,53
48,13.4581720750223,0.368539579185003,-0.0179940736735924,12.5654377368995,0,0,0.472527720144856,0.566123158049257,0.0724269351409233,-0.403985598466414,54
48,13.5623697529027,0.76687491181375,-0.481860337128837,12.5654377368995,0,0,0.773961667823312,1.48124739818344,-0.497428865029956,0.0458485669899099,55
48,13.8124441798154,0.301213428661433,0.413152291199166,12.5654377368995,0,0,0.174550403816566,0.136246090065008,0.574068544800885,0.923305185828587,56
49,0,0.199103401240213,0.044604927611389,-Inf,0,0,0.39176917911744,-0.568999833504308,1.17856413077893,1.74484773582842,0
49,0.154212563262876,0.37325525972941,0.134050529628473,-Inf,0,0,0.472794403478985,-0.294858778813803,1.21398099433216,1.31578952791632,1
49,0.275081869604049,0.188432350152815,-0.347325849058554,0.27167511008447,0.0200993243697482,0.0221862318152326,0.512187356175996,-1.24231693314901,1.02251850075288,-0.613381955673863,2
49,0.687704674010122,0.520133002810053,0.211172595105309,0.27167511008447,0.0177081519685142,0.0305310258163163,0.836638653665261,-0.318552460306735,1.15842605453521,1.56095494573358,3
49,0.962786543614171,0.284160183198267,-0.409558180137452,0.27167511008447,0,0,0.441271505153141,-0.9974947745054,0.614240167334544,1.73656091585962,4
49,1.16284608514439,1.18797897519733,-0.643205905518466,1.11368590663008,0.023801618487667,0.0274590117093867,1.76592764036512,-0.741776258726998,0.539769026155272,0.0254564421995075,5
49,1.4254242334028,1.54063825245519,0.648778770276809,1.11368590663008,0.0194403629054384,0.029657733673381,1.58936358411858,-0.572615424872428,1.94996738587145,1.71390443281785,6
49,1.61298005358738,2.39904333196973,-0.0265495758495742,1.11368590663008,0.0163251803467048,0.0312282493619504,2.60053304442532,1.05456858803933,1.21439989959756,0.133392852195405,7
49,1.77552843108068,2.8439445741826,-1.22478733337158,1.11368590663008,0,0,3.11050667212827,1.31094679989442,-0.125451498518247,-0.158401343129588,8
49,2.12980053587377,0.428746390040179,-0.850610764046316,1.11368590663008,0,0,0.344268822518676,-0.723681460934567,0.0896878228219112,-0.447706981463596,9
49,2.3340279845192,1.66410663519887,-1.13868280462683,1.11368590663008,0,0,1.90204171987966,-1.12880554241818,-0.038491018384611,-0.827714177377624,10
49,2.6883000893123,1.52433472488059,-0.7152325605668,2.39251092981655,0.0197052684022578,0.0295241818731559,1.52854883750434,-0.275103351361762,0.33854240878059,1.21021114637723,11
49,2.87585590949687,1.33473046431926,0.832875642297561,2.39251092981655,0.0165900858435253,0.0310946975617267,1.78393267586046,-0.934514580204984,1.67281832711092,0.787533554578245,12
49,3.21762429294433,0.432335920418665,-0.470867678190088,2.39251092981655,0,0,0.546134662554701,-0.238311396452669,0.24231234929866,-1.03099587682738,13
49,3.35933313486157,-0.00929561005438018,-0.160490783323752,3.29509100855257,0.0235511169533754,0.0275853017685417,0.572003464071489,-1.04935380406739,0.968270799318606,1.67055221303766,14
49,3.6302470973504,1.39189622898717,0.404811464460428,3.29509100855257,0.0190514088129811,0.0298538244298064,1.77282488936394,0.865750612894541,1.74299341930335,0.570862272475513,15
49,3.86781780291754,1.346001638657,0.572495065257409,3.29509100855257,0,0,1.40337620134226,0.185125219779406,1.7443300970316,0.602371843674584,16
49,4.10538850848467,1.73580733678348,-0.445102845555389,4.06759053572762,0.0239903374790003,0.0273638692479015,1.8434789510538,-0.906001387147156,0.739584670183642,1.47303709555868,17
49,4.3763024709735,1.2569354522673,-0.427351414747441,4.06759053572762,0.0194906293386052,0.0296323919091658,1.08414285370022,-0.453629658086707,0.536411807921849,-0.178527548803991,18
49,4.55969038404287,1.55950993572069,0.532156552118914,4.06759053572762,0.0164446730589545,0.0311680072490986,1.95853384255917,0.184871923841268,1.54652620486871,0.879537560667049,19
49,4.92229830306639,0.547148472083028,-0.400827218476092,4.06759053572762,0,0,0.443139754482717,-0.340866362684796,0.433505066934703,1.12961042487235,20
49,5.15986900863352,0.770398940050414,-0.29027991028649,5.03246113712935,0.0225019742099083,0.0281142258707714,1.19988299830541,-0.582884410647072,0.295567401514461,-0.105829411915645,21
49,5.3140815718964,2.44737739232788,0.462688905984671,5.03246113712935,0.0199406018838342,0.0294055387702547,2.89522534917995,-0.713999258901801,1.30742823451458,2.77196239453642,22
49,5.69752902649598,0.94147564479288,0.574943919243473,5.03246113712935,0,0,1.40066034009731,-1.01423901185753,1.41892400506506,2.77059594062654,23
49,5.78922298303066,1.02001364543499,0.320469494405398,5.03246113712935,0,0,1.31189593113734,0.506180021441409,0.630031745804736,0.34235909114421,24
49,6.00595415302173,0.17516172069649,-0.00275276637569384,5.03246113712935,0,0,0.639733911788199,-1.36108394040738,0.907845336209881,0.0396254415113579,25
49,6.25186067281929,0.440631638337395,0.500250244300204,5.03246113712935,0,0,0.866892330745392,-0.582583865748551,1.59047310604546,1.24709538410161,26
49,6.71449836260792,1.07940927750243,-0.290148477563262,5.03246113712935,0,0,1.63428763304641,-1.2494057901118,1.23152990134914,1.12475892299242,27
49,6.97707651086633,1.63102343698662,0.17712510651964,6.82901757246671,0.0221589731590827,0.0282871494543376,1.79332442607425,-0.282433593913015,1.51430517854096,2.42608908284498,28
49,7.07710628163144,1.62671910450324,0.928435843888373,6.82901757246671,0.0204975424610864,0.0291247578215675,1.85721483686594,0.0599769966662694,2.15898744020836,2.0401760519856,29
49,7.40220303661804,2.54623977330976,-0.101090704679793,6.82901757246671,0,0,2.34977854152858,0.0569170072176263,0.887560863772767,0.889072444428534,30
49,7.66061327776124,1.24699714530086,-0.883362198771182,6.82901757246671,0,0,1.397905883861,0.183189893469422,0.176104509345419,-0.393795944081455,31
49,7.95236677582614,1.03283556728211,0.0290041161594471,7.87825678203864,0.0233872179678322,0.0276679312527803,1.23832818007642,-0.416544153898627,1.03010740525661,1.20847759809495,32
49,8.17743376004763,2.10590657189329,0.101430520764969,7.87825678203864,0.0196489988973555,0.0295525500790676,2.28319013928806,0.959775214003012,1.36551933794226,0.663833498510713,33
49,8.39833283715392,1.59455099926099,1.77263911144081,8.25661194737499,0.022264244104559,0.0282340772287847,1.32406621154168,0.0398463075497716,2.89928437592553,1.51483759311323,34
49,8.51503423637988,2.37807424537856,1.39287648280871,8.25661194737499,0.020325908290236,0.0292112869905605,2.65175869690758,0.0345210176217157,2.61147684107794,2.95198890823659,35
49,8.85680261982733,1.163907851029,0.0104813430274301,8.25661194737499,0,0,1.26804392837647,0.605596607265567,0.700777281027977,0.401237241887499,36
49,9.02768681155106,0.945618770420723,-0.387807539117715,8.25661194737499,0,0,1.05339843104744,-1.08116686432639,0.267308220159256,1.105404641931,37
49,9.31527240250074,0.733837489138351,0.0443967462220032,8.25661194737499,0,0,0.717358261822091,0.436656214974421,1.51888667307701,1.45787226023682,38
49,9.70288776421554,0.0557788159314896,-0.0450085244912555,8.25661194737499,0,0,0.360110092109538,-0.789000199014017,0.946373037134124,0.905654016469934,39
49,9.76957427805895,0.0103467976823028,-0.0402011923696695,8.25661194737499,0,0,0.0934566329563693,-0.594958314494178,1.6127697785193,1.31611360373342,40
49,10.0654956832391,1.39451882140373,0.385182828335795,9.98499504854688,0.0232810734980698,0.0277214438646093,1.61004307242716,0.0798638518518495,1.76295200143795,2.05987273630691,41
49,10.436439416493,1.69427404964885,0.758505298228982,9.98499504854688,0.0171199346596746,0.0308275748930974,1.73996537570546,0.220282924751759,2.62010872491514,0.939620938874906,42
49,10.7448645430188,1.8267856339034,1.36572272240252,10.6925223890746,0.0237487679051015,0.0274856562695487,1.99535686479083,-0.652958734847573,2.59657166261618,1.88437550523751,43
49,10.8782375707056,1.41567094085955,1.06544821786466,10.6925223890746,0.0215335269744453,0.0286024674258637,1.43851778736048,0.204267174450409,2.27265825115617,1.56004218345319,44
49,11.0491217624293,0.994375602161088,0.484975132444705,10.6925223890746,0.0186952495320343,0.0300333817198793,0.943241869251182,-0.301113299410658,1.12212173370658,0.725969514073959,45
49,11.3200357249181,1.64015881828506,0.179217092012367,10.6925223890746,0,0,2.00744590305327,0.882456312262571,1.1834168520104,1.00433529229576,46
49,11.6326287585591,1.83186370727595,-1.40374242354084,10.6925223890746,0,0,1.44521413105966,-0.0599131098305946,-0.358143105429704,-0.525309862625496,47
49,11.9577255135457,2.02578181182062,-1.76460898402323,11.8527290833218,0.0228742139565777,0.0279265616324635,2.22193073944093,-1.0881664135112,-0.533994505432023,0.285747999722929,48
49,12.0952664483477,2.41732539250677,-1.22117749116612,11.8527290833218,0.020589746746848,0.0290782731374251,2.57347927527898,-0.51325968693621,-0.642359467102189,0.0232987084543301,49
49,12.3786841321822,2.73714983528553,-0.0786199197752868,11.8527290833218,0,0,2.97292877723264,1.15567274052687,1.2349622324556,1.03266552092576,50
49,12.5495683239059,1.5942569247827,-0.637284653008646,11.8527290833218,0,0,1.66603207662731,-0.2038576024372,-0.182159317593138,0.610199458679087,51
49,12.7829711223578,0.806099467146996,-2.3299183419183,11.8527290833218,0,0,0.921213802840679,-0.901233392128461,-1.30907211777967,-1.50565495155973,52
49,13.0663888061923,-0.0648648308325851,-2.37552258371697,11.8527290833218,0,0,0.188881962696722,-1.64064681388224,-1.20377006558989,-0.98770893034345,53
49,13.3623102113724,-0.302816716444106,-0.528868386910812,11.8527290833218,0,0,-0.206639113613764,-0.994964142222497,0.219826888889552,0.169739156340537,54
49,13.6790711521286,1.55253245353194,1.05101165159384,13.6147733775433,0.043024408478537,0.0572264345163458,1.65179069934111,-0.0285557386450768,1.64438502903356,1.51816624748279,55
49,13.8166120869306,1.48928880043752,1.69591290482048,13.6147733775433,0.0384554740590405,0.0595298575262206,1.78476260352837,-0.283579796804151,3.08145807946985,2.48539243773184,56
50,0,-0.330485715635476,-0.00410333294134253,-Inf,0,0,-0.398268222242608,-1.09017917899298,0.299845806959312,-0.0908885737394424,0
50,0.183387913069366,-0.0598103089990961,-0.375240565923263,-Inf,0,0,0.18622218291761,0.0786235378688226,-0.534308809528332,0.0535612919875671,1
50,0.425126525751712,0.316839718766712,1.07788188678234,0.218857267568819,0.0211921368713631,0.0287745788519754,0.365316075524773,-0.13016874632789,1.15390224411284,-0.130489436563858,2
50,0.625186067281929,1.39652200960293,0.110165219020034,0.218857267568819,0.0178692754753806,0.0304497955864473,1.53483009196921,-0.213795775792142,0.00928760510713986,-0.540237790625173,3
50,0.850253051503424,0.720422100233419,0.671897718071697,0.218857267568819,0,0,0.407311200572055,-0.413705965745808,0.577278728767533,0.567103359042595,4
50,1.19202143495088,0.802257516557048,1.13780505697241,1.01766592247698,0.0217222038344608,0.0285073462048215,0.602256301992323,0.638355710126845,1.29051405930867,0.875025775306626,5
50,1.42125632628759,1.54571053397434,0.560084255607489,1.01766592247698,0.017914758484897,0.0304268653797384,1.17630683659935,0.653429107649553,0.752534436776101,-0.481895134404529,6
50,1.74218517415898,1.31231064102626,-0.600470348639822,1.01766592247698,0,0,1.2663073247703,-0.719170081164387,-0.119604240419286,-1.18141228125356,7
50,1.7505209883894,1.08162105878966,-0.678175143175119,1.01766592247698,0,0,0.94701869790349,0.0654163985564124,-0.34135675845568,-0.234449670851106,8
50,2.02560285799345,1.29136806119251,-1.55467273100782,1.01766592247698,0,0,0.964132039570261,-0.138882073816557,-1.43305324114317,-1.63093105881102,9
50,2.40071449836261,2.69305097678316,-0.358909378672997,2.05062946134354,0.0188034485040249,0.0299788333331374,2.38165089719318,-0.330961168231716,-0.195529262040637,-0.37105341544514,10
50,2.60910985412325,1.06629857355089,-0.541546203357412,2.05062946134354,0,0,0.856646530668727,-0.113634480107899,-0.3109756709359,-1.1476078194708,11
50,2.81333730276868,0.942264158875083,-1.27402493519724,2.05062946134354,0,0,0.676193849893834,-0.68575263423513,-0.86743848415179,-1.74909530592949,12
50,3.18428103602263,0.0114591731075391,-0.624511729766969,3.09541912169124,0.0231421979756988,0.0277914577987857,-0.435816064099604,-0.600619421087343,-0.359183533775802,-2.03425124451576,13
50,3.29681452813337,1.70182704911329,-0.171018748854499,3.09541912169124,0.0212730884404577,0.0287337672119264,1.42884506895899,0.226837316421429,-0.20709810321943,-1.75419568363593,14
50,3.74694849657636,0.684522889289861,-0.484995292141307,3.09541912169124,0,0,0.523512972818545,-0.376929943650288,-0.506454434123936,-1.31276287277151,15
50,3.80113128907413,0.50193375264374,-0.729376800363948,3.09541912169124,0,0,0.461498918527816,-0.329254551659269,-0.661359505746147,-2.2920367846762,16
50,4.14289967252158,0.0803832162127874,1.18952382243706,3.88474263999826,0.0203303140312212,0.0292090658413233,-0.261105041192376,-0.0469631920277298,1.73417099475528,0.121851852477017,17
50,4.28877642155403,-0.443722079887663,1.20179467795323,3.88474263999826,0.0179073942633166,0.0304305780435424,-0.345442047539763,-0.605147789448262,1.04736763047908,-0.00981192424522831,18
50,4.63054480500149,-1.2313954557868,0.645533759490177,3.88474263999826,0,0,-0.977710441445515,-0.196034749612284,-0.0891264173432688,-0.134321224926969,19
50,4.87645132479905,-0.0139639487003495,0.635384936861832,3.88474263999826,0,0,-0.115629404871308,-0.192502800981655,0.292741161225494,-0.498238555878019,20
50,5.09735040190533,0.461038730055831,1.35284934089487,4.96892068599387,0.0224850020259891,0.0281227823776898,0.220025566310505,0.744449406748785,1.08088824169088,0.874543862870933,21
50,5.35576064304853,1.91034195562871,0.427558408323688,4.96892068599387,0.0181929727228442,0.0302866039930493,1.4354875038206,-0.854031760724604,0.406121925248215,-1.47785416740166,22
50,5.72253646918726,1.58877468314057,-1.17875884627626,4.96892068599387,0,0,1.33804544835149,0.779535153179253,-1.63261418978277,-0.921296917985284,23
50,5.78505507591545,1.36946371429395,-0.919626691144104,4.96892068599387,0,0,1.33392608921946,-0.16682489603838,-0.738174192724919,-1.56696338103858,24
50,6.16016671628461,0.31655771312304,-0.930890445728684,4.96892068599387,0,0,-0.0104337070733539,-0.547321764832759,-0.734661913402889,-0.306464510165787,25
50,6.49359928550164,-0.397777634422544,0.347893782445458,4.96892068599387,0,0,-0.525240276809037,-0.116159433619637,-0.126950684054189,-0.387171074731161,26
50,6.73533789818398,0.244987169491252,1.33552960472557,6.4975461305943,0.0206685680937334,0.0290385354464322,-0.00212402100311224,-0.447100544086551,1.17423976247352,0.566390548449264,27
50,6.9353974397142,0.939924930385765,1.55816604403197,6.4975461305943,0.0173457066977492,0.0307137521809046,0.849821077589793,-0.0565314664893608,1.23500673018219,-0.277487059867177,28
50,7.0312593033641,1.63054040839248,1.7144944758211,6.4975461305943,0,0,1.26713388588965,0.922028382268162,1.69333629644969,2.46417556520678,29
50,7.31467698719857,0.0421380134601264,-0.459962639166057,6.4975461305943,0,0,-0.0550517095985955,-0.942900872077986,-0.257654484203724,-1.60989575794899,30
50,7.51056862161358,-0.083887263344352,-0.490930568687839,6.4975461305943,0,0,-0.387657365535253,-1.68643366182275,-0.451452734939614,-1.84406186299816,31
50,7.82316165525454,0.273567077162569,-1.13632563076878,6.4975461305943,0,0,-0.0820199095962344,0.296509287383086,-1.02345773292499,-2.02812661761122,32
50,8.20660910985412,1.49387811412907,-0.568657906415533,7.95986763866296,0.0205199192246297,0.0291134766020916,1.36760260983174,0.871853549260656,-0.813781224922458,-1.24198243452088,33
50,8.3941649300387,0.626592097546264,0.160860119828106,7.95986763866296,0.0174047366658864,0.0306839922906469,0.424639639335581,-0.377686650653844,0.493484765837953,-0.469195957899049,34
50,8.7192616850253,1.34815550155583,1.04954718280398,8.47774433985782,0.0206066886261648,0.0290697319085201,1.21020721098004,0.192145853748486,0.684996293103394,0.676597625806399,35
50,8.84013099136648,1.72652028667012,-0.0655399449687725,8.47774433985782,0.0185991265327664,0.0300818420189428,1.15145310607667,0.786800137083569,0.235607633762529,-0.135372416796531,36
50,9.11938076808574,0.867044751510384,0.912348432148643,8.47774433985782,0,0,0.699345044215738,0.895590783126733,0.810072741824068,1.49835875995939,37
50,9.48615659422447,0.4164860124991,0.13074924140103,8.47774433985782,0,0,0.529719513323181,-0.988927320878105,-0.0585034653452013,-1.45315606937987,38
50,9.56534682941352,1.09300263790241,-0.537378606669474,8.47774433985782,0,0,1.10120887143736,-0.0992939249687399,-0.47071913414899,-0.19193838282704,39
50,9.78207799940459,0.220556804465365,-2.08945746196504,8.47774433985782,0,0,0.359796466332863,-0.806631158180798,-2.45021563823749,-3.07964914667434,40
50,10.1947008038107,2.21515839687644,-0.750879962642586,9.81285857673054,0.0182759818303935,0.0302447550473558,2.01767283279687,1.18936602046807,-0.828478439701233,-1.34118992845656,41
50,10.2697231318845,2.26208609902372,-0.104614782662201,9.81285857673054,0.0170299088068998,0.0308729613227825,2.12033563282572,0.893798418259102,0.693778250332997,-0.090263594267063,42
50,10.7198571003275,1.53667352205866,-1.47485426432077,9.81285857673054,0,0,1.48910735523329,0.383760545039075,-1.24156035996231,-1.53036722019955,43
50,10.9365882703185,1.27889202858427,-1.6774873455574,10.882707865495,0.0237232185390214,0.0274985369529452,1.18229158293538,0.163395443875615,-1.80480715819334,-1.60240805740124,44
50,11.1491515331944,1.56966329113993,-1.68913611476276,10.882707865495,0.0201926783057877,0.029278454733322,1.40598279042536,-0.0325260137217378,-1.51130528348059,-1.30054225714265,45
50,11.2616850253052,0.661911810948309,-0.413401636335189,10.882707865495,0.0183235687705466,0.0302207641464629,0.449070510893105,0.164881643364398,-0.308109372143187,-0.935128870464711,46
50,11.7034831795177,-0.21247176913263,-0.127598452297855,11.6939289490961,0.024459448026629,0.0271273677072039,-0.182164655754312,-0.699064064625536,-0.0135907743147451,-0.895715747164127,47
50,11.786841321822,-0.0619493014329147,0.377294337292146,11.6939289490961,0.0230749224449585,0.0278253746798888,0.262530242895676,-0.351064417247392,0.856707803534783,-0.27193163162819,48
50,12.1911283119976,-0.0991809403851074,0.513575401665109,11.6939289490961,0.0163599733739173,0.0312107084974795,-0.186192715421616,-0.499204903553639,0.399870965346698,0.190099648661614,49
50,12.3495087823757,0.0990756407368661,-0.219035083429374,11.6939289490961,0,0,0.00547891213842037,-0.605110981662504,0.297703490858936,0.0845958082437855,50
50,12.7287883298601,0.246614813331252,0.370260690120126,11.6939289490961,0,0,0.0874188464205562,-0.369824931121892,0.563525819392717,-0.232164564379762,51
50,12.7621315867818,0.204447172426218,0.224298054954542,11.6939289490961,0,0,0.0022737180760409,-0.641975615104608,0.252694069264887,1.10333859914383,52
50,13.0497171777315,-1.0473838179902,-0.0339584085108914,11.6939289490961,0,0,-0.95997358695997,-1.61637478539935,0.245789695054548,-1.0895805034825,53
50,13.3414706757964,0.772515951655832,1.10499449082332,13.2449801624305,0.0230154918109128,0.0278553365654098,0.508835951666349,0.77666341097285,1.11654410137373,-0.60487056006288,54
50,13.7124144090503,1.62718422355444,1.19011697043478,13.2449801624305,0.0168543529725176,0.0309614675938974,1.59567471602744,0.614555010895846,1.18629408820102,1.71723667842254,55
50,13.9791604644239,1.52998408757186,-0.496613819572654,13.8929697750951,0.0231865653194012,0.0277690900536995,1.20885594456176,0.364294307337787,-0.171760900061273,-1.68272318627185,56
51,0,0.645456506741998,-0.271671915122004,-Inf,0,0,0.166719123330906,-0.0334070827028523,0.926482480872221,-0.988935082435749,0
51,0.100029770765109,0.473680120222924,-0.813894763084428,-Inf,0,0,0.0489077887418613,0.866574188810002,0.394782635373999,-0.0567702982056579,1
51,0.354272104793093,-0.204347743396581,0.0126388146927059,-Inf,0,0,-0.356590376828172,-1.37961017594321,0.862540641945623,0.034649070097397,2
51,0.633521881512355,0.300656806683348,-0.103692975356783,0.446381803345867,0.0215098603517196,0.0286143989263636,0.163398134540969,0.798296252481947,0.564595386408796,-0.373218019044445,3
51,0.933611193807681,2.1309005353151,0.506535720553598,0.796975122390386,0.0388742679524206,0.0593187230686461,1.52969846591986,0.452636624447616,1.26336614916479,0.593135203966493,4
51,1.22953259898779,2.55128772448076,1.14596191276985,0.796975122390386,0.0174336338797835,0.0306694237936483,1.79046484469852,1.4514622071716,2.23216332191578,0.279063258832335,5
51,1.2962191128312,2.25248682208802,0.807176049147625,0.796975122390386,0.0163260134144551,0.0312278293718042,1.80775863025157,0.454715681865994,1.97168808862042,1.76450943993367,6
51,1.63381958916344,1.12545079688878,-0.746904296209723,0.796975122390386,0,0,0.863047977112361,-0.305763385801108,0.298960757928989,1.30849418494914,7
51,1.99225960107175,1.01481658264055,-0.638522108123248,0.796975122390386,0,0,0.97821378938732,-0.5021548643841,0.0704978783783778,-1.07649115861419,8
51,2.10896100029771,0.746759058500513,-0.417777119416382,0.796975122390386,0,0,0.378183375151617,0.941395332001199,0.593513236633345,-0.328368318959599,9
51,2.49240845489729,0.236601025863191,0.59794256730458,2.47907395208828,0.024396660113154,0.0271590221612457,0.173852681243327,1.159663146042,1.92689121735018,-0.0308731577787818,10
51,2.69663590354272,0.814098602907899,1.7274032228489,2.47907395208828,0.0210045724380878,0.0288691392443524,0.794353668857327,-0.011548160950181,2.79400536205751,0.783476391494622,11
51,2.84251265257517,0.795100109695098,2.19377479857254,2.47907395208828,0.0185816526701822,0.0300906514465716,0.67793393663896,0.355342431874732,3.10927468540037,1.02103745231433,12
51,3.14676987198571,1.9001057895401,-0.51568708931047,3.0801073271029,0.0235109153444967,0.0276055693632202,1.50795197704798,1.39833169713622,0.439984323964026,-0.988911671498201,13
51,3.35516522774635,2.5096714594521,-0.436080114311105,3.0801073271029,0.0200496013903468,0.0293505867949622,2.48831183164324,1.43352405348504,0.733602174069708,0.616887662787024,14
51,3.62607919023519,2.91752673153777,-0.345690935308633,3.0801073271029,0,0,2.76820332533272,1.50550726636677,0.469861880432689,-0.215615118189201,15
51,3.86364989580232,2.97125458837266,0.000187351298348973,3.0801073271029,0,0,2.69906714617257,1.58674663206623,1.24239632422785,0.490631852247208,16
51,4.22208990771063,0.788992193987146,-1.49204901854337,3.0801073271029,0,0,0.65462051601968,0.607470782304845,-0.474629539054723,-1.10644300579978,17
51,4.3763024709735,-0.196993034211302,-1.39309786496673,3.0801073271029,0,0,-0.607136044133277,-0.508226888140713,-0.507330259971728,-0.974119593383745,18
51,4.53885084846681,-0.326352378452664,-1.30554357699116,3.0801073271029,0,0,-0.683662476617048,-0.255357774507337,-0.706909347436385,-0.899512425960563,19
51,4.85561178922298,-0.590487880866274,1.38523697602091,4.54227560811425,0.0194138235639563,0.029671113451735,-0.836432913631173,-0.144674454057115,2.69288891677912,0.798071172261096,20
51,5.0890145876749,-0.180596127055912,1.73312064759329,4.54227560811425,0,0,-0.487773516927997,-0.064074716002683,2.97044348578167,1.69677732643912,21
51,5.27240250074427,-1.06423197800915,0.924700017871653,4.54227560811425,0,0,-1.2314458063729,-0.125143907446481,1.87012442410098,0.84888457375899,22
51,5.68502530515034,1.03466821412874,0.30955504836912,4.54227560811425,0,0,0.845598939986555,0.869542057721492,1.60962575504009,0.737490102855231,23
51,5.77255135456981,1.62441474297117,0.829298855142029,5.69781202493737,0.0233767651008098,0.0276732010536151,1.38013827236681,1.05700423559535,2.09057147766243,0.511917962449395,24
51,6.05596903840429,0.0642879089367505,1.79711934486276,5.69781202493737,0.0186693781231661,0.030046424760784,-0.174217398433473,-0.755210320388343,2.81532139256508,0.562619900649394,25
51,6.47692765704079,1.34233236040405,-0.31231876471943,5.69781202493737,0,0,1.12400175788924,0.16996070454013,1.15703915722898,0.331940806114318,26
51,6.56862161357547,0.209249620152279,-0.945117118507483,5.69781202493737,0,0,-0.116930683316605,-0.594008554331309,0.518999853911904,0.283263626918664,27
51,6.88538255433165,0.839465741649318,1.74833345731494,6.70832417243017,0.0216773108970311,0.0285299789273632,0.57356480258891,1.15285742140572,3.08625477152302,1.31509046450519,28
51,7.13962488835963,2.07665577556949,0.444786795301781,6.70832417243017,0.0174545078729746,0.0306589001940937,1.83832901145744,0.423380465715773,1.3112256662355,-1.16961985498902,29
51,7.3896993152724,0.0138354566451768,1.04849611826528,6.70832417243017,0,0,-0.0169497643501019,-0.422104865476288,2.28372646848607,2.01591102506106,30
51,7.69812444179815,0.0771193851651846,0.916850992183747,6.70832417243017,0,0,-0.177825135306383,-0.225121379824338,2.0388159228712,0.428049176203986,31
51,7.76481095564156,-0.050937040719862,0.875872019188605,7.74592268058242,0.024304415498022,0.027205527177411,-0.390754134206236,0.449399721963557,2.16108429916127,0.702272023970721,32
51,8.12741887466508,0.696653879712551,1.59876449038136,7.74592268058242,0.0182817292177972,0.030241857508635,0.766249787786732,-0.209852648153988,2.45422189097657,1.39391586366076,33
51,8.49419470080381,2.05072847309076,0.00249020545405867,8.16968114269861,0.0192281744604708,0.0297647082328191,1.66597807217062,1.80153233730274,1.21622182802197,-0.806084854648305,34
51,8.61089610002977,2.25436077216598,0.264401219331882,8.16968114269861,0.017289838646146,0.0307419179945941,2.02768555129989,1.47462204719951,1.48161671141793,1.2351357270338,35
51,8.88597796963382,2.63906506825642,-0.436033781721992,8.16968114269861,0,0,1.9421113848085,0.680393085111774,0.47489716670373,0.394260560383802,36
51,9.04435844001191,2.82277656764379,-0.203292155537541,8.16968114269861,0,0,2.14977841213882,0.525461766824651,1.17393833860325,0.255892989275979,37
51,9.47365287287883,3.35077123111665,-2.49171187737002,8.16968114269861,0,0,3.04506890493336,2.03413088101899,-1.53022684354306,-1.84442901365508,38
51,9.66537660017863,2.90488752145815,-1.71577771299864,8.16968114269861,0,0,2.27744419192013,0.968629559349292,-0.169726337400284,-2.48883438249996,39
51,9.98630544805001,2.40942360419343,-2.14682713078523,8.16968114269861,0,0,1.91344742156096,1.60407199767259,-0.18417431377601,-1.46959348455445,40
51,10.2280440607324,2.85288746883257,-1.11814181481859,10.1156090365794,0.02275066365542,0.0279888493740926,2.3588559401833,0.854824394315109,-0.08416136255916,-1.23514995911199,41
51,10.4114319738017,3.33506373371108,-1.23407679264269,10.1156090365794,0.0197047073757689,0.0295244647140252,2.90772576859891,1.71836474988472,-0.359680667096053,-1.39546040420134,42
51,10.5239654659125,4.44333337974844,-1.14662805902983,10.1156090365794,0.0178355978405278,0.030466774127166,3.829391801403,2.65473401550592,0.683603622416895,-1.09523260930171,43
51,10.8448943137839,4.46898427473868,-1.78948995478872,10.6807480794897,0.0218917734340113,0.0284218578870753,3.96699649497664,1.85355533730293,-0.824143333154074,-1.29283182634766,44
51,11.1449836260792,2.69057290816263,-0.6723891874575,10.6807480794897,0.0169074813400372,0.0309346829887826,2.18143468099012,1.42158963551775,0.408552604048607,-0.442291930391383,45
51,11.3658827031855,2.35996268370016,-0.33883373054105,10.6807480794897,0,0,1.81934138292456,2.78626676054374,0.423254404759381,0.976990439043105,46
51,11.5159273593331,1.86266894423697,-0.851272616669665,10.6807480794897,0,0,1.24533917015521,0.719097588984006,0.179293630689728,-1.13455585308278,47
51,11.7618338791307,1.08104112031656,-0.99201271251257,10.6807480794897,0,0,0.676304396801163,1.10572969976441,-0.0264313092913157,-0.921721149409741,48
51,12.0994343554629,0.184234807184934,-0.485577506372179,10.6807480794897,0,0,0.11170076052166,-0.983371872941368,0.0642415651288186,-1.61182104914794,49
51,12.4745459958321,1.73650587062762,-0.0514765669646311,12.250144347296,0.0208909694316013,0.0289264120688384,1.40253953911935,0.484139538711375,1.04552570648453,0.641433439347643,50
51,12.6454301875558,1.37512150327589,-0.204057705406897,12.250144347296,0.0180526919891996,0.0303573263628662,0.926708450914964,0.559829238365615,1.04774113797136,-0.486246563861055,51
51,12.9663590354272,2.38180772899186,-0.531753876844643,12.6684317169962,0.0196697549459604,0.029542085941122,2.12434937241298,0.488928332563466,0.703665592509537,-0.964292812777107,52
51,13.1038999702292,1.48606533474871,0.651731861958831,12.6684317169962,0.0173852877362297,0.0306937974460843,1.14629818732152,0.548886756265742,1.24870158019642,0.04836927827661,53
51,13.3206311402203,2.88641507677735,-1.6537652970065,12.6684317169962,0,0,2.30082142185348,1.24704093199643,-0.635465541776227,-2.35121853868808,54
51,13.6540637094373,2.08052648020497,-2.44036594717717,13.6440771597903,0.024452267479998,0.0271309877714769,1.59192336091994,1.22141955098127,-1.27939003328289,-2.01097326688137,55
51,13.8457874367371,3.3324438415109,-0.74511827528765,13.6440771597903,0.0212678586421812,0.0287364038086784,2.70253841849642,0.631168832915434,0.479350965966924,-1.19273357974815,56
52,0,1.35560771248639,-1.40887719215813,-Inf,0,0,1.77514187594877,0.597210945720944,-0.0668973759438696,-2.00683538539297,0
52,0.17505209883894,1.64793177807292,-1.70705815088,0.134176638652571,0.0239392223754793,0.0273896388682962,1.96313579001371,0.202852570536826,-1.14774133981585,-2.49895216551152,1
52,0.400119083060435,1.7438421378404,-0.598380408757723,0.134176638652571,0.0202010033049981,0.0292742576945773,2.45606548409873,0.586084009689646,-0.199485232216679,-0.70279203289668,2
52,0.687704674010122,0.253391951377046,0.693355870361697,0.134176638652571,0,0,0.990778923357685,-0.787593793173195,1.53621839325609,-0.821486364873663,3
52,0.971122357844597,0.178327954173807,-0.112648311402382,0.91994552782092,0.0237681231922254,0.0274758983238941,0.595569797691526,0.469342181278309,0.394792081535906,-1.77265251132141,4
52,1.12950282822269,1.75289418528926,0.0676943664396439,0.91994552782092,0.0211375245870707,0.0288021115720163,2.2831608828806,0.129740840557908,0.50710308459639,-2.11187907319384,5
52,1.33373027686812,2.35268952969153,-0.72201664423173,0.91994552782092,0.0177454369120048,0.030512228655125,2.77532069028607,0.437986984032371,0.170163204812593,-1.28016184857608,6
52,1.69217028877642,0.743855943528307,-0.137908536261243,0.91994552782092,0,0,1.39159724074668,0.89260617020045,0.248970268325289,-0.419993563527626,7
52,1.97975587972611,0.302716592856471,-1.05395894541718,0.91994552782092,0,0,0.856041535905832,-0.941293493792958,-0.175653579003159,-3.08771485722024,8
52,2.23816612086931,1.09727853359784,-0.845146275990037,0.91994552782092,0,0,1.46349334302132,0.548187698571943,-0.290347354739235,-3.0367049987592,9
52,2.4632331050908,0.963233507467404,-2.79484969873822,0.91994552782092,0,0,1.63071007951105,0.767499887560628,-2.05119409007892,-2.21164393828548,10
52,2.70497171777315,1.85182187202671,-1.44495380760068,2.51321686687521,0.0214332119197395,0.0286530411448049,2.5473138344729,0.835557286393988,-0.726683759548669,-3.3415248374789,11
52,2.95087823757071,1.26332304217748,0.806655346690022,2.51321686687521,0.0173488614538454,0.0307121617142628,1.94363323009362,0.697078332085675,1.22980224672571,-0.795106955191413,12
52,3.2092884787139,0.921572633857723,1.11772930712653,2.97735334101061,0.0207658429810554,0.0289894944243533,1.37227861232482,-1.71126967635256,2.09251550459733,0.89830359940619,13
52,3.48020244120274,1.52179235040877,1.52490234844342,2.97735334101061,0.00511994032128464,0.00981497251776716,1.8876613538438,0.0829400158960863,2.12252558389235,0.104416851278986,14
52,3.63858291158083,-0.0162339765169903,0.977761822362428,2.97735334101061,0,0,0.155484839072169,-2.44050164662316,1.97172628358587,-0.0318707170379523,15
52,3.76362012503721,0.621611469316525,-0.206548171983296,2.97735334101061,0,0,1.12781457937645,-0.486888069741465,0.131103553604246,-0.806926470136919,16
52,4.1804108365585,-0.585221331889605,1.31577239639641,4.1332082875467,0.0238341334652172,0.0274426193210153,-0.223203590375107,-0.675613482225845,2.41901404528092,0.0940480800455583,17
52,4.45966061327776,-0.414679526592734,1.97167057461283,4.1332082875467,0.0191959727666573,0.0297809426795494,0.228317472577021,-0.647694064825692,2.67459611106088,-0.569185430693502,18
52,4.66388806192319,-0.00543830468800334,2.27120080853463,4.1332082875467,0,0,0.747866864360848,-0.621147108014807,3.14562119312971,1.69314633788697,19
52,4.94730574575767,1.07602106654919,0.453942533450415,4.1332082875467,0,0,1.67090868052545,-0.0830880442757989,1.37925364456279,-1.20268882332467,20
52,5.0556713307532,-1.11251140275113,0.875309840386892,4.1332082875467,0,0,-0.702063983914152,-0.532515840191298,2.08421989400513,0.0357737908086374,21
52,5.41411134266151,-0.197050580241118,1.50331259275435,5.15098669139238,0.0202478050519727,0.0292506626479027,0.624182990021756,-0.327798495275793,2.22059409468164,-0.702373397078871,22
52,5.71003274784162,0.644005276475057,0.520897547710805,5.15098669139238,0,0,1.12475007808568,-0.103542484218573,1.06846918671905,-0.00706236690370027,23
52,5.98094671033046,1.22213518931966,-0.703198348250422,5.15098669139238,0,0,1.49672185097129,-0.253976121964802,-0.14902741722303,-0.703794570396892,24
52,6.14766299493897,0.492740080875129,-0.569683896500825,5.15098669139238,0,0,0.843790390455096,0.443489020162716,0.0220900137747505,-1.26983593068191,25
52,6.25186067281929,0.179630124083099,-0.227395014710787,5.15098669139238,0,0,0.452094397545927,-0.292981011352132,0.498309568166579,-1.93071490697236,26
52,6.66448347722536,-0.0313821117658889,0.262816313420131,6.48002567350721,0.0215544112196743,0.0285919386577466,0.535635940293712,-1.16058157683196,1.05987194272588,-1.78697534809648,27
52,6.8061923191426,0.131317338578765,0.485611262893723,6.48002567350721,0.0192007177308525,0.0297785505113312,0.747518546565694,-0.62001427847829,0.62456079896531,0.306408373729548,28
52,7.07710628163144,1.3011631214587,0.61817671291268,6.48002567350721,0,0,2.20503279217849,-2.0819815402434,1.11194971197408,-0.669257534322697,29
52,7.32718070854421,0.047383603556058,0.634487863122214,6.48002567350721,0,0,0.268124977369583,-1.52891405818291,1.40558565494869,-1.18157729213068,30
52,7.72729979160464,-0.74109507157193,1.43702800213307,7.49676299049662,0.0207890684601076,0.0289777853259177,0.013900986611259,-1.18453597621761,2.31436930857193,1.81137648814028,31
52,7.92319142601965,-1.65350624220768,2.20039430068577,7.49676299049662,0.0175354333432071,0.0306181017117544,-0.901421117674782,-1.08119268365353,2.85792246764131,1.630740297275,32
52,8.18993748139327,-0.422287804641884,1.26525825378375,7.49676299049662,0,0,0.154775777099663,-0.542714863941313,2.09642165996526,0.274079785485812,33
52,8.32331050908008,-1.07507324107637,2.04534835116837,7.49676299049662,0,0,-0.0145185884197938,-1.34916023222779,2.29483566028105,0.0682385824899358,34
52,8.51920214349509,-1.07586179053256,1.18174730438133,8.50533638765068,0.0243878363390398,0.0271634706567647,-0.454945495109072,-1.58271432952055,2.31067664313173,-0.72543624703157,35
52,8.83179517713605,0.544924474764392,1.07616436446176,8.50533638765068,0.0191958654078255,0.0297809968043889,1.20241414990004,-1.45581299543076,1.81603323824485,0.100594071579196,36
52,9.09020541827925,1.64426836512381,0.983204363228888,8.50533638765068,0,0,1.96690327335787,0.948184991811196,1.17635090835472,0.921520805492557,37
52,9.31527240250074,-0.291927900071465,-0.0382704816771538,8.50533638765068,0,0,-0.0124213113736707,0.18090933948764,0.640603583929803,-1.74047037019365,38
52,9.59452217922001,-1.66337529878119,0.608111591779133,8.50533638765068,0,0,-0.722288342756471,-0.377563694718132,1.51688568942897,-0.354603986702945,39
52,9.98630544805001,-2.13781669673776,2.24518380384575,8.50533638765068,0,0,-1.62495487634243,-1.76022014699311,2.80210099932988,-0.308264046579631,40
52,10.2113724322715,-1.11255403434274,2.47702212874662,10.0300277872548,0.0216061188002801,0.0285658703407211,-0.389779240997562,-1.25208130411875,2.71518800148667,2.88141464236642,41
52,10.4406073236082,-0.538624777825834,2.59578562249976,10.0300277872548,0.017798673450716,0.0304853895156373,0.0680508873572403,-0.816026493846425,3.73126675121968,1.32066103434933,42
52,10.6073236082167,0.338702802710576,0.815626897850185,10.0300277872548,0,0,1.18667269184463,-0.905368656034719,1.02545580110114,-0.53464816799837,43
52,10.828222685323,-0.5194570333101,1.54472242134196,10.0300277872548,0,0,0.379214201352318,-0.458564932593733,2.3928646125605,0.546199544949468,44
52,11.0282822268532,-0.238142897633778,1.34877126754673,10.0300277872548,0,0,0.501015538876219,0.00105566117642464,2.55287718427024,-1.29537200697447,45
52,11.2991961893421,0.0883190725790733,2.60283190559628,11.1852172310052,0.0227250198932669,0.0280017776471438,0.704320001008129,-0.492390991920634,3.67012218154218,1.92520284722364,46
52,11.611789222983,1.00779447606349,2.24798746762139,11.1852172310052,0.0175330489620433,0.0306193037947562,1.77813723607851,-0.408179172690151,3.22051502885135,1.89216870232797,47
52,11.9327180708544,1.05483263413889,2.08972002162349,11.729595717768,0.0212444049580698,0.0287482279564477,1.63505593442567,-0.757765480117344,2.45090930343318,0.676691071497819,48
52,12.1577850550759,-0.51638420664573,1.61258839638548,11.729595717768,0.0175061858875793,0.0306328467827162,0.241858167560362,-2.33782447154389,2.72187502359916,0.914902176735626,49
52,12.453706460256,0.34275046347554,0.864589932932136,11.729595717768,0,0,0.934547965123564,-0.102161496200935,1.42478978644251,-0.486545608838708,50
52,12.7454599583209,2.12857132098038,-1.16277652218214,11.729595717768,0,0,2.5197419976859,1.37423880540308,-0.89698906437295,-1.20857992559017,51
52,12.9455194998511,1.48941350392013,-0.621824086112183,12.7773087363708,0.0218242641964002,0.0284558925912355,1.94150129372808,-0.570162672008787,0.0408729552125611,-1.04637589797151,52
52,13.0747246204227,0.848031616550879,-0.33331914609077,12.7773087363708,0.019678249544837,0.0295378033989274,1.26759894027056,-0.357884220570303,0.0593443339742675,-1.16873661884476,53
52,13.4498362607919,0.366403703252506,0.255655195022003,12.7773087363708,0,0,0.534506951574429,-0.815707364837308,0.822974227042831,-0.00485177477041532,54
52,13.5081869604049,0.554632230649327,-0.153181742997164,12.7773087363708,0,0,1.01351406078245,-0.767867838082277,0.633215907592418,0.216951195028962,55
52,13.7582613873177,0.745959521675885,0.0815789952838928,13.6772944773547,0.023273328963181,0.0277253482629107,1.33235508484707,0.444888582183741,0.604740475786699,-0.62308990845982,56
53,0,1.5286082143643,-2.52522745461461,-Inf,0,0,1.40780932901957,-0.233519405029313,-2.83614449145264,-3.34038933439562,0
53,0.0375111640369157,1.50382918352631,-2.48507211088399,-Inf,0,0,1.61981189489109,0.403298138854125,-2.20682680640765,-2.44830219114179,1
53,0.254242334027985,1.32514894956986,-2.23151190787136,-Inf,0,0,1.13559429348978,1.33967682611759,-2.12093454047557,-4.52889658839871,2
53,0.629353974397142,1.81273232983463,0.995768307515437,0.435301954345778,0.0213950574051329,0.0286722766992741,1.66390408751796,0.953509710820847,1.0045707415661,0.930757866610628,3
53,0.833581423042572,3.84297085657005,1.48556032903031,0.680132881643322,0.0400724250205668,0.0587146735667586,3.466533649868,2.08231714482535,1.4644242076285,0.854501495582684,4
53,1.09199166418577,3.31053682253558,0.56217498961753,0.680132881643322,0.0177774259873549,0.0304961013997384,3.05853835568757,2.0221618299638,0.497644395689151,0.38042591118605,5
53,1.46293539743971,1.57907514749966,-1.01563417207318,0.680132881643322,0,0,1.50323326756014,1.49063618411246,-1.04293247375835,-3.54101525984479,6
53,1.66716284608514,0.922285065135598,-0.748583007285617,0.680132881643322,0,0,1.25358215798245,1.50430078015736,-0.968998375907641,-1.26005430202483,7
53,1.8463828520393,0.90334737564821,-0.652932109607991,0.680132881643322,0,0,0.77396299902775,1.65347349177327,-1.03750315987838,-0.867405572796376,8
53,2.1714796070259,-0.0923530991342532,-0.456243959463978,0.680132881643322,0,0,0.029859291005593,0.204223484695155,-0.400860506534675,-2.19288967145064,9
53,2.27567728490622,0.0324164756084655,-0.484289838575114,0.680132881643322,0,0,0.372718900730701,0.0541615518006356,-0.935354911234701,-0.569876999934303,10
53,2.61744566835368,0.793304836976298,0.311164518322928,2.29788498985223,0.0193104386319633,0.029723234845777,0.812704102193161,0.962229032401054,-0.426006611381512,0.185008701412356,11
53,2.8508484668056,0.284515338655467,-0.241397560912379,2.29788498985223,0,0,0.136584124642064,1.80370026769434,-0.27239178140532,-2.18019592552891,12
53,3.03006847275975,0.384548414331928,0.536808616630099,2.85087885832808,0.0216419124839124,0.0285478249964559,0.0601225695671868,0.702361597385586,0.760730093507322,-0.353573267857281,13
53,3.36766894909199,0.584084719337349,0.239241481307547,2.85087885832808,0,0,0.288147326616098,1.17519162694865,0.248226006178281,-0.124931258093765,14
53,3.68026198273296,0.155414593575263,-0.922313474294353,2.85087885832808,0,0,-0.173637449214436,1.50510650745919,-1.07704556447099,-2.04725266428039,15
53,3.93033640964573,-0.611279808256825,-0.0919183463563658,2.85087885832808,0,0,-0.629595200552604,0.860229369427298,-0.210449473721343,-1.38563231670707,16
53,4.12206013694552,-0.963594945594002,0.651013847714832,4.07822889081883,0.0238901286560772,0.0274143894102254,-1.10274216960009,1.44715732396005,0.649500879416677,0.322190989256185,17
53,4.36796665674308,0.939934418279449,1.65457994919669,4.07822889081883,0.01980577819018,0.0294735099796803,0.693235147392611,0.161176789521193,2.03068801179804,-0.604865388039655,18
53,4.58469782673415,0.570449988001873,1.51194128195356,4.07822889081883,0,0,0.554184675710277,0.817636331706345,1.03771613119853,-0.898828079847142,19
53,4.9598094671033,1.1182842955609,-0.76341114488616,4.07822889081883,0,0,0.630242811636964,0.809032123308323,-0.78842473851311,-2.93071969409132,20
53,5.00148853825543,1.0540797644889,-1.15872979512787,4.07822889081883,0,0,1.00360907389565,1.45656672623939,-1.24434735625711,-3.21237999662873,21
53,5.37660017862459,0.859802316906681,-0.735299525595461,5.20317024040537,0.0217375770325384,0.0284995958247624,0.514957023260388,2.00289959601061,-0.993087256673826,-1.02843551219454,22
53,5.61833879130694,0.940044564023859,0.0173233098175907,5.20317024040537,0.0177224528457295,0.030523816045588,0.867590086551958,1.29917745873225,-0.167851017997175,-0.387156380851849,23
53,5.87674903245013,0.66660790674574,0.0608195085971178,5.20317024040537,0,0,0.737308502594208,1.44064339140435,0.210452148785867,-0.388017717656974,24
53,6.13932718070854,-0.403693833233163,0.527606875333724,5.20317024040537,0,0,-0.587888421786926,1.05731145234719,0.519266187030495,-0.170159903524186,25
53,6.38106579339089,1.52651460496972,0.887845960180782,6.30455821870217,0.0233473956781304,0.0276880076141334,1.26122205178576,1.76581426392676,0.555878144404854,-0.458764582798379,26
53,6.5144388210777,1.92207742304626,1.10130609600248,6.30455821870217,0.0211321547474743,0.028804818770448,2.00067378471121,1.22649635374813,0.847310260658381,0.449023211436029,27
53,6.91872581125335,-0.055704436040918,0.175048824294885,6.30455821870217,0,0,-0.10270819355168,2.04896048864679,0.137849500032635,-2.18422023552131,28
53,7.07293837451623,0.0758178002080395,0.65834299041338,6.30455821870217,0,0,0.208552646326775,1.34371768238655,0.642659883191948,-0.0820657951893937,29
53,7.49806490026794,-0.159169676468362,1.40222902071024,6.30455821870217,0,0,-0.19338076950391,1.18549043595776,1.05750605968337,0.638383308428225,30
53,7.59809467103305,-0.212260628306048,0.725790906279992,6.30455821870217,0,0,-0.334433018639514,1.36088556488096,0.805634493024849,-0.337868251532067,31
53,7.94819886871093,-0.476279476328954,1.85298561172587,7.76585288223488,0.0215894871572449,0.0285742551643372,-0.158212835078903,0.297643697846689,1.94877785997548,0.639462298962276,32
53,8.24412027389104,1.07200248447166,0.572786501395826,7.76585288223488,0.0166744213423573,0.0310521799174168,0.906891212832768,1.05386558861564,0.43785150721238,-0.932675475032346,33
53,8.30663888061923,0.351089940776221,0.160386210816685,7.76585288223488,0,0,0.590414665731532,0.597469655306375,0.31866700278319,-1.30943749917393,34
53,8.63590354272105,-0.0131973557386913,1.15627433960247,8.57059993323369,0.0235334863947432,0.0275941901943028,-0.325453763599808,0.492825887984571,1.21185835096547,1.07906271237158,35
53,8.86930634117297,-0.257445097885116,1.17043852914463,8.57059993323369,0.0196568147661055,0.0295486097178657,-0.284701956642797,1.35567967590633,0.884831028745586,-0.103226649249519,36
53,9.20690681750521,0.211794681590298,1.54828057328683,8.57059993323369,0,0,0.0434954231753161,0.739547453882365,1.51625632844287,1.27898036956155,37
53,9.398630544805,0.447156142108677,0.758641316554592,8.57059993323369,0,0,0.426171129684885,1.58304936941126,0.733468315273539,0.354664944040834,38
53,9.50282822268532,-0.148511539062754,1.35016852842275,8.57059993323369,0,0,-0.152954244678452,0.794553389488051,1.40054436474742,0.299499657492248,39
53,9.91128311997618,0.872141950200215,1.38454624154069,9.68824120779307,0.0209135537852572,0.028915026193048,0.798267210309426,0.71000424256613,1.93606861120019,1.06717120944468,40
53,10.182197082465,1.59552814478115,0.623609142132857,9.68824120779307,0.016413845644862,0.0311835488543123,1.56450158123192,1.62322960630474,-0.128437704454147,-1.48426400433438,41
53,10.319738017267,2.00611681921408,0.167234480482875,9.68824120779307,0,0,1.8360558275418,0.807661851003423,0.255690220538197,-1.77247744534715,42
53,10.6531705864841,1.76909950642967,-1.31563279475575,10.6495374628862,0.0214241833173383,0.0236446115784821,1.69201850186577,2.33879166800771,-1.25820375924466,-1.38004567311357,43
53,10.7948794284013,1.86511800379746,-0.195487741367746,10.6495374628862,0.0222041003459376,0.0282643986352201,1.73748100906358,0.889674719642683,-0.395239551048252,-1.99109499758908,44
53,11.16165525454,1.44034455815463,1.24214285987666,10.6495374628862,0,0,0.99210391026148,0.900875027579726,1.35235213071837,0.100317480950519,45
53,11.4617445668354,1.09455669910519,-0.206457664489359,10.6495374628862,0,0,1.39369971533346,-0.499966187786111,-0.181533161741358,-1.96844147728161,46
53,11.7326585293242,2.17323628546807,0.625519906883628,11.6122070404271,0.022617515288554,0.0280559759694455,1.802300331963,0.592154382419288,1.08561811681365,-0.739196566620351,47
53,11.924382256624,2.09027016657195,0.57040445206234,11.6122070404271,0.0194331064507363,0.0296613920066476,1.75384697603371,2.22341246204348,0.260522668698398,-0.490571104464175,48
53,12.0535873771956,3.40848199541818,-0.158339078377594,11.6122070404271,0.0172870917991555,0.0307433028143146,2.78011779272619,2.12817937936496,0.213681517250083,-1.5314772629121,49
53,12.4912176242929,2.03156087703558,-1.48744019775574,11.6122070404271,0,0,1.67619166157486,1.65512648006661,-1.50592869663546,-2.29662781591286,50
53,12.6746055373623,1.39740365617919,-0.762937237033662,11.6122070404271,0,0,1.06230517681954,0.681196528942492,-0.88671098060642,-2.10782151384938,51
53,12.8996725215838,0.704888987014028,-1.28544756726983,11.6122070404271,0,0,0.816140626461038,1.33733274455594,-1.48388546399609,-2.13677800806977,52
53,13.0497171777315,0.651977942211428,0.000393318742677534,11.6122070404271,0,0,0.425572547395964,0.637348969309381,0.128674500779034,-0.210678433374168,53
53,13.3164632331051,0.926403243345673,-1.76086101899868,13.1881328629813,0.0224866520961605,0.0281219504967108,0.94451235559015,1.27080218185374,-1.61844686939606,-3.08949680546217,54
53,13.7499255730872,2.21520754792704,-0.552396160263606,13.1881328629813,0,0,1.9051135184979,2.10886337929532,-0.486224022191743,-1.82969397766932,55
53,13.9916641857696,0.539881182729855,0.751044213788767,13.9187888324377,0.0234077245583987,0.0276575928788261,0.739429461897614,1.60746685783841,0.348257792422848,-3.10260505913558,56
54,0,0.41796332328274,-0.640519467226237,-Inf,0,0,1.5840092547902,1.06424785248494,-2.75635382495679,-1.0840398433604,0
54,0.125037213456386,0.129591763254768,-0.523951301657736,0.108979910274502,0.0243514361354386,0.0271818217773707,1.3282666021803,0.146944785477977,-2.12092040813166,-1.0041433646942,1
54,0.387615361714796,0.84116775305638,1.21318395394499,0.108979910274502,0.01999018055321,0.0293805437413656,1.86963116837495,0.0793373280648807,-0.279571150206599,1.80933263376151,2
54,0.729383745162251,0.127550658863709,1.93458805465866,0.108979910274502,0,0,1.3226187589726,0.0478582641181472,-0.638052725063929,1.25015737715966,3
54,0.833581423042572,-0.093144218499139,1.89711142172579,0.748834573894811,0.0232105465839975,0.0277569999268618,0.881696214971481,-0.102801074087505,0.211700369894194,0.223199801960442,4
54,1.04614468591843,-0.406985053229945,1.02760732619561,0.748834573894811,0.0196800063507653,0.0295369177072389,0.736459866573752,0.3623142574404,-0.875115425992516,0.376677717881832,5
54,1.2962191128312,0.126136930358765,1.37580112880602,0.748834573894811,0,0,1.40477381450485,0.0935879934960516,-0.62397964003442,-0.0355838684062884,6
54,1.65882703185472,-1.18306839226129,0.568941158789069,0.748834573894811,0,0,0.151838433232891,-0.965791665583276,-1.72636079173659,0.445253016266578,7
54,1.76719261685025,-0.947616125769373,0.466377949967075,0.748834573894811,0,0,0.168933647079569,-0.298486465786627,-1.83978902285933,-0.118595608224327,8
54,2.11729681452813,0.809036631593067,-0.358069070618223,0.748834573894811,0,0,2.01739810554654,0.749133541179558,-2.34641788032897,0.693586475756168,9
54,2.4298898481691,1.33330675785844,1.58467179966318,2.18999237240865,0.0206335936239413,0.0290561677849782,2.20318848409312,1.2559956106693,0.288741715412492,-0.48341398303164,10
54,2.53408752604942,2.08530534314838,0.989788916287622,2.18999237240865,0.0189029366468668,0.0299286765008491,2.84009694649195,2.92091685643289,-0.997810808776557,-0.210550178605779,11
54,2.84251265257517,2.16021360844093,0.397946814028004,2.18999237240865,0,0,2.90812991055234,2.26939854712368,-1.36940214444009,0.247095374616213,12
54,3.10092289371837,1.17866523314314,-1.5999178024401,2.18999237240865,0,0,2.18531105527937,1.3522281116649,-3.44683428868721,-2.11755806415643,13
54,3.33432569217029,-0.391689009922426,-0.257703708623467,2.18999237240865,0,0,0.605920956403242,0.77262622884633,-2.10117294509621,0.0442141199434474,14
54,3.68859779696338,-0.0470484249240401,1.28923143401945,3.58651891133676,0.0229226725116647,0.0279021313078993,1.2595256016479,0.0811120355077155,-0.724268515914662,1.26602483911693,15
54,3.98035129502828,-1.16877341029281,1.81698260982361,3.58651891133676,0.0180768329758563,0.0303451557123376,0.0902928040100365,-1.48874820230524,0.23097419040715,0.564739459286164,16
54,4.04286990175648,-1.25860352960485,2.37044961286485,3.58651891133676,0.017038438789611,0.0308686609418602,-0.405645848957776,-0.405118243925059,-0.167091859128177,0.994871098933795,17
54,4.3429592140518,0.542697273374678,3.29957785371374,4.10755609357013,0.020708241998827,0.0290185338930071,1.22262643752441,0.304348160429265,1.65086865051972,1.90516005894575,18
54,4.55135456981244,0.227188645361071,2.72987451736285,4.10755609357013,0.0172469280446779,0.0307635513247493,0.940881576195715,0.477730847123655,0.6494041992051,2.677530179266,19
54,4.84727597499256,-0.839844772902041,1.18048488701794,4.10755609357013,0,0,0.458271490006756,0.381151980257112,-0.252752088513102,-0.670671825728,20
54,5.24739505805299,0.189714384191665,0.935580981900706,4.10755609357013,0,0,0.981987328025512,0.288343708416142,-1.057854726172,1.33818930316413,21
54,5.29740994343555,0.673137971709631,0.841897146885599,4.10755609357013,0,0,1.45361026425681,0.286698997484083,-1.28400550855272,0.241781309569839,22
54,5.59749925573087,1.55973115145686,1.64837750089215,5.3855952280484,0.0210985469435741,0.0288217621059631,2.68591252939021,1.66625089913027,-0.331491357474504,1.38718287942412,23
54,5.85590949687407,-0.188449129111355,1.92164985641619,5.3855952280484,0.0168065176404283,0.0309855837213229,1.02068636206217,0.99334342573327,-0.481483855277114,0.446263381862215,24
54,6.17267043763025,-0.308002250557373,1.66665281996517,6.10164097145988,0.0234383835669331,0.0276421361750958,0.66469798379248,0.975557656241011,0.00472421582763841,1.30849901851216,25
54,6.47275974992557,-0.751031614982628,3.17403447462229,6.10164097145988,0.0184540914729581,0.030154961276804,0.130485202814947,-0.59562932995995,0.990272123392868,1.80421766755475,26
54,6.73116999106877,-0.425635689493532,1.49102185326838,6.10164097145988,0,0,0.675480229536807,-0.123263707814653,-0.718031827805103,1.0391421747649,27
54,6.8395355760643,-1.54917536204941,1.30658998729197,6.10164097145988,0,0,-0.357155430392357,-0.446914125145444,-0.154134837167456,0.6923362668355,28
54,7.02709139624888,-1.29473428538934,0.616329666965013,6.10164097145988,0,0,-0.37613101372638,-1.15582667954434,-0.918375319308457,0.430624383566396,29
54,7.49806490026794,0.176521147090955,1.01291570174078,7.17439569880863,0.0192421986858609,0.0297576379357786,1.41019118794629,-0.109715675742161,-1.10270518712466,1.56701988007719,30
54,7.61893420660911,0.738495433304486,1.86523172884764,7.17439569880863,0.017234636592455,0.0307697480461891,2.28560904379276,1.57400331205912,-0.394691507313093,1.32477272308115,31
54,7.83983328371539,-1.55972745441646,1.25654017531741,7.17439569880863,0,0,-0.601922310712733,-0.225217802075885,-0.966939925429159,1.245208583864,32
54,8.16076213158678,-0.884992049140266,1.87965936855328,7.17439569880863,0,0,0.412717096060965,-0.155743322166742,-0.252713857268682,0.544908616038151,33
54,8.31914260196487,-1.02299420463799,1.4572300447366,7.17439569880863,0,0,-0.107003307273048,-0.802877712677914,0.203390596984499,0.129834669704384,34
54,8.5233700506103,-1.03932616222949,1.60117426929194,8.44650922274181,0.0233415283681083,0.0276909656117122,0.351560391207583,0.158475679640961,-0.568613605271174,1.05588943890356,35
54,8.76094075617743,-0.536882282478197,1.77137258395815,8.44650922274181,0.0193956304603684,0.0296802854838856,0.605225276304377,-1.29762090912303,-0.465069259370658,1.8369787823392,36
54,9.19440309615957,0.578940759677374,-0.0297330557173631,8.44650922274181,0,0,1.7460381926175,1.36597657548167,-1.93223501440273,-0.321649909556475,37
54,9.4944924084549,0.381890378489823,-1.10486843835512,8.44650922274181,0,0,1.30519635890106,-0.104346116992986,-2.96054449545832,0.285539759303451,38
54,9.54033938672224,0.507249844821223,-1.0938058987522,8.44650922274181,0,0,1.34142817734732,0.0813896296050565,-3.16366678420108,-2.66245377339763,39
54,9.79874962786544,0.174244738802916,-0.248282304755989,8.44650922274181,0,0,1.08945276642132,-0.778267100246551,-2.06427233411762,0.730332641052958,40
54,10.1530217326585,1.81476617244996,-0.0295662292521612,10.0502951203684,0.0229119141848805,0.0279075551059293,2.46403369739657,0.840365286767708,-2.05579296612389,-1.13110326895083,41
54,10.4697826734147,2.03244140364177,-0.591489002992821,10.0502951203684,0.0176507169745723,0.0305599816021771,2.72389512506529,1.01152831626476,-2.25421499885266,-1.06863731660585,42
54,10.7198571003275,1.98908798358632,-0.157438000415348,10.5335724559899,0.0215240685620569,0.028607235873527,2.81757467302011,0.952746994266008,-2.16485526657535,-1.45784193929156,43
54,10.8157189639774,1.53897732369758,0.359074198194505,10.5335724559899,0.0199318641431481,0.029409943892128,2.27749085417164,1.30633454484431,-1.31228861498841,-0.112062908537024,44
54,11.2491813039595,0.70267899938856,0.218688812543217,10.5335724559899,0,0,1.95528582215995,0.472746865370333,-1.64654437807113,0.156623875140986,45
54,11.357546888955,-0.0575617386653719,-0.663128862734601,10.5335724559899,0,0,1.28614338667792,0.631050568120841,-2.8233255738795,-0.867560477786201,46
54,11.5200952664483,1.31451560960134,0.149428861342735,11.4205496286776,0.022964748142968,0.0278809189269897,1.77263729648818,1.10827749529977,-1.33055795818094,-0.696254811383932,47
54,11.786841321822,0.308356468757487,0.972747544044494,11.4205496286776,0.0185342662816473,0.0301145412396069,1.3854987269707,2.37157104152304,-0.866897690610962,0.129220998663064,48
54,12.0327478416195,0.717776097580669,0.512196753903647,11.4205496286776,0,0,1.69131197980845,0.936353243350369,-1.4335211308781,-0.113466615147579,49
54,12.2869901756475,0.612998731371418,0.152663883305423,11.4205496286776,0,0,1.89066685816989,0.0661869736898079,-2.16569472397224,0.158729205109911,50
54,12.649598094671,0.400866627700295,-0.205350231638945,11.4205496286776,0,0,1.59989852758167,0.678673107721089,-1.62766502166135,-1.20397682413523,51
54,12.7788032152426,-0.295436145727256,-0.13700590039197,11.4205496286776,0,0,1.04306773234117,1.08181461823511,-2.38008958156022,0.0689524931629627,52
54,13.0580529919619,0.392922024179555,0.412107418383474,11.4205496286776,0,0,1.40966353753667,0.801666021364198,-1.52592377538535,-0.46043300816569,53
54,13.4039892825246,1.12357719059046,-0.0712414713664942,13.1973129900889,0.0211853762920083,0.0287779871902407,2.15691470695545,0.300911762192092,-1.59195096057691,-0.266342244109251,54
54,13.666567430783,2.03207502567385,1.37608527615214,13.1973129900889,0.016824120709789,0.0309767091542478,3.1357588898907,1.6728943238014,-0.537537654427378,2.33203888635856,55
54,13.8249479011611,1.66668956415173,0.684697034126095,13.7561454759561,0.0234753732970592,0.0276234878453721,2.7400901492213,1.36707390725011,-1.28146572088558,-0.51257391253808,56
55,0,-1.1905981949573,0.27443272642264,-Inf,0,0,-1.37496583976703,-0.933404808148321,-1.13331751881133,-0.653016738958602,0
55,0.00416790711521286,-1.2964295303949,0.326271914177275,-Inf,0,0,-1.58453306551002,-1.29026040598675,-1.22429053934459,-0.0176362234710238,1
55,0.46680559690384,-0.0405280954783187,0.568729167150219,0.290627681650221,0.0216919348865354,0.0285226062599547,-0.558022542823449,-0.241494732352991,-0.791548639512531,-0.341658693759046,2
55,0.591842810360226,-0.127283635807205,1.11506158269428,0.290627681650221,0.0196151465140458,0.0295696167189995,-0.536336997459635,-1.54698261425126,-0.167336739839588,-0.723869689609693,3
55,0.900267936885978,-0.6343349783728,1.62737545443737,0.290627681650221,0,0,-0.736345633882093,-1.07777473374824,0.193374682570531,0.67016493433848,4
55,1.19202143495088,-0.785454746161758,2.03829837868561,0.290627681650221,0,0,-0.763765198268374,0.306666372474007,0.513214258669726,0.271559569863388,5
55,1.47543911878535,-1.1323093687703,1.86771176089105,1.40206735473878,0.0233994794930194,0.0276617496190187,-1.41281787048455,-2.53258125313111,0.473010812490984,1.19251332927631,6
55,1.65049121762429,0.35974461906987,1.98737598562173,1.40206735473878,0.0204919757715331,0.0291275642616815,-0.0671362131229229,-0.0840862257329524,0.218990716715816,-0.918809371145009,7
55,1.86305448050015,0.630878887849856,1.95468574030338,1.40206735473878,0.0169614355383014,0.0309074820420597,0.00617754255466488,-0.426991988673408,0.846300106717393,1.25867465854268,8
55,2.10896100029771,-0.395890837248416,1.73087280957535,1.40206735473878,0,0,-0.815099159121989,-1.22468379100608,0.505424723749245,0.695832426551291,9
55,2.38821077701697,-1.03133274398806,2.02186177975253,2.21669657465178,0.0217693961833097,0.0284835542366643,-1.56445575114861,-0.610051979028015,0.308633736652764,1.0579908469404,10
55,2.72581125334921,-0.634073092867584,1.7330577768778,2.21669657465178,0,0,-1.52992764036103,-0.777569109161898,0.788821458187589,1.34044947789006,11
55,2.95087823757071,-2.64380283977732,0.380824787166677,2.21669657465178,0,0,-2.55296572332464,-1.966578834623,-0.728347904623121,-1.0782486532638,12
55,3.20512057159869,-1.28420968523002,2.24851737745897,2.21669657465178,0,0,-1.58689974633138,-0.754088375424817,1.01086820632242,0.115210647330541,13
55,3.49687406966359,-2.01437229624414,0.746444285240551,2.21669657465178,0,0,-2.1777983340877,-1.4592610739147,-0.792191893812372,0.199620148474223,14
55,3.51354569812444,-2.17795125603743,0.993221144658207,2.21669657465178,0,0,-2.57737843476268,-1.63386519971314,-0.225278937525371,-0.856780360529311,15
55,3.93867222387615,0.467388227928925,2.1733379704372,3.55574687634989,0.0182579918905518,0.0302538246547547,0.123258789576552,-1.51051212757747,1.00352338986217,0.63092674201053,16
55,4.07621315867818,0.964310877795145,3.11747921145496,3.55574687634989,0,0,1.02102105371484,-0.821783482758014,1.33686180246625,1.24046402259257,17
55,4.49300387019946,0.141487631382765,0.542708169379222,4.32667688859376,0.0218555526119525,0.0284401185726855,-0.54793150100415,-0.576378631263863,-1.30709423959959,-0.146562404523552,18
55,4.55135456981244,1.32352796007157,0.635079241104591,4.32667688859376,0.020886384704791,0.0289287234535729,0.982302992403315,1.08551208458721,-0.690339138806844,-0.0971228712240821,19
55,4.86811551056862,2.87330621373806,0.268348576511326,4.32667688859376,0,0,1.87123487984914,1.45234707126603,-1.00730621030583,-0.361143584421712,20
55,5.16820482286395,1.52205282590458,-0.0359012598797205,4.32667688859376,0,0,0.983237093185377,-0.394838090804795,-1.20648526788397,-2.15302973097726,21
55,5.35576064304853,1.83025893784858,-1.44300697085531,4.32667688859376,0,0,1.10269873472644,-0.00143714715083559,-2.94021937858422,-2.45956894199538,22
55,5.64751414111343,0.810829325855666,0.580177697189826,5.37000404199621,0.0200088719375975,0.0293711205015179,0.645021941868256,0.325318320959839,-0.813801208736782,0.253142375874474,23
55,5.82673414706758,-0.0138809659209042,1.64218397040815,5.37000404199621,0.0170321419370255,0.0308718354928096,-0.254615817876963,-0.410860383497881,-0.260933705038845,0.684494600457454,24
55,6.13515927359333,-0.63831153579571,1.99779931158171,5.37000404199621,0,0,-1.20297324911537,-1.22807590631059,0.228694019314251,1.47440008443965,25
55,6.32271509377791,-1.40406206008875,1.46994236795159,5.37000404199621,0,0,-1.42079369588048,-0.91056069811676,0.291261742574873,-0.216224415408792,26
55,6.70616254837749,0.165270759225797,0.524350104622057,6.50610443909044,0.021295300093337,0.0287225692327844,-0.518073242820846,0.243692656932502,-0.803952971657364,-1.09020744402688,27
55,6.76451324799047,0.000722426111202636,0.610201950743072,6.50610443909044,0.0203261321861747,0.0292111741136722,-0.0225321081218542,-0.648321524757583,-1.02501244340646,-0.394632873289832,28
55,7.13962488835963,-0.700801884950448,0.358930890589145,6.50610443909044,0,0,-1.051620580411,-0.877858498769475,-1.05538411382527,-0.924873595629445,29
55,7.47305745757666,-0.352589533138738,0.735881454725931,6.50610443909044,0,0,-1.19630771698471,-1.15985241698514,-0.8003029058738,0.0804100321696552,30
55,7.74813932718071,1.26385051603149,1.90191561757005,7.52465770504115,0.0209062504833024,0.0289187081442829,0.800208782701072,0.83724351655397,0.685963230700614,0.410918161912832,31
55,7.7773146769872,1.23090293650026,1.89013930111863,7.52465770504115,0.0204216665297217,0.0291630105847268,0.807515007176457,0.327700910269604,0.340304428635796,0.204346437697442,32
55,8.14409050312593,1.0347468116802,0.56230882453934,7.52465770504115,0,0,0.464611096806099,-1.17613170073597,-1.30183691913482,-0.438725822949929,33
55,8.34831795177136,1.52459763495795,-0.0827071406156821,8.21573701380716,0.0224160528751483,0.0281575430124332,1.03297188297556,0.0726136342653919,-1.48188360966884,-0.308969886959077,34
55,8.50253051503424,0.861089249923144,0.555621446035496,8.21573701380716,0.0198546805490872,0.0294488559119337,0.395017705624643,-0.137714709843616,-0.951855276089442,0.0404002701660547,35
55,8.84013099136648,1.15114252346267,0.0440045879841135,8.21573701380716,0,0,0.981645925381697,-1.2799370882454,-1.00041834174198,-0.225354142367583,36
55,9.09020541827925,0.803227056789196,-0.787227656869073,8.21573701380716,0,0,0.413022158747132,-0.113934125463039,-2.47452685674942,-1.14341812161888,37
55,9.27776123846383,1.5112333982652,-1.16860598993816,8.21573701380716,0,0,1.20039739406531,0.116313702012166,-2.24481742130099,-0.980167095428208,38
55,9.7237272997916,2.64112001428404,0.44467131878117,9.40223448633467,0.0192783471025761,0.0297394137532402,2.34216656571325,0.492159551526593,-1.1348895731252,0.230689038703098,39
55,9.83626079190235,2.56961306430385,0.422351882581062,9.40223448633467,0.0174092375673443,0.0306817231663931,1.98385846634419,0.879591544159761,-1.04403230262597,-1.1300182725782,40
55,10.1947008038107,3.03170215005827,-1.71440331854661,9.40223448633467,0,0,2.30430426193388,1.49046521743132,-2.62221120868414,-2.26606793495835,41
55,10.4531110449539,1.86189125876082,-2.06733990997041,9.40223448633467,0,0,1.08893350325489,0.287624251423445,-3.2551592942618,-2.6763646658178,42
55,10.5698124441798,1.41584943561014,-2.56865048832932,9.40223448633467,0,0,0.723082365475309,-0.336865687812473,-3.754533163516,-3.75293446235422,43
55,10.8907412920512,2.24147525245282,-1.09228867046165,10.7262006807195,0.0218852230829425,0.0284251602390171,1.67583048425102,1.71705115324308,-2.16423529902215,-1.55498595357678,44
55,11.0366180410837,2.57659194227403,-0.748355555655194,10.7262006807195,0.0194623033150285,0.0296466724412242,1.93484147651174,0.971794756920652,-2.34542062466578,-1.21976289328322,45
55,11.336707353379,2.36466518389518,-0.753017850256731,10.7262006807195,0,0,1.71389987212866,0.90948413394483,-2.11042615527332,-1.74080228439536,46
55,11.532598987794,0.67749316820025,-1.3705943226341,10.7262006807195,0,0,0.0753266521951408,-0.433135186991374,-3.01887257806904,-1.51979263298094,47
55,11.9910687704674,0.660701421298333,0.0306754962130353,10.7262006807195,0,0,0.125494786716821,-0.011627045066524,-1.34766560793893,0.170880918270596,48
55,12.1452813337303,1.73555445406608,0.208041659880141,12.037224159859,0.0228233769566056,0.0279521910472926,1.23863590518855,0.0260141301163928,-1.11884591308191,-0.0169924271091773,49
55,12.4286990175648,2.64538819569214,-0.737002647577693,12.037224159859,0.0181159899789526,0.0303254147544489,1.84617767382384,0.374893896131798,-1.78657913792264,-1.80213570773482,50
55,12.5162250669842,2.44601205234509,-0.0583778455978028,12.037224159859,0.0166622381182104,0.0310583220757806,1.74400314210472,0.381555894014419,-1.46634033187401,-0.361697947432557,51
55,12.8121464721643,2.08301926853412,-0.894940871563653,12.037224159859,0,0,1.62624378941879,-0.0565843126428072,-2.44931645011013,-1.64164089804598,52
55,13.1247395058053,0.993725166801127,-0.114594244619226,12.946426483781,0.0216564721247435,0.0285404847703408,0.471099076855681,-1.2841794410923,-1.88311937097067,-0.850043707322883,53
55,13.353974397142,1.72987348637349,0.821206103935079,12.946426483781,0.0178490267751878,0.0304600039452687,1.18647075026682,-0.191896919685393,-0.887064715965257,0.272624011856489,54
55,13.6790711521286,1.02041002633442,0.0828544411720262,12.946426483781,0,0,0.629182610758709,8.38252942508971e-05,-0.787039855961651,-0.296719978162349,55
55,13.9624888359631,0.103460236140983,1.21515122263486,13.7733858040767,0.0214772569423088,0.0286308358975494,-0.113043609412486,-1.43506745286053,-0.187298565587918,0.612792764601181,56
56,0,-1.54619596334512,1.90210828288302,-Inf,0,0,-1.53991412827803,-1.70189124315413,1.24094036692125,2.68740759536993,0
56,0.133373027686812,-1.66919429788807,1.37157138944969,-Inf,0,0,-1.73120378629116,-0.857061950162017,1.12593113508027,2.11279389348671,1
56,0.316760940756177,-1.03401132147722,1.65920104276937,-Inf,0,0,-1.30165797199219,-1.05187452211479,1.65248566793985,2.4204120226799,2
56,0.583506996129801,-0.739475500360783,2.85042711283371,0.374174166459125,0.0211412529027583,0.0288002319459711,-1.09402461261354,-1.14132774515463,2.33735355421945,4.03026075465098,3
56,0.958618636498958,-2.00948940333957,2.71021945208143,0.374174166459125,0,0,-2.07005289112522,-1.87495346614269,2.443551899024,2.4043779577125,4
56,1.21702887764216,-2.2271064158095,2.10444322424445,0.374174166459125,0,0,-1.96725645143478,-1.99685807247535,1.46532428758426,3.38474046518812,5
56,1.3295623697529,-2.38900964478261,2.10499917863242,0.374174166459125,0,0,-2.00352927433806,-2.57834522632617,1.7025849083938,3.3383924846026,6
56,1.63798749627865,-0.205830905017346,2.56339878020793,1.36105556690421,0.0200184749682946,0.0293662791446845,-0.242761092990696,-0.944848377127482,2.35502031137923,3.50601751165228,7
56,1.85888657338494,0.964278246932559,0.670413441049408,1.36105556690421,0.0163494821768963,0.031215997622329,0.836533861647551,-1.34433599093903,-0.0225139333130528,0.691390425325168,8
56,2.05061030068473,1.2085615060601,0.203262763787737,1.36105556690421,0,0,1.19657373364836,0.585344434750181,-0.300590754654166,2.14304814954283,9
56,2.3006847275975,0.0635743530343122,0.262500637477885,1.36105556690421,0,0,0.272903033406254,-1.7083741223702,0.0417484231047759,-0.321178595023179,10
56,2.51324799047336,0.714112573962041,-0.0917939012242765,2.48533371097516,0.0241544993206601,0.0272811072450523,0.160992238580718,-0.220447404210351,-0.767947619691917,1.74444092858019,11
56,2.9800535873772,1.632072867409,0.923958453101602,2.48533371097516,0.0164011560633657,0.031189946292153,1.20349978402814,0.126637608576893,0.350596873385462,1.16831358314731,12
56,3.22179220005954,2.11182289093524,-0.14898013866334,2.98616470524038,0.0207045152841772,0.0290204127118935,1.62161986936128,-0.190675602571091,-1.07676898944922,0.668523275039765,13
56,3.48853825543316,1.99202989245627,0.575978220318372,2.98616470524038,0.00697564021634958,0.0133695688494811,1.69878061756435,-0.330722458359575,-0.0362466471268089,1.48450720494756,14
56,3.58440011908306,1.14300655362736,0.517865172670646,2.98616470524038,0,0,1.02875472902074,-0.468451642814122,0.239624862436673,1.66393028834575,15
56,3.82613873176541,-0.847455795166738,-0.412011328401015,2.98616470524038,0,0,-0.572902351471461,-0.719591281179358,-0.750348970339792,0.457353325934115,16
56,4.22625781482584,0.505012647146642,0.0712453945397969,4.17873005393642,0.023828731903336,0.0274453425121985,0.607214601977763,-1.21910365604815,0.394019394718708,0.949735941109431,17
56,4.3429592140518,0.867664584368118,-0.548267954357816,4.17873005393642,0.0218903960890121,0.0284225522739738,0.627168631221138,0.180055755979881,-1.20232191628871,-0.735744136750722,18
56,4.70556713307532,0.60052374703653,-0.475808221683385,4.17873005393642,0,0,0.286340009318963,-0.681565687259748,-0.957922845637132,0.182088898684961,19
56,4.8931229532599,-0.353488457823657,-0.0403615440248747,4.17873005393642,0,0,-0.294972152253107,-1.95113999870198,-0.708335435330151,0.859092327846452,20
56,5.09735040190533,-0.337624365226333,-0.268178640900144,4.17873005393642,0,0,0.115586627581496,-1.28680820713324,-0.889518807375292,0.287708229593351,21
56,5.3807680857398,1.00988138015646,-0.0456088752062509,5.2114461120827,0.0218058077040474,0.0284651974105437,0.513117963266357,0.936210627494375,-0.496348297057577,-0.573711273703416,22
56,5.71420065495683,0.697180610156348,1.58367930883332,5.2114461120827,0.0054885219195534,0.0105211086208167,0.620672284899452,-0.385442312116199,0.71800214896728,2.13385073434324,23
56,5.75171181899375,0.350216691530262,1.20056217447425,5.2114461120827,0,0,0.342084907434298,-0.383089460956461,-0.0347256905506537,1.21980891733745,24
56,6.16433462339982,-0.613142693033871,0.64608262865756,5.2114461120827,0,0,-0.275238655063469,-0.972556624256256,-0.149122791668035,1.26036874037,25
56,6.33938672223876,0.529923352514224,0.674388642012358,6.18830662322087,0.0221087936079666,0.028312447417061,0.234059255365151,0.00791223026233623,0.057075387871666,1.84787365440236,26
56,6.58529324203632,-0.0259770076618444,1.2689527598318,6.18830662322087,0.0180244431420749,0.0303715679865221,-0.15889592127658,-0.201763698867204,0.767526980883687,1.73829098745681,27
56,6.84370348317952,0.840681498530021,0.557576494674966,6.18830662322087,0,0,0.671671272780145,-1.21108389063166,0.220562892966963,1.41248403521734,28
56,7.10211372432272,1.37960903264373,-0.810833134454182,6.18830662322087,0,0,1.03044862527077,-0.622667937474072,-1.35772535856566,-0.810308562586195,29
56,7.35218815123549,1.72876368940672,-1.12599160717935,7.16666893357089,0.0215367818109451,0.0286008265037933,1.39961848299099,0.96341570969837,-1.80614872407213,0.5960666997646,30
56,7.52307234295921,1.64741688252659,-0.684477808517885,7.16666893357089,0.0186985043685425,0.030031740797822,1.64535641783472,-1.01361972128396,-1.21934075122578,0.779456809940807,31
56,7.81482584102411,1.07596818915477,-0.225127176868378,7.16666893357089,0,0,1.08828486319319,0.499216277599362,-0.758877646621454,0.604758636098087,32
56,8.01071747543912,0.493503240292071,0.337285331894316,7.16666893357089,0,0,0.251300906116229,0.215849727856028,-0.186972108408768,2.47633658272635,33
56,8.2649598094671,0.912693970812896,0.835860002696495,8.25607709876226,0.0244706015408607,0.0271217446758878,0.727792475673478,1.51984296964719,0.808042428212406,0.905100082665392,34
56,8.63173563560584,2.55547920474556,0.409455704594638,8.25607709876226,0.0183786889815474,0.0301929753557412,2.29696722370055,-0.0421388986624576,0.354280212426898,1.21800092782773,35
56,8.96100029770765,1.88952455914217,-0.435192953704033,8.25607709876226,0,0,1.84337690110596,-0.104724324080758,-0.70776782963154,0.632410415412586,36
56,9.06936588270319,1.21038914640503,-1.03668162677955,8.25607709876226,0,0,0.891616353177122,0.663596203940997,-1.87778421926392,-1.31661676141707,37
56,9.29860077403989,-0.339252664346468,-1.72277712227956,8.25607709876226,0,0,-0.18712648366431,-1.76281124142957,-2.51876401215498,0.0715361470746614,38
56,9.58618636498958,0.681476507117605,-0.290665907388105,9.47634521139105,0.0227937461910774,0.0279671293635068,0.594973260017643,0.731427124773972,-0.529847405267673,1.03261225588832,39
56,9.79874962786544,2.01350724397528,0.154669467637455,9.47634521139105,0.0192632059578437,0.0297470471438833,1.73895810327989,2.5970172315122,-0.324943350353068,-0.137370467258414,40
56,10.1530217326585,-0.100806824258859,0.67391612893612,9.47634521139105,0,0,-0.338419650160145,-1.22348128616583,0.153975097730084,3.29169613013893,41
56,10.3322417386127,-0.0668045620011457,0.693850696402694,9.47634521139105,0,0,-0.555067568248356,-0.145960974236951,0.408178320516745,1.20993841107713,42
56,10.5323012801429,-0.313215915711555,0.829326680023832,9.47634521139105,0,0,-0.60354321956437,-0.209218162135227,-0.0752378837028838,2.69071638173258,43
56,10.9157487347425,0.367572464750934,2.1126266851674,10.7277933596687,0.0214963187900444,0.0286212258890329,0.214037768218567,-0.833961120573114,1.43307352567644,2.53988737936462,44
56,11.1783268830009,0.907102748041442,2.52706919257673,10.7277933596687,0.017135063207825,0.03081994785304,1.09779919498966,-0.892423677724535,1.6246665905093,3.54471329564763,45
56,11.3617147960703,-0.778233452564703,0.455749493578264,10.7277933596687,0,0,-0.870290659668385,-0.755007597899989,0.156835996860393,1.33205997899747,46
56,11.5451027091396,-0.527059004899817,0.552804023561618,10.7277933596687,0,0,-0.48171348033495,-1.23988421409925,0.168603967891882,2.00293670634891,47
56,11.8201845787437,-0.00362235177447837,-0.186526790381947,11.8015890422779,0.0243092776993671,0.0272030759042277,-0.0936435174194814,-0.85646367368772,-0.726571023725883,-0.0329454896717654,48
56,12.0077403989283,0.327636410653353,1.43747794337767,11.8015890422779,0.0211940951406221,0.0287735915927829,0.477679451904364,-0.474487580792243,0.905546377841713,1.43181982337964,49
56,12.316165525454,1.57369127770476,0.75891965395812,11.8015890422779,0,0,1.65387557661542,0.324191077391001,0.498948209910737,1.99404657650994,50
56,12.5454004167907,1.52673487957184,-0.279428200122462,11.8015890422779,0,0,1.27063290005222,-0.00343483021728763,-0.397391814212155,0.184762780976639,51
56,12.9163441500447,1.60503427810336,-1.19075075665836,11.8015890422779,0,0,0.906316974126387,-0.0855060481327238,-1.8059885707283,0.581813180215034,52
56,13.0497171777315,1.49472267869651,-0.924871197314506,12.9792439424451,0.0234476222071713,0.0276374785252828,1.42868408179019,0.558086279808312,-1.60660051925716,-0.520856669083109,53
56,13.3789818398333,2.27170641326392,-1.49871186727533,12.9792439424451,0.0179787461596247,0.0303946060674467,2.08696708978312,-0.305098364074389,-1.81905091406272,0.54797108862836,54
56,13.7332539446264,1.69959241178921,-1.30829108275628,13.6319728712318,0.0229359236640372,0.0278954507547464,1.23771156684579,0.887459192911329,-2.37682149269994,0.226665769148323,55
56,13.9166418576957,1.07633408648649,-1.41769873769819,13.6319728712318,0.0198899673843852,0.0294310660946795,1.03870691548579,-0.765448795847607,-2.34633571255897,-0.531077224151584,56
57,0,1.1460382728641,-1.32361170256968,-Inf,0,0,0.846281418186102,0.376675192306474,-0.359978276646455,-1.82256165657311,0
57,0.208395355760643,-0.226285500706534,0.00825633943046805,-Inf,0,0,-0.302720320486055,-0.173116240671146,1.33620896697295,-1.66246678009833,1
57,0.387615361714796,0.144812293597811,0.885913323713424,0.348697277891915,0.0239717331485524,0.0273732485996061,-0.611545364203297,0.303370100857753,2.19985452289645,0.141404393438583,2
57,0.721047930931825,-0.651436234219121,1.90447620058222,0.348697277891915,0.0184336308219137,0.0301652764903926,-0.904454388828773,-0.504836907701468,2.30216471259352,0.533129016659537,3
57,0.996129800535874,-1.40911079927467,-0.221032369903563,0.348697277891915,0,0,-1.08706909744292,0.243610368408459,0.625331718031343,-0.71360332504345,4
57,1.00029770765109,-1.34649619702145,0.018932830474734,0.348697277891915,0,0,-1.29308976294317,-0.560288070060507,1.2783350114933,-1.1479573574447,5
57,1.36707353378982,-0.651769282374124,1.3348823781095,1.31016252713564,0.0236728821753885,0.0275239139725179,-0.690378518007702,0.312828067747271,2.08269002877902,-0.468582940973427,6
57,1.53795772551355,1.11669918744558,0.522858215533768,1.31016252713564,0.0208346047329856,0.0289548282665443,0.971397166293678,-0.33442212013948,1.53555088748897,-0.79128906467603,7
57,1.88806192319143,-0.340928438247083,1.59636116905437,1.31016252713564,0,0,-0.339525548583125,-0.376245145069159,2.49798404071286,0.603962783906175,8
57,2.20065495683239,-0.905568081172377,1.03658958168814,1.31016252713564,0,0,-0.986916717383922,1.27567395997762,2.57394891873639,-0.480615373603078,9
57,2.4298898481691,-0.744431049783514,0.707516299954407,2.37303716993998,0.0236738509733299,0.0275234255541547,-1.08494929065405,-0.607788320626764,1.88242283876105,-0.293300465011439,10
57,2.57993450431676,0.019985177150722,2.32359096262038,2.37303716993998,0.0211817049263416,0.0287798381050084,0.124107814591703,2.27035958157855,3.37417215423432,-0.188242671197523,11
57,2.97171777314677,0.257973356885705,0.54594727792068,2.37303716993998,0,0,-0.097925795937647,-0.103820030806008,1.25864955553322,-0.77197409188157,12
57,3.10925870794879,-0.00806381222198449,0.58608837913719,2.37303716993998,0,0,-0.221886699459238,0.39324498610058,1.4085370367001,0.0577426974648922,13
57,3.35516522774635,-1.51676178889187,1.39697544366723,2.37303716993998,0,0,-1.73244152191966,0.321117726787909,2.09906439753821,1.00661123596275,14
57,3.66775826138732,0.187416647490756,2.1518970691447,3.41588625772319,0.020434704352266,0.0291564375815474,0.0136325621460706,0.0564099394417058,3.44911465901194,-1.00403807059113,15
57,3.96367966656743,0.233562117686341,2.89204677371771,3.41588625772319,0,0,-0.090194315717377,1.94036521855205,3.66712943585116,0.939284878885452,16
57,4.20958618636499,0.308103744277298,0.219075073779304,3.41588625772319,0,0,-0.0285637698588078,0.884516071065873,0.687883604437007,-1.80899222439627,17
57,4.46382852039297,0.401774563293409,0.619407471216101,3.41588625772319,0,0,0.275172150586136,0.0692767173326765,1.4322193571203,0.461228401453684,18
57,4.68889550461447,-0.477024083932862,0.67399682591952,3.41588625772319,0,0,-0.671679026304701,0.366222219693145,2.28027434559996,0.298908320466622,19
57,4.99732063114022,1.30389353255748,0.921932845191354,4.74697633785411,0.020460078647343,0.0291436451599991,1.10870820757582,0.930354600844497,1.97699497410714,-0.263762987522233,20
57,5.20988389401608,1.49703661626063,1.00188738097744,5.15404608311633,0.040620245686544,0.0584384904108079,0.98575206271102,0.585624299933348,1.85850377327082,-0.543124555465443,21
57,5.40994343554629,1.3463487117885,0.424782879670854,5.15404608311633,0.0203678458764458,0.029190144204898,0.878788273277008,1.47216197571916,1.69838763427006,-0.101424973854554,22
57,5.56415599880917,1.45699816754668,-0.0543834523546948,5.15404608311633,0.0178064735503801,0.0304814571043932,1.10357973332133,1.55632710266968,0.921963980402682,-1.35286574899434,23
57,5.91009228937184,1.03743771017269,-0.826601979626448,5.15404608311633,0,0,0.899447884399926,1.31117077934461,-0.0343936025182517,-1.76344071864093,24
57,6.01845787436737,1.7705775911634,-0.725843784351089,5.15404608311633,0,0,1.7140759179838,1.43420932292287,-0.243868040469111,-1.4177286618196,25
57,6.42691277165823,0.243230260227456,-0.585262510655703,5.15404608311633,0,0,0.164359040670704,1.353969622666,0.826383810800238,-1.6810870532949,26
57,6.57278952069068,0.734776486456224,-1.36555895811369,6.54067415095722,0.0240847218911178,0.0273162854555586,0.690993426064111,0.469493829992072,-0.227456038455544,-3.1015682681781,27
57,6.8395355760643,1.50587152997996,0.529769528563066,6.54067415095722,0.0196542400298055,0.0295499077681878,1.53709640616627,2.35429421092548,2.01863173188803,-0.14976027740381,28
57,7.23131884489431,1.23533392350015,0.479331521572701,7.19722528249169,0.0240518653724832,0.0273328500314749,0.836122029378621,1.71514403951736,1.59533555370716,-1.87000634794027,29
57,7.39803512950283,2.16473841347448,0.557727492835474,7.19722528249169,0.0212828142091597,0.0287288639768619,2.0105955471864,2.50946360786556,1.16714037190448,0.665583106946668,30
57,7.71896397737422,1.231203509233,0.365286042001839,7.19722528249169,0,0,0.95113731840083,1.03043091418726,1.30886580523317,-0.645262095667904,31
57,7.89401607621316,0.80256521935936,-0.170134164829855,7.19722528249169,0,0,0.373911792603006,1.11821120694397,0.76425922611377,-1.55940215241081,32
57,8.13158678178029,-0.615061723534111,-0.0738161792662262,7.19722528249169,0,0,-0.3721710799176,0.291362099757789,1.11495771720397,-0.0748197801308057,33
57,8.48169097945817,0.749044051027761,0.386241912244943,8.22387089541612,0.0203359105306002,0.0292062443726172,0.386162141815782,2.48695181395211,1.47770588851576,-1.70245885289034,34
57,8.62339982137541,1.3347933633462,1.24562358794869,8.22387089541612,0.0179822170417792,0.0303928562262012,1.44123540153978,1.3013168100854,2.90402676804842,-0.651552888664024,35
57,8.89014587674903,0.584822030642402,0.183532062413723,8.22387089541612,0,0,0.753169931350264,0.813051832143241,0.825620479861349,-0.366048121117032,36
57,9.14438821077702,0.411796714538541,1.01874097045798,8.22387089541612,0,0,0.4264222745529,0.916997261345163,1.87993153939672,0.260502221302094,37
57,9.48615659422447,0.341117848549647,0.0678828300196968,8.22387089541612,0,0,-0.0611031292678783,-0.640206648468906,0.71589788158225,-1.29270541356077,38
57,9.6570407859482,0.122272035198599,1.13576864210157,8.22387089541612,0,0,-0.0160211455445351,0.40212933462117,2.23710364955536,-1.28968018576649,39
57,9.8195891634415,-0.150423863855075,0.739614440331548,8.22387089541612,0,0,-0.475706640763508,0.417895295341166,1.76667661401,0.561749754744705,40
57,10.044656147663,0.381285898305753,0.449302331149451,8.22387089541612,0,0,0.13771426208276,0.730730037882187,1.74724811080334,-0.431999579021039,41
57,10.3864245311104,1.42256162640884,0.957786904106018,10.0692621520792,0.0193502728566335,0.0297031524674146,0.895701487213066,1.91482083148346,2.12860194466256,0.251112364046534,42
57,10.6698422149449,2.14435649163658,-0.113784322061861,10.0692621520792,0,0,1.62982821811599,1.84695949616407,1.18064191182449,-2.86698337881412,43
57,10.7532003572492,1.51951826644318,0.0437113269856891,10.0692621520792,0,0,1.31381757461793,1.42001500466615,0.866185547102464,-0.825304082595827,44
57,11.1866626972313,1.94624020773972,0.0688488091567638,11.0796765833448,0.0228411665798809,0.0279432224292685,1.64988028874049,1.11894620404806,1.25059048715948,-2.43534044750435,45
57,11.3617147960703,1.87792803821845,-0.0746473017310408,11.0796765833448,0.0199336628583853,0.0294090370719189,1.36261184173755,1.02353007618929,0.564543069217343,0.0447641667417824,46
57,11.7451622506698,-0.161019663407865,0.928262179556079,11.5230313227781,0.0209286846533432,0.0289073979833632,-0.1712960338186,0.977715762544636,2.12076502933777,0.516702448124671,47
57,11.9035427210479,-0.444487245017402,1.69981244820531,11.5230313227781,0.0182980860481984,0.0302336112314994,-0.926261940719272,-0.197232956743622,2.61234862722035,-0.656656875477778,48
57,12.0535873771956,-0.70230974708508,1.46738041574679,11.5230313227781,0,0,-0.681143827746574,0.608623858723094,2.43505044689968,-0.557590618989325,49
57,12.4912176242929,-1.95684737377402,1.1466031739984,11.5230313227781,0,0,-1.65800424649935,0.355236952094377,2.40899092087415,1.55265177499406,50
57,12.7412920512057,-1.26766649821792,1.5652467326859,11.5230313227781,0,0,-1.38991713772662,-1.46282493690121,2.21933555670533,0.286725211407095,51
57,12.7579636796666,-1.69265378895914,1.77895037222318,11.5230313227781,0,0,-1.43256635515682,-0.846302899641617,2.68279677217761,0.486461864060849,52
57,13.0580529919619,-0.270684614954574,0.751127188837859,11.5230313227781,0,0,-0.110825947995552,0.525587086855876,2.22234304568649,-0.309546717259288,53
57,13.2706162548377,-2.06927644566964,1.76409676557067,11.5230313227781,0,0,-2.16559959574807,0.0179245229574454,2.28247643508321,0.880460992657542,54
57,13.5707055671331,0.354417874245401,0.617018353336985,13.2956309553487,0.020049323828957,0.0293507267272244,-0.405572301403152,0.0400624117566885,1.34220448300312,-0.604629146724295,55
57,13.9083060434653,0.566335221318801,-0.0129781544558008,13.2956309553487,0,0,0.314240442996065,0.557873452131475,0.952092050351746,-1.49002699597199,56
58,0,1.317544351389,-0.983708034158445,-Inf,0,0,1.54877783605301,0.140598383988764,-0.937277404374169,-1.27051316231027,0
58,0.241738612682346,0.88898619110852,0.107444867696109,0.0351191304274835,0.0211863198728854,0.0287775114850387,0.697393473335784,-0.836824219106878,0.55750366907849,0.725084892445598,1
58,0.266746055373623,1.10351010203767,-0.149743699138469,0.0351191304274835,0.0207709621983874,0.0289869135768478,1.25834812179246,-1.00387398037603,-0.036191322533403,-0.236562960752336,2
58,0.704376302470973,0.757654613158716,-0.511784019755422,0.0351191304274835,0,0,0.988611042354751,0.0175205777388329,0.816311535228066,-1.53232283984064,3
58,0.754391187853528,0.517086922662013,0.097613546199634,0.0351191304274835,0,0,0.80350643179958,-0.469448783347817,0.940090607171611,0.475530486373936,4
58,1.23370050610301,-1.07223988624079,0.003284670740877,0.0351191304274835,0,0,-0.542242509420525,-1.46685639811629,0.535619810772222,-1.18939805241805,5
58,1.40458469782673,0.718394964378871,0.0361940659318502,1.24572242558755,0.02197953667388,0.0283776121510808,0.841549692839243,0.275248389055718,0.815305989791727,-0.33628209806563,6
58,1.61298005358738,1.72186912380026,0.690132080672239,1.24572242558755,0.0185182227197301,0.0301226295828231,1.79775788084489,0.0406343091367231,1.10599110141372,-1.52560677679467,7
58,1.75885680261983,2.231159965762,0.381018354811196,1.24572242558755,0,0,1.74885211160194,0.385840063034014,0.949437199477528,-0.648438339247364,8
58,2.05894611491515,1.02392826789006,-1.30004357101949,1.24572242558755,0,0,0.850716775460574,-0.586877759452494,-0.821923873120589,-1.91455397294024,9
58,2.34653170586484,0.9413480152697,-0.745194800549596,2.23594641491878,0.0227813865443058,0.0279733604651408,1.28254884800152,-0.0796844787327573,-0.254520501717536,-1.08087247391982,10
58,2.73414706757964,2.27536984942733,-0.000949153182611434,2.23594641491878,0.016343342589588,0.0312190928881803,2.46703952870182,0.171808987243297,0.666343845648112,-0.955477781805631,11
58,2.82584102411432,2.20729728232461,-0.187990933331909,2.23594641491878,0,0,1.61250715014502,-0.782778993343461,-0.0659803633066879,-1.8008643921934,12
58,3.06341172968145,0.525296606261568,-0.630443107269421,2.23594641491878,0,0,0.63569380521587,-0.359719714421263,0.143607704549643,-2.00101648136572,13
58,3.2718070854421,0.288219803119186,-0.248043031100508,2.23594641491878,0,0,0.400921906700839,-1.34480476034918,0.542028006953652,-1.63520514058612,14
58,3.72194105388509,1.21296367489306,0.391456094628116,3.46737618811357,0.0203899776300485,0.0291789865068928,1.07941882211271,-1.28741533745167,0.652077966223556,-1.11716504645176,15
58,3.98035129502828,1.63048642847551,0.202933846646881,3.46737618811357,0,0,1.77736616650176,0.228254160733195,0.586773347379783,-0.426763474632164,16
58,4.02619827329562,1.79381135057957,-0.10333135748838,3.98826485664333,0.0239880878422806,0.0273650033996558,1.50493563259013,0.14101735439702,0.783622155261984,-1.23795657317164,17
58,4.49300387019946,0.104922638244636,0.970208815537069,3.98826485664333,0,0,0.332098268827782,-0.648103074110103,1.74116439153573,-1.9037123846999,18
58,4.601369455195,0.085362716754122,-0.182379267984627,3.98826485664333,0,0,0.23383257870222,-0.866010945206717,0.223999214794733,-1.52568923102273,19
58,4.83060434653171,0.334086337046741,-0.404794604774435,3.98826485664333,0,0,0.691950476152793,0.364397270552192,0.0539304577987481,0.676992704841875,20
58,5.11818993748139,0.563245296308584,-0.15796476823184,3.98826485664333,0,0,1.0591473756459,-0.814452911680178,0.512496154120655,-1.70734433685957,21
58,5.45579041381364,-0.124293195830471,-0.0809634116228527,3.98826485664333,0,0,0.131602647454021,-1.34714741464346,-0.014641583361251,-1.23409262175789,22
58,5.59333134861566,-0.613826916707088,0.632466679965413,3.98826485664333,0,0,-0.0733025586960211,-1.74554866411632,1.3914141382725,-2.02624597097234,23
58,5.91842810360226,0.365517622835009,-0.0321876649354182,5.81492257187179,0.0228989768297303,0.0279140774585754,0.587018867539756,-1.37143184336103,0.800607185557623,0.331182197789205,24
58,6.16016671628461,1.74196448474815,-0.76427963272525,5.81492257187179,0.0188838526429168,0.0299382976793962,1.62563124075538,-0.174292847947193,0.0478751282568927,-1.7746443137013,25
58,6.26436439416493,3.27468420143933,-0.385892769947989,6.18587913647151,0.0404677432905389,0.0585153743175946,3.32190018317147,1.68319804682205,-0.432111591844287,-1.3886659325205,26
58,6.70199464126228,2.71047740438348,0.207656834077702,6.18587913647151,0,0,2.6014185746617,0.381520159061395,0.740084357125563,-0.35182059020889,27
58,6.9687406966359,1.69209193529915,0.134738036241096,6.18587913647151,0,0,1.57110624877306,0.593057740366444,0.703735410771501,-0.401865712636215,28
58,7.15212860970527,1.45646396415524,-1.27131974723164,7.10584607230177,0.0238494142712904,0.0274349155202853,1.26344868082308,-0.42914757947642,-1.04107549391406,-2.31211300074464,29
58,7.2604941947008,1.94800181662527,-1.22320979043152,7.10584607230177,0.0220495310151322,0.0283423245847902,1.86147919184266,0.81757806933832,-0.547163789790981,-2.02665254280067,30
58,7.73563560583507,3.04980539235309,-2.04923198859077,7.10584607230177,0,0,3.28297808725597,-0.0503427646653976,-1.95170853072163,-1.60598179602712,31
58,7.9398630544805,2.47298321760039,-2.70923970071368,7.10584607230177,0,0,2.44455928951796,1.28958404786862,-2.03679430300248,-3.37350091437244,32
58,8.164930038702,2.1060336523139,-3.17189903551249,7.10584607230177,0,0,2.58209149610277,0.0484438509323752,-2.51029312894718,-3.62928889178975,33
58,8.4566835367669,1.62037648480694,-2.40849475396544,7.10584607230177,0,0,2.37723595036244,-0.329482509727307,-2.06857551945351,-0.804726594797774,34
58,8.69425424233403,2.66803298654402,-0.874075103163661,8.58366828273015,0.0227813754383308,0.0279733660642142,2.68790408952938,0.915775004421413,-0.231018507774372,-2.11991882120403,35
58,8.86097052694254,3.12310625526155,-0.446118901995374,8.58366828273015,0.020012324275011,0.0293693800096076,3.00481225330237,0.108077435233451,0.0952113318638592,-1.51139256286032,36
58,9.01935099732063,1.95051359151723,0.108361941978359,8.58366828273015,0.0173817256698486,0.0306955932577184,1.78172945211573,0.0144959649111076,0.662061117057931,-0.688040744266296,37
58,9.26108961000298,1.8520902347206,0.388194204777253,8.58366828273015,0,0,1.68633783945509,1.35880036693974,0.369661983118216,-0.601376042473786,38
58,9.55701101518309,0.971495738629885,0.487826224171883,9.2965591088009,0.0202921976399952,0.0292282821759391,1.14922324147375,-1.2033156693538,1.24972011931826,-1.46908584716612,39
58,9.84459660613278,1.04910434920665,0.304875294748093,9.2965591088009,0,0,0.929866808213467,0.120061556982443,0.931747587203658,0.247547766620877,40
58,10.1155105686216,0.154577009869943,-0.114609735106066,9.2965591088009,0,0,0.357207073206201,-1.14400293788367,0.208239854856128,-0.198795518179025,41
58,10.2655552247693,-0.64997205208622,0.537998886864141,9.2965591088009,0,0,-0.621919414864338,-1.86175936341861,1.55149700801154,-0.495767685192969,42
58,10.7448645430188,0.213787773017098,0.218956213252085,9.2965591088009,0,0,0.386162935695107,-0.00286187785697201,1.00960819181658,0.132578968962725,43
58,10.8990771062816,0.424964094318659,0.760558475204015,9.2965591088009,0,0,0.421495060773828,-0.978385059286864,1.41166217634689,0.0518115801858778,44
58,11.0866329264662,-0.206692186521954,1.26722716221617,9.2965591088009,0,0,0.204900527271908,-0.777397202645599,1.70457248495568,1.05267937679654,45
58,11.4867520095266,0.638746526083271,2.36981861752789,11.2063369722392,0.019960622767223,0.0293954452650204,0.524240425071591,-0.857075894307986,2.9519636251674,1.37521792241129,46
58,11.6451324799047,1.40362950908215,2.83218209493362,11.4933993548656,0.0394279714243115,0.0590395741029067,1.71539907462582,0.350083073589927,2.79112414981707,2.02139335137791,47
58,11.8827031854719,1.45977308132893,2.11495404697102,11.4933993548656,0.0181520493544951,0.030307235461923,1.21579792239856,-0.245587438984043,2.68371378425988,-0.699769001681812,48
58,12.2161357546889,1.00430924275969,0.603614832617591,11.4933993548656,0,0,0.883625915409467,-0.518030746575679,1.80195497508772,-0.720451198470786,49
58,12.453706460256,0.51251473544323,-0.352095203009831,11.4933993548656,0,0,0.47395182753218,-1.40923707129872,0.192756680551839,-1.57459097811486,50
58,12.5537362310211,0.858885141819833,-1.27343558102146,11.4933993548656,0,0,0.764819615128525,-0.16440868645635,-0.0811176131248534,-2.30382271099488,51
58,12.9121762429294,2.42544215828217,-0.0433144865210036,12.7305229502748,0.021600992359855,0.0285684548297398,2.61773285527202,0.856231112381734,0.49028419389753,-0.668293898165524,52
58,13.0747246204227,3.55839853701311,-0.226651331811698,12.7305229502748,0.0189011674756181,0.0299295684264986,3.48872692807948,0.704353673740594,0.748282305439343,-0.905784802493374,53
58,13.4081571896398,1.8482933605434,-0.254093084787155,12.7305229502748,0,0,1.81097378995423,-0.603698820907461,0.311409775360781,-1.59170528197492,54
58,13.6248883596308,2.06467988579419,-0.92899232827716,12.7305229502748,0,0,2.14096022709467,0.981463272569818,-0.173508407708282,-1.41013192333233,55
58,13.9291455790414,1.21537090013992,-0.102103254596307,13.8214139510412,0.022828784065896,0.0279494650593731,1.47169964549614,0.509193672023454,0.544771374638027,0.109686093603552,56
59,0,-1.19859474107723,1.29370043572046,-Inf,0,0,-1.36123086272468,-1.74623914127036,1.96365942638919,-0.146035961511762,0
59,0.141708841917237,-1.53981978217767,1.84468224279425,-Inf,0,0,-1.60790856452078,-0.993160759402787,2.72918044072001,1.03304226466482,1
59,0.483477225364692,-0.436782332932737,1.77761721112785,0.28953451635316,0.0213968729917907,0.0286713613733579,-0.233357990127999,0.0696155431007582,2.85911521293167,1.17681339542593,2
59,0.725215838047038,0.229278440440089,2.13822424588714,0.28953451635316,0.0173817488049771,0.0306955815941777,0.0819430724801294,-0.340762200183339,3.44891279430557,2.35684952206989,3
59,0.758559094968741,-0.0562681371985169,1.92667639834763,0.28953451635316,0.0168279385723135,0.0309747843832566,-0.244494541861567,-0.677938667332512,3.70469345503799,0.238745265180742,4
59,1.04614468591843,0.278038150422508,0.937953001596271,0.788094443802793,0.020332087751786,0.029208171622149,0.0380722769577772,-0.246115676758602,2.47771658247944,-0.0791220915314516,5
59,1.31705864840726,0.236163300183044,0.792010501552059,0.788094443802793,0,0,0.0684537764322455,0.293470343058188,1.4972866414828,0.291377453160572,6
59,1.69633819589163,0.791057983310914,-0.454323673088619,0.788094443802793,0,0,0.883247740057773,-0.328942097973884,0.667190256693569,-1.34034332556591,7
59,1.96308425126526,1.02237521009556,0.235537471786154,0.788094443802793,0,0,0.827279069586987,0.994786800400632,0.910392802031741,-0.671649017751333,8
59,2.08395355760643,0.287022968479063,0.188175435514912,0.788094443802793,0,0,-0.125582086934631,-0.501435254256105,1.64820899259706,0.373140095706616,9
59,2.27567728490622,-0.888471300647686,0.974603770859569,0.788094443802793,0,0,-0.531314445480099,0.0532782395314755,3.03972745421177,-0.984988132321359,10
59,2.57576659720155,-0.849860587022004,1.12334801864032,2.51314987681914,0.0235781139092048,0.0275716912844415,-0.744403304743741,-0.40568417397955,2.22478873401917,0.497320672902875,11
59,2.97171777314677,1.23288320109278,0.890746173378578,2.92637876062117,0.0408667030140965,0.0583142392338107,1.0108642014453,0.567103623438318,1.8841611481475,0.824703316034676,12
59,3.03840428699018,1.16974398442643,1.08571525733215,2.92637876062117,0.022757465152447,0.0279854204072143,1.07292352042398,0.846954894123086,2.15278658048349,-0.283740682298921,13
59,3.25930336409646,1.3416285361651,1.28524442754703,2.92637876062117,0.0190884723610486,0.0298351388848607,1.26421714969495,0.797604398940416,2.2316151051163,-0.666573617028884,14
59,3.60523965465912,0.434283013393081,-0.410050950261423,2.92637876062117,0,0,0.360651488898026,-0.335900304501224,0.73310337456974,-1.33310251512321,15
59,3.78862756772849,0.496328614340196,0.840037066806947,2.92637876062117,0,0,0.0744382021044053,0.631201988525408,1.65663394371598,-0.12696893125387,16
59,4.03036618041084,-0.772779710116792,0.425036583812272,4.01493641053541,0.024361859063441,0.0271765670702506,-0.521326473049221,-0.687838462086923,1.85678021223254,-0.836453519622709,17
59,4.38880619231914,0.562784703228676,1.75712451077735,4.01493641053541,0.0184083990623091,0.030177997052852,0.397568894607793,-0.00451039735550748,2.77000711444358,0.120226910690341,18
59,4.68055969038404,1.64378852777356,0.0862678909835999,4.01493641053541,0,0,1.06024368078399,0.727717288091619,1.25078440340344,0.535800632446111,19
59,4.8931229532599,2.20965097529169,-1.90826750933989,4.01493641053541,0,0,1.88880900931898,1.29651037196469,-0.556852274315488,-2.29807559027557,20
59,5.14736528728788,1.51710573906454,-1.83862514113395,4.01493641053541,0,0,1.48150988649744,0.507451084669586,-0.504745352734907,-0.902996660283259,21
59,5.33908901458768,0.170712498482946,-0.802158025208143,4.01493641053541,0,0,0.23347311719301,1.09723150361403,0.297996623748706,-1.73217660512078,22
59,5.56832390592438,0.776127430591484,-1.51060849456564,5.53420099135524,0.0240513778517119,0.0273330958145002,0.706883365554143,0.149286621607479,-0.284077710324133,-1.72379748625079,23
59,5.84340577552843,0.905789488575566,0.666103605075052,5.53420099135524,0.0194824434322403,0.0296365188244049,0.415590659236416,0.735170414088501,1.97356503716557,0.0851244401641337,24
59,6.21434950878238,0.266163355437991,-0.0598915873411678,5.53420099135524,0,0,0.145367900078885,0.644222448444311,1.41513741412627,-0.00352819592088599,25
59,6.36439416493004,-0.857151892006303,-0.0492584217502317,6.31252515731702,0.0237566265639055,0.0274816943357818,-0.739418537145533,-0.288371925042078,1.11835680959897,0.156872653109648,26
59,6.69782673414707,-0.194604089061771,3.16864436426292,6.31252515731702,0.0182185242372659,0.0302737222265682,-0.210435243440312,0.593341479545965,4.68791180303201,1.95048411452569,27
59,6.94790116105984,-0.513208673281402,0.93099200711534,6.31252515731702,0,0,-0.55223359031561,0.210728717158268,2.28218196216888,0.0496652163260969,28
59,7.24382256623995,-0.897647284458423,0.219947519098999,6.31252515731702,0,0,-0.975239960093299,-0.963862792076091,1.62932850788284,0.078395012574725,29
59,7.40637094373325,-0.632725890989854,-0.380837409536639,6.31252515731702,0,0,-0.766380983550681,-0.225715747062423,1.04043763910195,-0.574108846420468,30
59,7.6481095564156,-0.156785383920869,0.0235367380987085,7.60961211918531,0.023978719820186,0.0273697262771733,-0.0637285663694977,0.0464419858912939,1.28190558701408,-1.39126775646293,31
59,7.83983328371539,-0.525150963834205,1.60525692403926,7.60961211918531,0.0207943109823683,0.0289751423143751,-0.412542830313462,0.506663036063103,3.44702626018896,1.36911720633427,32
59,8.08573980351295,0.201038265725937,1.73137001357036,7.60961211918531,0.0167099605164682,0.0310342628838239,0.178408017197129,-0.459099061016046,3.10906570967974,-1.07180034256085,33
59,8.3274784161953,1.28881522835867,0.903731468644663,7.60961211918531,0,0,0.84519897468824,0.746133910168512,2.03306973564841,-0.356242668047944,34
59,8.53170586484073,1.65022342220828,-0.195441643650398,7.60961211918531,0,0,1.49460808048209,0.839017410515032,0.946838820187889,0.28336609095332,35
59,8.94016076213159,1.93861221726473,1.05105269778878,8.56782372368929,0.0184338569516923,0.0301651624873177,1.28371683106044,0.981282452836045,2.83346129944524,0.377645176268834,36
59,9.0735337898184,2.1723520374741,0.0964973757764274,8.56782372368929,0,0,1.43360924252434,0.15622045058315,1.82349018885886,0.437009078600103,37
59,9.48198868710926,2.09568879964629,-1.47529627472641,8.56782372368929,0,0,1.82579612246513,0.515722890115951,0.0119943047453357,-2.28307075288198,38
59,9.5611789222983,1.64875125350671,-0.89123375755379,8.56782372368929,0,0,1.45878606352211,0.478228846517512,-0.0992702195829802,-2.15717927537919,39
59,9.77791009228937,0.728390654047984,-0.718678589791457,8.56782372368929,0,0,0.440464065437318,0.976826387844327,0.614721304131014,0.421925466506588,40
59,10.2155403393867,1.39336868274454,0.419136411694121,9.85570593639993,0.0186415177529994,0.0300604705342129,1.00339646221606,0.438054648080619,1.76338073400461,0.0767662620268799,41
59,10.3030663888062,1.0189542025165,0.0939087375073122,9.85570593639993,0.0171877658922562,0.0307933778555441,0.498824459067579,0.594669849544833,1.12185406171118,-1.09537540752166,42
59,10.553140815719,0.0334348575095451,0.0537186861225354,9.85570593639993,0,0,-0.068630288003226,-0.328215695796617,1.02492828499196,-1.79884793888639,43
59,10.9074129205121,0.525876811631312,0.40680745181138,9.85570593639993,0,0,0.422572918840442,-0.264329735902526,1.80701363905733,-0.13163547135882,44
59,11.0949687406966,0.203509262457748,0.705983168490449,10.9085190490873,0.0215213272321321,0.0286086179118414,0.0404759563903333,-0.851608309259467,1.98980008209659,-0.0609858005603374,45
59,11.4200654956832,1.2736551417012,0.830395704178763,10.9085190490873,0,0,0.982988817507214,0.668317357740845,2.07631791049817,0.501456322148647,46
59,11.5992855016374,1.00130400548446,1.03443881484576,10.9085190490873,0,0,0.924375344701995,1.28506202521044,1.90440460545245,1.2588389132032,47
59,11.8743673712414,1.0760236485326,0.379601605580672,11.7412695650047,0.0224074680227765,0.0281618710558399,0.742026920249931,0.359715605585974,1.23516931769776,-0.351161631438309,48
59,12.0202441202739,2.00364595856355,0.488168465944827,11.7412695650047,0.019984548254882,0.0293833832580712,1.87073991287251,1.35165764796995,2.10021696896657,-0.304137694576612,49
59,12.2828222685323,1.08311971483084,0.641923497126589,11.7412695650047,0,0,0.672875384655156,-0.00731063662293391,1.13274395726415,0.167247246941369,50
59,12.6871092587079,1.16405190032728,-0.132933605281241,12.6379864339502,0.0238022389097361,0.0274586989243109,1.0276759351765,0.527930806467549,1.43575896589197,0.0164701838599448,51
59,12.9663590354272,2.64244502134405,0.0128076036306833,12.6379864339502,0.0191640782111771,0.0297970222828443,2.31863818302464,1.33537462184792,1.08509480503643,-0.102602356298083,52
59,13.1164036915749,2.81400954366269,-0.217807322395041,12.6379864339502,0.0166719321641896,0.0310534348336979,2.64369301106751,1.88815184329892,1.51838503235952,-1.13476386756051,53
59,13.2997916046442,2.50737919852536,-0.654988486807331,12.6379864339502,0,0,2.13759804176307,1.01740146559299,0.716292643331053,-0.58000928574979,54
59,13.5373623102114,2.14940891572876,-1.09386563305284,12.6379864339502,0,0,2.0357665217005,0.924347897803829,0.369271257919307,-1.18520141017978,55
59,13.9958320928848,1.82345697372835,0.116823507715641,13.6894362437073,0.0195290980511124,0.0296129979522,1.89455256866857,1.14855278489323,1.1869325093322,-0.317323116152773,56
60,0,1.73300146117133,-0.155046681992066,-Inf,0,0,1.57847924515485,-0.149749164051115,-0.541633812615493,0.562330570034949,0
60,0.208395355760643,0.910787403293455,-0.753580389498879,-Inf,0,0,1.04546580930389,0.278929891948695,-1.07813154414872,-1.27850641086433,1
60,0.462637689788628,2.08492340191688,-0.771332147297092,0.335018121404573,0.0224984580597452,0.028115998533815,2.2084479741487,0.0572996076911637,-0.923872173980587,-0.0691019841577174,2
60,0.675200952664484,3.30691383601286,0.130468105153075,0.335018121404573,0.0189679178265116,0.029895916314191,3.20898525382259,1.55704226620072,0.155710045939591,1.12514981583895,3
60,0.891932122655552,3.30784582855496,-0.127906538271288,0.86906044226892,0.0242382536759653,0.027238882583575,2.94144575306003,1.94642754645033,0.313353103450827,1.39966154525911,4
60,1.00863352188151,2.92340160649667,-0.100746057806805,0.86906044226892,0.0222999178616408,0.0282160923453488,3.00594151920086,0.452372118333301,0.171483332481822,0.219858577953644,5
60,1.37124144090503,4.23758276183864,-0.892155904538827,0.86906044226892,0.00772845402577994,0.014811165813575,4.18306596740283,2.40827120078697,-1.04892519130722,1.07354156140403,6
60,1.50878237570706,4.12920902509092,-1.90027688378779,0.86906044226892,0,0,3.65635377462389,0.954193432575378,-2.05609992179353,-0.0398495729499052,7
60,1.80053587377196,1.63226408993581,-1.47909166938647,0.86906044226892,0,0,1.52283700059409,0.448882962375717,-1.29496473626524,-1.23222871403114,8
60,2.1381363501042,1.65098120527994,-1.81183593917525,0.86906044226892,0,0,1.65401482250276,-0.395723439130115,-1.83998137811983,-0.817843301716626,9
60,2.36320333432569,2.43402022714646,-1.92479500803107,2.22546935781944,0.0223304641913419,0.028200692448517,2.45859659789368,0.0491192873680377,-1.79633530573705,-0.533741573831658,10
60,2.50074426912772,3.02563150396494,-0.170050274305314,2.22546935781944,0.0200459969816029,0.0293524039534663,2.90169095853291,0.916592552931218,0.139639402961878,1.89410102177307,11
60,2.94254242334028,1.27837333801807,-0.248396186303616,2.22546935781944,0,0,1.44726688154484,-1.20387997192604,-0.42310994154648,-0.16478392789514,12
60,3.23429592140518,0.94035825625677,0.251358177489323,2.22546935781944,0,0,1.05231382594863,-0.18236124796757,0.079255628726145,1.89905854925322,13
60,3.35099732063114,0.057492019036241,0.352671061941952,2.22546935781944,0,0,0.39096744220446,-0.309799371069128,0.192602555190269,2.13455741821925,14
60,3.65525454004168,0.153770925298143,-0.329000938647008,3.63021757816359,0.0242022897313102,0.0272570137647306,0.585160653330574,-0.734843238376618,-0.307430565632934,0.678661505594614,15
60,3.97618338791307,0.5519125935382,1.19706261277248,3.63021757816359,0.0188718662419192,0.0299443406096125,1.00365036190821,-0.205407890149343,0.945157060968055,1.16729866022684,16
60,4.20125037213456,-0.0300726442834189,0.938993775998755,3.63021757816359,0,0,0.337394762879903,-0.338921874667725,0.960773562931938,2.15621707710486,17
60,4.49717177731468,0.274744118901307,0.891934467131722,4.42318051275081,0.0233891899845163,0.0276669370628461,1.02947815529358,-0.657502426449716,1.10778624316855,-0.453574751092074,18
60,4.61804108365585,0.0168654228314189,1.83458846572527,4.42318051275081,0.0213816278911095,0.0286790471732568,0.50363673942899,-0.763993152976811,2.02658617398305,1.77260954139287,19
60,4.81393271807085,1.39660575515927,1.47536825537387,4.42318051275081,0.0181279927742098,0.030319363559094,1.32197922389797,0.236917258808586,1.6286437433507,2.43295755681215,20
60,5.24739505805299,2.6568256903208,-2.11695334253202,4.42318051275081,0,0,2.46345671000615,-0.262688202372737,-1.79306940879228,-1.06324787983271,21
60,5.35159273593331,2.65231360708149,-1.74560593841628,5.25468393810129,0.023008544372688,0.0278588391083573,2.50681261655502,1.70171023967655,-1.90143831835743,-1.37769914948883,22
60,5.55582018457874,4.01872379265459,-1.06565023183482,5.25468393810129,0.019616456697621,0.0295689561914644,3.73026965666388,1.96530572005861,-0.868273262654631,-1.51951211051842,23
60,5.80589461149152,2.72279240877902,-1.28208065857623,5.25468393810129,0,0,2.58112775813082,1.90779642108479,-1.63063570389747,0.541905736110335,24
60,6.23102113724323,1.78768188817931,-1.25106677545722,5.25468393810129,0,0,1.92264058606562,0.651816616779082,-1.26274570661018,-0.671306503991786,25
60,6.3852337005061,2.3257998052593,-2.11232697875632,5.25468393810129,0,0,2.23775289086086,0.484834540897899,-1.4504013404779,-0.585041447903333,26
60,6.53527835665377,2.8690798513685,-1.22793453697966,6.40286419825951,0.0224188229774457,0.028156146468568,2.5202993045017,1.38288360304946,-0.881679834045651,-0.211139373614059,27
60,6.97290860375112,1.5441249416613,-0.112556214879531,6.40286419825951,0,0,1.86441258183036,-0.279009547437226,-0.440390203771407,0.659216139555611,28
60,7.06043465317059,1.7255579685513,-0.0449196666092659,6.40286419825951,0,0,1.91972134765031,-0.295668419796402,-0.120965085923831,0.831060967472359,29
60,7.31050908008336,2.18518942644436,-0.334987217568366,7.21141589359524,0.0229722630702132,0.0278771302850905,1.65428699732453,1.52141320195405,-0.100192995854865,0.646581253945577,30
60,7.57725513545698,3.72884400691191,-0.483900616561137,7.21141589359524,0.0185417812089018,0.03011075259772,3.27379308324382,2.05537833824098,-0.234632607243246,0.621419100085127,31
60,7.88151235486752,3.18807620855171,-1.25118618653422,7.21141589359524,0,0,3.02790290720977,0.85156926373816,-1.60923248367259,-1.39643439895392,32
60,8.03989282524561,2.06404648599919,-2.80426319783542,7.21141589359524,0,0,1.9074802082369,-0.404596887177746,-2.55935442727565,-2.02739625523918,33
60,8.3941649300387,0.848605452007448,-2.0138860549836,7.21141589359524,0,0,0.761139264514975,0.415966874093202,-2.26549710841474,0.29874034390503,34
60,8.64423935695147,-0.703333204784742,-0.208479098874377,7.21141589359524,0,0,-0.476607895307141,-1.50882034723632,-0.364183540212584,1.5243504491351,35
60,8.93599285501637,0.144263134029417,0.298927578279632,8.84976783055776,0.0231859950348032,0.027769377562038,0.513584332007391,-0.409201984556669,0.0374021772692339,0.275418782440499,36
60,9.1068770467401,1.59400756651037,0.349495259177242,8.84976783055776,0.0203477175923996,0.0292002918560663,1.4416347098301,-0.878854300652241,0.233309482332706,0.744995628387983,37
60,9.3319440309616,1.8243299205624,0.245462972104652,9.26935751394619,0.0401881140897746,0.0586563490561376,1.8994174799468,0.0925738055113773,0.273171833991397,0.673436335670768,38
60,9.59035427210479,1.54980287296014,0.186367466110342,9.26935751394619,0.0192865862647197,0.0297352599891625,1.98259267809091,0.122571169292313,0.0769618732148347,1.86604664280306,39
60,9.87793986305448,1.30962657773045,-0.440186038313207,9.26935751394619,0,0,1.30352337346626,-0.275362063652686,-0.149616351919602,-0.667472067126989,40
60,10.2072045251563,1.24236810131665,-1.15326917566329,9.26935751394619,0,0,1.64259366020387,-0.358904491308746,-1.00304991058635,0.0627302041258218,41
60,10.3030663888062,1.68622681567419,-1.03101969715115,9.26935751394619,0,0,1.51475241499782,-0.743242014379996,-1.1011918546009,-0.402454852871083,42
60,10.5698124441798,0.356469974296445,-1.30454801510147,9.26935751394619,0,0,0.54795367170942,-1.31743478070429,-1.48319603342014,-1.04302559953863,43
60,10.9991068770467,1.92369057830237,0.195156864786208,10.6956296068903,0.0195775737873059,0.0295885589657763,1.99510700148032,-0.292327486303887,0.457411664264423,0.409747582601141,44
60,11.1491515331944,1.55379181106082,1.54067167399244,10.6956296068903,0.0170854277403268,0.0308449715166432,1.78201863124522,0.466958489465206,1.78143866397269,2.02279106201827,45
60,11.4200654956832,2.35952536259153,-1.11042759377534,10.6956296068903,0,0,2.34249581851453,1.26255743493045,-1.17916497934419,-0.621114230283095,46
60,11.5617743376005,1.13947452464849,-0.10373434029964,10.6956296068903,0,0,1.22804439024959,-1.61017506668389,0.249638536665391,0.0462154825685895,47
60,11.7534980649003,1.42684369090357,-0.76812008798346,10.6956296068903,0,0,1.45179465326297,-0.0262475447132363,-0.760234535651684,0.463631710875735,48
60,12.1536171479607,0.943203982851489,-0.378316766047104,10.6956296068903,0,0,0.913900711288483,0.207828673784563,0.107114564567636,0.692142840387955,49
60,12.3328371539149,1.12888387626714,0.0944275341453279,12.1570658740856,0.021698688841596,0.0285192012613048,1.19040931286557,0.0590474353811977,-0.0915001299330816,1.80180049837867,50
60,12.6370943733254,3.06878833618966,-0.300350585337894,12.5264470394486,0.0394255265193289,0.0590408066988959,2.92606177848618,0.840989472293572,-0.617732361205748,0.799896607020389,51
60,12.766299493897,2.46276678094823,-0.12900200743671,12.5264470394486,0.0206343413992266,0.0290557907949407,2.67423713754083,0.336091522199648,-0.401571484283962,0.621830399567918,52
60,13.0330455492706,2.9681815414867,-0.0304331771348544,12.5264470394486,0,0,2.84198579724546,-0.670165834509505,-0.0561056182144189,0.760112366042213,53
60,13.470675796368,0.960514737472766,-1.50747587855774,12.5264470394486,0,0,1.21637497732407,0.265013897313386,-1.2387331400343,-0.54566742422827,54
60,13.5623697529027,0.977156268224395,-2.1081633374475,12.5264470394486,0,0,0.95296699556897,-0.26398810440904,-2.23097066960008,-1.08112209678948,55
60,13.8082762727002,0.776213412146822,-1.15092775054843,12.5264470394486,0,0,0.848670781248327,0.701454066448472,-0.493444372195751,-0.63745460031527,56
61,0,1.00030856305809,-1.53741226181963,-Inf,0,0,0.853862169905994,1.26024655087322,-1.08806856735519,0.425553052626985,0
61,0.129205120571599,0.989602931092495,-0.796394389252598,-Inf,0,0,0.922624682131858,1.12133106621442,-0.365497784315152,0.768194899616033,1
61,0.258410241143197,1.04563259907265,0.58652506997536,0.135767463734373,0.022581119383873,0.0280743249227391,0.81686558325538,0.470781810497704,1.15515265536657,2.96348058923093,2
61,0.662697231318845,0.688302043754045,1.99941541041839,0.135767463734373,0,0,0.622506851417253,0.934521477130211,2.80200180860223,2.53312032098142,3
61,0.941947008038107,0.195316784800842,1.24392686848839,0.763090373154801,0.0216474430618516,0.0285450367619757,0.379299882249073,0.930020299619202,1.68519766552916,2.67978568490927,4
61,1.02947305745758,1.05753603067689,1.01292660772802,0.763090373154801,0.0201936912011082,0.0292779440833076,0.792743316941428,1.1761589478337,1.5033635386913,2.38477295392264,5
61,1.4587674903245,1.30961747741031,-0.00475385346209835,0.763090373154801,0,0,0.851385474386427,1.00041490533923,1.1512171854676,2.00838379688005,6
61,1.5879726108961,0.740742730786216,-0.12600282200432,0.763090373154801,0,0,0.120193385198974,0.63641169517884,0.544466203240725,1.41355336042506,7
61,1.92974099434355,2.05595672583894,0.275597026456724,1.71165225484516,0.0209958228246382,0.0288735503518643,1.62691573358307,1.03844008826525,1.24973057039594,0.912064919116397,8
61,2.22566239952367,2.12670344768273,1.00939817913445,1.71165225484516,0,0,1.6624223005569,1.57132098582175,1.83215390165474,2.36613869310503,9
61,2.35903542721048,1.2714899852934,0.593283327192928,1.71165225484516,0,0,1.32971464138363,0.533190407109253,1.51687913780984,2.4842916839273,10
61,2.51741589758857,1.57336324291275,-0.892214480922231,1.71165225484516,0,0,1.32851151043849,0.0801449442282918,-0.311962317456591,-0.0422039390641844,11
61,2.93003870199464,-0.0115069438160094,0.270852979184191,2.90482114918458,0.0241992902311004,0.0272585259592928,0.0292679180087484,0.704413047336452,1.01829941483278,1.54050068130455,12
61,3.02173265852932,0.774134080653299,0.164679714667824,2.90482114918458,0.0226763120912775,0.0280263336292615,0.907717970794857,0.325462318365104,1.42623035090651,1.42449526959202,13
61,3.47186662697231,-0.382473885992958,-0.110986067380973,2.90482114918458,0,0,-0.406076240387899,0.257623864865196,0.370004093252093,1.27363324515819,14
61,3.65525454004168,-0.347259450847305,0.774848623362499,2.90482114918458,0,0,-0.336253033609162,1.22381286915561,1.6517360488293,2.33424129750986,15
61,3.87615361714796,-1.3346568172994,-0.0063231243883136,2.90482114918458,0,0,-1.06508215425718,0.861193761125184,0.429788432987033,2.08986663756933,16
61,4.07204525156297,0.788349952591888,-0.681731152746449,2.90482114918458,0,0,0.756801377231184,0.479979695872664,-0.643151372061661,0.329297110239249,17
61,4.25960107174754,-0.250740496238815,-0.511286357108857,2.90482114918458,0,0,-0.200180208212356,0.268980587208757,0.309962695027613,1.70055771425146,18
61,4.52634712712117,-0.684675030795335,0.43289846713681,2.90482114918458,0,0,-0.671567723616636,-0.267300213002994,1.36590807965646,0.915485484018117,19
61,4.78475736826436,-0.506093351707714,0.768825912440117,4.55578210734977,0.0208150046468416,0.0289647096273349,-0.0439530202507639,0.165897905938844,1.36363389510053,1.30063040518711,20
61,5.13902947305746,-0.688344099040001,3.09734508430273,4.55578210734977,0,0,-0.76692581996225,0.710639751496043,3.80212417361576,2.88813905509926,21
61,5.26823459362906,-0.107493595999605,3.38461709358835,5.23033157551231,0.0239885927425681,0.0273647488547584,-0.268381431506915,-0.440062598231754,4.7474130966865,4.69754298103673,22
61,5.69336111938077,0.157745154665216,2.03640349900707,5.23033157551231,0.0169275122761035,0.0309245844155109,0.189836065526057,0.671040897269339,2.69589550441311,1.90192747953766,23
61,5.7683834474546,-0.0700002577004847,2.19440219348564,5.23033157551231,0,0,-0.0712052871605872,0.320825405489287,2.75336704502053,3.28484977526755,24
61,6.13932718070854,-2.30747973939956,1.86342479156237,5.23033157551231,0,0,-1.88858583598543,0.301755104286766,2.21731930141796,2.56602796747011,25
61,6.43524858588866,-2.53755532680763,2.7468993604479,5.23033157551231,0,0,-2.13602329207474,-0.836443012098168,3.37479986705743,3.18002398078636,26
61,6.65614766299494,-1.32935395873436,2.58724415983078,6.52766434234889,0.0224841116855342,0.0281232312418015,-1.25931240584755,-0.341611958048084,3.6930133322759,2.84814671877326,27
61,6.98958023221197,-0.424961810472723,3.29328088008749,6.52766434234889,0.0169460093588956,0.0309152591325881,-0.353535231402254,0.469339516032642,3.63663068499924,4.52272234763148,28
61,7.24799047335517,-0.526189664694255,2.34947091892997,6.52766434234889,0,0,-0.521291714268057,0.0817662950509174,3.20059665994657,2.54904481310245,29
61,7.37302768681155,-0.815922419939597,1.92848685159446,6.52766434234889,0,0,-0.747970128879287,-0.481421300951577,2.57484977949676,2.99907481542407,30
61,7.52724025007443,-1.3177850603699,1.14272137515297,6.52766434234889,0,0,-1.31844078426664,-0.0640315724321686,1.64863207423126,4.07651730615609,31
61,7.94403096159571,0.38292914352441,1.59402345255257,7.55647354408776,0.0181810561622752,0.0302926117132872,0.059875329550657,0.247125694255476,2.62557675278441,2.1445267448742,32
61,8.05656445370646,-0.289454411760948,1.26731088077238,7.55647354408776,0.0159534753893951,0.030546132968907,-0.527020481387568,0.219365646813345,2.08480134517045,1.71633022947832,33
61,8.34415004465615,0.594044556602315,0.594351124860741,8.24730012170935,0.0230095222469781,0.0278583461141552,0.594255082518563,0.46526181055934,1.53058154774608,2.48587353986733,34
61,8.50669842214945,1.44604180776562,-0.438625026868759,8.24730012170935,0.0203096973627429,0.0292194597109136,1.56211114448657,1.77385646109391,0.31295242879193,0.948185096884777,35
61,8.8151235486752,1.58122790846622,0.112371665838456,8.24730012170935,0,0,1.2483721213606,1.14060393332411,1.18133300359545,0.40406515483453,36
61,9.08186960404882,0.82004163354546,-1.8337629469785,8.24730012170935,0,0,0.583840237376231,0.673482460524181,-0.842991269051197,0.552353905662374,37
61,9.27776123846383,0.633228017169851,-1.023512003641,8.24730012170935,0,0,0.664676768052795,0.237513076383136,-0.00484819585097573,0.552982472720911,38
61,9.60285799345043,0.775292014700058,-0.554308711020539,8.24730012170935,0,0,0.701741031567317,0.51319346994309,-0.267457865656817,-0.385199506612194,39
61,9.94045846978267,2.43802492417969,-0.518123196484425,9.60732994881244,0.0190850854215107,0.0298368464065245,1.98763815613823,1.98066187051367,0.459698693971612,1.2632678733052,40
61,10.0779994045847,2.72822414016894,0.566086600765864,9.60732994881244,0.0168006182117642,0.0309885579114613,2.24588929441463,1.70882917588399,1.32510795556174,2.20499344757998,41
61,10.3614170884192,2.3259135792853,0.0783279526074961,9.60732994881244,0,0,2.04841363075994,0.308629094266186,0.683418471179641,0.703252076055143,42
61,10.6948496576362,1.6963109375178,-0.340601716025776,10.6923770372344,0.0146180215595305,0.0161471922774767,1.53769557806164,0.903373312014843,0.693553588874799,-0.23656740573526,43
61,10.8699017564751,3.00148204449103,-1.81857491831469,10.6923770372344,0.0216695653312445,0.0285338838454242,3.2011318049907,0.919438983346901,-1.74201350503534,-0.417612804054222,44
61,11.0699612980054,3.20785709910967,-1.60266595744607,10.6923770372344,0.0183467039352602,0.0302091005798966,2.8473994319057,1.84200767254113,-0.773612413156422,-0.0508263495859497,45
61,11.278356653766,2.44309487494075,-1.33854101606425,10.6923770372344,0,0,2.54686649660582,1.54953752280352,-0.691321026053605,0.430097270779156,46
61,11.6909794581721,0.88071598309252,-0.964611857113083,10.6923770372344,0,0,0.964233847746435,0.972558431895887,-0.0401851432141029,-0.274432180147276,47
61,11.8035129502828,1.18959075990815,-0.989956793224817,10.6923770372344,0,0,0.874693474025358,1.61904910630262,-0.274516770001979,0.380851147261858,48
61,12.2161357546889,1.43511572070964,-0.498781115378465,12.1521131225432,0.0235547626114385,0.0275834638142323,0.949940428651153,0.916363262157348,0.0640611417612125,0.229398166955108,49
61,12.43286692468,2.13650144279077,1.21418555570759,12.1521131225432,0.0199549960991331,0.0293982819432554,1.97649782714621,1.79330687312261,1.68708331850061,2.53727720789049,50
61,12.6454301875558,0.169407254872821,1.58034760727966,12.1521131225432,0.016424455865892,0.0311781997236191,0.578398663100248,2.08597404817735,2.27598634001855,0.268823644001632,51
61,12.8955046144686,0.197359479457199,0.366324157176654,12.1521131225432,0,0,0.15324055433075,0.00111495433595232,1.13241944323154,2.63297101014044,52
61,13.1372432271509,0.642737629161575,0.126267803118984,12.1521131225432,0,0,0.173909524790711,0.266182361027791,1.24368263731809,2.00986830765541,53
61,13.3789818398333,1.26075138404458,0.361167415552141,13.2077313837148,0.0217737768402657,0.0284813457335282,1.01858617707111,1.04763487030234,1.3472833881986,0.303512613280191,54
61,13.5331944030962,1.50613807379069,0.282023666820649,13.2077313837148,0.0192124045141953,0.0297726586330173,1.13070374013432,0.824802513347382,0.845710704963964,2.77300100314606,55
61,13.920809764811,2.50356932140839,0.174966083485838,13.6685756753199,0.0204286903375997,0.0291594695400903,2.17091532274876,1.53134272829362,1.11997118763448,1.48687111651659,56
62,0,0.263417012371866,0.092484048560828,-Inf,0,0,0.364852258474425,0.171467742482062,2.57345845745681,1.0814444525428,0
62,0.112533492110747,1.19754231696475,-0.801859057521237,-Inf,0,0,1.25535833900711,0.177498442615417,1.02192124281859,0.592934086654772,1
62,0.26257814825841,1.47483185439513,-1.68159208414626,-Inf,0,0,1.55718427681438,0.606867913561843,0.198073264334563,-1.04223956480861,2
62,0.529324203632033,3.40205537573029,-1.58990213492308,0.35594369469909,0.0217383980214639,0.028499181924151,3.30951870554248,2.38891099148735,0.114092467871561,-1.68409435640851,3
62,0.758559094968741,3.10770249864278,-1.05106313632175,0.35594369469909,0.0179309526718997,0.0304187010990668,3.27283011646229,1.30386815697006,0.773823518850873,-0.446152036429847,4
62,1.17951771360524,1.14245473837377,-0.977741697707534,0.35594369469909,0,0,1.54613715872657,1.06085220956646,1.04368582992752,-0.334545938031744,5
62,1.27537957725514,0.0613807208965939,-1.38299127064671,0.35594369469909,0,0,0.385958931734745,0.928354820728139,0.544993011982587,-0.710353299272857,6
62,1.51295028282227,2.43256720862625,-0.758218108297145,1.3071326931455,0.0211996387971959,0.0287707967647312,2.22883526439484,2.06429863521536,1.82247818483437,-1.26794290004519,7
62,1.78803215242632,2.7882953575518,-0.333877595580186,1.3071326931455,0.0166307043777188,0.0310742197746303,2.55039574622966,2.0089348294319,1.66799251659008,-1.64464987471258,8
62,2.0089312295326,1.42935213142456,-2.25806694839772,1.92734648552365,0.0232630671337085,0.027730521752394,1.30790161929363,1.69158521435029,-0.501125004429518,-3.03870793925363,9
62,2.47990473355165,2.00016466575744,0.561606468927199,1.92734648552365,0,0,1.8500274071386,1.50176516698249,2.42749356888556,0.510639647712194,10
62,2.6883000893123,2.04559545177326,0.674452504077762,1.92734648552365,0,0,1.93927468432814,1.13719996964334,2.94159794142158,2.75910018988636,11
62,2.94671033045549,1.67014917744165,-0.798181366335007,1.92734648552365,0,0,1.5693407266564,1.37277734470014,1.14982476797007,-0.835473901288788,12
62,3.02173265852932,1.3855689066642,-0.479826455545224,1.92734648552365,0,0,1.75776605060238,1.20370071566839,1.54275236272666,-0.980266441987146,13
62,3.35933313486157,0.797085970485447,-0.19839224957044,3.30127169948,0.0236537742879173,0.0275335471919148,0.988160427435441,0.354481432311985,1.80811039343853,0.749426995183811,14
62,3.74278058946115,0.843898534993709,0.52876051468239,3.30127169948,0.0172849566122819,0.0307443792663189,0.952810000131832,0.512789539664715,2.50542588536489,0.848873375755907,15
62,3.99702292348913,0.125808449138072,0.893171257554853,3.30127169948,0,0,0.156637227377224,0.653966472058391,2.88442321736861,0.985467341429182,16
62,4.02203036618041,-0.068596818996138,0.438162024256361,3.30127169948,0,0,0.12694756083983,-0.410801592119433,2.40508237881554,0.598680440062318,17
62,4.45549270616255,0.690327122000674,0.24507159411158,4.4443178354458,0.0244325302248911,0.0271409382858472,1.13620968465474,1.03727538228962,1.79713122429996,0.0140572991500686,18
62,4.60553736231021,1.50975917975452,0.355031917414939,4.4443178354458,0.0219403841778989,0.0283973508366957,1.52053396613689,2.18545184983726,2.6136522755943,1.77673396755255,19
62,4.90979458172075,1.50227613779885,-0.569899893376907,4.4443178354458,0.0168868658048457,0.0309450762870443,1.48743400374256,1.64361342673222,1.41456280142789,-1.12061667533106,20
62,5.09735040190533,1.0719516039897,-0.620048132701517,4.4443178354458,0,0,1.2557779215774,-0.2783074905502,1.79817466752511,-0.196615034376402,21
62,5.35159273593331,-0.163068980537086,-0.952672474862595,4.4443178354458,0,0,0.143936659253935,0.33851938797135,1.20046970023443,-0.512049571125771,22
62,5.51830902054183,0.172474948106894,-0.723675511553434,4.4443178354458,0,0,0.573210952179514,1.40827059378272,1.50145342476264,-1.49449498530259,23
62,5.8642453111045,1.87163307141189,0.583599468699993,5.5295811708927,0.019059579765252,0.029849705053657,1.88984943118293,0.978993155563335,2.28538595144263,0.310609431399287,24
62,6.08097648109556,0.928948796695205,0.906966696788042,5.5295811708927,0,0,1.12055792501071,1.6168606284311,2.85380921944889,-0.205685842926065,25
62,6.29353974397142,0.936002934109581,-0.206131339117051,6.14073099236792,0.0220800817909793,0.0283269224464373,1.02878528249168,1.75703367645327,1.78844999847764,0.660260573609665,26
62,6.50193509973206,0.661070899160403,0.75758204550603,6.14073099236792,0.0186187678368265,0.0300719398781727,0.846715026258016,0.839391078287833,2.47227173674307,0.364774748561728,27
62,6.8395355760643,-0.178620390958809,0.428361931196543,6.14073099236792,0,0,-0.0649614438863609,-0.13208017992014,2.24985627104415,1.14951316096092,28
62,7.24799047335517,-0.272790310767097,-0.277125605136808,6.14073099236792,0,0,0.0505170698062169,0.0631835854065307,1.47845678413542,-0.41869489113515,29
62,7.44388210777017,1.17391722368425,1.08795615943179,7.31222110459259,0.0224313324052663,0.0281498398549818,1.08938439670914,2.0892895566125,3.592441780782,1.69220145611575,30
62,7.55641559988092,1.44593494123258,0.73008726155056,7.31222110459259,0.0205622228700252,0.0290921492681225,1.5752571007774,1.20609435189204,2.62696653880853,-0.132164495430839,31
62,7.97737421851742,0.0107020589489948,0.836791918277342,7.31222110459259,0,0,-0.0444598927215498,-0.363649671468653,2.67429193394273,-0.299209733017153,32
62,8.21494492408455,0.00394696832574079,-0.250079388672076,7.31222110459259,0,0,0.159382293859272,-0.362371127693949,2.14936729376031,0.323722904883342,33
62,8.43167609407562,0.818429540310012,-0.110389442298196,8.22328953289857,0.0211569698189454,0.0287923082808226,0.793922669218567,0.947296699362857,2.03827078384212,-0.804206683195066,34
62,8.69425424233403,0.884143736764003,1.19808734269594,8.22328953289857,0.0167957142367261,0.0309910302448293,1.36534861102568,0.941169601303303,3.07116451992109,-0.24259548522995,35
62,8.80261982732956,0.583761752271334,-0.0652857443837095,8.22328953289857,0,0,1.18656951349883,0.185823397630775,1.90343039047073,-1.01256494003938,36
62,9.09437332539446,-0.561285472304058,1.53069559837617,8.22328953289857,0,0,-0.210084170030921,0.821378343620234,3.45747820056645,1.34880790532176,37
62,9.44030961595713,1.62266394175182,-0.928954519281581,9.43368967513804,0.0245081847055606,0.0271027971668005,1.64089044844972,1.42152718932047,0.430804291334068,-0.0899955336150459,38
62,9.74039892825246,2.37148805722802,-1.19614919955867,9.43368967513804,0.0195238926115949,0.0296156222685201,2.39185889988065,1.89036693326685,0.531245680298489,-0.21816847346976,39
62,9.91128311997618,2.89742136905394,-0.731704473291728,9.43368967513804,0.0166856151691914,0.0310465365625486,3.0284555685614,1.76003386319813,1.4198976120988,-0.581633136155577,40
62,10.1363501041977,1.52407419242315,-1.35489861842037,9.43368967513804,0,0,1.42331276619623,0.954697662604488,-0.0240538325631975,0.112089357915682,41
62,10.3989282524561,-0.267460354890501,0.169878141153328,10.3403885647243,0.0236458308213825,0.0275375518813842,0.0134257696871987,0.970003813015413,2.0863459148931,-0.970595791145345,42
62,10.7406966359035,0.517106807942183,1.34409278102718,10.3403885647243,0.0179692759365782,0.03039938046944,0.457013431813218,1.31770129290932,3.3972331921278,0.994172674308128,43
62,10.8448943137839,0.466098325154341,0.788566555679871,10.3403885647243,0,0,0.451225418587583,1.59456831917573,2.81483062435321,0.0759331111391902,44
62,11.0532896695445,-0.194568087301809,0.209720097890265,10.3403885647243,0,0,0.481674243984096,-0.675203624587783,1.81444093246164,-0.0589691274352118,45
62,11.4784161952962,1.79631797517738,-1.21787608777785,10.3403885647243,0,0,1.47486031793403,2.27423857211016,1.31347015017218,-1.22597207136731,46
62,11.6493003870199,1.85830965158911,-1.37462204586618,10.3403885647243,0,0,1.74531745174889,0.594680527710339,0.447899314014236,-1.20915476534286,47
62,11.8701994641262,0.345831448209665,-0.149599135768845,10.3403885647243,0,0,0.369640268785689,1.40627713485321,1.95211729834618,0.637303174304479,48
62,12.0660910985412,0.44386544710128,0.184002057538866,10.3403885647243,0,0,0.335542497188475,1.47009066454286,2.39334506715297,0.742837298279594,49
62,12.257814825841,0.0741545499718927,0.450054808882998,12.1985886097456,0.0236344280231094,0.0275433005889786,0.437067717452544,0.669522274890389,2.13643325880119,0.56731643224083,50
62,12.7412920512057,0.685645687760996,1.47451574045513,12.6281242376444,0.0227384924906767,0.0279949854527216,1.06130301997098,1.29505573687201,3.5938927856385,0.932083343270926,51
62,12.8955046144686,-0.192031962601508,1.18908034428521,12.6281242376444,0.0201771201646063,0.0292862983522106,0.183986656773383,-0.00888502379687806,2.69425066445054,1.57486727284707,52
62,13.1289074129205,-1.00342434409387,2.52443735126755,12.6281242376444,0.0132183704251217,0.0253168304788977,-0.132949216378886,-0.0236837172559883,4.3881676730436,3.20360479518581,53
62,13.2997916046442,-1.5434409456287,1.29229069433615,12.6281242376444,0,0,-0.653984430151859,0.424876521109696,3.65845600805333,1.51582351309086,54
62,13.666567430783,0.0650161951760338,1.78799753816647,12.6281242376444,0,0,0.761751730202196,-0.290557918969224,3.70792482640782,1.62639729742314,55
62,13.9666567430783,0.62478500039087,1.52355018520893,13.7114229102037,0.0203788665131078,0.0291845881636724,0.574865648716068,2.08349645154815,3.54482343517766,0.897300340183076,56
63,0,0.769097201941345,-2.3456902968629,-Inf,0,0,-0.269593465538634,0.677763879065733,-2.15543069180026,-1.79552586068924,0
63,0.191723727299792,2.19751501272597,-1.66890598821688,-Inf,0,0,1.08957887994834,1.95481391954896,-1.40935739952161,-2.23855217956363,1
63,0.425126525751712,0.63781613723582,-1.37361115010694,0.375464889337309,0.0237932895917536,0.0274632107126418,-0.26211564835003,0.882167988804038,-1.05581749806486,-0.402574072695892,2
63,0.666865138434058,2.30900084680397,-0.493477652391271,0.375464889337309,0.0197781654049409,0.0294874309334622,1.12943995788897,2.27305442506157,-0.292419221061909,-0.35575666105732,3
63,0.796070259005657,3.11701316716462,-0.38489204447599,0.687707923118097,0.0404504591634965,0.0585240880902766,1.74199167492167,2.08566967940062,-0.468368103499276,-0.101870444238303,4
63,1.24620422744865,1.66950674578262,-0.923621427793292,0.687707923118097,0,0,0.341067962843168,1.74931778942147,-0.562157568598433,-0.0728896619966217,5
63,1.25870794879428,1.60339480719133,-1.02869947615694,0.687707923118097,0,0,0.625223334054256,1.60213517084376,-0.753927620939651,-0.648987142379236,6
63,1.5546293539744,0.561717899684452,-0.881716859967833,0.687707923118097,0,0,-0.234557132873966,1.01357734869082,-0.90621711870007,-1.76732280661069,7
63,1.77969633819589,0.0574537828322554,0.0871791272333072,0.687707923118097,0,0,-0.822897557476366,0.17812066593431,0.522477114605588,-0.437372103311935,8
63,2.1047930931825,-0.933523015704253,0.305480972599905,0.687707923118097,0,0,-1.55229951934674,0.254027029230969,0.468163898193773,-0.188593817016802,9
63,2.44239356951474,1.97089352947015,-1.1148756391748,2.36228107362627,0.0232875202360565,0.0277181937490917,0.897783572103784,2.04036129258835,-0.665196725357982,-2.15175439855017,10
63,2.62161357546889,2.7162721230858,-1.0000449411296,2.36228107362627,0.0203107902354873,0.0292189087403892,1.8521439926076,1.32292042378804,-1.14456835838357,-0.482201409633777,11
63,2.93420660910985,1.37492907827874,0.153397409509569,2.36228107362627,0,0,0.20410240065151,1.329942671449,-0.221582143779085,-0.224801973450528,12
63,3.21762429294433,1.92035337771615,-0.0901084104771315,2.97658845378946,0.0206146861339541,0.0290656999742106,0.710140968886041,2.02668392399004,0.0648055327123428,0.102777473200736,13
63,3.30931824947901,2.67116859377713,-0.688673348245254,2.97658845378946,0.0190917079941303,0.0298335076441799,1.38133490795521,1.94403562964477,-0.669245169259202,-0.47588925708806,14
63,3.53021732658529,1.66641384450921,-0.736316988642035,2.97658845378946,0,0,0.908884616035086,1.22245919815056,-0.61467031827697,-1.95221437941461,15
63,3.88448943137839,2.0599764274916,-0.578645468709016,2.97658845378946,0,0,0.835647624743561,2.08339914679124,-0.440612181545411,-0.827869150944373,16
63,4.00535873771956,2.31320810095734,-1.46861758921697,2.97658845378946,0,0,0.886790087900486,1.80278792439978,-1.08962815267336,-2.11647733866201,17
63,4.48883596308425,0.94648298637,-0.398080301000449,4.46386330795224,0.0242033578253511,0.0272564752863538,0.121395516444871,0.610450887815857,-0.021405058293192,-0.399419227922445,18
63,4.5680261982733,1.09508585646578,0.476246880159884,4.46386330795224,0.0228880585227736,0.0279195819104157,0.0129860312266879,0.48141978759084,1.00595901496002,0.636282671067163,19
63,4.82226853230128,1.33269594854442,1.4438446459606,4.46386330795224,0.0186652554987107,0.0300485031771404,0.639878747927527,1.50637808865709,1.22762968048427,1.69164044412419,20
63,5.0890145876749,2.96757677384954,0.499717854819254,4.96692137829064,0.0225902473582671,0.0280697230649849,1.79719528498434,2.52312002128057,0.594034810568667,-0.118789503194531,21
63,5.26406668651384,3.39468391683718,0.775839982877181,4.96692137829064,0.0196827436367863,0.0295355377076542,2.1121310513397,1.84259951711544,1.1957729680896,0.0838602968261465,22
63,5.70169693361119,2.21941445874582,-0.999801766315587,4.96692137829064,0,0,1.17608922340126,1.95414978211314,-0.370921532933918,-0.579477781482378,23
63,5.8975885680262,1.81767357414853,-0.675817697221515,4.96692137829064,0,0,0.274407918354831,0.743261871669934,-0.0125333525110555,-0.285755409233668,24
63,6.08931229532599,1.04691077645915,0.142750103079823,4.96692137829064,0,0,0.141947911964939,1.08926285226307,-0.1107489946782,-0.281179587065555,25
63,6.37272997916046,0.139598162276084,0.336827104963242,4.96692137829064,0,0,-0.854384316554007,0.465298245605561,0.17732398676296,-0.607275117070669,26
63,6.62280440607324,0.246715801771817,-0.870999352261368,6.58738894107608,0.0240299094134379,0.0273439191028659,-0.546851543475058,0.819702288824019,-1.0861925201358,-0.104307368661773,27
63,6.88955046144686,2.17528156990069,0.245738367135835,6.58738894107608,0.0195994275521264,0.0295775414154951,0.948293333937361,1.24028662819473,0.577514764576801,0.604820977327285,28
63,7.21881512354868,0.334684861885841,1.74404009253109,6.58738894107608,0,0,-0.73188383487585,-0.369335979304421,2.14641577792114,1.17132075257706,29
63,7.33551652277464,0.18896072159478,1.57051581492307,6.58738894107608,0,0,-0.515747017365499,-0.433419670438718,1.31066256620698,1.7353083819484,30
63,7.73980351295028,0.632130540081476,2.22652550841375,7.37432025876971,0.0185476939372529,0.0301077717025514,-0.66996236026679,1.39204518876909,2.26049885659032,1.83089739826565,31
63,7.9398630544805,0.543817927675623,0.296396394786341,7.37432025876971,0,0,-0.498178074771506,0.212990961352409,0.426753645664072,-0.265047987986421,32
63,8.17743376004763,0.273153065821601,-1.29935816501587,7.37432025876971,0,0,-0.779733883007885,1.0857607149048,-1.10258483607166,-0.730848650825538,33
63,8.25245608812146,0.736917804857747,-0.912812512802689,8.17980646873789,0.0234114738553159,0.0276557026751154,-0.160160687926969,0.511059043994045,-0.995946832811602,-0.146769183899547,34
63,8.7484370348318,0.213426359818719,1.6982722958175,8.17980646873789,0,0,-0.275361811805709,0.168911791652764,1.74917323691766,0.375182034005945,35
63,8.99434355462935,0.446250420495669,1.54299212872985,8.17980646873789,0,0,-0.164831230857727,-0.0550060707381247,2.1684622319947,0.797472256220371,36
63,9.20690681750521,-0.255941050100218,1.40785017125034,8.17980646873789,0,0,-1.18591731495793,-0.29498821812716,1.55934906588319,-0.186999089896063,37
63,9.30693658827032,-0.19114637809958,0.79588379196485,8.17980646873789,0,0,-0.785733416762111,1.25826990159917,1.0716862172738,-0.0564365703665283,38
63,9.53617147960703,-0.544543887128884,0.910064351741618,8.17980646873789,0,0,-1.73920556377529,-0.0141552725292957,0.364350401638798,0.32752358587701,39
63,9.91128311997618,0.735752819216146,2.58741150407778,9.59099858895195,0.0192984159032054,0.0297292960906017,0.232129967551762,0.452289855950324,2.91456738045309,1.24876816549628,40
63,10.2363798749628,0.472291567991304,1.52640854012481,9.59099858895195,0,0,-0.474567018222065,1.19817142674011,1.6171441764354,0.81170095572195,41
63,10.436439416493,0.203024804013235,2.54299595934498,10.3203687297234,0.0226902776180068,0.0280192929250844,-0.63681424732311,0.762898863334433,2.61711836785391,1.34001816491447,42
63,10.5239654659125,0.677673160128084,1.40965933092351,10.3203687297234,0.0212365257572739,0.0287522002464278,-0.1632229821709,0.0307270364579014,2.0764655527265,1.61328978383046,43
63,10.9782673414707,1.41708879829291,0.10375211171327,10.3203687297234,0,0,0.161324493574173,2.86492542836487,-0.332649174428882,-1.09262422918841,44
63,11.1574873474248,2.01490518226923,-1.04446751692546,10.3203687297234,0,0,0.571621796918934,1.09848669009867,-1.18853919506277,-1.70544447301071,45
63,11.3283715391486,0.988103165977568,-1.84509459609924,10.3203687297234,0,0,-0.0585290134578913,1.48764466339039,-1.92285855613073,-2.93916608674097,46
63,11.6201250372135,-1.04295237595749,-0.18790239517079,10.3203687297234,0,0,-1.85403007978982,1.4059976850496,-0.122436967769714,-0.820515369706907,47
63,11.8618636498958,-0.634964127127509,0.317077298784278,10.3203687297234,0,0,-1.46561914650352,0.517568335823312,0.564590460272928,0.0407287864722839,48
63,12.1452813337303,-0.18776078523717,0.713340802936665,12.0549809275231,0.0231183055430514,0.027803503141115,-0.603072638556192,1.30717127484581,1.10675275211268,0.187040166890192,49
63,12.3453408752605,1.48456297161631,0.0404001511247836,12.0549809275231,0.0197954441470672,0.0294787198755874,0.409318190548044,1.49307294204825,0.439484380093697,-0.209750228191282,50
63,12.6162548377493,1.45987463971764,-0.159658740789718,12.0549809275231,0,0,0.579609689532611,0.870676032592179,-0.140245374705563,-0.449888211908302,51
63,12.9080083358142,0.114436328083896,-0.156230229465568,12.8358116408595,0.023418996641225,0.0276519100712892,-0.590183225079809,1.30324260552248,-0.398380202865609,-1.52208496816666,52
63,13.1955939267639,0.970038021035026,0.496667325939472,12.8358116408595,0.0186423833844994,0.0300600341270919,-0.0967664530114992,1.38766554157423,0.637503304751678,-0.577631373833847,53
63,13.4790116105984,0.743769199453854,0.709862229848402,12.8358116408595,0,0,-0.169382301041196,1.04791601236393,0.654941818323208,-0.171446580918684,54
63,13.5957130098244,0.428598276018031,-0.070724023988448,12.8358116408595,0,0,-0.291007094575873,0.293422339782566,0.172432119173819,-0.122547060712194,55
63,13.7749330157785,0.834194691222164,0.401217801025139,13.6236141540809,0.022104827912137,0.0283144467180489,0.0554503667644893,1.85092793881321,0.365923556260448,-0.215458658732637,56
64,0,0.197862028397224,0.40827180042474,-Inf,0,0,0.925429820292237,0.867046289839437,0.499035939816007,-0.199028332324926,0
64,0.0875260494194701,0.0110910810710087,-0.37023259179634,0.0416393547551706,0.0238559889667382,0.0274316008951689,0.689243189508283,0.437540524999714,-0.41308794403054,-0.855183655162257,1
64,0.479309318249479,0.46660260199881,2.04208048653385,0.0416393547551706,0.0173487187329372,0.0307122336668436,1.08124226490101,0.737614436447086,2.06764126175584,1.03211967884061,2
64,0.608514438821078,0.0579526240485118,1.72219657824666,0.0416393547551706,0,0,0.95261335423709,0.251169502750575,2.02133725047082,0.592083091498892,3
64,0.808573980351295,-0.220229752514593,1.17659851326958,0.0416393547551706,0,0,0.437234410189161,-0.624076571306398,1.30060190544982,0.408453564497177,4
64,1.19202143495088,0.653496035107143,-0.04704505558894,0.0416393547551706,0,0,1.05097293114018,0.0764954224387306,0.332156064659818,-0.494575406334276,5
64,1.25870794879428,0.57859232294389,-0.0465069687639101,0.0416393547551706,0,0,1.3441977078693,-0.0509908663266761,0.22335423383847,-1.28262061208438,6
64,1.57546888955046,1.04614263600751,-0.0378448190793691,1.26080464424852,0.0193917652646867,0.0296822341178324,1.54332992040267,0.0414886948105063,0.457306163969356,-0.72034953586527,7
64,1.76719261685025,1.86935071750007,0.161749990988693,1.26080464424852,0,0,1.94022826706031,1.10356370567706,0.523342059545585,-1.04650402194452,8
64,2.1714796070259,1.23255328025838,-0.725634181322488,1.89459343487039,0.0200192349665193,0.0293658959924574,1.85569774641014,2.41757212544349,-0.221673645994751,0.364799932854158,9
64,2.35069961298005,1.31815585835179,0.5692673538588,1.89459343487039,0.0170425049659496,0.030866610983752,1.77399979414308,1.06757111913351,1.29600070867866,0.98025599310508,10
64,2.61327776123846,1.68463798979363,-0.282989482380283,1.89459343487039,0,0,2.65844145606355,0.351783442850644,0.092065217131215,-0.649173347439955,11
64,2.77999404584698,1.39171790908202,-1.21804585363182,1.89459343487039,0,0,1.97139625025109,1.10993195745681,-1.16296247789113,-1.82803940879954,12
64,3.21345638582912,1.94074475898043,-1.26864927240946,1.89459343487039,0,0,1.91157441050325,1.37590207293203,-1.36099951200939,-2.18482809520886,13
64,3.44685918428104,1.82112547582633,-2.2039201859739,3.42577551186013,0.0242679513479671,0.0272239105365404,2.21226813684337,1.10454124924602,-2.64807975810615,-2.90227150833059,14
64,3.73861268234594,2.37186383238977,-0.531555135069855,3.42577551186013,0.0194221118121569,0.0296669349409788,2.7688601395351,0.785848452498567,-0.568527969532535,-1.37192295240114,15
64,3.78029175349806,2.64316942483447,-0.655613315457077,3.42577551186013,0.0187298490213262,0.0300159384273236,3.06869669270907,0.783832872570817,-0.746437895474166,-1.80617428504186,16
64,4.23042572194105,0.397192812062286,1.02848718938932,4.18461800899106,0.0238573008026419,0.027430939534614,1.22368974308953,-0.0478383920096852,1.22595274579209,-0.0102707503938033,17
64,4.48883596308425,0.573825540476681,0.0706848705698132,4.18461800899106,0.0195652714994961,0.0295947611499738,1.68048547319072,1.13331154326507,0.239382792391468,-2.34638188788952,18
64,4.68472759749926,1.8888734743448,0.742451487436589,4.18461800899106,0.0158795343649164,0.0304048039924706,2.35264041203179,1.1763818225006,1.58760109135969,-0.608872689302111,19
64,4.92229830306639,1.3977086930793,-0.805025261274438,4.18461800899106,0,0,1.73748168148942,1.40168126686837,-0.762053093926756,-0.878287547701465,20
64,5.01399225960107,1.69196318972657,-1.16404568705916,4.18461800899106,0,0,2.22886290726747,1.74473997248667,-1.5640446078484,-1.8469337061961,21
64,5.443286692468,-1.1133375996209,0.0970880887216541,4.18461800899106,0,0,-0.571613557454804,-0.78290101042177,0.799021990013294,-1.46916576235305,22
64,5.62667460553736,-0.209448347331098,1.28050694744107,5.49631478881034,0.0224529442823727,0.0281389442521033,0.532282818311618,-0.0310287489986194,1.03375830938629,0.536777766062893,23
64,5.84340577552843,-0.66235850181198,1.47384828825483,5.49631478881034,0.0188531777700571,0.0299537623811149,0.218334425910912,-0.610209356318486,1.7672967424007,0.906633178719107,24
64,6.01428996725216,-0.651324135997337,1.61880366879967,5.49631478881034,0,0,0.155152380906929,-0.408767093169369,2.01511997083149,0.272945985522331,25
64,6.34355462935397,-0.357996031019527,0.383083159491301,5.49631478881034,0,0,0.551380263207663,-0.139599707405465,0.796146189570502,-0.093927852619532,26
64,6.66448347722536,0.756547427332597,1.30893876120287,6.48416443035329,0.0216231533313776,0.0285572824015372,0.979839715052922,-0.474376864607584,1.47979451579501,0.939041754339465,27
64,6.84787139029473,1.08082053731129,0.868186335831106,6.48416443035329,0.0185771970517265,0.0300928977414698,1.44686309371023,-0.172484303973997,1.12080660839071,-0.922681939500974,28
64,7.07710628163144,0.808239016966761,-0.661487782367418,6.48416443035329,0,0,1.21322661606152,-1.37342292422284,-0.937555560763616,-0.598466726578232,29
64,7.25632628758559,0.525217683226417,-0.799729491071183,6.48416443035329,0,0,1.3325734638638,0.81437322557355,-0.224110114349725,-1.79692594839979,30
64,7.53140815718964,1.83449823127629,-1.32873982104116,6.48416443035329,0,0,2.46108560138506,0.556723093850053,-1.63371151625756,-1.0070046406074,31
64,7.96070259005656,0.971386176519029,-0.397221203324209,6.48416443035329,0,0,1.58001655949499,-0.201609905786872,-1.06689578181475,-0.978349831041776,32
64,8.164930038702,1.36377391169395,-0.476147146293703,7.97674758046543,0.0214925470835332,0.0286231273905133,1.93601835990105,0.755591617510047,-0.176940284907228,-1.81814212837687,33
64,8.36915748734743,2.03715411327007,-0.253990807755415,7.97674758046543,0.0181004594084754,0.0303332444736326,2.5241484639831,1.99774281408493,0.00304950554436495,-1.56414019239453,34
64,8.61506400714498,1.35382458800822,-1.07855638872229,7.97674758046543,0,0,1.94351229208393,0.202336171997503,-1.02026100014007,-1.93497949928182,35
64,8.76510866329265,0.153051584419288,-0.371597917336076,8.66635634927975,0.0229779247446396,0.0278742759584776,0.918888506772469,0.13474818795172,-0.691010842707214,-1.02665994348202,36
64,9.2360821673117,0.357948671269309,1.17135590413673,8.66635634927975,0,0,0.793371593907386,-0.847782005794824,1.21117400773547,1.46152572689259,37
64,9.47365287287883,-0.150505735898778,0.845977251281604,8.66635634927975,0,0,0.526024744339455,-0.6037314644007,1.06084172448167,-0.163182695323467,38
64,9.6903840428699,-1.11992631137213,1.14258261475399,8.66635634927975,0,0,-0.327744544524965,-0.553587642945298,0.698206533143024,-1.83327221221323,39
64,9.76123846382852,-0.716926184728748,0.901483597455462,8.66635634927975,0,0,-0.0483825492925448,-0.635147657303706,0.788750149991182,-0.358513766194234,40
64,10.1530217326585,-0.543824538277148,2.13244852184235,10.0528865554674,0.0229549562691767,0.0278858554888503,0.403898432894278,0.134903751504137,1.91042254296215,0.968903256299385,41
64,10.4406073236082,1.135604730784,2.66872744592835,10.0528865554674,0.0181783430124493,0.0302939795446544,1.63593270010257,2.26300252255704,2.60209475964799,1.80041281018398,42
64,10.632331050908,1.69276589889403,2.60740575433226,10.4720889222163,0.0219566181382194,0.02838916650437,2.61060846648221,0.898061137753049,2.88586113164522,0.560859195536964,43
64,10.7782077999405,2.15604937733606,1.92779094984901,10.4720889222163,0.0195336983703045,0.0296106787065766,2.74528106028267,0.589374623523744,2.21990019696147,1.75280049345251,44
64,11.0116105983924,2.44962345383361,0.721375425830134,10.4720889222163,0,0,2.73625568892203,0.351766028962328,1.12955503773196,1.07842003555726,45
64,11.415897588568,0.0774683889028295,0.34766412453605,10.4720889222163,0,0,0.850946835669254,-0.344231377056759,0.579519647925787,0.137068729506639,46
64,11.6284608514439,0.495762042535722,-0.333695876130326,10.4720889222163,0,0,1.2177283694348,1.95306221674426,-1.05449213826693,-1.10569092474288,47
64,11.9493896993153,-0.0572904289668082,0.999002146899759,11.7522897690105,0.0213444335596363,0.0286977986524967,0.504644295404242,-0.171416743211656,1.31546010812589,-0.599221146243264,48
64,12.2411431973802,1.29686574192588,1.77119569516259,11.7522897690105,0.0164985940238353,0.0311408230569476,1.87080095345211,0.655233126110937,1.73222375635044,1.44704894433218,49
64,12.453706460256,1.04698073063317,0.295466834056677,11.7522897690105,0,0,1.36830941148194,-0.397280968005785,0.264444206732384,-0.602144754138996,50
64,12.6079190235189,0.842148687366403,-0.642472211955245,11.7522897690105,0,0,1.19190540929711,0.171600677895048,0.154195255420861,-1.74575482062729,51
64,12.7996427508187,0.801234167729163,-0.253077938669814,11.7522897690105,0,0,1.3087078776248,0.300089651583729,0.101069692746645,-0.615599187736175,52
64,13.2414409050313,0.349074587416091,-0.292896009820353,11.7522897690105,0,0,1.01194716423945,0.295755423576712,-0.31495342381926,-0.606455670648874,53
64,13.2622804406073,0.140016062051721,-0.762763492102428,11.7522897690105,0,0,0.680084537503087,-0.62981409104056,-0.696093440397914,-1.54154529408802,54
64,13.7332539446264,0.807381529712296,1.11601796179277,13.3008859947807,0.0174367817982633,0.0306678367741916,1.51676332772695,-0.653400499093825,0.90286026950909,0.226068176045107,55
64,13.8082762727002,0.724852380682455,0.715824063572367,13.3008859947807,0,0,1.19110058899954,0.741495339442217,0.752743957874945,-0.0953067210325242,56
65,0,0.122737782932588,-0.501485848373981,-Inf,0,0,-0.517785277173458,1.34522968705418,-1.49112619129126,1.41176981511338,0
65,0.20422744864543,0.746842986259436,0.198192633302758,-Inf,0,0,0.580645518449707,0.59647137691053,-0.369449300383877,1.86635416330432,1
65,0.412622804406073,1.37176195592835,1.07219415134417,0.263714915548917,0.0221448726334042,0.0282942582180695,1.22267189430061,0.674197529084948,0.462231164533318,2.0784681166615,2
65,0.641857695742781,0.857590043829594,0.593649654107396,0.263714915548917,0.0183374272838401,0.0302137773929852,0.472415587480963,1.02054403066682,-0.59983939898417,1.33129955212471,3
65,0.750223280738315,-0.265454215577615,1.0735536485936,0.263714915548917,0.0165375440276818,0.031121186457491,-0.318918689249263,-0.177510904116295,-0.147459848422913,1.45014839154632,4
65,1.23786841321822,0.746615860755195,0.346795569257206,1.1555201877822,0.0232503861941178,0.0277369148334404,0.294900243299856,1.55854836425377,-0.474079090152102,0.157357535132523,5
65,1.30455492706163,0.824142968440049,0.118527709218127,1.1555201877822,0.0221427657287886,0.0282953204115962,0.238096931967753,1.08922055046111,-0.861914479366571,0.467734615549664,6
65,1.72551354569812,1.50870656727976,0.628293415199382,1.1555201877822,0,0,1.09665098632646,2.16081787782663,-0.865070390009679,2.246387752577,7
65,1.79636796665674,1.33826225795712,-0.383751786231997,1.1555201877822,0,0,1.05159333227211,2.59474640911849,-1.58341672606781,0.787213783538047,8
65,2.21315867817803,0.762289690748024,-1.14487108203411,1.1555201877822,0,0,0.533631288304114,0.136128736777192,-2.30543115383007,0.045389787800745,9
65,2.34236379874963,0.359740118227451,-0.931273508124672,1.1555201877822,0,0,-0.0873367897451641,1.26300856128262,-1.94568315417194,-0.140399137210232,10
65,2.66746055373623,1.91280255980019,-0.774467342352859,2.50449734085347,0.0219114226651822,0.0284119517498863,1.45568886288191,2.2123136072026,-1.27197352266402,0.660330671324264,11
65,2.93837451622507,2.4642041480296,-0.909925239041399,2.50449734085347,0.017411714524788,0.0306804744111502,2.19622975472728,1.70191856009025,-1.63354956156556,-0.299784470655582,12
65,3.18011312890741,2.06742035289982,-2.50144461290088,2.50449734085347,0,0,1.48889124092633,2.55542581533038,-3.93163861798304,-0.130043191895703,13
65,3.48853825543316,3.06359641038561,-1.78160341052355,3.35548460930049,0.0224082014939464,0.028161501277205,2.24595939271955,3.13431946310733,-2.36146074921187,-0.447275261948889,14
65,3.53855314081572,2.73459101514851,-1.05521851424055,3.35548460930049,0.0215774861449492,0.0285803054608197,1.99659045082044,2.15210393805035,-1.79207526866637,-0.288818921163297,15
65,3.89282524560881,2.68626924940597,-1.26118298955393,3.35548460930049,0,0,2.07259639839412,2.48060528856626,-2.58973542725521,0.165493708954883,16
65,4.05537362310211,1.50067354342334,-1.45636105446088,3.35548460930049,0,0,0.622624479450836,2.02244353353001,-2.99642872014248,0.154990752276829,17
65,4.3429592140518,2.41051559353541,-2.77700641178958,3.35548460930049,0,0,2.00227699526518,1.68121411378995,-3.77023659279979,-0.522291369639726,18
65,4.54301875558202,3.08336505630668,-2.31710597464864,4.39898058261472,0.0222257555086485,0.0282534812099378,2.45233424898349,3.1822650766994,-3.0051818499869,0.198161844028831,19
65,4.89729086037511,4.36934942746347,-1.65350093458305,4.39898058261472,0.0163415217865952,0.0312200108438977,3.93692109268901,2.92639431983376,-2.49976236916242,-0.93150054759211,20
65,5.00982435248586,3.09680045083661,-2.36554209391401,4.39898058261472,0,0,2.39738593388077,2.14052375851422,-3.25360381692232,-1.92359634848344,21
65,5.27657040785948,2.73905723445018,-2.0740526344907,5.01920339140611,0.0203434356943071,0.0292024505700356,2.1679293042981,2.24742383042631,-2.99167218831352,0.214128436199689,22
65,5.62667460553736,1.10142114183999,-0.416564126816661,5.01920339140611,0,0,0.864313785058069,0.521074057066731,-1.71636357187281,0.78027159274586,23
65,5.77255135456981,2.12104395684803,-0.177280873113624,5.01920339140611,0,0,1.64691456990798,1.87082904020968,-1.3425621467058,0.339167369043725,24
65,6.18100625186067,1.15071863315186,-1.21261877814765,5.01920339140611,0,0,0.674306462886359,0.452862741273337,-2.22352347854497,-1.34710089692358,25
65,6.32688300089312,1.37065715898938,-0.107476770733239,5.01920339140611,0,0,0.905086158351545,1.47996866817219,-0.728963720247462,1.38535210699514,26
65,6.60613277761238,1.39773312615478,-2.18300226324097,5.01920339140611,0,0,0.969734454426541,1.16796107143336,-2.98364857237369,0.736778495494896,27
65,6.96457278952069,1.26150737211855,0.142256245059073,6.70982891369002,0.0203870043871305,0.0291804854638757,1.0253158223451,1.69977592782111,-0.670582311222977,-0.501730679220761,28
65,7.2271509377791,0.0318324450073574,0.0117277836832736,6.70982891369002,0,0,-0.204275507118391,1.27963793800108,-0.45183298034874,0.759502657249458,29
65,7.43137838642453,1.05666145064601,0.810432845151462,6.70982891369002,0,0,0.720193315669013,0.498346848006747,0.322146912374802,1.4340831535613,30
65,7.72729979160464,1.03860698782221,-0.878897267936624,6.70982891369002,0,0,0.154511898453976,1.2707925915424,-1.52336168860513,-0.512983735804408,31
65,7.7773146769872,0.58651872157941,-0.377871737315444,6.70982891369002,0,0,0.428235685126891,1.22082128089592,-1.89533882143585,-0.0211354636453617,32
65,8.1982732956237,1.62056014852713,0.833741043358595,7.79668851868393,0.0179480706681293,0.0304100710810503,0.55615202258952,2.07341151887542,-0.379387268049878,2.09495890104195,33
65,8.27329562369753,1.28680661986606,0.80775188677506,7.79668851868393,0.0167019976446346,0.0310382773564776,0.861394873914317,1.01466171353486,0.0369630865305637,1.66214665586379,34
65,8.54420958618637,0.460685536406687,0.158704162881787,8.50266527418011,0.0239281131733205,0.0273952395597423,-0.255966631713878,1.00045253394482,-0.585227954432248,0.175267494864291,35
65,8.75260494194701,1.58120990217279,0.679029148327923,8.50266527418011,0.0204667992191706,0.0291402569914839,1.61912350834598,0.523074335758404,-0.212562826430953,0.249610873586452,36
65,9.00684727597499,2.01024357847206,0.380960492235977,8.50266527418011,0,0,1.41519088893786,1.76888843209825,-0.49645358984461,1.36191386102714,37
65,9.39029473057458,0.225630781147472,-0.859786777073321,8.50266527418011,0,0,-0.181594153611451,0.868982334233302,-2.48811977920679,-0.954766059730476,38
65,9.53617147960703,0.0193341579952283,-0.77706044859302,8.50266527418011,0,0,-0.265545277953695,-0.34304118137331,-1.98417364358166,-1.72322937926509,39
65,9.76540637094373,0.853149982496028,0.437571006966659,9.6967372121361,0.0234775867669267,0.0276223719270956,0.803949970080836,0.086483145847659,-0.341618505937365,0.67605730153606,40
65,10.2197082465019,1.67444997586745,0.0704781573784202,9.6967372121361,0,0,1.09811469259809,0.69378179006239,-0.122379397508465,0.65392183092305,41
65,10.4572789520691,1.23933171323808,-0.2580030413208,9.6967372121361,0,0,0.886596059740862,2.05521852468597,-1.20152922415147,0.601846288418511,42
65,10.5239654659125,1.2852754990142,-0.640895406496309,9.6967372121361,0,0,0.579580220758168,1.21069179278137,-1.90258181879141,0.129714229279012,43
65,10.9074129205121,-0.280495566985803,-0.211890569588151,9.6967372121361,0,0,-0.6166990211826,0.469883809786558,-1.0119608317953,0.139302788211042,44
65,11.1491515331944,-0.522377615042125,0.241724501138217,9.6967372121361,0,0,-0.888200747082638,1.1125172978503,-0.257978335959875,1.2374123373108,45
65,11.395058052992,-0.274341415315443,1.11015390744403,11.1642733861047,0.0207849515675874,0.0289798608525174,-0.879967108920446,0.852437021552537,0.226730780890643,1.69558267426393,46
65,11.611789222983,0.441340269389686,2.04176912649957,11.1642733861047,0.0171851850552736,0.0307946789815281,0.389534889647398,-0.269439497147152,1.27743321588528,2.16119012187972,47
65,11.8952069068175,0.415252173186099,1.84233436329931,11.7756966369961,0.0226331483371361,0.0280480945860617,-0.0887487102444631,0.925145600904618,0.32004189150114,0.927784582183967,48
65,12.2453111044954,1.25060652300403,1.0831042868456,11.7756966369961,0.016818140894155,0.0309797238713749,1.17231111719795,1.72206271112668,0.216723342015339,1.34002327745338,49
65,12.4453706460256,-0.0788020064822678,1.06964104996746,11.7756966369961,0,0,-0.338254788945882,0.161309977590796,-0.280041585910484,0.703523066800289,50
65,12.7454599583209,1.0561767858746,0.334401523954701,12.5564229491185,0.0214783535369831,0.0286302830506113,0.586003158860922,0.342547070604049,-1.06297828233074,0.475430788575653,51
65,12.9580232211968,1.77412298309961,0.728900839186106,12.5564229491185,0.0179478133037596,0.0304102008309999,1.08298622973104,2.34296913384269,-0.0788416402114507,2.47837480283633,52
65,13.0163739208098,0.868886127362698,0.787594309961574,12.5564229491185,0.016978645396598,0.0308988057118878,0.531425033157116,0.827821406277057,-0.392174947376467,0.520764804251742,53
65,13.3873176540637,-0.175152517025951,-0.0663438144229299,12.5564229491185,0,0,-0.502305707747088,0.787641702651298,-0.719894999833921,0.892500744304943,54
65,13.6707353378982,-0.0384989461654936,1.14755465966404,13.587859799026,0.0232416278542347,0.0277413303403673,-0.594657935342528,1.7247410659936,0.698734774989375,0.605730227786673,55
65,13.7791009228937,1.11063054826026,1.43403019749523,13.587859799026,0.0214417445980782,0.0286487394048724,0.575621545294852,0.277590730109066,-0.0470348910161967,1.51597907519628,56
66,0,1.12503952205452,-0.426721735900898,-Inf,0,0,1.25396741541984,1.54496087400402,-0.140524454078451,-1.65104116361646,0
66,0.125037213456386,1.7322115835875,-0.556368052532414,-Inf,0,0,1.77095088543143,0.608264384532932,-0.155434920333856,-0.870979145178155,1
66,0.425126525751712,2.86438954622579,-0.806319034627766,0.18216758914059,0.0205827447116711,0.0290818032053617,2.82530662048688,1.73890772241159,-0.674884103349638,-0.56313774389126,2
66,0.712712116701399,4.11643457488066,-0.243567159084014,0.18216758914059,0,0,3.70519075026224,2.0824043744518,0.228533567879343,-1.25839276768124,3
66,0.850253051503424,2.91666938461998,-0.829701984283235,0.18216758914059,0,0,2.78606163119051,2.59438350817735,-0.749804121092712,-2.41789107902564,4
66,1.00863352188151,1.79367416046785,-1.39031476561434,0.18216758914059,0,0,2.22353813498157,0.431584815378431,-0.553851504400815,-0.9598492327811,5
66,1.25870794879428,0.802480745782922,-0.143028294539075,1.09394050603553,0.0218814555575967,0.0284270596325576,0.950202745522759,1.28804866383733,0.180855604311025,-0.647463364252489,6
66,1.63798749627865,1.93147121021824,-0.318863324664262,1.09394050603553,0,0,1.68592906349422,1.30349363857995,0.411821140678677,-0.87908977488057,7
66,1.80887168800238,0.834843840835417,-1.6953881271891,1.09394050603553,0,0,1.06502216490103,0.498874912376526,-1.54713227893884,-0.845485326752051,8
66,2.0089312295326,0.102869515417048,-0.86242133981956,1.09394050603553,0,0,0.271764206885802,1.62590237082078,-0.755555193121191,-0.998491444057784,9
66,2.2673414706758,1.27117875085551,-0.535229349066528,1.09394050603553,0,0,1.45315609151544,0.989819551181426,-0.535756928131847,-0.439150434624183,10
66,2.56743078297112,0.602869214105584,-0.501291714032468,2.31560556613482,0.02043548145164,0.0291560458078,0.722334616023347,0.819729573678123,-0.515810104960224,-2.28949252027876,11
66,2.90086335218815,0.180927210963666,0.546433542618357,2.87944403145856,0.0242623764436207,0.027226721118127,0.0593078109822459,0.281775894099032,0.58330598240254,-0.345514839603754,12
66,3.23429592140518,1.73355451739804,0.515700246918029,2.87944403145856,0.0187242741169798,0.0300187490089106,1.74559394150599,1.35229450219359,0.66094969648758,0.407319302920019,13
66,3.33432569217029,2.09316577659415,0.120463704375557,2.87944403145856,0.0170628434189895,0.0308563573761492,2.24479989947994,2.27438601907267,1.16166979060436,-0.17042698460888,14
66,3.50520988389402,0.28470272800917,-0.179131393691402,2.87944403145856,0,0,0.541493768592317,0.0359780235784458,-0.352039724835299,-0.9973865074998,15
66,3.98868710925871,-0.030500547916999,-0.971338209396935,2.87944403145856,0,0,0.0842262464534191,0.728254672488727,-0.436430857408855,-1.53543370621435,16
66,4.13873176540637,0.396002969303517,-0.76646132588944,2.87944403145856,0,0,0.482470687243524,0.331561111884384,-0.567286094009481,-0.922220454813842,17
66,4.27210479309318,0.758750973187153,-0.805251599427139,2.87944403145856,0,0,0.937202745263459,1.62458882607756,-0.416013641770637,-0.113844735723577,18
66,4.56385829115808,0.555463423657339,-1.32331749880477,2.87944403145856,0,0,0.708529289348942,1.18162363144729,-0.747948965205318,-1.46734706570228,19
66,4.95147365287288,1.10695813780948,0.293389379689625,4.61616022902756,0.0190487955781834,0.0298551418891108,1.1146385695512,0.606184020435893,0.972421153947569,0.872577023207765,20
66,5.11818993748139,1.81124035359277,1.60288435448918,5.0444997082142,0.0317147205100266,0.0436092068804861,1.75148530716933,1.43581660893277,1.68776854845242,0.297051106625649,21
66,5.30991366478119,2.45624081588807,-0.123006921313771,5.0444997082142,0.0202097811509901,0.0292698323536608,1.97279809362507,2.24761263696715,0.33145154167959,-1.49422364749333,22
66,5.6058350699613,1.51582458207959,1.1451926549671,5.0444997082142,0,0,1.31109035845438,1.64748369120695,1.68310763336691,0.0172421514534709,23
66,5.99761833879131,1.23968252277826,-1.23231180549457,5.0444997082142,0,0,1.19893549719484,0.245627385896077,-0.924590932725508,-0.643981411805701,24
66,6.20184578743674,1.57110415467115,-2.10133141559149,6.15367566583535,0.0238180627015787,0.0274507213779405,1.30557145084837,1.98148394116046,-2.09516168708856,-3.18851170286974,25
66,6.46442393569515,1.33536330171036,-0.456485904319876,6.15367566583535,0.0194568071193501,0.0296494433419349,1.22102278657079,-0.404590638245836,-0.212722414542268,-0.980126602763758,26
66,6.73116999106877,0.407600577593858,0.730647832691408,6.15367566583535,0,0,0.525192853868144,0.933394823682634,1.18982066377783,0.24848306836811,27
66,6.80202441202739,0.318609433801403,0.355168229697364,6.15367566583535,0,0,0.271706973467432,0.574951601966271,1.02067985548818,-2.36925246350797,28
66,7.21047930931825,-1.06249502480802,1.25079495066326,6.15367566583535,0,0,-0.404800553107891,0.250458441284676,1.64037768928366,-0.274171461287862,29
66,7.29800535873772,-1.02557626214377,1.25405299730775,6.15367566583535,0,0,-0.864728810268724,-0.288407828122161,1.15931672788885,1.29061685950375,30
66,7.52724025007443,0.253086295210049,1.49020609537435,6.15367566583535,0,0,0.355527105200384,0.0654103548300011,2.19886920412109,0.481595024699629,31
66,7.84816909794582,0.108487769606047,-0.281558653220461,6.15367566583535,0,0,0.356967403404506,0.185877818543853,0.59687530212532,-1.53810514816626,32
66,8.22744864543019,0.301200464311185,1.49626204778193,8.19360942666849,0.0436733029007156,0.0568992951429573,0.724068428661149,1.64494309885062,2.0397496315985,0.840055693161551,33
66,8.37749330157785,1.88996253904166,2.40920801204687,8.19360942666849,0.0386890108067211,0.0594121202446401,1.72929490967341,2.36197827812609,2.78411187652381,2.04628066205595,34
66,8.55254540041679,2.14882574968556,1.4732122690781,8.19360942666849,0.018656440089682,0.0300529474554288,1.99180713066586,1.58890101499918,2.08834471990633,1.29975026897595,35
66,8.83179517713605,1.87784571530625,-1.51698712777162,8.19360942666849,0,0,1.96874335015279,1.43349562777335,-1.41054399956947,-1.77510874154158,36
66,9.20273891039,0.8943321213189,-2.63937193889922,8.19360942666849,0,0,0.937157621380063,0.311160325377019,-2.11512605401514,-3.91748739300746,37
66,9.32360821673117,0.289521789199021,-1.60806282632401,8.19360942666849,0,0,0.583196809293057,0.482520931042355,-0.540151403012431,-2.49746613706708,38
66,9.65287287883299,1.82783095109304,-0.0589178610530392,9.60003037020349,0.023740457332882,0.0274898460349335,1.47599611163737,1.64498555980633,0.359281942650965,-0.621091037084605,39
66,9.87793986305448,1.91840556407857,-0.140067286628892,9.60003037020349,0.0200022382623905,0.0293744648612024,1.80643246867091,1.21294327046854,0.187947630679637,-0.342465065389867,40
66,10.1530217326585,1.0322322694535,-0.176405597989579,9.60003037020349,0,0,0.98391362067048,2.11344749436798,-0.0160723925922837,-0.406484907443028,41
66,10.3947603453409,1.39652681997789,-0.410022338908288,10.319520393322,0.0233684500822402,0.027677393060614,1.2274181253431,1.14644124308181,-0.284696379876226,-1.44112268688187,42
66,10.7365287287883,0.383652724838984,0.906996077550524,10.319520393322,0.0176918951974434,0.0305392216486821,0.458649815480582,0.283377228173123,1.15813906565716,-0.335281962215409,43
66,10.9115808276273,0.354191823192947,0.50908255713132,10.319520393322,0,0,0.214963591406379,1.76703579896259,1.28342140943195,-0.138692600912552,44
66,11.1574873474248,0.745897051986434,-0.307349939163229,10.319520393322,0,0,0.571868068600615,1.77630073083782,0.483086229243169,-1.67431704460169,45
66,11.4867520095266,0.282619956103871,1.11838675675183,10.319520393322,0,0,0.318340027190335,-0.31491361057934,1.31626788157161,0.706660094724865,46
66,11.532598987794,0.867861845280733,0.872253644463364,10.319520393322,0,0,1.04914292113847,1.12585887556757,1.13097103729901,0.173382398544275,47
66,11.8618636498958,-0.0315286264897743,0.00147359564246978,10.319520393322,0,0,-0.0147011158144981,1.01097569842582,-0.0487140396689902,-0.899671133139775,48
66,12.1452813337303,0.95633821745347,1.67488093987856,11.905954152745,0.020643065856455,0.0290513923699067,1.14102460378983,0.17114757303977,1.93648665425946,0.677159505097672,49
66,12.3411729681453,0.439921610737879,2.13807555657576,11.905954152745,0.0173894307395452,0.0306917087557315,0.469415821023566,1.36295712885699,2.62292779936156,2.49716380134087,50
66,12.5412325096755,0.0763891433081704,1.22015803821884,11.905954152745,0,0,0.444303083498962,0.673771343150655,1.43140483239082,0.33918003146115,51
66,12.8204822863948,0.38300653147816,0.790068642215209,11.905954152745,0,0,0.42381035867202,0.827462367416512,1.34830935405386,1.07342049525801,52
66,13.1789222983031,1.87140016874235,0.877768142601036,13.0352113002696,0.0222311896756526,0.0282507415809362,1.89409479831485,1.19321523205547,0.570547834463917,-0.985569874830805,53
66,13.4498362607919,1.77004897661558,0.226567960572902,13.0352113002696,0.0177314815352565,0.0305192642422011,1.5269047620795,1.7399083598269,0.623702130706919,-0.104303803342076,54
66,13.7499255730872,0.029924744934263,-0.50241586737375,13.7487940153573,0.00670946814116047,0.00741885512407547,0.371533942661311,-0.104455032652392,-0.336506051325113,0.221842126033712,55
66,13.8416195296219,0.223939547942151,-0.55607106698572,13.7487940153573,0.0230763651086152,0.0278246473626893,0.303022775147083,1.85666628876324,0.017531845553681,0.726101073316037,56
67,0,0.91387174907706,0.26796895506639,-Inf,0,0,0.877685216092614,0.979055240253141,0.0949082646652521,1.37930784441029,0
67,0.17505209883894,0.53367134629758,-0.0942645012280349,0.0922154205967672,0.0232422733045197,0.0277410049373585,0.919378900325824,0.368739943370807,-0.333248638923899,2.19374161144824,1
67,0.470973504019053,1.27529413869055,0.0688077843293185,0.0922154205967672,0.0183272074896283,0.0302189296904319,1.56159166784366,1.0701257977776,-0.1812580693991,-0.342359714403657,2
67,0.600178624590652,1.07278577351461,0.227646248457718,0.0922154205967672,0,0,0.894346214783873,1.01298545688099,-0.0545932352832892,2.23074300429684,3
67,0.94611491515332,-0.181443479672277,0.130682045696271,0.0922154205967672,0,0,0.0036419955475332,0.334925636189013,-0.453314842655192,0.577676814639559,4
67,1.04614468591843,-0.10996760197532,-0.494243066023463,0.0922154205967672,0,0,0.0895102356516962,-0.745988274571155,-1.15934683738978,1.49820101876951,5
67,1.36707353378982,0.173146900219009,-0.145499272674579,1.29696241412133,0.0234536367166497,0.0276344463172856,0.503501005976882,0.332902688612161,-0.457816749324026,1.17681400887523,6
67,1.52545400416791,1.52714327276944,0.761406907122179,1.29696241412133,0.0208230381114956,0.0289606595654088,1.66014991226141,2.19749038658815,0.413088988084018,0.720642830613464,7
67,1.94641262280441,1.66955382441599,0.0271942556084452,1.29696241412133,0,0,1.68023030365149,0.582117252402394,0.0994567256773268,-0.306164621821718,8
67,2.05061030068473,1.57107962494381,-0.357270519001561,1.29696241412133,0,0,1.33073398787962,-0.187190767752914,-1.18679137821813,0.395801614799497,9
67,2.27567728490622,0.662567483280335,-1.98718735686203,2.25544623979009,0.0242821129437326,0.0272167709843936,0.520911356297635,-0.137986484612386,-2.39062237413851,0.357062666087525,10
67,2.73831497469485,2.49394222603206,0.665977274049139,2.25544623979009,0.0165979959655192,0.0310907096828569,2.43408999159319,-0.201889810397166,0.234405947083134,1.58712614265964,11
67,2.77165823161655,1.9557952261966,0.852172413310742,2.25544623979009,0,0,2.14948380702922,1.89300956930166,0.212521799427335,1.71314757286128,12
67,3.22596010717475,1.77644061900495,-0.180056727577725,2.25544623979009,0,0,1.74838263032442,0.20282792079951,-0.416683454143565,-0.241891976271081,13
67,3.25096754986603,1.72640035442814,-0.431264656617599,2.25544623979009,0,0,1.70648270450735,0.806922419129304,-0.372392024333432,0.660853732235185,14
67,3.63441500446561,2.73838655705555,-0.525199420898419,3.58251700247101,0.023756144985716,0.0274819371228654,2.46583512749638,0.798065301291951,-0.896730192378714,0.0584407267437826,15
67,3.93867222387615,2.30846714598151,-0.677926634801611,3.58251700247101,0.0187026266126604,0.0300296625732113,2.78675230580917,1.86319168609318,-1.83373752990879,1.87002707402217,16
67,4.0845489729086,1.57763573850914,0.0175146852995146,3.58251700247101,0.00831167444416698,0.0159278352886433,1.2396979625764,0.166654373540293,-0.273983651801254,1.69802166310514,17
67,4.35546293539744,1.50815937958395,-1.10476257260446,3.58251700247101,0,0,1.5254424482058,1.26725866392814,-1.63520348148478,0.0453426025950253,18
67,4.56385829115808,3.57877409576441,-0.177921857919125,4.46770741407974,0.0230211329530393,0.0278524925901148,3.1684352047653,1.0197386419321,-0.877085859731284,0.58895139598189,19
67,4.98481690979458,2.90315777265273,-1.02338965534101,4.46770741407974,0,0,2.80884970624702,1.53626701367818,-1.19827433739515,1.18215218556286,20
67,5.05150342363799,3.08691569278343,-2.00089064090685,4.46770741407974,0,0,3.28360049605352,1.27144290701819,-1.99749481835628,-0.0204360004942025,21
67,5.32658529324204,1.47630718258141,-2.69758714879739,4.46770741407974,0,0,1.5205016010705,0.241446925183948,-2.88378296429293,-1.12261822874411,22
67,5.51830902054183,1.09979963729824,-0.718313872563872,5.40463652740268,0.0227301100847552,0.0279992114329927,1.32177214795769,0.847737044449819,-0.665335078939079,0.605017486174372,23
67,5.81423042572194,1.97468021562964,-0.788807916955381,5.40463652740268,0.0178150442698631,0.0304771361860661,1.73852222162825,1.10445431016224,-1.70816699708487,-0.057337573679199,24
67,6.23102113724323,0.348871066834885,0.0441993360760299,5.40463652740268,0,0,0.461496944083973,-0.464975543064953,-0.0724894961826704,1.34511029094089,25
67,6.49359928550164,0.755703763482058,0.601033920262658,6.36444869131172,0.0224730286975277,0.0281288187174028,0.583935544967418,-0.0128662118310469,0.757950635994746,2.55254758430512,26
67,6.70616254837749,1.01326366634045,0.952951737098186,6.36444869131172,0.0189424884642949,0.0299087364977798,0.853869055180883,0.319892183331245,0.166013109694528,1.6016710457253,27
67,6.96040488240548,0.485791028202012,0.870655365073029,6.36444869131172,0,0,0.579954646325754,-0.287331247952663,0.271558477474588,2.33340341985981,28
67,7.21464721643346,-0.492800342871347,1.61706785947641,6.36444869131172,0,0,-0.410645541600074,0.35686510442487,1.44370741440242,1.8566373356115,29
67,7.28966954450729,-1.07722037437737,1.67774290280502,6.36444869131172,0,0,-0.639144278984633,-0.496382548914152,0.961635299120229,2.82184516447169,30
67,7.58559094968741,0.108615380206387,1.20089422022561,6.36444869131172,0,0,0.150015695760891,-0.712754353296289,0.948506635750944,1.13617682486532,31
67,7.95236677582614,0.526678079243749,-0.258806272032081,7.70299614419838,0.020476250546531,0.0291354921157037,0.323310620404246,-0.654248340935946,-0.554090857190875,0.358954646348395,32
67,8.20244120273891,0.985296495290015,1.56578788145888,7.70299614419838,0.0163226738015477,0.0312295130337872,0.827476868937062,0.547689871810998,1.27978514327233,2.87372548520543,33
67,8.38166120869306,0.304550846728398,0.626461173300996,7.70299614419838,0,0,0.180638923750023,0.680165243461221,0.338626920651716,1.88329854485537,34
67,8.74010122060137,0.6545939845902,1.67268368590358,8.4047514993787,0.0190481927018896,0.0298554458284892,0.778095898557012,0.171293472152487,1.06382374019855,2.16081797387878,35
67,8.81929145579041,0.61883707132363,1.74597446441293,8.4047514993787,0.0177328933993214,0.030518552452564,0.592077684088607,0.23872143648211,1.10329285426372,3.38872737223089,36
67,9.02351890443584,0.0865692614568057,1.7149550284162,8.4047514993787,0,0,0.485456809025725,-1.03534997753104,1.12136849957793,2.39462573744542,37
67,9.26525751711819,0.128096266555113,1.11088197196831,8.4047514993787,0,0,0.173106217644657,0.518582152230022,0.604688362666214,-0.297014476669663,38
67,9.72789520690682,0.556278172539269,0.307984050717476,9.6518819774107,0.023355606436504,0.027683868169776,0.434674515583686,-1.3661849843296,-0.360261571341416,0.0111918974549188,39
67,9.94462637689789,1.44853093065597,0.542870937426152,9.6518819774107,0.0197558399241893,0.0294986862987867,1.47902491339798,0.172988698850682,0.0614558058275343,0.576375148215829,40
67,10.1488538255433,1.25855501469561,1.4927173391514,9.6518819774107,0.0163637522491231,0.0312088033818929,1.04165467885415,0.783468979926209,1.38233097409754,2.01726039219098,41
67,10.4822863947603,-0.0876823505181228,1.57988617899669,9.6518819774107,0,0,0.0273970637434341,-0.386472269093378,1.5356149088446,2.73162723714179,42
67,10.5114617445668,0.0505449063664067,1.3733186175003,9.6518819774107,0,0,0.626536194321721,-0.640075114267476,1.43581719650709,2.97882637114943,43
67,10.8115510568622,-1.08173822023637,1.69731591155526,10.7437737369731,0.0234923996426004,0.0276149040329522,-0.815822752286035,-0.0272108186427011,1.12459232445608,2.2204712310855,44
67,11.0866329264662,-0.818690033157442,2.31205991373859,10.7437737369731,0.0189234652231131,0.0299183270428386,-0.626336873729755,-0.572797376923828,2.00786312830331,2.54452975564339,45
67,11.4784161952962,-1.17422478210872,1.58643007954008,10.7437737369731,0,0,-0.645937667973665,-1.58936128072484,1.01278901068685,2.21496450075201,46
67,11.670139922596,-1.40752991967742,1.54133153058136,10.7437737369731,0,0,-1.18188341401336,-0.816175080097536,0.954639915231143,1.72635862278371,47
67,11.9327180708544,-1.33278856258026,1.72864710236563,11.8433416824358,0.0231336528892237,0.0277957657942707,-1.03028631614803,-1.71035609301506,1.29634730780387,2.39912371239855,48
67,12.178624590652,0.235923083112524,3.0294202769216,11.8433416824358,0.0190493024233172,0.0298548863637134,0.611639237189294,-0.80695081170839,2.90600561250914,3.9304758999851,49
67,12.3786841321822,0.715351395600271,2.02912139023889,11.8433416824358,0,0,1.34332784365256,0.717452298985427,1.40840026937618,2.67569229575181,50
67,12.7454599583209,1.03561855705072,0.463549428948025,11.8433416824358,0,0,0.928181093150598,-0.0638740172750911,0.364430868958217,1.0491543105287,51
67,12.7746353081274,1.08828226692808,0.193592458407525,11.8433416824358,0,0,1.38416427563676,-0.142411005031785,-0.135237166028959,0.790806617322642,52
67,13.1664185769574,-0.188378926862404,0.230900426575302,11.8433416824358,0,0,0.0173922692173467,1.02481060769211,-0.614146662762162,0.203688721020862,53
67,13.4331646323311,1.19153252567952,0.753930882023587,13.3273012026231,0.0228598136480788,0.0279338215313586,1.50877364193912,0.407656699807455,0.96448532630449,0.672533313194842,54
67,13.6498958023221,2.01003113530069,1.27439371823141,13.3273012026231,0.0192600471357724,0.0297486396603819,2.00784965266916,1.92905619070935,0.425486171405881,2.30104462309708,55
67,13.9583209288479,1.26983289071628,1.46074785204847,13.6944632741041,0.020235630331731,0.0292568005190416,1.39944182090097,0.478731745127769,1.30198113692073,2.58139654995063,56
68,0,0.327271016744179,-1.0618131607723,-Inf,0,0,-0.0367282439172398,-2.29056954696593,-1.29170013807526,-1.13002758939225,0
68,0.0458469782673415,0.593934572148676,-1.78366959892291,-Inf,0,0,0.503518281538698,-0.779281092908256,-2.30114878171559,-1.56192737621332,1
68,0.462637689788628,-0.269813074408409,1.64548359806473,0.111205878993496,0.0187810794505177,0.029990110665628,-0.635280970383959,-1.03295832861137,1.32910268548433,-0.4923135363968,2
68,0.508484668055969,-0.060018772513076,1.52586349914861,0.111205878993496,0.0180195903806038,0.030374014500611,-0.561853131064123,-2.10050459083102,0.825573045638806,1.35392951129114,3
68,0.808573980351295,-1.3890406000248,1.16358127511722,0.111205878993496,0,0,-1.12626251577114,-0.900129607629527,0.882655675947529,0.32475817603562,4
68,1.16284608514439,-1.28316434996386,0.926018265034202,0.986556164895256,0.0216900745549915,0.0285235441439526,-1.2922781138916,-2.91323163584414,0.472771070021955,0.872574013089902,5
68,1.25037213456386,-0.64296490277471,1.91018244739762,0.986556164895256,0.0202363226942483,0.0292564514652839,-0.50712248040216,-2.36250388519964,1.42305059275245,1.60670976596441,6
68,1.683834474546,-1.1108964223669,1.66139706742523,0.986556164895256,0,0,-0.92071163219932,-1.955689368112,0.960556949013785,0.775013509110845,7
68,1.92140518011313,-0.646753692265817,1.77726346411539,0.986556164895256,0,0,-0.547878122987589,-2.12066973587841,1.06272774509899,1.49190675313214,8
68,2.15897588568026,-0.66255324667475,2.2940455251235,0.986556164895256,0,0,-0.802722601931355,-2.84170453228911,1.22561709393711,0.862084598418151,9
68,2.34236379874963,-0.768233043418671,1.91501979408017,0.986556164895256,0,0,-0.787154909672173,-1.63639168745838,2.02330041734566,0.876875005143673,10
68,2.55075915451027,0.731960077115259,1.84288189171186,2.36136141980174,0.0214723621163858,0.0286333036183924,0.728058770536416,-0.566085536928337,1.6995191726179,2.17303307582703,11
68,2.81333730276868,1.22431139392332,1.09226891949367,2.36136141980174,0.0171111065341581,0.0308320255823869,0.882111763086076,-1.37608969136363,0.70604575312382,0.146910473702603,12
68,3.22596010717475,1.40686049254529,0.0452515849678866,2.36136141980174,0,0,0.976962614799182,-0.295213044415226,-0.478807623204012,-0.0315763072816808,13
68,3.38434057755284,1.46391317573792,-0.491526395957086,2.36136141980174,0,0,1.24724029258568,-0.543141560700635,-0.806728231057718,-0.25505385823407,14
68,3.68026198273296,2.25910045036749,-1.14798915160913,3.63779411937039,0.0239127735742847,0.027402973000868,1.88485533651622,-1.09106523056303,-1.70568161447451,-0.743306723859179,15
68,3.86364989580232,1.89054746319359,-0.709508654696731,3.63779411937039,0.0208668172946336,0.0289385883408004,1.86525416240827,-0.943510654560985,-1.39059888968527,-0.00181376796930577,16
68,4.09288478713903,2.05815378732935,0.845475492586232,3.63779411937039,0.0170593719450649,0.0308581075157098,1.76425586038297,0.411884994888651,0.759743713022667,-1.01824992887084,17
68,4.32211967847574,1.01255608896517,0.0100687795948077,3.63779411937039,0,0,0.991142030199364,-1.9176353800015,-0.589499254163728,-0.791209421218917,18
68,4.50967549866032,1.98001937389024,-0.307363538003304,3.63779411937039,0,0,1.55639745416677,0.0605195204341656,-0.807965742964056,-1.40859080287722,19
68,4.90979458172075,2.30954778964477,-1.42746809072691,4.52785273635975,0.0182743272342839,0.0302455892100813,1.84707765427677,-0.371552848791729,-1.93189205414939,-1.29426068404774,20
68,5.20988389401608,2.17114268299624,-1.79953895943341,4.52785273635975,0,0,1.94603105511206,0.422336481780172,-2.26763184602008,-1.7395995312847,21
68,5.4766299493897,1.90224455861504,-2.14586121028248,4.52785273635975,0,0,1.51291094795403,-0.356440537065931,-2.94837021195734,-1.83234031278393,22
68,5.74337600476332,2.85350440413206,-1.7854196152879,5.67941757989152,0.0235558290533157,0.0275829261688004,2.44836560764507,-0.625204941409935,-1.73586526905099,-1.36333462261611,23
68,5.96844298898482,3.86889131611317,-1.21724134535579,5.67941757989152,0.0198176099828335,0.0294675449950814,3.33810353392048,0.305410137445601,-0.82795653055392,-1.89422559406501,24
68,6.20601369455195,3.80893616317028,-1.03591146925811,6.1179114085049,0.0231548149170452,0.0277850969823801,3.29680567122081,0.391146714029679,-1.29171981824012,-0.653731501712685,25
68,6.39356951473653,3.14298122791945,-0.297285225693015,6.1179114085049,0.0200396323583104,0.0293556126709474,2.74042243436755,-1.08320767782341,-0.444590241069605,-1.10396319405873,26
68,6.71449836260792,1.99567497058651,0.0370241208159265,6.1179114085049,0,0,1.61750858379107,-0.0253512380091031,-0.863206467614541,-0.485822202724335,27
68,6.99791604644239,1.4324975338189,-0.481487396002627,6.1179114085049,0,0,1.1987293842766,-0.658516989935871,-0.686035685736042,-0.377315828418563,28
68,7.10628163143793,0.580807570514089,-0.58780931279563,6.1179114085049,0,0,0.487717388162074,-0.754703450378177,-1.26768876680273,0.223886495984186,29
68,7.37719559392676,2.6780831399727,-0.883753109013701,7.32922990767894,0.0238214582424209,0.0274490095199467,2.24853052689639,-0.892241285982171,-1.80611139751483,-1.54256176736112,30
68,7.50223280738315,2.40443586079932,0.000862141545554196,7.32922990767894,0.0217446698699313,0.0284960199789913,1.85548371337714,-0.615779952371706,-0.793681779080911,0.885954342976395,31
68,7.8106579339089,1.81620138569724,0.28337934746762,7.32922990767894,0.0166219252177906,0.0310786457779692,1.33504904545367,-0.265697830188126,-0.0740649363331808,-0.452513161807674,32
68,8.05656445370646,0.899941011558629,0.618631126707239,7.32922990767894,0,0,0.693948876541431,-1.38205075927289,-0.107178869832748,-0.0957207975068973,33
68,8.49836260791902,0.709944310369006,-0.264178435637441,7.32922990767894,0,0,0.25645307203169,0.395364527295172,-0.625984468033002,-0.467295549227627,34
68,8.65674307829711,0.714658476595939,0.244348510652103,7.32922990767894,0,0,0.616828289161118,-0.492405901267801,-0.350066976355551,-1.32777057664078,35
68,8.80678773444478,0.742446549515437,0.512200372687911,8.71327756220439,0.023064993376272,0.027830380408398,0.273530283321425,-1.23737989736003,0.486457361862715,-0.422431617629873,36
68,9.04435844001191,0.72124641588905,0.802071841903151,8.71327756220439,0.0191190954685422,0.0298197002805827,0.269711517759372,-1.15476517563646,0.722377286450533,0.990191651946024,37
68,9.44030961595713,0.985177017216426,-0.0615976417351606,8.71327756220439,0,0,1.11610406647211,-0.619520980858553,-0.0180301861993007,-0.828912787815802,38
68,9.5278356653766,0.203086154246536,-1.140104866943,8.71327756220439,0,0,0.0652764837761128,0.301598284801837,-1.19082239862909,-0.957122224818806,39
68,9.83209288478714,0.929289057556119,-0.611996485854772,8.71327756220439,0,0,0.589371703516642,-1.76613502163297,-1.13723862720102,-0.854113331478963,40
68,10.0488240547782,0.794916704363815,-0.329210229963962,9.85120094486763,0.0213357438800539,0.0287021795444372,0.320087421064084,-1.6107550513074,-0.218958178675301,-1.01867552412763,41
68,10.4572789520691,0.662442565419299,0.484175530706054,9.85120094486763,0,0,0.431477701770752,-0.813071195103659,0.0215803147470729,-0.0819827209789594,42
68,10.7156891932123,0.112450320975111,0.82098824645272,10.537313878984,0.0216554374909728,0.0285410063797783,-0.154008368995747,0.206976003202779,0.538112844621821,-0.393830458147572,43
68,10.9115808276273,0.708207186873678,1.20842184595283,10.537313878984,0.0184018023740622,0.0301813227656035,-0.0378277441822064,-2.27458788749134,0.782863630508908,0.208867185429991,44
68,11.0116105983924,0.334574041594563,1.14508603914777,10.537313878984,0.0167403716760714,0.0310189311328391,0.00151018363998634,-1.18771316424859,0.503389998360133,0.310197153550674,45
68,11.2533492110747,0.543534905407879,1.11104979742076,10.537313878984,0,0,0.0753464678749009,-1.03917347402526,1.05224879027339,1.51546367049682,46
68,11.5659422447157,-1.08697151957175,-0.558694670937467,10.537313878984,0,0,-0.982876226021797,-2.50769594760468,-1.47465494153669,-1.32772146509672,47
68,11.9869008633522,-1.48390797205569,-0.501112393326177,10.537313878984,0,0,-1.82969073799261,-1.98700556318529,-0.675765107253636,-0.532356195749121,48
68,12.0827627270021,-1.60213291590482,0.487378538083267,10.537313878984,0,0,-1.5436055342644,-2.43956095527199,-0.666107183668883,-0.44633952169067,49
68,12.3411729681453,-1.35392032423583,1.69644250129212,12.230245113842,0.0227756967854102,0.0279762289505081,-1.31656921785723,-0.532749672208703,1.19549633944434,1.25094728910363,50
68,12.5037213456386,0.211154190546024,2.0063668671846,12.230245113842,0.0200758719011732,0.0293373425472665,0.308084113522411,-0.789430823101962,0.896226567736689,0.956142214266199,51
68,12.883000893123,0.777004510898466,1.1249468477534,12.6440061931749,0.0206485881544411,0.0290486083097559,0.488612407491175,-0.903506098037132,0.297514883739527,0.484133028666571,52
68,13.1414111342662,0.965592825186369,-0.0993963176034301,12.6440061931749,0.0163565588512948,0.0312124299251158,0.897156542268485,0.438782008327612,-0.701554690609326,-0.60481230234963,53
68,13.412325096755,0.278659017216182,-1.18489338655064,12.6440061931749,0,0,-0.172676879389679,-1.41494596910226,-1.35732835922046,-1.77433445202474,54
68,13.6623995236678,0.0175321917979192,0.0386856869559006,12.6440061931749,0,0,-0.278247804101004,-0.654473275968428,-0.530365546909353,-1.23529272680997,55
68,13.9499851146174,0.815579125195715,1.90889688061964,13.6644353848998,0.0198753388006297,0.0294384410782651,0.538798992926953,-0.494436891736549,1.58922373876851,0.189706777463431,56
69,0,-1.64419846201129,0.911934543157847,-Inf,0,0,-1.02311519151252,-3.1878896761824,1.45468344353748,0.489544992239649,0
69,0.137540934802024,-2.09216046737938,1.07710359679262,-Inf,0,0,-1.13341099484373,-2.33189855322468,1.13250263954846,0.98773440052362,1
69,0.26257814825841,-0.816477821229581,1.55093416524792,0.164038202713709,0.0229814520494524,0.0278724976718211,-0.310977490268916,-1.26390094755625,2.17445274671928,0.994873659389812,2
69,0.550163739208098,-0.714312937241342,1.14913677977617,0.164038202713709,0.018204838792725,0.0302806217276248,-0.272573178576052,-1.72633903313411,1.28467962229497,-0.0640774395267213,3
69,0.950282822268532,-0.366941415899371,1.99706456277507,0.689876975047474,0.0202929626532831,0.0292278964953643,-0.0131329775124186,-0.241601907231719,2.7279500779408,1.08171154691039,4
69,1.04614468591843,-0.361496407209327,1.99322853812648,0.689876975047474,0.018700758234373,0.030030604513966,-0.0408904848923338,-2.03729301209055,3.02583070022388,0.923085379302385,5
69,1.26704376302471,0.105702772874372,1.92610604863859,0.689876975047474,0,0,0.244838474135284,-1.16766070287739,2.3482851217862,0.736740061719168,6
69,1.56296516820482,-0.467907653027454,0.869412399048394,0.689876975047474,0,0,0.12677653226227,-1.01813595358949,1.44788315015193,-0.888303568631374,7
69,1.86722238761536,-0.97972075390508,1.37125519101764,0.689876975047474,0,0,-0.39331191057304,-0.753185655409115,1.71726283015519,0.744035158725123,8
69,2.18398332837154,-1.67010145904793,1.59239550961901,2.16168732179436,0.0242478152508016,0.027234062126666,-1.10112791474119,-1.80454237821942,2.24012975773679,1.03137522913453,9
69,2.33819589163441,-1.30976067176307,1.63893407287758,2.16168732179436,0.0216864429247298,0.0285253750261518,-1.07396981245121,-1.65362672016097,2.16587354029396,1.85809251330673,10
69,2.72997916046442,0.649252746709362,1.39444088994251,2.16168732179436,0,0,0.851437259210304,-1.03912098092735,1.97846715377005,1.66405457332393,11
69,2.7883298600774,0.756862500335644,1.15363759155093,2.16168732179436,0,0,0.938343857448309,-0.605572611622042,1.79741486681809,1.45118944074096,12
69,3.1759452217922,-0.096323993476319,-0.239281783789458,2.16168732179436,0,0,0.601484019388591,-1.05380838330459,-0.104168753502129,-0.663048144465042,13
69,3.36350104197678,-0.285014691556929,1.20261546482853,3.27769337379768,0.0231929270564282,0.0277658827913307,0.0955548703729678,0.117756826595598,1.79408464857734,0.176926283759546,14
69,3.61357546888955,1.34380575504608,0.667860394339703,3.27769337379768,0.0190393503114495,0.0298599037094237,1.50643480645158,0.322131353617748,0.923353957270306,-0.160741125648171,15
69,3.95951175945222,0.417786947825114,0.0201106874090147,3.27769337379768,0,0,0.656639930038306,-1.21009867259975,0.619040678753818,-1.5052503001099,16
69,4.17207502232807,1.03637485411471,-0.948949750943033,3.27769337379768,0,0,1.19117231185313,-0.805551290439447,-0.900082364202726,-1.29886030242479,17
69,4.38880619231914,1.85358369959248,-0.392814203173272,4.32484897886618,0.0235558491742095,0.0275829160248745,2.10317334658155,-0.84539174994366,-0.0767509248038911,-1.1015662552506,18
69,4.67639178326883,2.10297175221486,-1.43799932252018,4.32484897886618,0.0187792359174821,0.0299910400806781,2.07137855173581,0.767077547541504,-0.500727624875706,-2.02166249185964,19
69,4.91396248883596,0.721427894513693,-1.27159899931471,4.32484897886618,0,0,1.04766253180669,-0.511235220756604,-0.677280235451494,-0.46469118946681,20
69,5.09318249479012,1.37581391486359,-0.410544950003725,4.32484897886618,0,0,1.59804982637789,0.459746701317387,0.115599202289023,-1.82908192066116,21
69,5.49330157785055,1.3599225759266,0.271248538983277,5.25643650625403,0.0206839599231751,0.0290307756733987,1.54151249189131,-0.16512265297516,0.45862145425947,-0.698366014357225,22
69,5.64751414111343,1.39181378060081,0.679366039971891,5.25643650625403,0.0181225875971038,0.0303220885728872,1.43013230321651,-0.605815078113278,1.00107986727102,0.31034492882042,23
69,5.90175647514141,0.510560729988428,0.00276159346436041,5.25643650625403,0,0,0.450471303881899,-1.05371320755259,0.526581882261712,-0.678385866823235,24
69,6.13515927359333,0.108884460573619,-0.55875806816785,5.25643650625403,0,0,0.385599721624611,-1.17313346151589,-0.525957718041472,-0.564880315499393,25
69,6.46859184281036,0.594985998761636,0.548005117426723,6.30464217813077,0.0218950383299462,0.0284202118935611,1.13528409916833,0.0374057324634245,1.26607013019674,1.33653470418344,26
69,6.68949091991664,0.499535760185207,0.332237001459999,6.30464217813077,0.0182260455385524,0.0302699303712133,1.17225641417706,-0.736958658864594,1.07923401316541,0.692001935374401,27
69,6.76868115510569,1.00708025345412,1.13186935522858,6.30464217813077,0.0169107462359758,0.0309330369952747,1.30744536791382,-0.227489293343166,1.38338169799316,0.715748788263076,28
69,7.18130395951176,1.31245991680912,-0.612360183622557,7.1332869338212,0.0238206055270193,0.0274494394154314,1.30514568612308,0.766588132032483,-0.00282115594121574,-0.839299316953628,29
69,7.45638582911581,2.42799325301736,-0.570197812789712,7.1332869338212,0.0192516711075422,0.0297528624253306,2.28623096248778,0.656583562779481,-0.0818857337772095,-0.436238769944417,30
69,7.65644537064603,1.65196514318305,-0.853064176364589,7.1332869338212,0,0,1.96935570842814,-0.0977562740455332,-0.0867161349018594,-0.484029959764238,31
69,7.91902351890444,1.48094814583419,-0.317148905733436,7.1332869338212,0,0,1.42833052207987,-0.700775903387175,0.293795072042736,-0.631010592981832,32
69,8.19410538850848,1.42202607212227,-0.75957135993721,7.1332869338212,0,0,1.75844545109572,0.0220127338163958,0.0554817952445155,-0.343271495552691,33
69,8.38999702292349,1.83054810543982,-1.21793514189214,7.1332869338212,0,0,2.24125636491044,-0.413090493586934,-0.0890540401160603,-0.437564524895074,34
69,8.53170586484073,2.16109798932115,-0.31844155860115,7.1332869338212,0,0,2.14214231028281,0.702203473721254,0.237921557174409,-0.00618836787403443,35
69,8.8776421554034,1.35466917710199,-2.323080844777,7.1332869338212,0,0,1.46155456711072,-1.02869133992789,-2.03527511289055,-1.65881235799786,36
69,9.01935099732063,1.02528976286925,-0.644375044124169,8.98010453077463,0.0239662789209434,0.0273759983421469,0.843022208377329,-0.143268420969836,-0.0710405142385872,-2.19379795268285,37
69,9.42363798749628,1.66078790688411,-1.07814736283916,8.98010453077463,0.0172513298499031,0.0307613321597381,1.68671017199072,-0.446705725826691,-0.841933298986707,-0.959943302451724,38
69,9.51533194403096,2.09091948318809,-0.54621937900196,8.98010453077463,0,0,2.13574654523032,-0.225553861720297,0.0956180313864355,-0.0883890537070541,39
69,9.89877939863054,0.234705806011071,-1.08621209192247,9.86816273469729,0.0241096144386469,0.0273037359064672,0.773824999543136,-0.799128857725908,-0.467962160614549,-1.8039933824797,40
69,10.0029770765109,0.584674251805228,-0.974532200219725,9.86816273469729,0.0223789574615733,0.0281762446223376,0.609997798764934,-0.885831937153781,-0.839784564680867,-1.98340538181661,41
69,10.319738017267,0.859831104858196,-0.680351757323322,9.86816273469729,0.0171177602512669,0.0308286711185841,1.07186238052681,-0.289726911469701,-0.689232429162863,-0.62007587610226,42
69,10.5698124441798,1.12738007761931,-1.05634898372993,9.86816273469729,0,0,1.44153191940975,-0.04596912817185,-0.407744374710982,-1.51085910381532,43
69,10.9699315272403,1.79680298533836,-0.612229169664272,10.9119632430894,0.023655321470447,0.0275327671816211,2.1897888528293,-0.0130971207945958,-0.00583766812839902,-0.459809157436722,44
69,11.1658231616553,1.78440099870989,-0.0188706073636187,10.9119632430894,0.0204016863535566,0.02917308356747,1.77333147045258,-0.416765862680512,0.496447700073821,1.13270611409333,45
69,11.3742185174159,0.96615761889731,0.738986210274616,10.9119632430894,0.0169403723993983,0.0309181009991992,1.36210939060966,-0.175901593209052,1.36768546462207,0.795775970577079,46
69,11.7159869008634,0.94611737071406,-0.152430709793499,11.545747082102,0.0217905628822204,0.02847288306985,0.688408588303085,0.76650454186625,0.949506847594502,1.56193315898599,47
69,11.982732956237,0.0545978322776913,1.23319195185107,11.545747082102,0.0173600810209173,0.0307065053824918,0.557920336587017,-0.722667366135229,1.7485263247123,0.574458713647824,48
69,12.0660910985412,-0.0742964482948034,0.791050503837343,11.545747082102,0,0,0.593007580639808,-0.185063167254498,1.40978462338895,-0.547118832558554,49
69,12.4620422744865,0.671545383421784,0.0799004555735906,11.545747082102,0,0,0.678695257363193,-1.78627414445595,0.806299542372995,-0.713380811746953,50
69,12.5787436737124,-0.258611505459696,1.31817492426424,11.545747082102,0,0,-0.0612759194843919,-2.69280377336492,1.74980087277159,0.72547068426681,51
69,12.9080083358142,-0.0620824900946143,-0.0349884413878448,11.545747082102,0,0,-0.0219891912257516,-1.49198558513126,0.412531707634681,-0.911746526557947,52
69,13.1539148556118,0.238419733407471,0.509729821898098,13.0672184853832,0.0231781662821572,0.0277733244186245,0.730850107117483,-0.475104444323357,0.757491368561325,-0.196678682788439,53
69,13.3498064900268,0.881663743683678,0.91677854332918,13.0672184853832,0.0199245311652566,0.0294136408044612,1.54905411813756,-0.591973777653099,1.20442786760403,-1.10082383862519,54
69,13.5331944030962,-0.0749804251329171,0.475343373812387,13.0672184853832,0.0168785748856139,0.0309492561444065,0.327532535654911,-0.445698189272042,0.84142489977436,0.443315491745636,55
69,13.9874962786544,1.31439739003027,-0.436491064767722,13.9653616201249,0.0242504951389681,0.0272327110641342,1.4710790591919,-1.36021504040939,-0.142628099881075,-0.159129068430197,56
70,0,-0.806432653485062,0.904527646698661,-Inf,0,0,-1.370371708917,-0.09477635328402,-0.164069055819064,0.493658080801841,0
70,0.14587674903245,0.348172213091769,0.97468882582447,0.0181902093929239,0.0224973457099026,0.0281165593237025,-0.0953322993081261,-0.555135724752299,0.216053549632342,1.0350497968809,1
70,0.362607919023519,0.85468516270755,1.83276257775218,0.0181902093929239,0.0188975791975869,0.0299313774527141,0.420575295405301,-0.392626733480826,0.885479433250742,2.39080488660162,2
70,0.729383745162251,0.511982979742966,0.824787924664922,0.676486468988542,0.023739547678895,0.0274903046359305,0.120762770705373,0.249253286557086,0.316853953909371,1.42737760135529,3
70,0.758559094968741,0.249572969701944,0.935091984954577,0.676486468988542,0.0232549637253142,0.0277346070763749,-0.816971106942367,1.2874836455261,0.423622472714111,1.14389242466482,4
70,1.18785352783567,1.29349603900454,1.32295786659454,0.676486468988542,0,0,0.453072518051732,0.447353774062509,0.698090326246951,2.1410349576464,5
70,1.40875260494195,2.19365577702307,0.303871087842828,0.676486468988542,0,0,0.934677044633757,2.28982804425959,0.337547242850042,0.0510740483621054,6
70,1.56296516820482,2.09800937321976,-0.301656801266743,0.676486468988542,0,0,1.24119293524067,1.32982704700908,-1.25205934202128,0.728297674087561,7
70,1.91723727299792,1.27793553205074,-1.11412347652388,0.676486468988542,0,0,0.300490096858182,0.0353428209195655,-1.82456505511563,-0.433997659560011,8
70,2.02143495087824,0.811476461139141,-1.52687622002984,0.676486468988542,0,0,0.332439574186098,0.463130830559649,-1.85008354535702,-1.14839154083917,9
70,2.45489729086038,0.954505071535201,0.603038999978793,2.15257490956798,0.0195967557548078,0.0295788883990271,0.30929571261051,-0.555129861558252,0.0568828253411968,1.55368635869678,10
70,2.721643346234,0.221586779200804,0.816891655853994,2.15257490956798,0,0,-0.558235327456441,-0.932133859893556,0.165483973099924,0.65239988188604,11
70,2.7883298600774,0.0355043530304253,0.728871927945458,2.15257490956798,0,0,-0.674118236164728,0.744247263356186,0.155539827608711,0.795989031099932,12
70,3.22179220005954,0.0210122066329495,2.17082620027586,2.94236072985849,0.0199769591892581,0.0293872092767303,-0.711287673755349,0.609881801998773,1.14802082311347,1.40224214012068,13
70,3.33432569217029,0.343020434336526,2.07844193706437,2.94236072985849,0.0181078496540171,0.0303295186898706,-0.674323931326158,-0.4351274543496,1.15192121222585,1.33801033208094,14
70,3.6635903542721,0.0886646542539077,1.93842303797112,2.94236072985849,0,0,-0.485112884245894,0.184197721491296,1.24347028538039,1.04793671248428,15
70,3.80113128907413,0.0777608076380468,1.05734822800248,2.94236072985849,0,0,-0.898365090336431,0.918200501957837,0.292553512978702,2.35022928873094,16
70,4.16373920809765,-0.645725991168542,0.73115482863953,4.07741035229276,0.0231842704623558,0.0277702470032372,-1.57378517935193,-1.12650768271342,-0.255550465631923,0.847448319262968,17
70,4.32628758559095,-0.41730482175696,0.999069345681136,4.07741035229276,0.020484445578118,0.0291313605999955,-1.34758158801076,-0.0937956537611406,0.0286917037096119,1.36101074387902,18
70,4.61804108365585,0.931059993054983,1.1931082456897,4.07741035229276,0,0,0.237456413314534,1.40683527004423,-0.147916889320228,0.848340298759533,19
70,4.95564155998809,-0.484105469134865,-0.728669565908188,4.07741035229276,0,0,-0.987718142104517,0.522470267684833,-1.41879702095679,-1.88972307074315,20
70,5.15986900863352,0.727581625397864,-1.07474385670368,4.07741035229276,0,0,0.0506233963347758,1.20487409257244,-1.75219330734678,-0.819880826098178,21
70,5.41411134266151,0.319227334678044,-1.44571489364883,4.07741035229276,0,0,-0.388153228186153,0.723481331393184,-2.2323373975819,-1.77132065161198,22
70,5.68085739803513,1.55149599432074,-1.08026813042004,5.45098375262728,0.0208000830533573,0.0289722323314542,1.00758094270877,1.20790085803642,-2.52685291556923,-0.649622783204949,23
70,5.93509973206311,1.89099356042264,0.175130953405825,5.45098375262728,0.0165772800292944,0.0311011535981787,0.736042052405439,1.50325691677824,-0.819493863359004,0.5812765943258,24
70,6.07680857398035,1.71099989661882,-0.182740938152784,5.45098375262728,0,0,0.568835097314896,0.364661581824548,-1.15523057243622,-0.000865666231105844,25
70,6.42274486454302,0.873165312265953,0.82374352940465,6.26320905612173,0.0219683496674461,0.028383252067453,0.078140666344659,-0.183543853947042,0.237032685070885,0.311435444811917,26
70,6.58946114915153,1.16013006079351,1.82089396963051,6.26320905612173,0.0191992985041254,0.029779266012846,0.447159689004722,0.422749296609206,0.906696369993304,1.73733488476628,27
70,6.95623697529027,0.405449667814846,0.839243364689454,6.26320905612173,0,0,-0.332313992450054,-0.10122037751689,0.18125249424161,0.790567946573946,28
70,7.24382256623995,-0.182795219590317,-0.244387541993738,6.26320905612173,0,0,-0.808488350424886,1.25296838111393,-0.667074634006861,0.0199142308556214,29
70,7.3563560583507,-1.06397846989199,0.489467285885624,7.30154579369029,0.0237077741601477,0.0275063232187058,-1.62927207588647,-0.779151589190336,-0.210873400324632,0.388357905616591,30
70,7.70646025602858,-0.118154133841093,1.90962189235055,7.30154579369029,0.0178927667171768,0.0304379525040317,-0.858723743061202,0.436733020349205,0.836560460957587,2.45696614521844,31
70,7.91485561178922,0.560852063027696,0.551379857893099,7.30154579369029,0,0,-0.56492809678887,0.374707041999275,-0.159126342251731,-0.242723654189792,32
70,8.08573980351295,-0.423394720970571,0.539182216087418,7.30154579369029,0,0,-1.20417709476689,0.646441446695382,-0.0304363794486911,0.187676201920142,33
70,8.29413515927359,0.983712151877228,0.0405526645582225,7.30154579369029,0,0,0.488100413610494,-0.0516572520940883,-0.327975320743009,-0.0745231591967871,34
70,8.6525751711819,1.22419926598065,-1.05787164955582,7.30154579369029,0,0,0.253850746220664,0.728577448181985,-1.46699532686876,-0.65366463045309,35
70,8.84013099136648,0.859438889415886,-0.310017477629117,7.30154579369029,0,0,0.201247901252923,0.339563101567053,-0.861323718559836,-2.11782595624984,36
70,9.04852634712712,0.998030971430206,-0.433164194438483,8.95035884809644,0.0229876381485255,0.0278693789571282,0.239151827974415,1.01792892324764,-1.53143914381675,-1.01965885442936,37
70,9.34861565942245,2.64115644004592,-0.480536678810025,8.95035884809644,0.0180033460545495,0.0303822040588367,1.71439360081224,1.43234776638388,-0.992396519367644,-2.2929774436521,38
70,9.71955939267639,1.01954747778045,-0.890205237700029,8.95035884809644,0,0,0.186933933401163,0.272447733717566,-1.51165835959497,-0.937698744672615,39
70,9.91961893420661,0.622414789228376,-0.971688393867889,8.95035884809644,0,0,0.0433450238479804,0.432913934324272,-1.81978501317287,0.0535313185902638,40
70,10.0613277761238,1.26444938533286,-0.702201587033563,8.95035884809644,0,0,0.660008521979477,-0.149008634062311,-1.07863471144669,-1.16147793979593,41
70,10.4072640666865,1.27764388177583,-0.383996055123757,10.0904211759406,0.0193555793532985,0.0297004772032513,0.481691838428143,0.616080739755977,-1.32069642012202,0.370119562113606,42
70,10.749032450134,0.911596107212884,1.24887111070186,10.7090463099589,0.0239539934136957,0.0273821920664352,0.362391625076735,0.738208186132807,0.872780781734118,1.4759749308905,43
70,10.9282524560881,0.39765566208132,1.13626001005868,10.7090463099589,0.0209772634131367,0.0288829070577449,-0.365006128131591,-0.516504716774763,1.14016001096774,1.65370388503431,44
70,11.1658231616553,1.53344376510824,0.480127410148087,10.7090463099589,0.0170313655054051,0.0308722269299304,0.625147703027022,1.47603781764696,0.0106529462499722,1.7171361526851,45
70,11.3242036320333,2.09686656241577,-0.248173485605246,10.7090463099589,0,0,1.1687054451315,1.3414641412738,-0.993527111106996,0.0858652973688879,46
70,11.6493003870199,-0.292253996125107,-0.196614056250299,10.7090463099589,0,0,-1.26988352805087,0.22124546940846,-0.811809673810406,-0.610736396409028,47
70,11.924382256624,0.3156786161168,0.194993388766334,10.7090463099589,0,0,-0.522572823655309,0.167920292562892,-0.141810899703206,1.14919531116214,48
70,12.061923191426,1.34526732977335,0.158185463937071,12.0051223935595,0.0236747126730603,0.0275229911292227,0.713883086010042,0.497796069849178,-0.345246422940703,1.28639249367401,49
70,12.3245013396844,1.2042460043568,0.557378988148619,12.0051223935595,0.0193134570908336,0.0297217130932169,0.389826223260475,1.00807906974849,-0.247011611808313,0.55034903335876,50
70,12.6954450729384,0.703196585931346,-0.788030342048074,12.0051223935595,0,0,0.0668526676441544,-0.680097195011853,-0.795812373999587,-1.89484979329765,51
70,12.845489729086,-0.371447037952319,-0.924043850626296,12.0051223935595,0,0,-0.783607517269219,0.515604558008212,-1.43334721857715,-2.01417884457159,52
70,13.0163739208098,-0.250368099560443,0.204294223959316,12.0051223935595,0,0,-1.07411448663265,-0.171314287819081,-0.0288433437120069,0.36263489455842,53
70,13.3664781184876,2.70374771468628,-1.04392199279135,13.2085585585348,0.0219951945237317,0.0283697182641566,1.54889452217869,2.16543414122244,-1.36571140420983,-0.480226656781182,54
70,13.7332539446264,0.90510752978066,0.942536953486451,13.2085585585348,0,0,0.399598837773797,1.46272044611272,-0.0800857803351303,2.61196116341691,55
70,13.7874367371241,0.944618278203462,0.469614920340206,13.2085585585348,0,0,0.130098032044171,0.306363385980253,-0.163733952895277,-0.200759334521999,56
71,0,0.80138704930966,0.188636683989897,-Inf,0,0,1.57690198316506,0.820446557140997,0.0314189946680565,-0.873545234446183,0
71,0.137540934802024,0.562889985729793,0.27124566837149,-Inf,0,0,0.889040613750063,1.40547718117082,0.208904058032391,-1.12975196117653,1
71,0.43763024709735,0.463364685286669,0.913379113615709,0.347129690588918,0.0231149811741899,0.0278051791178275,1.12272277445633,0.349474567606561,0.267457902928579,0.848058914044225,2
71,0.658529324203632,-0.194617695667304,1.41288414343448,0.347129690588918,0.0194459883827906,0.0296548975954734,0.957922350797892,1.3623476291633,1.39214227754112,0.27596616523755,3
71,0.816909794581721,-0.396350476458752,1.35548161435115,0.347129690588918,0.0168153897776365,0.0309811108435971,-0.24668944603012,0.918561793955246,1.45770141755799,-0.778849848253582,4
71,1.14200654956832,-1.09716142210703,1.5119519367776,0.347129690588918,0,0,-0.206680076951285,-0.409964195854945,1.21225933741264,0.87649320985459,5
71,1.35456981244418,-1.29833884489756,3.16620865079504,1.23796876994714,0.022681468747615,0.0280237339069239,-0.369789896608767,-0.661243627346533,3.17230029234276,2.442095190927,6
71,1.66716284608514,-1.08615744071415,3.23205959316243,1.23796876994714,0.0174894978163906,0.0306412600545357,-0.121746707847094,-1.31382709269444,3.51254985725961,2.2796072773711,7
71,1.95474843703483,-0.835396822818959,2.35073942647114,1.23796876994714,0,0,0.051105218963269,1.23922137272204,1.42372769499874,0.985303432123563,8
71,2.03810657933909,-1.46124588162222,2.68782859128957,1.23796876994714,0,0,-0.291746890096902,-1.4092788321282,3.17815577875571,1.47588435691289,9
71,2.32152426317356,-1.0718285213944,1.97378691801588,2.30003915195926,0.0242612837056258,0.0272272720207207,-0.646573934376151,-0.198716286999875,1.96982897519176,1.29847160188402,10
71,2.53825543316463,-0.601888401149547,2.24076438999492,2.30003915195926,0.0206615171933116,0.0290420901497352,0.127308571989869,0.328123513359203,2.09346768604226,1.9716526057518,11
71,2.77999404584698,-0.663712607088712,2.38513650745757,2.30003915195926,0.016646393006499,0.0310663103705555,-0.219243587153449,0.272805116107021,2.33230270621956,2.4529812650344,12
71,3.23429592140518,1.13927857099731,1.04896346199588,2.98631708048678,0.0204993673025917,0.0291238378298351,1.58281056343276,0.894846151311186,1.37284802297269,0.577108989548888,13
71,3.25513545698124,1.09111043481427,1.02221847163496,2.98631708048678,0.020153235907178,0.0292983395730122,1.41372815108199,1.13041924453272,1.01814179772112,0.387896862126299,14
71,3.65108663292647,0.285508852988437,-0.0981044314432702,2.98631708048678,0,0,1.08762410562469,0.618706130760678,-0.464467773868257,0.514545969100783,15
71,3.85114617445668,0.992355307942552,-0.0269122465711224,2.98631708048678,0,0,1.39345538605035,0.748084825995757,-0.00651094763087784,-0.432888825437555,16
71,4.03870199464126,0.82890665826306,0.101958228500306,2.98631708048678,0,0,1.47140905852411,-0.172903376218699,0.187716103092078,0.816584490984946,17
71,4.40547782077999,0.029210218425104,1.46966473123093,4.34831271429295,0.0236686617392179,0.0275260417005376,0.716718038971881,0.130164336904575,1.53355378554849,2.22197353274978,18
71,4.61804108365585,1.06530646149484,0.97841659647334,4.34831271429295,0.0201381215059852,0.0293059594809142,1.71125821604755,0.716441760230114,1.01927212421197,-0.394970193186043,19
71,4.96397737421852,0.747269730719784,0.240274263403544,4.94192425686902,0.0242518494859702,0.027232028271666,1.27036422863607,1.63627943096668,-0.196871759318559,-0.176344335048015,20
71,5.10985412325097,1.74015347168543,0.463644737250945,4.94192425686902,0.0218289297180655,0.0284535404738853,2.13954776872827,1.35852926144826,0.741166317705951,-0.392277314894188,21
71,5.45162250669842,2.18248879559015,-0.294937259437647,4.94192425686902,0,0,2.65140698515764,0.828765232433355,-0.73256578291617,-0.315680072493363,22
71,5.5724918130396,1.48133588568026,-1.09614550827119,4.94192425686902,0,0,2.04455320369664,0.839200635972212,-1.45717067735214,-1.00982330415791,23
71,5.98928252456088,0.508502380708522,-0.532415851390036,4.94192425686902,0,0,1.03842635670694,1.74560957842761,-0.487547954404882,-0.330107748114119,24
71,6.14349508782376,-0.798890872361767,0.642156437315306,4.94192425686902,0,0,-0.459772347194929,0.286439393112191,0.400133345628815,1.1732887892096,25
71,6.47692765704079,-1.01138036788481,0.701520093081727,6.47525094143437,0.00993002257087761,0.0109753891340154,-0.537770642920907,-0.881854790933634,0.633040506542179,1.13854833598668,26
71,6.55611789222983,-1.05192444688961,1.5145122951851,6.47525094143437,0.0232749892212085,0.0277245112457524,-0.0319040998142504,-1.0264146677741,0.140874965878599,0.221030363656671,27
71,6.87704674010122,-0.0947528580520543,2.50146134966905,6.47525094143437,0.0179445657318175,0.0304118380906349,0.717627590317438,-0.733344123114392,1.95969488701658,1.0464407315874,28
71,7.18963977374219,0.166284234832406,1.52030703715323,6.47525094143437,0,0,0.994506296354826,-0.355770665344453,1.31073833919139,1.09862490808014,29
71,7.41470675796368,-0.324224700068379,0.404968020681413,6.47525094143437,0,0,0.255471795156603,0.197002431707304,-0.0542249564162243,0.312963995570372,30
71,7.5814230425722,-1.06263914874353,-0.702809579096239,6.47525094143437,0,0,-0.748037952181279,-0.643082105173428,-1.13914797974226,-0.559879349843935,31
71,7.89818398332837,0.22831787016395,1.12897758558228,7.76885261492481,0.0224700261531285,0.0281303324466936,0.604845725952069,0.738851868743001,1.19313101114594,1.04936913833089,32
71,8.14409050312593,0.917021044202655,0.76401816199146,7.76885261492481,0.0183856756872285,0.0301894530161426,1.56778498351912,1.44235915042651,0.336430818542783,0.34320943924294,33
71,8.30663888061923,0.371854537737843,1.14244265315687,7.76885261492481,0,0,1.00632009805683,0.207028392994631,0.729910343814206,0.810346502053163,34
71,8.51920214349509,-1.62382225782961,1.10447832292488,7.76885261492481,0,0,-0.932623787471652,-0.491758108697482,0.827702901092317,0.168288055311887,35
71,8.78594819886871,-1.36430732118074,1.12420564769736,7.76885261492481,0,0,-0.71998719134838,-0.505299408831445,0.436819609310741,0.327005496828763,36
71,9.20690681750521,-1.68184575979018,1.63082725999152,9.05677013158297,0.0221244630978193,0.0283045476618515,-0.907012684233914,-0.187774611905192,1.41423825609363,0.0662213317072651,37
71,9.27359333134862,-0.42695850057292,2.06785906746995,9.05677013158297,0.0210168426324921,0.0288629532400094,0.674137769047341,0.642426229966305,1.83459733110835,0.885081308410181,38
71,9.5278356653766,-0.441237585302058,1.25270897510334,9.05677013158297,0.0167940396084375,0.0309918745067462,0.136321784730199,0.548011446741357,1.18515126189086,0.198598192066237,39
71,9.7862459065198,0.287316366338183,-0.408354300007653,9.05677013158297,0,0,0.72518204545876,0.931671891324654,-0.929120538814507,-0.444324920911476,40
71,10.2238761536171,-0.0857283968331901,1.28942457238789,10.1219314612986,0.022924901376924,0.0279010076280453,0.433048746223388,-0.144112701705342,0.998327841787888,0.729986769821872,41
71,10.3114022030366,0.52039817138852,1.63244888758725,10.1219314612986,0.0214711495161826,0.028633914949377,1.0965594670638,1.42811647716208,1.62734464324243,0.966884436695386,42
71,10.6990175647514,-0.204238621499488,2.15467148738912,10.1219314612986,0,0,0.699502473439324,0.163113031741291,2.24824441168917,1.86256161100299,43
71,10.9032450133968,-0.801583218320982,1.57432546122482,10.8416111727532,0.023594438914826,0.0275634610517111,-0.0232563162449072,-0.120039240012521,1.40741850980788,-0.837398015168362,44
71,11.1074724620423,0.847928430758381,2.16243115178371,10.8416111727532,0.0202023512397598,0.0292735781348171,1.13404337187823,0.946924967623395,1.57183359881368,0.914771576977766,45
71,11.4325692170289,1.07141580655212,-0.0679816992793946,10.8416111727532,0,0,1.76393441054987,0.666361692350444,0.208692627885306,-0.649925997601271,46
71,11.590949687407,0.163663972049413,-0.399385646080262,10.8416111727532,0,0,0.72804189182706,-0.5128539595376,-0.171186473390609,-0.251307380049517,47
71,11.9327180708544,-0.193243312709098,0.606257970503673,11.6568770503894,0.0200365942695536,0.0293571443198939,0.582463015966908,0.022984085921484,0.929591104678794,0.612076974313647,48
71,12.0660910985412,0.264261375242502,1.85377430402907,11.6568770503894,0.017821353338889,0.030473955476196,1.13305174632278,0.78369094705865,1.72301271043976,-0.0655998868765564,49
71,12.3703483179518,1.01757669134593,0.582067196902954,11.6568770503894,0,0,1.90553232493137,0.559383467572673,0.8856745809073,0.187378593772658,50
71,12.5787436737124,-0.453571436557854,-0.349286963470866,11.6568770503894,0,0,0.170427910585432,0.083469624763971,-0.632462814492295,-0.74768933248046,51
71,12.8663292646621,-0.929206579358807,-0.360255241719367,11.6568770503894,0,0,-0.32606109816438,0.690332995833296,-0.468129942639565,-0.00449205725260549,52
71,13.1997618338791,-1.31109515241443,1.22646397630569,11.6568770503894,0,0,-0.313929279504218,-0.675131223406754,0.732132455515371,0.465881099327779,53
71,13.2872878832986,-1.28204022361906,0.754720801640801,13.2593024720921,0.0241533178683463,0.0272817028728669,-0.306953608064287,0.296103221175524,0.992366558146692,1.12883010957771,54
71,13.5165227746353,-0.294307916887228,1.73129555940903,13.2593024720921,0.0203458725187915,0.0292012220477942,0.658336841527389,-0.64279292242236,1.66845109195516,0.770245819827338,55
71,13.9749925573087,-0.501937494811507,2.79633581337961,13.7903985828045,0.0215521495097663,0.0285930788961933,-0.155448903636475,0.779443698397487,2.76788177999483,1.96523424913657,56
72,0,0.0352376810003903,-0.493322150116813,-Inf,0,0,1.23462832476417,0.171095208066882,0.280699502176873,0.656510473025316,0
72,0.179220005954153,-0.25944325470954,-0.979855147475994,-Inf,0,0,0.588827985127635,-0.3399716076733,-0.61722968047794,-0.684273880921907,1
72,0.491813039595118,-0.0241422641670225,0.182863714193189,0.424573832633905,0.0235013373551431,0.0276103980954887,0.835805860855913,-0.160640651867706,0.769517885560166,0.138412341055125,2
72,0.608514438821078,0.975621822314595,0.316365026793517,0.424573832633905,0.0215630015408191,0.028587607857264,1.43500900006702,-0.130857914705198,1.06619129978963,-0.0982921407499722,3
72,0.925275379577255,1.25452558939781,0.887310925871601,0.87610848059233,0.0373418255400792,0.05339159778793,2.13655161834281,0.803495861963329,1.91738263693616,0.563878092696885,4
72,1.04614468591843,0.691668273271132,0.506099391959486,0.87610848059233,0.0217939447715298,0.0284711780942691,1.28525182493686,0.150855364211377,0.778070633309106,-1.04720733732706,5
72,1.27121167013992,0.891369787161726,1.27775840671956,0.87610848059233,0.0180557257010477,0.0303557969205501,1.79816949332039,0.559189699895179,1.69564685100676,0.694392335344524,6
72,1.58380470378089,0.804106604269136,0.302386035769309,0.87610848059233,0,0,1.75710688492173,0.0554282886665319,0.751094732923115,-0.029823963426482,7
72,1.98392378684132,-0.542682443801973,0.24878503055002,0.87610848059233,0,0,0.289837141555597,-0.323319492173032,1.01111193598036,0.654761600277334,8
72,2.14647216433462,-0.0535889975793028,1.95589775584505,0.87610848059233,0,0,0.53932886445414,0.779654049805335,3.35128413229545,0.44911585928948,9
72,2.27150937779101,-0.371748723475684,2.19702929708205,2.26961580330613,0.0112089826831837,0.0123869583238123,0.246280649864377,0.557266910170722,2.13421774555723,1.59244798858135,10
72,2.54659124739506,-0.115113607840858,1.95051607547772,2.26961580330613,0.0200177522166375,0.0293666435190941,0.984600189975127,0.63083574968908,2.50116959359947,0.746206269878782,11
72,2.7549866031557,-0.442263205738819,2.82565809568606,2.26961580330613,0.0165564382624884,0.0311116609508352,0.490271060431782,0.509589904983343,3.25421048679342,2.62009565969356,12
72,3.06341172968145,-1.13207993486181,0.111709785530208,2.26961580330613,0,0,0.161209786679257,-1.02075065926046,0.630338341129566,0.826162742974306,13
72,3.48020244120274,-0.303688896799635,-0.420334516453998,2.26961580330613,0,0,0.564742076172862,-0.648840492044347,0.0603716802190459,-0.846463709160351,14
72,3.59273593331349,-0.583934957905132,-0.487318550387659,2.26961580330613,0,0,0.343549705667042,0.186051527334519,0.21170395706321,-0.316434930461648,15
72,3.89282524560881,0.53298893269511,0.811319626223843,3.63287415154672,0.0203005158132305,0.0292240885784983,1.16971879935108,0.720657931311791,1.54775087543998,0.432322124175509,16
72,4.17207502232807,2.50186686522843,1.28294120483648,4.00461674776609,0.0218367625574349,0.0284495915569651,3.03210501455591,1.25934367250055,1.56011439032029,0.697496742210869,17
72,4.3096159571301,2.77115749058863,1.51774908786923,4.00461674776609,0.0195522953476968,0.0296013030619144,3.68652195803491,1.13269101162694,1.75186778171503,0.676064277346503,18
72,4.67222387615362,1.29502566812501,-0.487682941375241,4.00461674776609,0,0,2.14110850779702,0.872067071472929,-0.422940110942583,-0.11173486747295,19
72,4.80559690384043,0.284564934618056,-1.05694131292863,4.00461674776609,0,0,1.23998354566503,1.05928250018756,-0.76659940746412,-0.868008871306859,20
72,5.00565644537065,1.95138553606009,-1.17869284814752,4.00461674776609,0,0,2.61317088367254,0.722340711065437,-0.0911759748065786,-0.176569685804643,21
72,5.45162250669842,3.700710177348,-0.969312290191979,5.09762439072634,0.0187384547581994,0.0300115998550231,4.01286721427972,1.73282674622339,-0.242420195870639,0.326617310116358,22
72,5.61000297707651,3.24425909138772,-1.22987604112239,5.09762439072634,0,0,3.69792229777786,1.17464781263004,-0.453532031519767,-0.128577175723641,23
72,5.75587972610896,2.35863547341226,-2.08599263902546,5.09762439072634,0,0,3.12322142933573,1.13805945653072,-1.76643481577248,-2.17417400769697,24
72,6.00595415302173,0.646211051700436,-1.26501585402483,5.09762439072634,0,0,1.147603333207,0.239558998970701,-0.423797581526518,-0.795130261766763,25
72,6.26853230128014,0.537751159888414,-1.40974591108579,5.09762439072634,0,0,1.08336811388074,-0.164124141885902,-0.803851394679933,0.299272592295822,26
72,6.67281929145579,1.38135851445036,-0.839432974149898,5.09762439072634,0,0,1.83250913212858,1.15413231607506,-0.160549761288673,0.0518782745545352,27
72,6.93122953259899,1.4951108881118,-0.00308026656906905,6.84433833736783,0.0231749303631188,0.0277749558034779,2.10851605567243,0.419171551554664,0.398013056215764,0.903010244623781,28
72,7.17713605239655,2.72204189548676,-0.339053712349537,6.84433833736783,0.0190905798972225,0.0298340763729328,3.08452147124476,1.14028508651923,0.987649798351465,-0.428224946195535,29
72,7.29383745162251,3.640790968758,-1.01983970093476,6.84433833736783,0.0171522440828985,0.0308112861347083,3.89515665569888,2.42079687081966,-0.661067949872258,-0.646083175624778,30
72,7.66478118487645,2.85769884928806,-1.7706782778812,6.84433833736783,0,0,3.36241505754287,1.87450850225298,-1.16081064102625,-2.178878133652,31
72,7.95236677582614,2.03453204436939,-1.2497502070784,7.79472525966031,0.0219998126537157,0.0283673900392681,2.65489531109248,1.5727598913762,-0.844041391013714,-0.228638043421726,32
72,8.03989282524561,2.46180685670047,-1.11500631844793,7.79472525966031,0.0205460607929688,0.0291002973605936,2.98063046548373,0.762973735909643,0.164216104961462,-0.575036063436951,33
72,8.40250074426913,2.40067472764844,-0.560288274277293,8.36249003914149,0.0239535854054992,0.0273823977632963,3.16646331631354,0.972285205723688,-0.270939881106185,-1.52361634117227,34
72,8.59839237868413,1.32223692890264,0.0616992281434019,8.36249003914149,0.020699950288608,0.029022714149145,1.989542868358,0.0347624174901026,1.2306799992764,0.225101405233221,35
72,8.96933611193808,0.583135119913044,0.138693258970867,8.36249003914149,0,0,1.33592982380021,0.818657005915596,1.16780467380701,0.500899675053959,36
72,9.2360821673117,0.451100598408177,-0.773446178873121,8.36249003914149,0,0,0.927104161046401,1.37882822967465,-0.828268535726929,-1.81777016016095,37
72,9.28609705269425,0.231290015455782,-0.584517653141191,8.36249003914149,0,0,0.71547258074136,1.11262220343414,-0.482373289007527,-0.74275160444946,38
72,9.68621613575469,1.50518130343188,-0.630931606275111,8.36249003914149,0,0,2.20228798126016,0.753587173873007,-0.434036943792622,-1.45111402488136,39
72,9.9821375409348,1.63907041282888,0.430070633593997,9.73784618268972,0.0205606140380845,0.0290929603588794,2.32820257541149,1.11495280359339,1.09614695964595,0.603107952933207,40
72,10.2197082465019,1.90339384449185,0.380100636366313,9.73784618268972,0.0166147161303622,0.031082280231077,2.67659447477371,0.554928286802571,1.01666536458458,0.687673244658569,41
72,10.3114022030366,1.8558580642131,0.208954446049477,9.73784618268972,0,0,2.29140365842753,1.33892779007749,0.733804881777248,1.23603109190172,42
72,10.5864840726407,1.27958375498728,-0.213011989358075,9.73784618268972,0,0,1.88573591182087,0.200000098901797,0.20067660765465,0.416038163415592,43
72,10.8782375707056,-0.117642615899409,-0.515473494326147,10.8674165602594,0.0244384076183165,0.02713797520475,0.7787551817518,-0.0586332157594175,0.425492355256058,-0.944469484920855,44
72,11.1158082762727,0.161301234387314,1.56337552581609,10.8674165602594,0.0204925097105757,0.0291272950769239,0.846024764027076,0.835879315318249,2.27481985820132,1.73585002182459,45
72,11.4325692170289,-0.521261711081939,1.51454629507849,10.8674165602594,0,0,0.32252136235536,-0.837005894304038,2.02474742738732,1.85919261319636,46
72,11.5534385233701,-0.683060047004888,1.34244519026554,10.8674165602594,0,0,-0.179127388616211,0.663424788756889,2.42887354812587,0.89099960700112,47
72,11.9785650491218,-0.281368391944784,0.221960829922417,11.9686925978203,0.0244541625807511,0.0271300323586214,0.46615101320323,0.142161085610972,0.515546033889968,0.667925310652023,48
72,12.0369157487347,0.168672328496823,-0.231786107445015,11.9686925978203,0.0234849946735896,0.027618637239509,0.84352355927959,0.23050768286553,0.718911291322557,0.164705502338203,49
72,12.3453408752605,0.311796808599914,1.51417637490653,11.9686925978203,0.0183622500214563,0.0302012630384985,1.00682498093152,0.24941469576325,2.3802736761104,1.12791371702863,50
72,12.7371241440905,0.725317677015027,0.865843268858005,11.9686925978203,0,0,1.4708453109232,1.01454807861493,1.33878435149089,-0.140264239493078,51
72,12.9746948496576,-0.011223985369755,0.769033155160186,11.9686925978203,0,0,0.639166518308542,0.64627285371424,1.30160867704082,1.27177742956005,52
72,13.0163739208098,0.0279833242300726,0.843069293067418,11.9686925978203,0,0,1.21352954377235,0.739163829171763,1.55721419426599,2.61570977411376,53
72,13.4623399821375,1.73405634293684,1.41516506263977,13.0727446339111,0.0181472074327397,0.0303096765111828,2.31755117322928,0.965459383177203,2.0837142198761,3.22060955914121,54
72,13.5165227746353,1.40719152333383,1.21310858661721,13.0727446339111,0.0172472658046685,0.0307633810434486,1.96682060879598,1.08110298658641,1.46008753127714,1.5331756859552,55
72,13.9541530217327,2.12910042639529,-0.178483440599055,13.6956422496587,0.020324438642889,0.0292120279115724,2.69934699084196,1.15492790909309,0.403027615594979,-0.758796723823095,56
73,0,0.196998766312493,0.108197747219075,-Inf,0,0,-0.36162465087076,-1.28543443282167,-0.1518964807947,-0.339925415676779,0
73,0.0458469782673415,-0.089965153283691,0.0665947830158591,-Inf,0,0,-0.638568061135136,-1.53544886654125,-0.896669794121981,-0.00715978811330481,1
73,0.304257219410539,-0.101979173855899,-0.705068896490956,0.221288511611056,0.0232400803777752,0.0277421104988443,-0.406364648998512,-1.4071441849576,-1.67556276274234,0.083830957838589,2
73,0.61268234593629,0.733153937904906,1.4751361369105,0.221288511611056,0.0181173357256353,0.0303247362978218,0.489437873690719,-1.0369828411312,0.186756329407173,1.11588510545677,3
73,0.841917237272998,-0.446544258570712,1.76963301877664,0.221288511611056,0,0,-0.702453182039342,0.0596665386478685,1.13617469770444,1.8768972516725,4
73,1.24620422744865,-0.818504385883562,2.10022831398262,0.928736004347985,0.0193451929816977,0.0297057134805036,-1.48029287010346,-1.58574528314895,0.866046556327735,2.14245573306857,5
73,1.34623399821375,-0.736360513889586,2.33803928886226,0.928736004347985,0.0176837622837057,0.0305433218477385,-0.845514941176429,-1.55816439096041,1.19862470369379,1.94868985450318,6
73,1.73384935992855,0.264656121257898,1.46734468936082,0.928736004347985,0,0,0.102776594222576,-0.050852098327678,1.01246452301975,2.3916185387271,7
73,1.83804703780887,0.682381667081725,-0.00900221690860117,0.928736004347985,0,0,0.486967799761622,-0.943785112936757,-0.63222970620472,0.514847137319797,8
73,2.15480797856505,0.0881563460460863,1.02877900065505,0.928736004347985,0,0,-0.432888747766917,-0.269952937717396,0.713979920702665,2.33995308626568,9
73,2.3965465912474,-0.188373382158256,1.31022110413072,0.928736004347985,0,0,-0.490907576588382,-0.75263370415589,0.48767025183906,1.76717479189621,10
73,2.51324799047336,-0.30204022961792,1.35071232788856,0.928736004347985,0,0,-0.745346366707526,-1.47127375899194,0.585463879419088,1.08216076953305,11
73,2.84251265257517,0.84941873872303,1.60811106458855,2.54911110887411,0.0197449251778972,0.0295041889555298,0.457660985027465,0.0379881223552621,0.484676896013843,1.11609072802994,12
73,3.10925870794879,-0.222188200059225,0.220891255926957,2.54911110887411,0,0,-0.464192540479177,-1.30054902292314,-0.82526305292025,0.351640431392987,13
73,3.45936290562667,0.198935682764468,-0.796898765101554,3.43436428962204,0.0242029266318117,0.0272566926720748,-0.196490627866926,-1.06637575411612,-1.39333161811595,-0.191010931696162,14
73,3.68442988984817,1.13476570512564,1.02039207399186,3.43436428962204,0.0204647075613295,0.0291413114983559,0.439007813637989,-0.584377674691303,0.627172329099288,1.0275647717201,15
73,3.78029175349806,0.943205962216459,0.954565200287813,3.43436428962204,0.0188725031424216,0.0299440195169565,0.303864854069681,-0.748161505873241,-0.338807695345508,0.989802361860903,16
73,4.20125037213456,1.35364341357071,-1.15210722124732,3.43436428962204,0,0,0.794882428207011,-0.548770827495352,-1.91494767612425,0.71807844068649,17
73,4.46382852039297,-0.305098655544235,0.747859697338279,3.43436428962204,0,0,-0.808069572965591,-0.907470484981785,-0.465424904636844,0.571560722066425,18
73,4.50133968442989,-0.57975806848227,0.997058046941322,3.43436428962204,0,0,-0.842291981521731,-1.47684902818112,-0.0182008237319348,1.27577993552261,19
73,4.83477225364692,0.468835425688128,0.795368069049303,4.66515552796638,0.0218009120609182,0.0284676655433727,0.390642028111302,-0.996979249063998,-0.0693268402111508,1.62939826905562,20
73,5.18904435844001,1.26503092306182,1.69257019856869,5.0545685090035,0.0223845796040866,0.0281734102256922,0.574360251441594,0.228753649610138,0.858968251916949,1.22628471118514,21
73,5.42661506400715,1.64634741404251,1.49884788584296,5.0545685090035,0.018438681696355,0.0301627300978772,1.17601271417238,0.399670688018949,0.764072462378211,1.99621755796461,22
73,5.55165227746353,1.00395986134342,1.37716364476337,5.0545685090035,0.0163618933238654,0.0312097405569223,0.746838635716863,-0.4912310105514,0.962481497304136,1.65579279117234,23
73,5.81839833283715,1.06888495529369,-0.0280197644492999,5.0545685090035,0,0,0.357021537959623,-0.321463463970852,-1.03393962626704,1.29614876143044,24
73,6.07680857398035,0.161939973771003,0.259893097638651,5.0545685090035,0,0,-0.0930891048588738,-1.52798644336361,-0.641297798019516,0.123389134384706,25
73,6.45608812146472,1.20561361719296,0.073236653398308,6.24954526628224,0.0211875925996884,0.0287768698412918,0.175707025304444,-0.495487152918728,-0.888601487785405,0.476898167624912,26
73,6.60613277761238,1.49903891552169,0.403277073148373,6.24954526628224,0.0186954465527009,0.030033282392146,0.724202577378316,-0.422202963334699,-0.314300423241236,0.204742285077579,27
73,6.97707651086633,1.14107211485093,-0.780884235288677,6.24954526628224,0,0,0.813098260388677,0.084189785022504,-1.44746670054012,-0.0706242137096218,28
73,7.18963977374219,0.0214109043472474,-0.466008015002591,7.17458340880604,0.0243680610813477,0.0271734403300954,-0.207903205915496,-0.634555512949911,-1.64868250223238,0.603364206558406,29
73,7.32718070854421,0.676473857812079,0.733497912154229,7.17458340880604,0.0220835938716087,0.0283251518350451,0.0524552255658442,-1.39876624306056,-0.147751427186136,1.10010317183044,30
73,7.63143792795475,-0.935559367006802,1.77343648110058,7.17458340880604,0.01703007549855,0.0308728772853881,-1.25653431854044,-1.74101955272064,1.44386388788336,2.32039124547252,31
73,7.75230723429592,-1.81928734209274,1.72582757863106,7.17458340880604,0,0,-2.38493489658029,-1.38147303267821,1.25229104237181,2.93012761620144,32
73,8.17743376004763,0.271749475961036,0.220932086514778,7.17458340880604,0,0,-0.208703730525601,0.459286720341268,-0.459575341138146,0.443816408310232,33
73,8.42750818696041,1.4436017047711,-0.0617439642768458,8.23188134029937,0.0213689005395037,0.0286854636528758,0.854813635599734,-1.49352800439388,0.017052198628929,1.25597225798779,34
73,8.51503423637988,1.12767919551535,0.742299672614949,8.23188134029937,0.0199151486787596,0.0294183709742075,0.784213152903669,-1.05999093328883,0.246466175427956,0.558789990651123,35
73,8.76927657040786,1.33397965182521,1.93848640255255,8.23188134029937,0,0,0.650731596224528,-0.737872049034624,1.07385469150101,0.830416112577048,36
73,9.06103006847276,0.45557896714588,0.0701683816510996,8.23188134029937,0,0,-0.133305174690953,-1.20525984513046,-0.864000308450114,-0.43679220674036,37
73,9.48615659422447,1.06681003282341,-0.419451257913514,8.23188134029937,0,0,0.523486353229747,-0.268627769369257,-1.05208518370498,0.649896566758128,38
73,9.59035427210479,1.07587631192455,-0.566170077310383,8.23188134029937,0,0,0.804061108224253,-0.222349441000789,-1.12333020013333,0.0767083459378967,39
73,9.8195891634415,0.994240036688702,-0.378542479291952,8.23188134029937,0,0,0.305099976997075,-0.746789821628811,-1.18801788585988,-0.581308863648839,40
73,10.0029770765109,2.64002681697992,0.0372647634960973,9.85389109426894,0.0221419146158587,0.0282957494991912,1.9886007669669,-0.0276026308685131,-0.697571132206646,1.17438914487465,41
73,10.319738017267,2.05876589396393,-0.230165694992961,9.85389109426894,0.0168807174055523,0.0309481759954377,1.400144675091,0.302814215753456,-1.02015210208544,-0.757678944085456,42
73,10.7448645430188,1.10307014223699,-0.575372426762126,9.85389109426894,0,0,0.441050902905547,-0.765970786814227,-1.52741719228079,0.0290918232428276,43
73,10.8198868710926,0.655776785064832,-0.978689671601245,9.85389109426894,0,0,0.39548129649565,0.126033555937355,-2.3428389263474,-0.824747285726836,44
73,11.0449538553141,0.597112578613623,0.972162423844141,10.8717349178211,0.0217410816200443,0.0284978289910359,0.254425542940655,-0.606963129244154,-0.0627287093974858,0.511960162583663,45
73,11.2950282822269,1.39769258520697,0.375655933733582,10.8717349178211,0.0175875048750567,0.0305918499091133,0.548664415724979,0.551503371666589,-0.746955369412558,0.979446125601135,46
73,11.7034831795177,-0.118426233608211,1.22309407241717,11.6911336001045,0.0244130190626241,0.0271507748157753,-0.55098262553934,-1.08460311594314,0.375477209481908,0.598716742911744,47
73,11.9994045846978,0.390574959180488,1.69604247108909,11.6911336001045,0.0194979532477301,0.0296286995688493,-0.177059556192617,-0.98148448171305,1.14773078070113,1.13178761416639,48
73,12.0160762131587,0.442894568295625,1.88630431725917,11.6911336001045,0.0192210481313895,0.0297683009633765,0.167335011820483,-1.36791751181877,0.739838735596777,1.51595243412874,49
73,12.4286990175648,0.492665504616881,0.95836564273248,11.6911336001045,0,0,-0.190913633064387,-1.60256032969062,-0.0708291446968922,0.204033273642327,50
73,12.7287883298601,-0.205358521464696,0.72687362538621,11.6911336001045,0,0,-0.848030418266381,-0.864251622285825,0.154813038262009,1.47010118799074,51
73,12.883000893123,0.619281322371433,0.471518615565529,11.6911336001045,0,0,0.124128151119319,0.179595758850517,-0.399428126613811,1.5939725092492,52
73,13.2080976481096,1.03106731561173,-0.0281074512443849,11.6911336001045,0,0,0.521713010934659,0.629153009137103,-0.85655105560371,0.180735635200243,53
73,13.3998213754093,0.720298065202754,-0.811720973862869,13.2979567197402,0.0229262307346384,0.0279003374339061,0.458436589131979,0.956917748395776,-2.05005573170809,0.660164160767319,54
73,13.6623995236678,1.23744112431635,0.167447251181267,13.2979567197402,0.0185649751524005,0.0300990593978885,0.543515683591013,-0.576506917955798,-0.842081526559145,0.881817215423147,55
73,13.9708246501935,2.61254092052546,-1.33528796002733,13.2979567197402,0,0,2.32044380410252,-0.239531565709124,-1.85210678086916,-0.383688654135626,56
74,0,-1.11208970758803,-0.109620894335346,-Inf,0,0,-1.58788252913958,-0.102917651596711,-0.694092658013254,-1.57983577126154,0
74,0.200059541530217,-1.19383384238236,0.31539060667204,-Inf,0,0,-1.13251433609419,0.327840861032314,-0.899533562167279,-2.3644208287246,1
74,0.450133968442989,-0.0789069232831631,-0.0475538941512232,0.370186196593568,0.0232902561972918,0.0277168144173947,-0.39366447920214,0.0445372171116263,-1.18492400495889,-2.5309249185422,2
74,0.608514438821078,1.06698423136259,0.729398939124947,0.370186196593568,0.0206596575921377,0.0290430276655184,1.29298397237506,0.973985131082705,-0.836928516865537,-2.35883342464016,3
74,0.787734444775231,0.800011503972521,0.711233078507224,0.370186196593568,0.0176829275915694,0.030543742656816,0.417128058920177,0.263931131360565,-0.27218289482701,-1.05027056740599,4
74,1.22953259898779,0.706310828408926,1.5315831672243,0.90142985866226,0.0191685604328019,0.0297947625759976,0.511131849143733,0.346159941855778,0.0434695240541008,-1.31079967251231,5
74,1.47127121167014,0.862092805382244,0.363906219441277,0.90142985866226,0,0,0.608510152159591,1.33584098246313,-0.997637597834614,-1.98800690419095,6
74,1.55879726108961,-0.128180104761927,-0.151369271938079,0.90142985866226,0,0,-0.0338633532789939,-1.00467884116526,-1.46158993674123,-2.99995004410522,7
74,1.80887168800238,-0.711536740762862,-0.375748139701346,0.90142985866226,0,0,-0.597981060757814,0.758636012538618,-1.76569089161781,-2.0323273108689,8
74,2.22983030663888,0.920511053763771,1.19977604784088,1.91875652486566,0.0194514005740645,0.0296521690454953,0.763752865639914,0.366496341957738,0.247176873280138,-0.617625112300794,9
74,2.48407264066687,2.02002857598531,0.591311116704715,1.91875652486566,0,0,1.99084385751724,1.71947467499396,-0.35626218488162,-1.87888991497154,10
74,2.56326287585591,2.17634116869493,0.0348097285388858,1.91875652486566,0,0,1.97648286461342,1.12833898897188,-1.03652813156218,-3.46615594036127,11
74,2.84668055969038,1.80107144781995,-0.196510008868138,1.91875652486566,0,0,1.54288867746263,1.33730931802288,-1.96917854454808,-2.49950941050009,12
74,3.18011312890741,1.37508586219703,-0.468943742923266,1.91875652486566,0,0,1.04446289348124,0.831258104996612,-1.79186542387588,-1.35055319309935,13
74,3.30931824947901,1.43228074281991,-0.480520673464737,1.91875652486566,0,0,1.04499429335481,2.33894018958582,-1.69785007015478,-2.33155561716228,14
74,3.56772849062221,1.56772815409323,-1.26803036684322,1.91875652486566,0,0,0.961358503863291,3.18725661100733,-2.80934893003989,-3.24021157261144,15
74,3.86781780291754,1.06711395097416,1.51032062140611,3.57771209261309,0.0197996668686829,0.0294765909953535,0.98782350274213,1.35097338700633,0.529212564843828,0.00101289119946379,16
74,4.07204525156297,0.598347008019845,1.72340233669984,3.57771209261309,0.0164075791936158,0.0311867080784604,0.031311114745919,1.63273677451882,0.471245444912676,-1.32595769717756,17
74,4.45549270616255,0.643571198587225,0.254922442129797,3.57771209261309,0,0,0.41916795313275,1.9419109014229,-0.941071703302797,-2.48037732763285,18
74,4.55135456981244,-0.122734777903335,0.21653021115898,3.57771209261309,0,0,-0.492191605792091,0.115046405423843,-1.13423482413426,-2.22109314079783,19
74,4.84727597499256,1.28026323495477,1.58406485835901,4.61718614107678,0.0207964923001152,0.0289740426055525,0.564261934185309,1.44804536085221,0.492107804480007,-1.08260869899103,20
74,5.07651086632927,0.381170906996177,2.00132001685669,4.61718614107678,0.0169890469505511,0.030893561780469,0.676515594382914,0.530502576685753,0.923399235535422,-1.13357961617655,21
74,5.30574575766597,0.580430386644679,2.47756652243928,5.14401688996273,0.0219319243514056,0.0284016158484587,0.398471461696186,1.48230069896984,1.07564765867403,-0.914211664698639,22
74,5.60166716284609,-0.334564533269655,1.78219059417955,5.14401688996273,0.0170168585365096,0.0308795406015255,-0.277518288936869,0.262882470376778,0.354983942285285,-1.28728605751157,23
74,5.78505507591545,-1.00703550485528,1.33992119939126,5.14401688996273,0,0,-1.36052486570233,0.180720759125098,0.704156742560758,-1.2152209227008,24
74,6.07264066686514,-1.599069803521,1.06300520911553,5.14401688996273,0,0,-1.68272894785751,-0.680997371065723,-0.217451175391417,-0.809416880511056,25
74,6.41857695742781,-0.724608717290763,0.534033373482554,5.14401688996273,0,0,-1.14762401803687,1.00878650311437,-0.836588654270559,-2.68195915327599,26
74,6.63947603453409,-0.882680141495379,1.40603049587595,6.6361812818688,0.01944328435212,0.0214638896587096,-0.748262028007492,-0.0671530951293892,0.606324369434103,-0.935592654640498,27
74,6.88121464721643,-0.45561471318223,1.54672689692932,6.6361812818688,0.0205482897733339,0.0290991736227257,-0.326043235712157,-0.799125082967965,0.359684697132234,-1.37691460182289,28
74,7.2271509377791,0.307002316954161,0.235903211091257,6.6361812818688,0,0,0.15451697401037,0.580854016654483,-1.11754902627908,-1.70432679641797,29
74,7.37302768681155,-0.952478241400218,0.36710697749834,6.6361812818688,0,0,-0.689576221677341,-0.713349799696237,-1.14725157344706,-3.20990538988986,30
74,7.63977374218517,-0.0471462906137746,0.105121554580117,7.59563109694192,0.0238849565153461,0.0274169969389997,-0.151478580510348,-0.286108168288214,-1.03820891044319,-2.02278565724011,31
74,7.88984816909795,0.973764650549914,0.170278722433295,7.59563109694192,0.0197313797703669,0.0295110178570901,0.975700929686287,0.941745331358718,-0.610993705957818,-2.63947724354309,32
74,8.04822863947603,1.30796971785704,-0.456355136598462,7.59563109694192,0.0171007811652099,0.0308372311052071,1.09700619465224,0.99351492993656,-1.77450281740014,-3.01411715542261,33
74,8.48169097945817,0.278729065637009,0.274575170314582,7.59563109694192,0,0,-0.00740158942331844,0.975706661128865,-1.23182843635476,-3.56602537820957,34
74,8.67758261387318,-0.0170073553437873,-0.315953543673547,7.59563109694192,0,0,0.00215995423411708,-0.377570540510128,-1.7616860495037,-1.07310325733429,35
74,8.9109854123251,1.19334371836222,-2.05137925706163,7.59563109694192,0,0,0.86138888588685,1.31232433993534,-3.62647564793127,-2.89957357840391,36
74,9.19023518904436,2.8973111316249,-0.416277310135059,8.96420097968971,0.0208638536375792,0.0289400824650731,2.18138992894648,2.36216025094458,-2.49151181337069,-1.64135513614841,37
74,9.38195891634415,1.04697294931313,-0.135177270802058,8.96420097968971,0.0176794447997624,0.0305454985022751,0.760610625559384,0.348425896029697,-1.32072128554454,-3.30535901330004,38
74,9.55701101518309,1.31317578441587,0.214993656161768,9.40391743900971,0.0220753510365269,0.0283293074508387,0.951195690345462,1.64313247183366,-1.79981603045185,-0.391415583414808,39
74,9.99880916939565,1.01476955843353,0.889280381854676,9.40391743900971,0,0,0.950283647898555,1.69629493820135,-0.492131847032367,-2.30868905887085,40
74,10.2363798749628,0.317283532081428,0.478279836973052,9.40391743900971,0,0,0.0352678934477142,-0.206967282099237,-0.274295842703616,-1.63682481148772,41
74,10.4864543018756,1.65492149032563,-0.226856087099062,10.4204738066353,0.0235222437540832,0.0275998581586214,1.38593015219806,1.67312799624397,-1.21702369313096,-2.62978554517728,42
74,10.7031854718666,2.09262486028887,-0.14567194005262,10.4204738066353,0.0199224772417583,0.0294146762876204,1.94084228007322,-0.672016621505007,-1.46937033763783,-2.03004164492736,43
74,10.8615659422447,2.2785393309688,0.582604015983342,10.4204738066353,0.0172918786366135,0.0307408895357565,2.36737902711997,2.46117096506205,-0.170667831562668,-1.09445693968037,44
74,11.0574575766597,0.224434933369858,1.35360810984917,10.4204738066353,0,0,0.12597214255488,0.999581827108998,0.358766667113432,-1.16667437704752,45
74,11.3867222387615,0.499920953700437,-0.197507144223446,10.4204738066353,0,0,0.413247721160844,1.21272824839236,-1.30612025412162,-3.30511135385314,46
74,11.7326585293242,1.34914702826879,-0.136774958487203,11.4790638334386,0.0204060915331292,0.0291708627012766,1.12086355977745,1.22585846826817,-1.15732429312272,-1.78352432465734,47
74,11.7993450431676,1.9949081536786,-0.63651796861338,11.4790638334386,0.0192984710678011,0.029729268279434,1.73993186104196,1.88923532825576,-2.28968630583132,-2.53694955296905,48
74,12.0244120273891,2.1324158520654,0.208028360603351,11.4790638334386,0,0,1.63641917048144,1.72672046706816,-0.930444923007053,-1.89029836335997,49
74,12.3078297112236,2.41561811378084,-2.18773173218817,11.4790638334386,0,0,2.25885457965578,1.70683931806581,-3.56388803747598,-2.68512535687095,50
74,12.6579339089015,0.53969871171578,-1.49964895608745,11.4790638334386,0,0,0.331729730432743,1.01067618618798,-2.88767542525219,-2.96668566270769,51
74,12.9830306638881,2.23500491633013,-0.323824769099477,12.8891546407267,0.023058916825797,0.0278334438943006,1.79063839333325,1.25489370160288,-1.46306461551436,-1.1046576058226,52
74,13.1622506698422,2.22865258921565,0.250112164839192,12.8891546407267,0.020082186825238,0.0293341588856103,2.00676423834597,1.87674453417603,-1.12245250410127,-1.04867159092601,53
74,13.2622804406073,2.29832851213175,0.645027586336128,12.8891546407267,0.0184207561272371,0.0301717672528339,1.85116295617043,0.845733609053228,-0.755048363704964,-1.50852369221049,54
74,13.687406966359,0.714582088550872,-1.00504969694193,12.8891546407267,0,0,0.528731471865725,0.908053605370658,-2.59418167354983,-2.6795071064286,55
74,13.9083060434653,1.6479126024742,0.230042862787739,13.8480619226582,0.023617521275022,0.0275518241064977,1.19802549971177,0.750125523184141,-1.18666703888559,-0.37319868808473,56
75,0,0.408815149494202,-1.28621822510145,-Inf,0,0,0.755404328936263,-0.0581893566771308,-1.78080292352284,-2.113605041818,0
75,0.0250074426912772,0.588110422256961,-1.55693232120701,-Inf,0,0,0.644956802454578,1.03020733049159,-2.13561536540687,-2.69835166884714,1
75,0.383447454599583,0.692239087558143,-0.468466091553537,-Inf,0,0,0.679558117153651,-1.38060077264285,-1.16466518938627,-1.45008665802044,2
75,0.641857695742781,0.996388887404343,0.670060345282567,0.433812194061466,0.0211626345996624,0.0287894523881749,1.22886652850413,-0.72387536005564,0.90736808810656,-1.31255648468059,3
75,0.904435844001191,0.664100390608979,2.41342657270815,0.433812194061466,0.0168013790174339,0.0309881743521695,0.861068709442454,-0.765220766582469,1.93696377521257,1.75973769384966,4
75,1.04197677880322,-0.311636054707534,0.691429341208865,0.433812194061466,0,0,0.0762479483991437,-0.551795642424735,0.292477376183337,-1.19293170821238,5
75,1.3920809764811,-0.444863130871756,1.16686248528635,1.38356789492357,0.0244767408452577,0.0271186495526565,0.310941496804266,-0.126327467795123,0.69334006406524,0.355813168178808,6
75,1.60881214647216,0.434907269390277,1.89361616779735,1.38356789492357,0.0208769743329421,0.0289334676816678,0.558326363902089,-0.353601948485463,1.57203012261922,-0.549885508190895,7
75,1.92557308722834,-0.0716690002439979,2.47377606234716,1.38356789492357,0,0,0.462062440733737,-0.323253818219469,2.18658905989891,1.01330534974759,8
75,2.20065495683239,1.12101212659784,1.56849922575685,2.04274411699376,0.0219953393592728,0.0283696452454946,1.41403495394404,1.13601311958531,1.56373028097484,0.0287372262806822,9
75,2.42155403393867,-0.0179323740876196,1.91479214221381,2.04274411699376,0.0183263465678744,0.0302193637231403,0.301235317282228,-1.28792787021964,1.42747183181753,-0.2539575618504,10
75,2.50908008335814,0.242443059304556,1.16750138315455,2.04274411699376,0.0168725947071312,0.0309522710444719,0.450024567083265,-0.0100392314676486,1.16685688018597,0.897662638093308,11
75,2.93837451622507,-0.329657690340004,0.357289095402979,2.04274411699376,0,0,0.0353234005884469,0.324320143578808,-0.19319168287834,-0.461030782170354,12
75,3.13426615064007,0.897622866042839,-1.48746623267739,2.04274411699376,0,0,1.25207887012109,0.0559696737717165,-1.42273970434613,-1.95294794911416,13
75,3.28431080678773,0.238702970589163,-0.544934212888914,2.04274411699376,0,0,0.631104084668896,-0.774557823644252,-0.716790224788916,-1.71509914112665,14
75,3.65525454004168,1.32324136023882,0.148590409790561,3.46820694996904,0.0215113965199736,0.0286136244689134,1.48550029952592,0.426282310982531,0.0259350095991975,1.48909987867773,15
75,3.94284013099137,1.73359556743854,0.311045096594797,3.46820694996904,0.0167347832632457,0.0310217485247139,2.25814793799395,0.449345359573746,-0.289091796534454,-0.642696148030489,16
75,4.09288478713903,0.486347514462025,-0.778237605582653,3.46820694996904,0,0,0.771761986044521,-0.853843159770437,-0.940249695771321,-0.305445033136621,17
75,4.28044060732361,1.4353428020703,0.673859969604527,4.13352997493214,0.0221780457895401,0.0282775340097232,1.95151605265969,0.87840658651797,0.219689670375351,0.963975750964766,18
75,4.67639178326883,1.85908309596911,-0.325818625375608,4.13352997493214,0,0,2.18817558353278,1.30555947290247,-1.24056526676978,0.267538906224586,19
75,4.75558201845787,2.01538377111288,-1.19142420702523,4.13352997493214,0,0,2.23519730787336,1.34051289592491,-1.83087221229325,-0.926697022843086,20
75,5.22655552247693,1.79793340101564,0.111469170061056,5.07315761348268,0.0220702962624571,0.0283318558093385,2.16904264555601,-0.26600139585888,0.0302702599629937,-1.4327770594089,21
75,5.40160762131587,0.709478142714901,0.383725254013747,5.07315761348268,0.0191627925409717,0.029797670452001,0.836109177379057,0.271323297872063,-0.339171227335789,-1.08617294804574,22
75,5.52247692765704,1.16275690556767,0.839533523377457,5.07315761348268,0.017155230447565,0.0308097805624116,1.17425542680266,0.107346558690091,0.767658798085768,-1.47657423169481,23
75,5.77255135456981,0.453458723857596,0.553769596246231,5.07315761348268,0,0,0.438040356308708,0.334045279507451,0.388046715146183,-0.237455056363448,24
75,6.17267043763025,0.760233107854959,-0.152211925850536,5.07315761348268,0,0,0.684138690327484,0.139859833079825,-0.245164745834967,0.337238585263117,25
75,6.32271509377791,0.0466930815818929,-0.625227285623464,5.07315761348268,0,0,0.574747779291548,0.241666066973982,-0.726016935222888,-1.82808199603015,26
75,6.65197975587973,0.901645717858221,0.350964153889399,6.5763092123563,0.023361298231966,0.0276809986576764,1.83050153071682,-0.483027954420419,0.317319882720135,-0.514524275371609,27
75,6.80202441202739,0.536777734622787,-0.352350226302261,6.5763092123563,0.0208691521849785,0.0289374112085303,1.37269299194348,-0.244785138636083,-0.25898350540155,-2.3776026859128,28
75,7.08961000297708,2.10125235909956,0.249680091574856,6.5763092123563,0,0,1.97211085141663,-0.163376731832887,0.012325841598198,-0.686338930181823,29
75,7.32718070854421,0.832630682225804,-0.766251376634177,6.5763092123563,0,0,1.079157613717,-0.664854035733103,-0.57894104391853,-2.47233155719476,30
75,7.62727002083954,0.457511560147764,-0.0982699178694323,6.5763092123563,0,0,0.728772097717984,0.731102766040668,-0.0622725051933892,-0.0201570019273716,31
75,7.91485561178922,1.95523515251821,0.122603210236094,7.84257272254819,0.0234175650091047,0.0276526318269767,1.97618497136767,0.0296984739814845,-0.128125708488759,-0.554797206555204,32
75,8.01905328966954,1.66977799637686,0.271742543110318,7.84257272254819,0.0216869080320255,0.0285251405428418,2.23365037330481,0.30776435351436,-0.304578705595487,-0.63206777353068,33
75,8.31497469484966,2.31117970673196,1.08608255959891,8.25118462693376,0.040330467572111,0.0585845817124533,2.29892797198323,1.56355056480198,0.871383769517253,0.901313505573387,34
75,8.59005656445371,1.65132381306863,1.57811016016717,8.25118462693376,0.0189896909355098,0.0298849394264502,2.00306553929163,0.586980825975739,1.32479975857745,1.53832474801775,35
75,8.90264959809467,0.38789595596247,0.825078405438771,8.25118462693376,0,0,0.519277231184984,0.0319739299657381,0.570263463289232,-1.08018845712629,36
75,9.24858588865734,0.0989298808616052,-0.191385535083419,8.25118462693376,0,0,0.603505066428574,-0.0537291050917747,-0.562211825166023,-0.96751066608818,37
75,9.37779100922894,0.507488148612429,-0.740136984487591,8.25118462693376,0,0,0.818666793842884,0.700710529812818,-1.17120698409615,-0.906832371504678,38
75,9.57785055075916,0.59297947746798,-0.313800085252139,8.25118462693376,0,0,0.599158535757797,0.0702983262659428,-0.407539735834763,-0.764576739434048,39
75,9.92378684132182,1.21666371490173,-0.244174636129547,9.7136225011737,0.0211274420440314,0.0288071946744536,1.19694451725923,0.249734156953348,-0.684337919663874,-0.712514636419601,40
75,10.1071747543912,0.877624314159689,1.02961504804352,9.7136225011737,0.0180814857643719,0.0303428100143743,1.18652558621432,-0.261475783386762,1.2069282964558,-0.72596444987352,41
75,10.4406073236082,0.629543159183582,0.300785199779087,9.7136225011737,0,0,0.808206365151048,-0.567532084732333,-0.173159057437044,-1.05996084875739,42
75,10.5656445370646,0.718557128582483,1.1167889881634,10.4441625091999,0.0226003986935337,0.028064605281053,1.00546249425119,-0.863732414467812,0.957108102958778,-0.296864996315857,43
75,10.9407561774338,1.5678220627278,1.51367351835812,10.4441625091999,0.0163700335760557,0.0312056366581757,1.91931421487772,0.0797674474868667,1.39478241241258,0.669276695325035,44
75,11.2325096754987,0.874905468442327,0.183421247215549,10.4441625091999,0,0,1.04302929799929,-0.0942185263571975,-0.554179554048221,-0.550141086883417,45
75,11.3325394462638,1.16985793759612,-0.137391851478648,10.4441625091999,0,0,1.78524757099094,-0.782029586997273,-0.277171954496205,-0.0715329233043343,46
75,11.6618041083656,0.139288271250898,0.420700401503003,11.5950521179278,0.0235094297108676,0.0276063183436902,0.704838230470954,-0.311177692694829,-0.237993356696988,-0.0950015498370645,47
75,11.7910092289372,0.175179365101108,0.714724406684009,11.5950521179278,0.0213634150593044,0.0286882291513818,0.519912040552594,-0.762508029210265,0.975387038069903,-0.579457429020437,48
75,12.2077999404585,0.847139099085281,0.268733454208544,11.5950521179278,0,0,1.17800052673205,-0.0917515760890075,0.486218201126853,-0.960484039647082,49
75,12.3870199464126,1.05715501271952,-0.27451530842023,11.5950521179278,0,0,1.44954209403712,-0.00652947439111082,-0.702450597207056,-1.12946093984549,50
75,12.6662697231319,1.33886078795488,-1.0336850255528,11.5950521179278,0,0,1.40632490502158,0.433812454638791,-1.29354471113329,-3.17751417568221,51
75,12.962191128312,1.82261889973049,-1.74239739659278,11.5950521179278,0,0,1.85641190300106,1.42712284944154,-2.02168806385417,-1.86574376902867,52
75,13.078892527538,1.64658978296187,-0.398328239941248,12.9726143480064,0.0228529249180161,0.0279372944766624,2.24038913636524,0.467890316429393,-0.230053489798812,-1.44099949269828,53
75,13.3164632331051,0.949445777374711,0.666674159860205,12.9726143480064,0.0189070270102872,0.0299266143488469,1.08183096089356,0.246459719829655,-0.0180591407181409,0.348039021482896,54
75,13.6540637094373,0.497692281351722,0.119431453786784,12.9726143480064,0,0,0.672539640143848,-1.61465664179885,0.351699869388899,0.77683554973493,55
75,13.8124441798154,0.102444979920265,-0.83738176825638,13.7818423280842,0.0241098604598864,0.0273036118751602,0.577255587567762,1.18180411081853,-1.59079179153288,-1.5210148071339,56
76,0,-0.949294651409908,0.769500997749308,-Inf,0,0,-0.669962617051533,-0.999128925277863,1.39930965507836,1.11187050975027,0
76,0.20422744864543,-0.440852007491969,1.12456425753981,-Inf,0,0,-0.15395720548566,0.266945222927835,1.91081240754101,1.24301734273912,1
76,0.300089312295326,-1.00688895524312,1.7061465689431,-Inf,0,0,-0.513334791044687,-2.45932908206945,2.46145955014595,0.81107857293306,2
76,0.666865138434058,0.648813088163608,1.20169765010606,0.415689235716127,0.020446266145043,0.0291506087170782,0.738640126134546,0.0872630486788806,1.28685933622555,0.846943519995451,3
76,0.787734444775231,1.8595787289081,1.2704666392195,0.415689235716127,0.0184387040516354,0.0301627188274878,2.36679326462755,0.884978613473178,1.44249407534948,0.933111350296854,4
76,1.12533492110747,0.850697696237551,0.0186106403413069,0.415689235716127,0,0,0.99084775070901,0.693380111245507,0.271953799315867,0.288857244758857,5
76,1.26704376302471,1.21914936587343,-0.433926530501557,0.415689235716127,0,0,1.1244851530048,0.422549478054219,-0.0345581219568369,-0.00096380760400458,6
76,1.74218517415898,0.884240980041179,1.10697998075426,1.30042103526469,0.0172807170906212,0.0307465166162672,1.27522614682641,0.547307811177438,1.08358455960624,0.505649587876952,7
76,1.95058052991962,-0.170724706985981,1.86155550002953,1.76061644267398,0.0214629553619389,0.0286380460227812,0.0771129215265418,-1.17169834065067,2.36129709292188,2.11457512716044,8
76,2.15480797856505,-0.0500118379370978,2.45101539468017,1.76061644267398,0.0180708676868727,0.0303481631058883,0.750388819877984,-0.331921911215552,2.73502358030436,2.79386416684468,9
76,2.4965763620125,-0.389022935644475,0.161309553030116,1.76061644267398,0,0,-0.0100778042605978,-0.344468132580073,0.475839184703282,1.29804682452319,10
76,2.53408752604942,-0.047068660956729,0.285555116686027,1.76061644267398,0,0,0.118741326000725,-0.942062451482768,0.927364196787974,1.54432466056391,11
76,2.92587079487943,0.0419922378190438,-0.118183465995623,2.90059569181803,0.0241983343581312,0.0272590078615502,0.177418451889966,-0.939511687762836,0.0289720461882862,0.513613604477979,12
76,3.03840428699018,0.707043461547166,-0.412412374603392,2.90059569181803,0.0223292248228901,0.0282013172746903,0.930874383889153,-0.710987407230315,0.00887564236045147,-0.381698870641261,13
76,3.32182197082465,3.00074309856225,0.0327634104993156,2.90059569181803,0.0176218378452473,0.0305745409818588,2.93964944589786,0.942778398333065,1.25816017730464,1.4581151978317,14
76,3.66775826138732,1.58304258738195,-1.02438800211326,2.90059569181803,0,0,2.01529574391709,0.242890336340395,-0.735964393306,-0.52416647084719,15
76,3.89282524560881,1.91963026270026,-1.20229351719356,2.90059569181803,0,0,2.10148211012887,0.178788848395603,-0.276845164230632,-0.799227928508034,16
76,4.17624292944329,0.480373199342089,-0.871598210861421,2.90059569181803,0,0,0.527834440263268,0.459836356895346,-0.174606579143974,0.315659825665825,17
76,4.4721643346234,0.775108924805375,-0.409312871316845,4.3496346751622,0.0225829982008422,0.0280733777193357,0.726405479784487,0.576852256587889,0.0135065329715166,-1.69043597763109,18
76,4.6972313188449,2.35841202599349,0.373362158690855,4.3496346751622,0.01884477913036,0.0299579965456163,2.42803253922042,0.6679844215651,0.413367649748097,1.77032313904041,19
76,4.83894016076213,2.42154245877853,0.231773752538129,4.3496346751622,0.0164910856415391,0.0311446083992005,2.56041827144589,0.0953606680497082,1.29175800433411,2.32370242858085,20
76,5.17237272997916,1.20845876965609,-0.844799250276642,4.3496346751622,0,0,1.286474291032,-0.500283041655893,-1.003304692985,0.497743172454342,21
76,5.29740994343555,1.93032985690711,-0.544507273044856,4.3496346751622,0,0,1.7875763696409,1.26745262778591,-0.3628507248361,-0.266821986299536,22
76,5.74337600476332,1.69910194605463,0.968479549592592,5.38728803616519,0.0187037436388942,0.0300290994257263,1.53234390936111,0.641045658008232,1.39471637918958,1.13700378566636,23
76,5.93926763917833,1.34543070065405,0.100833255840645,5.38728803616519,0,0,1.32949817995545,0.732287887588246,0.908367195485165,0.177559896869753,24
76,6.08514438821078,1.34645803552346,-0.0449636537974685,5.38728803616519,0,0,1.35312566513819,-0.158736442343904,0.644817025128495,0.658524392792386,25
76,6.25186067281929,0.773100309840643,-0.448492703792752,5.38728803616519,0,0,0.921343028057459,-0.0941316721197078,0.295937831025836,-0.0580116092796568,26
76,6.72700208395356,0.143393612855704,0.303740325717566,6.64102206522456,0.0231900644237127,0.027767325984311,0.572626542565946,-0.622435868399977,0.842557748957494,0.504033619108125,27
76,6.81452813337303,0.49351651522907,1.06379505967497,6.64102206522456,0.0217363125629704,0.0285002333056428,0.882353158214568,0.18302984454824,1.64956671449956,1.11547976042593,28
76,7.18963977374219,0.800352051191628,1.12525126892879,6.64102206522456,0,0,1.12215071626467,-0.220450178152788,1.19741028952985,0.318664975217503,29
76,7.36469187258113,0.99014612539035,0.159220244776342,6.64102206522456,0,0,1.03501098768891,0.820135274623217,0.929281814092885,0.556748465762083,30
76,7.67311699910688,0.751957459042966,0.709003099248855,7.47079492575632,0.0212576970940954,0.0287415267414163,0.614332136483926,-0.450739759193883,1.36532536731562,0.714282159203175,31
76,7.85650491217624,0.474839959059654,0.88864837738992,7.47079492575632,0.0182117408144434,0.0302771420813489,0.61791059110662,-1.02463542262363,1.25146772971337,2.41425149130601,32
76,8.19410538850848,-0.237852413805681,0.172468454126713,7.47079492575632,0,0,0.247180481098775,-1.51228256944269,0.853817900158774,0.948402262396849,33
76,8.41083655849955,-0.766775270100493,-0.588487487364543,8.40715052893815,0.0217336398449609,0.023985183201203,-0.164709014791685,-1.15473920581505,-0.53267154534469,0.0428456357127804,34
76,8.69425424233403,1.54712748163825,0.624558968898287,8.40715052893815,0.0198495281228021,0.0294514535016938,1.85568676759793,1.07249435810291,0.63868169046029,0.784239643202397,35
76,8.7817802917535,2.06893566533531,0.192680839592258,8.40715052893815,0.0183957762620598,0.0301843608230258,2.20318886167765,0.63325252670126,0.654058841382219,0.399394862182993,36
76,9.16522774635308,1.45148120052862,-0.390860274498092,8.40715052893815,0,0,1.16263434502212,0.608671109408197,-0.160670757329205,-1.49060225781182,37
76,9.29443286692468,1.06471181132625,-0.651846803795809,8.40715052893815,0,0,1.01630237078171,0.56598777230434,0.107336229995573,-0.558928788983644,38
76,9.58618636498958,1.53773713815621,0.443301692786868,8.40715052893815,0,0,1.64501652609242,-0.242489760020208,0.693347826437802,1.63242746017337,39
76,9.89877939863054,1.21394845051479,0.267955127825757,9.82411212160503,0.0233779618486534,0.0276725977145641,1.24021195163893,-0.0674434537846434,0.108174177888904,0.261030266689667,40
76,10.1530217326585,2.48376962832825,1.40425050535465,9.82411212160503,0.0191551588246006,0.0298015189813005,2.40766021040115,-0.372410658138834,1.6113381633006,1.7975234201739,41
76,10.298898481691,1.52421895932062,1.00174199390801,9.82411212160503,0.0167322390566876,0.0310230311835069,1.86395844112773,0.935003131397959,1.31941593237853,1.8273299395128,42
76,10.5698124441798,0.733408337590551,-0.533703090483656,9.82411212160503,0,0,1.13444024747695,-0.710704343830107,-0.669901901213697,0.293788434762634,43
76,10.8949091991664,1.13428970979857,-0.810046303995165,10.7477670388816,0.0221742002588847,0.0282794727295533,1.35742963852772,0.723024040157718,-0.177293539416944,-0.784126508404317,44
76,11.0866329264662,0.794076774961103,0.181673283468548,10.7477670388816,0.018989791421067,0.0298848887667549,0.966180267801843,-0.164452276179573,0.922498661096535,0.461263031328911,45
76,11.357546888955,1.29649541668132,0.0955574595025013,10.7477670388816,0,0,1.14066381928728,-0.802292296848506,0.538596204058589,-0.126381995037812,46
76,11.6743078297112,0.814371528535357,-0.500785591484225,10.7477670388816,0,0,1.06712232865797,0.0511373427534266,-0.0665806408049782,-1.01020187734456,47
76,11.7910092289372,0.99570579234069,-0.859170651125824,10.7477670388816,0,0,1.28945522016666,0.162697028622279,-0.382282267306848,-0.102172003099605,48
76,12.1494492408455,0.38425795396148,1.02032879373467,11.8336498275668,0.0193729108485458,0.0296917395499421,0.501098618686071,0.829308041769062,2.02286554499539,1.67495035306314,49
76,12.2994938969932,0.78719037596409,0.839747747849248,11.8336498275668,0.0168807648015666,0.0309481521008085,0.778239071770036,0.940417118325065,1.04392081365091,1.03533533926141,50
76,12.5870794879428,1.61801038566469,-0.600116071750717,11.8336498275668,0,0,1.82887733170913,-0.100429157826416,0.291825486077461,0.0946352055011037,51
76,12.8038106579339,1.01146562240805,-1.2332795427588,11.8336498275668,0,0,1.30309276035007,-0.436315258386886,-0.377099494414859,-0.585624250285538,52
76,13.0580529919619,1.70886492971622,-0.582916344077827,12.9729244073871,0.0232042062020038,0.0277601964231136,1.62086362302707,-0.0165431834380437,-0.039820866561573,-0.235723819527971,53
76,13.274784161953,1.10861931832613,-0.626932438275212,12.9729244073871,0.0196044396896975,0.0295750145521363,1.11535528072189,0.0362181472529358,-0.399201014722053,-0.599628689021755,54
76,13.5290264959809,0.774763888901072,1.15692607602953,12.9729244073871,0,0,0.980619666437485,0.66490479355961,1.63289888090775,2.1481511501104,55
76,13.8291158082763,1.88412034610854,1.6236480416782,13.6163888922543,0.0210848792930613,0.0288286526361906,1.89034736241598,0.41011659682442,1.71182221906306,1.73804328144994,56
77,0,1.06695260306158,-1.50553629930528,-Inf,0,0,0.929111280193506,0.78703393958745,-0.603287838431824,-2.1708077641505,0
77,0.0625186067281929,0.88489619089738,-0.816802324311173,-Inf,0,0,0.625363717105084,1.12284285024574,0.100086244019126,-0.616459087892284,1
77,0.49598094671033,1.17877785486199,0.781027735769864,0.313769849447999,0.0215917275810593,0.0285731256572592,1.21875469603115,-0.0668856270060206,2.18241155413636,-0.755082297562627,2
77,0.608514438821078,0.949942984002716,1.37800078319322,0.313769849447999,0.0197226180458183,0.0295154350703994,1.12340067660801,0.786917327215706,2.2667714612117,0.109881760901859,3
77,0.896100029770765,-0.00135377619970954,1.33316374128763,0.313769849447999,0,0,0.102808415295102,-0.28836743296844,2.87074141855804,0.636234646046222,4
77,1.19202143495088,-0.570140732736301,1.57003534666641,1.06110169761635,0.0224436443581734,0.0281436327981442,-0.341193988502497,1.28478766127175,2.16316762143369,0.858973945282611,5
77,1.31705864840726,-0.348552809090619,2.44251719057371,1.06110169761635,0.020366855985685,0.0291906432571901,-0.218821064309019,-0.733278671179328,3.73404228163141,2.68815397297515,6
77,1.66716284608514,-0.0560403217637135,1.33567999795676,1.06110169761635,0,0,-0.202422194809002,-0.0571568876811807,2.40857402817371,1.08718090319379,7
77,1.87139029473057,-0.245586723722337,-0.021121839013014,1.06110169761635,0,0,0.178443374540258,-0.629028121390333,1.40594291702097,-0.0885397335799646,8
77,2.07144983626079,0.83383264867985,-0.583809274567412,1.06110169761635,0,0,0.785572592868698,-0.500686100881091,0.260795959319843,-0.314741637618711,9
77,2.35069961298005,0.523094657511663,-1.04736424048794,1.06110169761635,0,0,0.368550101706781,0.474578727736325,-0.108725602013525,-2.35212583353362,10
77,2.721643346234,0.796493616381829,-0.339431052154487,2.41691507936563,0.0195567955297532,0.0295990343003248,0.609928461942442,0.0795268530140058,0.661951252659863,-1.24612079126962,11
77,2.99255730872283,2.11543407637388,0.180655106188689,2.41691507936563,0,0,1.91833119983587,1.16369321340871,0.855093749241267,-1.15256995249339,12
77,3.15927359333135,2.36036987926716,-0.61384055313326,2.41691507936563,0,0,1.87959706789086,1.17086612647427,0.595596264910961,-0.932009416503278,13
77,3.38434057755284,1.70363456557066,-0.697517354441563,3.21278560878172,0.0217687190793064,0.0284838955978656,1.64705070911177,0.0992352159563128,-0.00772425771634394,-0.831761359883967,14
77,3.58856802619827,2.29141474097705,0.103253999381852,3.21278560878172,0.0183766314042379,0.0301940126809689,2.08906259221721,0.917265569333627,1.33146728810023,0.0385454590674767,15
77,3.88032152426317,1.22049195234109,-1.31853441639792,3.21278560878172,0,0,0.809681271672478,-0.978534601714366,0.270482648460673,-2.35305435311624,16
77,4.06370943733254,1.41469916824,-2.69103176130635,3.21278560878172,0,0,1.42562620868456,-0.0862231262222195,-1.60518628553837,-1.67976114258914,17
77,4.39297409943436,0.236203594432917,-0.931970949780576,3.21278560878172,0,0,-0.284575144055862,-0.04060556809624,-0.297388430018571,-1.24609525531258,18
77,4.54301875558202,0.386355850497057,-0.788674473675546,4.49687161458871,0.0238516631193091,0.0274337817661463,0.349178023828222,-0.0978292854852662,0.186736592209942,-1.95461287262013,19
77,4.88061923191426,2.16802159874859,-0.607569925114913,4.49687161458871,0.0182443345135914,0.0302607100055728,2.01972006804199,0.907851038436205,0.229462347290976,-1.16382351731681,20
77,5.00148853825543,1.69314093148379,-0.972053463448552,4.49687161458871,0,0,1.65052775769365,-0.387443157864305,0.0577385761888629,-0.677060963279726,21
77,5.32658529324204,1.32504326286152,-0.986193260764503,4.49687161458871,0,0,1.20319858813784,0.208169198208864,-0.144506626489214,-1.06201040359378,22
77,5.73920809764811,0.346831274956771,0.434973535684532,5.7133878767168,0.0241892802979625,0.0272635724555252,0.146713343863684,-0.194421663937643,1.20017599580539,0.631301833398866,23
77,5.8642453111045,-0.0960192264214854,0.359097812126186,5.7133878767168,0.0221124919254729,0.0283105829145699,-0.112189811850779,-0.517216349199234,1.17097634845741,-0.626289853165541,24
77,6.1559988091694,0.52806426591563,1.75115655980101,5.7133878767168,0.0172666523896644,0.0307536073190086,0.619209819380273,-0.753008110646108,2.71484836670158,2.69932755039422,25
77,6.42274486454302,-0.581768443813511,1.08821202167977,5.7133878767168,0,0,-0.518047497240041,-0.343229921139932,1.7168522942153,-0.377789040489173,26
77,6.73116999106877,-0.57217195704489,0.0377206958638396,6.7264331426364,0.0245394616691587,0.0270870289217393,-0.769285775901552,-0.653333328396726,1.66067649384225,-1.98679443075418,27
77,6.7728490622209,-0.220827471364443,0.384307944120312,6.7264331426364,0.0238471988783294,0.0274360324080876,-0.523748598214853,1.33307578506279,1.61567057193825,0.828683669135462,28
77,7.04376302470973,1.45051995702615,1.8677201576041,6.7264331426364,0.0193474907379296,0.0297045550693456,1.22575136370391,0.537871144912872,2.80150005967849,0.527507544151688,29
77,7.34802024412027,-0.30504964156911,1.67084221876921,7.24014973995419,0.0228264774213547,0.0279506279515621,0.0405017043650835,-1.00606511770801,2.71886066143379,-0.105605194906748,30
77,7.53557606430485,0.315512487750327,2.32637634700154,7.24014973995419,0.0197112948626199,0.0295211436401295,0.459797350675526,0.132440343153472,3.48543236185397,1.85167769600428,31
77,7.75647514141113,-0.253241134994509,1.63099356281076,7.24014973995419,0,0,-0.384261877675897,0.0247231611738384,2.5074286283404,0.606338827125847,32
77,8.01905328966954,-0.997510892698122,1.15140988013745,7.24014973995419,0,0,-0.715921192203682,-0.228466491722758,2.36940084467124,1.37737792439906,33
77,8.29830306638881,-0.649075556292367,2.18933247850159,8.23564599331898,0.023577443676798,0.0275720291813309,-0.254443270679608,-0.570992549315133,3.10192719418978,1.07320469298199,34
77,8.54420958618637,-0.576165768879189,0.350198370842463,8.23564599331898,0.0194930932109118,0.0296311497507977,-0.759105481669867,-0.378750325986093,1.3770035244013,0.173940314661155,35
77,8.93182494790116,-0.860243573509433,0.350790475353416,8.23564599331898,0,0,-0.577714714025251,-0.844953094987485,0.815320195507975,-0.373123275367868,36
77,9.19440309615957,-0.656481440040265,0.416131454761804,8.23564599331898,0,0,-0.343131451758453,-2.21174144902129,1.65746361789696,-1.23292539783598,37
77,9.32360821673117,-0.346049603284307,0.0541577136957168,8.23564599331898,0,0,-0.237370727453651,-0.0564740459808522,0.984858790968081,-0.425835690395151,38
77,9.52366775826139,-0.30381596864311,1.76117296305837,9.4068219113701,0.022677402702747,0.0280257837987407,0.0612969207697747,-1.29532694177078,2.96945624815687,1.18802743468339,39
77,9.83209288478714,0.212255822712166,1.72690341411628,9.4068219113701,0.0175546580506072,0.0306084095977174,0.370844898216165,1.26741931670604,3.03258251183952,-0.541192543189816,40
77,10.0696635903543,0.243399785469938,0.671489217900545,9.4068219113701,0,0,0.37821698992626,-0.313112620091144,1.79001695973511,-0.376852554005577,41
77,10.4656147662995,1.32916096050211,-0.541327276536677,9.4068219113701,0,0,1.23608897462924,0.56357165078516,0.782848993195638,-2.33870123867069,42
77,10.7073533789818,2.52446243572756,-0.241064880294884,10.5141035840202,0.0214083818522558,0.028665559194658,2.50547298526407,1.84160367925615,1.48501905822933,-0.916353709541741,43
77,10.9032450133968,2.76763776018629,0.577640468727753,10.5141035840202,0.0181547467353451,0.0303058755804826,2.51018854676253,0.215062798113459,1.32384064566091,0.281863569406367,44
77,11.0074426912772,2.8999959434005,0.459095475427686,10.5141035840202,0.0164240897582706,0.0311783842963533,2.76005643264957,1.02609258871397,1.67830485716988,-0.430804276230457,45
77,11.3033640964573,1.88606297224641,-1.41894042887504,10.5141035840202,0,0,1.77780853289349,0.448737477705234,-0.55999201255325,-2.60090814836068,46
77,11.5367668949092,2.04284319680428,-1.45901362990236,10.5141035840202,0,0,1.76842192532717,0.459140328244178,-0.223173920481664,-1.81613336302527,47
77,11.8410241143197,1.82622469829916,-2.42937947836767,10.5141035840202,0,0,1.66928862311714,1.01311443582196,-1.38011659589527,-1.81573894067001,48
77,12.0994343554629,0.595726239943974,-2.13397744735086,10.5141035840202,0,0,0.84969668014014,0.460679636045998,-1.28599700268756,-2.35240437915447,49
77,12.4787139029473,1.95342376789468,-0.668287340257754,12.2628525494634,0.021032818285819,0.0288548991328551,1.71115299851299,1.24894197614499,0.64145110273247,-0.671051985709531,50
77,12.628758559095,2.05987069774055,-0.250111096840723,12.2628525494634,0.0185406722388214,0.0301113116836964,1.91713844776684,0.887266451949189,0.473928284769244,-1.32618566405583,51
77,12.7621315867818,2.69005853472058,-0.433344751506748,12.2628525494634,0.016325431308167,0.031228122840011,2.45122577492326,1.56983073794079,0.32797409455826,-0.821540466700407,52
77,13.2289371836856,-0.197840285451325,-0.355698932573092,12.2628525494634,0,0,0.00410566257633216,-0.834318624316324,0.29148359930155,-1.97403403193949,53
77,13.3831497469485,0.0711143680298611,-0.128056436341125,13.2427676553623,0.0222864806887062,0.0282228666805563,0.168946148490108,-0.33124941766467,0.895043052230448,-1.20665579681096,54
77,13.5456981244418,-0.122280565438546,0.17989430933347,13.2427676553623,0.0195866558044702,0.0295839802773147,-0.220552014126715,-1.27513044333957,1.33451062608312,0.149637263678482,55
77,13.9458172075022,1.62802791796672,1.43652527056061,13.7837834038772,0.0219268595602233,0.0284041692570911,1.61439348425291,-0.0532684805129527,2.96916428256588,0.0268424322577204,56
78,0,1.07269550373469,-1.38582564645063,-Inf,0,0,1.36551822186842,1.33910796275703,-1.74849597778483,-0.35080289448884,0
78,0.0250074426912772,0.709971808093063,-1.6664368039861,-Inf,0,0,0.968740735218204,0.629751463847231,-2.61982675614817,0.700683891109183,1
78,0.441798154212563,1.68418806338588,-0.382897587714871,0.0839872278040275,0.0186751264084867,0.0300435267693781,1.7643595998324,1.80314631449926,-1.36477371878829,2.2754676475558,2
78,0.625186067281929,2.03827938373931,-0.521237407386377,0.0839872278040275,0,0,2.19464465714432,1.4518237296318,-1.78345994126166,0.251340997542479,3
78,0.97529026495981,0.768274222201331,0.168626163918831,0.0839872278040275,0,0,1.15037565665785,1.47683203882303,-0.953668775260705,1.11541682436189,4
78,1.08782375707056,0.484474906694298,0.248139150931029,0.0839872278040275,0,0,1.11083345373516,1.05253905695334,-0.469432783299001,1.45759488739257,5
78,1.36290562667461,0.464868847471413,1.33218057907492,1.09375153183758,0.0201476598396133,0.0293011507410317,1.18316637364113,1.6942647507665,0.306644211156608,1.44856583807301,6
78,1.50878237570706,-0.161466360054987,2.41730512325313,1.09375153183758,0.0177247400717089,0.0305226629432529,0.385073597603357,0.69644857548818,1.57684701092384,2.75162198116563,7
78,1.85471866626972,0.868241296434314,0.42975064488669,1.09375153183758,0,0,1.37156460916607,0.655624104045487,-0.976150365225965,0.72038308785746,8
78,2.13396844298898,0.750575376611414,-1.66128322468863,1.09375153183758,0,0,1.35127405534048,0.99621345224607,-2.40815395881318,-1.82074460254928,9
78,2.3340279845192,0.402760495722988,-2.01004281488085,2.33203066060893,0.0118204298905274,0.0130616392971641,0.919859396252733,0.570832108020099,-2.94004599103161,-1.43377978338767,10
78,2.67162846085144,2.18488619520288,0.668323562411388,2.33203066060893,0.018977634818604,0.0298910175038491,2.62434905340044,2.54455479621991,-0.427878970005773,2.42308589482399,11
78,2.83834474545996,1.87587857362074,0.690530230638236,2.33203066060893,0,0,2.59971994496542,1.81631369077948,0.230601886897964,2.18696008954589,12
78,3.11759452217922,-0.795519026362494,-0.55959317569952,2.33203066060893,0,0,0.0220532571893659,0.792210222934288,-2.01465065615802,0.150019630644477,13
78,3.35099732063114,-0.636514606240699,0.29880255239281,2.33203066060893,0,0,-0.183027903084265,0.152914357806021,-1.04581698560248,0.118035958215076,14
78,3.58856802619827,0.601151189843535,0.36059287622774,3.45895161707348,0.022465291808533,0.0281327192610485,1.15829705545241,1.31501784881714,-0.593732595932736,0.610274248781141,15
78,3.75111640369157,0.560689676674063,0.990341046545458,3.45895161707348,0.0197654669242984,0.0294938328578103,1.20705250171372,0.872183914056747,-0.427044886653651,1.67215860965794,16
78,4.20125037213456,0.965116075606152,1.43465615687926,3.95964871776971,0.0206052883041692,0.0290704378792451,1.68254509162059,0.621598508950842,1.08084669724611,2.62283778409183,17
78,4.35129502828223,0.85321572221739,1.04709767345917,3.95964871776971,0.018113142257178,0.0303268504300928,1.46906979100662,1.2946736135002,-0.367797617900015,2.13029968103007,18
78,4.52217922000595,0.518003224002001,0.894998357433682,3.95964871776971,0,0,1.27821969713336,0.347948683126262,-0.374318494294153,1.99983628147832,19
78,4.9889848169098,1.02697011686534,-1.17155931411225,3.95964871776971,0,0,1.45287594155866,1.73027116978577,-2.0214760631487,0.0145090468046586,20
78,5.0890145876749,1.20377478539963,0.038306277060466,3.95964871776971,0,0,1.76826781945732,1.93399318759686,-0.987368876781583,1.27824164732288,21
78,5.43495087823757,1.67607227512607,-0.434544981285616,5.17536185275799,0.0203065295414775,0.0292210567643529,2.07830637329994,0.943047949763992,-1.04549036715798,-0.275299431366017,22
78,5.71836856207205,2.21295914764596,-0.958366932628869,5.17536185275799,0,0,2.38580452885553,1.77196215002377,-1.80277785655541,-0.0651748640510973,23
78,5.92676391783269,1.67773131985037,-1.3086674135208,5.17536185275799,0,0,2.16874273969862,1.58928042242079,-2.26888229262657,-1.63815246664161,24
78,6.1893420660911,1.09589437098677,0.102324807902694,5.17536185275799,0,0,1.81042041077152,0.956087882554288,-0.780424303941569,0.322045207404313,25
78,6.42274486454302,0.456353251707458,-0.478280869224555,5.17536185275799,0,0,0.85114749433531,-0.318385929085815,-1.48151757363149,-0.42725211018036,26
78,6.50610300684728,0.511769128563958,-0.808590932323164,5.17536185275799,0,0,1.27647197547098,-0.0940886281160346,-2.2099877879653,0.983692966122774,27
78,6.94373325394463,2.07505888824703,-0.856762392908547,6.78087135403274,0.0219131054090153,0.028411103396526,2.42240023874058,1.45809499158819,-2.55034012335934,-1.71826227859558,28
78,7.01875558201846,1.44650752320826,-0.547224945681418,6.78087135403274,0.0206670323855224,0.029039309671953,1.59287212174486,2.08340745913434,-1.44666388568724,0.687691948849302,29
78,7.47722536469187,0.56040398906108,-0.169153007315808,7.45684917770469,0.0242797022298183,0.0272179863430284,1.21893087845336,1.28541256243353,-1.38118951424739,0.493259135978242,30
78,7.73563560583507,0.811332745506856,0.715251727506897,7.45684917770469,0.0199876729266734,0.0293818079583879,1.32712095012939,1.32226318560567,-0.317877989099335,1.66120707227032,31
78,7.77314676987199,0.770732323610548,0.577261239648925,7.45684917770469,0.0193646364149261,0.0296959110961014,1.36702803537433,1.34655220098703,-0.686488686584432,1.31855430585861,32
78,8.16076213158678,-0.907342842193852,-0.179873537622293,7.45684917770469,0,0,-0.679304733926854,-0.125077996815103,-1.53604588897429,0.97006185313002,33
78,8.2649598094671,-0.636883142905825,-0.434217929835357,7.45684917770469,0,0,-0.330347651222038,-0.192394678847201,-1.33798029326052,1.33461579738341,34
78,8.53170586484073,-0.386742431874991,0.0584228212024753,7.45684917770469,0,0,0.205444713904789,-0.705722110298257,-1.05927021927318,1.10891451508188,35
78,8.84429889848169,-0.345842253069504,2.15436244339354,8.59034663134684,0.0204001525027118,0.0291738568565847,0.777303475240602,-0.589239568477613,0.968481147950254,1.70562785759411,36
78,9.21524263173564,0.135375602771159,1.3155025081955,8.59034663134684,0,0,0.648971071095458,0.629113713045536,-0.0943860665392127,1.67945137829431,37
78,9.45698124441798,-0.813128899691881,1.18818745339907,8.59034663134684,0,0,-0.0394694998348802,0.724336213218305,0.144742841656954,0.958112954320112,38
78,9.74873474248288,-1.10367388776035,1.15994910806781,8.59034663134684,0,0,-0.265623506875722,0.449416744065054,0.186951467077254,1.68446131962208,39
78,9.98630544805001,-1.95676153469361,1.14965640133922,8.59034663134684,0,0,-1.09089599560007,0.619332876303295,0.0601416278934544,1.75196976025928,40
78,10.0154807978565,-1.84733677875004,1.56356779771688,8.59034663134684,0,0,-1.11449360940148,-0.1047196293826,0.664491539027359,0.930931885283116,41
78,10.2572194105389,-0.496181971006516,0.820976001944626,10.055917140057,0.0212746353693655,0.0287329873295128,-0.171748493823757,-0.626848790892349,-0.392515699260258,0.232350888557467,42
78,10.6531705864841,0.0685306866107984,0.674748550915022,10.055917140057,0,0,0.471674018610191,0.116719109369456,-0.417274784795557,1.89667075605577,43
78,10.8949091991664,0.245785086418983,1.14907120484322,10.7821557749815,0.0227453752339402,0.0279915155256565,1.1595008359973,0.59561647362344,0.634960384193427,1.12514232564962,44
78,11.140815718964,1.51289205537079,1.0627191219588,10.7821557749815,0.0186610247680522,0.0300506360951235,1.83322262021493,1.38326942832319,-0.259218652403898,-0.0616702077499391,45
78,11.3033640964573,2.02116696413427,-0.428239470749352,10.7821557749815,0,0,2.27701742249537,1.73187843054492,-1.39074364244437,0.113760160553253,46
78,11.6743078297112,0.953988605360136,-0.46270008456136,10.7821557749815,0,0,1.07593947055583,0.593972187485212,-1.57836937649767,-1.60694517388415,47
78,11.8910389997023,1.13665663271786,-0.91131448567805,11.7685097147281,0.0225830044208269,0.0280733745835291,1.28631326431651,0.659412800139467,-2.23456766502085,-1.00389486558076,48
78,12.1827924977672,0.963045354920038,1.71318832108503,11.7685097147281,0.0177371648850268,0.0305163989879795,1.53250944278877,-0.229157243767772,0.869948030573061,2.74203501449909,49
78,12.4953855314082,0.93836739650837,0.898163437588583,11.7685097147281,0,0,1.50881857791324,0.535523623423,-0.169864159177483,1.67953247168189,50
78,12.5037213456386,0.628160148994006,1.06734351513679,11.7685097147281,0,0,1.05272133832023,0.876366276303015,0.446024058772466,0.93997187867028,51
78,12.9121762429294,1.02057747416237,0.707513824360842,12.5819416068047,0.0191331510032066,0.0298126141990344,1.25593398608449,-0.0971751580254163,-0.389295258882359,1.54570027836328,52
78,13.2289371836856,0.204485378814156,0.909887887135112,12.5819416068047,0,0,0.799399447461225,0.465732599922732,-0.22552296200101,1.79246959539461,53
78,13.2581125334921,0.337589232014465,0.807041421886743,12.5819416068047,0,0,0.654971232572461,0.597996706542122,-0.0899803452245479,2.21706455577221,54
78,13.6582316165525,-0.931365073337332,0.588388081385554,13.6195219459245,0.0239751947588072,0.0273715034328037,0.121500188121487,-0.142143442253319,-0.438482669601411,1.01675122972308,55
78,13.7624292944329,-0.389047066189563,1.76384280609428,13.6195219459245,0.0222445377817327,0.0282440121486746,0.230141922896471,0.15193200077055,0.490970191964517,2.26271767846874,56
79,0,-0.251882232935292,0.959338135902129,-Inf,0,0,-0.180953872365088,-0.893450839401404,-1.87042228304575,0.754374576124405,0
79,0.0875260494194701,-0.330485360700832,0.971410874832008,0.0224989591981284,0.0235380792034054,0.0275918747351286,-0.500582061660707,-0.525722796918457,-2.0632816261893,-0.32937359457688,1
79,0.358440011908306,0.467604148193029,0.985064731189019,0.0224989591981284,0.0190383710630102,0.0298603973963926,0.25418202870622,0.20964351739657,-1.38960487688427,0.636587263928402,2
79,0.533492110747246,-0.148476024968662,2.19828042039863,0.0224989591981284,0,0,-0.546093685300399,-0.308061422590487,-0.0732486691342314,1.18548092143808,3
79,0.850253051503424,0.444545383658284,1.02636994628424,0.0224989591981284,0,0,0.107751230361923,0.451038515707818,-1.51568241290246,0.0172961606002027,4
79,1.06698422149449,1.41810189185361,-0.534163717640834,0.0224989591981284,0,0,1.19669421301366,0.580727380008202,-3.19896215177547,-1.32198215630846,5
79,1.42125632628759,1.17506508795987,1.16027337888106,1.094782815639,0.0191956208986878,0.0297811200733794,0.913783775895389,0.807979756347219,-1.01840401758718,0.985521708651543,6
79,1.64632331050908,0.944577767757564,0.764926574326368,1.094782815639,0,0,0.565945774129798,1.48983113988775,-2.41693381058094,0.433589016062117,7
79,1.80470378088717,0.837383573142309,0.707039705116105,1.094782815639,0,0,0.479822492421265,1.38011786835589,-1.89119460331797,-0.424307305245125,8
79,2.00059541530217,0.42510372526633,-0.358903628818527,1.094782815639,0,0,0.00840131932890459,-0.311678982566445,-3.23735416943798,-0.686120390285281,9
79,2.47990473355165,0.950340545190328,1.23073792346892,2.40691040348835,0.023405748430769,0.0276585891412907,0.747176131616912,-0.776361388311957,-1.19369378080627,1.20919732134672,10
79,2.73831497469485,1.43596408887305,0.980153203467081,2.40691040348835,0.019113719127625,0.0298224107566507,0.836714820470001,1.89910049050607,-1.66260830579471,0.706258433947257,11
79,2.84668055969038,2.68501731510425,0.108972165448618,2.40691040348835,0.0173138358714682,0.0307298198211591,2.08813993511865,1.51899438235859,-2.3151003598153,-1.40022128724482,12
79,3.02173265852932,1.73720857604736,-1.14930804731179,2.40691040348835,0,0,1.34050296867143,1.1668454893148,-4.5440294783583,-2.59038925926111,13
79,3.28847871390295,0.682791802896776,-0.967214334164578,2.40691040348835,0,0,0.2032455403206,0.860823017297212,-3.8594580236703,-1.22468306463209,14
79,3.62607919023519,-0.555189673012678,-0.67416659148481,2.40691040348835,0,0,-0.564509676091423,-0.263300056148726,-3.05608218902711,-2.63858312932141,15
79,3.91783268830009,-0.069875273317113,1.10332444733216,3.63744415291048,0.0199610629468484,0.0293952233489788,0.0560219348639154,-0.103678500260965,-1.6941997486171,-0.360808199436337,16
79,4.17207502232807,-0.157741384038234,1.93411127612275,3.63744415291048,0,0,-0.487344232078133,-0.192066684893373,-0.374338427815323,2.34653704781487,17
79,4.40130991366478,-0.698137987222621,0.701800539504147,3.63744415291048,0,0,-1.24516772062444,-0.263361866163064,-2.03413852594205,0.479482722664342,18
79,4.70973504019053,-0.736600307875227,2.05865448531121,4.40150761033158,0.0194986766640863,0.0296283348593196,-0.656294453261593,-0.769819160373837,-1.05194172026376,0.381780075074323,19
79,4.88061923191426,-0.924942067112527,2.71418071428299,4.40150761033158,0.0166603992216846,0.0310592491533483,-1.29279101300507,0.526961926776646,-0.124545992510804,2.76988513624514,20
79,5.24739505805299,-0.7510890951423,1.92917041831528,4.40150761033158,0,0,-0.856021085021303,-0.605589758337719,-1.0070136695123,0.395010390821126,21
79,5.32658529324204,-0.215299423734107,1.29594839382838,4.40150761033158,0,0,-0.133402884256834,0.327481930474936,-1.54356019540896,0.0180112027740065,22
79,5.5724918130396,0.957284680045214,1.15646873538817,5.48895540930367,0.0232306513103219,0.02774686415231,0.80219302675658,1.40581316496716,-1.53960671433566,-0.472746940175513,23
79,5.81423042572194,0.762408583106657,1.25601101069816,5.48895540930367,0.0192155271235093,0.0297710843731301,0.3611585415337,0.0893092652735702,-1.40082275141394,0.0671052046031244,24
79,6.08931229532599,0.40248101255933,1.68040203128029,5.48895540930367,0,0,0.102143556994121,0.692052849886757,-1.36719387693258,0.691300755150003,25
79,6.3852337005061,-0.045161488852718,1.44587252369463,5.48895540930367,0,0,-0.304072762269417,0.11926987944125,-1.25884553174089,0.627221337701459,26
79,6.64781184876451,-0.027980032565784,1.81657359908703,6.59354894840015,0.0237168655320212,0.0275017398140771,-0.563120484800504,-1.27077322964344,-1.18069350179329,1.0306514009066,27
79,6.91038999702292,1.41853866147602,1.42760051160367,6.59354894840015,0.0193556099497925,0.0297004617780718,1.33331924596017,0.413130247504312,-1.69684485966758,0.0107159438750248,28
79,7.08961000297708,0.914748245441899,1.19422028467057,6.59354894840015,0.0163788799492243,0.0312011767693696,0.710239604766831,0.0823730617072038,-1.4684737244241,0.948775873482215,29
79,7.48139327180709,1.03023073100491,0.16906390174771,6.59354894840015,0,0,1.06196689868732,0.824920305325137,-2.53744516860313,-0.633324340702782,30
79,7.73980351295028,1.10501889508423,0.107094091629204,6.59354894840015,0,0,1.00234311290864,0.00232921548296705,-2.66192021918647,-1.06657861009461,31
79,7.91485561178922,0.273963098506331,-1.02975660501892,7.86698206510538,0.0238229886218167,0.0274482379809422,-0.0171443492660207,-0.306872846610901,-3.86206400038416,-2.23402073131274,32
79,8.20660910985412,2.35949245385523,-0.259085808087371,7.86698206510538,0.018977149086012,0.0298912623853869,1.76594744740524,1.28853499920493,-3.38990501572622,-1.51848164253835,33
79,8.41083655849955,1.2234180168901,-0.166537565765032,7.86698206510538,0,0,0.539416216268283,0.637219536692021,-2.85847477482159,-0.811614785094771,34
79,8.56088121464722,0.668619569936623,0.279341543061852,7.86698206510538,0,0,0.54471264821774,1.29745191028585,-2.39868292041413,-1.67796767503143,35
79,8.88181006251861,-0.207081596775043,0.192014490479032,7.86698206510538,0,0,-0.276859583149442,-0.582166637193776,-2.63627186773628,-0.189663337697978,36
79,9.22774635308127,0.260788154674575,1.46369302955542,9.00043720627168,0.0208426777395493,0.0289507582696042,-0.0403991024745539,0.0201679910385365,-1.45611465731485,-0.282275825154406,37
79,9.49032450133969,0.682662723392003,2.54216730241261,9.00043720627168,0.0164814221573295,0.0311494802336109,0.483270048331203,-0.263468288659431,-0.514693826896725,1.81452440822733,38
79,9.7237272997916,-1.08215282673504,0.772825194036681,9.00043720627168,0,0,-0.98313094690837,0.458427107963325,-1.78822089736383,0.764083094432606,39
79,9.99047335516523,-0.740959689166163,1.04979032986617,9.95318123456807,0.023998739360772,0.0273596334489201,-1.04925448171234,-0.561067068275278,-1.31490582395858,0.509143259253725,40
79,10.1780291753498,-0.31694751659255,1.4599314358371,9.95318123456807,0.020883556802027,0.0289301491374759,-0.552978342956101,-0.0446524119901963,-1.055189066236,0.448839215094238,41
79,10.3030663888062,0.571139792907899,1.68033319991375,9.95318123456807,0.0188067684295383,0.0299771595965208,0.537708333528554,-0.000401479490118761,-0.936999117238888,1.14051697171108,42
79,10.5114617445668,0.0670727722830608,1.06269920783451,9.95318123456807,0,0,-0.0460597475851876,-0.890775040238412,-1.9874158343881,-0.193197168604962,43
79,10.7573682643644,2.09950351010887,0.125506273680266,10.5974538366364,0.0219620610422321,0.0283864224705983,1.61094790918856,1.60387202740626,-2.28545793805507,-1.18157364323708,44
79,11.0449538553141,2.25287632719861,0.0871144823917779,10.5974538366364,0.0171854477855047,0.0307945465264024,2.15208652791262,1.67029792905187,-2.02136551764229,-0.184737439834623,45
79,11.2658529324204,2.14554434351723,-0.777462936796256,10.5974538366364,0,0,1.72016174280196,1.1040966428158,-3.44319196818762,-0.934136945606243,46
79,11.5200952664483,2.75259892859481,0.504931951844087,11.4058838246426,0.022721158491126,0.0280037243685901,2.26071963326911,2.27878736841202,-1.7657609847534,-1.43706745715647,47
79,11.9452217922001,2.23590921097222,0.378908502744962,11.4058838246426,0,0,1.86998109173486,1.88488165538885,-1.63438817098351,-0.846860777615157,48
79,12.1244417981542,0.511560498919172,-0.688881635144085,11.4058838246426,0,0,0.282285804832811,-0.0319258230112466,-3.47097959990117,-0.631313058331041,49
79,12.3911878535278,0.948694209796166,-1.16434642607576,11.4058838246426,0,0,1.22285339491207,0.769922676631909,-3.81823882934752,-1.60581049391005,50
79,12.6996129800536,1.70807214753324,-0.998954942324865,12.6085840247822,0.0231062048077305,0.0278096037128494,1.06263325430452,2.23765220828958,-3.87960798342269,-0.905720745118815,51
79,12.7746353081274,1.81420220729852,-0.210121695967995,12.6085840247822,0.0218601317842274,0.0284378099882643,1.48728060702572,0.32867676659802,-3.13590588813646,-0.853674194923842,52
79,13.1539148556118,0.667289604673963,1.39795303868134,12.6085840247822,0,0,0.370897463832442,-0.0683555263004924,-1.14428656515799,-0.290142595042747,53
79,13.3873176540637,-0.42759064067725,0.134152143465711,12.6085840247822,0,0,-0.737442531563891,-0.637749034126691,-2.22232476596856,-0.873216484059528,54
79,13.5206906817505,-0.331768579622313,0.0816394396732381,12.6085840247822,0,0,-0.697813652479809,0.388660382434312,-2.73434348510105,-2.2896564981146,55
79,13.9541530217327,0.468195651901856,1.22906588120029,13.5974971558084,0.01869431122649,0.0300338547655523,0.268085795795627,0.330892675901496,-1.6256546889676,0.09064473631117,56
80,0,0.54244768070288,0.358890891901682,-Inf,0,0,0.632027811879706,-0.663555502777584,0.0674709838260345,-0.291531360781143,0
80,0.0708544209586186,0.224445979975118,0.0783656518833304,-Inf,0,0,0.496875323632342,1.12175684131598,0.0799411314421902,0.703230667086082,1
80,0.250074426912772,0.181633563482051,1.18468849409686,-Inf,0,0,0.914970976331142,0.455238470874947,0.810092420248221,1.47307683084133,2
80,0.516820482286395,1.20243710611097,0.657820242679912,0.379567686456721,0.0223384562955054,0.028196663238434,1.50505835805125,0.833170045614304,0.405735032169948,1.56812682540885,3
80,0.921107472462042,1.01784297375506,0.279757614870493,0.379567686456721,0,0,1.07109524916095,0.910060931466315,0.138504071769744,0.510666036397527,4
80,1.07948794284013,1.35379364541941,0.781015515827083,0.994489929613729,0.0232063749088327,0.0277591030720766,1.16442748845247,1.49508395279555,0.54655234062848,0.790923724632444,5
80,1.27954748437035,1.7089504214089,0.347915543726805,0.994489929613729,0.0198835135128496,0.0294343198065503,2.11492667921472,1.61822384326354,-0.164143106989283,1.08925938323492,6
80,1.54212563262876,2.04414428495399,0.457491750899833,0.994489929613729,0,0,2.20427786429354,1.34378925097519,0.876009180920152,1.05713670773584,7
80,1.96725215838047,2.24267881417106,0.157097526322558,1.85993920240659,0.0228357379412486,0.0279459592711553,2.12515501294104,1.06655191622401,0.310382206657679,1.5445003437955,8
80,2.10896100029771,1.63814486246778,0.315783353206047,1.85993920240659,0.0204820444524259,0.0291325711247392,1.76005880804645,1.70419534605913,0.314979470870508,0.790660217401762,9
80,2.36320333432569,2.01774566277839,0.703816480068208,1.85993920240659,0.00350451424910355,0.00671941610375089,1.81543179382423,0.80081519287417,0.840820439882352,0.894050520872562,10
80,2.71747543911879,1.13830845044567,-0.0830552072509535,1.85993920240659,0,0,1.45525259698353,0.380876919484651,-0.406907673815791,1.17766418678353,11
80,2.88002381661209,1.33370685814544,0.522669826176958,2.78139034152891,0.0229798985834663,0.0278732808499037,1.94368174212051,0.514367139211058,0.498722538327774,1.81925794999193,12
80,3.13843405775528,1.36530171007366,1.15047520560872,2.78139034152891,0.01868786928032,0.0300371024652608,2.0572614835852,1.01909289216829,0.583708103051645,0.81305247453595,13
80,3.26347127121167,0.681434172250106,0.897525120740005,2.78139034152891,0.0166110809078309,0.0310841129243087,1.00129719147888,0.776799544377817,0.634868688052742,1.47174469573294,14
80,3.58440011908306,1.09612108445665,-0.207662425035676,2.78139034152891,0,0,1.08950115154884,0.387448273719961,-0.599499558796085,1.23907075200189,15
80,3.7927954748437,0.939937166296558,-0.983179727576742,2.78139034152891,0,0,1.15531976872924,0.0204510060637869,-1.14591657061863,-0.384221928740574,16
80,4.00952664483477,0.745353404344361,0.556595632256652,2.78139034152891,0,0,1.18719082751991,-0.746248841547987,-0.0595366314916225,1.24804538557928,17
80,4.40547782077999,1.7365015400508,1.07714508123193,4.12685920858505,0.0199904602423356,0.0293804027364165,1.88220372638818,0.840139631608374,0.704613922502246,1.61259069818292,18
80,4.65138434057755,2.54108303814706,0.0899648234076153,4.12685920858505,0,0,2.34548944849189,1.14716452219742,0.380615138676653,-0.234606642421152,19
80,4.78892527537958,2.23585159529023,0.297480045706408,4.12685920858505,0,0,2.59858236289151,1.44654611948564,-0.267402886354034,0.016886909556596,20
80,5.06817505209884,1.1212498628704,-0.0554093861101756,5.02757002275007,0.0239437140592242,0.0273873743911259,1.51111518984442,0.154106747916841,-0.0497592282732048,-1.17146987933854,21
80,5.3807680857398,2.62997132299826,-0.745370238534765,5.02757002275007,0.0187517431279998,0.0300049005387386,2.54468506980813,1.53438673683692,-0.766330773260609,-0.11249658823853,22
80,5.70169693361119,1.63789559498118,-0.538835462010826,5.02757002275007,0,0,1.9211616920192,1.10295704554325,-0.756924019400788,0.0232882838705201,23
80,5.93926763917833,0.832146244397903,-1.89539630701888,5.02757002275007,0,0,1.07894714917981,0.836976697533244,-2.41597952864614,-0.889123246729543,24
80,6.23518904435844,1.25628648272264,-0.189403911301544,6.17895390665015,0.0236841079275407,0.027518254522537,1.31640570011159,1.77373089589813,-0.404481140056795,0.350762890492604,25
80,6.3518904435844,0.721302785947462,1.23276978546855,6.17895390665015,0.0217457721132176,0.0284954642843125,0.978401494147106,1.62005509875836,0.880929492418654,0.944989311731507,26
80,6.60196487049717,0.796305506866815,1.47843677310239,6.17895390665015,0.0175921953682384,0.030589485202402,1.01765623980395,0.72171276606659,1.15339065345516,2.559878611031,27
80,6.95623697529027,0.265229350383062,0.32976135665633,6.17895390665015,0,0,0.358107279695775,0.0659176672020975,0.556363473206284,1.16270850583753,28
80,7.16880023816612,0.379265038520949,0.695565616602669,7.16119224979685,0.0244917738658889,0.0271110706726723,0.67859614055506,0.0847692645540751,0.460084718193299,0.280908695789587,29
80,7.28966954450729,0.472807805971736,1.04486570480146,7.16119224979685,0.0224842117724812,0.028123180783083,0.455578600916497,-0.160269964053647,1.1296684136921,1.43464568813353,30
80,7.67728490622209,1.01919823683271,1.64500090522352,7.16119224979685,0,0,1.34847516380996,1.06633470464463,1.76560955864847,1.00510870142214,31
80,7.8106579339089,0.88641383931796,0.253405391720094,7.16119224979685,0,0,1.00940831013496,0.548669176993417,0.125100507544004,0.525704026298192,32
80,8.23578445966061,0.115867116078812,-0.503900434892323,7.16119224979685,0,0,0.696099871471926,-0.100791955415461,-1.15241675298872,0.852421246170273,33
80,8.26912771658232,0.30697677283683,0.0443352072587506,7.16119224979685,0,0,0.543962871352332,0.243135688533598,-0.0218080726910008,1.97525150173758,34
80,8.57755284310807,1.10030280043666,0.704132261509171,7.16119224979685,0,0,1.27005071193275,1.93385819164046,0.698131949371283,1.18618161116464,35
80,8.94016076213159,1.08987275269098,0.0757195068325649,8.59610252427833,0.0189035497945493,0.0299283673831445,1.35161423111823,0.927188227534162,-0.209594265912219,0.508327859602004,36
80,9.16105983923787,1.70263017770597,1.0007168776534,8.59610252427833,0,0,1.8852130672844,1.41031342826445,1.32013011169516,1.8040847839629,37
80,9.35695147365287,1.67173645397983,-0.187555461287559,8.59610252427833,0,0,2.03824044799607,0.731522118345194,-0.525312654764207,0.865737405132195,38
80,9.53617147960703,1.35919032665829,0.291908446353063,8.59610252427833,0,0,1.58190373640994,2.13007835732921,-0.0309671703054754,1.34070204158659,39
80,9.87377195593927,0.973287053361814,0.20121289836347,8.59610252427833,0,0,0.899726804440931,1.60339787100637,0.345699241498854,-0.11988593734209,40
80,10.1530217326585,1.12212337846164,0.902736033664642,10.1407706044453,0.0244146542742687,0.0271499504257138,1.25292074694124,-0.366517732241271,0.63503228882093,1.63575692945522,41
80,10.4114319738017,1.18595982792142,0.545094294980867,10.1407706044453,0.0201226249711229,0.0293137720410737,1.12328625318265,0.845127280218465,0.14459202382669,1.25095333711796,42
80,10.6406668651384,2.48246137188448,0.199739481991381,10.1407706044453,0.016315179621557,0.03123329121599,2.2941415082999,1.0872313928195,-0.271335086311693,0.428140249075837,43
80,10.9907710628163,0.916401743236834,-2.1330077971,10.1407706044453,0,0,1.25501380568812,0.28605423460078,-2.32861669976367,-1.74511376142523,44
80,11.1241440905031,2.07261618361374,-2.10495504295347,11.0586790982455,0.0235308059298509,0.0275955415475818,2.34080837923409,1.09980165886924,-2.11646048268453,-0.357155677600651,45
80,11.4200654956832,2.09013727458593,-0.0288107174562465,11.0586790982455,0.0186157401149597,0.0300734663006544,2.19160757003755,1.13019513211017,-0.33179033742186,1.20101920206603,46
80,11.6909794581721,2.20635877664441,-0.946678018595424,11.0586790982455,0,0,2.40604813976075,0.58586771899432,-1.4115386918732,-0.712336625278696,47
80,11.807680857398,2.40153626323375,-1.64032047815544,11.0586790982455,0,0,2.46409308181352,-0.0172875883501515,-2.23125427083693,0.376171177751519,48
80,12.0202441202739,1.88806430537401,-2.0183455521382,11.0586790982455,0,0,2.02901434250643,1.13917376554105,-2.08467569745659,-0.717091345185405,49
80,12.3870199464126,1.91470324266561,-0.273870633860026,12.2097126257176,0.0216731761824329,0.028532063438952,2.19523434297067,1.58435405492841,-0.85036605042127,-0.0641132975963565,50
80,12.707948794284,2.77798233042781,-0.551164886053072,12.5359754325374,0.0381045225318541,0.0597067893332594,2.79253362924898,1.14612459616226,-0.346179828942537,-0.190225182432521,51
80,12.7537957725514,2.28288580259007,-0.538022067767103,12.5359754325374,0.0210002807688978,0.0288713028844085,2.63213119933047,-0.059907192667056,-0.601449708693947,-0.30301549500227,52
80,13.2289371836856,0.781142685409168,0.251172919281741,12.5359754325374,0,0,1.03780500816951,0.376794401023437,-0.225782954809099,1.83202144214007,53
80,13.2664483477225,1.00237366030822,-0.120730395424996,12.5359754325374,0,0,1.59831041525722,0.828233930256026,-0.243639062775304,-0.79640519738878,54
80,13.5998809169396,0.309589558267224,-0.259544104658058,12.5359754325374,0,0,0.497633157711188,0.822591788129793,-0.352610766326936,0.825074071476059,55
80,13.9333134861566,0.228602802612523,1.67378081457479,13.7034727483871,0.0208006296282399,0.0289719567763499,0.921266967056004,-0.193756473638935,1.82639415481383,1.58476295059817,56
81,0,0.43502485221919,-0.030571573549252,-Inf,0,0,-0.0343333830846387,-0.954940126549502,-1.0501833466391,-2.0609550732114,0
81,0.129205120571599,-0.635239610853214,0.265606231870669,0.108066939027049,0.0242670459861868,0.0272243669736356,-0.925746435536743,0.225317511096035,-0.645857683837286,-0.0514558266156725,1
81,0.475141411134266,-0.141339052830309,0.639983012471971,0.108066939027049,0.0185212648222979,0.0301210959103264,-0.788916247020256,-0.12483205315932,-0.0749504985732532,-0.954921819644766,2
81,0.591842810360226,-0.171202474178703,1.40626091454109,0.108066939027049,0.016582929007974,0.031098305672102,-0.292881992047745,0.831644152446129,0.590861495953741,2.01780080479271,3
81,0.904435844001191,-0.38423620337189,2.15474365693144,0.108066939027049,0,0,-0.681930811099465,0.822512413897768,1.58606954008855,1.59073597716583,4
81,1.14617445668354,0.458839655452878,2.49199056077864,0.949145452420299,0.0213456115959575,0.0286972047468522,0.0163750408891639,1.52542332898192,2.01174485902915,1.01127568747232,5
81,1.42125632628759,0.727597341379674,1.66925803513029,0.949145452420299,0.0167766771764797,0.0310006277567532,0.237004706631148,-0.00041013838064019,1.31117919209598,1.44962630685599,6
81,1.69217028877642,0.167828102777465,0.538157684550155,0.949145452420299,0,0,-0.455597541917453,0.491100999776034,-0.391594657546213,-0.362656500491047,7
81,1.98392378684132,2.18906945043803,1.45438679349165,1.70796602961715,0.0200346553464282,0.0293581218257388,1.68761085094027,1.92004374721634,1.3197900568609,-0.312441492587506,8
81,2.15480797856505,0.515808010795743,1.87170242170541,1.70796602961715,0.0171963779040256,0.030789036119767,-0.137920180394913,1.41720572066391,0.508492264960413,1.17664464610763,9
81,2.47990473355165,-0.780235608029669,0.550724837707913,1.70796602961715,0,0,-0.579833368037262,-0.114727580374447,0.38423217731697,-2.38535991325407,10
81,2.51741589758857,-1.11514363488082,0.64521202707529,1.70796602961715,0,0,-1.3093585800479,0.242975208378135,0.142887392336369,0.184167360482396,11
81,2.77582613873177,0.31477766053516,0.374965833913795,1.70796602961715,0,0,-0.139885587761414,0.20488171100361,-0.725823471945384,-0.40566586092067,12
81,3.07591545102709,2.01386198374444,-0.440413052431137,2.9955020049766,0.0232825216457956,0.0277207137825937,1.35099592642478,2.48539254357494,-1.3446198072722,-1.05980902545745,13
81,3.35099732063114,1.41536407986216,0.900420199438502,2.9955020049766,0.0187135872263199,0.0300241367924956,1.26090384192114,0.767093968235629,-0.39142637108415,-0.488430611987674,14
81,3.59273593331349,1.32976598834166,0.833169772330671,2.9955020049766,0,0,1.03321613481218,1.02292773138149,-0.295141913845397,-0.183990282114207,15
81,3.79696338195892,2.53373626017032,-0.219331952298254,2.9955020049766,0,0,1.93643505315194,1.68252698659865,-0.699444736026003,-1.95326658862823,16
81,4.01369455194999,0.0910470281589998,-0.300627450415938,2.9955020049766,0,0,-0.222126939847885,0.203018964103403,-1.49878075132864,-0.533687575186768,17
81,4.35963084251265,0.354074666700458,0.206738857587007,4.18196762459567,0.0216672649565552,0.028535043576658,0.0636342132609424,0.979246110198511,-0.839201030419435,-0.884287450303193,18
81,4.6972313188449,1.36951966825286,0.530773615543636,4.18196762459567,0,0,0.972504523332192,0.106617701004232,-0.489411570895892,0.380137279146017,19
81,4.79309318249479,1.4835741669693,0.970365068571403,4.18196762459567,0,0,0.986090308261689,0.765771138090777,0.614059411860596,0.328321770661201,20
81,5.0890145876749,0.179615525400065,0.505941321313347,4.18196762459567,0,0,-0.301505829849956,0.0916617404267043,-0.267759545133609,-0.856058698166052,21
81,5.27240250074427,-0.320517800268735,0.439448035975999,4.18196762459567,0,0,-0.711696014383738,-1.2438441075093,-0.112553047024352,0.330708869839496,22
81,5.61417088419172,-0.91825779654993,0.345937461305293,4.18196762459567,0,0,-1.08651298412384,0.016973051126206,-0.81427481459615,-0.357371786559666,23
81,5.86007740398928,-0.860135913560616,0.845653095616561,5.7792585635701,0.0232757883038711,0.0277241083891432,-1.05650376219929,-0.902540735691316,0.110625578819706,0.223245081820407,24
81,6.18517415897589,0.0436087793622016,1.91307340677145,5.7792585635701,0.0178761385354028,0.0304463355826653,-0.286866311926343,-1.14453031559702,1.11674835890396,0.576877373415162,25
81,6.35605835069961,0.42386850245226,0.940624699251668,5.7792585635701,0,0,0.343749402924115,0.604029759713047,-0.264403469009333,-0.259804078409503,26
81,6.72700208395356,1.68962770526789,1.38382424812723,6.36713327072883,0.0186409462208966,0.0300607586714709,1.16411233039205,0.383120357381945,0.0715229790674866,0.574900701874834,27
81,6.75200952664484,1.72142434384833,1.21600728196649,6.36713327072883,0.0182255885463978,0.0302701607632795,1.01067514788549,1.02085508189276,0.104595083445857,-0.998356067708061,28
81,7.23965465912474,0.256359757773757,-0.0113412133308248,6.36713327072883,0,0,-0.257372218685403,0.691841458897443,-1.19290223607789,-0.835442944543487,29
81,7.31050908008336,0.232557108350354,0.0487523561992201,6.36713327072883,0,0,0.10507330205355,-0.15165857568877,-1.14368973336412,0.434987429176009,30
81,7.56475141411134,0.542116855327357,-0.43543523311112,6.36713327072883,0,0,0.320140184765775,0.389460720015573,-1.09077110603619,-0.935959653610138,31
81,7.82316165525454,1.89430552257275,0.712928286089087,7.5759920727569,0.0205128085688536,0.0291170614309789,1.20542897929551,1.82152713724912,-0.0990434238763337,-0.0827699465820823,32
81,8.15242631735636,0.311777097709113,1.7218986454692,7.5759920727569,0,0,-0.109220427054752,0.526516990938002,0.769874366911935,0.203006003172621,33
81,8.44417981542126,0.311553845785311,0.762982776072402,7.5759920727569,0,0,0.143977503781813,0.605810907241451,-0.307593307619292,-0.477969654391473,34
81,8.57755284310807,-1.04388635566764,0.456730773456308,7.5759920727569,0,0,-1.20180659515119,0.510651317767462,0.0119438813706612,-1.45433187734628,35
81,8.80261982732956,0.0391601977071298,-0.0990145919851553,7.5759920727569,0,0,-0.209013221672738,0.410582924183618,-1.00747910580445,-1.05780596466368,36
81,9.23191426019649,-0.508805821660687,1.24789645492817,9.06488815106881,0.0218439405496898,0.0284459727804705,-0.899303023129147,0.205822010132253,0.281790029076434,1.65092313160343,37
81,9.27359333134862,0.0155340600010544,1.50142078443156,9.06488815106881,0.0211516777588495,0.0287949762668065,-0.104510968058505,-0.238451974776062,0.172355547791058,0.49709433131662,38
81,9.61536171479607,1.20451704604523,0.416925557545649,9.06488815106881,0,0,0.588141254447557,1.13559049762368,-0.135139508906146,-1.18006642056551,39
81,9.87793986305448,-0.0366279821957008,-0.0796455529786149,9.80585242759687,0.0234208113717901,0.0276509951769706,-0.555573903097607,0.638973343653252,-0.52392501113912,-1.18812562773805,40
81,10.1071747543912,0.56184866994668,0.329146289477787,9.80585242759687,0.0196133660222278,0.0295705143518857,0.24344265995424,1.5514898218221,-0.885805408804845,-0.65785481958938,41
81,10.3114022030366,1.30475670631789,1.72868511871723,9.80585242759687,0,0,0.701819144641658,1.42259561800963,0.888300176046244,0.632612279639685,42
81,10.7073533789818,1.10699682104902,-0.232528068205267,9.80585242759687,0,0,0.642936511471589,2.10105161330235,-1.18234234830255,-2.57073763741385,43
81,10.9615957130098,0.0658305181325828,-0.38034545511963,9.80585242759687,0,0,-0.144337605846753,-0.0935359730390263,-0.839450097260978,-0.409336549508989,44
81,11.0991366478119,0.31128155513258,0.157071449793623,11.0072088931974,0.0230912763238549,0.0278171298907507,0.213371293369793,2.01364643107746,0.0462409139051457,-1.35025530918009,45
81,11.4242334027985,0.0360814169211975,1.87109307598922,11.0072088931974,0.0176916265553727,0.0305393570842554,0.291974025494193,0.204584400481183,0.78166740587581,-0.0955846261684056,46
81,11.6784757368264,0.825283424496024,1.58853915582801,11.4751161445899,0.0212404645670768,0.0287502144999985,0.378531138604167,-0.0676395661980838,0.460511736057681,-0.286097355232786,47
81,11.7826734147068,0.642746558690831,1.71280502504534,11.4751161445899,0.0195098075900116,0.0296227232158814,0.351550330306656,1.09185171636734,1.01139493170832,0.214619839253938,48
81,12.236975290265,-0.627646550554862,0.795367314964636,11.4751161445899,0,0,-1.03495014506502,0.541949162072517,-0.0655509969349811,-0.504254548756449,49
81,12.2744864543019,-0.254720274204575,0.746541998024172,11.4751161445899,0,0,-0.295076535757152,0.14450676493737,0.149872483960654,0.589797055560687,50
81,12.6537660017862,1.06916357160918,0.404041554707282,11.4751161445899,0,0,0.66450810204205,0.798356665397282,-0.62814243134356,0.652425709107982,51
81,12.8621613575469,0.116155834586196,0.273505149862727,12.8489318238356,0.0243984035829285,0.027158143192981,-0.245985448777957,1.25643937665648,-0.995584382608322,0.483147354328872,52
81,13.1872581125335,1.14383940708227,0.301141241498433,12.8489318238356,0.0189987538144537,0.0298803703864987,0.634414502275461,1.78542300747688,-0.0663810055709674,-1.08654626486361,53
81,13.4039892825246,1.15569326436554,-0.13413793097965,12.8489318238356,0,0,0.811344572720021,2.18221732984365,-0.972477699069815,-1.13610538253119,54
81,13.6332241738613,1.60668205612184,-1.15160129002958,12.8489318238356,0,0,1.0107906630043,2.14444763305104,-1.7461730749742,-1.65912925855372,55
81,13.8207799940458,0.543260100704709,-0.638334923431086,13.7656687246519,0.0237027746634968,0.0275088437091764,-0.141683713772533,-0.875758356054255,-1.277564583691,-0.844026061764862,56
82,0,1.60076388089052,-1.07866670851867,-Inf,0,0,1.74978007803709,1.20404022195074,-0.450159905292512,-2.4103791315952,0
82,0.0541827924977672,1.51650738001884,-1.01091897925967,-Inf,0,0,1.04742829527317,0.828052178155122,-0.509656237699528,0.294791619555002,1
82,0.450133968442989,1.40747552960525,-0.287599976524611,0.0827057444024831,0.0185153892282925,0.0301240580842574,1.14756052224045,1.37336145420625,-0.020327564552283,-0.208871852796173,2
82,0.716880023816612,-0.814554139913102,-0.368403887731512,0.0827057444024831,0,0,-0.652172441949843,-0.226245539167578,0.26435717472928,-2.26230893991241,3
82,0.862756772849062,-0.807646800600941,0.349103590652766,0.0827057444024831,0,0,-0.400244194106754,-0.418005793136514,0.418978300649804,-0.183865833769832,4
82,1.22953259898779,0.0941677636944619,1.60223521012534,1.07457960303694,0.0220444672598719,0.0283448774711562,0.128173276305342,-0.563294146978092,2.12005950091596,0.238079901023718,5
82,1.25870794879428,0.0134039953492733,1.38854421754132,1.07457960303694,0.0215598833062891,0.0285891799115988,0.20891911865782,1.07034008348755,1.80136637612917,0.627574074123519,6
82,1.7171777314677,0.419781767995952,1.42032975882661,1.07457960303694,0,0,0.444672734619791,-0.0536389047140193,2.06693776412083,0.688547427729871,7
82,1.87139029473057,-0.175446893934128,0.751897263097276,1.07457960303694,0,0,-0.00643682483489486,0.473679739633301,1.30018503114908,-0.269886989019935,8
82,2.0089312295326,0.492939862504693,1.08088984718459,1.07457960303694,0,0,0.199585301128732,0.738358019687161,1.83094243253204,-1.297337034139,9
82,2.32986007740399,-0.726075520062777,1.12614081977292,1.07457960303694,0,0,-0.21169121723046,-0.98325052072412,1.83686049730587,0.127288767504256,10
82,2.72997916046442,0.372036904154139,1.03517547294166,2.54360765183452,0.0215226258015638,0.028607963239571,0.060972692770899,1.21656661461623,1.15922975352099,0.119665515034008,11
82,2.78416195296219,0.670464763568112,1.72791177068136,2.54360765183452,0.0206226841734838,0.0290616677718205,0.420786263816554,-0.172982147346399,1.94246437413464,1.0440767958262,12
82,3.10092289371837,1.01758520813857,1.84402636832949,2.54360765183452,0,0,0.468212378242218,1.96236847327692,2.23575993348627,1.74032321044524,13
82,3.48437034831795,0.369675210790673,0.961670359399047,3.11091266485791,0.0184152437526477,0.0301745463101238,0.405213881744199,0.774063566384377,1.54968871197605,1.25378038797068,14
82,3.59273593331349,0.00516967091272495,1.44470811147226,3.11091266485791,0.0166153604964903,0.0310819553746294,0.0408549248756454,0.311493862721652,1.95798576781305,-0.0348248739564064,15
82,3.9220005954153,-0.309054955401458,-0.148297857903198,3.11091266485791,0,0,-0.408639618546794,1.65833683450814,0.565059707215806,0.858766656958607,16
82,4.23876153617148,-0.914543400036198,-0.496931371402519,3.11091266485791,0,0,-0.635091788465786,0.237715189703469,-0.230182989064539,-1.71336607609965,17
82,4.3096159571301,-1.3872155772695,0.151479904914595,3.11091266485791,0,0,-1.2134112477194,-0.593168917238673,1.12740352289529,-0.584414355139285,18
82,4.74307829711224,0.325213336951511,2.0114216290435,4.49195483000233,0.020447137067051,0.0291501696427543,0.292752218492366,1.05549506123245,2.77150154901415,0.958422127037242,19
82,4.98481690979458,0.00678365705576393,1.74185197425604,4.49195483000233,0.0164320128802376,0.0311743898635742,-0.406425727471501,-1.38670500049828,2.34978861373291,0.60688505062233,20
82,5.00148853825543,-0.0544797892225885,1.2589732412566,4.49195483000233,0,0,0.156812078544686,1.12596988945528,2.35290374665584,-0.484020521088469,21
82,5.41411134266151,1.18977969312662,0.978834239768706,5.21753977475724,0.0213532093221484,0.0286933743619719,1.44548601543266,0.686216453396736,1.05454683958917,-0.133975953746767,22
82,5.63084251265258,1.24434958246052,1.35885091277986,5.21753977475724,0.0177534428098328,0.0305081924909831,0.965713554610855,0.97896068876172,2.05622423561204,0.197524337712472,23
82,5.76004763322417,0.977577104201794,0.168099024233072,5.21753977475724,0,0,1.00919606224902,1.02902032429391,0.4666020475109,-2.2427513284267,24
82,6.10181601667163,0.396305056260359,-1.14435806720175,5.21753977475724,0,0,0.459491018033628,0.353646588305784,-0.515191270297685,-0.929553289944884,25
82,6.35605835069961,1.41523368771183,0.132832282116995,6.28991436121376,0.0235195282189286,0.0276012271925244,1.19867093294277,0.226358845959776,0.836048052635575,-1.54642288769081,26
82,6.52277463530813,1.58717202886304,0.210253228955747,6.28991436121376,0.0207504770556088,0.0289972411379175,1.47748749529567,2.22929803635522,0.0743944944070368,0.118036226560973,27
82,6.93122953259899,0.961305945003123,-0.387554227050214,6.28991436121376,0,0,0.95991001354235,0.57355615080408,0.114585115111435,-2.65193050632981,28
82,7.11461744566835,-0.0704206324104368,-0.303556821601052,6.28991436121376,0,0,-0.0359022829836906,0.614568241521664,0.171396955594337,-1.48412259879975,29
82,7.39803512950283,-0.782643170556163,0.070403502892784,6.28991436121376,0,0,-0.579856461253089,-0.115395042166376,0.625481491492117,-1.30885834466224,30
82,7.65644537064603,0.790673283981313,0.766641436925101,7.54493999817552,0.0227661045769663,0.0279810648513148,0.623407018992526,0.162022575481568,1.24450463759126,-0.58747830858584,31
82,7.9065197975588,1.877386089905,1.34754829431073,7.54493999817552,0.0186125278319917,0.0300750857694102,1.65885856258752,1.43169111568378,1.94772726134559,1.405544400009,32
82,8.00238166120869,2.32000564039887,1.32678848419492,7.54493999817552,0.0170203234130783,0.0308777937880055,2.21807301661686,1.43937466989396,1.73084837883836,-0.157335386018158,33
82,8.28579934504317,-0.0129035178447705,1.31863873793692,7.54493999817552,0,0,0.520064313178466,-1.0581077434019,2.32390686999586,0.893902467897462,34
82,8.71509377791009,0.703075714975419,0.881116275211552,8.64695115840027,0.0234863322488717,0.0276179629024922,0.579591419408414,1.12685949757655,1.21249516826501,-0.270609145576718,35
82,8.96100029770765,0.940864579038022,1.84706079157877,8.64695115840027,0.0194019817829643,0.0296770834719354,1.35219040436327,0.943305302413023,2.33720322257839,-0.643923874695949,36
82,9.09437332539446,1.81968352365535,0.626559982995714,8.64695115840027,0.017186740852309,0.0307938946282496,1.63619155790777,1.35871550397296,1.59146947762062,0.0318837123995532,37
82,9.27776123846383,0.603668402619826,0.796019728482238,8.64695115840027,0,0,0.735561618630103,0.00778275308901921,1.86224413074595,0.112057748843856,38
82,9.55701101518309,0.370929046864484,0.386382586832575,8.64695115840027,0,0,0.39802947238395,0.814887932408424,0.905495103348234,-1.12841856781821,39
82,9.92795474843703,0.0466329929543802,-0.732837099090337,8.64695115840027,0,0,0.0396695365701632,-0.0337676477406009,-0.222029518384254,-1.20734298199701,40
82,10.1696933611194,1.33103725759271,0.593715795122428,9.93216246949294,0.0206729010771127,0.0290363509778754,1.45855344735761,-0.247030709218833,1.55835793323493,0.279554970689356,41
82,10.4489431378386,1.13793999292901,1.2544343697176,9.93216246949294,0,0,0.990547187124185,0.391514672345831,1.46115093388488,0.36076911375212,42
82,10.6281631437928,0.334163934526859,0.636934310536847,9.93216246949294,0,0,0.255996404493709,0.250931126518263,1.32761045875946,0.689854125853571,43
82,10.9324203632033,-0.532259164517884,0.843014449068966,10.8495778963722,0.0232421771597444,0.0277410534086294,-0.249034889909627,0.129943242619325,1.36669789468357,-0.500626998514662,44
82,11.16165525454,-0.614534940836601,1.33308455834285,10.8495778963722,0.0194347318101811,0.0296605725835447,-0.428056399850696,0.921865848626947,1.56735863039353,0.119028567099062,45
82,11.4617445668354,0.154725660175955,2.38521758246191,10.8495778963722,0,0,0.190247935189726,-0.41755072272576,3.44834421782803,0.994335559201395,46
82,11.5200952664483,0.0766507763878608,2.05803104525812,10.8495778963722,0,0,0.0992661656609879,0.961921772002897,2.75250754552921,0.926286611636497,47
82,11.786841321822,-0.399179412160094,1.6484631217862,10.8495778963722,0,0,-0.275404745016682,-0.898975910659603,2.21869991634278,-0.0468805735096943,48
82,12.2494790116106,2.42856893030348,0.246853337369327,11.9040448425839,0.0188806964552733,0.0299398888677586,2.21513202846083,1.50959808756779,0.971302962546408,0.231112494589986,49
82,12.453706460256,1.83170434719244,-0.204547231448925,11.9040448425839,0,0,1.71736355719818,0.896408373692029,0.349668073329231,-1.7946273954722,50
82,12.5537362310211,1.06429413252756,-0.89108266275384,11.9040448425839,0,0,1.14808926519275,0.708628462492001,-0.297691448620144,-1.8378413099677,51
82,12.9663590354272,0.486273974770314,-0.840236024653459,11.9040448425839,0,0,0.467614189072989,-0.211432535625134,-0.480339791292866,-1.44921407667995,52
82,13.0122060136946,-0.422666541886921,-1.00887934155149,11.9040448425839,0,0,-0.246176198194224,1.29479522228885,-0.494978263752483,-1.40697823704289,53
82,13.2831199761834,0.544112640630863,-0.150040855823847,13.08722715988,0.0213644829533682,0.0286876907738236,0.434961786445532,1.86461322224572,0.0447196891625705,-0.880587628742953,54
82,13.5123548675201,0.113115587523388,0.447692955071116,13.08722715988,0.0175570376037939,0.0306072099487267,0.384214040480055,0.644020038867426,0.630367280755784,-1.2759015848993,55
82,13.9708246501935,0.731798802402042,0.00669736827330615,13.8221398362191,0.0221485777649354,0.0282923902802803,0.978191575940555,-0.609105534845884,1.10006538394771,-1.28282637711827,56
83,0,-3.37643447571256,2.12028388217724,-Inf,0,0,-3.27928179842859,-2.85438643961407,3.19174274773708,1.00443148227746,0
83,0.170884191723727,-1.66608076424967,2.45336171273959,-Inf,0,0,-1.85916238183599,-1.30264395346211,3.12750295200782,0.697040990763742,1
83,0.266746055373623,-0.792509201044889,1.57147121151225,-Inf,0,0,-0.784859733308808,-0.0462932980006399,2.41890534522206,-1.37477824120323,2
83,0.675200952664484,1.69196786638729,-0.0226096947658075,0.303442902280949,0.0184434735741005,0.0301603142782472,1.51165485473327,-0.0956231526281203,0.624283722656692,-1.69564944354972,3
83,0.971122357844597,1.60437553388284,-0.387556520703623,0.303442902280949,0,0,1.25055188809368,0.892577416879013,-0.184897194667094,-2.7135664362088,4
83,1.02530515034236,1.58649850830413,-0.594659402126359,0.303442902280949,0,0,1.28338506708762,0.238802723522575,-0.278090445724234,-1.78264196415973,5
83,1.27121167013992,0.559932299525607,0.72175091869368,0.303442902280949,0,0,0.237180296894493,0.946238643261442,1.35756232306718,-0.354470715456958,6
83,1.72134563858291,0.135570461023215,-0.123312719654379,1.50339790549881,0.0209981648512511,0.0288723696218521,-0.37195374814392,-0.729370301716032,0.735354601042847,-2.56637444623142,7
83,1.879726108961,0.655346796113493,0.02085880139977,1.50339790549881,0.018367566246099,0.0301985828699775,0.335792640876469,-0.591098106196938,0.345918423013639,-1.95322104251268,8
83,2.18398332837154,2.74267264795365,-0.724501052278961,1.94542808986376,0.0206558873286907,0.0290449284394805,1.88347812376927,1.13955942227163,-0.601444920116067,-2.61530032350292,9
83,2.26317356356058,2.70876156743416,-0.856971067171173,1.94542808986376,0.0193405880261141,0.0297080350635426,2.39702938057334,-0.444039452692089,-0.217861398722788,-1.48115251981263,10
83,2.50908008335814,2.13324863177137,-0.0607950582801273,1.94542808986376,0,0,1.82554450239546,2.02347320135231,0.578588179281914,-1.21930348507126,11
83,2.79249776719262,1.08597743878141,0.650266474451695,1.94542808986376,0,0,0.74244908144243,-0.255680246419782,1.65837473597847,-0.714309016443536,12
83,3.22596010717475,0.26656537286995,1.70625161060946,3.00900819785356,0.0210147048488628,0.0288640310011637,0.370764514289962,0.413194116604315,2.23687803199455,0.37943610004461,13
83,3.49687406966359,1.19204253252033,1.47288690890584,3.00900819785356,0.0165149967084694,0.0311325536624281,0.708562292514091,1.47047160681876,2.45328434406163,0.191383533240669,14
83,3.61774337600476,1.26414680568997,0.870854138802948,3.00900819785356,0,0,1.15404802016687,0.866933813512283,1.26978641233295,0.790511579402617,15
83,3.80113128907413,0.208481581503222,1.17345107020271,3.00900819785356,0,0,0.109669583457936,-0.301637735305997,1.49764635633359,-0.536264246156219,16
83,4.12206013694552,0.0143163883818506,1.54377528519067,4.04208972604695,0.0232898801771228,0.027717003987529,-0.124602167655114,-0.822017431459496,2.20408505492193,-0.181800014129164,17
83,4.35129502828223,1.35761502334497,1.05250625688933,4.04208972604695,0.019482434827555,0.0296365231624383,0.839607570807495,0.879798318895006,1.60790479359532,-0.680253697187463,18
83,4.65555224769277,-0.437200752194644,0.0587189791244229,4.04208972604695,0,0,-0.544155881114742,0.257617162980875,0.603087465046211,-0.995128539644041,19
83,4.80976481095564,0.100313183338787,-0.421136366579804,4.04208972604695,0,0,0.0491424959839559,-0.703541542607018,0.38671421978964,-2.2551976519223,20
83,5.18070854420959,1.23864769968251,-0.155807974184304,5.04087895759417,0.0222956574439135,0.0282182402300266,1.07544018944429,-0.107492969928214,0.668389363116027,-0.0445811164245395,21
83,5.42661506400715,2.48481276574114,0.413350070233321,5.04087895759417,0.0182113069780162,0.0302773607994821,2.08502995539404,-0.217069671834585,0.870671166888278,-1.35364875957355,22
83,5.5724918130396,1.13203956417801,0.108689046657568,5.04087895759417,0,0,0.603045653990623,-1.03037953051421,0.832768105498405,-1.74238771627045,23
83,5.85590949687407,1.59574340062534,-0.579551011751589,5.04087895759417,0,0,1.37634837702819,0.800115538857075,-0.213640295097476,-1.7833419954886,24
83,6.15183090205418,0.436397649138145,-0.454299849012951,5.04087895759417,0,0,0.169339600848497,-1.12418116270856,-0.353031473490795,-1.30818467733901,25
83,6.43941649300387,-0.82164235291313,0.438144736222345,6.40288225874627,0.0240113273695207,0.0273532872188413,-0.760243160694658,-0.823328825384551,1.28297140340932,-1.56192361611512,26
83,6.56862161357547,0.149714906882228,1.2876347780791,6.40288225874627,0.0218653127179492,0.0284351980265214,0.115554553793702,-0.403257589450738,2.00318190660977,0.162306586367727,27
83,6.9687406966359,-0.351068026180102,1.62874070200486,6.40288225874627,0,0,-0.505446936074814,0.0763046420486511,2.36327435421493,0.927346642785502,28
83,7.13128907412921,1.15194516427182,0.92697012895714,6.40288225874627,0,0,0.737181486485039,0.658193567982713,1.60736762336468,-1.24342370112466,29
83,7.38136350104198,0.130252311639701,1.16740938582409,7.32767720621688,0.0237264425822952,0.0274969115552444,-0.069708700931118,-0.596597863709474,1.40135231246365,-0.616778870954232,30
83,7.55641559988092,0.392338116648205,1.20671346730976,7.32767720621688,0.0208189388608106,0.0289627261979073,-0.188424117993903,-0.54219009369238,1.46913183736227,-0.953930094301477,31
83,7.76481095564156,-0.162120540168347,1.63944080683752,7.32767720621688,0.0173576249066607,0.030707743629649,-0.50836379900317,-0.810373080879509,2.35350033289578,-0.522654397711423,32
83,8.21077701696934,1.0673540917483,0.318847434601503,7.32767720621688,0,0,0.827350234707822,0.56063249142901,0.753552299236854,-1.70745339840827,33
83,8.2649598094671,1.20766739849225,-0.242336634611374,7.32767720621688,0,0,0.919323916299104,-0.498043737594029,0.861386380906287,-1.97847913434696,34
83,8.56504912176243,1.51659562076036,-0.972725892237479,8.39713755874859,0.0218292337253328,0.0284533872089651,0.883020485397453,-0.496136777688077,-0.565248215198319,-2.31243265228074,35
83,8.89431378386424,2.00902818261645,-1.17984748494924,8.39713755874859,0.0163603576777766,0.0312105147511161,1.72524397734041,0.0247848907623834,-0.820547137212915,-2.85157258499938,36
83,9.22357844596606,0.240395863928181,-0.781198101308719,8.39713755874859,0,0,-0.0105433675894605,-0.924081499503882,0.136419298988973,-0.571099917679065,37
83,9.48615659422447,1.05818556593136,0.821177379731973,9.26127536146221,0.0208830038434624,0.0289304279108974,0.743724675785245,0.629709244463772,0.886997393906919,-0.372504771102794,38
83,9.70288776421554,1.39548293688867,0.517771097940716,9.26127536146221,0.0172832373311561,0.0307452460399211,1.16341184344395,-0.646724258120534,1.00879702833305,-1.01667836310075,39
83,9.83626079190235,1.06873917103307,1.18598076047194,9.26127536146221,0,0,0.450057736442295,-0.346940505623706,1.8437026282341,-1.1615846214722,40
83,10.0154807978565,0.787802312096505,0.00152880196408736,9.26127536146221,0,0,0.720775952981066,0.138201764164864,0.950357003449538,-0.275125206307372,41
83,10.4489431378386,0.684324354733699,-0.86561636435222,9.26127536146221,0,0,0.362070209387934,0.757961261444646,-0.677058450766596,-2.6210616747954,42
83,10.7406966359035,0.950333624967469,-1.02145747687648,9.26127536146221,0,0,0.723358878892226,0.21251431970655,-0.498098771687142,-2.74098760718592,43
83,10.8532301280143,1.32159682409234,-2.03458547777848,9.26127536146221,0,0,1.25269933125747,-0.08570790934626,-1.24125492490401,-3.75072238107439,44
83,11.2366775826139,1.63894958118421,0.905676792441604,10.9976089484112,0.0206473601536233,0.0290492274049496,1.27806405267851,-0.164419523423896,1.75652247538125,-1.35907224208136,45
83,11.415897588568,1.69627040835114,-0.104063703038028,10.9976089484112,0.0176706301530541,0.0305499423962476,1.64087631218859,0.0393214991584158,0.292791902467727,0.0712883018105539,46
83,11.532598987794,0.886357145014933,-0.217396322936636,10.9976089484112,0,0,0.667442252789642,0.759315980495817,0.239068047479405,-1.91701720699758,47
83,11.9702292348913,1.39915279797627,1.31618174092537,11.5327426219861,0.0173517640692842,0.0307106983640343,1.47088482692528,0.642798900653359,1.63275841323608,0.245479605708108,48
83,12.0952664483477,1.33190609026509,0.528065741279061,11.5327426219861,0,0,0.791493798087044,0.646772920132739,1.31794322379853,-1.73729777433803,49
83,12.4286990175648,0.00906843984727889,-0.0196962612082972,11.5327426219861,0,0,-0.344888781110224,-0.0030483299668097,0.27346652317521,-2.02837370807066,50
83,12.6120869306341,-0.400660741591704,0.423107786105553,11.5327426219861,0,0,-0.700945578013512,-0.814805861401284,1.08400473643434,-0.991302117924531,51
83,12.9538553140816,0.121140915983449,2.07980708636287,12.8279519304651,0.0225269627942246,0.0281016279048452,-0.166974798415893,-1.19476751832202,2.60496985340873,-1.24349677562834,52
83,13.0705567133075,0.281397833111412,2.20817736198406,12.8279519304651,0.0205886269799015,0.0290788376666206,0.136987763428894,-0.73736247311315,3.2194957369243,0.14133791892619,53
83,13.3873176540637,0.254877251467434,1.85212053807143,12.8279519304651,0,0,0.120039438278598,0.247217989680013,2.88035991404377,0.380174820173982,54
83,13.6040488240548,0.0629759111149684,1.21215870816942,13.5546829773695,0.0237982024705087,0.0274607338904851,-0.192351951002776,-0.953378594911959,2.30713931490915,0.590440581379451,55
83,13.9541530217327,-0.24023233326865,1.97627261355331,13.5546829773695,0.017983195027547,0.0303923631758229,-0.172723057471787,-0.181089138877493,2.40460609253525,0.816354596310188,56
84,0,-0.470200723588018,-0.691823953196148,-Inf,0,0,-0.109802636899323,0.263431338375011,-0.610169115994985,-3.42704386776298,0
84,0.166716284608514,-0.542757027483654,0.342003397182246,-Inf,0,0,-0.146255418365362,-0.203980509280428,0.00402520845364626,-1.19915603323462,1
84,0.420958618636499,-0.668694700336655,-0.105678071795677,-Inf,0,0,-0.0228211758486758,-1.15901387937079,-0.696450298017433,-1.64398450625849,2
84,0.729383745162251,0.974423360318223,0.950146435477762,0.66593200166065,0.0431393865586346,0.0571684684500597,1.64625433801471,0.773257433981957,0.994677685262829,-1.88964813795314,3
84,0.941947008038107,2.33041869542519,1.77858444876068,0.66593200166065,0.020033704474503,0.029358601206721,2.35112679335718,1.26105658124944,1.07725957745644,-0.515182588238881,4
84,1.06698422149449,2.28207082252264,0.624305223346576,0.66593200166065,0.0179569161020128,0.0304056116657651,2.4570407364351,0.55081707060573,0.36264456747022,-0.409048958279499,5
84,1.33373027686812,1.39786030520721,0.177324699546164,0.66593200166065,0,0,1.79686747828821,0.532757896018428,0.163353115341552,-0.798761210959587,6
84,1.60881214647216,1.15712440132408,-1.27998513536852,0.66593200166065,0,0,1.44237348914992,0.21994103522438,-1.3327139750774,-4.24322835900722,7
84,1.79220005954153,-0.121139746166297,-0.427642500335552,0.66593200166065,0,0,0.0716865342461327,-0.520304801113522,-0.708663705106946,-2.30501391368708,8
84,2.20065495683239,1.40262939792788,0.557653290491809,2.10403568339176,0.0230133531881838,0.0278564147495802,1.49309976478907,-0.157032805260211,0.118828150959795,-0.61409260207201,9
84,2.43405775528431,1.56673448647396,1.05080630758769,2.10403568339176,0.0191366815595345,0.0298108342731277,1.56774263444623,1.09185490188588,0.765872140008242,-1.08157834092473,10
84,2.71747543911879,1.83861947627018,0.135001938897332,2.10403568339176,0,0,1.87627943994171,1.82349738661135,0.297059122500524,-1.45000138080193,11
84,2.86335218815124,1.53303991976612,0.437168839082365,2.10403568339176,0,0,1.94030078698378,0.425103536966193,0.245494612871005,-1.5790910316377,12
84,3.06757963679667,1.06789900435674,-0.838219444486151,2.10403568339176,0,0,1.35016016858476,0.330685730409174,-1.1694699802508,-1.69981461175949,13
84,3.25096754986603,1.24608071909461,-0.857382723733996,2.10403568339176,0,0,1.37803103301691,-0.056522531980052,-0.942968164722013,-2.66079746388469,14
84,3.73027686811551,0.109121909198282,0.880560246036357,3.31190699517655,0.0176692809283459,0.0305506226063176,0.462359554165935,-0.655292378966702,0.633490615042958,-2.65046357335238,15
84,3.81363501041977,1.18593198308216,1.59034171002525,3.31190699517655,0.00950273994784459,0.0182078750940945,1.35772261887478,0.505335246359608,1.13819086735775,-0.942524016229609,16
84,4.10538850848467,-0.233647860763487,0.384579310918325,3.31190699517655,0,0,-0.140222097612624,-0.298811743616933,0.400826490418803,-1.22441868764104,17
84,4.38047037808872,0.0697121992422115,1.5103231810514,4.1876565653992,0.0214156232397363,0.028661908457507,0.586773329975294,0.767357353103001,1.24130936071563,1.03563965256341,18
84,4.55969038404287,0.695373537636514,0.675854675822223,4.1876565653992,0.0184388932391726,0.0301626234488109,1.4549612026548,0.0861208655371302,0.428183907884913,-2.27582439845668,19
84,4.93896993152724,0.46822533733693,0.229776627390737,4.1876565653992,0,0,0.899741215278166,0.690937764027061,0.145751000460239,-0.815147263704701,20
84,5.24322715093778,-0.335893492652458,1.18959154891822,4.1876565653992,0,0,-0.233456200787592,-0.013373720925093,0.87780897721883,-0.406201187533561,21
84,5.48913367073534,0.472181700335095,1.27725942626319,5.36306800140569,0.0225242673320326,0.0281029868190041,0.697494566265444,-0.0717738536101266,0.937990665002636,-0.832039885993928,22
84,5.70169693361119,0.0945948370381605,1.61346220357221,5.36306800140569,0.0189937270988007,0.0298829045993808,0.955148237014416,-0.297598361756732,1.85148403344556,-2.0775836581094,23
84,5.81423042572194,0.760305082631454,2.38099412425618,5.36306800140569,0.0171246175635597,0.0308252140125214,1.42158272138825,-0.511080303387483,2.51775913963316,1.51232925093945,24
84,6.21018160166716,-0.569918167986695,1.18605889938331,5.36306800140569,0,0,-0.205381444413883,0.448555389616608,0.65167126331228,-1.396547949256,25
84,6.41857695742781,-0.99868815890576,2.64582638007405,6.34998979036553,0.023478948597532,0.0276216853617773,-0.642034899493408,-0.112101995429971,2.60496086692184,-1.05079465643017,26
84,6.71033045549271,-0.239523711311851,2.64078066187271,6.34998979036553,0.0186331090617217,0.0300647097662156,0.498500956369063,-0.244024700172315,2.22162365069111,-0.751494365013477,27
84,6.89371836856207,0.162931839194951,2.27487948196155,6.34998979036553,0,0,0.495551201585911,0.596416827251777,1.66002839217574,-0.495044576826191,28
84,7.20214349508782,-0.65484155559975,2.46934736601455,7.12598330277162,0.0233531654777932,0.0276850987762983,0.0845504910364215,-0.45799295139058,2.21677031679692,0.296763732094663,29
84,7.34385233700506,-1.03721114482127,2.60953610781032,7.12598330277162,0.0209994719889714,0.0288717106298827,-0.292875753606652,-0.221164260988931,2.72640014034324,1.58720089697786,30
84,7.60643048526347,-0.334697272866752,3.00771676083097,7.12598330277162,0.0166382164067428,0.0310704325938771,-0.102901409444805,-0.0431978947259964,2.32139014552037,1.12882587558801,31
84,7.92735933313486,-0.330918000929041,0.69863797015616,7.12598330277162,0,0,0.0334906375655407,-0.862878853640989,0.368542193649779,-0.834062484479048,32
84,8.21077701696934,-0.874917856975825,1.12310294909721,7.12598330277162,0,0,-0.405317839085109,0.173318830461491,0.768049176404138,-2.03823971031991,33
84,8.26079190235189,-0.478944341726662,1.35522002849816,7.12598330277162,0,0,0.236198745013221,-0.358871573860251,1.19478190305573,-0.251635679993504,34
84,8.50669842214945,-0.214809808757798,1.35345663638752,8.42708242226822,0.0232957667180892,0.0277140362946924,0.558611762360631,-1.10959356481143,1.16614599783947,-0.793712595390278,35
84,8.75260494194701,-0.721470869320386,1.9594040288314,8.42708242226822,0.0192114162522021,0.0297731568641592,-0.0305977602603601,0.383645219670648,1.66535576591558,-0.555386509229645,36
84,9.16522774635308,-0.869055793759336,0.856634713679153,8.42708242226822,0,0,-0.25517644773234,-1.46102425836063,0.935883323028521,-1.4623605172235,37
84,9.42363798749628,-1.46636496344229,1.25048310391997,8.42708242226822,0,0,-0.976137845889062,-0.0522708484797842,0.919839595844784,-0.288673385063634,38
84,9.71122357844597,-1.19207838544248,1.89190571578087,8.42708242226822,0,0,-0.863057662894392,-1.01140884757974,1.75216799878771,0.146346917141847,39
84,9.85710032747842,-1.19714194845359,1.45030760797615,8.42708242226822,0,0,-0.798244847054579,-0.828290201303507,1.37254873189009,-0.451518230438467,40
84,10.0779994045847,-1.48864522403211,1.35496517459801,9.9864995848692,0.0230983840495999,0.0278135465390104,-0.864437324357473,0.356890996164398,1.50707539687852,-0.62007517483042,41
84,10.4030961595713,0.899688647187958,2.62784225816816,10.3815500736756,0.0419590052361973,0.0577635563302998,1.23759485311077,0.56208057724897,2.0765347006013,0.279422218977807,42
84,10.7281929145579,0.200528603972338,1.77351376858073,10.3815500736756,0.0188606211865872,0.0299500097912778,0.53821742818006,-0.451604394070579,1.31939917999922,-0.799558741904837,43
84,10.9282524560881,0.500457901860915,0.609904418319333,10.3815500736756,0,0,1.19273286220728,0.0135974228550678,0.602893541184345,-0.804329319972705,44
84,11.082465019351,0.393497968798886,0.205767835025867,10.3815500736756,0,0,1.09341469154138,0.288046561972094,-0.649110418241774,-3.1481672110425,45
84,11.2866924679964,-0.0548305079248543,0.192054707821087,10.3815500736756,0,0,0.289968135295689,0.103914823506612,-0.636154723026215,-0.994079070208683,46
84,11.6659720154808,0.323160758304094,0.946086628926374,10.3815500736756,0,0,0.58972990186325,0.351570784422252,1.27192057961851,-0.850181267473628,47
84,11.9410538850848,-0.522172876253241,1.49050165479957,11.897425209618,0.0238934932255409,0.027412693166408,-0.131999816898962,-0.697204115657962,0.946613746448021,-0.893462101815964,48
84,12.0577552843108,-1.32177289113287,1.06741490344833,11.897425209618,0.0219551574112281,0.0283899029281949,-0.787381462434305,-2.60603509456697,1.22231148381631,0.0203635057822957,49
84,12.395355760643,1.2492085888352,1.47513522007,11.897425209618,0.0163478288055044,0.0312168311676165,1.38463940213194,0.408992175362617,1.62551388047629,-0.291892683015199,50
84,12.6120869306341,2.07426244247386,0.157638201272107,12.4775932526001,0.0223842834824476,0.0281735595150664,2.5746780674645,1.34701000422313,-0.0623995948474116,-2.16688811790483,51
84,12.7704674010122,1.15823935212439,0.0380819990014515,12.4775932526001,0.0197536848772944,0.0294997727631892,1.58538923762299,0.965639666856983,-0.858405411673556,-1.7950848957147,52
84,13.1205715986901,2.94052825626231,-1.38194808133949,12.4775932526001,0,0,2.86078005886795,1.24488272042075,-1.3826823818869,-3.2558406412158,53
84,13.3164632331051,2.07045028562559,-2.20090160073478,12.4775932526001,0,0,2.1558646701097,0.668026636218548,-2.21635800270931,-4.15240480398764,54
84,13.5206906817505,1.77228389253478,-0.22633479346994,12.4775932526001,0,0,1.94685324633545,0.79744866083219,-0.665623271294095,-2.48461998217096,55
84,13.8791306936588,1.13253792252394,-1.35470456466959,12.4775932526001,0,0,1.01836164698069,0.398403381477882,-1.51199853081653,-2.6998301567472,56
85,0,1.07069000173396,-0.20423706432569,-Inf,0,0,0.716964409370538,-0.288774048713415,-0.730290061814833,-1.51610433394628,0
85,0.0333432569217029,1.09809321885352,0.336469205162854,-Inf,0,0,0.767328117704565,0.249119125627018,-0.0775251330683628,-2.04287397389875,1
85,0.337600476332242,0.721792874152467,0.736150301252593,0.110319943574723,0.0208431530007097,0.0289505186672457,0.656980445681518,0.83332845082681,1.02602233319245,-0.516458003934544,2
85,0.737719559392676,0.372371917232022,0.530004417982959,0.110319943574723,0,0,0.165288136149719,0.432258204629661,-0.0172831446180896,-0.298221942893023,3
85,0.825245608812146,-0.0458344492185535,0.115529670140839,0.110319943574723,0,0,-0.37242856709163,0.197938251227899,-0.615907561226828,-0.935512625625055,4
85,1.04197677880322,-0.958935360472867,0.399437691943438,0.110319943574723,0,0,-1.4972202089998,-0.0194574212564339,-0.22992378311502,-0.589828152759179,5
85,1.31705864840726,-0.278888999929938,0.37757778996828,1.11909961465101,0.0213301643992087,0.0287049924332518,-0.578585990070641,-0.496295896885563,-0.0309001310666943,-2.59293826712338,6
85,1.60881214647216,0.588161623077981,0.931970312775064,1.11909961465101,0.0164843248633999,0.0311480168376884,0.63630091001618,0.468629795900584,0.485026608283259,-0.950589248727446,7
85,1.83387913069366,-0.166647942179461,0.0557857171266823,1.11909961465101,0,0,-0.609525538646617,-0.186747619272916,-0.256319992628488,-1.39330121973743,8
85,2.24233402798452,0.0258822969855479,0.822160934848707,2.1957417980732,0.0238442704762414,0.0274375087586134,-0.57880342983358,-0.419827964762983,0.4232600127435,0.191734484119337,9
85,2.44239356951474,0.555382886523249,0.469580678472106,2.1957417980732,0.0205214090802594,0.0291127254930883,0.355623896304877,-0.514519540133463,0.306576028088924,-0.68141590687271,10
85,2.52158380470378,0.845350355211167,0.316293916571103,2.1957417980732,0.0192061097776828,0.0297758321171501,0.119829270443914,0.147402190753401,-0.267325627536139,-0.233579968922712,11
85,2.96338195891634,-0.32134104643684,0.0529003544080351,2.1957417980732,0,0,-0.314389578729579,-0.500491891255643,-0.102887449836699,0.468144385717403,12
85,3.07591545102709,-0.0386513163418452,0.591500550479207,3.03071539001002,0.023867393513713,0.0274258513059817,-0.496741388416013,-0.192188652364883,0.19956674021982,-1.55130858459767,13
85,3.48020244120274,1.32127685685082,0.957964369615654,3.03071539001002,0.0171524444426648,0.0308111851235638,0.872342651180067,1.93327078283344,-0.289700188694125,-1.58219292936743,14
85,3.57606430485263,1.10075364117569,0.923877436888041,3.03071539001002,0,0,0.655076208557382,-0.997288586696334,1.39308285752973,-1.79384075461521,15
85,3.8886573384936,0.749416742582956,-0.0800195659734338,3.03071539001002,0,0,0.346081357721713,0.123487116559773,0.0984204382677872,-0.868278981101525,16
85,4.10538850848467,1.5793131652812,-1.51269110581951,3.03071539001002,0,0,1.32396448397708,1.03479173471528,-2.06760702804698,-0.803811691650525,17
85,4.39714200654957,2.31298597726994,-1.95907545763558,3.03071539001002,0,0,2.03343572775923,0.542447104764855,-2.46795220016809,-1.12253512006131,18
85,4.53468294135159,1.77463310484276,-2.05621598999259,3.03071539001002,0,0,1.18058697528732,0.698851323539082,-2.39843555225379,-2.84808570453486,19
85,4.77225364691873,1.72312259648712,-0.872774617858186,4.69492879611655,0.023333821243107,0.02769485114987,1.51362647337981,0.431988199659808,-1.24430088943018,-2.05604859492558,20
85,5.07234295921405,1.85986395968617,-1.08033257156613,4.69492879611655,0.0183495291491319,0.0302076762515783,1.095198138802,-0.584374823415525,-1.46304104676105,-3.26533251279545,21
85,5.39743971420066,2.86759448315273,-0.544246928849861,5.38879143317731,0.0244744952683559,0.02711978165766,2.41562605577076,1.92581625648252,-0.463413063886431,-1.15058828859799,22
85,5.56832390592438,3.50380445884366,-1.28089329760444,5.38879143317731,0.0216362178259478,0.0285506959516819,2.37473017180302,2.35970643751342,-1.31937216097748,-1.84945851083655,23
85,5.84340577552843,2.2882334254846,1.16950108024596,5.38879143317731,0.0170672834064753,0.0308541189615868,1.67716798762592,0.816266777371476,0.873924031576547,-0.51927820857948,24
85,6.12265555224769,1.92317875314406,-1.01083603415192,5.38879143317731,0,0,1.52953579986689,0.589384340050798,-1.55957842282713,-2.67368579484846,25
85,6.28103602262578,0.940845793428806,-0.308878748884575,5.38879143317731,0,0,0.302787807568649,-0.107608871685447,-0.701479394221801,-3.00054951443118,26
85,6.63530812741887,0.923207613628274,-0.321576139284744,5.38879143317731,0,0,0.478455235031686,1.42248011827908,-0.998109150256715,-1.61568390415247,27
85,6.8061923191426,0.191947566864428,0.858083021768662,6.78006769401344,0.0241842243383716,0.0272661214117129,0.0450457643878363,0.511736754617986,0.993513235568892,0.206511853928524,28
85,7.0646025602858,0.621341432068688,0.735293871979778,6.78006769401344,0.0198921950352258,0.0294299430270724,0.441126849026344,-0.233529747874649,0.18648615530456,0.41249773575689,29
85,7.28966954450729,0.738908620716942,0.765621034403383,6.78006769401344,0,0,0.749932929074465,-0.310070322378826,0.405078565636985,-0.692646672408859,30
85,7.56475141411134,0.808379639111127,1.44217865278151,7.43233416784698,0.0224187716898927,0.0281561723251287,0.593272399366979,-0.0269528021069043,1.00485881753811,-0.749550345984176,31
85,7.81899374813933,0.286311415778711,1.11453348511175,7.43233416784698,0.0181959686658298,0.0302850935918535,0.215165943364504,-1.025639451485,0.745865618436384,-0.277445148700995,32
85,8.21077701696934,-0.526662212816322,1.65478463488994,7.43233416784698,0,0,-0.562723794989998,-0.465811478483151,1.20688781719993,-1.49390298728842,33
85,8.35248585888657,-1.50237215208354,1.61892176396343,7.43233416784698,0,0,-1.53307872289381,0.177875887386318,1.27953698239395,-0.452934140548613,34
85,8.556713307532,-1.83979476099637,1.1428055094428,7.43233416784698,0,0,-1.93267120024941,-0.606004283984442,0.398918848324918,-0.0630129534421856,35
85,8.92765704078595,-0.869659785666811,1.06562535348077,8.90836484223568,0.0242977065864438,0.0272089094674424,-0.639111682919489,-1.74861246232476,0.68095704065531,-0.278658200078382,36
85,9.17356356058351,0.47259668151334,1.07767133349037,8.90836484223568,0.0202133561205456,0.0292680300368976,0.261330482619264,-0.343612283002968,0.530282596251289,-1.37703036157442,37
85,9.34027984519202,0.166656332395798,2.63794497935446,8.90836484223568,0.0174443049572184,0.0306640439822782,0.140250494454677,0.21788275837624,1.98767311167847,0.137036008653213,38
85,9.69871985710033,-1.32743606455678,1.53387320012395,8.90836484223568,0,0,-1.38922039232203,0.556835629279616,1.06866760747209,-0.0301481295851804,39
85,9.9154510270914,-1.05537840238001,0.840515313057994,8.90836484223568,0,0,-1.39371398645467,-0.446734906170471,0.779040121870683,0.259922048973991,40
85,10.1321821970825,-0.60677609910993,1.29169077416074,10.0485592441472,0.0232292137833243,0.0277475888798939,-0.811269555650594,-0.306440127996478,0.758500343720528,-0.404102062056418,41
85,10.2822268532301,-0.423002454522174,0.961526009029426,10.0485592441472,0.0207370677363266,0.0290040014307364,-0.396035648029961,0.0557581447672756,1.00701231817104,-1.46429010333515,42
85,10.553140815719,-1.24441140894501,0.573375685363571,10.0485592441472,0,0,-1.22869324556265,-0.161662854345832,0.72473303891552,0.519204542136408,43
85,10.8740696635904,-0.0408057559918205,2.13390678458318,10.6154259324593,0.0203222302777366,0.0292131412562963,-0.271163531425231,-0.440219913949235,1.74572406262869,0.863744167003148,44
85,11.1491515331944,-0.312918259363365,2.32783292028426,10.6154259324593,0,0,-0.424876839622014,-0.651611039144458,1.44320716369922,1.21034211318613,45
85,11.2950282822269,0.213711032866626,1.72928308923615,10.6154259324593,0,0,-0.165667783714585,-1.32430487857104,1.32524863018167,0.984431011585706,46
85,11.6493003870199,-1.43971953662687,0.762261503989984,10.6154259324593,0,0,-1.4025934824585,-1.61902353825989,1.07931906762641,0.379597607957472,47
85,11.7618338791307,-0.897696485519061,2.24871524877915,11.6669348493021,0.0230419253374923,0.0278420101335188,-0.789572811254653,-0.519475382664268,1.73421461134518,0.298003722493699,48
85,12.1369455194999,-0.431660747636745,0.915880774805161,11.6669348493021,0.0168115602200217,0.030983041510654,-0.937653846199416,-0.534612271601981,0.914035562783874,-0.709008686192327,49
85,12.3620125037213,-0.597612025779294,1.03650780126222,11.6669348493021,0,0,-0.592971584334595,-0.736019186810807,0.750627477481507,0.806560230746273,50
85,12.6370943733254,-0.728270116835201,1.2426273624713,12.6339866513637,0.0183470973973301,0.0202566432341591,-1.13285518862762,0.10729211992703,0.968048011331833,-0.57531960739369,51
85,12.8413218219708,-0.772919031213974,2.29439034236141,12.6339866513637,0.0211744327457839,0.0287835043664292,-1.2440680612204,-0.565199267151353,2.25220351179538,1.59741343510286,52
85,13.1330753200357,0.741140294261358,1.9433674180336,12.6339866513637,0.0163285932099829,0.0312265287708798,0.613494122179178,0.190963917474834,1.46199699611454,-0.445403471936017,53
85,13.3498064900268,-1.06520668911287,0.407575997633583,12.6339866513637,0,0,-1.34027189280865,-0.61105092178928,-0.0259019235346463,-1.98222629417784,54
85,13.5832092884787,-1.16808228565271,0.649705431267069,12.6339866513637,0,0,-1.37684954109816,-1.02608873403587,0.0838332112614055,-0.463986763630659,55
85,13.7874367371241,-2.16596800653109,1.39594692090191,13.7773538700654,0.0244506677092154,0.0271317942940683,-2.14386391738654,-0.718723895704448,0.439264866772649,-0.0834514032262569,56
86,0,0.28191447473271,-0.596802505393032,-Inf,0,0,-0.433170293233818,-0.179803078089911,-0.834088805653196,-0.421662643506824,0
86,0.0750223280738315,0.220365186037712,-0.230044284221648,-Inf,0,0,-0.256021056030338,0.98631893823679,-0.148147823526258,1.25225492225486,1
86,0.300089312295326,0.116881904222007,-0.911142770502173,-Inf,0,0,-0.479639772415358,-1.39118148341807,-0.819302198025516,0.573134638669101,2
86,0.583506996129801,0.197299692731882,2.22064891062786,0.337551853701007,0.0205329796438831,0.0291068922068025,-0.143046725957284,0.807739300879355,1.89264397521811,2.08471610088255,3
86,0.879428401309914,0.16604083060969,2.37372133720009,0.337551853701007,0,0,-0.342187387463228,-0.153122691758095,2.04811372902254,1.57307272731708,4
86,1.17118189937481,0.578836806913749,1.17007982822831,1.08910476607091,0.0232548888615409,0.0277346448188581,0.394362360846029,-0.324243695961222,1.12350049185962,1.85234159547608,5
86,1.39624888359631,0.849972897993019,1.10504148165336,1.08910476607091,0.0195166697910608,0.0296192636451407,0.0264563663919875,0.744508267726433,0.154563427042463,1.78472483575678,6
86,1.683834474546,0.725674640404536,0.178110974472864,1.08910476607091,0,0,0.283952391816411,0.286474999113641,-0.41962289680677,0.748654795607047,7
86,1.94641262280441,0.0820758671941857,-0.302850536653088,1.08910476607091,0,0,-0.252357134645921,-0.253386428751313,-0.171900566384869,1.15809813077036,8
86,2.08395355760643,-0.399543262306568,0.277993135963952,1.08910476607091,0,0,-0.691449468706391,-0.576054128220358,0.344879494434868,1.23743190457316,9
86,2.44239356951474,0.142246939651898,0.463914486326761,1.08910476607091,0,0,-0.441469124052886,-1.05085586204383,0.218668723424699,-0.985767600896351,10
86,2.54242334027985,-0.195324470988939,-0.341790022898456,1.08910476607091,0,0,-0.937265046696817,-0.776437245186088,-0.941528051301898,-1.07415060480089,11
86,2.89669544507294,0.900756594854911,0.401587583002649,2.55232585980199,0.018898378512508,0.0299309744790168,0.2496872489497,0.37533157133056,0.0629535589567656,0.450986886017004,12
86,3.19261685025305,0.231802805972019,0.370522570385084,2.55232585980199,0,0,-0.402317878532651,0.562819283015679,0.181342992267573,1.23976226487527,13
86,3.29264662101816,0.150938033370566,0.567245350085204,2.55232585980199,0,0,-0.0281332394647716,-0.901880659891818,-0.082504327925498,-0.0213954952979156,14
86,3.7261089610003,0.0879828723714012,0.925997243185094,3.51495022577628,0.0211109257759958,0.0288155213318972,-0.183157377663841,-0.576652440154541,1.16720710894625,0.777687830173201,15
86,3.94284013099137,0.176165683062734,1.46022657792851,3.51495022577628,0.0175111592636788,0.030630339460905,-0.266525698044297,0.908570663661216,1.02479631481306,1.32052528634957,16
86,4.2137540934802,0.447552791770541,0.422532502285484,3.51495022577628,0,0,0.00807792622670057,-0.992244361931824,0.275448725489282,0.640476676936673,17
86,4.48050014885383,1.66241533741104,-0.706308005319328,4.34069238455715,0.0222960198987056,0.0282180574988543,1.36092810966648,-0.931465671931299,-0.89934044858742,0.249325574173087,18
86,4.57636201250372,2.5452997130933,-1.17754833373071,4.34069238455715,0.0207038154797976,0.0290207655174554,1.78436725198346,1.00648410510606,-1.6748003642232,-0.597736805856446,19
86,4.94730574575767,2.54458482747487,-0.906765444496822,4.34069238455715,0,0,1.82268575687838,-0.341906995868376,-1.46263505326029,-0.0704302345736443,20
86,5.22238761536171,2.71664608292444,-1.35576237224471,4.34069238455715,0,0,1.90159669815664,0.446994961312761,-2.39494880009351,-0.503688744448205,21
86,5.37243227150938,2.69607476133666,-0.789349042684351,5.26061123005616,0.0227608615164873,0.0279837081342067,2.0462313773738,1.02970260896802,-0.754059741787381,0.217025682289387,22
86,5.73920809764811,1.99313308112782,1.33738097293311,5.26061123005616,0.0166689489571841,0.031054938814072,1.61645576206486,1.12742081474688,1.22633290197521,3.07164383156199,23
86,5.91426019648705,0.594501774036671,0.356965517288653,5.26061123005616,0,0,0.209209159907126,0.201110442295435,0.220582135675992,0.538361964819126,24
86,6.13932718070854,0.147117978666206,0.875962822868795,5.26061123005616,0,0,-0.322747430774533,0.0993546682555602,0.836702459075934,0.299822909876194,25
86,6.34772253646919,-0.872960190656797,1.05236294493535,5.26061123005616,0,0,-0.944820772012723,-1.38148858514331,1.0402163878175,2.36711306593507,26
86,6.68532301280143,-0.482265259194615,0.202526286931008,5.26061123005616,0,0,-0.778536372440912,-0.477692670409193,0.0803049617045219,0.0183439852794076,27
86,6.84787139029473,-0.565064377067766,0.197001340557022,6.73905275982196,0.0228107296480726,0.0279585671732724,-0.84208332588474,-0.714997728570657,0.172639886504226,0.598947746292163,28
86,7.08961000297708,0.466680766087405,0.713885306526313,6.73905275982196,0.0187956054612582,0.0299827873940926,0.0141272229661808,-0.448397234719287,0.721102526755227,1.56389064397446,29
86,7.46888955046145,0.640101207555725,1.34958095558169,6.73905275982196,0,0,0.261767238499596,-0.486856350548419,0.85378112436949,2.43185232595308,30
86,7.62727002083954,-0.612834734772292,1.78144619562894,6.73905275982196,0,0,-1.14422563727584,-0.632330403960596,1.81201079654869,2.79379949478649,31
86,7.88984816909795,-1.25438642503294,0.927709165079658,6.73905275982196,0,0,-1.77880148552204,-0.528777473612612,0.0575417063624067,0.428262676282496,32
86,8.21911283119976,0.125606697602052,0.55615623859228,7.91545671835685,0.0195746033243425,0.0295900565212489,-0.542277131759306,0.730440638688043,0.173854474825179,2.27965814063345,33
86,8.37749330157785,-0.207379589088828,1.12842285401332,7.91545671835685,0.0169440047191893,0.030916269769372,-0.327116123165264,-1.57286134724413,0.762257318971064,0.822767930102891,34
86,8.60672819291456,-0.206255592135396,-0.48063273825875,7.91545671835685,0,0,-0.525152540958223,-1.81241485088769,-0.892790922818923,0.75855903776207,35
86,8.93599285501637,0.224262022839372,1.59140443867227,8.70398212714085,0.0207645874765074,0.0289901273855294,-0.149273440568776,-0.218951262940157,0.958044312449512,0.166212054518834,36
86,9.13188448943138,0.335862421761479,1.22246503393861,8.70398212714085,0.0175109523595985,0.0306304437713541,-0.30344012404745,-0.31056310387083,0.721433850569704,1.92658194648072,37
86,9.35695147365287,0.660073326992964,0.348403581011424,8.70398212714085,0,0,0.121809268240053,-1.05398141040576,-0.229911105657866,-0.732037147214882,38
86,9.69871985710033,1.1512123497398,0.0801950754417665,8.70398212714085,0,0,0.906225141018215,0.665931027040146,0.216206942127387,1.22451726052673,39
86,9.94462637689789,1.60158496293958,-0.591722485637232,8.70398212714085,0,0,0.946264420428887,-0.0352945560142163,-0.901390501573865,-0.178297414611246,40
86,10.182197082465,1.69354932929201,-0.514442853145365,10.0224581380679,0.0219649757084434,0.0283849530449951,1.16391372649793,-0.531103817685429,0.0118344900830412,1.51117187704875,41
86,10.3155701101518,2.47038303227428,0.177849869009675,10.0224581380679,0.0197497347777872,0.0295017642013097,2.00759978468489,1.17313378783292,-0.0411729939647824,0.431614131214037,42
86,10.5614766299494,2.03752047192656,1.03724286976856,10.4577814548097,0.0228958269736446,0.0279156654548743,1.21187692738131,0.261041196070851,0.822408565928973,0.351508147505162,43
86,10.9907710628163,1.15410878285417,-0.834290023406172,10.4577814548097,0,0,0.522808440270902,-0.210229269898937,-1.02783135819106,0.758311808778463,44
86,11.1283119976183,0.805568053635061,-1.03662064041789,10.4577814548097,0,0,0.38045538200604,-0.364129045131103,-1.4988547885262,-0.968688242104334,45
86,11.4075617743376,1.7260711097556,-1.06966799884809,10.4577814548097,0,0,0.927246535326861,-0.509809128428309,-1.18000866817841,-0.290577539602751,46
86,11.7118189937481,0.612201733084958,0.347791623804001,10.4577814548097,0,0,-0.0193828875447097,-0.268516670563906,0.0441235968075094,1.01393568515277,47
86,11.9577255135457,1.10245499445364,0.494586778918174,11.7121680609219,0.020539585017912,0.0291035621151085,0.31488283854874,0.172146104754824,0.339413635352892,0.0150196923910295,48
86,12.236975290265,0.434928665931951,0.178874473914074,11.7121680609219,0,0,0.194402032691646,0.357301354769191,-0.0212192687882078,-0.089818151162774,49
86,12.2994938969932,0.422755057233782,0.383410542446711,11.7121680609219,0,0,-0.282752803280161,-1.29501540578579,0.250788731212664,1.07458790265805,50
86,12.5579041381364,1.09158502251898,0.720169706887896,11.7121680609219,0,0,0.510397419882407,-0.0397138464841304,0.635716543647171,1.65224427050497,51
86,12.9663590354272,0.985223337706301,0.856383246964242,12.8327031257347,0.0223981982803096,0.0281665443857969,0.551921061540099,-0.110333081014568,0.397935091869826,1.35839584491917,52
86,13.2247692765704,-0.03079814742336,1.91119273197219,12.8327031257347,0.0181061689771647,0.030330366001156,-0.496517853021384,-0.451177185447898,1.98814321630169,2.43832465237866,53
86,13.3873176540637,-0.901242201784893,1.5230008273135,12.8327031257347,0,0,-1.26126040672192,-0.3387437068327,1.19185613917401,2.8811121279067,54
86,13.5707055671331,-0.17979594489863,-0.0730675752924404,12.8327031257347,0,0,-0.592612511479588,-0.9462268713351,-0.204239011595989,0.414560224512889,55
86,13.8958023221197,1.16511612948712,0.486875370275593,13.5744395512505,0.0192805070270238,0.0297383248298241,0.732129641052451,0.455406747724503,0.132977023667413,1.58255956679488,56
87,0,-0.251156328149425,-0.584415269403999,-Inf,0,0,-0.979702891433128,0.507525129323595,-0.131082221970233,-0.700068690637528,0
87,0.0625186067281929,-0.0562317150847259,0.181095574252407,0.021177887020167,0.0239314947115463,0.027393534761142,-0.573623979825263,0.603484386661435,0.377942688354675,0.0358128930735903,1
87,0.32092884787139,1.56710089296484,-0.261652201155147,0.021177887020167,0.0196394654084014,0.0295573563765019,0.890859269428637,1.23603069613384,-0.570598840334574,-1.06058453251766,2
87,0.591842810360226,2.20261739489665,-0.888154247044258,0.021177887020167,0,0,1.3673232844788,1.89891060177887,-0.665632926077,-1.60128177643047,3
87,0.958618636498958,1.20963039938932,-0.593671108029832,0.021177887020167,0,0,0.400700362313201,0.909335740321628,-0.428216580463946,-1.80685356702506,4
87,1.22536469187258,0.806248722733108,-0.840093104086191,1.21601170592297,0.0244627905689578,0.0271256825683388,0.064657327487541,1.37986670335496,-0.328776802776339,-0.531857375899487,5
87,1.3295623697529,1.61264853792102,-0.40977430295493,1.21601170592297,0.0227321335918833,0.0279981912842099,0.980530656761349,0.908426097673639,-0.148786361559315,0.381808095169016,6
87,1.57963679666567,1.69663824264832,0.192465624223726,1.21601170592297,0.0185785568469032,0.0300922122022999,1.12215940561405,1.75822854162753,-0.24543360002455,-0.449692901276855,7
87,1.97975587972611,3.06205414278338,0.33179356739401,1.76581787962574,0.0210647639588869,0.028838793758668,1.84746955628618,0.531593250264373,0.596752221919568,0.651941050622506,8
87,2.23399821375409,2.22011266738314,0.296789258075553,1.76581787962574,0.016841960934826,0.0309677150253945,1.36182630706872,1.2808003835882,0.781700001798326,0.686448213841936,9
87,2.37570705567133,1.19624100236335,-0.615311980883568,1.76581787962574,0,0,0.449438101683617,1.61143430969634,0.271115380448667,-0.70989646945559,10
87,2.62161357546889,1.26554667803205,-1.53250248447064,1.76581787962574,0,0,0.313226357283061,1.29685483836163,-0.980534707561584,-1.87009714545989,11
87,2.99672521583805,-0.57865198570752,-0.505844451181858,1.76581787962574,0,0,-1.14184129158219,-0.439872890138478,-0.158398372311899,0.0169288122041005,12
87,3.18844894313784,-0.598698120931494,-0.101974322127485,1.76581787962574,0,0,-0.787575441529486,0.431331211472951,-0.167466612553281,-0.337356295066437,13
87,3.43852337005061,0.523186270374203,-0.165494477206785,1.76581787962574,0,0,-0.379168733534663,0.613365403396369,-0.0738917987234422,-0.0129090129300131,14
87,3.50937779100923,0.760273695355632,-0.130781543480044,1.76581787962574,0,0,-0.243102952079828,1.12451528352152,-0.00571266279561969,0.945491320391909,15
87,3.80529919618934,2.45292873393288,-0.0894205844204624,3.54611106749552,0.0203131881814154,0.0292176998187204,1.48915871342959,1.24419375988122,0.0979603526379068,0.356811134478006,16
87,4.06370943733254,2.1219244342815,-0.726955231806075,3.54611106749552,0,0,1.36060165870924,1.12094876455849,-0.240458748377921,-0.379046581361417,17
87,4.44715689193212,2.35726633445442,-0.288391536649477,4.22688101652759,0.0209594958920887,0.0288918645329407,1.28989606305782,1.31558952126029,-0.592869149166482,0.734445754917224,18
87,4.55135456981244,1.82032795976871,0.183402205950067,4.22688101652759,0.0192288389150179,0.0297643732488174,1.01331023362069,1.2461296957874,0.0718038385628908,1.58000570215597,19
87,4.83477225364692,-0.158716274634955,1.05374518484188,4.22688101652759,0,0,-0.799411735495458,-0.932606172861052,1.27276894531821,0.0205084241488905,20
87,5.19738017267044,-0.460112082336128,1.286638187009,4.22688101652759,0,0,-1.15069615177753,0.198486092848105,1.55068519683363,0.761983818362753,21
87,5.4766299493897,0.715637063910304,0.949322592737065,4.22688101652759,0,0,0.291038665327024,0.241976932015715,1.06382703145954,-0.132039479598118,22
87,5.71003274784162,0.283310311307568,1.36353491287915,5.53205060194282,0.0216619677661752,0.0285377141490695,-0.22174909282375,0.478569838837485,1.48037490506272,0.0850207888363423,23
87,5.94343554629354,1.27455710199454,2.21688526476036,5.53205060194282,0.0177852961375283,0.03049213367262,0.609094933644861,1.33842353606238,2.84854302040948,1.70179977542148,24
87,6.04346531705865,1.64979359770677,2.11309189884615,5.53205060194282,0,0,0.781181218589824,0.676945041314694,2.92678208801922,1.18760928548857,25
87,6.28103602262578,-0.146420965065643,0.365414058369948,6.2446019163015,0.0240129904306366,0.0273524487885015,-0.881342930732598,0.764149387609115,0.350313007057866,0.192347964052834,26
87,6.5477820779994,-0.11364141194181,0.453422520149092,6.2446019163015,0.0195825085693251,0.0295860711011307,-0.834761152222612,-0.444514340184863,0.705413715616487,1.48277592930121,27
87,6.86454301875558,0.071552381390095,0.634309387607742,6.2446019163015,0,0,-0.681150563740146,1.04047752506533,0.448662611118598,1.35202371412226,28
87,7.12295325989878,-0.626676400815233,1.75603065086056,6.2446019163015,0,0,-1.20075866373275,-0.779012217985269,2.16718994000916,1.85531266120143,29
87,7.41887466507889,-0.34603821949812,-0.743303050308559,6.2446019163015,0,0,-1.05435806469156,0.437607549397425,-0.479341132243453,-1.91044996240704,30
87,7.72729979160464,0.0136328509022233,0.546749010336235,6.2446019163015,0,0,-0.931643516781843,-0.102169426489404,1.16548883942606,0.385463618738049,31
87,7.9398630544805,0.822060646798413,1.15811372625538,7.79209854911225,0.0221638635039578,0.028284683992618,-0.000262422175311056,1.12580825799973,1.24103627336227,0.729224042446752,32
87,8.08990771062816,1.24246979675828,2.1693493316365,7.79209854911225,0.0196717174569657,0.0295410965434655,0.537801907507209,0.954048406680975,2.60349478321718,1.33341873259647,33
87,8.41083655849955,0.403569951866447,0.56845700348784,7.79209854911225,0,0,-0.237553437571348,-0.195611876241483,0.355980031302241,-0.0271312658453615,34
87,8.57755284310807,1.62386133955585,-0.24865221269025,7.79209854911225,0,0,0.934901509156036,0.114013885901027,-0.70120294121368,-0.475799465943993,35
87,8.84429889848169,1.75014086714273,0.129855529587951,8.79553216135559,0.0238081532982014,0.0274557171921983,1.03120493959554,1.72746063446003,0.176611674056684,-0.295980788406475,36
87,9.03185471866627,2.05198685401059,-0.410985560829173,8.79553216135559,0.0206929707394768,0.0290262328807769,1.29989977061936,1.6225379647694,-0.348016288596614,0.749689233639048,37
87,9.39029473057458,1.6016654440002,-0.723919349635837,8.79553216135559,0,0,0.706924397009273,1.01922494049929,-0.89777767122096,-0.188158801777452,38
87,9.66954450729384,1.3274681017586,-0.126690314435396,9.4331180467342,0.0206912449727672,0.029027102924054,0.598428288240935,0.54060012714397,-0.0711956819915475,-0.237219310736657,39
87,9.83626079190235,1.8960179232567,-0.151677062531058,9.4331180467342,0.0179221938094566,0.0304231168694596,0.863574620235595,1.31547069979275,-0.0368262905695352,0.377903806642467,40
87,10.2155403393867,1.10356453013464,-0.591267345334676,9.4331180467342,0,0,0.38413139675843,1.13884791046538,-0.405523123177334,0.422506585948883,41
87,10.3030663888062,-0.0578371440436227,-1.35318028478568,9.4331180467342,0,0,-0.599848473326932,0.733702917737748,-0.92020170833575,0.0417412675425506,42
87,10.6364989580232,1.71784662499246,-0.344059102632846,9.4331180467342,0,0,0.80276742278411,1.21266953070599,-0.399310888044565,-0.808573020659352,43
87,10.8824054778208,1.44898214486763,-1.39771419729453,9.4331180467342,0,0,0.533681215347197,1.69520018012527,-0.824737246288907,0.237925175409547,44
87,11.0157785055076,2.03641132391202,-0.830212786228443,10.9115853663588,0.0228875561090409,0.0279198352017274,1.21679503532782,1.50196094083898,-0.794154591054408,-2.04888761380053,45
87,11.3116999106877,2.63137001640861,-0.129745873643514,10.9115853663588,0.0179724902941478,0.0303977599548008,1.90350234942728,1.55035914854859,0.314123796127298,0.433644687978143,46
87,11.5992855016374,1.43319719601502,-0.762377936646422,10.9115853663588,0,0,0.907785091476597,0.611980564858547,-0.454133763116234,-1.98709865617069,47
87,11.7743376004763,1.29988212700979,-0.310951228714601,10.9115853663588,0,0,0.790766531955012,1.11021277955742,0.143292107349548,-0.306217295440031,48
87,12.0660910985412,2.2375662652678,0.539353696151113,11.9385860375397,0.0225003599543358,0.0281150396958455,1.34346818805987,0.820008980041674,-0.107919734196609,0.499934614458413,49
87,12.3620125037213,1.50225154501933,0.888461089652102,11.9385860375397,0.0175852941394454,0.0305929644489185,0.673532498560648,1.12172687332735,1.11087127575412,-0.264646596547765,50
87,12.6079190235189,2.43647711480078,0.388718997983027,11.9385860375397,0,0,1.5942064328657,1.52045576883137,1.33496350403068,1.38278749894229,51
87,12.9121762429294,1.97569938849244,-0.466059726468694,12.6302160937124,0.0199349594434838,0.0294083834000566,1.33461060369449,2.04417097096095,-0.191632731302598,-0.740590158484836,52
87,13.1747543911879,2.22586122239738,-0.446400476369877,12.6302160937124,0,0,1.16316325415864,1.33860787843285,-0.687519315938049,-0.293081605104553,53
87,13.4665078892528,2.15541285279213,-0.827301030514695,12.6302160937124,0,0,1.27551448529542,0.246507014592624,-0.285158890004407,-0.0885089294768907,54
87,13.6540637094373,1.29189592358367,-0.505048256593269,12.6302160937124,0,0,0.474271705488266,0.57550716432457,-0.551624788037977,-0.166646257097508,55
87,13.862459065198,1.91396874983816,-1.13017171166022,13.742166177975,0.0226201495612031,0.0280546479039158,1.09433020167393,1.51926508694428,-1.17581635837178,-0.905471144680767,56
88,0,-0.0090039702805149,1.11543712448413,-Inf,0,0,-0.22023278695968,0.490245434523215,1.01323131283644,0.568769869886175,0
88,0.0333432569217029,0.171653044608328,1.24937577163744,-Inf,0,0,0.471020672776731,0.178708872473025,1.16216825463845,0.434465117635083,1
88,0.32092884787139,0.913594559090404,1.07395306354409,0.107816473825369,0.0210784770811042,0.0288318803039439,1.0145234760149,-0.0488853734680944,1.43705786294261,1.05305560674184,2
88,0.61268234593629,-0.290338436789173,0.476890058764621,0.107816473825369,0,0,0.114421125886437,0.579648637518848,0.460591840759267,0.362900743402858,3
88,0.783566537660018,-0.539601562644487,0.267744216209144,0.107816473825369,0,0,0.115471150885598,-0.263816622348302,1.25158125846373,-0.322933315057235,4
88,1.06698422149449,0.572079060575076,1.97793893935159,0.830974843677205,0.0206981724511251,0.0290236104438478,0.751351157356462,-0.0139233081883996,2.27466989934353,1.61803178589632,5
88,1.2628758559095,0.66839079050883,1.38831223881401,0.830974843677205,0.0174445373342257,0.0306639268296867,0.648684477643967,0.556670980216461,1.64091274447347,1.86379417477724,6
88,1.683834474546,0.235201552336268,-0.380551522258647,0.830974843677205,0,0,0.267661206624938,-0.665755629242262,-0.10955309250004,-1.40891170394575,7
88,1.86305448050015,0.0927111187434666,-0.483283327153041,0.830974843677205,0,0,0.0151099845659124,-0.436616293492108,-0.522732850849956,-1.32170729252124,8
88,2.03810657933909,0.176721644929942,-0.552107145063772,0.830974843677205,0,0,0.21703173743396,0.464506436086774,-0.625739595762883,-0.80540648292938,9
88,2.44656147662995,0.892123367077179,-0.373760121550945,0.830974843677205,0,0,0.895086028325925,0.76759970033816,-0.281986158486979,-0.692590267855609,10
88,2.69246799642751,1.35552862403907,0.487032034339873,2.52633275685008,0.021858737324757,0.0284385130034029,1.18953789312325,0.411131277301749,0.70927274185215,1.24233150655442,11
88,2.98422149449241,1.09738627611305,2.01224084020816,2.97774066770843,0.0415233930899167,0.057983169690644,1.04792700987103,0.790734603844878,2.35119132511068,0.802165579204256,12
88,3.18844894313784,1.78486997697774,2.32825943580686,2.97774066770843,0.0211184076258997,0.0288117493659061,1.44268783417616,1.43849895862585,2.12374122011901,1.36184633382244,13
88,3.2718070854421,1.62669230255278,1.99686355766847,2.97774066770843,0.0197338820442426,0.0295097563386065,1.82324913813087,1.31521416312077,2.16943896528712,0.763027602670432,14
88,3.59273593331349,1.75810817029174,0.698011015673447,2.97774066770843,0,0,1.79794649725946,1.11358374902784,0.741874287785835,-0.375302371958322,15
88,3.77195593926764,2.34259030852694,0.0812788845686474,2.97774066770843,0,0,2.25592712629336,2.06531424909087,-0.00100000714030446,-1.95920246676205,16
88,4.15957130098244,1.18310179205459,-1.90615381416373,2.97774066770843,0,0,1.09735726473272,0.849380994041345,-1.47570126566381,-2.53634938644261,17
88,4.25126525751712,0.502299575251095,-1.6170336198988,4.23621720293752,0.0243681991110702,0.0271733707425705,0.489374379777732,0.622956637962372,-1.21123401131771,-1.23642929751688,18
88,4.73474248288181,0.874626483580276,-0.320696782522291,4.23621720293752,0.016337950737439,0.031221811184205,1.31755501190154,-0.0866512853180063,-0.258612802469722,-2.05255977494769,19
88,4.80976481095564,1.28047920917791,-0.183857523927498,4.23621720293752,0,0,0.957122843558184,1.4112018325146,0.26158451627683,-0.440468659983654,20
88,5.20988389401608,1.43248385602733,-1.20728431701054,4.23621720293752,0,0,1.30428490404202,0.684663678168176,-1.14051037361824,-2.10705068668915,21
88,5.43495087823757,0.31774156831094,-0.915862879410821,4.23621720293752,0,0,0.28527903949038,1.31537990689447,-0.556083673787038,-1.64557374689893,22
88,5.66418576957428,1.11081012331833,-0.357840688051616,4.23621720293752,0,0,1.34770556345562,0.0744142763924255,-0.465507282516992,-2.49569232582194,23
88,5.9309318249479,1.70945859827025,0.219142661254129,5.80572828395794,0.0225385867339284,0.0280957677090791,1.66951727548354,1.32690778575626,0.0616006882159486,-0.949910616278843,24
88,6.11848764513248,2.20579261218815,0.228406164850167,6.07930920681773,0.0433908130016797,0.0570417120992281,2.13513897172039,0.72293022592927,0.146297030851701,0.121170923552016,25
88,6.31021137243227,2.51291329573442,0.772837341897833,6.07930920681773,0.0207829999886675,0.0289808447387844,2.23538694229616,1.07920602467688,1.03171668726093,-0.178879237300692,26
88,6.56445370646026,2.57930163485302,0.670909238514109,6.07930920681773,0.0165601969646008,0.0311097660055027,2.33909255998194,1.53550146562104,1.23930967568032,-0.557415742280474,27
88,6.87704674010122,-0.466774210498544,0.37358672066322,6.07930920681773,0,0,-0.0694608852551891,0.205249771422004,0.865143144863853,-0.882049354296832,28
88,7.18963977374219,-0.606813876827415,1.47544445278169,6.07930920681773,0,0,-0.308533078634713,-0.78522547860188,1.6824494462481,1.92249688107648,29
88,7.48972908603751,-0.438748796807053,1.5773592792892,6.07930920681773,0,0,-0.492779788386629,0.247991228738581,1.47319401854423,0.922021160182028,30
88,7.71479607025901,-0.685792922346162,0.660454235127917,6.07930920681773,0,0,-0.143529763915745,-0.357315598793309,1.21305882688406,-0.207031635891843,31
88,7.86900863352188,-0.829011420858481,1.82489633826956,6.07930920681773,0,0,-0.771005319781165,0.43073579240803,1.4174336832356,0.688361471757101,32
88,8.22744864543019,0.058453744718666,1.6530423747856,7.91809157841982,0.019479914111438,0.0296377939785738,0.38904820035778,-0.98845251937803,1.52912819870184,-1.123970125036,33
88,8.41917237272998,0.114223964440806,2.0592270758319,7.91809157841982,0.0120458071510343,0.0230740374509983,0.275661507130053,0.40720165871787,2.1900983502853,1.02322509844794,34
88,8.64423935695147,0.0333583506086563,1.81774291812394,7.91809157841982,0,0,0.177975571398258,0.284724237728315,2.03962322315571,0.0667778201999969,35
88,8.86097052694254,0.027737320472752,1.57183168464187,8.81655372074769,0.0238804028767937,0.0274192926506249,-0.10576975655282,0.49791684025437,2.21735547083989,1.41948149650264,36
88,9.2360821673117,1.37095953928229,1.86276747529388,8.81655372074769,0.0176500377593147,0.0305603240277477,1.78358398298784,0.398715389875828,1.87698340073854,0.508008903191568,37
88,9.27359333134862,1.11335465727657,1.85428267398077,8.81655372074769,0.0170270012475683,0.0308744271654613,1.2477142933663,1.5372185446324,2.24053997084739,0.365277234542559,38
88,9.74873474248288,1.13730681066806,-0.10305321085325,8.81655372074769,0,0,1.03895531600481,0.274175589915924,-0.256306618731467,-1.07178067213625,39
88,9.79874962786544,1.70984720079133,-0.303197276693973,8.81655372074769,0,0,1.51210687614188,0.766539140742638,-0.262840454463067,-1.45020295958646,40
88,10.0738314974695,3.14579013040276,0.201359247589234,9.86504835454532,0.0211503828490575,0.0287956290940998,3.40620406217632,1.70812290568194,0.465551642745732,0.133161004685121,41
88,10.357249181304,2.32978673399916,-0.495394593893251,9.86504835454532,0.0164429958714055,0.0311688528012557,1.87901010814578,0.680952177335472,-0.816351820434127,-2.05427403703215,42
88,10.5656445370646,1.29212955524273,-0.455503045932231,9.86504835454532,0,0,1.16048989516528,1.33571096671924,-0.681073153890388,-0.140881934988985,43
88,10.8032152426317,1.61381207791041,-1.18903021778274,9.86504835454532,0,0,1.60865354438388,0.716083469295237,-0.9307432536772,-0.954891067183568,44
88,11.003274784162,1.03387922764612,-2.06237463665638,9.86504835454532,0,0,0.622705024267187,0.307047633771676,-1.97234289079327,-1.85372366229379,45
88,11.3408752604942,0.712146569040852,-0.00377069100015177,11.0287746143348,0.0194343450115019,0.0296607675876682,0.693656431141864,1.1417571671331,0.556834134458451,-1.85336460277327,46
88,11.5576064304853,0.739423750404193,0.246824075330157,11.0287746143348,0,0,0.489005085070568,-0.0851843830872639,0.297523862402409,-1.7008976856285,47
88,11.9202143495088,0.0806560718377133,-0.958696686124745,11.0287746143348,0,0,0.403820195062559,-0.0636629773126241,-0.899413051670464,-1.43536921628396,48
88,12.1577850550759,-0.409992563140833,-0.122276020571445,11.0287746143348,0,0,-0.0840101383416452,-0.0798829639058236,0.00141171144373579,-0.566564944743137,49
88,12.3703483179518,0.289659894180799,-0.101958540134749,12.199665800602,0.0217832099410014,0.0284765900466726,0.244397236666861,0.209217468462077,-0.000347729192824484,-1.06851140288702,50
88,12.5995832092885,1.92973432765346,0.131021951910981,12.199665800602,0.0179757645914373,0.0303961092215878,1.97637156213009,1.58025019547986,0.340960789242569,-0.180193161088439,51
88,12.8079785650491,0.708558848715472,0.47310248752106,12.199665800602,0,0,0.495826215318649,0.935610209424833,0.649822493088856,-0.256906536219154,52
88,13.041381363501,1.33187534068256,-0.407621779227193,12.199665800602,0,0,1.07972558684933,1.37690371521452,-0.102458178956329,-0.73782854897136,53
88,13.3122953259899,1.02592020091815,-1.29615583126243,12.199665800602,0,0,0.735058435061469,0.787561286694863,-0.666216874317416,-1.96410374415586,54
88,13.6415599880917,1.42486498560863,1.0281516626196,13.5600049194763,0.042754561935886,0.0573624773390833,1.57538566685176,0.190280665053872,1.193872330885,-0.287523220963175,55
88,13.8082762727002,1.07863031861814,2.55337024909912,13.5600049194763,0.0372164596092474,0.0601545052298693,0.978875263507751,0.248037395628511,2.87591708601865,2.64125316052719,56
89,0,1.74897253721137,-1.12846258281247,-Inf,0,0,1.10706020113942,1.00568207562775,-1.60427030762391,-0.808905907688413,0
89,0.200059541530217,1.2144508038378,-0.688137918876423,-Inf,0,0,0.838435989562015,0.848753875991813,-1.6578758872145,-0.884906348049521,1
89,0.270913962488836,0.959346673247575,-0.263838018161781,-Inf,0,0,0.483520138752566,1.99092184148322,-0.998666265503603,-0.257898618031801,2
89,0.587674903245013,1.47783455285901,1.1848102516498,0.296892533695791,0.0197884279901694,0.0294822570629721,0.797822392237142,1.01573634720165,0.461060856150249,-0.197034183456581,3
89,0.758559094968741,1.9621144965874,2.70766817608567,0.68350236438967,0.0403216438212768,0.0585890301962597,1.70647685175435,2.53466295303242,1.3465592000131,1.15829622233397,4
89,1.10449538553141,1.00759377530479,2.11924454738169,0.68350236438967,0.01762571210962,0.0305725877759478,0.257157926145192,0.886801505036603,1.24709572253105,0.963663274256888,5
89,1.38374516225067,-0.271284378265748,1.04512834344724,0.68350236438967,0,0,-0.386178163581666,0.0659699245854145,0.543293194736709,1.08716067372241,6
89,1.73801726704376,-0.18100131033052,-0.295939918288363,0.68350236438967,0,0,-0.407746485909205,0.323305286625552,-0.781387303061696,-1.05042057351131,7
89,1.89222983030664,0.367771350706786,-0.450470024168971,0.68350236438967,0,0,-0.405648331448217,0.14091425840184,-1.01304783318581,-0.943261809543324,8
89,2.20065495683239,0.781220894753427,-0.838491203171845,0.68350236438967,0,0,0.610091886588657,1.19905421756264,-1.67021826525631,-1.34990680384159,9
89,2.36320333432569,0.726655176868722,-0.611867860008026,0.68350236438967,0,0,0.728580816807608,0.267659766168438,-1.21368475617881,-0.34348926259361,10
89,2.5590949687407,0.293401668697754,-0.817041126782269,0.68350236438967,0,0,-0.511571949238176,0.620753547096122,-1.58146022792487,-2.6184841063523,11
89,2.97171777314677,1.01631277907514,-0.00146703635089849,2.59521634352501,0.0183646890700641,0.0302000333949521,0.513377907051695,1.33112333591477,-0.512724585659888,-0.863720271856387,12
89,3.02173265852932,0.93634266167544,0.530943449947913,2.59521634352501,0.0175339737210683,0.0306188375785697,0.567741788827803,0.533431811293337,-0.695913497637438,0.790889326298002,13
89,3.35099732063114,1.73585740864705,0.0876045156048199,2.59521634352501,0,0,0.9315177210307,0.942202446392358,-0.148488895078149,-0.557940164977723,14
89,3.63441500446561,1.39415286168869,-0.206440092050001,3.5615304109121,0.0234075710842123,0.0276576702526633,0.932873799279972,0.815373585221578,-1.07446352817042,0.623564924505518,15
89,3.96784757368264,0.73014118511618,0.748286489199386,3.5615304109121,0.017869468757575,0.0304496981434528,0.442304896252355,-0.121950613662051,0.00580550191190194,-0.617495476512872,16
89,4.00952664483477,0.740254260592216,0.865741375144519,3.5615304109121,0.0171772059667449,0.030798701629801,0.639157006948625,0.499928448258059,0.0159680852337094,0.378653517186889,17
89,4.40964572789521,0.122254128733773,1.2501399995856,3.5615304109121,0,0,-0.178709281708481,0.516360114081849,0.215988237877486,0.378892507918303,18
89,4.64304852634713,1.64190546605251,2.25026536611966,4.47828447294171,0.0218815118525943,0.0284270312515013,1.19570339925217,1.54243210924669,1.45311020214181,1.30728274877942,19
89,4.81393271807085,1.46957460596151,1.07365153169448,4.47828447294171,0.0190432344101917,0.0298579455455293,1.03550907453378,1.40145725571523,0.959806352785473,-1.04109939524634,20
89,5.10985412325097,1.12708567219024,0.638355596071039,4.47828447294171,0,0,0.978221949263136,2.51925578410794,-0.30581179808613,-0.749905724149744,21
89,5.29324203632033,1.88874049995801,0.133358496493529,4.47828447294171,0,0,1.23434946527037,1.63080554383814,-0.509169686201202,-0.661957058286534,22
89,5.66418576957428,1.77693576145797,-0.635886309081474,5.32929677918123,0.0190558451471369,0.0298515878570577,1.2791888197963,1.42881008802908,-1.33039999077957,-1.93568354756806,23
89,5.92676391783269,2.29679747039684,-0.991943668593492,5.32929677918123,0,0,1.45866300159489,1.32078811952594,-2.09030317654121,-2.1712704225028,24
89,6.18100625186067,1.4775193417645,-0.457769922346545,5.32929677918123,0,0,1.11264169565257,0.0990907277938717,-0.764473043335979,-1.0474623464684,25
89,6.3518904435844,1.08592177710524,-0.14433849827471,5.32929677918123,0,0,0.655651601854016,0.28005074963953,-0.83804341851665,-2.05450703317436,26
89,6.56862161357547,-0.0198026127767567,0.0157832954234343,6.56624862834668,0.0140320545846354,0.0155010949980803,-0.0976974554667377,1.30744921870375,-1.09160590496537,0.391512826592534,27
89,6.89371836856207,1.22889774989792,0.504660562974334,6.56624862834668,0.0191790741609325,0.029789462092105,0.689820798310114,1.44757352837996,-0.353595875670553,-0.19787376560523,28
89,7.12295325989878,0.867869064033762,-0.341435344157664,6.56624862834668,0,0,0.396429608317928,0.477685974557018,-1.34560318195538,-0.952230098517535,29
89,7.40220303661804,1.04670287217744,-0.349230196101858,6.56624862834668,0,0,0.356233450370017,1.98500104441699,-0.877025149119071,0.198327767256441,30
89,7.61893420660911,1.37814843485991,-0.81905921658904,6.56624862834668,0,0,1.19833514840808,1.48118817475724,-1.51121325406641,-1.10220960081151,31
89,7.78981839833284,1.86350792780416,0.352316727263329,7.62003958349725,0.0217982198634257,0.0284690228116287,1.46405837115809,0.843851165710064,-0.4691691853318,-0.274288137276924,32
89,8.0357249181304,1.99828870310986,-0.468907183443883,7.62003958349725,0.0177138693975331,0.0305281433810903,1.47215696304879,1.45446551442764,-1.46603415870213,-0.848870241137268,33
89,8.3941649300387,0.583640846099697,-0.440291835313877,7.62003958349725,0,0,-0.109834549876284,1.54100144203716,-0.814324897270772,-0.578824606886502,34
89,8.54004167907115,1.10929259198398,-0.238546226850061,7.62003958349725,0,0,0.949947156103271,2.28030796871673,-0.449490464769188,-1.07972757740602,35
89,8.7817802917535,1.2598806650535,0.0971966591168719,8.61797945311723,0.0218975102356214,0.0284189656851872,0.95860884082827,1.53892615814108,-0.359709838226236,-0.25926996478277,36
89,9.05686216135755,3.63263653848351,-1.71229091492621,8.61797945311723,0.017328575816135,0.0307223886950738,3.19148001501484,2.64948220522398,-2.38077283236379,-1.76366641346359,37
89,9.34027984519202,3.45270497951894,-2.69696273810918,8.61797945311723,0,0,2.75875056102941,1.91265431517465,-2.49411308804988,-2.56316372736545,38
89,9.59452217922001,2.8373379234887,-2.7888346739216,8.61797945311723,0,0,2.33230617582624,3.07953195811764,-3.77092175525446,-2.62294221396949,39
89,9.91961893420661,1.11849990663451,-1.11339526139349,8.61797945311723,0,0,0.520054844533792,0.584214084134727,-1.98100902130013,-2.11612315750513,40
89,10.1446859184281,1.83858659744037,-1.34704113035465,10.0859845562211,0.0236431455114689,0.027538905677292,1.33788938270244,0.86004357586365,-2.4575302960637,-0.878193793276574,41
89,10.2655552247693,2.18153807921675,-0.757282520731812,10.0859845562211,0.0216355834180621,0.0285510157877026,1.6524902319306,0.818425773448589,-1.16448616692182,-1.15220266998299,42
89,10.690681750521,1.47864222632706,-0.158895646413676,10.0859845562211,0,0,0.840576529066586,2.56619161034859,-1.2959151274104,-0.724654259214697,43
89,10.9365882703185,3.169425672923,0.018142535208538,10.7312793422777,0.0212080873425735,0.0287665374403493,2.28931378540869,2.19649677746784,-1.12097948226131,-0.36966819833902,44
89,11.140815718964,2.19306381351909,-0.550164194142591,10.7312793422777,0.0178159996675064,0.0304766545234564,1.465094316656,1.67834014619979,-1.18965959532835,-1.61360185237582,45
89,11.3116999106877,1.63252172809293,-0.613976356843244,10.7312793422777,0,0,1.21353657932888,1.34333650448787,-1.40695512597622,-1.65776940256387,46
89,11.5492706162548,2.03384072629936,-0.464343713276314,10.7312793422777,0,0,1.45775465741696,0.583213794045215,-0.95825250599037,-1.55723573612654,47
89,11.9493896993153,2.19156793174339,-1.67918160925805,10.7312793422777,0,0,1.94872821569945,1.45260101761317,-2.82204453023584,-2.3675618430871,48
89,12.0452515629652,2.65427904425974,-2.40089516140717,10.7312793422777,0,0,2.142987060449,2.04576418184297,-3.16841029451199,-3.32915746444145,49
89,12.3453408752605,3.01293855967274,-0.671000859391566,12.1241560330185,0.0209443985326247,0.0288994758492919,2.29883450856946,2.41664089984423,-1.31935320894649,-1.72946256715858,50
89,12.6996129800536,1.46467453394028,0.00570382061478253,12.1241560330185,0,0,0.847853353795977,1.9315621332567,-0.575483683975559,-0.975209037461581,51
89,12.9413515927359,0.781361904152992,-0.86114762412043,12.9277658066497,0.0243924864581831,0.027161126304587,0.51004276123457,1.02585850121977,-1.92649108789537,-1.9254413301284,52
89,13.1955939267639,2.67803232637001,0.215318982045689,12.9277658066497,0.02016968343411,0.0292900475713002,1.86397610554001,2.07324231314817,-0.929328374135425,-0.256742661357346,53
89,13.3122953259899,2.85734432884476,-0.242188490245607,12.9277658066497,0.0182313476197944,0.0302672573330877,2.08508034558818,2.14466829006185,-0.994211097610709,-0.517120145750714,54
89,13.5456981244418,0.26893535185244,-0.549285871229033,12.9277658066497,0,0,-0.230900326900984,-0.159185350121637,-1.407819795828,-1.69101914805834,55
89,13.9874962786544,1.58367708748131,0.199653222795432,13.6567711284384,0.0191250038769714,0.0298167215632981,1.08719384038906,1.17173668228538,-0.380669951688151,-0.924692014029356,56
90,0,-0.195880866516835,-1.32203964967423,-Inf,0,0,-0.934332433060469,0.134640206975444,-1.59013709005387,-1.39176529045871,0
90,0.220899077106282,0.107612295294081,-1.75164362615103,-Inf,0,0,-0.780027622374874,-0.296096176970132,-2.0022978583587,-2.68696353512428,1
90,0.470973504019053,0.261772631330285,-0.375611781011524,0.361044019390829,0.0227922790690019,0.027967869011397,-0.970081425423879,0.2445051967465,-0.253025211254452,-1.73449829513635,2
90,0.541827924977672,0.614500083138159,0.622499509922265,0.361044019390829,0.021615432324591,0.028561174938189,-0.42249132935155,0.665928136763809,0.402583339460598,0.619544422800835,3
90,0.754391187853528,0.804578482621168,1.30627320319626,0.709366506103498,0.0419551985428498,0.057765475470335,-0.28655390521538,0.878866898676401,1.49544791060719,-0.00158527071618353,4
90,1.1336707353379,1.76590706679785,0.0148376585897324,0.709366506103498,0.0175707150549396,0.0306003144775393,0.633964630625945,1.20146997597878,0.379962705611795,-0.27748175185816,5
90,1.47543911878535,2.02606722535623,-0.138503516773845,0.709366506103498,0,0,0.73041886561575,2.01870065985841,-0.402522018417964,-1.54337130088403,6
90,1.50461446859184,1.71489347317429,-0.408162561094559,0.709366506103498,0,0,0.757580077732728,1.48331696672303,-1.01283378519874,-1.50142594626893,7
90,1.92974099434355,1.82044309858888,-2.47698778703211,0.709366506103498,0,0,0.907867377047651,1.88821575395626,-2.54316339693708,-2.5842876352513,8
90,2.05894611491515,1.59761624172485,-2.06448828326428,1.99644847840178,0.0235800918163246,0.0275706941248557,0.265989282594384,0.665803448307412,-2.13154283847088,-1.12546191746571,9
90,2.47573682643644,1.69186136520959,0.212157601229119,1.99644847840178,0.0166574639080257,0.0310607289883387,0.750300148373177,1.56644120816829,0.020811141648539,0.245939017179806,10
90,2.57993450431676,2.03070217894036,0.0456267282755458,1.99644847840178,0,0,0.730335575532209,1.54343370623523,-0.00703453074826974,-0.255886565739997,11
90,2.95087823757071,0.445029648693728,-0.178797895691401,2.88426503037962,0.0235117348120902,0.0276051562295796,-0.654478777838931,1.1978440855133,-0.288427856289232,-0.824197405177621,12
90,3.15927359333135,0.816272749676827,-0.0162465980685303,2.88426503037962,0.0200504208579412,0.0293501736613208,-0.407231098196449,1.53992375849542,0.152232693191478,-1.31469113091561,13
90,3.31348615659422,0.573022892322982,0.601534238864012,2.88426503037962,0.0174890485318685,0.0306414865608065,-0.611592314821028,0.872383599544216,0.359208415478305,-0.692023934386848,14
90,3.65942244715689,0.733593537585477,-0.219910245841655,2.88426503037962,0,0,-0.462119618877043,0.332385629583317,-0.388321621892262,-0.66533769476207,15
90,3.76778803215243,0.427025521458728,-0.0660267715784202,2.88426503037962,0,0,-0.76473406706303,0.264137713780299,-0.462917392289983,0.205426310760108,16
90,4.17207502232807,0.589878470089492,-0.799472916597853,2.88426503037962,0,0,-0.442178727638114,1.98405542199911,-0.971618398284983,-0.26592808648961,17
90,4.49300387019946,0.296656545430577,0.694859077973817,4.28644103029958,0.0211872606662774,0.0287770371851377,-0.626336304365193,-0.760386756391286,0.141572287095143,1.33982216067763,18
90,4.53051503423638,0.528162507877607,1.17266723693191,4.28644103029958,0.02056422415453,0.0290911403228511,-0.249152671648052,0.568297536343177,1.17438592006886,0.870532642123732,19
90,4.83060434653171,0.268738547312571,1.11271400670306,4.28644103029958,0,0,-0.814385817341971,0.734302347656009,1.05896438978521,0.356423606389157,20
90,5.1515331944031,0.403239970387026,-0.508657862410772,4.94077927213198,0.021117649460968,0.028812131593877,-0.47691213416357,0.661065081085539,-0.143661074608447,0.245257827781744,21
90,5.34325692170289,1.07838594348166,0.113896834467731,4.94077927213198,0.0179332406231512,0.0304175476310791,0.236762717791586,0.817655849428253,0.377446195494213,-0.0995978020346355,22
90,5.72670437630247,2.2958903725353,-1.21131802737603,4.94077927213198,0,0,0.941839548722118,1.62536587124801,-1.28851655985674,-3.06798766291791,23
90,5.7683834474546,2.32257226306626,-0.823116736084986,4.94077927213198,0,0,0.737875790021669,2.81284344306687,-1.23491804935494,-1.31547852841784,24
90,6.10181601667163,0.581792451136543,-1.13546679308562,4.94077927213198,0,0,-0.507058838921594,0.366162807444209,-1.71304816905499,-1.38606916899833,25
90,6.30604346531706,0.666953953555756,-1.03951050706328,4.94077927213198,0,0,-0.190677060926713,0.403032531861935,-0.862952261581179,-1.50038667345828,26
90,6.71866626972313,-0.0529312309552758,0.251146362666886,6.62689570119927,0.0230938870845682,0.0278158136787436,-0.813203276364082,0.507862379261177,-0.0117245842932351,-0.214062298062045,27
90,6.88121464721643,0.972072494772065,0.695182644622133,6.62689570119927,0.0203940622003313,0.0291769272755025,-0.0482708771757347,1.56841109188501,0.623265089718275,-0.412474239283582,28
90,7.00625186067282,1.66328348460139,0.484848181449311,6.62689570119927,0.0183172738278417,0.0302239377345477,0.423896934633551,1.23114640234443,0.179596522582261,-0.0517207448699631,29
90,7.49806490026794,0.121350762668251,0.415083970779255,7.14904870312804,0.0188212012527632,0.0299698833053721,-0.85744020154806,1.68199689733163,-0.0323686534651941,0.690747990381748,30
90,7.56475141411134,0.125845372004748,0.626713847254514,7.14904870312804,0.0177135807874351,0.0305282888835294,-0.633396382645045,0.584616322759223,0.925351914959565,0.794348596521148,31
90,7.81899374813933,-0.346167101213176,1.57445783978672,7.14904870312804,0,0,-1.20922541351238,0.442954693895064,1.72258485078316,0.143435379430982,32
90,8.01488538255433,-0.76683154555321,0.497935553552857,7.14904870312804,0,0,-2.02512089602164,-0.622502553969571,0.456122147398586,-0.218020275589955,33
90,8.31080678773445,-0.00767135018947718,1.30547847169001,8.16912753706296,0.0222649357035787,0.0282337285599382,-0.8340021448735,0.993864653661753,1.88485653431171,0.874528527440935,34
90,8.74426912771658,0.591657583789175,0.979402931878359,8.16912753706296,0,0,-0.612964166024296,0.898389149517103,0.466697701426674,1.00674388093196,35
90,8.85680261982733,-0.12804946047083,-0.413734174101224,8.16912753706296,0,0,-0.899715785865487,0.738156622859913,-0.0261507221216039,-0.42976600933598,36
90,9.17773146769872,-0.434305082426211,-0.28003494028167,8.16912753706296,0,0,-1.1459997657563,-0.138758934632404,-0.222920232293021,-2.13517825250092,37
90,9.32777612384638,-0.873734341953361,-0.593850795758152,8.16912753706296,0,0,-1.73572606447995,0.13039995606398,-0.482468176320698,-0.814540305768117,38
90,9.56534682941352,-0.657689393375721,-0.312548417689136,8.16912753706296,0,0,-1.60455492187247,0.313350913288553,0.387652196371174,-1.15093927220235,39
90,9.99880916939565,1.87242328137015,0.122330110680039,9.57701904883859,0.0176124727966898,0.0305792623602792,0.808247498741972,1.82153540292205,0.133959620262793,-0.796244100825981,40
90,10.1780291753498,1.97948700200615,0.621538544871011,9.57701904883859,0,0,1.14333263007693,1.43873953965622,1.01797993007818,0.285433851119732,41
90,10.4656147662995,0.593192904219052,-0.0504440549627793,10.4061515378354,0.0236304913988105,0.0275452852335548,-0.286583704450459,0.923300103606584,-0.366859749767607,-0.76142205824594,42
90,10.632331050908,0.81342010763807,-0.551796012445549,10.4061515378354,0.0208614402355009,0.0289412991789595,-0.276883775727401,0.48854642467399,-0.062779702600395,0.117607607530251,43
90,10.8407264066687,0.293613860321322,0.492569202102372,10.4061515378354,0.0174001262813509,0.0306863166107017,-0.665534434591586,0.279942667866209,0.677164692351317,-1.52293418096063,44
90,11.2075022328074,-0.423256493975392,-0.799092060404541,10.4061515378354,0,0,-1.28599276221178,1.77221047798205,-0.852279324712693,-1.79054583483748,45
90,11.2866924679964,0.782948341528314,-0.620035872600293,10.4061515378354,0,0,-0.217490048386329,1.09830230264939,-0.398167350683892,-1.58277978381481,46
90,11.5951175945222,-0.0884889881531073,0.0451525782317644,10.4061515378354,0,0,-1.50528595888949,0.743769682760223,-0.505374527119836,-0.375768354269773,47
90,11.9869008633522,0.011709240136428,2.22573918197766,11.7257782725886,0.0202810580001431,0.0292338982124856,-0.97467284488156,0.22261311066094,2.54797562048806,1.21632472780653,48
90,12.199464126228,0.0762701549035737,1.79235326757627,11.7257782725886,0.0167505177669112,0.0310138159928621,-0.934572591510846,0.120699394230593,1.58405389030754,1.04598252920019,49
90,12.4120273891039,-0.751139176102605,0.722167067623658,11.7257782725886,0,0,-1.50012402740841,-0.461139110327426,0.453780618180936,-0.315792193889554,50
90,12.5745757665972,-1.06691298747834,0.735307526367849,12.4818846738682,0.0230785977645954,0.0278235217717558,-1.35344870389248,0.285353985347839,0.244425360057517,0.35316853655977,51
90,12.9121762429294,-0.819625120418398,1.84413060376641,12.4818846738682,0.0174712691588722,0.0306504500111784,-1.67153648740638,0.178157505287435,1.43112062312171,0.219001269536348,52
90,13.0497171777315,-0.705646420698494,1.9028275939873,12.4818846738682,0,0,-1.2892892138629,1.05789941703785,2.13949151371725,0.485609702464254,53
90,13.3081274188747,-0.246269799267669,0.7180202325384,12.4818846738682,0,0,-1.18849940126169,0.398636232110943,0.850591828658894,-0.317122239554748,54
90,13.5873771955939,-0.0391608654275047,-0.329967318843562,12.4818846738682,0,0,-1.18432365460348,-0.164458257012591,-0.632798220876224,-1.29287838205607,55
90,13.9124739505805,0.716781996882464,0.777331508798277,13.7714366228785,0.022275597634702,0.0282283533596612,-0.525091640450168,0.639344839144582,0.624432752292085,-0.870545713993404,56
91,0,-0.360995596510849,-0.516613524383355,-Inf,0,0,-1.17506752584198,-0.311212351466702,0.802483357767589,1.25705617639548,0
91,0.225066984221495,-0.0412329015464248,-1.28763623059142,-Inf,0,0,-0.598290766727988,-0.150520322042232,0.250515495818958,1.01002522258142,1
91,0.370943733253945,0.79574958900948,-1.14199885290471,0.29177147175651,0.0233031369296529,0.0277103206110532,-0.0506359186655496,-0.601284904551434,0.136317936678994,1.66431912117868,2
91,0.654361417088419,1.59491434051856,1.2302088582534,0.29177147175651,0.0185957499520101,0.0300835443182221,0.845974823177813,0.902621092063565,2.79042370656497,2.88671130319984,3
91,0.996129800535874,0.693302712422454,1.05710019978932,0.29177147175651,0,0,0.462161026577475,0.0604023364210456,2.36571181432512,2.87536273969234,4
91,1.23786841321822,0.28835942600694,0.198070810674382,0.29177147175651,0,0,-0.236963042594576,-0.50755144310436,1.40827593455241,2.14387955302625,5
91,1.35873771955939,0.287987222819656,0.559076120509274,1.26467623107422,0.0230558363650549,0.0278349969050333,-0.193891921043307,-0.179819521163485,1.4382140544464,1.91430334986596,6
91,1.7171777314677,-0.268257225755926,1.88679009667188,1.26467623107422,0.0171023763639175,0.030836426887629,-0.762812696023585,-0.757094357455412,3.27220127202573,3.19253058422265,7
91,1.85471866626972,-0.866472426984177,2.36363356938806,1.26467623107422,0,0,-0.642952342802041,-1.05822173674039,4.0742246648765,3.09395868158844,8
91,2.24650193509973,-1.17625052529141,1.53840712978945,2.12513587257932,0.0226023248039397,0.0280636342347081,-1.62225208756188,-0.859013175962616,2.85964938961579,3.24974928924752,9
91,2.41321821970825,-0.172122611080882,1.18554749342561,2.12513587257932,0.01983327364062,0.0294596481801017,-0.264612309707401,-0.299576622411112,2.28069745952735,3.19226065403931,10
91,2.72997916046442,1.04431939323963,-0.815114442500602,2.12513587257932,0,0,0.626280220464171,-0.536761406129739,0.780121974103491,1.34362807521004,11
91,2.84668055969038,-0.0390422023760741,-0.0151441260547436,2.12513587257932,0,0,-0.559231059994074,-0.381951730791312,1.32146814020941,1.89221848486554,12
91,3.11759452217922,-0.615196407079373,-0.307804932808466,2.12513587257932,0,0,-1.07609220972744,0.126199896086711,1.12929066558362,2.46303363160896,13
91,3.48437034831795,0.9599538289106,0.899120551915774,3.16022492567471,0.0192342889557086,0.0297616256170987,0.622145219164093,-0.635248685694415,2.15074968231425,3.0004913246555,14
91,3.6635903542721,0.568800221812222,0.5321944776626,3.16022492567471,0.0031108195739907,0.00596482858237235,0.258267902757919,-0.445717141637903,1.40929768609731,3.905112386253,15
91,3.88032152426317,-0.322617533566576,1.24788060793391,3.16022492567471,0,0,-0.591918219054933,-0.304172186557883,2.35747749645818,3.09667833773183,16
91,4.16790711521286,-1.44832026680123,-0.864791654409606,3.16022492567471,0,0,-1.60974961398371,-1.94616460167199,0.387446616410078,1.29892614865888,17
91,4.33462339982138,0.149280114498479,0.283707567289478,4.20409671167592,0.022450172654536,0.0281403415650756,-0.0104235118642708,-0.761488040867415,1.94277999546574,2.06546910409333,18
91,4.57219410538851,0.285327982413837,1.12889886620622,4.20409671167592,0.0185042747468053,0.0301296614372612,-0.494097516743553,0.846885631649441,2.78040251146687,3.43549076369955,19
91,4.84727597499256,0.0505374863851105,1.32301925671215,4.20409671167592,0,0,0.125031071536844,-1.2460268171611,2.98465665409175,2.92000514597091,20
91,5.10151830902054,0.0422704169589873,1.45520786276804,4.20409671167592,0,0,-0.324433420547472,-0.585492283732354,2.74648668030777,2.84623912261226,21
91,5.28490622208991,-0.71863554742572,0.572939983836033,4.20409671167592,0,0,-1.04030100442024,-0.146798694787461,2.38382122103575,2.75506124389152,22
91,5.68919321226556,-0.659927836570388,0.372806310916603,5.668690622426,0.0242776027590546,0.027219044788789,-1.03315702684522,0.65711198301223,1.59233804469398,2.0640167111435,23
91,5.81423042572194,-0.601332339700669,0.520200920597824,5.668690622426,0.022200814386565,0.0282660552478338,-1.01437141693058,-1.5477772747566,1.30209719034735,2.69697395814078,24
91,6.22685323012801,-0.718033232235587,2.18403929966373,5.668690622426,0,0,-0.966358779202598,-1.00005042332363,3.11768936217318,3.12742751287664,25
91,6.31021137243227,0.267858434103833,1.47646563432776,5.668690622426,0,0,-0.534996806773139,-0.37113195551098,3.04173490143658,2.94254224670129,26
91,6.56862161357547,0.413709318563956,1.64107165448421,6.48682738655569,0.0232595877544969,0.0277322758774042,0.151761733520847,-0.161171454174549,2.95744017992739,3.56598405217127,27
91,6.93956534682941,0.581105960834684,1.2922650401598,6.48682738655569,0.0170984489161101,0.0308384069059044,-0.0259083556519302,-1.17455564392793,2.83775097528509,2.61565780075109,28
91,7.08544209586186,0.907543175064015,0.946294583520537,6.48682738655569,0,0,0.312003204324117,-0.0868433798193966,1.77754127983418,3.27214455987599,29
91,7.28550163739208,0.143049981434188,-0.66163515323855,7.26167884558583,0.0242224563218605,0.0272468468013991,-0.210150411715295,-0.946634303839443,0.958684070034589,0.849695295994705,30
91,7.51473652872879,1.15148310155832,0.566111448037025,7.26167884558583,0.0204150109722973,0.0291663659763147,0.793229609237663,0.815568428702539,1.16665621732042,2.76600358547402,31
91,7.94403096159571,0.00474466949715534,0.684332394553582,7.26167884558583,0,0,-0.338742084735127,-0.058027265311017,1.70128843124154,2.9279732306675,32
91,8.24412027389104,-0.985643362645886,1.04625092392561,7.26167884558583,0,0,-1.29921541422983,-0.167679659815258,2.54234513411625,1.98178850858888,33
91,8.44001190830604,-1.5532555368744,1.99121740935837,7.26167884558583,0,0,-2.01825199800926,-1.1406057262181,3.39231736686259,3.75852918968926,34
91,8.5233700506103,-1.70476456948922,1.66759794208659,7.26167884558583,0,0,-1.77530441306014,-1.60272530286181,2.73952786697686,2.90014345117785,35
91,8.99434355462935,0.0187404034328372,1.70104679539263,8.57840913930872,0.0177097323261663,0.0305302290808406,-0.348472444926926,-0.261590098750769,2.70201887278248,2.96208544898156,36
91,9.05269425424233,0.256178199990623,1.55748320453106,8.57840913930872,0.0167405644189964,0.0310188339617156,0.156320642698035,-0.695152276212526,2.88764761200662,3.23985363337657,37
91,9.45698124441798,-0.142241084760595,0.0530204359507632,8.57840913930872,0,0,-0.59068258529588,-1.07194245813072,1.30596969755294,2.3171282092622,38
91,9.61952962191128,-0.246512047103233,0.776319645817922,8.57840913930872,0,0,-0.642571796470109,0.163991761452698,2.24045185088326,2.71897880282557,39
91,9.82792497767193,-0.102488206998744,0.873053835825545,8.57840913930872,0,0,-0.956893975607016,0.255597591557761,2.34361373151292,2.26156151929211,40
91,10.1863649895802,-1.04271916780003,1.45714161560903,10.0283839072405,0.021994172676123,0.0283702334274487,-0.89420053702014,-0.586626954042654,2.87599693740438,4.2233593986116,41
91,10.4781184876451,0.405472037110583,2.36338256198247,10.0283839072405,0.017148333140322,0.0308132578318995,-0.320145730208696,-0.870553127868546,3.10754802166981,4.10671593046669,42
91,10.6698422149449,0.251670511173425,1.63992626349156,10.0283839072405,0,0,0.2984960673802,-0.527482639647671,3.03505743719926,3.53789919741376,43
91,10.8323905924382,0.22763356530965,0.454901973976508,10.752912598714,0.0232980589123537,0.0277128806876183,-0.310473104412352,-0.933835859387793,1.82194651478556,3.55775203923588,44
91,11.199166418577,1.12945550207642,0.744101063498428,10.752912598714,0.0172061463530413,0.0307841113674713,0.5125303647059,-0.0468053243197075,2.09732389109779,2.91905856921192,45
91,11.3408752604942,0.466655062251421,1.01272259183901,10.752912598714,0,0,-0.231917995097431,-0.448602599677026,1.95454047621619,3.10893457896642,46
91,11.6743078297112,-0.472973319061394,0.158160828674542,10.752912598714,0,0,-0.905575890511391,-1.35855653685062,1.63796821926083,2.91426989177916,47
91,11.9577255135457,0.837890250285865,-0.529494059673531,10.752912598714,0,0,0.259302833958288,0.145532892090194,0.549615439348277,2.35682692229639,48
91,12.0369157487347,0.0143595667862607,-0.351189543517647,10.752912598714,0,0,-0.738415023049106,-0.755154413824415,1.13229899466528,1.41647515565174,49
91,12.4286990175648,0.332426779000389,0.17829170851931,12.1569343771123,0.0201043003418243,0.0293230103817506,-0.110625007377553,-1.71308049426526,1.30479299546603,3.3519133066001,50
91,12.5370646025603,0.758032327531791,1.02233637114099,12.1569343771123,0.0183044170856744,0.0302304194462686,0.240859289063772,0.0677013239173054,2.57744566383971,3.01932087728759,51
91,12.8038106579339,0.619741369073535,0.47524817914501,12.6620158975496,0.0222630171609054,0.0282346957909939,-0.0352793902637197,-0.808519334704963,1.80706701784488,2.24233835432309,52
91,13.2247692765704,-1.04612253634629,2.28043678156744,12.6620158975496,0,0,-1.36395429406723,-0.878201674984534,3.51409568593696,4.07002779572994,53
91,13.3289669544507,-2.25817930395035,1.42653398903744,12.6620158975496,0,0,-2.5174862166008,-0.719692418187063,3.02448681133746,4.67345680507236,54
91,13.5081869604049,-1.27216297647384,0.38079063051363,12.6620158975496,0,0,-1.40521353479763,-0.721590358493567,1.6049230061111,1.14762502792626,55
91,13.8791306936588,-0.212898266513147,0.403186905135164,13.7566184710478,0.0225832878158086,0.0280732317102927,-0.273000659842772,0.330157830009332,1.57247882489642,1.57388846778073,56
92,0,0.187077654051975,-1.11693605613007,-Inf,0,0,0.757929359622643,-0.15300652819495,-1.47454398020757,0.612244909233268,0
92,0.108365584995534,0.470696829880391,-0.67916919676075,0.0603197859367356,0.0238201276197229,0.027449680351842,0.993376133734884,1.20223993286015,-0.759677860323854,1.00399177399777,1
92,0.46680559690384,0.449319841708409,1.41172630256533,0.0603197859367356,0.0178666676185864,0.0304511103344375,0.364796199467966,-0.904993813486995,1.27633080552489,2.70151696213082,2
92,0.600178624590652,0.911261872416157,1.08726751457057,0.0603197859367356,0,0,1.81500254360462,1.55932171954159,1.07174086897463,2.97686582567287,3
92,0.858588865733849,0.298464213631524,-0.0187124013598821,0.0603197859367356,0,0,0.710055019931451,0.765276677765595,0.173413374700077,2.78791742754775,4
92,1.10449538553141,-0.728992500765345,1.57386958511602,0.89559600543983,0.0211484522238314,0.0287966024165663,-0.345899108744996,-0.343273742195254,1.6816598615506,2.80152443775326,5
92,1.3920809764811,0.217033621915746,1.48632239710379,0.89559600543983,0.0163718389671053,0.0312047264723697,0.593748829315356,0.154068487735167,1.75738084741305,4.03480565776526,6
92,1.72134563858291,-1.15445873149666,0.723292606458962,0.89559600543983,0,0,-0.89781808937651,-0.702925065729602,0.807867425149625,2.61221706729073,7
92,1.99225960107175,-1.21626379573305,1.23227656264132,1.97445521796695,0.0243224182521259,0.0271964511097245,-0.691872107254175,-1.12387530730004,1.11107478127295,1.87451743274413,8
92,2.09228937183686,-0.83022204948399,1.83398652954576,1.97445521796695,0.0226609875541351,0.0280340594769604,-0.475765776655537,-1.31885014805968,2.53772612595016,2.98390254514604,9
92,2.43822566239952,-0.301437926580958,1.68063683000897,1.97445521796695,0.0169152063902462,0.0309307884136513,0.51517132718255,-0.15625993585933,1.30593814513861,2.92357007293267,10
92,2.68413218219708,0.417147265465115,1.41958156570468,1.97445521796695,0,0,1.00335728542995,-0.913508676482063,1.71150281314266,3.44661639464234,11
92,2.90086335218815,-0.0391894216684614,0.776352234559778,1.97445521796695,0,0,0.286438683709307,-1.221186091421,0.855739809924017,1.75765049750855,12
92,3.13843405775528,-0.786462646238952,1.89610119898628,1.97445521796695,0,0,-0.405373985975933,-0.0835889796325432,2.46841480282419,3.35633338058775,13
92,3.41768383447455,-0.376890812708197,1.58130608703137,1.97445521796695,0,0,-0.0441611130312536,-0.16486829620569,1.46679695417602,1.92632939491423,14
92,3.55105686216136,-0.629237398399367,0.737456684393601,1.97445521796695,0,0,-0.338566089401691,-0.932171276610612,1.17605129133772,1.50633732052513,15
92,3.76778803215243,-1.25305837557291,0.571549686529246,3.67454772961254,0.0230694757398917,0.0278281206299645,-0.782604972600815,-1.41815035701939,1.07142369674136,2.70913083181736,16
92,4.19291455790414,-0.0252486918182678,1.22572505071371,3.67454772961254,0,0,0.432378463637259,-0.0323024465481528,1.19072541577649,2.11495435364031,17
92,4.3096159571301,-0.262416001644214,1.84157126515389,3.67454772961254,0,0,0.581392474328216,-0.118041459583361,1.8793473796136,3.24594175754863,18
92,4.53051503423638,0.366977401396834,1.2941523031785,4.46539304320915,0.023536502961542,0.0275926693956432,0.885353948972628,-0.144262869328273,1.4682006369706,2.93571059667552,19
92,4.88478713902947,0.136135124316079,2.53877791211768,4.46539304320915,0.0176522692394883,0.0305591990296041,0.81627348141074,0.089113140665142,2.0872760374151,2.80022165572232,20
92,5.02649598094671,-0.317402436023648,2.18665507701956,4.46539304320915,0,0,0.14303047448323,-0.806822260697584,2.72337938152479,3.8317092279271,21
92,5.37660017862459,-1.11127936322084,-0.121555193333447,4.46539304320915,0,0,-0.644979639127507,-0.0458681229170779,-0.329821764628264,2.17113695562125,22
92,5.73920809764811,-0.772488989703121,0.905400987198758,4.46539304320915,0,0,0.220670179014806,0.493595306970822,0.667986729451139,1.9108343919557,23
92,5.96844298898482,0.299924617856912,1.40414632849195,5.74464902990999,0.0209010627660025,0.0289213235259674,0.708901242505195,1.15353886817529,1.46367367468302,2.00944538932682,24
92,6.12682345936291,1.05203774126164,1.81469740882483,5.74464902990999,0.0182704641608484,0.0302475367740911,1.29046712433957,0.914185805102042,2.28387135127632,2.71725070920102,25
92,6.46442393569515,0.703870080095419,-0.134052644677136,5.74464902990999,0,0,1.08154572521195,0.515061167256215,-0.469583130842756,2.05753879217188,26
92,6.64781184876451,-0.0935197114891244,0.0777901056538273,5.74464902990999,0,0,0.58813351737086,-0.272230437365762,0.311542617263885,2.05299838356633,27
92,6.77701696933611,-0.453954001196539,-0.230069200960892,6.70276473768843,0.0233848554876875,0.0276691222944162,0.249588359690932,0.175837818060282,-0.429449881805586,1.38243348495574,28
92,7.14796070259006,-0.50536908406887,1.38118849572202,6.70276473768843,0.0172237166493015,0.0307752533229159,-0.095159441054098,-1.14649869717348,1.40472212556253,2.94361023150612,29
92,7.43971420065496,-0.479933238200025,0.7135125495812,6.70276473768843,0,0,-0.170860530619464,0.0710278906326894,1.10841509167892,1.68940893080517,30
92,7.63560583506996,-0.211359829187569,1.27912221268755,7.45495637234909,0.0216176653348533,0.0285600491686456,0.206771959154158,0.280048881140697,0.926856027843991,2.50141425544223,31
92,7.95236677582614,1.31484302975078,1.33071528687518,7.45495637234909,0.0163564681245464,0.0312124756648927,1.4290071475496,0.37829104429333,1.48425889065046,2.71959426280626,32
92,8.20244120273891,1.27154324201088,0.155640312970387,7.45495637234909,0,0,1.5495732371107,1.06564054066347,0.474141539905888,0.729403773109856,33
92,8.31497469484966,0.992100077435973,0.584487072694636,8.23600652768241,0.0233065268063103,0.0277086116086445,1.24502207494918,0.346593081215577,1.01809420500326,2.7278954436449,34
92,8.6859184281036,0.540050606887683,-0.394108809169025,8.23600652768241,0.0171453879679336,0.0308147426371568,0.714115753592748,-1.21007003666902,-0.427500449346474,2.07235584259432,35
92,8.89431378386424,-0.283837296371453,1.10468086328391,8.23600652768241,0,0,0.0383344107833162,0.162531967357915,1.33013192934328,2.44836277874861,36
92,9.12771658231617,0.349695463872627,1.48995401644712,8.23600652768241,0,0,1.04638076267151,-0.912634856815811,1.07655431203769,2.2660120560046,37
92,9.32777612384638,1.04158305677929,0.43690222620611,8.23600652768241,0,0,1.3976196072332,1.10262368551594,0.312593687880265,2.32139680371304,38
92,9.66120869306341,-0.428129776503062,-0.0619635356014752,8.23600652768241,0,0,0.168390680606669,-0.434734847275061,0.250725935878929,2.82105734485587,39
92,9.84876451324799,0.74876719533573,-0.49033961570036,9.71409911295184,0.0223814312851892,0.0281749974470191,1.18996841022389,-0.173602172669258,-0.543986652243093,1.53338553887133,40
92,10.1363501041977,1.41214461919923,-0.694420368442953,9.71409911295184,0.0176048180284644,0.0305831215028218,1.45214606370129,0.826306234191142,-0.655906592229237,1.56004980093902,41
92,10.3447454599583,1.37842323310999,0.102034067076343,9.71409911295184,0,0,1.69291422004369,-0.97446953560862,0.563800198655162,2.02158539531435,42
92,10.5031259303364,1.19295590627983,-0.497159719530973,9.71409911295184,0,0,1.25837659374633,0.946255056487656,-0.758939477694807,1.26659074585102,43
92,10.8573980351295,2.08578933326805,-0.761244676184038,10.5454347931601,0.0194366272074584,0.0296596170211965,2.18092554616431,0.92787418355695,-0.914090293084166,0.469920696513253,44
92,11.0157785055076,2.82646047506196,-0.0345548559361406,10.5454347931601,0.0168060286023135,0.0309858302693331,3.24419415468267,0.504564832214782,-0.377559349112102,1.72485312845614,45
92,11.3783864245311,0.784480325638247,-0.676052314052798,10.5454347931601,0,0,1.15872641979147,-0.3875210034699,-0.705187715303681,1.95158488698809,46
92,11.6743078297112,0.0766032533146092,-1.4036616088577,10.5454347931601,0,0,0.49369639268484,0.1569030811964,-1.91641279797532,-0.475143856899771,47
92,11.7660017862459,0.245400086804656,-0.983158127716316,10.5454347931601,0,0,0.71597247952387,1.03631950117509,-1.21210847572363,2.30801064665962,48
92,12.2119678475737,1.10926416621405,0.102837211332024,11.9326830440935,0.0199793952299585,0.0293859811496335,1.4738198641546,1.04884570748328,0.324349533907747,1.6910861805718,49
92,12.257814825841,0.904021683180884,0.401928232621709,11.9326830440935,0.0192179061600463,0.0297698849846165,1.06440006928323,0.373240854199947,0.375384920468359,3.32072700087312,50
92,12.6412622804406,1.12741351325647,-0.676128814278545,11.9326830440935,0,0,1.81341434344762,0.0859606522170385,-0.377490672130739,1.73556311918945,51
92,12.9788627567729,0.781916142006905,-0.720927565056879,12.7886047875527,0.0214580741697712,0.0286405068701828,1.32586851342705,-0.91368819234393,0.0200661183414728,0.416922916132104,52
92,13.1414111342662,1.71719346351675,0.659859783757815,12.7886047875527,0.0187582492855343,0.0300016204669417,2.22696671799587,1.36434416764638,0.553432190145121,1.91526745821954,53
92,13.470675796368,1.53381831807663,-0.313233374487123,12.7886047875527,0,0,1.79230421135762,-0.583380411543412,-0.260233074909127,0.916631793199342,54
92,13.5415302173266,1.04032220157468,-0.655191217655113,12.7886047875527,0,0,1.68327984484783,1.0944727306314,-0.50080304499564,1.00585213352477,55
92,13.9833283715391,-0.312340149261933,0.469961870915745,13.8654272163636,0.0226598747051839,0.0280346205184823,0.507375346591202,-0.166173508741008,0.443870008944434,1.6063655107293,56
93,0,-1.3420473862612,1.46408442179358,-Inf,0,0,-1.14768686730382,-1.7931530107248,2.13275777881858,3.17715795043561,0
93,0.150044656147663,-1.10783182644646,1.11616064998006,0.136347745300736,0.0243906407467699,0.0271620568178537,-1.08541432482361,-0.254644156820413,2.24212815182008,0.652307068055376,1
93,0.433462339982138,0.280672694371557,1.97112030317962,0.136347745300736,0.0196832537691279,0.0295352805250224,0.489850733726728,0.706239818453871,2.94724337406381,2.95645757337245,2
93,0.683536766894909,-0.279056911302872,1.94796760500187,0.136347745300736,0,0,0.0622641785292008,0.744604339991254,3.61352143546432,3.0925577063138,3
93,0.916939565346829,-0.51148285986107,0.756192653311706,0.136347745300736,0,0,-0.298326108644082,-0.356202002315874,1.63649168149069,1.309717744598,4
93,1.11699910687705,0.469489090719282,0.376616370052299,0.136347745300736,0,0,0.883157668985827,1.56476957267377,1.59306105794105,2.42984337862204,5
93,1.32539446263769,0.0602449337896602,-0.068093697586767,0.136347745300736,0,0,0.512617278856643,-0.090336807590771,1.36468503296807,0.915210997822982,6
93,1.60047633224174,1.02378062965704,-0.0617440150703829,1.45596852083511,0.0222179551136881,0.0282574137700522,0.816700397500762,1.76927116896193,1.35814552748056,0.965159740994562,7
93,1.93807680857398,0.743051356939108,1.64706513876333,1.85589201952904,0.0398637272763071,0.0588198882934532,0.813106559046595,1.30199673482943,3.16673481171923,1.82514472326555,8
93,2.21315867817803,0.487895496136349,0.0586596063312908,1.85589201952904,0.0186841663488637,0.0300389692938801,0.749615184804769,1.64892195539379,1.03774347254665,1.54036957310248,9
93,2.47573682643644,0.482584411060186,0.289093571990228,1.85589201952904,0,0,0.63348977171732,1.33049770237132,1.53241814701075,2.55727923444192,10
93,2.53408752604942,0.433171486203391,0.206188584814627,1.85589201952904,0,0,0.897493018541557,0.809385276340844,1.37656733689755,1.46788078795045,11
93,2.95921405180113,0.369288990442807,-0.498271325400397,1.85589201952904,0,0,0.488165242647263,0.482550519582016,0.892570093568422,1.21854959994913,12
93,3.22179220005954,1.33036538984201,-0.822564582857201,2.99488285746819,0.0208493182326423,0.0289474104726899,1.54968627198561,0.879895452485588,0.0618291591247213,0.136010620063308,13
93,3.33432569217029,1.23645695778833,-0.865337415491066,2.99488285746819,0.0189802086974013,0.0298897198858303,1.23980102038242,1.26472427168566,0.34476006712318,1.42168601522479,14
93,3.6927657040786,0.101528225557632,0.318310951395868,2.99488285746819,0,0,0.265543162693077,0.330489982102075,1.48236909353196,1.50226665246364,15
93,3.95951175945222,-0.338175863844869,0.086111804034796,2.99488285746819,0,0,-0.0893850189395801,-0.533460119343105,0.458114149378592,0.861264730081834,16
93,4.21792200059542,-0.688145064657817,0.885177182169685,4.03526751819747,0.021584363236727,0.0285768383829476,-0.353327996511483,-0.551949949779484,1.62308234586024,2.97074489842304,17
93,4.37213456385829,-0.355259561577682,1.76998734768127,4.03526751819747,0.0190229909106567,0.0298681512824364,0.255337903312787,-0.343406950042489,2.64744286158793,2.4098354498602,18
93,4.72640666865138,-2.0939288167062,1.80009272318117,4.03526751819747,0,0,-1.60242863000041,-1.10235740468673,3.15288347917026,2.89640434707555,19
93,4.93480202441203,-1.44270005325847,1.5477977204894,4.03526751819747,0,0,-0.962798816625848,0.00662601052580177,2.51905378285295,3.43278371714561,20
93,5.01816016671629,-1.09724084656967,1.69059973420524,4.03526751819747,0,0,-0.815540432941234,0.163789120700589,2.91481876422169,3.66380139318523,21
93,5.41411134266151,1.73924182928287,1.16013280839852,5.32158726285247,0.0230813717426768,0.027822123273902,1.91531598838146,1.3640021704259,2.2572872521484,2.23307287692094,22
93,5.57665972015481,1.74147286509393,1.14608694987731,5.32158726285247,0.0203815468584399,0.0291832368706605,1.73856454833751,0.283935734818118,2.33796572054884,2.76419996418423,23
93,5.80589461149152,2.33819111481554,0.712556418912451,5.32158726285247,0.0165741015088758,0.0311027560455763,2.16793562325782,1.44495372981565,1.4535178761671,2.24020797145649,24
93,6.15183090205418,1.69117732033329,-1.38714527706747,5.32158726285247,0,0,1.47948731863356,1.57435749507273,-0.0881589555304994,-0.609095825740707,25
93,6.33105090800834,0.110425350733696,0.0913338942485701,5.32158726285247,0,0,0.36863288459105,1.06301638438956,1.09435816029907,1.0502939347706,26
93,6.54361417088419,1.62261558205507,0.165341997365656,6.53341545591919,0.0244487435493811,0.0271327643570345,1.46824625963159,1.88962045039371,1.59653735969779,0.68107943033745,27
93,6.98958023221197,1.59488387646432,0.999103063136653,6.53341545591919,0.0170415316875005,0.0308671016609618,1.79235679477505,1.89266239131943,2.05706072185479,2.63284561006661,28
93,7.01458767490324,1.28874562589319,1.11929630081011,6.53341545591919,0.0166261740129988,0.0310765037527644,1.19458445371188,0.626538282367415,2.18788354991382,2.70692466215898,29
93,7.2604941947008,0.80942780378084,0.495939901102728,6.53341545591919,0,0,0.662188736768987,0.832940039245204,1.88564598232568,1.00923145713479,30
93,7.50223280738315,1.04817396511373,1.38407576073402,7.37185772309223,0.0224526906978736,0.0281390720964354,1.30465677799241,1.27298856687392,2.56301209011476,3.58614004359735,31
93,7.85233700506103,0.755211592062861,1.46862174635682,7.37185772309223,0.0166376832549027,0.0310707013817615,0.57894961172716,1.94815957745591,2.39401815656855,2.71886146314734,32
93,8.03155701101518,0.668087845764974,0.919606564310416,7.37185772309223,0,0,0.763743615192322,0.741853660720348,2.38668017295141,2.15462533655495,33
93,8.29830306638881,-0.286943603743215,-0.90068232868024,7.37185772309223,0,0,0.280183021670737,1.20272280402565,0.528225880947139,0.519391129471376,34
93,8.67758261387318,0.747150705269543,-0.541696976628297,7.37185772309223,0,0,0.940828363546287,1.59465904892465,0.728781402717902,1.09428234770345,35
93,8.89014587674903,0.84802988057219,-0.892520515492211,7.37185772309223,0,0,0.841417764761783,0.85173668714471,0.259540662603467,0.290965438378439,36
93,9.10270913962489,1.37013584883494,0.737309025629347,8.90173448923474,0.0212800769301374,0.0287302439729185,1.17480751724575,1.58490971107371,2.00004094581016,2.44578108855763,37
93,9.41947008038107,1.56733233240373,1.12266930945615,8.90173448923474,0,0,1.87501471595852,0.922275012523552,2.16868766519108,2.06947677224517,38
93,9.6903840428699,2.34959226684513,0.266917391798736,9.51180832600937,0.0216521089310591,0.0285426844694139,2.01222067469321,1.95474146143781,1.69247579756361,1.12547699207231,39
93,9.90711521286097,2.53478149058351,0.553465816509148,9.51180832600937,0.0180523424187342,0.0303575025984129,2.59606705966434,1.65594121237328,1.93831061800837,1.84461117546889,40
93,10.182197082465,1.76099256699931,-0.240954572128227,9.51180832600937,0,0,1.68571354377066,1.77418979590927,0.85333575091503,0.590050586191001,41
93,10.319738017267,0.929902257971446,-0.989660121914137,9.51180832600937,0,0,1.64912595206837,1.20984028169868,0.22679718031963,-0.618807620645921,42
93,10.6740101220601,1.39943030286514,-0.853826214505232,10.5092762651441,0.0218820133970214,0.0284267783984495,1.45795208172549,1.30218916633295,0.876595394144322,1.17135873428843,43
93,10.8990771062816,2.12110441431278,0.656662245313388,10.5092762651441,0.0181437943265494,0.0303113972247431,2.69082137989318,2.29684045663031,1.86990131880032,3.183335102905,44
93,11.0449538553141,2.43463434780385,-0.540237959770309,10.5092762651441,0,0,2.07836455927461,2.28977424667913,0.399636605707739,0.605016252907785,45
93,11.3492110747246,0.582807417318457,-0.413837458617732,10.5092762651441,0,0,0.639166867499366,1.41268916847483,0.396079848394155,-0.828122673769512,46
93,11.6784757368264,1.71940367951262,-0.969476786858453,11.6475513830584,0.0241045039067225,0.0273063123752337,1.52076907912949,0.480320368208038,0.448961017051459,-0.112288163655632,47
93,11.8576957427806,2.2121755302818,-0.465759880492224,11.6475513830584,0.0211277739061635,0.0288070273665433,2.36972433396471,0.751783008763517,0.958983153849634,0.899200054231124,48
93,12.1244417981542,0.589744974372778,0.590108057776968,11.6475513830584,0.0166972920448512,0.031040649679173,0.0879294914269599,2.10078323279561,2.04284224674768,1.43116280380934,49
93,12.453706460256,-0.28103377732118,1.15178896968699,11.6475513830584,0,0,0.0766487619685387,-0.953586487965849,2.17833013349596,2.07032531090902,50
93,12.5454004167907,0.368355076306064,0.791883526425313,11.6475513830584,0,0,0.164239631142736,0.715395165262427,2.33781144754188,1.40410920634401,51
93,12.8996725215838,2.27091540302048,1.41470592735108,12.6762372838584,0.0209070208988454,0.028918319740186,2.06566490061883,2.29035164099343,2.30996674998028,1.32859227669372,52
93,13.2497767192617,1.29352973577689,-0.358043519458885,12.6762372838584,0,0,0.860753790290311,0.418587842302149,0.676133883385587,1.02439448128212,53
93,13.2581125334921,1.3048079759153,-0.157782314256436,12.6762372838584,0,0,1.50333376342888,0.766867043522527,1.275964547131,0.613576601901022,54
93,13.7332539446264,0.305419506680578,-0.544690082806247,12.6762372838584,0,0,0.557305696273841,0.293486796849908,0.479434273752834,0.778038273998073,55
93,13.8291158082763,1.02597867254365,-0.770972507008968,12.6762372838584,0,0,1.60754758195559,0.911704695462794,0.535535581216117,-0.192730794109738,56
94,0,-0.931104765005737,0.63656598262689,-Inf,0,0,-1.14900414806329,0.364465012081043,1.07047054741578,1.58671795120534,0
94,0.0750223280738315,-1.06752959364359,1.14562876896748,-Inf,0,0,-1.59397135929092,-0.162764887864969,1.20863275658032,0.217211654857895,1
94,0.295921405180113,-0.684762747661637,1.5862340178332,-Inf,0,0,-0.779913976707072,-1.28542807681586,1.02369911095829,2.39860687344931,2
94,0.566835367668949,0.3913564619592,1.21797756705702,0.312959564162884,0.0204014225148257,0.0291732165814521,0.349357224458916,-0.750630741138578,1.66355861435557,0.461880697877409,3
94,0.979458172075022,0.663498984821771,0.701137919235419,0.312959564162884,0,0,0.63974393960898,-0.20351612729218,0.930656939731192,-0.0646655814706103,4
94,1.16284608514439,-0.810553620177193,0.641866287925595,0.312959564162884,0,0,-1.16068743469254,-0.410612503295877,0.381248361967755,0.955804038150727,5
94,1.46293539743971,-0.268446836534549,1.88804687428543,1.32848591753103,0.0223850175851256,0.0281731894180568,-0.197803144187931,-0.637023302835512,2.62816793917851,1.89200929987075,6
94,1.7171777314677,0.7982168404779,1.80188043196189,1.32848591753103,0.0181622145610636,0.0303021106847815,0.533256942846798,-0.0816099727999672,1.87163117702638,1.57924251257633,7
94,1.88389401607621,1.41105994514476,1.82221952933207,1.82443513800032,0.0236305636559884,0.0275452488051879,0.677185752505145,0.666441713914981,1.82030036878695,0.235175066416056,8
94,2.20899077106282,2.70403960014712,0.774471284293804,1.82443513800032,0.0182309138875152,0.0302674759987029,1.93241105339647,0.62308366031023,1.17312946980633,2.09875000639308,9
94,2.27984519202144,2.31389268642695,0.103340441287806,1.82443513800032,0.0170540671431057,0.0308607819254988,1.8951690802778,0.523664037344149,0.181023358930885,0.460077176188146,10
94,2.52991961893421,0.928148315709831,-1.05236259092346,1.82443513800032,0,0,0.805834222924418,1.4363721499016,-1.29566014531284,-0.990667331869283,11
94,2.94671033045549,2.2089658278851,-0.407448916116696,2.7999607811861,0.022180721277465,0.0282761851655727,1.81244757635406,1.640249145582,0.173099940028371,0.453079911774847,12
94,3.10509080083358,2.36633896570133,-1.2401200020207,2.7999607811861,0.0195501226723118,0.0296023984136965,1.90588492769981,0.561585411267058,-0.455163775119457,-0.521681704217689,13
94,3.45102709139625,3.24704941268838,-1.68087659558101,2.7999607811861,0,0,2.73258611268751,0.0706157338883586,-1.48908283758705,-1.97552572975254,14
94,3.69693361119381,2.03432838740765,-2.1742816443859,2.7999607811861,0,0,1.5811583373385,0.603668145372901,-2.24503644045587,-1.50196009833501,15
94,3.89282524560881,1.90026119086156,-1.04436536520899,2.7999607811861,0,0,1.2284517409363,1.33155964990605,-1.10834399291011,0.00651855774120291,16
94,4.22625781482584,2.07728199924442,-1.1403321735472,2.7999607811861,0,0,1.75260079663856,0.999344987962409,-0.883904217607716,-1.69326176303892,17
94,4.43465317058648,0.942364922541535,-1.32532303121306,2.7999607811861,0,0,0.702224680264015,-0.0626518533126436,-0.908825587241641,-1.23776666478111,18
94,4.73474248288181,1.99212825812462,-1.40743011820617,4.50720664348203,0.0208389125201998,0.0289526565005893,1.53271444035933,-0.129771913597877,-0.793693564256781,-0.553282853654992,19
94,4.98481690979458,2.44227828175614,-0.536888042913995,4.50720664348203,0.0166853357752253,0.0310466774186852,1.92326442353007,0.921925587701008,-0.671958389136515,-0.835406041301187,20
94,5.0890145876749,2.05085206843782,-0.225559128504675,4.50720664348203,0,0,1.33833843801412,0.412025842424139,0.322819209930118,0.365983537340214,21
94,5.34325692170289,1.38111254957711,-0.720346936316772,4.50720664348203,0,0,0.907614034604199,0.8490170424911,-0.520437016899536,0.483758160385206,22
94,5.5724918130396,1.90199081964017,0.419589598585167,5.34389811276028,0.0208213421256509,0.0289615145947134,1.19441206169063,0.479707255098743,0.106447943394073,-1.34158696675014,23
94,5.80589461149152,1.20618518832104,-0.141368293334814,5.34389811276028,0.0169446704970039,0.0309159341182643,0.769124498972858,-0.123734394241904,0.079681467468857,0.243469754381883,24
94,6.0267936885978,-0.245547834515402,0.159565718487663,5.34389811276028,0,0,-0.522425154748513,0.421001387118199,0.392588421901648,-1.63166718408744,25
94,6.36022625781483,1.76412538197797,0.460019378947004,6.03560361381477,0.0192263626133224,0.029765621673457,1.32932472904921,0.395918803646125,0.492339930937007,0.0105755097132496,26
94,6.51860672819291,2.71489498390917,0.255428861430197,6.03560361381477,0.0165957640081683,0.0310918349215809,2.28486814057217,-0.184860359718989,0.241000048445493,0.31788687356279,27
94,6.80202441202739,1.24924114560654,-0.848661833726135,6.03560361381477,0,0,0.963527615815233,0.735918003187074,-0.95291792523411,-0.676029165081475,28
94,7.11878535278357,1.57948205363948,-0.121591021253377,6.03560361381477,0,0,1.5068424076107,0.273314674765951,-0.120218119764503,-0.125473295481884,29
94,7.34385233700506,0.982097080498054,-1.05403072431722,6.03560361381477,0,0,0.902198256656078,0.499561301164218,-0.908432122070291,-0.399697992206707,30
94,7.54807978565049,1.29791737511454,-1.44381940169323,6.03560361381477,0,0,1.01513428574564,0.024900254661388,-1.36313277975505,-0.14525359679412,31
94,7.91485561178922,2.03789698286995,-0.991025795180505,7.75008649114663,0.0218814276890168,0.0284270736824715,1.91546599367634,1.49221666711851,-0.672336511362577,-0.823284268103834,32
94,8.08157189639774,2.1529430356283,-0.80509707369894,7.75008649114663,0.0191123765257017,0.0298230876278714,1.74832083292906,0.412619083282804,-0.77210267461215,-0.286028879263952,33
94,8.28579934504317,1.73454216070922,-0.76771002629016,7.75008649114663,0,0,1.06672596430587,0.646859786256445,-0.322173801463025,0.177430246889502,34
94,8.71509377791009,1.91009949017647,-1.19466872713076,8.55519952537456,0.021962396139312,0.0283862535317926,1.64603667954955,0.648571339474819,-1.33193638211947,-0.631789680221388,35
94,8.76510866329265,1.90470564438914,-0.738446851752091,8.55519952537456,0.0211316807903162,0.0288050577154108,0.991280010081875,0.126814619366476,-0.493222629879431,0.447605321016766,36
94,9.15689193212266,1.88934524255973,-0.241604070643588,8.55519952537456,0,0,1.37512948111798,0.59451729121368,-0.436530463060936,-0.457127318077529,37
94,9.46948496576362,0.180896035061557,-0.0993306079071416,8.55519952537456,0,0,-0.445353928225003,-0.460943582202977,0.469733319823492,0.383573073318262,38
94,9.66537660017863,1.41695402870398,0.737337037019056,9.54792019888544,0.0226672617835256,0.0280308963314686,1.06658989564671,0.54172964187384,0.446375616848014,0.422018873114668,39
94,9.91961893420661,2.25906253720743,-0.601848043089576,9.54792019888544,0.0184444587594543,0.0301598175981816,1.99979441567734,2.03823369910273,-0.539675225507152,-0.5363848852505,40
94,10.2155403393867,0.637816128478033,-0.843728385797652,9.54792019888544,0,0,0.0591538999031146,-0.607392059395365,-0.296148599570899,-0.533872377993984,41
94,10.4447752307234,2.03507941513538,0.231760979308027,10.3405647854374,0.0228872686651291,0.0279199801162263,1.51584155202943,0.0337765201749864,0.779189933377571,0.529581717007871,42
94,10.5114617445668,2.31908504099074,0.498804579388581,10.3405647854374,0.0217796481998029,0.0284783856943835,2.00825340580897,0.0320431627683507,-0.24115563040699,-0.288860838241723,43
94,10.886573384936,2.31431967039239,-0.238396415929093,10.3405647854374,0,0,1.91685043117748,1.8505539750822,-0.35035107311969,-0.274443814825751,44
94,11.2158380470378,1.98586564631658,-1.67818563019672,10.3405647854374,0,0,1.47696597674366,0.185942621987883,-1.05415533325985,-1.46542234558787,45
94,11.2991961893421,1.33295334212312,-0.845839545129591,10.3405647854374,0,0,0.520816018952852,0.0383205600497558,-0.56138040584074,0.626160560955675,46
94,11.7451622506698,0.517238260528899,-0.760409715700871,10.3405647854374,0,0,-0.0024411114656023,0.587832406079034,-0.540669884672814,-0.180870564757157,47
94,11.8993748139327,1.13643769111955,-0.65058322505485,10.3405647854374,0,0,0.54971363874459,0.636094719985195,-0.294131487237458,1.11149682464594,48
94,12.0452515629652,-0.915986802619226,-0.730195903666911,10.3405647854374,0,0,-1.34226984659805,-1.71065603355283,-0.510469754534763,0.248763444844205,49
94,12.2619827329562,-0.0612289181170592,0.45629819852055,12.2277976854973,0.0240503458640385,0.027333616089894,-0.143838989687672,-0.892643165273669,0.740252901600895,0.579409014816634,50
94,12.5162250669842,0.105510006858353,1.73420671670625,12.2277976854973,0.0198275428399765,0.0294625373566185,-0.153056071415312,0.478947157131465,2.33343002441364,1.9072628292209,51
94,12.8371539148556,1.40989437517212,3.06917322555243,12.6123215395044,0.0208838153339012,0.0289300187989308,1.05590330320631,0.52281465711142,3.30215603962729,4.29357828885608,52
94,13.237272997916,0.555063264003229,1.04366428361984,12.6123215395044,0,0,0.376496479471294,0.965975096303827,1.2461138424175,0.33939481645615,53
94,13.3039595117595,0.173915854141564,0.483382769891857,12.6123215395044,0,0,-0.234499657367381,-1.16305916247257,0.388829079409808,0.149513689750142,54
94,13.6790711521286,-0.572241856240174,-1.1506505830782,12.6123215395044,0,0,-0.622967981682836,-0.688309632508449,-1.3658844611229,-0.74119031440648,55
94,13.8582911580828,0.263142814768118,-0.281633071866043,12.6123215395044,0,0,-0.0251686894375381,-0.787400221577831,-0.217938893835653,-0.691929804971031,56
95,0,0.210690629141261,-0.0543878508596752,-Inf,0,0,0.0456753190522217,0.869505440262708,0.513894895941667,0.979186099935338,0
95,0.091693956534683,1.4259428298582,0.199616184931959,-Inf,0,0,0.797120421207381,0.755302208680079,0.916598974381193,1.0248324208159,1
95,0.287585590949687,0.60108310413245,0.408541973450911,-Inf,0,0,0.222162512528806,0.889651134519405,1.73091586447456,0.359927252947144,2
95,0.746055373623102,1.58454864063638,0.903047308730613,0.333075757732149,0.017758809660253,0.0305054867995423,1.20648527080907,1.33905227861743,1.9895227427592,0.123511781946081,3
95,0.812741887466508,2.27213023350027,1.38327090251676,0.333075757732149,0.0166511891949258,0.0310638923776996,1.59800294692606,2.93392878955427,2.07839637426142,1.57560206291239,4
95,1.06698422149449,1.67833812603835,-0.621383971695484,0.333075757732149,0,0,0.969491255047329,1.63104566547311,-0.238569697598786,0.614053980787424,5
95,1.30455492706163,1.39194516420217,-1.32267386478884,1.28242928052608,0.024250644822445,0.0272326356013888,0.816155813522015,1.38954326442478,-0.783871663093819,0.125727256033892,6
95,1.54629353974397,2.34635576678631,-0.772973780547756,1.28242928052608,0.0202355206356314,0.0292568558222096,1.73887085942261,1.57005570194474,-0.212369808239429,0.925404365269352,7
95,1.87555820184579,2.52161361416534,-2.2224373375769,1.28242928052608,0,0,2.20842016224938,2.4292053968509,-1.80988238906736,-0.636817781567547,8
95,2.2048228639476,3.18730624259671,-1.78505579489607,2.02410044381037,0.0216164535586967,0.0285606600841951,2.78422473736546,2.4905831850817,-1.01226041742248,-0.367706125797276,9
95,2.25483774933016,3.21100063843621,-1.86114979057122,2.02410044381037,0.0207857382096994,0.0289794642678102,2.96172714808882,1.85074135880159,-1.0088137746987,-0.168326220941602,10
95,2.61327776123846,1.85057749295458,-0.34717204199428,2.02410044381037,0,0,1.28184526124737,2.37680751816566,0.413792625117918,-1.36804515977482,11
95,2.96338195891634,-0.0122028400892664,0.0803861231365634,2.02410044381037,0,0,-0.608475872362038,0.995075436967974,0.548104987660876,0.605417133811196,12
95,3.16344150044656,-0.805233742171058,0.51056693359756,2.02410044381037,0,0,-1.16464378560805,-0.582642348167009,1.37321910134931,0.0733439488402403,13
95,3.45102709139625,0.103170868455022,1.9094064317036,3.33826150127615,0.0227451731655209,0.0279916173982246,0.0606617356254863,0.663715492293098,2.58894570043261,0.848749124683518,14
95,3.74694849657636,-0.450594438799108,3.01657506205518,3.33826150127615,0.0178301073506264,0.0304695421512946,-0.766677622523691,1.52919568854363,3.44932706184731,4.94612203061464,15
95,3.76778803215243,-0.349003319653688,2.8359198272943,3.33826150127615,0.0174839759552128,0.0306440438944723,-0.704766977576569,0.00371627907682909,3.25949063096971,3.31073479337702,16
95,4.23459362905627,-1.02265267662753,1.17405702826437,3.33826150127615,0,0,-1.23787494249929,0.890094813989252,1.87299568041123,1.20885898044771,17
95,4.35963084251265,-2.14563533281767,1.21985251134652,3.33826150127615,0,0,-2.09163964843586,-0.79840933007257,1.51366867338472,0.867546725940747,18
95,4.55969038404287,-1.93991498931329,1.38642118512488,3.33826150127615,0,0,-2.10679896684476,0.282955587335995,1.71846225449564,1.59444043044238,19
95,4.80976481095564,-0.729733073230143,2.10250326569854,4.60535251150588,0.0212229797716376,0.0287590294394301,-0.94766911616093,1.24647698819918,2.77442783286088,1.90004713354558,20
95,5.15986900863352,0.282995303100068,1.0998483486022,4.60535251150588,0,0,-0.210999001313283,1.00368785282612,1.6446718713598,0.846771199509063,21
95,5.42244715689193,0.823554881283909,0.746708628521178,5.37064023033286,0.023757657690619,0.0274811744944403,0.66675119016349,2.32707320977267,0.913027694204449,2.15550748086211,22
95,5.72253646918726,0.708959300742193,2.03651681808549,5.37064023033286,0.0187733655966431,0.0299939995961479,0.455348252479937,1.69956771552568,3.13938660568519,3.33671932681901,23
95,5.94343554629354,0.0471630472873631,1.42861086971659,5.37064023033286,0,0,-0.206672124906374,1.10377961455073,1.80608108928424,2.05993754304178,24
95,6.16016671628461,0.326593374164098,-0.375064149242429,5.37064023033286,0,0,0.504458773743949,1.81486862011097,0.53373615875438,0.777134324466943,25
95,6.36022625781483,0.420079762972616,-0.00187404824619078,6.32669812116163,0.024061256733579,0.0273281153876261,0.12814275018926,1.17276641870395,0.490647837020201,0.892603275838865,26
95,6.66448347722536,0.00768093778449215,0.888866585659801,6.32669812116163,0.0190077383605202,0.0298758408379689,0.134331923951515,1.45496531558093,1.02868908298346,1.6133243135212,27
95,6.86037511164037,0.0658089431232592,2.41277642003753,6.32669812116163,0,0,-0.39167197085128,0.268310826588993,2.90223004839993,3.36920354410689,28
95,7.01041976778803,-0.870654724025833,1.80780916250239,6.32669812116163,0,0,-1.04208885622553,0.581552304954701,2.18419448606621,2.64739235336213,29
95,7.44388210777017,-0.756077442984871,1.0433390133597,6.32669812116163,0,0,-0.835415212298084,1.33951711386295,1.8171929108785,1.29414488899837,30
95,7.61059839237868,-0.172680402636535,1.15958554442418,6.32669812116163,0,0,-0.353215732943512,1.09670110465767,1.78523829289823,1.54185241507292,31
95,7.8731765406371,0.148496914314359,0.600824138617434,6.32669812116163,0,0,-0.357977856543962,0.820544988615839,1.64765799470132,0.105681409283196,32
95,8.08990771062816,0.706169076947754,1.28452447236099,7.9478084837194,0.0222579601661091,0.028237245269079,0.0531159087912688,1.18793838525524,1.54438187235075,1.79064458359982,33
95,8.30663888061923,1.12644928410099,0.736795632115608,7.9478084837194,0.0186581936537935,0.0300520633980897,0.997497875591465,1.03266880468125,1.44368101823065,0.969977485290876,34
95,8.51503423637988,2.07359266909451,0.334498328352709,7.9478084837194,0,0,1.45026272863005,1.73190819238654,1.01036157353742,1.8476211491956,35
95,8.87347424828818,0.398204882803072,1.199037202582,8.58522295561583,0.0198304675628854,0.0294610628609422,0.0293811553602515,0.357040137832678,1.9304532753642,1.56197115338673,36
95,9.19857100327478,-0.313082217964594,2.2213785126497,8.58522295561583,0,0,-0.765680043213918,0.550603726486031,2.46600819812463,2.2872770971912,37
95,9.45281333730277,0.3516802921719,1.04742772460288,8.58522295561583,0,0,-0.253173776805964,0.661573830877501,1.67168120669323,1.74682858547954,38
95,9.56534682941352,0.607260517728858,0.406797660244866,9.52590926520777,0.0239631049106889,0.0273775985157509,0.232827795702156,1.44976016492993,1.10568166796157,1.07022775328309,39
95,9.94045846978267,1.14719675567904,0.246561340552611,9.52590926520777,0.0177327397932285,0.0305186298928976,0.698858345456034,0.891557597745829,0.932921785630701,1.21371865006931,40
95,10.0363203334326,1.18207482474482,1.01306715190409,9.52590926520777,0,0,0.788310418108799,0.261039365791542,1.76628405264035,0.188364466631715,41
95,10.319738017267,-0.693434081029314,1.11403958468862,9.52590926520777,0,0,-0.720115452260633,0.185511104474837,1.20597331390771,0.869984413645684,42
95,10.5364691872581,-0.927998781320802,0.497459166921596,9.52590926520777,0,0,-1.00715065269572,1.95136165193983,0.825673491453408,0.893135602291108,43
95,10.944924084549,-1.24992499480705,0.380292313960271,10.9018277728518,0.0239023354482389,0.0274082353700489,-1.69615857971791,-0.993533665770859,1.04551114874656,1.45725805558831,44
95,11.2241738612682,0.256240623823464,2.64973592163867,10.9018277728518,0.0192641747496882,0.0297465587285948,0.0419306476701166,0.947282228822029,3.06422850733434,1.16098146325278,45
95,11.4367371241441,0.958749899956461,1.10671452561266,10.9018277728518,0,0,0.774775285643635,1.32182346137248,1.41336731443036,2.43479544443796,46
95,11.5867817802918,0.0756984446930267,0.502048738023515,10.9018277728518,0,0,-0.245329736656476,0.242940949089849,0.663461859594732,1.19490992489349,47
95,11.9035427210479,0.330441417306051,0.0240727561994777,10.9018277728518,0,0,-0.237703703669013,1.63389010457344,0.93771698242247,0.0761914283475422,48
95,12.0702590056564,0.943122416782645,-0.220535607386594,11.9850174445229,0.0232023297334246,0.0277611424425965,0.536104375506948,1.49475187857038,0.188184560217566,1.18221238879038,49
95,12.4662101816017,0.196594974929135,1.44935587681231,11.9850174445229,0.0166258332205314,0.0310766755628932,-0.258699466065635,1.24732676525052,2.14878983311907,0.95800971138317,50
95,12.7204525156297,-0.453465524136505,0.694073943349245,12.6145879084728,0.0228597940914136,0.0279338313908455,-0.65210335191629,0.677446231994237,1.73075807665411,2.39948008113507,51
95,12.9205120571599,0.207392284980776,1.12494512240341,12.6145879084728,0.0195369326954294,0.0296090481253178,-0.297264521128506,0.954241462811423,1.51808204658885,1.76458772034059,52
95,13.0247097350402,-0.0828703725506849,2.22975144611065,12.6145879084728,0.017806275718354,0.0304815568411887,-0.517429132416359,1.19057539511617,3.0565761517688,2.88100056985267,53
95,13.4540041679071,-1.77374464654915,0.866476258174911,12.6145879084728,0,0,-2.11526528234788,0.118885785560442,1.65384901062182,1.01260424210981,54
95,13.7124144090503,-2.15511985260764,0.136750353382045,13.7056776874349,0.0245062450510116,0.0271037750414009,-1.58896340012316,0.546140434122689,0.919489553030938,1.13893506934776,55
95,13.8707948794284,-1.44928245054883,1.59106568173757,13.7056776874349,0.0218756464458686,0.0284299882895361,-1.81998297669174,0.598379207011926,2.08988262194546,2.37642079856274,56
96,0,0.515348390153778,-0.00249150878346219,-Inf,0,0,1.22664961126378,0.816623448200808,-0.0886804397131444,-0.763227426311425,0
96,0.245906519797559,-0.357643000150388,1.14366949203664,0.0080991621944122,0.0206683091535523,0.0290386659908246,0.348176416872672,0.861958439847384,0.912106879321736,1.40933690923831,1
96,0.295921405180113,-0.341268621470025,1.38860521558955,0.0080991621944122,0.0198375938045557,0.0294574701744426,0.197130407735733,-0.247002437632828,0.999947485314494,2.23284582677609,2
96,0.637689788627568,-0.719925193054672,1.40045124646399,0.0080991621944122,0,0,-0.198089756746424,-0.393914554649504,1.75070345502562,1.0872101742282,3
96,0.808573980351295,-1.09402328285471,0.302719560117317,0.0080991621944122,0,0,-0.60162873010508,-0.465357052737868,0.395239115800145,0.138450068889007,4
96,1.23786841321822,-1.8961465954745,1.57789887507344,0.0080991621944122,0,0,-1.03099538168271,-0.844385329775122,1.57422772627089,2.74183643811049,5
96,1.25037213456386,-2.00342390807027,1.73265774618922,0.0080991621944122,0,0,-1.06013814563275,-1.02225429712686,1.63208641549277,0.843354372258789,6
96,1.60464423935695,0.427470011685412,2.64801951105034,1.2950392568466,0.0194757963930874,0.0296398699215148,0.961578427509956,0.812834559268215,2.47888823793429,3.05103213036596,7
96,1.85888657338494,1.56982013291949,0.0446209102908517,1.2950392568466,0,0,1.96658945407708,1.88428541737465,-0.522189472549735,-0.271508497724603,8
96,2.10062518606728,0.086156196936752,-0.295345443644134,1.2950392568466,0,0,0.657739687509163,0.592097687830591,-0.553381343148763,-0.403753459650032,9
96,2.2673414706758,-0.0614131295824569,0.0109361190410597,1.2950392568466,0,0,0.657458272645254,0.239264036325943,-0.664455585106405,-0.00983657846513968,10
96,2.53825543316463,0.117111849715743,1.1024011438061,2.44723572644512,0.0231063584202732,0.0278095262692546,0.770459421752999,0.204406242634328,1.54820584742289,0.296372348239363,11
96,2.87585590949687,1.6220715646532,1.81235571398484,2.44723572644512,0.0174990298145517,0.0306364545086758,2.47451150428278,1.69182212267169,1.34631417608087,2.00518521414224,12
96,3.21762429294433,-0.252087080192996,1.15633217558848,2.44723572644512,0,0,0.678367705240986,0.841975292479197,0.475106463131657,2.58560846348766,13
96,3.28847871390295,-0.147231557778008,0.680687871936672,2.44723572644512,0,0,-0.00225450152797985,0.315830419967853,0.478371691786389,0.162756898980018,14
96,3.54272104793093,-0.147785388055287,-0.10211891695424,2.44723572644512,0,0,0.216511048031513,-0.00214373852575972,-0.752848779900795,0.0988666139915814,15
96,3.97201548079786,1.37429401986764,1.14295981364419,3.65904573623019,0.0194199098412055,0.0296680450620868,1.19801549490216,0.880265007654118,1.27431987534911,0.654897014835998,16
96,4.1470675796368,1.40208381489639,0.0895026082077558,3.65904573623019,0.0165124061197214,0.0311338597047525,1.8248392739899,1.30326062796181,0.0197423439860755,1.02703497463089,17
96,4.49717177731468,2.31268817496824,1.0041440267221,4.18799702782864,0.0194829422892386,0.0296362673262247,2.31962851182908,1.33799974730883,0.619289392540505,1.37199937470861,18
96,4.64304852634713,1.71513090532249,1.89258224318909,4.18799702782864,0.0170600225213339,0.0308577795284439,1.64745135245373,0.622349386272139,2.00991478157508,2.27823207512652,19
96,4.87228341768383,-0.0408777952706853,1.0620263543188,4.18799702782864,0,0,0.761083749896275,0.0951306023899187,0.44414063253213,0.966099019735674,20
96,5.00148853825543,-0.2258793544088,0.818814431883255,4.18799702782864,0,0,0.190721824933,0.60383371430264,-0.201841543830212,1.12455931700844,21
96,5.32241738612682,1.12292308863946,0.905000075170763,5.03029449499714,0.019766162781642,0.029493482042134,1.70575649214244,1.20272085492514,0.616350058538041,0.34591488186571,22
96,5.66835367668949,0.692014546746781,0.617129167919203,5.03029449499714,0,0,0.824778914598748,1.8087893517141,0.787240604393457,0.107826658338156,23
96,5.82256623995237,-0.727111146128612,0.0559012540093237,5.03029449499714,0,0,-0.00622647432815682,-0.0380994027614783,-0.0592963328132106,1.12998487725834,24
96,6.09764810955642,-1.25961379265133,1.44311541810051,5.03029449499714,0,0,-0.544958285026349,0.998816754461826,1.33266798846615,1.36613955658317,25
96,6.38940160762132,-1.7151932128698,1.70011958246188,5.03029449499714,0,0,-1.31039883015323,-1.33071214480614,1.08160832423705,1.50979579246696,26
96,6.63947603453409,0.249451902553933,-0.691232741907733,5.03029449499714,0,0,0.663772774856085,1.15984658692754,-0.74502654346303,0.0761810384502094,27
96,6.76868115510569,-0.101697955268016,-0.937528454188752,5.03029449499714,0,0,0.556497965925413,0.639837062122627,-0.694448550671704,-0.41825189371327,28
96,7.02292348913367,1.29908991268484,-0.750993397626661,6.90004923326286,0.0225772746742456,0.0280762632286574,1.59340487563324,1.36327674080943,-0.675850374455869,-2.42554766267584,29
96,7.47722536469187,1.41802973010403,0.876114772447529,7.16875710432561,0.0194946766229511,0.0296303514754379,1.90259922605751,1.84565891373036,1.34288479181989,-0.185216947122268,30
96,7.69812444179815,1.08395050400469,1.5871939957534,7.16875710432561,0,0,1.6452126313625,2.544738986739,1.87050965946805,0.880455886592252,31
96,7.87734444775231,0.939097238388896,-0.55488829543389,7.16875710432561,0,0,1.3311133452517,2.69495685125539,-0.751671913609571,-1.24081423199594,32
96,8.08157189639774,1.04871582510329,-1.26136454049182,7.16875710432561,0,0,1.50848882217426,1.35194272907078,-1.44027172080478,0.0151437465279874,33
96,8.38582911580828,0.951394831934473,-0.10239296900918,7.16875710432561,0,0,1.58368889061937,0.823677612660997,-0.557789686326461,-0.13555132621438,34
96,8.59839237868413,0.78997106351372,-1.15541463509551,7.16875710432561,0,0,0.884553478553503,0.950823382713018,-0.775568327582425,0.111708426463076,35
96,8.82762727002084,0.662273992783264,-0.801121614417766,7.16875710432561,0,0,0.849461916874503,-0.179810066208975,-0.594270835718757,-0.985017931454014,36
96,9.09437332539446,0.372285968711624,1.06102930582712,8.84700401114264,0.0205094911517918,0.0291187339029502,0.878592580224144,0.288743376841724,0.524090536111921,0.529981603978532,37
96,9.32777612384638,0.546156878494537,1.35972560225131,8.84700401114264,0.0166328195231532,0.0310731534265133,0.855230433093603,1.50369128087589,1.6229643551757,1.12411806150812,38
96,9.57368264364394,0.134976192396388,1.8021123722573,9.41960284016811,0.0220589704299945,0.0283375657146836,0.370586423241099,0.863670403967435,2.4347132043319,1.79466224539589,39
96,9.80291753498065,1.77219022475247,2.68949318418389,9.41960284016811,0.0182515250804304,0.0302570848895989,1.8155524192716,2.10074132065408,1.98316442656619,2.52290857033885,40
96,10.161357546889,1.77127805499372,-2.03222042197569,9.41960284016811,0,0,2.26431417770823,1.55121777562313,-2.50012397686062,-1.55112141110156,41
96,10.2780589461149,1.47295469453695,-2.32619654422887,9.41960284016811,0,0,1.51495068372922,1.53313559140042,-3.28190492578206,-1.46632244347722,42
96,10.5323012801429,1.24499073943677,-2.13525009641033,9.41960284016811,0,0,1.43943657941296,1.5536209019278,-2.4982773112687,-1.5243487178504,43
96,10.886573384936,-0.870734596682099,0.0664316465869136,9.41960284016811,0,0,-0.212343594124798,-0.708132817858684,0.215427244938544,0.097477789136662,44
96,11.2408454897291,-1.03310275101889,0.605902244868897,11.0064097791033,0.0207243100595583,0.029010433198742,-0.687753557318528,-0.543612951196566,0.494521553212468,-0.298329113340322,45
96,11.3492110747246,-0.703748034199753,1.61721654362074,11.0064097791033,0.0189244268034093,0.0299178422632597,0.0280767327714232,0.512451836699257,1.9492405737437,1.08440688143822,46
96,11.6159571300982,-0.227736501616002,0.90660532187043,11.0064097791033,0,0,0.345267388956582,0.58188137853978,0.818377768284076,0.370726734373506,47
96,11.845192021435,-0.896120222009421,1.24934459348706,11.0064097791033,0,0,-0.501529409729424,0.6024364512518,0.521845522367697,0.358308537104362,48
96,12.2244715689193,0.479609779887987,2.04670604963414,12.1192113444478,0.0228698325023589,0.0279287705375462,0.756567567838573,1.24579244398937,2.06716759995206,2.10822218766987,49
96,12.43286692468,1.81401106608323,1.3642895586275,12.1192113444478,0.0194085185482183,0.0296737879693,1.95347654533723,-0.0323049045240325,1.23572560370589,1.17548770511861,50
96,12.5995832092885,1.56667146027856,2.14291321537494,12.1192113444478,0.016639467384891,0.0310698019146808,2.21134357790118,1.34247290999327,2.02833701874242,2.6295568388545,51
96,12.9163441500447,1.05158572515481,0.531622661833104,12.9100088112074,0.0245129117629724,0.0271004140262665,1.77418872645321,0.869009810830147,0.263511464659451,0.972939371674681,52
96,13.0580529919619,1.6350230122817,0.750131424729701,12.9100088112074,0.0221592182741515,0.0282870258798505,1.60298925989818,1.79207553539852,0.182064159222342,0.542879175161141,53
96,13.412325096755,1.69161932769033,0.596711175927678,12.9100088112074,0.0071994397878039,0.0137981578862872,2.00547173813024,0.6468572460042,0.231729177470313,-0.48451412367321,54
96,13.5123548675201,1.9579957673825,-0.924571838057897,12.9100088112074,0,0,2.13362780027592,1.92714192375736,-0.870162489181736,-1.81448667763275,55
96,13.9749925573087,1.59643709442571,-0.28787932467171,12.9100088112074,0,0,1.99083927720892,0.856111858742084,-0.135250600696217,0.0644325309372364,56
97,0,0.582436151623275,0.377156439186084,-Inf,0,0,0.456757885948253,0.747929431362552,-0.0908894116729028,0.639161448707151,0
97,0.129205120571599,0.864625434904048,0.22896781795874,-Inf,0,0,0.206353325356241,0.982570300699628,-0.415057886402153,-0.15516159825549,1
97,0.329264662101816,1.31483361574925,0.51178901359857,0.183254805486649,0.0221930071007112,0.0282699912819778,0.887251400825124,2.12114003026798,-0.0350738308497264,0.144956525958719,2
97,0.604346531705865,2.47258161847959,0.162243421213792,0.183254805486649,0.0176240726812332,0.0305734142918766,1.95933060096398,3.07244084747992,-0.652369694055245,-0.01465508873848,3
97,0.762727002083954,1.80809290613028,0.118279848398363,0.650130187811402,0.0227479764247104,0.0279902041383414,1.24096089585366,1.34661547042309,-0.173713255371117,-0.149363804417402,4
97,1.00863352188151,2.08344722042061,-0.550990618300362,0.650130187811402,0.0186636259588134,0.0300493247077956,1.48887154314011,1.4055539823025,-1.05324408459607,-0.639100879746777,5
97,1.30872283417684,2.26915289956023,-1.51245065539382,0.650130187811402,0,0,1.76238913803259,2.40409439485743,-1.26784233598519,-1.18363918711971,6
97,1.59630842512653,1.11613341385926,-2.14093375629369,0.650130187811402,0,0,0.823461297912524,1.22088051349885,-2.51783449249712,-1.81961563194708,7
97,1.79220005954153,1.99451134817825,-1.36171991487455,1.74778082195777,0.0238803624929691,0.0274193130100751,1.44054488226187,0.991300709477904,-1.92858892103908,-0.355328885718642,8
97,2.17981542125633,2.39225180921285,-1.14458744034944,1.74778082195777,0.0174423185382509,0.0306650454331143,1.81777893204981,2.44433988183692,-1.59740575305539,-0.759092615597717,9
97,2.48824054778208,1.51453507809607,-1.36423813186867,1.74778082195777,0,0,0.972497045706501,1.18582117123157,-2.18467312445172,-0.619706133444941,10
97,2.74248288181006,1.4572655596624,-1.85967495012917,1.74778082195777,0,0,0.677493721368731,1.0030251807644,-2.13100914572372,-0.91602146530791,11
97,2.8841917237273,1.70194619689868,-2.05685071252277,1.74778082195777,0,0,1.36148094904338,0.721755569177425,-2.51013370621551,-1.42772957639003,12
97,3.08841917237273,1.99195129890517,-2.65761395166117,1.74778082195777,0,0,1.43742400164615,1.52529847582155,-2.79376124047593,-2.26081817295161,13
97,3.25096754986603,2.26472977547933,-2.52879737482767,1.74778082195777,0,0,1.81489035060187,1.97350914540401,-2.96771942298466,-1.64501889957915,14
97,3.50520988389402,2.45409814587446,-1.4579555070146,3.28230276654403,0.0209157926414648,0.028913897476268,1.92229526544453,1.82086442167999,-2.11040878275526,-2.45381956247401,15
97,3.955343852337,1.30300655714138,-0.620466865367685,3.28230276654403,0,0,0.979324726416845,1.9341071473337,-1.20991175018062,0.616904456359855,16
97,4.13873176540637,0.553071680203608,-0.725996971050521,3.28230276654403,0,0,0.448187949943374,0.574415983751293,-0.800175837490569,-1.46613099469165,17
97,4.26376897886276,0.409440099334293,0.0681261308530335,4.24556817921559,0.0243158340261735,0.0271997705396327,0.373073388150883,0.933329587960777,-0.761662502703945,-0.305294304060492,18
97,4.56385829115808,1.22062019939107,0.453584110460918,4.24556817921559,0.0193315419321985,0.0297125956413408,0.709495288468889,2.2688907039133,0.0541379236095444,0.464640062861289,19
97,4.81810062518607,1.66843375169097,-0.67864091076772,4.24556817921559,0,0,1.06664887142824,1.58301267095991,-1.20150450850094,-0.0914702095812306,20
97,5.16820482286395,1.17137614868468,-0.0376257050207345,4.24556817921559,0,0,1.01479127773893,1.28188147574202,-0.237635436169301,0.851150161995583,21
97,5.35992855016374,0.258034011667784,-0.200284542418733,4.24556817921559,0,0,0.0450330107377146,0.216740517962917,-0.774235024172673,-1.22921618818305,22
97,5.6058350699613,-0.312723634683469,-0.745437599419259,4.24556817921559,0,0,-0.517794336945496,-1.36404467472434,-1.09980237405658,-1.05812943211002,23
97,5.79755879726109,0.960850535636224,0.151590425156375,5.62086408013979,0.0216833511371055,0.0285269337473152,0.494862019001213,1.20953760736749,-0.113602788802517,0.398452477630214,24
97,6.09764810955642,2.14817051603132,0.465491399610863,5.62086408013979,0.0166990590431305,0.0310397588490227,1.79626198344887,0.94123612239116,-0.206947265368322,1.12347020822014,25
97,6.481095564156,2.59784753289568,-0.326370549351935,6.23140284641503,0.0204709009016024,0.0291381891330154,1.9059332606008,2.42076337310389,0.167334874508895,-0.502259003066299,26
97,6.68532301280143,3.07210380223272,-1.88491275195428,6.23140284641503,0.0170788132265362,0.0308483062161219,2.27242876561526,2.13378620686574,-2.13821038804777,-1.48835857925777,27
97,6.89788627567729,2.13225063526499,-1.81630257059035,6.23140284641503,0,0,1.40645462005545,1.61648757062852,-2.26405339375985,-1.8278094123473,28
97,7.02292348913367,1.16868357987095,-2.55994807066199,6.23140284641503,0,0,0.982678260222744,2.38355076075299,-3.14221177382767,-2.07634391592373,29
97,7.31884489431378,2.94837885417237,-0.955366771214968,7.18467030717203,0.0223895833786703,0.0281708875785152,2.51675876402797,1.32191443270118,-1.42424571860678,-1.01571013387695,30
97,7.53974397142007,2.98841154645745,-0.262409631096472,7.18467030717203,0.0187205905872727,0.0300206060561615,2.6417299561834,2.29506447852717,-0.400543209654732,0.285645257138414,31
97,7.83566537660018,3.16873202913535,-1.12566359306359,7.18467030717203,0,0,2.61801382308884,2.02610513095952,-1.02785319685719,0.514068424780737,32
97,8.11908306043465,1.68570914239044,-0.576000941592983,7.18467030717203,0,0,0.889742200746749,0.693882688812477,-0.930693519249015,-0.941189982450127,33
97,8.35248585888657,1.04502973550806,-0.827470888998849,7.18467030717203,0,0,0.497618604933416,0.858416368343435,-1.00811314733431,-0.553326417703276,34
97,8.69425424233403,-0.547265045714083,-0.284425607420224,7.18467030717203,0,0,-0.864673865887947,0.316265786681418,-0.581181570802947,0.69472646543015,35
97,8.85263471271212,-0.450660878606895,-0.0538939877875434,8.6987350140555,0.0220619618561792,0.0283360575906284,-0.505196406524869,-0.327844403144291,-1.00380211769084,1.09125716087898,36
97,9.12354867520095,-0.127476723455695,1.39645445878833,8.6987350140555,0.0175622537157858,0.0306045802518919,-0.423396234154281,1.77543627761361,1.25005062825983,0.627481795109752,37
97,9.34861565942245,2.00648003274023,0.254210022420474,8.6987350140555,0,0,1.43407957890137,1.7006984385466,-0.37647933932853,-0.780503672553605,38
97,9.70705567133075,0.056215280094121,-0.103796761251611,8.6987350140555,0,0,-0.347697173034826,0.633449856090795,-0.885333895442253,0.834733403315224,39
97,9.92378684132182,-0.621243407359109,1.21456230631177,8.6987350140555,0,0,-1.07264971925738,0.317107935333975,0.564287946767465,2.09441698046798,40
97,10.0363203334326,0.388469009523497,1.78676949492539,9.97244971073949,0.0235572873915126,0.0275821909492906,-0.401313490452615,0.346376387874009,1.19773467061547,2.0845809686428,41
97,10.2738910389997,0.280274870862277,2.20926677473342,9.97244971073949,0.0196113894837727,0.0295715108214647,-0.12513247652753,0.820887992841209,1.71928809977493,2.75817878572983,42
97,10.5989877939863,0.743578710521624,1.69854653565028,9.97244971073949,0,0,0.111008897004988,1.72198463851095,1.47281220431913,1.09728030647353,43
97,10.8240547782078,0.0796218292675925,-0.217142202587621,9.97244971073949,0,0,-0.0368365907317435,-0.229700224892337,-0.671091339347038,-0.515566814495218,44
97,11.1949985114617,1.10940888357171,0.428947518623881,11.0538203843224,0.0222732590458547,0.0282295323565441,0.637826492327814,1.06363242009038,-0.148343591935733,0.947405584685894,45
97,11.3200357249181,1.39604954622347,0.359617963444877,11.0538203843224,0.0201964706733642,0.0292765428155894,1.00071836755312,0.631234895276646,0.175508577174305,-0.51805814602487,46
97,11.7326585293242,0.748069690816853,1.32203070925245,11.0538203843224,0,0,0.449124113080955,0.533549499304622,1.04774430439532,0.321821167039141,47
97,11.9869008633522,1.14242232661422,0.492167152316466,11.8284659483971,0.0219866348058156,0.0283740336360568,0.584677830657903,0.632852504382199,-0.102133170487851,0.981458672798433,48
97,12.1952962191128,1.41014920741436,1.2634066984533,11.8284659483971,0.0185253208516666,0.0301190510677977,1.05982540173277,1.01733973324165,0.915399942791516,0.612931838769446,49
97,12.4286990175648,-0.134694899313813,1.0032877544099,11.8284659483971,0,0,-0.457449811689798,-0.18158422008949,0.731337506695014,1.66058548665901,50
97,12.628758559095,-0.522373644668632,0.86424943471551,11.8284659483971,0,0,-0.362463942641108,0.0257780794591527,0.43503930315076,1.85326955739802,51
97,12.9371836856207,0.645130683911033,0.557913492770661,12.8110664672935,0.0225234111360528,0.02810341846921,0.39518661617261,1.47922595970752,0.603505921744402,0.462939952068552,52
97,13.1497469484966,1.21417470989585,0.90113469765547,12.8110664672935,0.0189928709028302,0.0298833362495986,1.04970636997154,1.34345886358611,0.132747604309609,1.16176713088555,53
97,13.4415004465615,1.77955837842147,-0.398406431673874,12.8110664672935,0,0,1.52424571010469,1.49971763938429,-1.16688417384552,0.583619500358197,54
97,13.5623697529027,1.86485679024588,-0.487862599923245,12.8110664672935,0,0,1.26847956242584,1.55285872916241,-0.970240119232337,-0.370564361142757,55
97,13.9708246501935,2.16767974390554,-0.582090619981454,13.585936161573,0.0182253853689745,0.0302702631949349,1.50447659834255,1.99467875388428,-1.4914835889537,1.1572285416581,56
98,0,-0.865372135098077,1.15942311013533,-Inf,0,0,-1.17247736367449,-0.933423773821339,1.23888127558412,-1.51244671404663,0
98,0.108365584995534,0.0640049551774923,0.751264231193316,-Inf,0,0,0.136508837382927,0.220658454801505,1.58444597771711,2.03914513441703,1
98,0.354272104793093,0.0708147777966358,0.223792129776232,0.181956147355959,0.021756079542888,0.02849026780555,0.15950914486875,-0.235891649242817,0.94852426796966,-1.63241285088904,2
98,0.737719559392676,0.537227114280072,0.805102641262912,0.181956147355959,0,0,0.123811145374249,-0.193633975715041,1.40877298795528,-1.16566898955376,3
98,0.94611491515332,0.533905501859397,0.758458328090116,0.181956147355959,0,0,-0.237490931348854,0.549229986896778,0.775614084379088,-0.321929751648934,4
98,1.14200654956832,0.693205670914456,-0.151736944918894,0.181956147355959,0,0,0.599721414927702,-0.713338661916753,-0.150657337889139,-1.14337336854895,5
98,1.28788329860077,0.715150345447102,0.63201950610446,1.18006852827787,0.0228274031249443,0.0279501612591654,0.376996791681968,0.320779461597364,0.986554442969183,-1.13326284502286,6
98,1.61298005358738,0.812894170399127,-0.137264920056611,1.18006852827787,0.0174277533564716,0.0306723884526833,0.445984387255905,0.835186177445155,0.593557151581982,-2.57251688102495,7
98,1.82137540934802,0.622024306488657,0.159226321389074,1.18006852827787,0,0,0.0435019661008518,-0.634514438415144,0.499884935360571,-0.268002180391124,8
98,2.17981542125633,0.566671234969827,-0.864264973695959,1.18006852827787,0,0,0.624977170169304,-0.340913536897699,-0.967297890924137,-2.50135735964574,9
98,2.40071449836261,0.707407838749755,-0.941662405143305,1.18006852827787,0,0,0.483422076844552,1.14201524271851,-1.0710441403803,-1.16643499057057,10
98,2.6883000893123,0.397114388163982,0.73329229116869,2.47076514581791,0.0210050210230777,0.0288689130907434,0.187332136580598,-0.277859919638736,0.807349032093581,-0.520732014977488,11
98,2.82167311699911,0.116384423060576,0.983265606581987,2.47076514581791,0.0187897800924229,0.0299857242470614,-0.0860267816179244,-0.926273320681432,1.23623924228845,1.10200920722864,12
98,3.18844894313784,-0.706609048058643,1.64077027875466,3.11175449899792,0.0233442918957205,0.0276895723824462,-0.570659767354782,-1.43345874749807,2.21996421867067,1.74904279677066,13
98,3.32182197082465,-0.0650930017614785,1.85180276519677,3.11175449899792,0.0211290509650666,0.0288063835387637,-0.240836167385647,-0.623715331019517,2.27588990297909,0.619218441291018,14
98,3.50937779100923,0.650467729155238,1.93157261341702,3.11175449899792,0.0180138684063312,0.0303768992273278,0.608711606540571,-1.00606302887312,2.47989658393039,0.321914336468296,15
98,3.95117594522179,-0.655471281663434,0.0788416700943642,3.11175449899792,0,0,-0.716940575209201,-0.466042795592139,0.678815506875203,-1.07487503537486,16
98,4.15957130098244,-0.209757988630232,-0.694798641782663,3.11175449899792,0,0,-0.566981467784625,0.727995182518655,-0.298683595760237,-1.56385652721802,17
98,4.40547782077999,0.572568887590793,-0.0590836048621824,3.11175449899792,0,0,0.575368518385501,-0.512968815319434,-0.0487632780736482,-0.820802593371129,18
98,4.67222387615362,0.642223794063194,-1.25063741095495,4.65588273347105,0.0243467217423458,0.0271841985331953,0.421103627241424,-0.16471000031331,-0.684077590802968,-1.80467236466634,19
98,4.88895504614469,1.17817214187316,-0.48709065612112,4.65588273347105,0.0207469552300367,0.028999016662212,1.02052295256858,-0.140466584351478,-0.101217577476466,-1.95235376105112,20
98,5.16403691574873,-0.322609795544317,1.2457652618977,4.65588273347105,0,0,-0.429986845393925,-0.875471210535666,1.5753533993152,0.681237962199966,21
98,5.42661506400715,0.390053206111728,2.04318941874411,5.26449761429372,0.0219254702520361,0.0284048696752005,0.0510009678699797,-0.60585868074627,1.95210684920421,1.59833796985669,22
98,5.52664483477225,0.773250321648477,1.53953795191706,5.26449761429372,0.0202640395540444,0.0292424780424363,0.84348619647572,-1.5372022911658,2.11990525400466,0.503229539212028,23
98,5.75171181899375,-0.495401798118365,1.82453167256562,5.26449761429372,0.0165258204835623,0.0311270968687174,-0.940863182515443,-1.36296589930642,2.12666685737946,0.296322361821631,24
98,6.08514438821078,-1.23084677034564,1.58916558741885,5.26449761429372,0,0,-1.38799289852051,-1.05791516428031,2.09845716268542,-0.501396356659082,25
98,6.33938672223876,-1.88821388026884,2.47367490696974,5.26449761429372,0,0,-1.99377109153674,-2.09488942002604,2.75086657556041,0.0674435624786781,26
98,6.66448347722536,-0.983412776833593,2.14887657360369,6.6504613526058,0.0243852391534147,0.0271647800249057,-1.22765205978862,-0.503095656541584,2.59879357972765,1.37988949955424,27
98,6.75617743376005,-0.561548763205658,2.26348461733157,6.6504613526058,0.0228622610135832,0.0279325876948663,-0.320477305435033,-0.553611807205309,2.33339657789607,0.159063730909521,28
98,7.18547186662697,0.706421314008398,2.59843365166736,6.6504613526058,0,0,0.714329085301565,-0.935479405640175,2.45099675510004,2.26643020758902,29
98,7.49389699315272,-0.62089275074351,0.673995675263828,6.6504613526058,0,0,-0.880699086400271,-0.0884009274095214,1.22088395665124,-1.13291341397886,30
98,7.74813932718071,0.430158770342551,-0.0188566118917072,6.6504613526058,0,0,-0.232649100562893,-0.267901438617077,0.0932507751562159,-2.8821883685281,31
98,7.88568026198273,1.14029870158479,-0.661739279533544,6.6504613526058,0,0,1.01863681962267,0.994606177626462,-0.64652090417917,-2.63897966394708,32
98,8.09407561774338,2.43999784469986,-0.298976227511012,7.89809620684156,0.0213630446723133,0.0286884158815557,1.79840716699708,1.17253394913396,-0.12893333581886,-2.29674389113046,33
98,8.29830306638881,2.35231859118395,0.346335835523769,7.89809620684156,0.0179709569972379,0.0303985329646498,2.09096208734535,0.13443159240727,0.848857850777501,-0.172509668994478,34
98,8.69425424233403,-0.248149685084263,-0.107501560415233,7.89809620684156,0,0,-0.0614744713152481,-0.0880948000995149,0.365384471631532,-1.05210176689443,35
98,8.95683239059244,0.85316035531894,1.98273753026186,8.70633010189944,0.0204574544443923,0.0291449681488768,0.847922118361884,-0.160820547633544,2.14469579620215,-0.282411703089141,36
98,9.24441798154213,-0.39343090602229,2.38492692708369,8.70633010189944,0,0,-0.294399800286592,-0.663092329886787,2.95198491966623,1.055758736394,37
98,9.41530217326585,0.372408463198455,0.899438727605286,8.70633010189944,0,0,0.211988752335484,0.590446036534096,0.358447618062804,-0.539648298053689,38
98,9.50282822268532,-0.0223149029564227,1.10005793618367,8.70633010189944,0,0,-0.28906693568603,0.0947634256298976,1.34725789499436,-0.709587699223958,39
98,9.86543614170884,0.0439697342454671,1.78541733408975,9.793843943563,0.0234290369477102,0.0276468482623891,-0.423163877312777,0.291054727323191,2.21934618446756,-0.461597753246948,40
98,10.0863352188151,1.68085359517998,0.250181104567877,9.793843943563,0.0197600441563117,0.0294965667400357,1.35113602345017,0.0625543893134329,0.48498974048752,-0.935253228200609,41
98,10.3405775528431,0.518918763350172,0.566489942024039,9.793843943563,0,0,0.492475592819058,-0.245662480966045,0.498997670372188,-1.73676471439848,42
98,10.7281929145579,0.561099806003511,0.0684873294242777,9.793843943563,0,0,0.499059041294102,-0.345544263769127,0.683075996175273,-0.0459485899795818,43
98,10.9115808276273,1.69682028711366,0.0555336935963851,10.8782599396359,0.0240646990016728,0.0273263799721353,1.03312865181409,0.976125003336059,0.495949921942137,-0.962060401588717,44
98,11.0574575766597,1.69086822288031,0.545678176698827,10.8782599396359,0.0216417792337681,0.0285478921743539,1.53630435601473,1.29372846368916,0.552458562503863,-1.2676970452031,45
98,11.3867222387615,1.16165000035856,0.648016446732974,10.8782599396359,0,0,1.08684066466287,-0.0762648820388033,0.14850580378781,-0.292898462754352,46
98,11.5242631735636,1.33918756455291,1.14255350811305,11.475626137507,0.0238103075502496,0.0274546311285169,1.02275813281235,0.430460802945372,1.43092682582768,0.013288853305943,47
98,11.7576659720155,1.3076354897212,1.15263407019146,11.475626137507,0.0199336359216035,0.0294090506520667,1.10348968636097,1.19657033010663,1.35989758444972,0.453367960054124,48
98,12.2494790116106,1.66064958834161,-0.0590053101828527,11.475626137507,0,0,1.18842820443567,0.468273221074568,0.0620617499932749,-0.314781195656149,49
98,12.3453408752605,1.81521232151508,-0.686761090384162,11.475626137507,0,0,1.46513856168746,0.286175108047352,-0.0915325543752969,-0.881882010759565,50
98,12.707948794284,0.873251807660238,-0.417596002724632,11.475626137507,0,0,0.708168233385865,0.144665796270979,-0.0886588723579089,-1.62147430089179,51
98,12.903840428699,1.30356652279405,-0.771838447933325,11.475626137507,0,0,0.576467296727562,-0.0607285505813981,-0.242102773982222,-2.21381269092173,52
98,13.0122060136946,0.708512572386901,-0.709802680380938,12.9943307948317,0.0243212417153546,0.0271970442593705,0.55964611678358,0.732110962210339,-0.520435656219299,-3.00056312519799,53
98,13.274784161953,2.74852858797164,0.0197788784468338,12.9943307948317,0.0199599861331371,0.0293957662233766,2.55597125947896,1.23305658113666,0.560616388472428,-0.224496537992881,54
98,13.745757665972,0.724758746069434,0.664161566157732,12.9943307948317,0,0,0.683869460751334,-0.0994993554196223,0.318977847445897,-1.17126899257857,55
98,13.9749925573087,1.60784529400386,0.604734642618432,13.8569424514193,0.02265740072882,0.0280358677708077,1.53455201019302,0.635867919166907,0.835385009978795,1.19909491255499,56
99,0,1.70646332393926,-2.32340472592395,-Inf,0,0,2.10582829577812,1.83767136322254,-4.43463664102026,-1.64303271859376,0
99,0.0833581423042572,2.12543563292563,-2.36444350400896,0.0169364292290993,0.0235149154072303,0.0276035527362131,2.38096546012388,0.674771929198015,-3.91050537971507,-0.852264512817111,1
99,0.454301875558202,1.92395822298785,-0.214568800523196,0.0169364292290993,0.0173537765688427,0.0307096837647129,2.55599969214246,1.62320117165589,-1.90844261848704,-0.103497898699405,2
99,0.608514438821078,1.73254095836359,-1.19436695671355,0.0169364292290993,0,0,2.3330046588489,1.32058592206713,-2.9974038172175,-0.468054934103215,3
99,0.933611193807681,2.21832803801197,-1.71877825956697,0.0169364292290993,0,0,2.48065301117543,1.44148932782479,-3.40907558125445,-2.04386395168992,4
99,1.05031259303364,1.9726677049169,-1.35508374278793,0.0169364292290993,0,0,2.21940926522341,2.12520746263221,-3.09890913530502,-0.225560478924706,5
99,1.27121167013992,1.75401607295861,-1.28721987746462,0.0169364292290993,0,0,2.07140689178274,1.13761120412907,-2.74397260634987,-0.1442860470058,6
99,1.62965168204823,3.22516884785849,-1.79983149412891,1.4369844474579,0.0214180578084872,0.0286606810724915,3.58294019359,0.803233715821418,-3.43740360779999,-2.18823359886794,7
99,1.82137540934802,3.03312614398519,-1.8570444495653,1.4369844474579,0.0182336489706695,0.0302660971096936,2.90279921394424,1.58121983690873,-3.19289028653343,-0.939936433329007,8
99,2.13396844298898,3.94281887240156,-2.6272208928676,1.99101871023528,0.0222438338064434,0.0282443670569947,4.25946831182697,1.11948681807172,-4.61740944435684,-2.01928520732264,9
99,2.45489729086038,3.49544458246093,-0.910972769081088,1.99101871023528,0.0169134103170524,0.0309316939018773,3.88049134866175,1.97057948238753,-2.31008437785276,-0.861786370037569,10
99,2.58827031854719,2.99535860658079,-2.48255455044164,1.99101871023528,0,0,3.30090877252411,2.34402506063942,-3.98555768832617,-3.05286625076662,11
99,2.84668055969038,3.13413541920257,-2.97519251029746,1.99101871023528,0,0,3.51842098501233,2.26730376617172,-4.22603944561484,-1.66632778066754,12
99,3.10925870794879,3.83607931834402,-2.78755480101554,2.91044109749536,0.0213159039878299,0.0287121818031763,4.1693722111295,2.84370987804788,-4.24196135499362,-1.04475235718598,13
99,3.38434057755284,3.30947646853485,-1.01489390915301,2.91044109749536,0.0167469695683528,0.0310156048130749,3.7977300035547,1.6208362761672,-2.84885901887622,0.177482945843556,14
99,3.60523965465912,0.824970459402051,-0.410647246353065,2.91044109749536,0,0,1.35171264738155,1.83735687631343,-2.36256945373364,0.997876644654466,15
99,3.99285501637392,0.0189463233289222,0.0626321213337788,2.91044109749536,0,0,0.624483175035474,0.7328027626212,-2.3098263565518,0.0328793493598653,16
99,4.16790711521286,-0.6560268739533,0.61395891651782,2.91044109749536,0,0,0.136090962115219,-0.506757541283464,-0.456218000748049,1.29767892354548,17
99,4.49717177731468,0.363401852801566,0.731641536877782,4.3413262012343,0.0220296420731663,0.0283523515719087,0.646238797394842,0.32014661984923,-1.25669616217403,-0.52732107566183,18
99,4.73474248288181,0.742662146849149,1.40649742419322,4.3413262012343,0.0180837441654319,0.0303416714440876,1.11691158547133,0.709839782717777,-0.325974404496734,1.60875272808745,19
99,4.75974992557309,0.579260813340326,1.1219495964042,4.3413262012343,0.0176683864909386,0.0305510735359029,1.29241620322938,0.864279758601123,-0.646395975830303,1.4571685225182,20
99,5.02649598094671,0.645680164722896,0.347968607427618,4.3413262012343,0,0,1.18304409967658,1.58982424875013,-0.946840353910586,-0.0721623539454005,21
99,5.3140815718964,-0.189457475682912,-0.0116491544214093,4.3413262012343,0,0,0.209380672856521,-0.203423160924763,-1.28156410731707,0.191371415665727,22
99,5.72253646918726,1.41594222009161,-0.745209755248987,5.66817966181821,0.0237153057965626,0.0275025261529074,1.99134023101962,0.789151808169395,-2.43996426485818,-1.53157849816299,23
99,5.81839833283715,1.14590182904811,-0.546329323620727,5.66817966181821,0.0221231013776538,0.0283052341715084,1.84883259649636,1.59836985386282,-2.06149146365446,0.126105785899249,24
99,6.08514438821078,1.8060068232275,-0.569832140521861,5.66817966181821,0.0176926195163386,0.0305388564841314,2.15993100564171,1.23819092127063,-2.43745644410927,0.178525520605646,25
99,6.42691277165823,2.37095063423222,0.48566503083676,6.21871417743476,0.0211600918301718,0.0287907343224768,2.92278681478896,1.25806531583024,-1.22140839201747,0.892436340561448,26
99,6.63947603453409,2.70278532226035,0.435343344840294,6.21871417743476,0.017629551596939,0.0305706521028531,2.97729829255509,1.35341815900701,-1.3215284983827,1.0362376052688,27
99,6.88538255433165,2.62564275921486,-0.852314496959351,6.21871417743476,0,0,3.27263292793144,0.704837141739823,-2.00302928351306,-2.08775574721564,28
99,7.00625186067282,2.39779398212495,-1.27054013687509,6.21871417743476,0,0,2.87812695495552,2.39373995570549,-2.82036420659301,-0.578993294867156,29
99,7.41887466507889,1.52324228298017,-2.80678122683063,6.21871417743476,0,0,1.97160699282133,1.6277769600013,-4.37262739447753,-2.06741432366619,30
99,7.71479607025901,-0.191214889118316,-0.975063337909876,6.21871417743476,0,0,0.549336101171781,1.41701595821959,-2.84070536811027,-0.313133969201067,31
99,7.81482584102411,0.016100567515398,-0.177508852074057,6.21871417743476,0,0,0.869240362395011,1.08210436785616,-2.20373862038788,0.0502275922969679,32
99,8.14409050312593,1.04540458808461,0.657019516807075,7.9168614945249,0.0208440087840854,0.0289500872250382,1.54443857780696,1.83712703135638,-0.964670611922704,0.290737904865265,33
99,8.42750818696041,1.30372648076791,0.907933878308484,8.33811616272164,0.0231333931882222,0.0277958967222299,1.31743605251725,0.826337888999658,-0.869129006988483,1.14081623640692,34
99,8.56921702887764,1.34399175111077,0.615819037650151,8.33811616272164,0.0207796996993911,0.0289825085758023,1.9677004636269,2.05143472501647,-1.82846413059249,-0.0268377892324454,35
99,8.89014587674903,2.14850587825472,-0.386090471400242,8.33811616272164,0,0,2.37673108484553,0.358886046173307,-2.28603190761984,-1.03429616950127,36
99,9.13605239654659,1.77131720654648,-0.879445449117857,8.33811616272164,0,0,2.24367144689414,1.51222782098251,-2.76536185433258,-0.486189895574509,37
99,9.33611193807681,0.308779327094803,-1.2534443970997,8.33811616272164,0,0,1.17116511798376,0.209439293581393,-2.75027203844084,-0.513655727939994,38
99,9.62786543614171,0.343674958391951,-0.759238723624712,8.33811616272164,0,0,0.977892221261383,0.0478124638150877,-2.28646335838697,0.00551499002548766,39
99,9.88627567728491,-0.195455451817734,-0.813520741472836,8.33811616272164,0,0,0.381680332281542,0.0285920785501097,-2.10606061171582,-0.670361666596413,40
99,10.0654956832391,0.5945380416251,-1.28819409506983,8.33811616272164,0,0,0.776156489710423,-0.276433064765012,-2.94897007061082,0.133973321118535,41
99,10.3655849955344,2.63245817899438,-0.280170539356673,10.1129025676127,0.020421243722196,0.0291632237426447,3.04768163015575,2.67910730529078,-1.87957299623373,0.665816980821964,42
99,10.5864840726407,3.8125610863057,0.873236052772394,10.4333332615027,0.0388266513310548,0.0593427289332896,4.19607972435257,2.76564096154742,-0.614009524533983,0.700945418692506,43
99,10.76987198571,4.00318617175822,-0.0704535176604076,10.4333332615027,0.0190284441206061,0.0298654020529317,4.04926745332893,2.29944972718233,-1.76069592974137,-1.43948209012159,44
99,11.1033045549271,1.95687297249608,-0.130661289211741,10.4333332615027,0,0,2.57045652711096,1.07390336203816,-1.59013019348827,0.624837532621044,45
99,11.4950878237571,1.6839302953404,-0.621308261076129,10.4333332615027,0,0,2.38517832195812,1.20507696446663,-1.90939284489301,-0.774845366247752,46
99,11.7076510866329,2.03114819582515,-0.608451679404349,10.4333332615027,0,0,2.84555605713422,1.20165899821876,-2.51534432530929,2.00442441580252,47
99,11.9118785352784,2.29253987017776,-1.66313952365727,10.4333332615027,0,0,2.78101791224972,0.82531987478267,-3.3890699804253,-0.0560722170905659,48
99,12.2119678475737,1.94778182517859,-1.26193623285335,12.0546703805251,0.0220055270901398,0.0283645091127543,2.19471609470445,1.13410953445001,-2.83178752990263,-0.202625333236986,49
99,12.4870497171777,1.99596127381968,-1.04796435593931,12.0546703805251,0.0174365926706543,0.0306679321226409,2.34454765120637,1.93867748440049,-2.90329680593877,0.253326921622351,50
99,12.6162548377493,2.03853209228779,-2.24531061674564,12.0546703805251,0,0,2.23345468980086,1.43290809622673,-4.1263219278615,-2.32750711559375,51
99,12.9080083358142,2.65222624548966,-1.86919004298194,12.8624086238927,0.0238607555670666,0.0274291978191121,3.06850352610484,0.487808060062326,-3.89388870123426,-0.307040301134977,52
99,13.1038999702292,3.80113893744379,-1.69401001440702,12.8624086238927,0.0206071204501762,0.029069514204961,4.17425799847527,2.81843923147057,-3.317840893558,-1.63360682508043,53
99,13.4164930038702,4.07619041981612,-1.57297956717826,12.8624086238927,0,0,4.49300344642994,3.61079236181149,-3.22083469877215,-1.05170648990047,54
99,13.5582018457874,3.08213104230607,-1.74035141707466,12.8624086238927,0,0,3.36077296313544,1.09331158685247,-3.3525673689684,-2.31102610673753,55
99,13.862459065198,1.51770976521825,-2.23934344764963,13.7903892249335,0.0234211036167268,0.0276508478420233,1.79069054139932,1.4223430838121,-3.95988792975623,-1.37768991540621,56
100,0,0.137382095555365,-0.512358730274161,-Inf,0,0,0.0312239657395547,0.885312152603874,0.392992409557926,-0.509754244409038,0
100,0.241738612682346,0.854313012413186,-0.576726940391195,0.167204881540965,0.0233801799606242,0.0276714794559837,0.782175866019239,-0.141261034439207,0.0823792851258725,1.15278043321884,1
100,0.391783268830009,1.54161936244228,1.03717004671039,0.167204881540965,0.0208880339136367,0.0289278920068375,1.19662551234546,-0.524056745572366,2.23049906348742,2.29714843209189,2
100,0.708544209586186,1.7360641496873,0.258541664627684,0.167204881540965,0,0,1.54398953325127,0.0946635763582074,0.532378680224103,0.77251736704561,3
100,0.958618636498958,0.870937293052529,-1.02521149891513,0.955049560659637,0.0210494599183027,0.0232321740067687,0.789739587001932,-0.0885886845677886,0.0632941556905355,-0.803003143253549,4
100,1.20869306341173,1.58256984681526,-0.494063082937408,0.955049560659637,0.0204052808821967,0.029171271389997,1.07383717996553,-0.0718652719642814,0.147792807776695,1.06323606699892,5
100,1.2628758559095,1.43626477511216,-0.429427102340539,0.955049560659637,0.0195053392541191,0.0296249759222513,1.37975810994084,-0.393102849342025,0.420029610247369,-0.470480724798982,6
100,1.58380470378089,2.02803727557343,-0.998917429072538,0.955049560659637,0,0,1.47750313505072,0.958863016073693,-0.545485734843517,-0.244719066022733,7
100,1.80887168800238,-0.87874054844195,-0.252493867706518,0.955049560659637,0,0,-0.921623391811412,-0.508666235305559,0.316719989096418,1.27764073412628,8
100,2.18815123548675,0.251481082396201,0.164553076709465,0.955049560659637,0,0,-0.0165505530076266,-0.621658686186141,0.850248632586591,0.976674683482257,9
100,2.29651682048229,0.743295951928232,-0.332742897639888,2.19040368538923,0.0228556662008872,0.0279359124620773,0.907931235531506,-0.52435613689419,0.183946270090456,0.332429394530606,10
100,2.54659124739506,1.64654752529412,1.0305156292349,2.19040368538923,0.0187020894559067,0.0300299333801641,1.47438385723184,1.23706642674363,1.853587443251,1.53495388364707,11
100,2.77999404584698,0.679042057081236,0.686695011838987,2.19040368538923,0,0,0.573127367356674,0.0830526554781529,2.06386651109881,1.61081722791748,12
100,3.22596010717475,-0.211141852474825,-0.28007480630476,2.19040368538923,0,0,0.0332705060480962,-0.265304593859266,0.651843528179059,1.11323194332041,13
100,3.46353081274189,-0.598221958636389,-0.352578749300146,2.19040368538923,0,0,-0.502417587225247,-0.31682517753011,-0.108151873409939,0.157852796509119,14
100,3.63441500446561,-0.242977077542363,0.246064046292133,3.62179278060257,0.024408490612185,0.0271530578288206,-0.213855898654659,0.43488060220868,1.26830623734942,0.707225803393208,15
100,3.94700803810658,2.87024969117023,0.38702197356388,3.62179278060257,0.0192165196809629,0.0297705839764364,2.86047374758164,0.959724319631787,0.710478056434129,1.19039673019173,16
100,4.00119083060435,2.98226123668104,0.520039052327185,3.62179278060257,0.0183165780528828,0.0302242885086854,2.66069159621265,0.604333622481286,1.87480268468186,-0.413525623813138,17
100,4.33045549270616,1.48545062428923,-0.9399344566939,3.62179278060257,0,0,0.88045356885818,0.652894367771035,-0.362846477240925,0.0106370456072057,18
100,4.6347127121167,1.22130260579254,-1.54532591813547,4.56233834882016,0.0234160456833807,0.0276533977932856,1.26981956819656,0.835075557742132,-0.180474880089985,-0.845947428422488,19
100,4.75141411134266,1.44538573164115,-0.799994160682315,4.56233834882016,0.0214777098690568,0.028630607555061,1.56430860451113,1.01927437876629,0.0600683825097695,-1.41947541693979,20
100,5.15986900863352,1.37485322132302,0.301265404644121,4.56233834882016,0,0,1.01625728371983,1.14880856874541,0.871387984608673,1.25393611182202,21
100,5.39743971420066,2.57614663660548,0.636985375779142,5.23822181531264,0.0219736299420453,0.0283805900231124,2.04660875368495,0.0123699376377021,1.28551846916075,-0.351465295664813,22
100,5.55998809169396,3.17754788640124,0.548198772483684,5.23822181531264,0.0192738050578084,0.0297417036198711,2.65226804704798,0.368614578145503,0.900265845125264,0.0511844198655932,23
100,5.85174158975886,1.47486930054708,-1.03765069699632,5.23822181531264,0,0,1.52328252671471,0.572620928816131,-0.758807232168866,0.0249023745117425,24
100,6.08931229532599,1.20054940759377,-0.860511035915876,5.23822181531264,0,0,1.18527404540941,-0.305031467682954,-0.0619876365218291,0.683990190613795,25
100,6.41024114319738,0.890459418861112,0.969162846654579,6.1123655436453,0.0196706139635597,0.0295416528683995,0.739454867248021,-0.785801420348786,1.81058016608553,1.5299261081786,26
100,6.56862161357547,1.2641142823767,0.956255962289322,6.1123655436453,0.0170400153584065,0.0308678661165232,1.16307599120802,0.34131198054879,1.90508101032161,1.32645997104586,27
100,6.83536766894909,0.911530977390357,-0.403658873103883,6.1123655436453,0,0,0.528651468986777,-0.274268853896819,0.234723187402009,-0.895134169535191,28
100,7.12712116701399,-0.326489827878627,-0.118376374836072,6.1123655436453,0,0,-0.309377904547994,-1.58916582336761,0.317846513292116,1.10755759742655,29
100,7.30217326585293,-0.665382810292463,-0.0498063410615639,6.1123655436453,0,0,-0.759111041249964,-0.869297900536575,0.478725993149547,-0.44767454834977,30
100,7.70646025602858,0.977056449571062,0.561502208689394,7.42608622325262,0.0199613038260124,0.0293951019100267,1.38775919301103,0.895510954166645,1.18292541601607,1.4296720979718,31
100,7.9398630544805,0.970200486322048,1.98802713436063,7.42608622325262,0,0,1.02944290428353,0.476639599002306,2.9439027228221,2.01871684539179,32
100,8.07323608216731,1.54583192295324,0.897047455550739,7.42608622325262,0,0,1.09615790143531,1.10680519385125,2.19802230016356,1.05021814294097,33
100,8.49836260791902,0.300153972988988,-0.0650064769291528,7.42608622325262,0,0,-0.0468316513909391,0.0916861320010331,0.106603174827529,-0.0998951432777314,34
100,8.57338493599286,0.446744986928192,-0.33187032743406,8.53653588922193,0.0240060985344536,0.0273559233300098,0.502461292796822,-0.492090028508741,0.481649475079792,0.435484922994303,35
100,8.88597796963382,0.563328660105777,0.678472824868416,8.53653588922193,0.0188141276032282,0.0299734494776225,0.819494682323797,0.0792455646060596,1.16445601640037,2.55467412751047,36
100,9.24858588865734,-0.433693931093672,-0.520316754571197,8.53653588922193,0,0,-0.36444780188808,0.151207841294618,-0.148834746304731,0.798259691987261,37
100,9.48615659422447,-0.690852027863384,-0.259299160504949,8.53653588922193,0,0,-0.893522442529762,-0.795317201061152,0.973071853063948,1.16408021935197,38
100,9.57368264364394,-0.202706150297582,0.113975500963572,8.53653588922193,0,0,-0.13876304931153,-0.171667369940504,0.937863857132979,1.22417740768929,39
100,9.89044358440012,0.0704385528552417,0.655504474608618,9.63652135488362,0.0204006514083958,0.0291736053338604,-0.19707599195988,-1.31028019611718,2.04900729772567,0.864819860885506,40
100,10.0321524263174,0.646713427899543,1.73251287504149,9.63652135488362,0.0180469579195748,0.0303602171874444,0.155965526631388,0.313114696676258,2.18738668484,2.10591837545624,41
100,10.4572789520691,-1.15968039316498,1.14943089178951,9.63652135488362,0,0,-0.95244197309201,-0.940364514018753,1.98138377247901,1.19478449153064,42
100,10.6781780291754,-0.429099811115247,2.63738617595223,10.5267933883292,0.0221037353624319,0.028314997525721,-0.199802209646521,-0.337776234278838,3.66564121387982,3.09787836746859,43
100,10.9282524560881,-0.489673681931255,2.3524911996372,10.5267933883292,0.0179501586174518,0.030409018443811,-0.263573442074734,-0.0589939218902109,3.25681949699866,2.91981993950024,44
100,11.0616254837749,0.225523386763483,0.931493855942095,10.5267933883292,0,0,-0.133543759960311,-0.153036515027064,1.53709655135791,0.470352399876009,45
100,11.2658529324204,0.698793416396556,0.685403070419383,10.5267933883292,0,0,0.595835832712034,-0.647392642543366,1.7144096492047,0.930007699690601,46
100,11.5617743376005,-0.421669821773246,0.898771752078266,10.5267933883292,0,0,-0.597970084749081,-0.436791786404734,1.55246896617937,-0.00436950822716509,47
100,11.9535576064305,0.733116080566234,0.0913667899085992,10.5267933883292,0,0,0.883362683435226,-0.391184781506011,0.936524286660294,1.52355838051534,48
100,12.1952962191128,0.093109749802294,-0.184148409270863,12.1447607356392,0.0237787755493948,0.027470527950324,0.362785472643747,-0.43012446557254,0.68120187811357,0.70242134787119,49
100,12.3828520392974,0.890180956115663,0.190151722522565,12.1447607356392,0.0206635929906702,0.029041043638903,0.728297831180542,0.22275482944427,1.70800806607725,1.54527781795425,50
100,12.7162846085144,0.82590992422674,1.58077661734339,12.1447607356392,0,0,1.204024446833,-0.200041320257879,2.66882829066104,1.97494195046691,51
100,12.9955343852337,-0.192196993295776,1.30716820957886,12.8902510005766,0.022869447826457,0.0279289644714746,0.0505085035213503,-0.0593537608751778,1.90974722603387,0.937393078746893,52
100,13.1664185769574,-0.932650186510872,1.33627766301193,12.8902510005766,0.0200311703840442,0.0293598787654912,-0.648538022826267,-0.910811558933394,2.02875485626584,0.628565568680538,53
100,13.4873474248288,0.566430951393671,0.240468767765249,12.8902510005766,0,0,0.8901612918073,-0.218191925398761,1.50857451253837,1.35478019249001,54
100,13.6165525454004,0.290497392111083,0.0723755371009022,12.8902510005766,0,0,0.0988681281275551,-0.11320143841593,0.75074633879569,-0.0798834739343299,55
100,13.8541232509676,-0.752486025133553,-0.351368979525755,13.8311280323076,0.024236201784028,0.0272399170425173,-0.634359060746205,-1.26463029465904,0.108620985224527,0.0992278856150131,56
