"id","time","eta1","eta2","tx_time","hw_integral_1","hw_integral_2","y1","y2","y3","y4","quarter_day"
1,0,-1.37011392803299,1.51383010247645,-Inf,0,0,-0.766210483566561,-1.36799109803327,1.30407156012517,0.874614803212824,0
1,0.0375111640369157,-1.3367415155914,1.37092059903637,-Inf,0,0,-0.34016341540577,-1.34935760541563,0.7372940465296,1.35281908534434,1
1,0.420958618636499,-0.765393403720078,0.118568821863198,0.143328475160524,0,0,-0.245205281737948,-1.14923571617957,0.480077137850556,0.096934200340889,2
1,0.508484668055969,-1.06554354383542,1.81739038392919,0.143328475160524,0,0,-0.590592644689283,-1.14355156133089,1.4872298208437,1.05629692920733,3
1,0.779398630544805,3.13452905227542,-2.23553993822402,0.744302476335388,0,0,0.989338540401582,-0.259985515255172,-1.31539138182103,-1.45943847003005,4
1,1.05448050014885,1.2468398153629,-1.22407044214825,0.744302476335388,0,0,0.234720848665974,-0.64444267575671,-0.0997392942746234,-0.902459363796692,5
1,1.36290562667461,1.11062735259094,-1.6182326686113,0.744302476335388,0,0,0.47026956166647,-0.649564053618785,0.118719871478654,-0.941268835676649,6
1,1.66716284608514,0.563678451681455,-0.0403756782088235,0.744302476335388,0,0,-0.214373974584899,-0.782734780824774,0.36618836637929,0.138117927164485,7
1,1.79220005954153,1.46244368441294,0.0614689986239724,0.744302476335388,0,0,0.38552471728363,-0.466622669372228,0.109435067401279,0.210495516085491,8
1,2.20065495683239,2.01838397278289,-1.72106959101978,2.14724322894696,0,0,0.86939147096555,-0.523011615359337,-0.294201112561541,-1.18261178406118,9
1,2.38404286990176,2.84260601427943,-1.84346917620145,2.14724322894696,0,0,0.866422070099392,-0.232246285515853,-1.15024175172514,-1.05600417979873,10
1,2.55492706162548,1.59239957892523,-2.5501969449936,2.14724322894696,0,0,0.616741031668206,-0.611772058815631,-1.12911882884111,-1.08517192507607,11
1,2.7549866031557,-1.05405740988479,0.0597561254189585,2.14724322894696,0,0,-0.251698942653277,-1.15119077249886,0.391487316080913,0.0900146189694904,12
1,3.13009824352486,2.34110517997751,-1.54366983272763,2.92897176879386,0,0,0.603886404354119,-0.420740863101311,-0.282369220714769,-0.594545594331447,13
1,3.48437034831795,-0.980969862523678,-0.202798529578766,2.92897176879386,0,0,-0.2981795982553,-1.24554740682298,0.389024697528108,-0.0640903199685112,14
1,3.54688895504614,-0.754952883835668,0.489077503603943,2.92897176879386,0,0,-0.429498344882377,-1.20055076820497,0.120754209557367,0.375261116582673,15
1,3.82613873176541,-0.425738929752207,0.896374275213861,2.92897176879386,0,0,-0.106951646248407,-1.11013344141396,1.22181512490036,0.688266336678688,16
1,4.03870199464126,-0.686190827370495,1.06181962093092,2.92897176879386,0,0,-0.434968231218046,-1.11169096814166,0.679725081577989,0.612932595321537,17
1,4.28877642155403,-1.29323580527004,-0.631154311896118,2.92897176879386,0,0,-0.777190096372304,-1.23761634390331,0.0160523019119789,-0.231321723005973,18
1,4.58052991961893,1.49145123117444,-2.77107370209308,4.3572295765088,0,0,0.664761431778242,-0.603417684242061,-0.587052213901094,-1.74312515456091,19
1,4.7639178326883,0.428863538850775,-2.21548342086939,4.3572295765088,0,0,0.07777053695497,-0.983049219260051,-0.975961018286415,-1.17124813136632,20
1,5.08484668055969,0.805489821466428,0.565893244498351,4.93805377331132,0,0,0.119679704423334,-0.820783955891549,1.09497856322107,0.915801042606604,21
1,5.31824947901161,0.36597036324253,0.151318048954508,4.93805377331132,0,0,-0.0422481694198616,-0.87932731698683,0.151417807857346,-0.11415242497057,22
1,5.55998809169396,0.286154776620694,0.678181909228011,4.93805377331132,0,0,0.570491441076764,-1.00533494978816,1.40144672702475,0.298250718300421,23
1,5.91009228937184,-0.467836976484105,1.7501114487109,4.93805377331132,0,0,-0.424505626645665,-1.0895333148153,1.6572065063261,1.30339195567692,24
1,6.23102113724323,0.759618761067104,-2.00870650215921,4.93805377331132,0,0,0.565881306612153,-0.803940849877651,-0.907084443018247,-1.02841795275205,25
1,6.28103602262578,1.33552853736027,-1.35071951827908,4.93805377331132,0,0,0.733281568799678,-0.641571029251613,-0.211066481609115,-0.930808288885445,26
1,6.58112533492111,2.69117609164188,-2.01900433026463,6.55949433025761,0,0,0.97040233207367,-0.273962169856553,-0.966553788884839,-1.03674646388231,27
1,6.9687406966359,0.63315616164967,-0.685567844870827,6.55949433025761,0,0,0.102704576517557,-0.661646009864655,0.280594282878606,-0.385622021949363,28
1,7.15629651682048,-1.16015744627756,0.659412305985204,6.55949433025761,0,0,-0.58842124888174,-1.27934577094579,0.388272848711928,0.585100068700674,29
1,7.26466210181602,0.0240475956988226,0.238501275185783,6.55949433025761,0,0,0.0825881216276811,-0.812202769706032,0.285194727560941,0.345166657835005,30
1,7.6814528133373,1.82833894713744,-1.17768177702811,7.44287966737667,0,0,0.275898939531456,-0.570450427898732,-0.137383599752255,-0.437370520149537,31
1,7.8440011908306,3.04413858878695,-0.667885608898566,7.44287966737667,0,0,0.935128313636196,-0.193538082644679,-0.129920764526837,-0.552208164408816,32
1,8.16909794581721,0.783142730033539,-0.285736881915975,7.44287966737667,0,0,0.327994339370442,-0.710589734453951,0.503610851545327,-0.321446839864444,33
1,8.4566835367669,0.282773444744365,-1.0187229463429,8.24555947346111,0,0,-0.188269009655128,-0.884285106629225,-0.150238793997494,-0.998141450162918,34
1,8.60672819291456,-0.298335635438728,-0.560549477343698,8.24555947346111,0,0,-0.260552874960949,-0.959322130899932,0.122777619248203,-0.364374302807476,35
1,8.84013099136648,1.18130469794901,-0.973259558719649,8.24555947346111,0,0,0.352302206272801,-0.75945701467459,0.0306065673967182,-0.714908614335306,36
1,9.01101518309021,1.82398504747431,-1.70777680133685,8.24555947346111,0,0,0.846887798880792,-0.47280070461772,-0.204582905458874,-1.0128640111523,37
1,9.26108961000298,1.49806246742152,-0.675016289490438,8.24555947346111,0,0,0.656386174316785,-0.56200611002552,0.092867764678156,-0.330095314786336,38
1,9.57785055075916,-0.480652555127873,-0.339432845102442,9.29575260815461,0,0,-0.613970901290245,-1.03430930708404,0.159696831897148,-0.303034598515312,39
1,9.9821375409348,-0.270812147557638,0.138604143362875,9.29575260815461,0,0,-0.246222179175938,-1.01896641548281,0.303815734002058,0.33558492161645,40
1,10.0029770765109,-0.300833576509366,0.577993162855697,9.29575260815461,0,0,-0.0923741360333349,-1.06101128438547,0.457866480889611,-0.0936672474212384,41
1,10.3489133670735,0.290718103751996,0.783063342302299,9.29575260815461,0,0,0.0678216350209189,-1.06609506187093,0.675346530517813,0.468427260647674,42
1,10.7406966359035,0.734513636874367,-0.542046050766942,10.3602257980786,0,0,0.276564491256651,-0.68837930084339,-0.191557808511488,-0.436678799248481,43
1,10.886573384936,0.697788971538116,1.20537521211941,10.3602257980786,0,0,0.508568827432916,-0.66880437444055,1.15250329875561,0.691193017612853,44
1,11.2325096754987,-1.83156083118131,2.28806270050866,10.3602257980786,0,0,-1.0066390070266,-1.34924625492725,1.48433028402291,1.12938686682794,45
1,11.3617147960703,-1.39305208009243,2.46525658273879,10.3602257980786,0,0,-0.792461650251681,-1.3927986721713,1.26899364171508,1.63166964350602,46
1,11.6659720154808,0.489687677091014,-1.76293699732129,10.3602257980786,0,0,0.0904890998303698,-0.793894415727963,-0.460500012380898,-1.27624002427088,47
1,11.8201845787437,-0.746963634828262,-1.64337661678305,10.3602257980786,0,0,-0.804280557077528,-1.2860494299232,-0.700343086811923,-1.21431498451684,48
1,12.0785948198869,0.971435391448846,0.402493498623997,12.0650732965477,0,0,0.472794923385884,-0.81331724500556,0.702069359165043,0.314263021106773,49
1,12.3495087823757,2.13495133687451,-1.22436174844665,12.0650732965477,0,0,0.87537412628653,-0.390353451147646,-0.788931078401928,-0.642850887608347,50
1,12.5829115808276,0.766438922509773,0.332699832713309,12.0650732965477,0,0,0.334270775622471,-0.689835891125624,1.00021685240431,0.352281151443194,51
1,12.8579934504317,-1.45754574538482,1.72660698922314,12.0650732965477,0,0,-0.335993264509496,-1.37622322788015,1.55025450965348,1.07370598516432,52
1,13.0747246204227,0.130508951765004,-0.953053401822442,13.0475330260833,0,0,-0.258412584104572,-0.821410288376273,-0.651470338382124,-0.523244029348625,53
1,13.4623399821375,-1.57946535839925,0.698475262195937,13.0475330260833,0,0,-0.618727606852526,-1.52862739539643,0.918829344329334,0.00735850065116334,54
1,13.60821673117,0.640660549311478,0.491365346466196,13.0475330260833,0,0,0.409162848341508,-0.581119230295141,0.57792448241312,0.59901756181772,55
1,14,0.485473740662662,0.321366569745712,13.6288300100015,0,0,0.09023734778153,-1.05970650849356,0.124022802921356,-0.202388373343475,56
2,0,-1.41385511911343,1.32429441981242,-Inf,0,0,-0.498734722162495,-0.331323703244264,0.662572827543909,0.0308716308094317,0
2,0.0125037213456386,-0.486342140739975,1.74765101708089,-Inf,0,0,0.23328014019865,-0.105637518752261,0.308621680075159,0.0520698801946877,1
2,0.450133968442989,-0.830884844521603,-0.166118096221164,0.0572675437666476,0,0,0.234844332698363,0.0647775604542168,-0.424657856786685,-0.985407314334717,2
2,0.625186067281929,0.511425505840505,-0.509825830594404,0.0572675437666476,0,0,0.572648357538359,0.365289559285699,-0.860137529345027,-1.3405528512311,3
2,0.791902351890444,1.83686682069552,-0.590420079548859,0.724967743105327,0,0,1.27583811820412,0.588216114915942,-0.180822654037063,-1.31769179102054,4
2,1.01696933611194,-0.196795026613224,-0.78472885113629,0.724967743105327,0,0,-0.145207818209205,0.102048357939502,-1.25303271907851,-1.52567629282576,5
2,1.30038701994641,-0.291867306588045,-0.26975661684588,0.724967743105327,0,0,0.0769941425692331,0.0977213941750168,-0.502290123160601,-1.14073524988759,6
2,1.74635308127419,0.102737603926387,1.0750870051038,0.724967743105327,0,0,-0.17408095767538,0.112641069234242,-0.128691959956692,-0.566265962328046,7
2,1.97975587972611,0.84716811183857,0.862200646642941,0.724967743105327,0,0,0.457295475164633,0.360250526700383,-0.46161267001018,-0.457629730819061,8
2,2.21315867817803,-0.347131249183519,0.275864053689904,0.724967743105327,0,0,0.265359176994853,-0.0763448118132465,-0.572456799193146,-1.33861697795067,9
2,2.47573682643644,0.686071232466757,-2.22571915272131,2.27549827722474,0,0,0.259505881453832,0.422665544210215,-1.9625676112473,-2.19895465240353,10
2,2.52158380470378,0.90195856322825,-0.862790769065974,2.27549827722474,0,0,0.805349984334146,0.346945184041373,-1.39727373214254,-1.57423538513169,11
2,2.95087823757071,0.771721346236885,-1.12568058105788,2.79667897754743,0,0,0.20745333279656,0.278360468368198,-0.781912221219483,-1.76249842500503,12
2,3.03840428699018,0.751292805724159,0.379254759880775,2.79667897754743,0,0,0.277713867993995,0.221454306566664,-0.0462693854764984,-0.95036316112908,13
2,3.47603453408753,0.0539293706801021,-1.60885374442989,2.79667897754743,0,0,0.332416323699433,0.337861412754569,-1.7660871324939,-2.21325057759546,14
2,3.69693361119381,0.0439037507597638,-0.371112896874768,2.79667897754743,0,0,0.237954696104319,0.0995350981152989,-0.244573851279294,-1.39358868725204,15
2,3.82613873176541,0.597907262796533,1.07439986727679,2.79667897754743,0,0,0.0446744231658067,0.282867191790907,0.766620003164008,-0.404585993268509,16
2,4.11789222983031,-0.51647979697979,2.3674277649846,3.89894184779125,0,0,0.294942119155245,-0.135009520207107,1.00077289980854,0.321378072237811,17
2,4.33462339982138,-0.447585446082646,2.12229441382622,3.89894184779125,0,0,0.0919486063741661,0.0685656167657446,0.471168213043749,0.0920891059185062,18
2,4.63888061923191,-0.557175434806364,-0.63594636070471,3.89894184779125,0,0,-0.123285420825673,-0.0111391689746703,-0.903016536683416,-1.5355282522772,19
2,4.95564155998809,-0.774768893099989,2.25447556042973,3.89894184779125,0,0,-0.364913270599488,0.210365059281125,0.589744310013099,0.262419452844374,20
2,5.16820482286395,0.205393731638506,-0.390221481239082,5.0445326201761,0,0,0.53531387785806,0.20773985834762,-0.814603276267367,-1.46960200712247,21
2,5.36409645727895,0.00836958989304687,0.310856675959513,5.0445326201761,0,0,0.216042009644723,0.130321761576426,-0.202181943245369,-0.874044125616858,22
2,5.68919321226556,0.174054680674887,0.779507151750429,5.0445326201761,0,0,-0.107536609921059,0.223526500150891,-0.275341916068071,-0.30764781288744,23
2,5.8642453111045,-0.123776993446915,1.05476853315507,5.0445326201761,0,0,0.0209204269280667,-0.0443292328942786,0.884453507117301,-0.642647275132332,24
2,6.12682345936291,0.510712516349282,1.56691155728605,5.0445326201761,0,0,0.375059713364645,0.228253974388021,0.506404815133796,-0.104529512544106,25
2,6.285203929741,-1.58870123184341,1.42201443310075,5.0445326201761,0,0,-0.547018716138553,-0.147087058639541,0.709907301211394,-0.297005760209589,26
2,6.53111044953855,-1.33450367843197,0.766966462977511,5.0445326201761,0,0,-0.277265213222747,-0.24669126781912,-0.529118274987235,-0.259867635926685,27
2,6.9020541827925,0.512975930001495,-1.03262856338639,6.64342053152012,0,0,0.218423966659585,0.361677429200673,-0.624909010261612,-1.73107383163558,28
2,7.17713605239655,0.88478957282161,-0.875145715024654,6.64342053152012,0,0,0.477715651961573,0.423853303473415,-0.211872637192165,-1.25334373565491,29
2,7.38553140815719,0.175247100299503,0.390139849494652,6.64342053152012,0,0,0.285206555219537,0.246455828273179,-0.0456720011522982,-0.976364128619906,30
2,7.61059839237868,0.769870965434886,-0.639735653634204,7.5079836458308,0,0,0.729166164811509,0.553771002952289,-0.291324996334293,-1.57949266100498,31
2,7.9065197975588,-1.73545013908431,1.16357772818732,7.5079836458308,0,0,-0.617822822034297,0.0275114129267396,0.814761954829739,-0.542203831040395,32
2,8.22328073831497,-0.427334532821471,-1.79763282409847,7.5079836458308,0,0,-0.0801370619455014,0.160750251655464,-1.22497884910817,-1.72409307258293,33
2,8.49419470080381,-0.263329955978208,0.209953102719132,7.5079836458308,0,0,-0.0554914271528662,0.203824743026109,-0.951655374936205,-0.854374812552671,34
2,8.59005656445371,1.78867413620662,-1.06343426313092,8.49662453756632,0,0,1.34373129971105,0.497087978391941,-0.968535054887465,-1.55285118901483,35
2,8.91515331944031,-0.398094519158375,1.39115903058007,8.49662453756632,0,0,-0.181794025471216,0.0162443192224656,0.22171748577036,-0.108203737061726,36
2,9.2360821673117,-0.929766715052667,0.739458183705894,8.49662453756632,0,0,-0.343432955286853,-0.0331736699990322,0.276729718391983,-0.810388880524437,37
2,9.26108961000298,-2.15809098973269,0.139361232505259,8.49662453756632,0,0,-0.572518503350368,-0.276531574719463,0.0116432518907273,-1.02075370994491,38
2,9.58201845787437,0.0553527873464314,-0.318977277975635,9.3972668093468,0,0,0.168907476570275,0.066366393024322,-0.610594940312666,-0.915875647573825,39
2,9.9154510270914,0.0305516331330427,-2.35022451804894,9.3972668093468,0,0,0.211385277314874,0.0722649698170932,-1.47663516946889,-2.51800058345364,40
2,10.1488538255433,1.59523598248534,-1.13827316649759,9.3972668093468,0,0,1.00611756249795,0.553956204012018,-0.857614634351633,-1.60185649002536,41
2,10.2863947603453,0.801435124398744,0.143658314509086,9.3972668093468,0,0,0.415452316461509,0.551783418622063,-0.611135385488981,-0.933518190437171,42
2,10.7240250074427,3.43324912099859,-2.46608485118633,10.5083294730222,0,0,1.90998895643557,0.960632492299877,-1.63463189175424,-2.23341332664851,43
2,10.9866031557011,-0.950060283211225,-0.984266250560585,10.5083294730222,0,0,-0.265585834882379,-0.00665734061180055,-0.586437991457395,-1.65565767562658,44
2,11.2283417683834,1.81720411100222,-0.128959057609027,10.5083294730222,0,0,1.09547627553293,0.786847367473773,-0.421069114403289,-0.927787270767186,45
2,11.3742185174159,0.0654381695968093,-0.727022700853383,10.5083294730222,0,0,0.688414774301467,0.283815531197425,-0.811154583117542,-1.38457166508406,46
2,11.6993152724025,-0.258399991000746,-0.164097725580483,10.5083294730222,0,0,0.471449311987691,0.16929355904753,-0.298053605247533,-1.38919051863903,47
2,11.9785650491218,-0.687813067187071,-0.860712239860677,10.5083294730222,0,0,-0.158370722717774,0.124947472564543,-1.15173332652409,-1.39465483779362,48
2,12.2453111044954,1.13841943120504,-0.755764273284688,12.2062128085679,0,0,0.866955211367935,0.520569696757197,-0.634716995297333,-1.52556032517415,49
2,12.3328371539149,1.04932890372643,-0.698374750590118,12.2062128085679,0,0,0.239120242498407,0.429760719901401,-0.537875296458391,-1.78821925609505,50
2,12.5370646025603,1.46095561200631,1.33706628328714,12.2062128085679,0,0,0.513645934534985,0.521231246647396,0.0514564048213509,-0.585029747318516,51
2,12.9746948496576,-0.0982611866563843,0.686830112275951,12.2062128085679,0,0,0.341042553522829,0.0214369891263009,0.122640092322203,-0.610821320867712,52
2,13.1872581125335,1.05615632882231,-0.0534544264519499,13.063022363211,0,0,0.730490985385921,0.300098744135796,0.0822342229103614,-0.973397884637624,53
2,13.3498064900268,0.958099906353642,0.071245789908474,13.063022363211,0,0,0.270233011740097,0.34615192371351,-0.321930834696721,-0.837055364707141,54
2,13.666567430783,0.674040185730202,-0.40070650313682,13.063022363211,0,0,0.565376768229976,0.3312034397144,-0.421620591744714,-0.907868026866483,55
2,13.804108365585,0.72443518096721,-1.85399643141094,13.063022363211,0,0,0.875896326637167,0.472590808583663,-1.30723883712996,-2.16690725228626,56
3,0,0.840982327779417,-1.13443098957752,-Inf,0,0,1.01555422193835,-0.0459186360559642,-1.59005795107505,0.189230242277748,0
3,0.220899077106282,0.650782255031037,-0.378624949474295,-Inf,0,0,0.94621523319641,-0.397247422042897,-0.00948588940545536,0.717404403602409,1
3,0.475141411134266,1.13340698465909,-0.913352494600613,0.309261318552308,0,0,0.97140398532275,0.164772585033029,-1.16536016606718,0.555563406301597,2
3,0.708544209586186,2.02973527886282,-0.406695011007656,0.309261318552308,0,0,1.27672468522801,0.138558821492873,-0.591713978313127,0.387561956347589,3
3,0.962786543614171,0.707344965042797,-0.477874278991899,0.309261318552308,0,0,0.786444987096982,-0.232090095661776,-0.367044997084138,0.592859596979984,4
3,1.01696933611194,-0.922138633112197,0.942202891912693,0.309261318552308,0,0,0.298305151530073,-0.500098343777772,0.0898670933107195,1.26362549703422,5
3,1.45043167609408,0.901026538589793,-1.00940316601533,1.37351668732993,0,0,1.08755497282854,-0.0805071461198639,-0.852999367511278,0.210148892144155,6
3,1.59214051801131,1.57220058229743,-0.0826802908085534,1.37351668732993,0,0,0.795132755074453,0.052599267503703,-0.0485472781106605,1.06676094276584,7
3,1.95891634415004,-0.144894976907574,-0.0675194094113356,1.37351668732993,0,0,0.365799111303568,-0.386930703130268,-0.00697684509307897,0.666671636825064,8
3,2.16731169991069,0.99433017692224,-0.370241698468243,1.99508253957252,0,0,0.973100219531948,-0.186691463896679,-0.368274577808575,0.270718241441896,9
3,2.37570705567133,-0.061451602848659,-0.0704761432228315,1.99508253957252,0,0,0.580016619497387,-0.393029277483218,0.0510654501400821,0.669148123125216,10
3,2.69663590354272,-1.26557522924152,0.181081176747757,1.99508253957252,0,0,-0.150304834787443,-0.484757672106258,-0.0693284830984296,0.621839791598096,11
3,2.9800535873772,-0.405979517407636,-0.41966049086724,1.99508253957252,0,0,0.479444443288465,-0.44233758219689,-0.252198176443471,0.88502542930504,12
3,3.0800833581423,2.06357376910532,-1.37261657498496,3.04700667368642,0,0,1.31083422621689,0.0987868236004421,-0.672954148017561,0.125330729779395,13
3,3.34682941351593,2.26328106355162,-1.89483315085934,3.04700667368642,0,0,1.37325279422527,0.219862847901212,-0.931631358680091,-0.0992626411853476,14
3,3.70526942542423,-2.05893707335814,2.12989117951207,3.04700667368642,0,0,-0.344804554341846,-0.789613902318374,0.721502422560455,2.27393261488945,15
3,3.9220005954153,0.0586763887244404,-0.288848691021204,3.04700667368642,0,0,0.287349279868727,-0.304926776685386,-0.4586190105407,0.639138581712253,16
3,4.09705269425424,0.620469195455984,0.986964855994539,3.04700667368642,0,0,1.32413240401525,0.00101767172532995,0.425684009461987,1.40611474307436,17
3,4.45966061327776,1.35228454801598,-0.790488406561867,4.4262590655054,0,0,0.91884516314696,0.125334147906708,-0.146619418853982,0.523103472666395,18
3,4.68889550461447,1.53867735133852,-2.70054129941742,4.4262590655054,0,0,1.14124637911096,0.0788754360480285,-1.80484072869709,-0.856287015604391,19
3,4.97648109556416,-0.251436887570373,0.092711106745595,4.4262590655054,0,0,0.144780205892697,-0.209191945548,-0.684958710226354,1.02633152823867,20
3,5.24322715093778,-1.77960222694066,1.21167018812567,4.4262590655054,0,0,-0.456337314511494,-0.7189336102372,0.099396509886894,1.51758965173114,21
3,5.25989877939863,-1.93696865207276,1.10144130680049,4.4262590655054,0,0,0.100606810407567,-0.751578227034232,0.874577759842884,1.75537245309987,22
3,5.69336111938077,1.79065150133659,-0.292651482739143,5.58350849565154,0,0,1.52704745573881,0.18790412467615,0.0859227685421864,0.543523007643982,23
3,5.93509973206311,0.659348592414602,-0.559328323553511,5.58350849565154,0,0,1.05008796268992,-0.252672218795843,-0.386866016742132,0.149235144963027,24
3,6.09764810955642,2.19603734237456,-2.24347852581115,6.06199125232032,0,0,1.53614322216924,0.323351558083737,-0.798857313654602,-0.307915572100456,25
3,6.43524858588866,-0.475927918724271,0.157206117015855,6.06199125232032,0,0,0.181138236524281,-0.495223628849961,-0.277594610510465,0.930772654932247,26
3,6.71449836260792,0.459015884166481,0.351115271661671,6.06199125232032,0,0,0.696651308684296,-0.161886429383247,-0.148477492908362,1.16748897992577,27
3,6.97707651086633,-0.416460319851941,0.10930828503759,6.06199125232032,0,0,0.531991425840202,-0.28647597296873,0.380335879582438,0.751444842784343,28
3,7.08544209586186,-0.832041512037003,1.64027956791074,6.06199125232032,0,0,0.168196799869179,-0.439582861261908,0.666157547080582,1.66531858145319,29
3,7.41470675796368,-0.547681924554761,-1.51157159866349,6.06199125232032,0,0,0.381626451868976,-0.249724081893776,-0.705653033103778,-0.0934948073157853,30
3,7.69812444179815,3.15258626388119,-0.355663085926813,7.66096545640522,0,0,1.79126395386131,0.578105357744678,-0.187742674464208,0.649086553196711,31
3,7.76064304852635,2.98428583845789,-1.29024944832071,7.66096545640522,0,0,1.83091048322496,0.421907726175751,-0.787936009230953,0.0305969610422765,32
3,8.18576957427806,-0.217344773651192,0.19361924236681,7.66096545640522,0,0,0.391005435083624,-0.337205575044558,-0.095693420004843,0.750922544732365,33
3,8.48585888657339,-0.32694430255653,2.36425492469681,7.66096545640522,0,0,0.708747885373636,-0.58839178054556,0.93849015513879,2.2560476458066,34
3,8.67341470675796,1.77065297777091,-1.05267080686376,8.5777355054483,0,0,1.22517338261445,-0.14888376459466,-0.76198692251779,0.0436713328303435,35
3,8.78594819886871,1.45756820872558,-1.45929027836304,8.5777355054483,0,0,1.06997568173198,0.00403662224143703,-0.695849935991693,-0.204334792049189,36
3,9.13605239654659,1.03394304530375,1.42393434017695,8.5777355054483,0,0,1.08616590739732,-0.239898364991428,0.814163013754865,1.38691274694556,37
3,9.29026495980947,-1.37841535197461,1.45096451645126,8.5777355054483,0,0,0.0866140829372953,-0.743855189007141,0.5025890326018,1.83960272786227,38
3,9.54033938672224,-0.668645459005238,0.893491982917874,8.5777355054483,0,0,0.279575851277716,-0.40364667433439,0.457045184891062,1.25512908711165,39
3,9.79458172075022,0.359014124446599,-1.08794467734037,9.628888302257,0,0,0.338114257761438,-0.0346417483113786,-0.664414371208321,0.272580989355735,40
3,10.2322119678476,-0.745133707350045,0.835397978680664,9.628888302257,0,0,0.529523277077734,-0.488599733251019,0.336602689836287,1.4585672889467,41
3,10.3530812741887,-0.56808726369758,1.6338695959533,9.628888302257,0,0,0.315693726509226,-0.414423865019972,0.740805454743911,1.8330835008347,42
3,10.7281929145579,0.28314927511502,-0.930986158240105,9.628888302257,0,0,0.760728925438283,-0.0754300078502686,-0.420922995662201,0.374570439734496,43
3,10.9866031557011,0.958853279927305,-0.690007067044433,9.628888302257,0,0,0.660859775285342,-0.0147627433610642,-0.632837504760396,0.435645689156513,44
3,11.2366775826139,2.0412584304377,-1.9060016005846,11.1092655286247,0,0,1.59802887991703,0.285136170630775,-0.830190384701638,-0.306684186120215,45
3,11.3867222387615,0.631293051056006,0.200416856954275,11.1092655286247,0,0,0.541637960809892,-0.0237776080653835,0.241575361362801,0.745923289192276,46
3,11.611789222983,-0.746607935602781,1.02853316124675,11.1092655286247,0,0,0.615396128607407,-0.382995248817699,0.0758211679420465,1.31136700373758,47
3,11.8368562072045,1.63157370523627,-0.0335075169903346,11.663688871594,0,0,1.31145742300888,0.204301094462681,-0.295287613023327,0.81632910195023,48
3,12.0369157487347,0.295277674074754,-0.96215479973721,11.663688871594,0,0,0.741895071444855,-0.194736279772309,-0.198775672701701,0.360029480837736,49
3,12.3786841321822,0.432266926186996,-1.14235127985042,11.663688871594,0,0,0.977160528739788,-0.106303393351879,-0.793046643425183,0.341074555415324,50
3,12.5995832092885,0.199361933703955,-0.791667467334746,11.663688871594,0,0,0.953489605813109,-0.177602185645237,-0.386700406079136,0.641043740515019,51
3,12.7788032152426,0.638135729661703,-1.17208638202522,11.663688871594,0,0,0.755533508762435,-0.17485260124497,-0.922613106616862,-0.0230046867807156,52
3,13.1622506698422,-0.776414350801795,0.117860126902528,12.7868556371209,0,0,0.261280278519488,-0.491331607026363,-0.0194558091403726,0.532361698467712,53
3,13.3998213754093,-0.113212480662309,-0.486383506481606,12.7868556371209,0,0,0.479895284867828,-0.249049396286888,0.0356238566954964,0.252065660488253,54
3,13.5832092884787,0.694891963385377,-0.760572093339184,12.7868556371209,0,0,0.963356194745563,-0.0953562430257561,-0.830465245049764,0.396103058194674,55
3,13.941649300387,-0.952153105749123,0.515523597931522,13.6112253689556,0,0,0.0474311832932174,-0.536331166805996,0.0723290836336047,0.84965940386797,56
4,0,0.746056580674006,-0.951039960422865,-Inf,0,0,1.13166679790492,-0.47723989661377,-0.650172962441832,-0.49809467570801,0
4,0.208395355760643,-1.15297419837705,0.429522731508192,-Inf,0,0,0.166168498076321,-0.99510001164958,0.230876720327754,0.324894872986089,1
4,0.287585590949687,-0.734503081858393,0.661324017908735,-Inf,0,0,0.362530562042759,-0.847714975528072,1.3487460418324,0.168990862777429,2
4,0.679368859779696,0.43064786124442,-0.849700691249345,0.415306979755405,0,0,0.821402006561393,-0.503782342272451,-0.66685028520157,-0.516886832990021,3
4,0.754391187853528,1.29463778669525,-0.166307306546879,0.415306979755405,0,0,1.31498135486518,-0.202956699738935,0.0731519890536994,-0.122831092824996,4
4,1.07532003572492,2.38498819980403,-0.592322445902452,0.415306979755405,0,0,1.80035282846111,-0.135630563362812,-0.743150684777209,-0.44752862770815,5
4,1.30455492706163,1.18253807571894,-1.79913646325056,1.2063436047389,0,0,1.46514000813809,-0.416011489803552,-0.434074522366459,-1.20754002272003,6
4,1.59214051801131,0.91525966394504,-0.212967302654258,1.2063436047389,0,0,1.28696425759918,-0.480305009975232,0.0850433684175223,-0.413064561298552,7
4,1.90473355165228,-0.390718706880111,-0.340691947740216,1.2063436047389,0,0,0.739611723808515,-0.796415154163841,0.0313822584174718,-0.22994419025884,8
4,2.075617743376,2.00783376058118,-0.822702991768585,1.97920822351813,0,0,1.81196519578391,-0.2167035009054,0.279009993772489,-0.729314460543421,9
4,2.46740101220601,0.501021663390217,-0.0411589902956499,1.97920822351813,0,0,1.06815343781274,-0.4566090984563,-0.425826263708681,0.00777751038487551,10
4,2.55492706162548,-0.56723104370136,0.297704159245409,1.97920822351813,0,0,1.00274822540169,-0.71610164387313,0.193572710218385,0.0157198292629307,11
4,2.99255730872283,0.269414904277579,-0.126680404396685,1.97920822351813,0,0,1.00334217615679,-0.539853034728473,-0.106067492703726,-0.278587846848054,12
4,3.15093777910092,-0.358301018031906,-1.24162539897498,1.97920822351813,0,0,0.237380043836681,-0.706577896276027,-0.313753871452177,-0.577453077553463,13
4,3.28847871390295,-0.140937504451333,-0.753853786489455,1.97920822351813,0,0,0.602476984354162,-0.654515287446421,-0.581149634139372,-0.708439016883801,14
4,3.68859779696338,0.703992318419406,1.8903208186121,3.55149864304739,0,0,1.12287798513672,-0.449460209975597,1.24505267264152,0.918129354214057,15
4,3.85114617445668,0.717045352479184,0.158035202879788,3.55149864304739,0,0,1.20862945808952,-0.609782669803537,0.240411046848949,0.155817129184767,16
4,4.20541827924978,-0.185452692299543,-0.115487543512715,3.55149864304739,0,0,0.690731021851575,-0.597396784357157,0.11625672305412,0.0729499027684309,17
4,4.3429592140518,1.15775822610867,-0.66974367581851,3.55149864304739,0,0,1.2915001636078,-0.308662744915918,-0.233166681282546,-0.343982776645369,18
4,4.55969038404287,2.00731500021605,-1.51437744886045,4.50493024682375,0,0,1.65283672388924,-0.166549432171785,-0.689883050787318,-1.1493774878425,19
4,4.78475736826436,-0.890185825279434,-0.436940287000238,4.50493024682375,0,0,0.52005331744009,-0.973148099712303,-0.276495291832831,-0.423032395622485,20
4,5.01816016671629,0.438760206129914,-1.55712937203232,4.50493024682375,0,0,1.24475547512229,-0.500045412638744,-0.7593910527658,-1.04537963694433,21
4,5.29740994343555,-1.44341985737717,-0.838842644262984,4.50493024682375,0,0,0.00756454939997081,-1.08807904365451,-0.399282716417331,-0.531043979816441,22
4,5.51830902054183,-0.228854164980986,-0.00682029089852627,4.50493024682375,0,0,0.787024116180825,-0.655675587393857,0.145462174094279,-0.129789369780936,23
4,5.835069961298,2.49656283736004,-1.21574225751488,5.83418326209335,0,0,2.02671430291211,-0.026265178041577,-0.676789292990517,-0.878524085721471,24
4,6.12265555224769,1.286756263357,-1.30888445791182,5.83418326209335,0,0,1.07326947490814,-0.5205878364201,-0.461338143759082,-0.819662130092097,25
4,6.37689788627568,0.939847971155825,0.0604761156324144,5.83418326209335,0,0,1.23184989412728,-0.304107924367009,-0.0562676552450229,-0.0445664608814249,26
4,6.676987198571,0.172561241804951,-0.940415137137903,6.40609099565862,0,0,0.909370764426203,-0.428570126558415,0.057922098095492,-0.97285869175959,27
4,6.76868115510569,0.387179830221877,-0.375159130557967,6.40609099565862,0,0,0.965958461403412,-0.528250969028554,0.35563793367869,-0.308440609941546,28
4,7.01041976778803,-0.932869044934337,0.530727178132957,6.40609099565862,0,0,0.47268044566483,-0.978630060784558,0.509888529121501,0.379035522092493,29
4,7.31467698719857,1.46918381552162,-0.839184690371814,6.40609099565862,0,0,1.34108871220927,-0.368785102394093,-0.509853544072227,-0.618528242961434,30
4,7.72729979160464,1.94855980923034,-1.78663094001182,7.6919161600401,0,0,1.52591210688911,-0.162054450706604,-0.963894350232452,-1.35498057783775,31
4,7.90235189044358,3.17161642004062,-1.62370862964191,7.6919161600401,0,0,2.14545866260778,0.177939098478984,-1.21083530238206,-1.24064205774701,32
4,8.20244120273891,-0.810811668434439,-0.496901832567228,7.6919161600401,0,0,0.294696659349175,-0.898590139325477,-0.102258597095574,-0.672253172491824,33
4,8.37332539446264,0.27927422459579,0.319581186380589,8.30887537843978,0,0,0.669217043471066,-0.53465827602835,0.74882809126774,0.290807271708083,34
4,8.64840726406669,-0.771358843308483,2.50174201844286,8.30887537843978,0,0,0.794283296649724,-0.660456604014412,1.35452333131459,1.44289079023553,35
4,8.86930634117297,-1.06100647244253,1.55402407504646,8.30887537843978,0,0,0.108535100834993,-0.7924503449087,1.0287888273459,1.19470909600777,36
4,9.11104495385531,-1.41942721808974,0.822575009787394,8.30887537843978,0,0,0.15369485091278,-0.863428376403354,0.344601473531403,0.541171330170933,37
4,9.45281333730277,0.434868114951437,-0.102937381029843,8.30887537843978,0,0,0.713111689284226,-0.640768404671858,-0.287014922914503,-0.468155681562013,38
4,9.6903840428699,2.29998935494009,-0.465758071172979,9.64028230268293,0,0,1.64211853333016,-0.117952517047491,-0.238937363905275,-0.612019140915871,39
4,9.95713009824352,0.320704869694353,0.825234771843781,9.64028230268293,0,0,1.14329940282495,-0.700935010433276,0.73772835319425,0.150858923787211,40
4,10.0946710330456,0.663803134437073,-0.533229383884837,9.64028230268293,0,0,1.23330546173019,-0.559697012687109,-0.184148157047904,-0.273181503649931,41
4,10.4322715093778,1.57409295851658,-2.18586505643428,9.64028230268293,0,0,1.59469599358064,-0.39240531642144,-1.63742196020498,-1.35772224446537,42
4,10.5573087228342,1.97113951888832,-0.470370210438451,9.64028230268293,0,0,1.36005575659972,-0.220289891724925,0.278923541432135,-0.395379911944238,43
4,10.76987198571,2.3633573159678,0.582317959418384,10.6827606513451,0,0,1.82059097121724,0.0769452825589307,0.299145917683985,0.222243119468185,44
4,11.0282822268532,0.423545013308039,-0.371784712986159,10.6827606513451,0,0,0.701686038795845,-0.442409328146627,-0.00675651568258084,-0.59080307684525,45
4,11.4867520095266,-1.04678198595145,1.48621501744159,10.6827606513451,0,0,0.628920166226054,-0.931490034881816,0.976352148191988,0.791749625752238,46
4,11.6034534087526,-1.96639219994392,1.10291289539638,10.6827606513451,0,0,-0.284755140452237,-1.15322359863545,0.832711243688412,0.407078875953839,47
4,11.9952366775826,0.527723858072984,-0.817036284501732,11.8450940816932,0,0,0.999581161832279,-0.464800723501637,0.502160064689425,-0.794515877966818,48
4,12.1036022625781,0.94353178571464,-0.328760377042341,11.8450940816932,0,0,1.40437849913848,-0.255913705736128,0.281867233562658,-0.0742833580731468,49
4,12.2953259898779,1.67752197050854,-0.0722969183533102,11.8450940816932,0,0,1.54722319178713,-0.349243253801613,0.132926284483066,-0.400963810740305,50
4,12.7204525156297,-0.888490864947875,-0.542666384319211,11.8450940816932,0,0,0.102169989783707,-1.03278354029714,-0.091640086987037,-0.563592140220966,51
4,12.766299493897,0.452133855616745,0.897944928387532,11.8450940816932,0,0,0.973734619779754,-0.819820017121276,0.291248987108459,0.278737664706104,52
4,13.0497171777315,0.464694848870241,-0.40786708485936,11.8450940816932,0,0,0.933775876282523,-0.589948864005132,-0.10920145345881,-0.326362953003842,53
4,13.4248288181006,0.869282091181813,-0.416063489651871,13.23925179986,0,0,1.0628356653003,-0.40802545001095,0.257205854426706,-0.245348011619786,54
4,13.5873771955939,-0.567153563269143,0.965700541641419,13.23925179986,0,0,0.865992905065091,-0.830654902084714,0.264311028117869,0.323551507282282,55
4,13.862459065198,1.51770946306753,0.155878996063158,13.7074999673525,0,0,1.36606298674253,-0.408644610943461,-0.0207997559469043,-0.14757615665838,56
5,0,0.0301521542186814,0.0171651069820016,-Inf,0,0,-0.243366943353843,0.681892245621944,-0.0846007284031231,-0.0825275371353897,0
5,0.187555820184579,0.508416962679444,-0.535526749829285,-Inf,0,0,0.116588905738119,0.714634176735861,-0.742253894995213,-0.519696084750742,1
5,0.312593033640965,-0.734017883013757,0.0545142761535705,-Inf,0,0,-0.62499445148351,0.615521117492864,-0.656071543400012,-0.280222853327879,2
5,0.537660017862459,1.74360884698536,-1.30089210128681,0.408834282495081,0,0,0.465175298972845,1.09757380446258,-0.596886257926933,-0.810537797545588,3
5,0.937779100922894,-0.932679085206305,1.70239168220962,0.408834282495081,0,0,-0.634674099367629,0.405249046658244,-0.0654633186024604,0.801076150352403,4
5,1.14200654956832,-1.74922112073704,1.3780756101564,0.408834282495081,0,0,-0.993219689432722,0.312282192596417,-0.0646968229083515,0.451214305097688,5
5,1.2962191128312,1.41527873897541,-0.213990459440731,1.28224356332615,0,0,0.393005496404909,0.909209188207784,-0.750382839453292,-0.0542572649594748,6
5,1.53378981839833,1.2928221456561,0.684047557562718,1.28224356332615,0,0,0.502680169691294,0.683435462123431,-0.0220323649020148,0.302372054000789,7
5,1.81720750223281,0.253109613355986,0.722419302542468,1.28224356332615,0,0,-0.297218154130926,0.656174370185045,0.556619952751612,0.253117329673979,8
5,2.05477820779994,-0.390176838060699,0.472600696223946,1.28224356332615,0,0,-0.242427364977576,0.4351225813519,0.430161441470191,0.32741120909876,9
5,2.3340279845192,1.64327008716875,-0.608676223652858,2.16683001690186,0,0,0.368095374349002,0.933538878217479,-0.842286168969908,-0.588094779986914,10
5,2.55492706162548,1.8040629625985,-0.187503301529202,2.16683001690186,0,0,0.374739919087826,1.12263497999728,-0.591796292929225,-0.240108714194388,11
5,2.96754986603156,0.568397547590454,1.02574187072361,2.16683001690186,0,0,-0.00878700389571605,0.67141823070615,-0.0440983156719794,0.524547610743751,12
5,3.14676987198571,-2.55957405085186,2.41547415850649,2.16683001690186,0,0,-1.39266389029911,-0.0996804783865455,0.77938478902367,1.25181077887005,13
5,3.39267639178327,0.596138135827262,1.27330239154254,3.23818158055118,0,0,-0.412349502441708,0.789175066004347,0.376226493185632,0.429423299959169,14
5,3.64691872581125,0.997837007436238,0.434680551290134,3.23818158055118,0,0,0.226276251827178,0.81943925208938,-0.829708060363605,0.0323950662795374,15
5,3.90116105983924,-0.353074110005868,-0.382480028287571,3.23818158055118,0,0,-0.179402326666406,0.650783459071003,-0.46936143410085,-0.800707287475257,16
5,4.23459362905627,-1.64717904672672,0.874795907088206,3.23818158055118,0,0,-0.963521218204678,-0.0285765222829793,-0.284532586403345,0.637740876057156,17
5,4.28877642155403,0.183919858380851,0.459516024873844,3.23818158055118,0,0,-0.226971809252365,0.621953495363769,-0.92121995797646,0.33406050756455,18
5,4.53885084846681,0.342528064821174,0.424104534819475,4.34208019240043,0,0,0.152604767628129,0.800812734310499,-0.431156469945556,-0.0251161965513744,19
5,4.99732063114022,-1.91611433282265,0.781833816472958,4.34208019240043,0,0,-0.678122445861417,0.111967347069235,-0.303668850099948,0.387761306922191,20
5,5.06400714498363,-0.157389565817453,0.0698735969398216,5.03168020149729,0,0,-0.235598695805783,0.46463201769356,-0.166576932644404,-0.018600342780112,21
5,5.45162250669842,0.219692618354212,0.539332635866379,5.03168020149729,0,0,0.181606836776985,0.680781789607925,-0.421824369557149,0.0491632446404389,22
5,5.54748437034832,-0.781249497950832,0.82682049383291,5.03168020149729,0,0,-0.950806739143238,0.398805375377881,-0.0716283246656217,0.310505304862296,23
5,5.85590949687407,-0.135060984732393,1.15140664196665,5.03168020149729,0,0,-0.450723129550814,0.540411840985246,0.0776095754976921,0.607991469565497,24
5,6.1893420660911,-1.41506961820194,0.0731569605405605,5.03168020149729,0,0,-0.884832378381333,0.334425562291504,0.102250974013738,0.320275305376534,25
5,6.39773742185174,-0.366335482457758,1.05443939661751,5.03168020149729,0,0,-0.314793713565894,0.319691372735164,0.0869571661216796,0.469279260210837,26
5,6.74784161952962,2.05382635791168,-1.20481560735445,6.71094170563245,0,0,0.402952128437321,1.01765743801829,-0.660449393237433,-1.14257159487591,27
5,6.86454301875558,0.640512395918104,0.0120640338847285,6.71094170563245,0,0,0.167741110130251,0.825261648016364,-0.98972153628974,0.100664132283789,28
5,7.14796070259006,0.78606095240508,-3.14819730790043,6.71094170563245,0,0,0.504392661217156,0.749916458900111,-2.71908322827841,-2.23806269145908,29
5,7.49806490026794,-0.457974781180787,0.0122888804037726,7.15070423168273,0,0,-0.513692102072294,0.340792107060054,-0.133423158545877,-0.154283862127531,30
5,7.518904435844,-0.814032334027013,-0.221134373590162,7.15070423168273,0,0,-0.980158584214751,0.308685108551554,-0.361338114924258,-0.491360722628573,31
5,7.76481095564156,0.349020145384106,-0.839488093077405,7.15070423168273,0,0,-0.348397108656576,0.675325100411947,-1.33174701927719,-0.955837794817551,32
5,8.15659422447157,1.05997357849492,0.279866857893757,7.15070423168273,0,0,0.0260044569280635,0.970190172910689,-0.436716293745061,-0.0786382733756219,33
5,8.37749330157785,0.776371810393554,-1.05000487456677,7.15070423168273,0,0,0.048819632092229,0.882166470010806,-1.12315510869476,-0.703432153728287,34
5,8.53587377195594,0.77222426119407,0.574589156305956,7.15070423168273,0,0,-0.0590780036101265,0.692890359625228,-0.122344555253814,0.541735458992377,35
5,8.85680261982733,-0.871167480236502,0.469990152061217,7.15070423168273,0,0,-0.722467170234725,0.333864824631328,0.22117777186158,0.260317003061457,36
5,9.09020541827925,2.06762048475807,-0.564904917613029,8.98079324325976,0,0,0.779566609902028,1.0519671629419,-0.966186564733671,-0.250981128860623,37
5,9.41530217326585,1.55811782724672,-1.34477419901817,9.28398186590773,0,0,0.524596513346283,0.850084621890098,-1.0705500524497,-0.595220247369076,38
5,9.74456683536767,-1.55905260008499,0.466295461728805,9.28398186590773,0,0,-0.964295870390987,0.211061894584538,0.184174838602687,-0.100812366883227,39
5,9.77374218517416,-1.00113856515168,1.29219859914254,9.28398186590773,0,0,-0.602489110665302,0.436827210374935,0.860072969487308,0.490697255135236,40
5,10.0946710330456,-0.552009442279814,1.03127952209074,9.28398186590773,0,0,-0.786633417690425,0.309505390383318,0.539937098896273,0.719734661078467,41
5,10.2863947603453,-1.07180271636113,1.63797523117128,9.28398186590773,0,0,-0.632226684412224,0.295228634672244,0.203649976909652,0.769851446414277,42
5,10.7448645430188,-0.930147947648147,1.99394030777772,10.6220652390092,0,0,-1.1258235363302,0.161319076531071,0.462713636776239,1.20400340122316,43
5,10.8990771062816,-1.74109490589281,1.46683822336094,10.6220652390092,0,0,-0.829409994219877,0.389846431941776,0.60867394833495,0.619533191278649,44
5,11.0491217624293,-1.93470526437795,0.556911299430487,10.6220652390092,0,0,-1.41473299430522,0.121685512661038,-0.634772336333784,0.119240190794851,45
5,11.2991961893421,-0.865487428675647,0.793551410253872,10.6220652390092,0,0,-0.416697636609276,0.462267815060369,0.117683162805987,0.316848335977989,46
5,11.6159571300982,-0.149877082262327,-0.0605359228567792,10.6220652390092,0,0,-0.404477071832769,0.60805248975206,-0.338228430051485,-0.100012875036255,47
5,11.9785650491218,0.774424709204486,-1.42204529461225,11.6836218388554,0,0,0.27019311341016,0.850066369820858,-1.03699126483739,-0.758371383052389,48
5,12.0660910985412,0.914575193876615,0.462051809321648,11.6836218388554,0,0,0.00118243668984333,1.02502686635012,-0.153865280987935,0.30286092076697,49
5,12.3328371539149,0.379357201877516,1.78065323213794,11.6836218388554,0,0,0.203711011677133,0.593829578619186,0.702255133262843,0.650185860318934,50
5,12.6329264662102,1.67737905997431,-1.54483377706794,12.6000355141022,0,0,0.398270252423777,1.07050471432573,-1.32933970203134,-1.25299148514108,51
5,12.9830306638881,1.79091807211929,-2.13270234393605,12.6000355141022,0,0,0.596296397943332,1.07818164132698,-1.44807030472967,-1.5318573958704,52
5,13.2497767192617,0.339920483206859,1.2531113173164,12.6000355141022,0,0,0.0206538117941274,0.6635495296933,0.0807052080234301,0.391909281995738,53
5,13.3456385829116,-0.504287129749773,1.65903786793197,12.6000355141022,0,0,-0.459733221765761,0.361363648088254,0.257156276154706,0.666499821430604,54
5,13.6707353378982,-1.99164321608959,0.989168279451467,12.6000355141022,0,0,-0.880954203221661,0.0633906443395129,0.0211849881206015,0.735693422873163,55
5,13.8916344150045,-0.125238605903848,1.83534839880719,13.7291260865983,0,0,0.262380613343581,0.533429468833138,0.202833895245159,0.986755529456598,56
6,0,0.0260286580540331,2.51053949511792,-Inf,0,0,-0.21976461584785,0.0389514228043368,0.384497329203439,1.53332778592034,0
6,0.0458469782673415,-0.944100765395586,1.07674378039441,-Inf,0,0,-0.376890221182795,-0.119772626708517,-0.220061485733566,0.304513292081958,1
6,0.441798154212563,1.00855708866087,-1.43057133827368,0.428816890111193,0,0,0.1117744881842,0.337440225990214,-1.46182219478417,-1.04996994798952,2
6,0.512652575171182,1.04457446206191,-0.96525404527955,0.428816890111193,0,0,0.129963285661122,0.279594050020298,-1.4574755829296,-0.343100228407835,3
6,0.94611491515332,2.13591732583755,-0.686314267746482,0.428816890111193,0,0,0.558395855997153,0.78519554509278,-1.44761252273164,-0.202259461728438,4
6,1.18785352783567,2.90928090512846,-2.89145655725907,0.993435197647733,0,0,0.879263088899798,1.01439674545828,-2.72945089024239,-1.53406352808519,5
6,1.27537957725514,1.72501314475004,0.138007137131847,0.993435197647733,0,0,0.32339586974846,0.483312730837559,-1.08955281829409,0.0839679298440442,6
6,1.56713307532004,1.28418479479287,-0.730198607485028,0.993435197647733,0,0,0.0322509109872492,0.399805608335044,-1.48506597422123,-0.350952995764105,7
6,1.95891634415004,-1.08187128309484,0.256131098431477,0.993435197647733,0,0,-0.748012520089541,-0.0872273062070498,-0.892895323927185,-0.000685252587543789,8
6,2.16314379279547,-0.43308384104894,-0.10424944366475,0.993435197647733,0,0,-0.260208399069026,-0.033317195355905,-1.20681294434319,-0.0472640143900508,9
6,2.36320333432569,0.286180186860148,0.58820055127653,0.993435197647733,0,0,-0.169242258793049,0.390538116569776,-0.663386309568093,0.485321913255946,10
6,2.74248288181006,-0.933777010494527,-0.771059399231088,2.42863150101262,0,0,-0.645874830191568,-0.0276662184002239,-1.51986423884039,-0.454189150592186,11
6,2.89669544507294,1.7329921550672,-1.08545270248626,2.890614530951,0,0,0.258741186172161,0.580816089260644,-1.61527060191202,-0.685222746442051,12
6,3.17177731467699,-0.829273833959899,-0.712314637409378,2.890614530951,0,0,-0.413997109638657,0.0475576394271306,-1.22799984769012,-0.379986497615443,13
6,3.37600476332242,-1.05762027397746,0.641727113579056,2.890614530951,0,0,-0.799697388442203,-0.216958664702278,-0.956699275285269,0.105319304266146,14
6,3.70526942542423,0.158625075014448,0.0741199432989107,2.890614530951,0,0,-0.164671769496784,0.251638602537742,-0.435374008375542,0.395831362470651,15
6,3.95117594522179,0.333011149126838,0.979567635481762,2.890614530951,0,0,0.100511927754566,0.113366050661292,0.170876529405462,0.680076610015186,16
6,4.19291455790414,0.397057410855269,-0.276948749241295,3.97684117359324,0,0,0.198134164316967,0.233238903416231,-1.04263331632308,0.126831047837744,17
6,4.43465317058648,0.119185540266739,-1.05143357039785,3.97684117359324,0,0,-0.033059070036668,0.0148892704719461,-1.46742458854241,-0.743519580664407,18
6,4.58469782673415,-0.459823925762421,0.412795249098319,3.97684117359324,0,0,-0.408970476559269,0.056777455785895,-0.226063154994025,0.418795900663826,19
6,4.78892527537958,-0.883368480334422,-0.464357021010313,3.97684117359324,0,0,-0.620579428215836,-0.116583736460829,-1.14100948770377,-0.550827076372375,20
6,5.09735040190533,-0.947777992723379,0.497061608537637,3.97684117359324,0,0,-0.706794654413718,-0.134944485704951,-0.736956902047927,0.343967492518799,21
6,5.37660017862459,0.153875639547666,-1.81047489755469,3.97684117359324,0,0,-0.254516032619127,0.152244082227906,-1.8496060880837,-0.737082778546348,22
6,5.5099732063114,4.90747442882893,-2.42934821960954,5.48895672777703,0,0,2.03442315547115,1.25726077971465,-2.17353132641295,-1.1646197227744,23
6,5.88508484668056,-0.927744915518325,0.220673662738653,5.48895672777703,0,0,-0.798819611667587,-0.0664257822766091,-1.06267259469119,0.103733421020988,24
6,6.05180113128907,-0.233573514436919,0.100138595830145,5.48895672777703,0,0,-0.122996573057384,7.674675921375e-05,-1.20515792168933,-0.0129137124036341,25
6,6.3852337005061,0.70308829548683,1.24242934627019,5.48895672777703,0,0,-0.145628264766783,0.197723358086469,-0.132342399603239,0.86692113295951,26
6,6.74784161952962,2.53196089269403,-1.62454116495815,6.6482715621716,0,0,0.718441606350004,0.59083328962259,-1.21888218496822,-0.996625550465283,27
6,6.81036022625782,2.25073852077081,-0.605522169849114,6.6482715621716,0,0,0.766455054659706,0.833577189340008,-1.19587082882672,-0.176438345404216,28
6,7.00625186067282,1.15525340629923,0.583330914023478,6.6482715621716,0,0,0.386422531929416,0.446248535177053,-0.630085825623766,0.460077995704136,29
6,7.35218815123549,0.502659856140405,-0.966317620991395,6.6482715621716,0,0,-0.0292297094196648,0.256108629910232,-1.13049420694129,-0.533034018971054,30
6,7.6481095564156,1.36366357277096,-0.378864292893907,7.42013527714791,0,0,0.339483222103548,0.565253765620314,-1.04938879300821,-0.466866265607686,31
6,7.80232211967848,0.625964796527241,-1.75448036223788,7.42013527714791,0,0,0.0125012898020347,0.292305638814771,-1.92417035346281,-0.85570515668956,32
6,8.10657933908901,0.72153123356987,1.84737462682556,7.42013527714791,0,0,-0.340821917018593,0.310239037614887,0.221897055750904,1.18012256620878,33
6,8.33164632331051,0.555319752051783,1.48945128184538,7.42013527714791,0,0,0.211824213807351,0.287692366038249,0.207634672917593,0.836278104613688,34
6,8.58172075022328,0.85983294719086,-0.502806102598296,7.42013527714791,0,0,-0.0780939657720592,0.276758501371595,-1.92685007134919,0.0950368769731474,35
6,8.77344447752307,2.05245848093694,-1.0265115039698,7.42013527714791,0,0,0.86772850723686,0.704235004610669,-1.59541365111068,-0.551815561104234,36
6,9.23191426019649,1.2259198291761,-1.29444878203404,8.97915697925223,0,0,-0.0936643679639725,0.230865401544617,-1.71013055374466,-0.66869008650966,37
6,9.45698124441798,1.88743585395679,-0.817669583493839,9.36067580153019,0,0,0.573208598998178,0.602421762706856,-1.33222000602144,-0.607560306755368,38
6,9.71955939267639,1.31593822964099,-2.53126303762529,9.36067580153019,0,0,0.330472763237074,0.464715895810811,-2.28166435886043,-1.24791755547932,39
6,9.8821077701697,0.502394211885887,0.057014881267619,9.36067580153019,0,0,-0.188743295819791,0.392065312695105,-0.48236783597592,0.0697063173239123,40
6,10.0905031259303,-0.165003886689205,-0.769503057266499,9.36067580153019,0,0,-0.538170967316333,0.250357316029621,-1.08864500258932,-0.457349722229788,41
6,10.4739505805299,0.465349382533933,-0.66876208537401,9.36067580153019,0,0,-0.0230117144643082,0.148862221945593,-0.67600067505234,-0.470869620823755,42
6,10.6573384935993,0.160161468213586,-0.513793457882282,9.36067580153019,0,0,-0.365089896884824,0.256329041856828,-1.19844926179941,-0.373177960752184,43
6,10.8782375707056,0.309717115023508,-1.11558718861881,10.7990293936858,0,0,-0.196695628743568,0.0478874385914032,-1.75542683713962,-1.04157380909133,44
6,11.0491217624293,0.180935892230701,0.605481191960308,10.7990293936858,0,0,-0.126707437322992,0.148750222070896,-0.909205542863718,0.555557498232003,45
6,11.4950878237571,-0.210077321072917,-0.404810314225655,10.7990293936858,0,0,-0.241768178720388,-0.00295070016530696,-0.459448249627666,-0.289673379245974,46
6,11.6534682941352,-0.315962589074649,0.122887488669211,10.7990293936858,0,0,-0.0885522874042956,0.0469221749401196,-0.795291816176751,0.245945570948571,47
6,11.9410538850848,1.2380085629916,0.746167043777878,11.8255425337738,0,0,0.120885351391999,0.269359643267249,-0.00823319753987162,0.21857723816605,48
6,12.1619529621911,0.194419986655546,0.473373488839759,11.8255425337738,0,0,-0.301208076597819,0.224325326593803,-0.269814372631637,0.593652733570238,49
6,12.3870199464126,1.13375020393108,0.344456819087186,11.8255425337738,0,0,0.058091415632699,0.553041262693931,-0.891034443437031,0.581179043695089,50
6,12.7037808871688,0.0380431460409076,1.66853635153412,12.6910357757257,0,0,-0.176202447237161,0.133048913214201,0.15789787776705,1.00746591214601,51
6,12.8579934504317,1.09841258134511,-0.4302149774852,12.6910357757257,0,0,0.00140581250881691,0.464585009860499,-0.947102126688662,-0.599817894917115,52
6,13.1497469484966,0.247936325056482,-0.139825205488394,12.6910357757257,0,0,0.190324879726081,0.322249343804713,-0.883942028472908,0.122483503587623,53
6,13.3164632331051,0.0644827433307242,-0.77955853230077,12.6910357757257,0,0,-0.0901379750411794,0.181145214006724,-1.44704319465811,-0.529437625607074,54
6,13.5415302173266,1.88097871442651,-0.77227162668541,12.6910357757257,0,0,0.494016146376591,0.66929511128938,-1.44466542506457,-0.094944510347178,55
6,13.9374813932718,0.706408163595884,-0.658863023914816,12.6910357757257,0,0,-0.120687391756129,0.290501267918845,-1.36530121337901,-0.60938035389106,56
7,0,0.139890219826427,-0.528525350707353,-Inf,0,0,-0.0681487583219844,0.0849631228781454,-0.949591328375496,-0.834752827845831,0
7,0.133373027686812,1.56368927279373,0.158829640195193,-Inf,0,0,0.765414898246444,0.514981905306325,0.0608650301966868,-0.36564743678038,1
7,0.404286990175648,2.5782365665312,-1.26045629061461,0.159280556207523,0,0,0.715447824969593,0.630426689768946,-0.738791334481524,-1.1141902544252,2
7,0.558499553438523,1.36097783909385,-1.39672099297172,0.159280556207523,0,0,0.563510395405934,0.393206571663136,-0.826910265496661,-1.00248833231173,3
7,0.800238166120869,1.28124659910092,0.319669585799003,0.159280556207523,0,0,0.897415909614131,0.253723460104261,0.090976269723721,-0.156165483391103,4
7,1.01280142899673,-0.347406289898497,1.61731640451405,0.159280556207523,0,0,-0.115881015930968,0.0547314461522791,0.890415681320256,0.726096736988609,5
7,1.2962191128312,0.350522788475519,0.0612039614307783,1.04802079119075,0,0,-0.209402517594589,0.153898553269065,0.396047323710959,-0.213659831554813,6
7,1.74635308127419,1.67306051307917,-0.757220688819246,1.04802079119075,0,0,0.693281110219697,0.434917821445749,-0.541646280209662,-0.953855036093262,7
7,1.7505209883894,1.34449696362129,-1.14106317904929,1.04802079119075,0,0,0.642429151030282,0.33443989431185,-0.673856814501729,-1.17728032810024,8
7,2.00059541530217,-1.12158027858029,-0.409078842109118,1.04802079119075,0,0,-0.588328540606851,-0.324105741546158,-0.487304797378914,-0.523848887359541,9
7,2.30485263471271,2.62672053110654,-0.900656627192371,2.04839331144109,0,0,0.897689363186365,0.607193423557417,-0.169730949210587,-0.777971634055621,10
7,2.55075915451027,0.0837303521326757,-0.0695868622952829,2.04839331144109,0,0,-0.0386673045712418,0.238157769900854,-0.147512127114942,-0.422862789403141,11
7,2.95087823757071,-0.166454912900175,-0.85538855855447,2.04839331144109,0,0,0.00868913711765767,0.0774915067982152,-0.370308099108242,-0.887861923151076,12
7,3.23429592140518,0.512902076790096,0.319630520077894,2.9842825972887,0,0,0.322473607680901,0.0797250477379594,0.652935034372779,0.193627152513537,13
7,3.35516522774635,0.104914031033333,-1.23171840206005,2.9842825972887,0,0,-0.0395097873357727,0.0543858308738991,-0.705531178617451,-1.2388838421484,14
7,3.7261089610003,1.81961350148443,-0.614208295730688,2.9842825972887,0,0,0.849949949277393,0.529051188742955,-0.313165936516356,-0.717205005970701,15
7,3.759452217922,1.09266073803878,-0.766814611016481,2.9842825972887,0,0,0.361885578264174,0.327781585493903,-0.51045027904466,-0.603297184163218,16
7,4.08038106579339,3.18008406626622,-0.538827902055559,4.06628215773246,0,0,0.900480911715256,0.954307667534983,-0.281523994343618,-0.584079255151686,17
7,4.26793688597797,1.09111739130461,-0.963243754759767,4.06628215773246,0,0,0.265750546395591,0.428704503894374,-0.514560479665437,-1.00862006242604,18
7,4.52634712712117,-0.674444682688543,-0.302360726008625,4.06628215773246,0,0,-0.287221823423944,-0.371989052240021,-0.451126159806357,-0.713977836865544,19
7,4.97231318844894,0.822956133307117,-1.87976196743423,4.06628215773246,0,0,0.194547878552807,0.402356217194824,-0.940942389335021,-1.6996406957724,20
7,5.16403691574873,0.793302656710066,-2.02892678909736,4.06628215773246,0,0,0.00973301848186092,0.263045605825485,-0.739692042902777,-1.81219175331085,21
7,5.43911878535278,0.424056857114216,-0.898876235220275,4.06628215773246,0,0,0.0574722790876322,0.08273622890582,-0.535864677725487,-0.796962936220204,22
7,5.64751414111343,2.25160363235168,-1.22977015335548,5.51368611444755,0,0,0.961562805471361,0.519423989932616,-0.723611659857928,-1.16947306523833,23
7,5.79339089014588,-0.028885805647509,0.120134455255953,5.51368611444755,0,0,-0.2004346494328,-0.170532331032183,-0.0416675523017236,-0.123447671181006,24
7,6.14766299493897,0.767352563886811,-1.02544676138741,5.51368611444755,0,0,0.352666075567088,0.337298492879003,-0.554999194976781,-1.02612094104244,25
7,6.37689788627568,0.598342202666225,-1.22626838293064,5.51368611444755,0,0,-0.343525166149613,0.0574713437847726,-0.605341711251925,-0.879813555727291,26
7,6.61863649895802,2.23061046079449,-0.552679753987006,6.48915224968312,0,0,0.870067539403096,0.674165824626031,0.325198038622233,-0.85483948859464,27
7,6.99791604644239,-0.374055329751296,1.36171582600141,6.48915224968312,0,0,-0.33992703656428,-0.193899333177736,0.778449303627065,0.480728971557221,28
7,7.04793093182495,-0.110313597782349,1.52472507391682,6.48915224968312,0,0,-0.34726059338463,-0.0615032328296214,-0.171837087558195,0.451073026697352,29
7,7.46888955046145,1.17594954761827,-0.452359355725292,7.15546498860841,0,0,0.440348707798715,0.202084032626529,0.412588875278068,-0.739382507617307,30
7,7.72313188448943,-1.36807796929805,-1.5271118040163,7.15546498860841,0,0,-0.526860952855098,-0.060975141379538,-0.992907596480543,-1.62487344725808,31
7,7.91068770467401,-0.658911905205006,0.159489797043191,7.15546498860841,0,0,0.139403254314214,-0.0696035044032609,-0.000935410420898126,-0.987355106422225,32
7,8.12741887466508,-0.216868142226255,0.366593184035858,7.15546498860841,0,0,-0.424192385096065,0.130558938492463,0.117454964087975,-0.257582129555843,33
7,8.27329562369753,-1.58118648410667,0.57929488343414,7.15546498860841,0,0,-0.589841165064409,-0.360054572918252,0.00298383499385041,-0.312637490536388,34
7,8.72759749925573,1.15924739276287,0.0161869108595404,8.34721626318955,0,0,0.534353997686806,0.27756448402416,-0.0577452086612542,-0.496425361258206,35
7,8.86930634117297,1.16303491128018,-1.35612636525078,8.34721626318955,0,0,-0.00654401872678378,0.329394147664481,-0.753563423870965,-1.48261215372381,36
7,9.04852634712712,1.7187670585322,-1.34360644459533,8.34721626318955,0,0,0.490906900348705,0.516420205659061,-0.760422496229005,-1.07927434017835,37
7,9.26108961000298,2.49453304294404,-1.03252936821346,8.34721626318955,0,0,0.722004103709547,0.557093575519062,-0.538710199482289,-0.982951811405656,38
7,9.57785055075916,0.742907621398272,-0.632843014917483,9.46698756060348,0,0,0.142995257264993,0.269808265557061,-0.275241338747338,-0.776356732250708,39
7,9.80291753498065,1.72245919780191,-1.20610922300961,9.46698756060348,0,0,0.589294350084108,0.471747252713057,-0.54416558286028,-0.962253054164559,40
7,10.0738314974695,-0.229638683275805,0.545521529991668,9.46698756060348,0,0,-0.135950766036907,0.154385601119962,0.362469782035691,0.0943246572042308,41
7,10.2905626674606,1.13004813126663,-2.57719423143686,9.46698756060348,0,0,0.46338927940496,0.227375769938796,-1.04431923703966,-2.11151522003677,42
7,10.5281333730277,3.02536518376284,-2.63553300696036,10.4193535426452,0,0,1.23133675183987,0.872892440367178,-1.01303590735717,-1.99141569210701,43
7,10.8240547782078,0.571579713173028,-0.673095458255362,10.4193535426452,0,0,0.525446997060935,-0.027717703635246,-0.489067137642508,-0.855863796217209,44
7,11.2075022328074,-0.783420890161371,0.199365969408179,10.4193535426452,0,0,-0.26440628964157,0.0530522152508444,-0.428358356571665,-0.381772390563626,45
7,11.278356653766,-0.222650372820222,0.341787554078899,10.4193535426452,0,0,-0.274488623888125,0.0062148269027372,0.18205520636856,0.121912086974835,46
7,11.611789222983,0.995401758103307,-1.02380253131629,10.4193535426452,0,0,0.688470137910336,0.212899105153838,-0.692016198950653,-1.09111308129154,47
7,11.8493599285502,3.66040391586312,-3.74344504057233,11.8011354241556,0,0,1.16635011967579,0.870519168529467,-1.78129080837778,-2.77170778531473,48
7,12.1577850550759,1.61994401310012,-1.71255494239002,11.8011354241556,0,0,0.557241495304812,0.493482503031308,-1.27974299659716,-1.40827826333037,49
7,12.4078594819887,0.97824099868768,-1.68795259463175,11.8011354241556,0,0,0.790096344605908,0.0896000546057173,-0.978470241433253,-1.37511547105839,50
7,12.649598094671,0.142367836829537,-1.10683247112503,11.8011354241556,0,0,0.0256209801544113,0.204682335197321,-0.39977936158162,-0.837478981584154,51
7,12.8663292646621,-0.515785559710581,0.138237874413504,11.8011354241556,0,0,-0.282445508995974,-0.125850172856834,-0.0155011485516107,-0.304600577660432,52
7,13.0580529919619,0.422809081891955,-1.09267345785269,11.8011354241556,0,0,0.532161382497524,0.249318244417799,-0.579310041508885,-0.875654775991008,53
7,13.3122953259899,2.14816120222531,-1.40915557795595,13.089014004359,0,0,0.585141485536202,0.511795874095796,-0.67845394718453,-1.42630215084741,54
7,13.6832390592438,0.604978356867356,0.931356396423151,13.5694892095053,0,0,0.224677542690725,0.228819772029152,0.82076698685739,0.0892056349114419,55
7,13.9083060434653,0.943377476423525,0.213501573857919,13.5694892095053,0,0,0.137173447714777,0.178389520249306,-0.0527140680373717,-0.505317847470327,56
8,0,1.19291351450364,-1.65425421380905,-Inf,0,0,0.540835338014343,-0.0871914826497771,-1.49819343762001,-0.83316429694088,0
8,0.179220005954153,4.49690707866921,-3.64759812271943,0.167560864216648,0,0,1.5833848335703,0.69355993885772,-3.08979913422259,-2.27084893054045,1
8,0.395951175945222,1.50633777633778,-0.776433597936083,0.167560864216648,0,0,0.128107350243841,-0.033478303823997,-1.33833496996367,-0.583625264066376,2
8,0.604346531705865,1.46116576458943,-1.60997382264198,0.167560864216648,0,0,0.403864002125516,-0.00574024527951583,-1.60660259058325,-1.17061215445067,3
8,0.766894909199166,-1.06413533639543,0.316938222318736,0.167560864216648,0,0,-0.65619791235211,-0.498285692065487,-0.506879600551124,0.0490348646447917,4
8,1.05864840726407,0.822963431780528,-0.608256367503714,0.954536092605513,0,0,0.0254277196364691,0.094165707482078,-0.947644924864435,-0.128394068275686,5
8,1.43376004763322,0.426327674767896,-1.0759714850099,0.954536092605513,0,0,0.0922150076312737,-0.18317985385176,-1.50325534244232,-0.430980337557233,6
8,1.57130098243525,-0.212353718355449,0.866423557945906,0.954536092605513,0,0,-0.0147823429314126,-0.335834223368694,-0.0508142603496355,0.846617616533525,7
8,1.90056564453706,2.30021865073735,0.538941448591,1.8244516822008,0,0,0.549486810948542,0.264160536416031,-0.296434543724182,0.45447518354639,8
8,2.22566239952367,2.88504011903674,-0.162553944171229,1.8244516822008,0,0,1.12274358378125,0.233528130402295,-0.653490389402289,0.00981167272161013,9
8,2.3006847275975,1.92494871454273,-0.944369412215604,1.8244516822008,0,0,0.822468369001143,0.0347282326974141,-1.03400047304459,-0.686532918654794,10
8,2.64662101816017,-0.129712682207026,0.490298883621533,1.8244516822008,0,0,0.231024585864942,-0.435851028519098,-0.546138022840773,0.289363203219324,11
8,2.7883298600774,-0.570787568779469,-1.33764615916685,1.8244516822008,0,0,-0.133144504822361,-0.301649639287784,-1.37703426648632,-0.833617923293539,12
8,3.0467401012206,-1.64019151168216,0.275113317901906,2.83833033770251,0,0,-0.390287452565802,-0.695339936459369,-0.693591057860258,-0.377559365539,13
8,3.41768383447455,-1.61360652256212,0.259034458567866,2.83833033770251,0,0,-0.851490920783763,-0.59748413634088,-0.313877521671967,0.515382955689815,14
8,3.73027686811551,-0.832695847315008,-2.25783156813753,2.83833033770251,0,0,-0.129138525522028,-0.406790289857898,-1.67829135388235,-1.85124263453114,15
8,3.80946710330456,-0.761606245041629,0.635295406595044,2.83833033770251,0,0,-0.434164310691357,-0.507452459003286,-0.335015117227669,0.0321268614389484,16
8,4.05954153021733,-0.663604103574155,0.640464045589856,2.83833033770251,0,0,-0.642727475493214,-0.428755705141063,0.0847565067213586,0.0957683744667593,17
8,4.25543316463233,-0.439868045699866,0.20834838452838,2.83833033770251,0,0,-0.52104324375617,-0.369133321102173,-0.14435076409099,-0.216717588317433,18
8,4.61804108365585,1.89694196526208,-1.12010415948324,4.34904431048064,0,0,0.927871233339907,-2.42900163024973e-06,-1.00627087966797,-0.879508543940292,19
8,4.78475736826436,-0.377060466484265,0.0503885759118121,4.34904431048064,0,0,-0.402890245745505,-0.364312138081186,-0.291253019137107,-0.290038028835642,20
8,5.14736528728788,1.63199327565834,-0.318386526288019,5.07402454869857,0,0,0.354697697302899,-0.0947795502172485,-0.863449196706729,-0.129022898605328,21
8,5.42661506400715,1.22277825457721,0.0756676030193379,5.07402454869857,0,0,0.465250395013319,0.158038265125574,-0.561261615113531,-0.194740722452075,22
8,5.57665972015481,0.492968238476072,-0.156438478046615,5.07402454869857,0,0,0.074274975215039,-0.0225299470360582,-0.596906644826924,0.100196751396631,23
8,5.75171181899375,0.392575178707471,0.884351399295699,5.07402454869857,0,0,0.387409696018823,-0.00046459534709134,0.145330063306366,0.151659392381413,24
8,6.19350997320631,-0.830174584123184,1.44426782533363,5.07402454869857,0,0,-0.14030860930744,-0.488855982232595,-0.199928431718014,0.471589499074389,25
8,6.44358440011908,0.336635580574893,0.426553178411875,5.07402454869857,0,0,0.0657380269228352,-0.356853502082611,-0.558437515890494,0.408824716384356,26
8,6.71449836260792,0.0251651072559852,-0.241466811487561,5.07402454869857,0,0,-0.418804515616587,-0.22827120097807,-0.801503298927538,0.0177956469797398,27
8,6.80202441202739,0.113516618994226,0.973010873216621,5.07402454869857,0,0,-0.460087985414571,-0.415676815084459,-0.368629329584677,0.490365651059553,28
8,7.01041976778803,2.4460633374567,-1.55047556609406,6.86980360065444,0,0,0.433040342499275,0.225879239388725,-1.32866270734187,-1.0142301207719,29
8,7.4522179220006,0.891269898346616,-0.986815452188562,7.2035881970418,0,0,0.484131026248668,-0.131035353681809,-1.22971353886567,-0.564406664472602,30
8,7.64394164930039,-0.0417726428165861,0.997772319822757,7.2035881970418,0,0,0.0505785233484388,-0.265578805544168,-0.370364618797344,0.364136341474954,31
8,7.80649002679369,-0.884643395470347,-1.31797347067039,7.2035881970418,0,0,-0.30279584696356,-0.551317853939991,-0.886191501736248,-0.62519441480443,32
8,8.16076213158678,0.735243940338026,-1.84412747623683,7.2035881970418,0,0,-0.0154589918779318,-0.0490711102945433,-1.4765172004344,-1.1070244786911,33
8,8.3941649300387,0.121354102073185,-0.147924967204698,7.2035881970418,0,0,-0.288587975882398,-0.43320914393315,-0.896228661342455,0.0138064925845591,34
8,8.71509377791009,-1.07539795405052,1.87231765796321,7.2035881970418,0,0,-0.529877606051076,-0.639290447608214,0.293740058487396,0.846550083690672,35
8,8.99851146174457,0.360286474678087,0.61405929188857,8.90713533501571,0,0,0.0488112707589856,-0.17659156123671,-0.135575902274609,0.22439209678499,36
8,9.18606728192915,0.464669493399577,1.93313290621425,8.90713533501571,0,0,0.0692685931097827,-0.247963719978725,0.0258487211153077,1.39043303551449,37
8,9.31527240250074,2.1984634774308,0.535320072659734,8.90713533501571,0,0,0.89273566957711,0.209366503878258,-0.380436679998594,0.524668955281369,38
8,9.53200357249181,2.26804060506977,0.206722316663343,8.90713533501571,0,0,0.521110156865041,0.086994538785746,-0.651644720871037,0.101451056497373,39
8,9.8195891634415,3.25443228742769,-2.25384469209682,9.80690631592431,0,0,1.46774450336004,0.462863754442125,-2.18533611699148,-1.47608097244061,40
8,10.0071449836261,1.21922314981565,-1.10777661664962,9.80690631592431,0,0,0.479560259665218,0.0238932533600681,-1.3447268064876,-0.71046712852114,41
8,10.2863947603453,1.6268348496426,-0.549029890593477,9.80690631592431,0,0,0.591738381175853,0.142855546054013,-0.928445689849411,-0.421674252871312,42
8,10.5823161655255,0.506576883766822,-1.05845645659197,9.80690631592431,0,0,0.32661683518627,-0.136241036139865,-0.968102877000167,-0.687983364901801,43
8,10.7615361714796,2.93523250764003,-2.57341729582783,10.7214789153596,0,0,1.39251261541677,0.212000550725107,-2.04064400273251,-1.53192625737113,44
8,11.2075022328074,-0.552386118918362,1.04451111884313,10.7214789153596,0,0,-0.368989958775187,-0.556218987981132,-1.04419153682612,0.791955673017023,45
8,11.2741887466508,0.572706651379015,1.38098832901822,10.7214789153596,0,0,0.122312004732723,-0.174856852995445,0.0725409548124448,0.721038835374394,46
8,11.5701101518309,1.26413808610364,-1.12481689329197,10.7214789153596,0,0,0.353250552434813,0.0573674276830573,-1.06261240256012,-0.799346931010608,47
8,11.9785650491218,1.10519231443628,-1.21477516306358,11.682390246637,0,0,0.269216432587511,-0.070075315563423,-1.35847260485662,-0.986996371396826,48
8,12.1327776123846,1.05294863311672,-0.311195450845058,11.682390246637,0,0,0.305480965586396,-0.244341378105785,-0.717540299114227,-0.152156609788702,49
8,12.3203334325692,0.618142198872066,-0.0292800840591443,11.682390246637,0,0,0.0631959942478508,0.196229358149416,-0.300350826412745,-0.0479829179604892,50
8,12.6162548377493,0.707890096171116,0.478200966751388,11.682390246637,0,0,0.431029091850606,-0.278151829109216,-1.01822670966685,0.213081454918089,51
8,12.9663590354272,1.77935787506022,-1.56469399057406,12.92661270844,0,0,0.517230152774801,0.0525782864115216,-1.35693928132539,-0.682986434655104,52
8,13.0330455492706,2.28988299529652,0.0307402521415546,12.92661270844,0,0,0.886202804900351,0.052651950641949,-0.746670928671892,-0.267290620101301,53
8,13.4456683536767,0.351332412329793,-0.426535579197451,12.92661270844,0,0,0.243034138948981,-0.284469452496199,-1.59069374394348,-0.2689639795781,54
8,13.5081869604049,1.81679141887653,-0.655150958563818,12.92661270844,0,0,0.575166045145228,0.129498908767347,-1.5130396574992,-0.805329845070989,55
8,13.9083060434653,0.206590565405026,-0.238242053414713,13.5699910876923,0,0,-0.0457591915407096,-0.332052758377329,-0.579012301859185,-0.171560599928302,56
9,0,-0.476160112081397,0.750101220283585,-Inf,0,0,-0.730482058742332,0.23513265914124,0.3488606014451,-0.0805142458292207,0
9,0.0166716284608514,1.35086792794691,-1.06451367715552,0.00346763849956915,0,0,0.335215414571549,0.57813768795014,-1.24862631181155,-1.13343318399498,1
9,0.391783268830009,1.52376885067504,-0.0835208446632233,0.00346763849956915,0,0,0.329101485718418,0.736637853376661,-0.00209113747789275,-1.15788424289123,2
9,0.679368859779696,0.374318599500161,-0.918540485061965,0.00346763849956915,0,0,-0.257544315599256,0.735646057119801,-0.506082245013279,-1.25600418153874,3
9,0.771062816314379,0.467723469474308,0.670749584659215,0.00346763849956915,0,0,-0.202071464350077,0.509873810616756,0.0178898101761876,-0.292591041205285,4
9,1.22119678475737,-0.804756138576998,1.58305444239179,0.00346763849956915,0,0,-0.63528648692321,0.022963767251457,0.434231841857264,0.180927223084609,5
9,1.38791306936588,1.05339445937801,0.848686142953174,1.33923831365358,0,0,0.488648707327522,0.590903771755379,0.124012202442295,0.076639846160367,6
9,1.72551354569812,-0.53236530714586,-0.0313110917586318,1.33923831365358,0,0,-0.855029280955427,0.120170130913875,-0.248826509063124,-0.662554410728303,7
9,1.95474843703483,-1.38598941660409,0.597508897306808,1.33923831365358,0,0,-1.04043797143009,-0.118140111098736,0.126051392749855,-0.0910579768692635,8
9,2.05477820779994,-5.32405078690274,1.91334571995836,1.33923831365358,0,0,-2.74022752055902,-0.94428495363428,1.19705148116344,0.370059890564729,9
9,2.35069961298005,-0.564589124887276,1.14139163433373,1.33923831365358,0,0,-0.835294044092775,0.0868765988675888,0.364670085572626,0.174034123724134,10
9,2.58410241143197,-0.56827326844301,1.15143247623636,1.33923831365358,0,0,-0.59543346478796,0.106140411194485,0.0294061406570832,0.067995960326652,11
9,2.83000893122953,0.571873865747834,1.07923053859787,2.59869496493708,0,0,-0.0607184706220874,0.460924045858402,-0.0565310744113179,0.0534056238500973,12
9,3.18428103602263,0.757019563777496,-0.56675613684486,2.8314580123585,0,0,-0.317621543168641,0.566417267158318,-0.536917684976125,-1.01768342468783,13
9,3.47603453408753,-1.44223919936791,1.49593698017312,2.8314580123585,0,0,-1.28949175811844,-0.238163250839632,0.12448437092709,0.544534847761298,14
9,3.563560583507,0.235432507547734,1.27109731026179,2.8314580123585,0,0,-0.093295065149086,0.337329827328002,0.332846593283653,0.300165185885872,15
9,3.81780291753498,-0.46964949856946,-0.780847051042412,2.8314580123585,0,0,-0.628556371870595,0.162032037858512,-0.623203072928073,-0.824450418222015,16
9,4.13873176540637,1.43677930993748,-1.70556065279812,3.91307566710031,0,0,0.12452142671174,0.512097272858284,-1.37282511910344,-1.19241120023789,17
9,4.43465317058648,-0.484970521161306,-0.455972170370096,3.91307566710031,0,0,-0.967223759658082,0.28402966711044,-0.883213696855753,-1.11552600843419,18
9,4.66388806192319,-1.41392522482418,-0.731459136681246,3.91307566710031,0,0,-1.16982654408473,-0.0973176162359786,-0.784522945484229,-0.865474090997722,19
9,4.7639178326883,-0.75576986928828,-0.226174191201669,3.91307566710031,0,0,-0.639408505771082,0.191374633896323,-0.412349317512951,-0.598637385030616,20
9,5.20154807978565,-0.685577761911479,0.38036357319721,5.01438935386518,0,0,-0.303459651642975,0.0291523270953682,0.0950254959787121,-0.601378857425879,21
9,5.37660017862459,0.769042396404594,-0.15378311725011,5.01438935386518,0,0,-0.192692916001979,0.478134117486983,0.433045093513108,-1.13821575239116,22
9,5.70169693361119,1.34430048907098,-0.276777276373796,5.01438935386518,0,0,0.157679924177727,0.629670231923658,-0.460070640870963,-0.894380668926569,23
9,5.96844298898482,-0.0178377301542388,0.0550546651058322,5.01438935386518,0,0,-0.203125732257942,0.231732247727923,0.0399615332074202,-0.51195740131251,24
9,6.21434950878238,0.398538427015813,-0.62433099740999,5.01438935386518,0,0,-0.0138285363360486,0.454236997773606,-0.596384626624057,-1.17701702851961,25
9,6.28103602262578,1.01804077793202,-0.423353473293725,5.01438935386518,0,0,-0.192619243839369,0.528896487106717,-0.294777341535188,-1.08973292530336,26
9,6.72700208395356,0.412195034134584,-1.48581535248837,6.3416428414066,0,0,-0.265773861808285,0.310576439678596,-1.30525932048141,-1.51278252833675,27
9,6.92706162548378,0.158787509542533,0.800962304046398,6.3416428414066,0,0,-0.120550208822346,0.488317541501288,-0.0691313075990456,0.147750280766621,28
9,7.24382256623995,0.285113662640643,-0.621187652470186,6.3416428414066,0,0,-0.356574155198457,0.339463249032183,-0.826912514159561,-0.993123014710595,29
9,7.34802024412027,-0.25886321509395,0.630631404535549,6.3416428414066,0,0,-0.595120800559424,0.210599188382066,0.462620683602657,-0.526473900901563,30
9,7.53140815718964,-1.44732787701615,0.47765229315165,6.3416428414066,0,0,-1.08906639497998,-0.127198167739385,0.382911379295187,-0.486223475755531,31
9,7.89401607621316,1.38041232229984,-0.456465468320281,7.69234034720486,0,0,0.358246357571914,0.578662337907309,-0.123283802090408,-1.0889227199123,32
9,8.11491515331944,0.872880946034311,-1.20166342194121,7.69234034720486,0,0,-0.0437121118273157,0.577194308089349,-0.722109649096967,-1.14033317931935,33
9,8.29413515927359,0.69643783483736,-1.77722909665921,7.69234034720486,0,0,-0.158217221458469,0.373804134565288,-1.09901310553795,-1.8476683497223,34
9,8.60672819291456,2.95273003805478,-2.94597771384173,8.60077423165516,0,0,0.853357778744767,1.04426110043486,-1.91089987584992,-2.41264095391207,35
9,8.82345936290563,0.63166463311205,-0.54299079680309,8.60077423165516,0,0,0.00621722236974508,0.583664951972971,-0.250949880154695,-0.752733025888938,36
9,9.04852634712712,-1.2254951650383,0.599771127457535,8.60077423165516,0,0,-0.577287205668203,-0.0566800649495726,-0.209136848117479,-0.135621261715792,37
9,9.28609705269425,-1.65929385410652,0.30144310372092,8.60077423165516,0,0,-1.06822130324314,-0.0845318833911106,-0.0354291227993994,-0.694275799246791,38
9,9.64870497171777,0.199588051491228,-0.083513153066602,9.64036824149796,0,0,-0.643168809771144,0.486430525179311,-0.0663044610267602,-0.375192661057629,39
9,9.97796963381959,1.27846585163029,0.508834447863757,9.64036824149796,0,0,0.367868748656802,0.49094490789033,0.0312488953080888,0.0173612021856545,40
9,10.0029770765109,0.968057774628707,-0.18548692907822,9.64036824149796,0,0,0.0465963634518069,0.700766274610705,-0.285645240069759,-0.350450161498553,41
9,10.3739208097648,0.53170404560732,0.485258161415444,9.64036824149796,0,0,-0.114668151019884,0.505234508694542,-0.208954730192495,-0.495556295410314,42
9,10.6406668651384,0.705948879312916,0.188159694855916,9.64036824149796,0,0,-0.239560652578021,0.449292954186665,0.118686342485205,-0.965191072074809,43
9,10.8490622208991,0.817772900779421,1.85986160174471,9.64036824149796,0,0,-0.179137536831641,0.392741213136094,0.842566208766957,0.461816123848928,44
9,11.140815718964,0.248285042014487,0.0382728596584214,9.64036824149796,0,0,-0.669118271293185,0.42313790224664,-0.164526073342207,-0.627829168434397,45
9,11.4992557308723,-0.0739326945223259,-0.425058240353945,11.1791387142202,0,0,-0.618781373805048,0.356349410182514,-0.523512883916412,-1.01225269035853,46
9,11.6493003870199,0.842612961742622,-1.01875153340773,11.5707251958818,0,0,0.156048550002643,0.634361415015433,-1.02428846143867,-1.17597570222535,47
9,11.9952366775826,0.422978483913622,0.685889773152939,11.5707251958818,0,0,-0.262834565499957,0.311400192236898,0.110554837621197,-0.0638103300795588,48
9,12.0202441202739,0.195389911593399,0.245107892301966,11.5707251958818,0,0,-0.436528585339701,0.102724153438809,0.392671887346104,-0.497166273475586,49
9,12.4745459958321,1.09358328029474,-0.25120041858268,11.5707251958818,0,0,-0.0152605867322002,0.455685266418618,-0.110473399443348,-0.460989677462348,50
9,12.5454004167907,2.27200469242787,-2.23615175505005,12.5428095695115,0,0,0.712301301992475,1.00561946609411,-1.62199513708416,-2.02368847626461,51
9,12.7537957725514,3.74378477601182,-2.10750236942044,12.5428095695115,0,0,1.18629040331828,1.16598938281976,-1.52052223085699,-1.59636166353595,52
9,13.078892527538,0.7763292148841,-1.31558059067563,12.5428095695115,0,0,-0.0946513315065548,0.592832063007001,-1.55731185365661,-1.55241722000599,53
9,13.3664781184876,1.2693244173798,-0.310560185396461,12.5428095695115,0,0,0.369992836728244,0.643470938510795,-0.0608857909984723,-0.921989187142643,54
9,13.745757665972,-0.390860998727307,1.0119853593283,12.5428095695115,0,0,-0.660355912451122,0.0244319938909283,-0.132390778482868,0.0877496102669247,55
9,13.920809764811,1.81682162261752,-0.795892397298402,13.8440391700948,0,0,0.695056745499548,0.598450955597521,-0.933581221899507,-1.22395549287153,56
10,0,-0.451679436882734,0.0754820306159776,-Inf,0,0,-0.63238975411551,-0.617622430991736,0.212840403656207,0.431860114173342,0
10,0.0625186067281929,-0.079938676518523,-0.433042146559986,-Inf,0,0,-0.250300610825937,-0.343066075658562,-0.158395311172896,0.346763803067283,1
10,0.375111640369158,1.14301458028072,-0.463618758831919,-Inf,0,0,-0.0658376528366487,-0.160131039710631,-0.271277687064377,0.509292452770365,2
10,0.550163739208098,1.7155819309488,-0.667059211246549,0.426151505042799,0,0,0.217522522873064,-0.130226122079751,-0.466722023440327,0.209193172674845,3
10,0.762727002083954,0.217526656843544,-0.115309065031677,0.426151505042799,0,0,-0.129197450778938,-0.361666685724141,0.534095905590321,0.480492323752756,4
10,1.11699910687705,-1.14933425011252,0.420519330131367,0.426151505042799,0,0,-0.643690947085673,-1.09716911600567,0.0395245839420257,0.863544278901889,5
10,1.40875260494195,0.045340774798835,-0.270526976056086,1.35492545531418,0,0,-0.24567662652117,-0.571232347010208,-0.3398141655716,0.535315649948731,6
10,1.53378981839833,0.509387229587189,-0.942518500436894,1.35492545531418,0,0,-0.216326240491452,-0.443609636689733,-0.214848655693838,0.179254248593359,7
10,1.80470378088717,0.253457019038155,0.500464762749468,1.35492545531418,0,0,-0.158136015740296,-0.566421344229131,0.347835207638013,0.90540017084754,8
10,2.19648704971718,0.410230147070432,0.137416543829171,1.35492545531418,0,0,0.327911987823215,-0.463835386694092,-0.722700591015115,0.910576383432775,9
10,2.45072938374516,1.67887915819075,-2.61819046532843,2.30407571664187,0,0,0.41082612493586,-0.256637686545352,-0.8422026234212,-0.904317000524806,10
10,2.69246799642751,-0.337835471226114,0.201071062998896,2.30407571664187,0,0,-0.0937060492596256,-0.548796546354438,-0.156980660138301,0.693959555007289,11
10,2.96338195891634,-0.221746213249854,1.33014656556948,2.30407571664187,0,0,-0.299623102437408,-0.678107677486031,0.873860997552058,1.57216586640682,12
10,3.06341172968145,0.424142755883706,0.235790240250671,2.30407571664187,0,0,-0.226315015427954,-0.525148635153015,0.352456163571118,0.758593533741519,13
10,3.43018755582018,0.868369189605079,-1.24091711097544,2.30407571664187,0,0,-0.05063627269132,-0.423761363863207,-0.282528019642583,-0.0272230089995416,14
10,3.70943733253945,0.952217148181503,-0.954385546034723,3.47484384651224,0,0,0.2281836327083,-0.23549581862512,-0.613557334439968,0.30924158571468,15
10,3.88448943137839,2.17720882079175,-0.960091721067405,3.47484384651224,0,0,0.56706783365821,0.0772154116943564,-1.0425381033831,-0.47325761001415,16
10,4.09288478713903,1.43399104092622,-1.53593472186944,4.04024097618396,0,0,0.21907715719765,-0.229634430232469,-0.29327391397384,-0.142549455620558,17
10,4.25543316463233,2.09132973947797,-1.60736455669667,4.04024097618396,0,0,0.499642417177484,0.00942784951620831,-0.44231436992853,-0.763081843099464,18
10,4.58469782673415,1.50391464992488,-0.406935900596097,4.04024097618396,0,0,0.364945922310372,-0.177885150048341,-0.745375965695797,0.0886658630901096,19
10,4.87228341768383,0.784050018308635,0.0128640287952119,4.04024097618396,0,0,-0.0146403511319687,-0.191254589465663,-0.0405815718604907,0.664743784673737,20
10,5.16820482286395,-0.549200067838009,-0.33240102947719,4.04024097618396,0,0,-0.278978549949495,-0.61156363462696,0.0694201822586792,0.55101407233792,21
10,5.26406668651384,-0.836200786684625,-1.44588960919902,4.04024097618396,0,0,-0.49617238581615,-0.781305517069303,-0.692123545319312,-0.415563836916323,22
10,5.64334623399821,0.232928799767455,-1.36905249436936,5.40961692623364,0,0,-0.441239877009203,-0.447704681383863,-1.38582359517637,-0.163124701076666,23
10,5.835069961298,-0.188609186775775,-0.0181669402070793,5.40961692623364,0,0,-0.12838076540655,-0.804893704816023,-0.727638959152976,0.365521096780669,24
10,6.17267043763025,0.0139831203417438,-1.04848117647612,5.40961692623364,0,0,0.0073839958337566,-0.612553218247824,-0.524155752528775,-0.102134609319173,25
10,6.33105090800834,-0.501327108393296,-0.409080694388972,5.40961692623364,0,0,-0.48815604319036,-0.675196519439984,-0.103028618133431,0.233179334035405,26
10,6.65197975587973,-1.2881735644837,0.81791998286888,5.40961692623364,0,0,-0.854612277399169,-0.747748208149273,0.472366235654257,0.91609699957556,27
10,6.89788627567729,1.80347588227836,-0.00738597522122519,6.7157139960569,0,0,0.158217937725109,-0.0720545748990998,-0.161645657646645,0.577576640612045,28
10,7.01875558201846,0.850748553721679,-1.0632894918774,6.7157139960569,0,0,0.202467941245199,-0.297621588921921,-0.681176393260266,-0.142142491999581,29
10,7.27716582316166,-0.603815443239166,0.339964627219111,6.7157139960569,0,0,-0.658377359181966,-0.812143412556977,0.375081940919119,0.894747294910864,30
10,7.53140815718964,1.60976796867703,-1.32765358309272,6.7157139960569,0,0,0.236622185777086,-0.110478012075276,-0.740689862645612,0.0440988386428761,31
10,7.78565049121762,1.10005054620497,-0.465600176362597,6.7157139960569,0,0,0.345722728701404,-0.200787183101099,0.102523359894579,-0.186102069066487,32
10,8.14409050312593,3.44076418265167,-1.19405811630244,7.84227677996879,0,0,1.3836097830384,0.384657254559026,-1.02789209694656,-0.256917868159687,33
10,8.40666865138434,-0.399131440315882,1.63105649584339,7.84227677996879,0,0,-0.590951027847714,-0.621318020325357,0.424362792321386,1.42848856145098,34
10,8.60672819291456,-0.423782877976233,0.179561298582666,7.84227677996879,0,0,-0.646253913825974,-0.788892490240294,-0.357529070244014,0.915140268093227,35
10,8.89014587674903,3.70873486336664,-2.31847482931335,8.79155663264414,0,0,0.988923949600159,0.406907495278097,-1.36766346605865,-0.700379013966793,36
10,9.09020541827925,0.669081210737115,-1.8634100463144,8.79155663264414,0,0,-0.0103645597549116,-0.207115798464828,-0.795997292942304,-0.722595121430313,37
10,9.4611491515332,0.292997085642029,-0.181757054869213,8.79155663264414,0,0,-0.352719000244756,-0.423597096086802,-0.063259876677933,0.443098271324596,38
10,9.73623102113724,2.69940620771288,-1.10651677711045,9.70914978353092,0,0,0.634246071219448,0.0542283262345555,-1.32156500692479,-0.23337645162434,39
10,9.92795474843703,2.95105897541105,-1.47263722417069,9.70914978353092,0,0,1.01603985404547,0.127217575957497,-1.3352073319289,-0.544050811890029,40
10,10.0071449836261,1.9517781380662,-2.44464344648512,9.70914978353092,0,0,0.736551219116447,-0.00322557705572297,-1.19222665134812,-1.09067609587126,41
10,10.3447454599583,1.35763125513076,-1.64080593771256,9.70914978353092,0,0,-0.0245367858428431,-0.346168687135365,-0.435335780622785,-0.555857378392203,42
10,10.5489729086038,-0.080643927687581,-0.552049761094387,9.70914978353092,0,0,0.0961769415781075,-0.552857652876899,-0.411869970902951,0.116306696755738,43
10,10.9866031557011,1.88982262421253,-1.32898597302534,10.63708530963,0,0,0.342133510661162,-0.0544757290581284,-0.85587002418468,-0.267196197958312,44
10,11.1491515331944,0.523659156203131,-0.861412118527097,10.63708530963,0,0,-0.0496275783940477,-0.34621963446156,-0.483049777258796,-0.21908126151275,45
10,11.4659124739506,1.00770341275345,0.706655209283197,10.63708530963,0,0,0.316895252278249,-0.389884436060631,0.219994983753722,0.837139217017709,46
10,11.5534385233701,-0.00823651872005837,1.31020194017201,10.63708530963,0,0,-0.390316192850358,-0.572161993525625,0.699545603400935,1.05871852874818,47
10,11.7743376004763,-0.138906981523295,0.165768508120863,11.6890589437018,0,0,-0.476998380476725,-0.656363322257707,0.155139383789603,0.447840057679986,48
10,12.2036320333433,-0.0993428858480017,0.874630908131969,11.6890589437018,0,0,-0.114573446248641,-0.62886266499974,0.212514063402058,1.06322736782072,49
10,12.2703185471867,-0.0325391179652333,-0.946783223971876,11.6890589437018,0,0,-0.0240413447112186,-0.467244188744415,-0.240895675812832,-0.0325522526251475,50
10,12.6162548377493,-0.817572442739647,0.363664510999092,11.6890589437018,0,0,-0.602843588291624,-0.662418542767241,0.242856869769153,0.450723537908871,51
10,12.9830306638881,0.70520786284639,0.199340859534668,11.6890589437018,0,0,-0.116540946776149,-0.365177106965154,-0.387285241802968,0.639665209377448,52
10,13.1872581125335,0.759003055377424,-1.53963364813555,11.6890589437018,0,0,0.101914505348069,-0.209269166686196,-1.10915121344235,-0.734415943595025,53
10,13.4248288181006,2.38697940129031,-0.86734027423626,13.2690672972956,0,0,0.915199052830748,0.00360726528763038,-0.420033959199476,0.085276272005828,54
10,13.5665376600179,3.19812248388461,-1.44898681810843,13.2690672972956,0,0,1.14458803438736,0.175636124781597,-0.893042118703459,-0.555802576660999,55
10,13.8916344150045,2.93158572382126,-1.11576883159057,13.6490487165516,0,0,0.875398955214235,0.185027106559272,-1.22938801241541,-0.320058656895476,56
11,0,-0.825149434883454,1.23840077659941,-Inf,0,0,0.118809052961104,-0.180185147601094,0.502870697280397,1.4072196948675,0
11,0.0625186067281929,-1.68804184423495,1.42488900853736,-Inf,0,0,-0.558175501911456,-0.737867323660842,1.15435330667764,1.4363750763751,1
11,0.429294432866925,1.82129341144616,-1.69429551283042,0.320724455744494,0,0,0.418699152297718,0.260007986946003,-0.351416880736905,-0.469833154597357,2
11,0.662697231318845,2.09740768396284,-1.78792417399513,0.320724455744494,0,0,0.685786167840292,0.176831117810902,-0.21904647900423,-0.267634458873325,3
11,0.925275379577255,0.763209654513978,0.988273974470859,0.320724455744494,0,0,0.240695001043984,-0.217198463891256,0.6740703679777,1.02746484172363,4
11,1.16284608514439,2.0402557044898,-1.81460276086727,0.960482131525014,0,0,0.644096734174351,0.169973811887896,-0.603456625141007,-0.843414163591109,5
11,1.49627865436142,-0.411658995359814,-0.558088302814055,0.960482131525014,0,0,-0.0720318246805994,-0.245913172085754,0.230911518484513,0.202892540175297,6
11,1.7171777314677,1.42559655912106,0.0987813902960417,0.960482131525014,0,0,0.78995664840488,0.108928458065833,-0.0106695579948019,0.76347877102102,7
11,1.84221494492408,1.00387810103385,0.523763474928626,0.960482131525014,0,0,0.492253357866887,-0.0525282719305989,0.473513423383105,0.960675742242867,8
11,2.15064007144984,0.383030640138978,-0.404095744710302,2.09189672309081,0,0,-0.0225012870637987,-0.21030557996217,-0.072348626893156,0.359239451209187,9
11,2.25483774933016,-0.0824759510832911,-0.695825632686785,2.09189672309081,0,0,-0.0786457920445459,-0.380559829982355,-0.0289455445665948,-0.210804851647641,10
11,2.55075915451027,1.67259469686028,-2.00310918386198,2.09189672309081,0,0,0.723717889586489,0.0505413936297067,-0.753496141616656,-1.16826211676073,11
11,2.85501637392081,1.12445461648974,-0.12810588372842,2.09189672309081,0,0,0.770405986867083,-0.0371999304991631,0.0413702266523294,0.189169082372635,12
11,3.00506103006847,0.284743835653433,-0.00992588604217531,2.09189672309081,0,0,-0.0354277186725961,-0.21825861341243,0.403450307495727,0.606883056972272,13
11,3.47186662697231,1.02618332875922,0.325578540051888,2.09189672309081,0,0,0.304395310003195,-0.0157752628118059,0.365284830740237,1.08307837080932,14
11,3.58856802619827,1.88704342234981,-0.763475267081496,3.58038623341753,0,0,0.50131771908412,0.295100516962283,-0.0685299170863669,0.0856518286254929,15
11,3.89282524560881,1.14461483605582,-0.538072239448081,3.58038623341753,0,0,0.37302526256668,-0.079241367978475,0.389149854840105,0.174492459440476,16
11,4.0178624590652,0.248300411693978,-0.629419938302926,3.58038623341753,0,0,-0.0354903419635128,-0.17972228210795,-0.849033381032733,0.220168464770915,17
11,4.42214944924085,1.44726593270367,-0.597858748603899,3.58038623341753,0,0,0.468198795854058,0.150674106182702,-0.227049919272937,0.700349470535505,18
11,4.53885084846681,-0.127545810421949,-0.347735429597084,3.58038623341753,0,0,-0.209874615664975,-0.332326807617576,-0.303464022505654,0.0239683212756713,19
11,4.83477225364692,1.30435797115663,-1.65866196861914,4.70138549703854,0,0,0.46493933748628,-0.180126323073814,-0.178693853039206,-0.379433525463647,20
11,5.22238761536171,-0.0992834936987567,0.934324403567844,4.70138549703854,0,0,-0.219700837997592,-0.30089988397575,0.526975330459326,1.47936570409048,21
11,5.30157785055076,-0.935578081250818,1.51266302130421,4.70138549703854,0,0,0.00966299020986688,-0.860188076663862,0.700480014848209,1.41979034910343,22
11,5.70586484072641,1.55546979896066,-1.07968489615375,4.70138549703854,0,0,0.294774876990521,-0.0412280515641171,0.268893601864225,-0.208805323819542,23
11,5.85590949687407,2.24424982059088,-1.78228992849393,5.7759133629877,0,0,0.79541562532979,0.207707134690096,-0.508852221584105,-0.349467951529727,24
11,6.11015183090205,-0.387452383538659,0.319666265236319,5.7759133629877,0,0,-0.245691442677848,-0.441708862355218,0.355426579124595,0.932428725530474,25
11,6.46442393569515,0.477796329777107,0.0459699621375005,6.29770588084446,0,0,-0.0655713139950759,-0.301027084846026,0.491650513178251,0.404527051280283,26
11,6.62280440607324,-0.282995325748854,1.70993402085327,6.29770588084446,0,0,0.0226643441235938,-0.276780760207228,0.94176954465342,1.6037637792872,27
11,6.91455790413814,-0.079063098645662,0.754986350784685,6.29770588084446,0,0,0.0839895237100842,-0.411524834708406,0.516215538647608,1.0171720482004,28
11,7.23965465912474,1.53353777563662,-1.80159526673928,7.14017901426324,0,0,0.709575694153576,0.194550456884107,-0.924673349108019,-0.330026693944839,29
11,7.43137838642453,0.0519897382234176,-0.946518110515162,7.14017901426324,0,0,-0.0339570504213193,-0.179947759513128,-0.300216300476884,-0.103904661380225,30
11,7.70229234891337,1.02684424890236,-2.9231370819593,7.14017901426324,0,0,0.185326440547031,-0.124484858994933,-1.6438759236137,-1.02927284164423,31
11,7.80649002679369,1.07733291030775,-1.93093673112468,7.14017901426324,0,0,0.264547715476217,0.0593309907347979,-0.929278782381825,-0.477092703812914,32
11,8.07323608216731,-0.166980443339984,-0.186618093925517,7.14017901426324,0,0,-0.209059252230945,-0.439058196041446,-0.694144831639665,0.457067214770523,33
11,8.26079190235189,-0.66354907741911,0.825260616815857,7.14017901426324,0,0,-0.30497329838703,-0.490044698090572,0.38642435912723,1.05444797435293,34
11,8.64840726406669,1.22126764549903,-0.192382582074925,8.27127989990135,0,0,0.725379108600742,-0.0240182824571451,0.221544635926145,0.474390843041149,35
11,8.95683239059244,-0.654914249250856,0.586731574683209,8.27127989990135,0,0,-0.527393897171962,-0.473929781884309,1.09166780262424,1.21279178049308,36
11,9.18189937481393,0.221323454173804,-0.63093798464576,8.27127989990135,0,0,0.0295134377690986,-0.239123341142847,0.226649489547727,0.346781528261846,37
11,9.31110449538553,-0.487672444054,0.489632086106407,8.27127989990135,0,0,-0.112273936195258,-0.783823432510057,0.43427681871577,0.716001259315752,38
11,9.59035427210479,2.63931952795644,-2.31564166187294,9.52081063502253,0,0,0.995415064273203,0.482274042541142,-0.760759273093659,-1.12064628371704,39
11,9.82375707055671,0.633958755447399,2.19312550692852,9.52081063502253,0,0,0.176530491123332,-0.152632586498292,2.02785980252634,2.00553668967012,40
11,10.123846382852,0.253288408343484,0.0786359485704893,9.52081063502253,0,0,-0.116913252722378,-0.198447033839383,0.260308320471363,0.811746649498405,41
11,10.2530515034236,0.755536910300066,-0.191993999306924,9.52081063502253,0,0,0.136414909432483,-0.130597898190317,0.00153241532353379,0.272182285564123,42
11,10.7031854718666,0.414982000503367,-0.96118132873685,9.52081063502253,0,0,-0.27009954216158,-0.27797534074168,-0.208460159285865,0.158759919201093,43
11,10.9074129205121,-1.61617740608243,-0.241840579528764,9.52081063502253,0,0,-0.615971031996562,-0.753968976968511,-0.663794777452891,0.452646430907985,44
11,11.082465019351,1.59785333170337,-0.540777019541832,11.0716135032529,0,0,0.541328962796209,-0.203974257956628,-0.285348104347379,0.144603971464238,45
11,11.4033938672224,0.375852165359198,-0.0353405557604991,11.0716135032529,0,0,0.217468434402031,-0.270795184248143,0.541612284420997,0.278584998774797,46
11,11.6576362012504,-0.740685045134269,0.149027561295184,11.0716135032529,0,0,-0.627115281515901,-0.460568620964135,0.223267472625737,0.634816126335986,47
11,11.9869008633522,0.88552549436655,-1.14943510751987,11.9289899356466,0,0,0.0773372019007685,0.0119232697656991,-0.513764197075114,0.58212704687711,48
11,12.0535873771956,0.274359383008523,-1.32986824379748,11.9289899356466,0,0,-0.37106871300844,-0.214407290665177,-0.558403237727533,-0.221131637335786,49
11,12.4787139029473,-1.45400047712325,0.748153896121737,11.9289899356466,0,0,-0.488264668107805,-0.703665832875305,0.0427091438197986,0.781139596572061,50
11,12.5745757665972,0.274510927008002,0.351184731848353,11.9289899356466,0,0,0.191752383938673,-0.276791915434068,-0.0906670276502272,0.820527195013743,51
11,12.962191128312,1.93991990181246,-0.761002474879611,11.9289899356466,0,0,0.386460739399139,0.118748350667863,0.155240448748872,-0.161293872511973,52
11,13.1122357844597,3.4087864651195,-1.18718491484033,13.0060755072878,0,0,1.22952944795271,0.468381920756897,-0.652302313580293,-0.531680689762045,53
11,13.3373027686812,1.07543227264367,-0.469395515283774,13.0060755072878,0,0,0.267809267856664,0.0387291495391047,-0.106073841892463,0.613989187201895,54
11,13.687406966359,-0.076098580582009,0.678713723667165,13.0060755072878,0,0,-0.31852853196902,-0.352783669746273,0.49459764452747,1.15563265667777,55
11,13.9124739505805,1.43163068697467,-2.56674744767617,13.8957691341988,0,0,0.704677771621858,-0.0862503365660295,-1.46431677491157,-1.04548556903058,56
12,0,0.284789361587601,-1.4985128797323,-Inf,0,0,0.304403196148722,0.111127544704102,-0.495513532065269,-0.920926764709209,0
12,0.245906519797559,1.7236734131077,-2.18598085212243,0.240968680882361,0,0,1.60548226663328,0.415555829697626,-0.968895161176564,-1.36098935496108,1
12,0.316760940756177,0.687605086206207,-1.27325769405547,0.240968680882361,0,0,0.753455512819772,0.0135377562081634,-0.504928642909402,-0.823777863920475,2
12,0.666865138434058,3.60383697406321,-2.20181458917189,0.646726793142107,0,0,2.58814632821081,0.6883659653681,-0.802316615948087,-1.80002101424412,3
12,0.804406073236082,2.35520912283169,-1.31905045746875,0.646726793142107,0,0,1.73401112930515,0.427081782285802,-0.0609118480557054,-1.00599392412571,4
12,1.1670139922596,-0.264456137019676,0.390790747810732,0.646726793142107,0,0,1.3033987824318e-05,-0.163671165568122,0.641994982158686,0.10259421323152,5
12,1.37957725513546,0.705510729628757,-0.26916550107079,0.646726793142107,0,0,0.957917811454234,-0.136685646479848,-0.160644424349154,-0.414316742322385,6
12,1.69217028877642,-0.97639259383775,1.37883651691715,0.646726793142107,0,0,0.0923924086749248,-0.483876921693043,0.611454059978233,0.821260752617707,7
12,1.90890145876749,0.519597305917523,1.28767987342065,0.646726793142107,0,0,0.587090539630582,-0.103755844404687,0.745541203142727,0.317694753602712,8
12,2.11729681452813,0.0243286319840996,0.366356299057589,2.04427808720726,0,0,0.543506265782107,-0.17002491035624,0.425871544860932,-0.259419419765431,9
12,2.37570705567133,0.622547485628001,-1.00024698771053,2.04427808720726,0,0,0.758311088761555,-0.0331074484347982,0.0696385649603393,-0.9803603651823,10
12,2.58410241143197,-1.39944476963511,1.58272560058871,2.04427808720726,0,0,-0.0903026509912731,-0.305178456503373,1.38550132634619,0.850427901013006,11
12,2.7883298600774,-2.09916575092608,1.71462018107734,2.04427808720726,0,0,0.198141567109181,-0.716591426322906,1.28889218135154,0.501126540735627,12
12,3.13009824352486,-0.517102015843091,-0.145757590381362,2.04427808720726,0,0,0.334497990013957,-0.228560490115555,-0.0893890347159005,-0.711537452693723,13
12,3.36766894909199,2.88780495849915,0.0799571065959636,3.27854118905424,0,0,1.45744594589371,0.780474676455266,0.31839456584983,0.00803061536538641,14
12,3.63858291158083,1.98177449772153,-0.780286357581513,3.27854118905424,0,0,1.97269331444758,0.328197731924021,-0.187660264583165,-1.21984331663964,15
12,3.98035129502828,-0.78881906590946,0.488568306467683,3.27854118905424,0,0,0.292460623322569,-0.359813309584309,0.391242441919425,0.148651747908085,16
12,4.15957130098244,1.12291978860332,-0.423581504821975,4.0467801816457,0,0,1.53963890782248,0.236919637210202,-0.0209781299976484,-0.327665574593674,17
12,4.25126525751712,2.2272571693088,-1.08563869474827,4.0467801816457,0,0,1.13273054191222,0.503781516083157,-0.346433095302566,-0.973771003194428,18
12,4.68889550461447,1.48095836010997,-1.88017465446702,4.0467801816457,0,0,1.33638434767091,0.339446232339259,-0.511742474709128,-1.46251907223658,19
12,4.96814528133373,1.11855193583839,0.633022425127971,4.0467801816457,0,0,0.71939681470044,0.0448582959753374,0.803787416504777,0.352001893402926,20
12,5.05983923786841,1.39006050917565,0.162039518527144,4.0467801816457,0,0,1.08578438260082,0.199138721548894,-0.172908269174944,-0.0488329661056161,21
12,5.42244715689193,-0.899898618607105,1.16498292757568,5.39454578216223,0,0,0.256393117992571,-0.43809566373268,1.06820442345668,0.508279503369218,22
12,5.71836856207205,-0.0145257955745544,1.20802717081235,5.39454578216223,0,0,0.428845656055645,-0.273679308287535,0.745443434490769,0.483063006200727,23
12,5.78088716880024,0.84474729031878,0.0362427283625044,5.39454578216223,0,0,1.29186984173687,0.234455538620229,0.524302805410946,-0.290016306048947,24
12,6.19767788032152,1.74385248887601,-0.273007256975019,6.11595735574464,0,0,1.25138158890271,0.229384285457162,0.0476210127161102,-0.334100513324838,25
12,6.31021137243227,0.428764437900908,0.136081780129038,6.11595735574464,0,0,1.03369168412392,0.129912534382898,0.507853764843042,-0.396524725154256,26
12,6.74367371241441,0.369736861875979,-0.60414750372485,6.11595735574464,0,0,0.74140322736991,-0.220845888445206,0.384603430191463,-0.454264989391552,27
12,6.87704674010122,1.85271112579436,-1.66901522415067,6.11595735574464,0,0,0.98894345691794,0.117037746796842,-0.788282626903497,-1.12576282127412,28
12,7.2271509377791,0.895105110731369,-0.827221275633306,6.11595735574464,0,0,0.569552501565589,0.10571277925694,-0.448575351365599,-0.533541015004282,29
12,7.43971420065496,-0.203723302466721,-1.45999057882188,6.11595735574464,0,0,0.274239787257205,-0.092900800844595,-1.04285838993401,-0.944144906362775,30
12,7.6481095564156,0.524188750824681,0.785050069749665,6.11595735574464,0,0,0.699591618467708,0.0088882391256076,0.929348175756344,0.240269793453801,31
12,7.88984816909795,-0.169461921334832,-1.39757394114813,6.11595735574464,0,0,0.73120363431417,-0.0258316130583658,-1.02384421014673,-0.992850846070988,32
12,8.01071747543912,1.76157614655872,-2.37979624257474,7.985532763192,0,0,1.31840402722887,0.334432007024234,-0.739389217284776,-1.55712349915407,33
12,8.33581423042572,2.03858766402903,-0.200186611935095,7.985532763192,0,0,1.23726739212691,0.235994940371422,0.0152371162372883,-0.210363526051659,34
12,8.52753795772551,-0.180950239224982,0.213089457629423,8.49032118146738,0,0,0.507205584644745,-0.122762943491112,0.391678408894708,-0.516803325809135,35
12,8.88181006251861,1.03791123121652,-1.33117691741139,8.49032118146738,0,0,0.822834945058644,0.0439228385403816,-0.92280157750503,-0.985166093201769,36
12,9.24441798154213,0.44163398853861,-0.399101044950831,8.49032118146738,0,0,0.570176485705811,0.0436594240248905,-0.247215870477291,-0.686303094874243,37
12,9.38612682345936,0.886146780431801,-1.12081338158226,8.49032118146738,0,0,0.984854536056646,-0.0191765117806073,-0.307971264718822,-1.23183192116105,38
12,9.65287287883299,0.538346653436961,-1.75284671664899,8.49032118146738,0,0,0.597604035238312,0.246700276925243,-1.05957946011875,-1.2519280531315,39
12,9.8195891634415,1.97720360116788,-1.39005401461336,9.74728124349629,0,0,1.34344161675572,0.340149750870551,-0.486100966582001,-0.926283124991337,40
12,10.2280440607324,1.2939197310867,-1.08205322960393,9.74728124349629,0,0,1.40761054609887,0.0484735802925063,-0.898185724326589,-0.887579597861659,41
12,10.4489431378386,0.0739133812048348,-0.0770669360057794,9.74728124349629,0,0,0.919048370608903,0.100195706906456,-0.0768613690453705,-0.304804789390455,42
12,10.5489729086038,0.621259593998618,-0.821250509939379,10.5210041951442,0,0,0.805631939679796,-0.0023577153962982,-0.54061890681116,-0.526776033980929,43
12,10.7615361714796,1.33341033425669,0.124374907132018,10.5210041951442,0,0,1.00854750134816,0.155272039649335,0.330682179883847,-0.101690949865828,44
12,11.1908306043465,-0.0355098185468246,0.910979140368504,10.5210041951442,0,0,0.644530558837219,-0.147215506569443,0.205543523369225,0.370961056249258,45
12,11.4450729383745,0.470610579905376,-1.72112509478623,10.5210041951442,0,0,0.476763081531093,-0.00967165978673572,-0.436591644671261,-1.10882716980743,46
12,11.5826138731765,1.06669979883018,-2.04047820554555,10.5210041951442,0,0,0.63768295954775,-0.0190894365263859,-0.48316755147516,-1.37434351426562,47
12,11.982732956237,-0.854387495561149,-0.0836703891022803,10.5210041951442,0,0,0.418307182389886,-0.189102671509208,0.531043760752572,-0.595962235378121,48
12,12.0119083060435,-1.67687850334745,-0.427688439015024,10.5210041951442,0,0,-0.0319882973108953,-0.720611994420082,-0.25939031893803,-0.832431295524019,49
12,12.2953259898779,0.798367235626641,0.211925848841072,12.0197930033587,0,0,0.563169107463105,0.0783113553229106,-0.0781101501651032,-0.447075373514073,50
12,12.5328966954451,-1.08416711427086,0.962097304487082,12.0197930033587,0,0,-0.0834662892642232,-0.247087662117148,1.00176279441399,0.42251453928261,51
12,12.8746650788925,-0.983310320326978,-0.652438026931611,12.0197930033587,0,0,0.329775218751641,-0.109164257226838,-0.315835808579243,-0.776079777283366,52
12,13.2206013694552,0.151134879293312,-1.12165742899051,13.0990456439805,0,0,0.643443792420929,-0.0997649964007095,-0.493994306733662,-1.02169139010437,53
12,13.3581423042572,-0.396505103892595,-0.69592457092022,13.0990456439805,0,0,0.380490637075383,-0.350252522708923,-0.580451050489953,-0.468187829829316,54
12,13.6582316165525,-0.766362750023046,1.67468144112871,13.0990456439805,0,0,0.554168388958697,-0.283173273157995,1.71823294527902,0.396726944356153,55
12,13.7916046442394,1.96819485185697,-1.19032333571741,13.690630205581,0,0,1.42571178192239,0.294909304724702,-0.665944451050251,-0.652958284614659,56
13,0,-0.52275411034758,0.441021496086774,-Inf,0,0,-0.179252854738646,0.305394515334453,1.38219572323577,0.410053732325252,0
13,0.154212563262876,-0.167717365115321,-0.251093227820814,-Inf,0,0,0.209484194161537,0.0912406704345457,0.50117371067697,0.239632022949071,1
13,0.420958618636499,0.022443754134114,2.25135128632294,0.192394780134782,0,0,-0.026504552400074,0.394964930122318,1.88842322929469,1.60890252838503,2
13,0.646025602857993,0.830353035537043,0.681339243890228,0.637738160251711,0,0,0.476523114389069,0.699180704828433,1.29377327049481,1.11716627679658,3
13,0.904435844001191,2.73789996508075,-0.632689025879058,0.637738160251711,0,0,1.15703999692331,1.02713190393323,1.13343628476013,0.0581181112613753,4
13,1.09199166418577,1.55733586522787,-0.665827771293936,0.637738160251711,0,0,0.650435044035663,0.746296883545228,0.549863573352525,-0.0489410903000433,5
13,1.30872283417684,-1.22600919979256,0.970721152365316,0.637738160251711,0,0,-0.248680863737588,-0.00755111939533568,1.02376244855473,1.19160686788412,6
13,1.66299493896993,-0.301853549107076,0.248145250468533,0.637738160251711,0,0,0.215039785317841,0.209856146691949,1.00616172024061,0.356869075898779,7
13,1.99642750818696,1.12159137162012,0.414730414375956,0.637738160251711,0,0,0.499325402620396,0.74936176532695,1.42168596644897,0.840737177186296,8
13,2.24233402798452,0.612177768753658,-1.33080957151621,0.637738160251711,0,0,0.0502385914646181,0.402135054227679,0.22452464047451,-0.427442986319446,9
13,2.38821077701697,-0.961836890677056,1.10774126036178,0.637738160251711,0,0,-0.343101873053748,0.117679848865377,0.782381206979175,0.719219125662117,10
13,2.57993450431676,-1.82715603533859,0.4417623150056,0.637738160251711,0,0,-0.61496831705767,-0.10879664489902,1.15595915996793,0.681993499128587,11
13,2.81750520988389,-0.719477890301051,-0.377925093728609,2.58724026695933,0,0,0.23381984275586,0.0954258769364861,0.410317815681963,-0.0527142027675378,12
13,3.17177731467699,-0.292528702446803,0.0668747412569382,2.58724026695933,0,0,0.24496032234334,0.253195794097415,0.929393678373071,0.482500919300004,13
13,3.42185174158976,-1.07256488290029,0.327796618252115,2.58724026695933,0,0,-0.167669171716306,-0.0570272015922798,0.791589409993807,0.490635972488719,14
13,3.52604941947008,-0.891235301048952,-0.85403657255484,2.58724026695933,0,0,-0.144546761882374,0.00883082644320876,0.0746756034759235,-0.265919688483085,15
13,3.88032152426317,1.7340641490252,-0.713368914137507,3.65070971580616,0,0,1.0764244149703,0.859673629257175,0.87144464996405,-0.187603874384794,16
13,4.05537362310211,0.806148068801701,1.13328626440723,3.65070971580616,0,0,0.342745434949003,0.429555128018823,1.64809228373603,0.805354620213422,17
13,4.30544805001489,-1.64202143621759,1.38722210887498,3.65070971580616,0,0,-0.280603113721535,-0.0964958534260416,0.960348889038753,0.769777946970776,18
13,4.67222387615362,1.58802557493537,0.912052678487557,4.41586614888376,0,0,0.84039365892077,0.807706098358166,1.727615185313,0.86566129451849,19
13,4.78058946114915,-0.690647589765027,0.913541237803527,4.41586614888376,0,0,-0.253159363621841,0.12461042889198,1.67123843364636,0.64812205306101,20
13,5.06400714498363,0.00718790674242092,-0.518255575557179,4.41586614888376,0,0,0.178760394300721,0.30291016610551,0.290179070181367,0.419933947553007,21
13,5.48913367073534,-0.182094322526457,-0.0020637896115373,4.41586614888376,0,0,0.115028384868808,0.197141221126317,1.05008032339413,-0.0739127429341727,22
13,5.64751414111343,1.21026597031374,-0.334550234037389,4.41586614888376,0,0,0.887362112267883,0.548529039790224,0.525758121037037,-0.18596305169046,23
13,5.91426019648705,1.54689693694624,-1.45353865477633,5.76253919786809,0,0,0.997944323185046,0.763922225245005,0.112986146816361,-0.480740383023307,24
13,6.02262578148258,2.30661080441853,-1.16653080221472,5.76253919786809,0,0,1.09422650583279,0.977688147278052,0.115278969524134,-0.252700688495155,25
13,6.32271509377791,-1.72818930610673,1.34573581814971,5.76253919786809,0,0,-0.442448912382567,-0.263210864826477,1.60143762123344,1.26466915433028,26
13,6.56445370646026,-1.96210506976851,0.290038697223301,5.76253919786809,0,0,-0.901661663800555,-0.167735113778025,1.10513484113051,0.526594668789017,27
13,6.82286394760345,2.10303651824437,-1.65995407836703,5.76253919786809,0,0,0.94903718267045,0.752445493343501,-0.0036158308246633,-0.963866349641435,28
13,7.11044953855314,0.966557822508285,-1.13289766224963,6.85605104918448,0,0,0.334666709749259,0.536077079233508,0.478164880845479,-0.273145001773949,29
13,7.2604941947008,0.320505139149938,-1.81506828448696,6.85605104918448,0,0,0.377513295531835,0.547190478647432,0.267059646555196,-0.758238453876439,30
13,7.53557606430485,1.88118810444492,-0.143107254390476,7.42881741506191,0,0,0.838792020007036,0.670852107387138,0.951615552126202,0.418438761538146,31
13,7.99821375409348,1.3127014967435,-2.42022961487655,7.42881741506191,0,0,0.650307164895936,0.70738627946354,-0.30450680165898,-1.2708189835853,32
13,8.03989282524561,-0.082069758177476,-1.89086367969729,7.42881741506191,0,0,0.53234630251561,0.30106878550868,0.236587982370433,-0.698449116599704,33
13,8.41083655849955,-1.45494003044934,-0.543083345368259,7.42881741506191,0,0,-0.464785745918565,-0.108404333782365,0.555378433211738,-0.0249262657387415,34
13,8.53587377195594,-1.03707492862011,0.508623453386583,7.42881741506191,0,0,-0.402400808302846,0.0890471978074993,1.79478316295739,0.697232178121719,35
13,8.86513843405776,-0.165127650590463,0.166943236957887,7.42881741506191,0,0,0.424160483983177,0.321177605476576,1.02877997229257,0.0960540289131257,36
13,9.05686216135755,1.13224957662546,0.876113195618312,8.9238662061371,0,0,0.683756650885704,0.556619366742991,0.606904758785738,0.864151303276143,37
13,9.34027984519202,1.33852919284681,-2.05381748474147,9.30934449299955,0,0,0.786943208200666,0.950592520316809,-0.151528547536042,-0.946263550786041,38
13,9.61952962191128,0.13134161560238,1.45346335067816,9.30934449299955,0,0,-0.12065457781305,0.174102025585103,1.88903126554811,0.977366360813176,39
13,9.77791009228937,-0.970780708800073,0.153767759741044,9.30934449299955,0,0,-0.203633313069849,-0.232920252104025,1.07291201407111,0.319867192444029,40
13,10.1571896397737,2.51296446694216,-2.84349733422304,9.30934449299955,0,0,1.30934315022234,1.09859355975446,-0.291055702536225,-1.6756013724484,41
13,10.4197677880322,1.77253348405772,-0.467061618869923,9.30934449299955,0,0,0.761160025076874,0.739428290159265,0.741296712372119,0.0909637018264388,42
13,10.7198571003275,1.18522353735578,-0.0177844578298355,9.30934449299955,0,0,0.483420382050921,0.58203112636791,1.25247517224037,0.203063614084361,43
13,10.9824352485859,2.15642963340902,-1.17018476877347,10.758027267671,0,0,1.25162869917602,0.968538466246788,0.717943566853225,-0.818713028263092,44
13,11.1033045549271,0.686144290172635,-1.95893799672334,10.758027267671,0,0,0.305637729171098,0.496636827479077,0.161619723163705,-0.890794613004642,45
13,11.4950878237571,-0.767716052486032,0.0185207289001046,10.758027267671,0,0,-0.213303876578268,0.123281328558769,1.36327585563025,0.0391544958594828,46
13,11.5242631735636,-0.693126054927663,-0.111521344595264,10.758027267671,0,0,0.271883696987072,0.0761137217971729,0.725946067618276,0.313024487357749,47
13,11.8243524858589,0.621378158967781,-0.920664212915478,10.758027267671,0,0,0.556993087510512,0.33385429906121,1.14176577531212,-0.644433121623515,48
13,12.1702887764216,2.30849989535127,-1.34092493449094,10.758027267671,0,0,1.06091293370717,0.936689835259457,0.317151150686355,-0.566293430405566,49
13,12.2703185471867,4.77397680967128,-2.98061693662872,12.208242220505,0,0,2.03223942230161,1.52982357426107,-0.419650557199842,-1.94979882458846,50
13,12.7204525156297,0.945793042197587,0.788145689177495,12.208242220505,0,0,0.623742879496227,0.659886748000344,1.04612516287194,0.925172381292475,51
13,12.962191128312,-0.861716392109087,0.698196087107819,12.7596971200099,0,0,-0.372334445306371,0.0501609654248194,1.40507949333434,0.857034753653042,52
13,13.2414409050313,-0.560202589202206,0.0701040092256826,12.7596971200099,0,0,0.2152307414269,0.278160832461425,1.40852373923411,-0.129543149524482,53
13,13.4831795177136,0.538348523032959,-0.380729537877997,12.7596971200099,0,0,0.204164989860748,0.453457769815071,0.899045189171149,-0.210587664811165,54
13,13.5456981244418,0.81628551163639,0.786603193613964,12.7596971200099,0,0,0.419495470171651,0.550644301496258,0.962424727272821,0.794328750884196,55
13,13.8249479011611,2.73821020124091,-2.1392205264063,13.8222486662213,0,0,1.3415535900775,0.869396355953964,-0.448401169650547,-1.4483670666418,56
14,0,-1.07031390743702,1.92557688675746,-Inf,0,0,-1.18569642101072,-0.265212163824073,0.870962907670595,0.554689664949688,0
14,0.20422744864543,1.30661823844955,-0.619854910219177,0.195947811473161,0,0,-0.510170337855618,0.460715795956805,-1.0020056658199,-0.482012632840101,1
14,0.341768383447455,0.9094719546321,-1.45408536602548,0.195947811473161,0,0,-0.299492755927519,0.0534310514041858,-0.982439409284128,-1.01638171544875,2
14,0.646025602857993,-1.99135882461026,0.741983241075305,0.195947811473161,0,0,-1.54134698063459,-0.529699266032057,0.420983789872263,-0.0166702400593305,3
14,0.846085144388211,-0.98277256080812,0.99428110614776,0.195947811473161,0,0,-1.46429036081223,-0.18899659270242,0.771342146639874,0.287624681887425,4
14,1.20452515629652,2.28742789875612,-1.46135440206793,1.14090073588125,0,0,-0.161087470097977,0.705726711453067,-0.974385439272723,-1.26710934783192,5
14,1.31705864840726,2.0884425498997,-1.76710782949832,1.14090073588125,0,0,-0.0405916953735792,0.560860935059695,-0.943806772080722,-1.51130277684305,6
14,1.5546293539744,0.537257913204885,0.0743040837228407,1.14090073588125,0,0,-0.590381904970682,0.31805825631193,0.22729432710012,-0.409472415345347,7
14,1.85055075915451,-2.6784555280758,1.10095536823245,1.14090073588125,0,0,-2.166251780801,-0.580568886207146,0.306774540903039,0.512874018656418,8
14,2.23816612086931,2.47984702965059,-0.476719138316028,2.17862098971024,0,0,0.399693505757983,0.565700959554026,-0.773225216951124,-0.843383060204659,9
14,2.3673712414409,1.77408906956788,0.679162132186609,2.17862098971024,0,0,-0.0646319316218678,0.50647782855966,0.238144336067241,0.151340846563149,10
14,2.5590949687407,-0.446618719124099,1.47148584955286,2.17862098971024,0,0,-1.34035423080208,-0.135208611593498,0.944654608807619,0.478888863397517,11
14,2.88002381661209,0.0244143828491654,-0.595241341397505,2.17862098971024,0,0,-0.856560023208103,0.00369499237806021,-0.71849056915718,-0.720442672474917,12
14,3.21762429294433,0.846793725898619,0.0815280562216505,2.17862098971024,0,0,-0.77194179654563,0.191053473566014,-0.174682016706391,-0.383451428441558,13
14,3.33432569217029,0.734568621250398,-0.843721454354933,2.17862098971024,0,0,-0.581646435012732,0.121054997722854,0.332727455725922,-0.842320816167598,14
14,3.61774337600476,2.71322280909204,-2.25397922416172,3.54769861734866,0,0,0.252087488344709,0.681889879910657,-1.39202938252247,-1.50657068128774,15
14,3.9845192021435,-0.40012392743844,-1.70110303609891,3.54769861734866,0,0,-1.10283144560926,-0.0971536898195039,-0.671388522424964,-1.01904095505897,16
14,4.1470675796368,1.0069012618424,-1.09213615964628,4.10186625401704,0,0,-0.274941160055894,0.308182956926778,-0.704045934484557,-0.552610182037699,17
14,4.28044060732361,0.280512673124027,-0.143549706580169,4.10186625401704,0,0,-0.63142067232997,0.109368844777703,0.221391163330762,-0.656353213205347,18
14,4.62220899077106,0.919942646297684,0.126514231953072,4.10186625401704,0,0,-0.0542589747559776,0.241456779783017,-0.452238407082977,-0.0992939826126152,19
14,4.85561178922298,1.34321639530229,-2.63915800149619,4.10186625401704,0,0,0.0714805844633274,0.411915826700943,-1.23746878841137,-1.71409615618393,20
14,5.05150342363799,-0.427021276060283,-0.36208696553884,4.10186625401704,0,0,-0.943219221738112,0.0139988310354561,-0.272208108560343,-0.459575514436064,21
14,5.41411134266151,0.503217731420714,0.0325681668172942,4.10186625401704,0,0,-0.443393331516127,0.115902398541891,-0.599082003044841,-0.385781296517953,22
14,5.51414111342662,0.263013148717388,0.356643109404811,4.10186625401704,0,0,-0.871529392104004,0.081096319094895,-0.126314931823562,-0.135600976864325,23
14,5.88091693956535,2.69781759391496,-0.094241521848883,5.7908831669161,0,0,0.314471760947755,0.512543396984527,0.453806859987909,-0.297640402202129,24
14,6.00595415302173,1.08259718909719,-1.5918575366017,5.7908831669161,0,0,-0.354227853087351,0.387821693518541,-0.5925383856388,-1.32763369798275,25
14,6.26019648704972,-0.97737733745259,0.36269582229908,5.7908831669161,0,0,-1.46990698435464,-0.262972624158311,0.149046354010226,-0.492742642769757,26
14,6.51860672819291,-0.146668315828272,0.900928271912933,5.7908831669161,0,0,-0.86207349182344,-0.100284984877494,0.0990687964391797,0.426397147134192,27
14,6.85620720452516,1.17850718865652,0.678491826029106,6.79857847337933,0,0,-0.457954959767031,0.310011451711803,0.208516943659859,-0.201881401180542,28
14,7.21464721643346,1.35959813912299,-0.580869503391791,6.79857847337933,0,0,0.149415170452888,0.322298318208646,-0.416635378741468,-0.49991839629183,29
14,7.33551652277464,0.413671284095784,0.766916583489372,6.79857847337933,0,0,-1.15601023270723,0.139169231817905,0.722249721694443,0.286551133032632,30
14,7.73980351295028,-0.300451563002237,0.312246058354027,6.79857847337933,0,0,-0.987415941653651,0.0827401884393016,-0.175585382329052,-0.1103103668905,31
14,7.87734444775231,3.04059377635502,-2.0842597726222,7.83483113433378,0,0,0.120844032406233,0.761494210336386,-0.879017699316129,-1.70547641821465,32
14,8.12741887466508,1.86831451648704,-0.546480372770449,7.83483113433378,0,0,-0.122409345560574,0.365279186191531,-0.0303280015753716,-0.714471595468775,33
14,8.49419470080381,4.02234752169035,-0.920300649532334,8.33991298208443,0,0,0.74428490622119,1.09045709551231,-0.279237315423146,-0.5862510661121,34
14,8.73176540637094,1.97123079163548,-1.62884394264735,8.33991298208443,0,0,-0.333839660894546,0.607993107260012,-0.739514957293899,-1.27440102606462,35
14,8.83179517713605,1.70714307404239,-1.20791030237038,8.33991298208443,0,0,-0.428249802889404,0.397107799105864,-0.807206258667719,-0.784254584361466,36
14,9.18606728192915,-0.110391392814785,-0.651979908838395,8.33991298208443,0,0,-0.766773297597026,0.0575790054016615,-0.563810918172133,-0.773327350652196,37
14,9.42780589461149,1.81921975123171,-1.68684012187525,8.33991298208443,0,0,-0.0916959902383145,0.350010552952643,-1.00332565765147,-1.46820827267841,38
14,9.55284310806788,-0.17933876826794,-0.0485919916277211,8.33991298208443,0,0,-0.994242322562612,-0.0814983034965989,-0.381411604519095,-0.19036201494755,39
14,9.78207799940459,0.262003248215354,0.973411510179922,8.33991298208443,0,0,-0.663232916527995,0.225397837071412,0.0563219239468022,0.401202575543309,40
14,10.0821673116999,0.983774427323928,0.439685748562619,9.97408213206352,0,0,-0.532649443187707,0.243923270402181,0.248525324215518,-0.0783572090616128,41
14,10.2863947603453,0.202829315655188,-0.162592884108417,9.97408213206352,0,0,-0.54913547236046,0.234525179582408,-0.414560672887502,-0.703118097703925,42
14,10.5281333730277,-0.808653952083073,2.608392857153,9.97408213206352,0,0,-1.30222499480073,-0.380046214054015,0.558622001335031,1.60434596361398,43
14,10.8448943137839,0.338784546301879,-0.578247477588279,9.97408213206352,0,0,-0.832288836995988,-0.03629577606092,-0.319241427010766,-0.678459535326659,44
14,11.2241738612682,0.816897045951914,-1.59644680559461,10.9567067747058,0,0,-0.745099846224379,0.0489810030618816,-0.308082575204184,-1.22125624123801,45
14,11.3867222387615,0.265238579578821,-1.77372897987084,10.9567067747058,0,0,-0.962244801332588,0.0608889175852256,-1.29027310214199,-1.52247407897144,46
14,11.6743078297112,0.375489577448965,-1.21024459334754,10.9567067747058,0,0,-0.804615494900037,0.193155982525714,-1.23951314929232,-1.18760304377092,47
14,11.8410241143197,0.90168450932358,-0.486008995496208,10.9567067747058,0,0,-0.381162603422866,0.231985959423769,-0.420376915191809,-0.733466379780231,48
14,12.2077999404585,-0.37214768931228,-0.845072281584174,11.9299497538748,0,0,-0.86791595359186,-0.227128665155122,-0.687408412307735,-0.627299136203271,49
14,12.3036618041084,0.579624150418262,0.786894695897675,11.9299497538748,0,0,-0.63470434988924,0.223278885389248,0.489350988813133,-0.163705824200812,50
14,12.6787734444775,2.02118139837084,-1.9755686257521,11.9299497538748,0,0,0.113747594813935,0.596490588351645,-1.02693369519994,-1.58801429123199,51
14,12.9163441500447,0.0435975064590302,-0.0132282349512191,11.9299497538748,0,0,-0.558793399214165,0.084025055373092,-0.186654163929041,-0.146278581734987,52
14,13.0663888061923,-2.02653320511011,0.766886919464516,11.9299497538748,0,0,-1.82470453746434,-0.552484237198325,0.528150716135829,-0.0686239239534388,53
14,13.470675796368,1.1323389481523,-1.19492374682067,13.2970193893201,0,0,-0.516673872995834,0.3387369815589,-0.728566275054635,-1.03900560188981,54
14,13.5582018457874,0.694803292487739,-0.616571821913191,13.2970193893201,0,0,-0.754409579337842,0.250888166016426,-0.769706380607324,-0.901732306849522,55
14,13.8707948794284,0.247237290080813,0.14779739983915,13.5772598980111,0,0,-0.543124273037739,-0.0238311482339651,0.114572175041388,-0.44414579485213,56
15,0,-1.47083411783876,0.733608777064169,-Inf,0,0,-0.920261883113453,0.417706466682498,-0.147188772487482,0.764889864200461,0
15,0.129205120571599,1.59493034776795,-0.609624458457764,0.0835649828310125,0,0,0.681731378412345,1.31070762543054,-0.0516223685076236,0.269378240911348,1
15,0.433462339982138,0.164538165938076,0.810909903979376,0.0835649828310125,0,0,-0.780952030007299,0.841730125763214,0.610521490193448,0.946773283806962,2
15,0.733551652277464,0.177544440024717,1.62669459870382,0.0835649828310125,0,0,-0.569643397384787,0.84299189043074,1.03990437041413,1.36404528196157,3
15,0.829413515927359,0.722054346877957,1.30566849988187,0.780038640460071,0,0,0.210643847743617,0.854535374837455,0.639137492347789,1.36340839774651,4
15,1.02113724322715,2.23429487158588,-0.248264884408057,0.780038640460071,0,0,0.652852458074404,1.38883811022107,0.330078062862274,0.00138014486400834,5
15,1.45043167609408,-1.24971497534091,1.24935316685375,0.780038640460071,0,0,-0.995117742577394,0.611828565904928,0.540465120350747,1.17961308168092,6
15,1.6213158678178,-0.543998815549853,0.793144229297422,0.780038640460071,0,0,-0.4402031793956,0.552155750812129,0.456311640587322,0.731145139506971,7
15,1.89639773742185,0.10775210813572,-0.0294063923017758,0.780038640460071,0,0,-0.234929739771258,0.685234166358963,-0.54037987288246,0.240278649038553,8
15,2.22566239952367,-0.36480498004119,1.14676682376136,0.780038640460071,0,0,-0.271846367862335,0.753184139125737,0.528499962082483,0.849417906669264,9
15,2.47573682643644,1.33274716385376,-1.05940445208421,2.25711913795318,0,0,0.445771175822406,1.0155886303932,0.075687540723064,-0.487740219292338,10
15,2.69246799642751,0.516437852574165,-0.509896108050102,2.25711913795318,0,0,-0.395082247743714,0.815363329426156,-0.340988609492545,0.314719439451144,11
15,2.95504614468592,0.224366791034643,-1.94060402733098,2.25711913795318,0,0,-0.239528910327041,0.997752498422408,-0.662356536775963,-0.819731633441444,12
15,3.23846382852039,-0.814203416045344,-0.459969449824894,2.25711913795318,0,0,-0.519279529311858,0.657365970341894,-0.596677840639233,0.0883218106206325,13
15,3.48020244120274,0.561689244263272,-1.72512433169223,2.25711913795318,0,0,-0.306428928896167,0.853676777312326,-1.02365246462617,-0.48534407696158,14
15,3.7261089610003,1.33643325684599,-3.20304448302628,3.49235581817965,0,0,0.192675378245743,1.02762334873115,-1.94152591032097,-1.39747738762937,15
15,3.85114617445668,1.26094466463112,-1.07037040052535,3.49235581817965,0,0,0.616976392504514,0.930867369354417,-0.421063165627376,0.115644961571057,16
15,4.08871688002382,0.975758440140569,-1.78953410745249,3.91959635065152,0,0,0.042248070388955,1.02739789244701,-0.72223594559355,-0.853733340137648,17
15,4.30128014289967,0.685188888076749,-1.23250700992589,3.91959635065152,0,0,-0.0740563978715078,0.926567267448367,-0.844958814877669,-0.215998911593746,18
15,4.6347127121167,-0.224750214469903,-0.358992317304232,3.91959635065152,0,0,-0.35256075056403,0.774391556582326,-0.145705534036763,0.183375087373781,19
15,4.84310806787734,0.111320075935479,0.426978311330986,3.91959635065152,0,0,-0.17688861823286,0.763849966132553,0.284739748529302,0.643128894532916,20
15,5.18070854420959,1.9201802061415,-1.07525631643014,4.96322067416309,0,0,0.343637364047074,1.18562614384215,-0.504066432662669,-0.44919231525812,21
15,5.30991366478119,1.44238395536841,-1.37477071110666,4.96322067416309,0,0,0.526273891580305,1.16236467479297,-1.00171914282186,-0.626989396173458,22
15,5.6058350699613,1.49525574269216,-1.92762517714796,4.96322067416309,0,0,0.189868572476653,1.17919215367546,-0.107408647811933,-0.770758056722944,23
15,5.85590949687407,1.26133308551489,-0.57382776143035,4.96322067416309,0,0,0.109642016903279,1.17223614944229,-0.280201081544522,0.213726875712318,24
15,6.03929740994344,1.85246019884955,-2.48893016855308,4.96322067416309,0,0,0.270279261666985,1.57986947120148,-1.30665761919245,-0.980557154255223,25
15,6.37689788627568,0.148522780764835,-1.1033191410099,4.96322067416309,0,0,-0.302051913168806,0.850632722970244,-0.545932695374839,-0.0638151076279691,26
15,6.5477820779994,0.388609640439044,0.846966351308624,4.96322067416309,0,0,-0.23425916101368,0.808700106266667,0.644303548380928,0.873144616368834,27
15,6.77701696933611,0.153300026603176,-0.0581167717402153,4.96322067416309,0,0,-0.32337425404565,0.778847390443917,0.579047194327231,0.14208886134706,28
15,7.03542721047931,2.7112831457899,-2.08664887247812,6.78262524526889,0,0,0.686154035639604,1.42813430849457,-1.18659438219657,-0.962970612506628,29
15,7.49806490026794,-0.163791289355836,0.259542531023957,6.78262524526889,0,0,-0.296396872994398,0.675269045539233,0.122060502784796,0.600052213885204,30
15,7.63560583506996,-0.251101384501374,-2.00873618974662,6.78262524526889,0,0,-0.219025638378269,0.893895211031236,-0.708127807241195,-0.830191687633085,31
15,7.92735933313486,2.55590690807111,-1.25755547406868,7.80931210889159,0,0,0.844861344052952,1.36616454277769,-0.277285406492858,-0.360742803499471,32
15,8.20244120273891,0.620351519606419,-1.58931474983675,7.80931210889159,0,0,0.119577964841247,0.88275294359305,-0.523139244721323,-0.626251266678293,33
15,8.34415004465615,0.0484043455143313,-2.23159415350842,7.80931210889159,0,0,-0.137139904517218,0.786028050129501,-0.774958506936914,-1.34435306896426,34
15,8.61089610002977,-1.81878034612421,2.54969024928699,7.80931210889159,0,0,-0.951422250344834,0.39224300984973,0.9772238979436,2.01276567294848,35
15,8.85680261982733,-1.30375702623488,1.71059814328218,7.80931210889159,0,0,-0.761671008286522,0.35181181110236,0.965477084741164,1.06640126144136,36
15,9.11521286097053,1.50367751249009,0.635321818219926,8.90560620681813,0,0,0.673468557033315,1.30999708203764,0.78156425060842,0.520902511843504,37
15,9.49866031557011,0.47701086772083,2.4906758451046,8.90560620681813,0,0,-0.192714788925397,0.901930411772713,1.81242160187713,1.38413528328201,38
15,9.59869008633522,0.389233650023928,0.916976647792603,8.90560620681813,0,0,0.128396257509036,0.762378709083171,0.33694314469183,0.879278317704995,39
15,9.94045846978267,-0.194921034987426,0.704814856151144,8.90560620681813,0,0,-0.434546252775505,0.859463975003357,0.216011319084115,0.893915580629633,40
15,10.2322119678476,0.556344202506254,-0.746521630116618,9.99239386008837,0,0,0.0705478912584008,1.07364134395332,-0.493356872373678,-0.203564886015421,41
15,10.4281036022626,-0.584561238366857,0.711702224947995,9.99239386008837,0,0,-0.953587357612992,0.565937185678037,0.0517454718818546,0.827155008822462,42
15,10.5573087228342,0.630783079542877,1.79542183060011,9.99239386008837,0,0,0.186248049824887,0.895095380971996,1.30634952595091,1.33740109448978,43
15,10.8532301280143,1.08478014057523,-0.250143874275759,10.5980725390657,0,0,0.0675325024073217,1.07672456524764,-0.378206983510852,0.142211925853242,44
15,11.024114319738,0.0188045567774903,-1.02297430816837,10.5980725390657,0,0,-0.389220090358591,0.681329196013621,-0.290729440490589,-0.433618896764098,45
15,11.4242334027985,2.02859278123056,-2.05896089187125,10.5980725390657,0,0,0.56509261673293,1.37035899326363,-1.00884893224006,-1.10702746289248,46
15,11.590949687407,1.27368539983145,-1.52853325865553,11.5427685346723,0,0,0.579378061449066,1.14338372889415,-0.584833845405819,-0.635730031136516,47
15,11.9493896993153,-1.18489496351965,2.24970979224891,11.5427685346723,0,0,-0.638640481032041,0.558794678814063,1.11038188433237,1.4847183693069,48
15,12.061923191426,-1.10148463897755,1.77779978016714,11.5427685346723,0,0,-0.921221795787761,0.534148994886894,1.01228364810567,1.30416918270237,49
15,12.3119976183388,-1.06011409214323,0.969245665360718,11.5427685346723,0,0,-0.749724924038775,0.566073031088456,0.423803633250276,0.905767272019061,50
15,12.5787436737124,-0.211438407102456,3.22016122503801,11.5427685346723,0,0,-0.180959691644143,0.748043949030997,1.7563524256684,2.17900220514247,51
15,12.883000893123,-0.356987938654459,0.604067086024736,11.5427685346723,0,0,-0.265432459854155,0.672626906315314,-0.014063324388865,0.857832363460448,52
15,13.1789222983031,-0.0997891230131681,-1.23030246383247,11.5427685346723,0,0,-0.418065512336366,1.01197803921818,-0.943347293319985,-0.305560300518559,53
15,13.4456683536767,1.11691019565727,0.701083940209475,13.3478033537063,0,0,0.0930169596353122,0.989730540592007,0.408346670631016,0.911750403010479,54
15,13.6040488240548,0.973989605656719,-0.807896379775492,13.5928018248756,0,0,0.629866993615455,0.884645605549792,-0.278539112069616,-0.0470684377969057,55
15,13.7540934802024,0.390840500309955,-0.575508366646793,13.5928018248756,0,0,-0.283025842746536,0.908546548254922,-0.671193898447715,-0.0151286407464671,56
16,0,0.765649678365407,-1.09878261238636,-Inf,0,0,0.269834354230789,0.0564481021873654,-1.48611528409511,-0.750107145053268,0
16,0.0333432569217029,-0.14116133477075,-1.5246782701611,-Inf,0,0,-0.471222534557533,0.0176687020989391,-0.752903322188081,-0.988278609318289,1
16,0.308425126525752,-1.48148762012601,1.15061186648941,-Inf,0,0,-0.922333750945674,-0.521172307116341,0.313183041379547,0.599646768926302,2
16,0.646025602857993,1.49015983615915,-0.265261755544464,0.312678216677159,0,0,0.168391771743868,0.0759534370513041,-0.35087626052389,-0.290109164593762,3
16,0.825245608812146,0.00150717921893534,0.584077829079848,0.312678216677159,0,0,-0.665196996640127,-0.101055633480227,0.12437727685751,0.391110721058656,4
16,1.1003274784162,-0.902676725141608,1.4564235042668,0.312678216677159,0,0,-0.991753889132424,-0.32931745911398,0.335466323718367,0.648611252954681,5
16,1.30455492706163,2.39236265898892,-1.81695751459426,1.27988052628755,0,0,0.511775782309642,0.52954739129114,-0.844536911592202,-1.21137640831035,6
16,1.62965168204823,-0.0613284805066365,-0.373917630183216,1.27988052628755,0,0,0.0124864783425239,-0.389346197702453,-0.310899324168666,-0.186629908858886,7
16,1.92140518011313,-0.130648121523925,0.98209402677181,1.27988052628755,0,0,-0.796645804117134,-0.074229151902165,0.254774083060682,0.656900478285645,8
16,2.23399821375409,0.489398165126486,1.12187630768641,1.27988052628755,0,0,-0.188488738710998,0.12028195483543,0.333168612410473,0.732007446067622,9
16,2.37987496278654,2.81308317997861,-1.53844105216951,2.29353742345344,0,0,0.940477633707505,0.637201129376577,-1.30786664716981,-1.06175477271858,10
16,2.56326287585591,1.50037890548251,-2.39626569605132,2.29353742345344,0,0,0.340762535022914,0.124554494278045,-1.71145234299053,-1.26358175828387,11
16,2.86752009526645,-0.0138495081953732,0.57918796916572,2.29353742345344,0,0,-0.254092995054685,-0.00182949301479959,-0.21920212849915,0.266811416957731,12
16,3.06341172968145,0.568923464687082,-1.38324394816924,2.29353742345344,0,0,-0.317307369481229,0.0557103565446539,-1.32987772018423,-0.920494847233882,13
16,3.28014289967252,0.354026176702691,-1.03649170613945,2.29353742345344,0,0,-0.286168418698632,-0.157133949962824,-0.257330575535949,-0.670501438387025,14
16,3.55105686216136,0.592940313765225,-1.71438553063503,3.3124804631986,0,0,-0.366790221253831,-0.0906059428025675,-1.11374352679487,-1.14292401073195,15
16,3.98868710925871,-0.282736062683459,0.181534179788538,3.3124804631986,0,0,-0.311150115108483,-0.421865344962271,0.0209140358485844,0.425842517932159,16
16,4.15123548675201,-0.877859434498053,-0.0665356350038702,3.3124804631986,0,0,-1.1454747130824,-0.403356524082627,-1.06520343407104,-0.25707038622181,17
16,4.3429592140518,2.61129010807245,-1.35643727554267,4.28656747403304,0,0,0.601625475961798,0.276860451730783,-1.50421423955394,-0.785772662313218,18
16,4.50967549866032,1.73967984074705,0.107516963616873,4.28656747403304,0,0,0.525448219909354,0.251790212660369,-0.53969555602833,0.196572724415503,19
16,4.90979458172075,-0.0942933590349976,-1.11106386655614,4.28656747403304,0,0,-0.260146448083507,-0.309431040212065,-1.1615638873205,-0.826898361809589,20
16,5.14736528728788,2.75225972790008,-1.72041597215863,4.98609725014808,0,0,0.975761192134993,0.474991335477265,-1.53057384263087,-1.06901995978094,21
16,5.37243227150938,0.789650669761989,-0.638016114882889,4.98609725014808,0,0,-0.214943803828162,-0.0655441433839498,-0.766847969569338,-0.49504126042369,22
16,5.56415599880917,0.489417006645757,-0.0134519528156974,4.98609725014808,0,0,-0.0574787174632557,-0.126561100712851,-0.562234860841646,0.153206923220174,23
16,5.78088716880024,0.43832942586028,0.144972068303421,4.98609725014808,0,0,-0.341466528801504,-0.0309322669517444,-0.252945071044277,0.136941991166333,24
16,6.10181601667163,-0.478693342331718,-0.191207094496511,4.98609725014808,0,0,-0.604834063582913,-0.142361133482396,-0.870783487753545,-0.0147223864631377,25
16,6.44358440011908,-0.681568361170412,-0.159597694724074,4.98609725014808,0,0,-0.330565069678097,-0.410134003639439,-0.910971531613639,-0.134728873731534,26
16,6.55611789222983,2.14732259536286,-2.15208066819208,6.54217233777834,0,0,0.540121391262233,0.348887498564394,-1.38926319855722,-1.32310924074994,27
16,6.91038999702292,0.575162496383579,0.90893274333567,6.54217233777834,0,0,-0.329079203348166,-0.00275941505266942,-0.210142647176075,0.431355234135048,28
16,7.12712116701399,-0.206224889560457,-0.217473428919235,6.54217233777834,0,0,-0.499949028456958,-0.131026357730581,-1.05702146685124,0.0349342027851574,29
16,7.25632628758559,1.78664961384771,0.528961420125829,7.14779642290579,0,0,0.362838111076906,0.313825643212994,-0.15240524963681,0.314108510570706,30
16,7.65227746353081,-0.720637286154954,0.298678017042452,7.14779642290579,0,0,-0.614569077480185,-0.486988371762327,0.086123106276963,-0.125520300659729,31
16,7.96070259005656,0.731388908231931,-0.0995543413607155,7.14779642290579,0,0,0.27382957613679,-0.0672816511606319,-0.859154400847077,0.220799367372933,32
16,8.1024114319738,-0.0815327676921409,-0.353225807007764,7.14779642290579,0,0,-0.561596869209116,-0.193972452754047,-0.95041098584923,-0.307996965840388,33
16,8.47335516522775,2.24335755359586,-1.36081656318617,7.14779642290579,0,0,0.460282752389105,0.604923265953627,-1.20800474406253,-1.02619621690559,34
16,8.54420958618637,2.20135841011267,-1.54367719793097,7.14779642290579,0,0,0.411157655779069,0.359627542899295,-1.35726663951091,-0.82340436753009,35
16,8.79428401309914,0.665070126780662,-1.96592507866074,7.14779642290579,0,0,0.128434201340968,-0.0157554715733184,-1.42165597023973,-1.59431001323504,36
16,9.09437332539446,-0.580285065850423,-1.37096810685338,8.85126116970518,0,0,-0.275254837714614,-0.335319566146083,-0.946942418186643,-1.12109479972658,37
16,9.38612682345936,0.191410563795378,-0.0627062393367084,8.85126116970518,0,0,-0.39820783278286,-0.161052743848311,0.0604547426960684,-0.127042152604814,38
16,9.59035427210479,2.79052915133377,-2.01546440004193,9.44971248058853,0,0,0.400470076855145,0.44087423339912,-1.11156723603262,-1.06214896719101,39
16,9.90294730574576,0.938191625697323,-1.32585805570237,9.44971248058853,0,0,-0.0939478582698169,0.0486618827586095,-0.667847138338229,-1.31055387825258,40
16,10.0071449836261,-1.16594649009043,-0.479634978865429,9.44971248058853,0,0,-0.81557485598764,-0.364627878463249,-0.294758886773616,-0.510506881106322,41
16,10.3405775528431,0.0275341438839729,0.570339539066423,9.44971248058853,0,0,-0.543547301662489,-0.149789136657494,-0.164629879399346,0.0775017106623123,42
16,10.7156891932123,-0.938233199805,-0.392850841450581,10.4149862305781,0,0,-1.05477050977524,-0.485703074992133,-0.511277328339132,-0.544561194442911,43
16,10.8365584995534,1.54083916303343,-0.209997387531579,10.4149862305781,0,0,-0.0161639585342862,0.334602449181511,-0.419771954833179,-0.409154251252274,44
16,11.0991366478119,0.739025958465154,-1.5736938332542,10.4149862305781,0,0,0.0339021283755035,-0.0136237675273421,-0.877905783326948,-1.23235679778406,45
16,11.4325692170289,1.30939211318475,-0.556466695143766,11.4064976965812,0,0,0.130297698230079,0.0199238655638599,-0.419192826643421,-0.212529321047006,46
16,11.6784757368264,1.5180396759905,-0.71145613195586,11.4064976965812,0,0,0.226373513575013,0.22055067636802,-0.763036396664037,-0.278844411598167,47
16,11.8952069068175,0.0110794302320486,-1.04422819912005,11.4064976965812,0,0,-0.527683999531227,-0.243577146190185,-0.680187652157384,-0.75091843405386,48
16,12.2161357546889,2.84161347494472,-2.66227419907834,11.4064976965812,0,0,0.405504952143226,0.560481251894005,-1.94498989303432,-1.60646541510464,49
16,12.4578743673712,1.84877125050031,-1.55725936455831,11.4064976965812,0,0,0.291627121324638,0.105147944230848,-1.82818353487016,-1.1316081582472,50
16,12.6454301875558,1.0916994538437,0.672417464410302,12.503418038764,0,0,-0.00221835013246711,-0.0865552724252316,0.242807568385945,0.188534430002029,51
16,12.82465019351,1.90274710067257,0.44648273251404,12.503418038764,0,0,0.405462611245578,0.289812616260312,-0.105828023423288,0.295639327948395,52
16,13.237272997916,-0.272098496568705,0.971689683140622,12.503418038764,0,0,-0.46732245531809,-0.202277544917532,0.0402555806161883,0.521004627508597,53
16,13.3122953259899,0.339418801349124,0.13613102969778,12.503418038764,0,0,-0.111344191421765,-0.0820265511378276,-0.380094644246306,0.0929889003465984,54
16,13.6040488240548,-1.7552347009871,0.785396575830402,12.503418038764,0,0,-1.09902079085186,-0.296239519914793,-0.202032377248346,0.325316569860209,55
16,13.7957725513546,1.03225552616803,-0.14104652056317,12.503418038764,0,0,-0.338068560946079,0.0607415281610427,0.0706575858198157,-0.313313712591065,56
17,0,-0.84153705272801,-0.0630164212032022,-Inf,0,0,-0.325360404783767,-0.706540374194695,0.553038725935624,0.200976320689827,0
17,0.162548377493302,1.66256404360556,-0.00695485899149068,0.114462678681593,0,0,0.74581098905822,-0.120507207880952,0.445647162011659,0.386485829119805,1
17,0.454301875558202,0.877939340829638,0.982361981959698,0.114462678681593,0,0,0.225283817819538,-0.305644609710203,1.28483169091773,0.910578230859723,2
17,0.708544209586186,-0.0487865250360886,-0.394285678579774,0.114462678681593,0,0,-0.456458614634082,-0.518344941552076,0.563099742124331,-0.138958912749191,3
17,0.987793986305448,-1.36527925402666,1.2073668594872,0.114462678681593,0,0,-0.524970180632741,-0.905028514518552,1.82055812128537,0.917720486991981,4
17,1.05864840726407,-1.45326197153257,2.05305279010272,0.114462678681593,0,0,-1.18699515203507,-0.893532273466923,1.41016059632614,1.61143089971092,5
17,1.42959214051801,0.871755388072292,0.605346200945624,1.41199240798417,0,0,0.452721391583578,-0.333673475126497,0.807705773303363,0.774636904310245,6
17,1.5546293539744,1.25507723704294,2.35362436004501,1.41199240798417,0,0,0.206087431311295,-0.272531348065165,1.68080201930122,1.97971943061248,7
17,1.92557308722834,-0.129364305217082,0.744472332496778,1.41199240798417,0,0,-0.336556950444237,-0.45509112399012,0.869560060655863,0.711768265691193,8
17,2.22149449240846,-0.164002592363564,-0.410480523490198,1.41199240798417,0,0,-0.457250268145769,-0.415676018613033,-0.637778187456778,0.215495377493728,9
17,2.4965763620125,1.17152320593771,-1.36963830350261,2.26965444157473,0,0,0.647523982257044,-0.211521676704046,-0.0878042509739004,-0.579492220568093,10
17,2.62161357546889,0.751278525861548,-0.117166162011221,2.26965444157473,0,0,0.138599459019965,-0.221220251635606,0.501194829526303,0.363465353892056,11
17,2.92170288776422,0.654915739849182,1.09653919164803,2.26965444157473,0,0,-0.112513914877849,-0.290344923439411,1.17960511508969,0.833125015717168,12
17,3.19261685025305,0.513109921519461,1.45281207593131,2.26965444157473,0,0,-0.0416450387052533,-0.385806527358897,1.1513607787566,1.41597802592429,13
17,3.30098243524859,0.898997941249638,-0.838796482313469,3.29756203782207,0,0,0.242402690269403,-0.225957885516756,-0.550544090252001,-0.561978546958821,14
17,3.57189639773742,1.55632611054573,-0.0167894831085706,3.29756203782207,0,0,0.426948864354871,-0.192925704344546,0.774273399336432,0.427903489479304,15
17,3.87198571003275,-0.517808039790391,0.494081219083678,3.29756203782207,0,0,-0.387014881161805,-0.639675403585335,1.11867431308037,0.429104719937271,16
17,4.21792200059542,-0.89686665927411,1.91832675903296,3.29756203782207,0,0,-0.439752328877192,-0.829860907559211,1.32613562150428,1.42690343101223,17
17,4.29294432866925,0.304809973649618,-1.48715698839464,3.29756203782207,0,0,-0.162528826735674,-0.548660445653145,0.104262713318201,-0.504477468226334,18
17,4.6347127121167,1.94570760892958,-1.46676081279432,4.51688390420033,0,0,0.737118308511407,-0.049652911743792,-0.379494156580365,-0.553402599490161,19
17,4.75141411134266,1.03934698479106,-0.28454822085855,4.51688390420033,0,0,0.40418914972825,-0.0539232306410236,1.0055771387683,0.13572557016954,20
17,5.06400714498363,-1.30041514207161,-1.00777012650806,4.51688390420033,0,0,-0.571395078879775,-0.709581766100745,-0.0905553714416602,-0.134211888645367,21
17,5.34325692170289,-0.231125766611803,0.503739344295159,4.51688390420033,0,0,-0.174126592581247,-0.400149978192068,0.809286458291434,0.563591942172603,22
17,5.71003274784162,0.352277661051427,1.60083140953578,4.51688390420033,0,0,0.207495990726253,-0.473304378203666,1.08164613867624,1.08564196052709,23
17,5.91426019648705,0.422732741200184,-0.650888940779112,5.82729725517834,0,0,-0.0399534602401079,-0.331067586040908,-0.00153264208935125,0.301454450151175,24
17,6.23935695147365,0.179726644885198,-0.6046736134204,5.82729725517834,0,0,-0.0666560951651315,-0.494532936961825,-0.0307845485622606,0.492547546708746,25
17,6.26853230128014,0.285238398281263,-1.23238582054444,5.82729725517834,0,0,0.201455689345851,-0.240165703769117,-0.0298441598648053,-0.222327808443765,26
17,6.63947603453409,0.805510787540509,-0.955611020509104,6.48667197412668,0,0,0.509023521307666,-0.307781606838074,0.12673758195663,-0.0704898846021965,27
17,6.84787139029473,1.14507052845589,-1.37802182691073,6.48667197412668,0,0,-0.0946033925417211,-0.137346293527992,0.107474374586581,-0.474365941737984,28
17,7.18130395951176,1.25648045743255,-1.05338344959406,7.12424519256366,0,0,0.35709633488347,-0.15664815224913,0.381960131230942,-0.454086351911314,29
17,7.49389699315272,-0.371552080633789,-0.272951297650077,7.12424519256366,0,0,-0.645024887938601,-0.537743747154705,0.338772670979964,0.429638771114307,30
17,7.58975885680262,-0.438491154944447,-1.02238312794006,7.12424519256366,0,0,0.104410948887189,-0.693377299899689,-0.17849917505231,-0.266287012221963,31
17,7.75230723429592,0.833925803945494,-0.577266347566822,7.12424519256366,0,0,0.261562040920161,-0.33830892130581,0.331429108441286,0.0706000380024594,32
17,8.22744864543019,0.895244973645531,-0.687132484933886,7.12424519256366,0,0,0.366411829114363,-0.307993896966438,-0.0805672666839725,-0.317964476236548,33
17,8.28579934504317,0.627987349978116,0.861318268467384,7.12424519256366,0,0,0.285561144264829,-0.299270614396419,0.896872146329966,0.969064046265948,34
17,8.57755284310807,0.407383327538584,-0.81980563350102,8.52366015439352,0,0,0.0231239303920121,-0.533938575671932,0.296331684755942,0.247691715565359,35
17,8.98600774039893,0.481486055611887,-1.02297722850345,8.52366015439352,0,0,0.38296215396307,-0.426034672323523,-0.262047444686512,-0.368233783500324,36
17,9.18189937481393,0.482274158615179,-1.5358262779667,8.52366015439352,0,0,0.284994210071758,-0.363778845983724,-0.191099941897221,-0.719123909730267,37
17,9.4944924084549,2.81937207385173,-2.77140527588377,9.41743936555711,0,0,1.07171417727122,0.371294517930702,-0.385863308358014,-1.04692601519472,38
17,9.67371241440905,1.78622124401027,-1.40732537374673,9.41743936555711,0,0,0.572471542833711,-0.0295828733400974,-0.067463356332837,-0.327626886416668,39
17,9.92795474843703,-0.465129788265392,1.15741532194467,9.41743936555711,0,0,-0.234659401225335,-0.664808887213637,1.58293188833429,0.97793120714922,40
17,10.2072045251563,-1.31132273933819,1.52898660242931,9.41743936555711,0,0,-0.636356344472605,-0.601749426676263,1.77163008272827,1.57285382294008,41
17,10.3322417386127,-1.16294292185492,0.277831382696831,9.41743936555711,0,0,-0.523269671726881,-0.65589089940587,1.24026936362813,0.688491503551517,42
17,10.7115212860971,2.55771439399601,-1.77349517256434,10.5618632397668,0,0,1.05162004569634,0.0869042332717747,0.133741461906146,-0.920981887555359,43
17,10.9991068770467,-0.329457951287102,-0.381016525866818,10.5618632397668,0,0,-0.257659889267667,-0.542346077513169,0.404040478415111,-0.243202556489366,44
17,11.0116105983924,-0.273993655823794,-0.144643387690028,10.5618632397668,0,0,-0.416598795810241,-0.557819345716245,-0.0688828971940291,0.200096278209936,45
17,11.4659124739506,-1.0369437288112,0.108206637143794,10.5618632397668,0,0,-0.213382654688466,-0.684250973168498,0.327060832182253,0.247359145165368,46
17,11.611789222983,0.528292072772728,-1.17381263183204,10.5618632397668,0,0,0.182955978148577,-0.264572036364087,0.503146913986967,-0.0449381455484837,47
17,11.9952366775826,3.14316941955145,-1.17768985491719,11.8311764249614,0,0,1.44076531238749,0.1827321596979,-0.0474920931779085,-0.412617481210971,48
17,12.1244417981542,1.15653220677765,-1.1404141788299,11.8311764249614,0,0,0.415398699150677,-0.142059900842279,-0.265447964488074,-0.266409274964238,49
17,12.4828818100625,-0.721788958992825,1.07234790211287,11.8311764249614,0,0,-0.337752941433778,-0.675641489107016,1.02914623351005,1.41754592834053,50
17,12.5579041381364,-0.906516954986422,1.59546820293287,11.8311764249614,0,0,-0.414655502005296,-0.560111561151409,1.72319818021948,1.32654735055852,51
17,12.8163143792795,0.257774692807066,0.76710364465618,11.8311764249614,0,0,0.303927146793288,-0.432166476691104,1.09985855044803,0.318526499956689,52
17,13.0913962488836,1.29151050086708,-0.657155848223493,12.8289771763626,0,0,0.438129778919535,-0.331757186167998,-0.370270212307759,-0.0703420323599556,53
17,13.3623102113724,1.55307134733869,-0.412557910848505,12.8289771763626,0,0,0.249578708546397,-0.356497545374504,0.350793415055464,0.525246302797004,54
17,13.5582018457874,1.66674928868967,-1.62594378206914,12.8289771763626,0,0,0.34692650571615,0.171005025969512,-0.493171597554741,-0.457379180648394,55
17,13.8374516225067,-0.670175411696306,1.42762152980008,12.8289771763626,0,0,-0.0854927824329751,-0.658081977404375,1.25174694489442,1.018969947377,56
18,0,0.185043440008707,-0.863948119967757,-Inf,0,0,0.924722914560623,0.267714935047889,-0.135108554425547,0.221425818844389,0
18,0.00416790711521286,0.140739601564625,-0.499776478866769,-Inf,0,0,0.217178866392096,0.426900569150806,0.495416913570477,0.498544653598535,1
18,0.462637689788628,0.940641360706659,-0.974207332085678,0.439486131782178,0,0,0.725739804608166,0.559403250655215,-0.496752551523369,0.183098010968019,2
18,0.679368859779696,-0.450275962423242,-0.687627240444488,0.439486131782178,0,0,0.0789600981719779,0.252800334810421,0.0622149449806867,0.300108307171147,3
18,0.825245608812146,-0.875427044685378,1.283939229944,0.439486131782178,0,0,-0.23822586858155,0.0181055562881413,0.945918027997091,1.83049908136118,4
18,1.23786841321822,0.774513322278798,2.1731984015714,1.11718720486209,0,0,0.958881273573285,0.570398238636445,1.23265638208045,2.00333870494156,5
18,1.49627865436142,0.993657718782979,-0.525273248826787,1.11718720486209,0,0,0.568448242956208,0.664008773871801,-0.450964876829528,0.185502820629778,6
18,1.64215540339387,0.285777243985159,-0.0575644458343823,1.11718720486209,0,0,0.363603563696503,0.386202427923513,0.0637334352892003,0.872787004148115,7
18,1.9755879726109,-0.642128984763717,0.399510120083179,1.11718720486209,0,0,0.315759700556005,0.136911517330938,0.0446062495838753,1.02293265036794,8
18,2.0422744864543,-1.18496031739235,-0.694866005970069,1.11718720486209,0,0,0.43167497465275,0.185798725056576,-0.162562179563565,0.373103646654587,9
18,2.26317356356058,-0.48077454877565,1.14603227794568,1.11718720486209,0,0,-0.0982946175160923,0.192390329559007,0.583860522300132,1.33867901613766,10
18,2.52158380470378,-0.395990388762153,-0.589191559272648,2.46195692962143,0,0,0.122023996534838,0.168884613959793,0.44608128688055,0.530452826072084,11
18,2.99672521583805,1.61954696835338,-1.42134162969237,2.46195692962143,0,0,1.15509535641443,0.548686264906997,-0.393155924242441,-0.275939045593724,12
18,3.22179220005954,1.44212602979205,-1.33156951442067,3.20219640705663,0,0,0.96325202737304,0.656001265704421,-0.744197665696061,0.0948155394341439,13
18,3.46353081274189,1.63124214774771,-0.651527055124229,3.20219640705663,0,0,0.76759571132877,0.69860996043413,-0.445771302109038,0.432474890176401,14
18,3.54272104793093,-0.254968463170278,1.01402704115738,3.20219640705663,0,0,0.498717861178334,0.258366370526776,1.06881535346501,1.19047657490693,15
18,3.80946710330456,0.177995654912085,-0.195616722841204,3.20219640705663,0,0,0.566921526876951,0.261074852416453,0.0556694752855804,0.274017729196121,16
18,4.17624292944329,-1.25757560635173,1.22909363255495,3.20219640705663,0,0,-0.0533825326062559,0.0278225624573329,1.0882576093833,1.60262331564776,17
18,4.45966061327776,-2.61240578922343,2.24226229104834,3.20219640705663,0,0,-0.361129273644278,-0.448486036649255,0.883836503648391,2.40698969419952,18
18,4.67222387615362,-0.659457813645507,0.488777204062167,3.20219640705663,0,0,0.0678112091292711,-0.022343779661994,0.770187461892361,1.1773159996298,19
18,4.75141411134266,0.381366482120954,-1.02067390493149,4.71829420427541,0,0,0.032563466739138,0.285647942127239,-0.895155345832979,0.000655391832969476,20
18,5.16403691574873,-0.44901206996318,1.31029323054428,4.71829420427541,0,0,0.00131079036893195,0.205592183999913,1.87747365786556,1.74864948211045,21
18,5.27657040785948,-0.901483478149026,1.62449640163306,4.71829420427541,0,0,-0.515114213671777,0.0678941227230895,1.56654666520645,1.33684997799449,22
18,5.73920809764811,1.44743725706173,-1.29729387412929,5.428345375243,0,0,1.01490702148566,0.668470744824649,-0.412157792769022,-0.184729307134998,23
18,5.78922298303066,1.68557010104065,0.353007306853051,5.428345375243,0,0,1.06639403155909,0.719262818620761,0.13065605138022,0.961216502731991,24
18,6.1893420660911,-0.899476105084986,1.58095032046218,5.428345375243,0,0,-0.119122937715794,0.154066419690687,0.9584956019953,2.08553187815639,25
18,6.49776719261685,-0.0188023224751542,0.294243201488132,5.428345375243,0,0,0.30583381408075,0.410433970470613,0.449680371335385,1.22475398275377,26
18,6.67281929145579,0.361180255815736,1.34112384277834,5.428345375243,0,0,0.499006766171155,0.391906163500314,0.735246334296671,1.65723164613512,27
18,6.9687406966359,0.787047081600648,0.428794770424748,6.74734219823821,0,0,0.6690235918175,0.557407602540179,0.346231313127604,1.06712595948106,28
18,7.11044953855314,0.205874868898629,0.17043730405147,6.74734219823821,0,0,0.461633291613573,0.280511668642532,0.0554223756649502,0.6058413533357,29
18,7.45638582911581,0.894901110975767,0.72294810633847,6.74734219823821,0,0,0.646344981427245,0.513027346760455,0.330647181546371,1.72929982614766,30
18,7.52724025007443,0.849531989776718,0.533060003499733,6.74734219823821,0,0,0.99403489863736,0.684420199633168,0.75800061978077,1.45902301599587,31
18,7.76064304852635,0.693945707111802,-0.538442466457611,7.66410385469118,0,0,0.610968090882992,0.466287089638206,-0.0929836334305137,0.932962000787298,32
18,8.13992259601072,-0.386491890051624,-0.271744644465772,7.66410385469118,0,0,0.0286512721677352,0.289573801690196,0.00911331308844012,1.24853376845261,33
18,8.38582911580828,0.892884939061133,-0.977814152359793,8.20809488756081,0,0,0.559723572887981,0.448426505284886,-0.342102944978406,0.581901329043238,34
18,8.51086632926466,0.478675112536448,-1.26889790414327,8.20809488756081,0,0,0.728381758592372,0.437820067837494,-0.546747048523729,-0.106554870008159,35
18,8.84429889848169,0.163433483952541,0.463507332048041,8.20809488756081,0,0,0.71121038592334,0.194984711661285,0.0551836685272818,1.19847871943721,36
18,9.16105983923787,0.209372089379352,0.628200783443087,8.20809488756081,0,0,0.589100571269356,0.151762454520195,0.627825825604403,0.809129134636194,37
18,9.34861565942245,-1.06001210829843,1.26957126927442,8.20809488756081,0,0,-0.367666025383345,0.1485287904593,0.950465941337628,1.85332563853663,38
18,9.7237272997916,-0.899538195958061,0.834695381534937,8.20809488756081,0,0,-0.113381551665937,-0.0592576428161794,0.80011202253771,0.710823409926632,39
18,9.78207799940459,-0.891207320094091,0.925396392522439,8.20809488756081,0,0,0.0559349063413089,-0.0456780939344665,0.340830307986959,1.03396198742252,40
18,10.1780291753498,2.09804768017107,0.546849053668845,10.0577816608899,0,0,0.802295827842238,0.898267483624885,0.27547344641899,1.15851155926201,41
18,10.4739505805299,-0.797957554652149,-1.3281486631379,10.0577816608899,0,0,-0.11625489676675,0.0358087823167169,-0.539485348635102,0.174843498120935,42
18,10.5197975587973,-0.133983135531304,-0.444258344325579,10.0577816608899,0,0,0.182838412490121,0.259667085111131,-0.02004130812823,0.852464918203801,43
18,10.8740696635904,1.1791368811756,-0.161026162388476,10.0577816608899,0,0,0.743398048339365,0.48103742521993,0.571380199220984,0.87829758560026,44
18,11.1199761833879,1.93713914394082,0.107561443366036,10.9770046057932,0,0,1.01130093673438,0.878296348977364,-0.364404341974152,0.84578973068487,45
18,11.2700208395356,1.33840501105491,0.405368958757346,10.9770046057932,0,0,1.12583149513717,0.69841949415927,0.615151926362082,1.35594153876277,46
18,11.5159273593331,0.546141087647003,-1.30170455114559,10.9770046057932,0,0,0.694527333313842,0.341658995769438,-0.127876046928822,0.198387245917398,47
18,11.8743673712414,0.175260555249128,-1.68363478023295,11.6752895965742,0,0,0.30631831376695,0.500428774092554,-0.528332464235913,-0.159470156617553,48
18,12.236975290265,1.19753767983937,-0.910414808194312,11.6752895965742,0,0,0.647018482133452,0.589311795574306,-0.239074017921703,0.4197461325867,49
18,12.4078594819887,0.428557549785666,-0.423919196267084,11.6752895965742,0,0,0.848273949048749,0.361334385881857,-0.311960876893464,0.88778972069066,50
18,12.7204525156297,2.42936563646179,-2.45638882281287,12.5802071825386,0,0,0.762414442380707,0.864404965249434,-0.884194401097278,-0.597297087935013,51
18,12.8413218219708,1.20013986273698,-2.09814018364915,12.5802071825386,0,0,1.00224533432588,0.718895753061277,-0.790882947337315,-0.642059810911018,52
18,13.1830902054183,-0.485613215568127,-0.784874092616551,12.5802071825386,0,0,0.188568075374048,0.138223344367601,-0.271135163929854,0.128743695998401,53
18,13.4164930038702,-1.2263966182187,0.779261599970951,12.5802071825386,0,0,0.000861583449511177,0.0491118887420725,0.560239855066188,1.17179684839568,54
18,13.7082465019351,1.50200182800059,-1.40674574167983,13.5956258286606,0,0,1.13654007913946,0.680893185020674,-0.628613273097998,0.0609585543943218,55
18,13.8332837153915,0.882519441249627,1.2660990564657,13.5956258286606,0,0,0.7935091787415,0.368705358413236,1.04015588080614,1.83796194470779,56
19,0,-0.968435003102321,0.513000183861042,-Inf,0,0,-0.377063447173956,-0.132324239564775,0.420210077294432,0.220166043570312,0
19,0.208395355760643,1.72885991741712,-1.07572436241245,-Inf,0,0,1.24629988954072,0.727864598099804,0.145462873977757,-0.659494926470092,1
19,0.266746055373623,1.44456498862639,0.388630534674873,-Inf,0,0,1.15640580342625,0.5775019428716,0.339163018121169,0.219637051563097,2
19,0.550163739208098,-0.429352749846451,-1.40140334085728,0.358476536313538,0,0,0.775119728586979,0.145831206880569,-0.636057155982796,-1.01617755332365,3
19,0.950282822268532,-0.0678048232472452,0.308949739034982,0.358476536313538,0,0,0.520650303540173,0.102423603482771,0.0328983630407885,0.00567870074268573,4
19,1.06698422149449,0.219726684548584,-1.47913763730904,0.358476536313538,0,0,0.792404665842629,0.324524191092783,-1.23665704915217,-0.580311782583429,5
19,1.35873771955939,1.98398311333471,-1.20014312905462,1.32089024148702,0,0,1.8312321523895,0.853642110992715,-0.606790267867777,-0.773009895951394,6
19,1.54629353974397,-0.667247566657813,0.199905204072509,1.32089024148702,0,0,0.508896848799608,0.215750799141639,0.00133992300870789,0.472470880305843,7
19,1.97142006549568,-2.49620805946704,1.84530787355379,1.32089024148702,0,0,0.0140321099348078,-0.467915428548335,1.07725729629543,0.914080927326781,8
19,2.24650193509973,0.903714887389817,1.14181211098014,2.13270148399393,0,0,1.24485927253926,0.428648505727477,0.837188507518417,0.718631336467643,9
19,2.47573682643644,1.32348039000309,-1.30162373182557,2.13270148399393,0,0,1.42879211252617,0.468815456852033,-0.728975456239397,-0.941035306571703,10
19,2.63828520392974,0.982979832388411,0.0983604562782094,2.13270148399393,0,0,1.04680592244771,0.389757620337214,0.184830051262414,-0.107860072688902,11
19,2.93420660910985,1.39244392811689,-0.999790945631382,2.13270148399393,0,0,1.24964672559951,0.591516145865927,0.0155811873477033,-0.733047486374263,12
19,3.13426615064007,0.791828398288987,-1.71515670910314,2.13270148399393,0,0,1.03380426067677,0.174982618103899,-0.823109293960796,-0.982639391572782,13
19,3.31765406370944,1.79057266959348,-1.60669219118403,2.13270148399393,0,0,0.999023459952566,0.653654796139148,-0.381397209337887,-1.1431392427458,14
19,3.61357546888955,2.48798722810437,-1.2615471291147,3.36974314022272,0,0,1.51285467507362,0.780224618998655,-0.215216500625842,-1.19265423943498,15
19,3.95117594522179,1.57019558921566,-0.817653607604776,3.36974314022272,0,0,1.56231885852376,0.692855951733791,0.203814904948341,-0.594946435250602,16
19,4.05954153021733,0.195013760728312,-1.03741037134418,3.36974314022272,0,0,0.95532395167643,0.280370846717675,-0.240453517042288,-0.927453946550306,17
19,4.28877642155403,0.900317398488121,-0.270210225924075,4.26368396139453,0,0,0.839395444201004,0.276728005488963,0.062593043152919,-0.350226112169439,18
19,4.65555224769277,-0.165184846271564,-0.296652519663921,4.26368396139453,0,0,0.708602621730079,0.0314918926274403,0.373894490595955,-0.154839031642205,19
19,4.95147365287288,0.626693410916527,-0.0323385814597881,4.26368396139453,0,0,1.31024349175229,0.526650462870938,0.175678840903116,-0.08028797727999,20
19,5.02649598094671,0.330513021937249,-0.796463493634416,4.26368396139453,0,0,1.30952774106162,0.171927445893661,0.195137783909254,-0.312062664063928,21
19,5.35159273593331,0.268518881642776,-0.695737965080447,4.26368396139453,0,0,0.826740054933429,0.276529293650185,-0.187185418373642,-0.561967590411934,22
19,5.53914855611789,1.77179355900295,-1.72685504276194,5.47219598292409,0,0,1.65101018910575,0.812863844150154,-0.0748862463864493,-1.27244878660611,23
19,5.8017267043763,-1.01879473798262,-0.259723968862398,5.47219598292409,0,0,0.818939142327719,0.0547805938723031,0.366658959217099,-0.00569182637292895,24
19,6.19350997320631,2.11265143339423,-1.40368855024454,5.47219598292409,0,0,1.58498295294723,0.694042441185294,-0.451626780578835,-0.655053266731664,25
19,6.3852337005061,1.82971194771791,0.415347193023566,5.47219598292409,0,0,1.40706698266277,0.809210790383624,0.814601010314362,0.599279698133121,26
19,6.68532301280143,0.565366235436656,-0.476648782954641,6.45270690404667,0,0,0.650534830053291,0.600055828467619,0.0419822630643485,-0.295307837014004,27
19,6.97290860375112,0.439988237141825,0.265100659261838,6.45270690404667,0,0,1.10018436036971,0.230552740645335,1.05666499148371,0.03143327328228,28
19,7.07710628163144,-0.061296192361256,-0.366759908762254,6.45270690404667,0,0,0.960765455977266,0.236766968158691,0.368754243028572,-0.333209007856324,29
19,7.2604941947008,1.56774290320014,-1.89803223782575,6.45270690404667,0,0,1.68599709987309,0.584269034329722,-1.14001402696721,-1.67784383124387,30
19,7.63143792795475,1.53736170861413,-0.138118396921961,7.31895548623199,0,0,1.50590385236796,0.660768732841466,-0.0211979830067338,0.0508616982338922,31
19,7.94403096159571,-0.3229263462168,-0.0468084574716788,7.31895548623199,0,0,0.479113443549011,-0.00222154541196393,0.542439393340757,-0.0493070950932868,32
19,8.05656445370646,-0.29920478508569,1.62234920632639,7.31895548623199,0,0,0.994717787180209,0.121136474739663,1.30394243363447,0.751151058290265,33
19,8.27329562369753,-1.63569179350307,1.58488034538862,7.31895548623199,0,0,0.244521768314663,-0.204941317704395,1.1728608525693,0.840948821602211,34
19,8.59839237868413,0.322519020647804,0.188491778897607,8.56711028479935,0,0,1.00080260871725,0.431441339380483,0.743232859156847,0.28932771395669,35
19,8.94849657636201,1.78417688808148,-0.975589483517719,8.56711028479935,0,0,1.76901204679852,0.552861835126537,-0.330928439586428,-1.01727924841544,36
19,9.21941053885085,0.743018433803715,-0.552089341950977,8.56711028479935,0,0,1.13751995225894,0.164420236547659,0.289806068699127,-0.289901373310028,37
19,9.35278356653766,0.710413225798494,-1.52453530316386,8.56711028479935,0,0,0.908492970006292,0.357151174062846,-0.562337379508153,-0.672862699536621,38
19,9.68621613575469,-0.134249974714605,-0.816341709487481,8.56711028479935,0,0,0.881969197300214,0.055227987393364,-0.242548863254111,-0.411393641275438,39
19,9.89461149151533,2.26917866329949,-1.62609473819644,9.84642382793379,0,0,1.70395350184277,0.753337411871562,-0.624454896390401,-0.730875621952659,40
19,10.182197082465,1.48419571281917,-1.40454532547518,9.84642382793379,0,0,1.32944286304253,0.492400776073092,-0.329780476002397,-0.806353750670592,41
19,10.319738017267,0.959806139629107,-0.862327713989339,9.84642382793379,0,0,1.30626668185987,0.541958255341486,-0.176218808449766,-0.530876375134281,42
19,10.5989877939863,-0.643084871961207,-0.582681909394704,9.84642382793379,0,0,0.8721043200674,0.13748915276976,0.433495045876741,-0.526637183853486,43
19,10.9907710628163,1.53990587712805,-2.08827515265078,10.8200468694146,0,0,1.08261201883921,0.623315773277884,-0.817020158994613,-1.26840271936836,44
19,11.16165525454,-0.508405644982284,-0.0761654662351773,10.8200468694146,0,0,0.87033830737822,0.291508819016915,0.295255544228263,-0.247888688237901,45
19,11.4284013099137,-1.3278065877095,-0.478189469602457,10.8200468694146,0,0,-0.172818056381826,-0.0646574956657582,0.0869937087304469,-0.313137923780198,46
19,11.6951473652873,-0.609154362954907,0.621880605171594,10.8200468694146,0,0,0.507883833414814,0.0349153740525778,0.977458102944454,0.738195100965221,47
19,11.807680857398,-0.163717360060888,-0.711747065059032,11.7689310776106,0,0,0.815071331352531,0.151484671725683,0.0332282779445661,-0.27166273919457,48
19,12.1952962191128,0.198108283410578,0.363473641199888,11.7689310776106,0,0,1.22595551087401,0.388766876090825,0.476966365726741,-0.01564228966438,49
19,12.3536766894909,0.524022244810398,0.221320973242523,11.7689310776106,0,0,0.946325557264167,0.384477247070158,0.425949290476982,0.554180574041573,50
19,12.6621018160167,-0.625439385134431,-0.250584365654987,11.7689310776106,0,0,0.72726975050595,0.12891485781254,0.195105933581656,-0.0161472348453793,51
19,12.8538255433165,-0.737857696499593,-1.0245497611835,11.7689310776106,0,0,1.01288664220074,-0.0248179829114831,-0.012706484276183,-0.532179813932353,52
19,13.1289074129205,1.57828346250367,0.414843489971939,12.8756053430745,0,0,1.23999082799915,0.588631803278649,0.0691590238724258,-0.0644163523675922,53
19,13.2706162548377,-0.0429362500532901,0.135310450736988,12.8756053430745,0,0,0.802528264584042,0.323561814919087,0.492388664963033,0.411753323444308,54
19,13.6582316165525,2.05971808716997,-0.579461057163552,13.6039711175836,0,0,1.96147197236666,0.869686604911068,-0.572786016091824,-0.494328702145447,55
19,13.7791009228937,1.15409465427625,-0.699826940961267,13.6039711175836,0,0,1.04865333159701,0.413802362518352,0.638718605073331,-0.734081447413276,56
20,0,1.44536952927671,-1.08884882529207,-Inf,0,0,0.645322626959645,0.954829559884779,-0.36866924684855,-0.283791947738305,0
20,0.108365584995534,0.36719849514092,-0.513490848954436,-Inf,0,0,0.0522431703782378,0.71061601041058,0.196951580961874,-0.0733029431025811,1
20,0.362607919023519,1.51742273253991,0.0336013834016202,0.297770244895946,0,0,0.874997904005251,1.16081985489421,-0.113499980751931,0.472631514771474,2
20,0.616850253051503,2.39145124530825,0.643022757534478,0.297770244895946,0,0,1.05673449718196,1.28658303136681,0.11062906373772,0.983083169596596,3
20,0.846085144388211,0.672649234606516,-0.40121295699212,0.297770244895946,0,0,0.0356947821089888,0.791569586166138,-0.315538770150309,0.0999507330978313,4
20,1.05031259303364,-0.255600468685871,0.417732670076552,0.297770244895946,0,0,-0.00692091265128209,0.477737085424982,0.268491911443714,0.502344544822756,5
20,1.32122655552248,-0.490511198406505,0.897152452050426,0.297770244895946,0,0,-0.131346235705686,0.422835107040036,-0.270364241755815,0.918188662617769,6
20,1.683834474546,-0.508921788601172,-0.195564382958425,1.34109571887932,0,0,-0.107469189113993,0.401444266732767,0.462270649315767,0.118440229029874,7
20,1.99225960107175,-0.330075860483438,1.42112385906783,1.92740562718469,0,0,0.185949296673872,0.551621341523979,0.70579427523572,1.23343819687767,8
20,2.12146472164335,-0.862915911799674,0.845380829577567,1.92740562718469,0,0,-0.25362606512249,0.556157662273958,-0.252136464729186,0.932051270503624,9
20,2.29234891336707,0.787150231199869,0.260493707731928,1.92740562718469,0,0,0.389421722610428,0.956464420778501,0.202812514436518,0.226687353007988,10
20,2.61744566835368,-0.644133497930269,1.62191846434462,1.92740562718469,0,0,-0.0756576415623965,0.422183406411212,0.74528186009709,1.22438510795723,11
20,2.87168800238166,0.85473855309607,1.20279677147076,1.92740562718469,0,0,0.517730040843595,1.08822632836406,0.547868983183005,0.827640426741516,12
20,3.05924382256624,0.362540566062538,-0.717330515234649,1.92740562718469,0,0,0.33451011258043,0.913884194650153,-0.0812436789794325,-0.588796808114993,13
20,3.30098243524859,0.9094317845766,0.697663765690862,3.1318788236419,0,0,0.554247355185908,0.852614479670002,0.540932288078949,0.536432271616855,14
20,3.73444477523072,0.284598947341025,0.275108120047724,3.1318788236419,0,0,0.276264803731229,0.657245649415229,0.194760743480862,0.634834908452434,15
20,3.79696338195892,-1.14437257766071,2.21793747263254,3.1318788236419,0,0,-0.485706324765843,0.189424940254682,1.05033588856257,2.06409191485185,16
20,4.00119083060435,-0.441496937013607,-0.717996765441422,3.1318788236419,0,0,-0.192284109650883,0.395569469664148,-0.655162367793743,0.0368466101247788,17
20,4.43465317058648,0.769009874500212,-0.182402907664076,4.31518288745294,0,0,0.487365261733243,0.885678958684479,-0.174878795848238,0.350442521064807,18
20,4.601369455195,1.05351187528073,-0.0599195905753807,4.31518288745294,0,0,0.511304465709134,0.899510089153054,0.513888125412045,0.052096597519671,19
20,4.99315272402501,1.20009547695374,-0.0738166587783277,4.96673635762686,0,0,0.642489266343938,0.998868323172257,0.0448277440500149,0.336800246341098,20
20,5.13069365882703,1.07321666392277,-0.164668222236154,4.96673635762686,0,0,0.338726149011468,0.775507931721158,0.38159146305104,0.14244116925526,21
20,5.30574575766597,-0.335251823826643,0.0614405221171573,4.96673635762686,0,0,0.0108019035346976,0.532065929035557,-0.175325371505571,0.223704333402448,22
20,5.66418576957428,0.783695684462725,-0.473357053036824,4.96673635762686,0,0,0.402719444531175,0.629746780536817,-0.422660970961158,0.274002671699344,23
20,5.75171181899375,0.766276947381828,-1.23075140955214,4.96673635762686,0,0,0.210036441897805,0.701752759702186,-0.262868083253547,-0.498455688163179,24
20,6.11848764513248,-0.4454124525989,-0.549724963735827,4.96673635762686,0,0,-0.0821617652482275,0.477942005915457,-0.403750478183287,-0.0179137703889628,25
20,6.2560285799345,0.847205260742308,-0.703839302893641,4.96673635762686,0,0,0.406776779785756,0.838609319894385,-0.557131527605064,-0.303917484665467,26
20,6.55194998511462,-0.519705045860124,0.876391108633097,4.96673635762686,0,0,-0.565130101897037,0.510535659282913,0.679392588215629,0.970141051468076,27
20,6.9353974397142,0.910617411243759,-0.995769335942515,6.6833330801115,0,0,0.325978177811533,0.785605078609503,-0.0141979057646553,-0.48659334390442,28
20,7.15212860970527,0.185072108809655,-0.413868281542852,6.6833330801115,0,0,0.136535644436298,0.631561847206602,-0.212205769188179,-0.187316987904575,29
20,7.37719559392676,2.67843156012685,-1.99276088757054,7.26375176043859,0,0,1.02259849064012,1.16709500666341,-0.734765863738838,-0.965751665200612,30
20,7.63560583506996,-1.02957743041673,-0.658883106330646,7.26375176043859,0,0,-0.280217436289466,0.249727591093578,-0.813215335824592,0.405841117297228,31
20,7.86484072640667,-0.903893402616707,0.809467748097126,7.26375176043859,0,0,-0.106787005454889,0.32158895663467,0.491359943179202,1.07645133967974,32
20,8.1357546888955,1.14952624341649,-0.617308499527175,7.26375176043859,0,0,0.451691523223542,0.811724678645397,-0.151631638982059,-0.20277941402945,33
20,8.30247097350402,2.28060207444626,-1.30262010213838,8.25938369041273,0,0,1.23395243202159,1.27447789690947,-0.603403138567983,-0.525181854103892,34
20,8.66091098541233,1.00435170912073,0.263078063017931,8.25938369041273,0,0,0.43613154351632,0.97560006165336,0.573128967666204,0.213487901643891,35
20,8.89431378386424,0.238436161036826,-0.451878334788054,8.25938369041273,0,0,-0.0452580332485485,0.683741151213826,-0.102233779707419,0.40441569207157,36
20,9.03185471866627,-0.889976543757428,0.414714951275721,8.25938369041273,0,0,-0.192673675291206,0.327962329577898,-0.336530810755513,0.371281184484545,37
20,9.25275379577255,-0.526829818459172,0.934741808515385,8.25938369041273,0,0,0.0192869378321086,0.669684395425447,0.830364742572855,0.96175533625413,38
20,9.7237272997916,1.25886123889569,0.0251616037571474,8.25938369041273,0,0,0.208624241251862,0.884368964948653,0.0399013703994008,0.586040693158339,39
20,9.86960404882405,2.59948487094883,-1.9172988019616,9.83769201027014,0,0,1.01861373756796,1.33653572206103,-1.20655371709728,-1.05692361081846,40
20,10.182197082465,0.90299999720369,-1.90193302708853,9.83769201027014,0,0,0.781864462179824,1.14027774236933,-1.09198950022317,-0.651568366089841,41
20,10.4739505805299,-1.45307909503908,0.0922346687260479,9.83769201027014,0,0,-0.417964718499132,0.18941102472229,-0.168925572563553,0.249248398221786,42
20,10.749032450134,2.10832551156235,-0.484883244780071,10.6062090192742,0,0,1.01070928748705,1.27570234962022,-0.334400727808124,-0.373494160706175,43
20,10.9199166418577,0.995108645491669,-2.04729770948743,10.6062090192742,0,0,0.226252001272492,1.0941156433171,-1.40542039331675,-0.920692458416662,44
20,11.0407859481989,1.30465908560494,-1.54881551180938,10.6062090192742,0,0,0.583673938951664,0.964104061890195,-1.27440355201985,-0.425622330817087,45
20,11.4700803810658,-0.79172124932903,0.258882785058501,10.6062090192742,0,0,0.0983685892588772,0.343339542296911,0.127955551369763,0.274059660271635,46
20,11.7368264364394,-0.239702290312657,0.339638113693424,10.6062090192742,0,0,-0.685345667589086,0.354169001893226,0.028440314409934,0.854349250160712,47
20,11.9118785352784,0.231751405715517,0.665174513187572,10.6062090192742,0,0,0.288146932091698,0.666809013777735,0.289285509689055,0.728967283722797,48
20,12.0119083060435,-1.0011864268529,1.36643098186418,10.6062090192742,0,0,-0.0560807153749261,0.321662014817874,0.669878633226917,1.20011344321387,49
20,12.4870497171777,1.24111279544482,-0.781055313039407,12.2362569580356,0,0,0.807486143258761,1.10231574295163,-0.485799020577062,-0.121725159822703,50
20,12.5995832092885,0.0218657889422163,0.310191715040395,12.2362569580356,0,0,0.115412862244983,0.426561892604623,0.258728479571085,0.672230604925075,51
20,12.8413218219708,-0.392497219417988,0.0215507779258122,12.2362569580356,0,0,0.156074566959307,0.675005372341715,0.158197721331099,0.24942467843985,52
20,13.2456088121465,0.216509733525462,0.100621903271684,12.9897886023176,0,0,-0.073367528749131,0.699266829452495,0.526177322610667,0.633057078130162,53
20,13.2622804406073,-0.132702259525856,0.36587058898914,12.9897886023176,0,0,0.135388847578343,0.575005675172963,-0.0986664425621137,0.538014228721736,54
20,13.6290562667461,0.0170007688170101,0.618244091225901,12.9897886023176,0,0,-0.250854219755533,0.457688342934196,0.457094991607197,0.906860667272175,55
20,13.9083060434653,0.948348401772694,0.413760559575109,13.8345752537483,0,0,0.437097656048524,0.974846584563166,-0.0733939344042055,0.471744897212258,56
21,0,0.619642550070523,-1.11767430013408,-Inf,0,0,-0.331282683752097,-0.448758403895747,-0.727890536078404,0.057243842870077,0
21,0.0541827924977672,0.799028446881953,0.11461578066271,-Inf,0,0,-0.777808998516729,-0.496946362541256,-0.339282943153067,0.201104544979847,1
21,0.391783268830009,1.01104527888159,-2.88989843828041,0.262023248628248,0,0,-0.596155627419451,-0.283875217571502,-2.06619692669533,-1.77064854143206,2
21,0.721047930931825,0.105625989238347,0.619137325107961,0.262023248628248,0,0,-0.935971001631456,-0.418823732428873,-0.217824161814312,0.736957450071217,3
21,0.775230723429592,-0.291936054934385,0.476530113524289,0.262023248628248,0,0,-0.828292466616824,-0.493520267128197,-0.416895280865409,0.385710841450405,4
21,1.04197677880322,0.417409566792561,-0.750857292066635,0.262023248628248,0,0,-0.888095057835256,-0.529370564816308,-0.605308529353218,-0.344058289340886,5
21,1.27121167013992,0.321252464518281,-1.41747905832054,1.20553431103293,0,0,-0.849236854407277,-0.291810913750729,-1.12265470989531,-0.539297724577337,6
21,1.5546293539744,0.0735867348110014,-0.287026308400511,1.20553431103293,0,0,-0.720498036450134,-0.566109577844826,-0.643965671074404,0.0370965746216395,7
21,1.80053587377196,-0.708914075521227,0.756404066619375,1.20553431103293,0,0,-1.19205909937647,-0.842148538577431,-0.274478597156283,0.703665394998967,8
21,2.22983030663888,0.325762824850343,0.31779231806064,1.20553431103293,0,0,-0.626482336155727,-0.376325493097722,-0.400818932344687,0.257037845168426,9
21,2.4298898481691,0.454421023231319,0.137684058365888,1.20553431103293,0,0,-0.628661603389053,-0.493967090198908,-0.175231360981036,0.0890849087666935,10
21,2.6257814825841,2.62406143369266,-1.74149909342395,2.48001126993555,0,0,0.323427770511877,-0.0673063806777456,-1.29108422184411,-0.873180059737529,11
21,2.89669544507294,1.84238458748461,-1.65739905734391,2.84000608047399,0,0,0.0152260217665834,-0.148831815372872,-1.03052805267707,-0.967569202036757,12
21,3.19678475736826,0.854315338138736,0.706851516460112,2.84000608047399,0,0,-0.425859052409692,-0.410208470355943,-0.673962587348043,0.374231901929787,13
21,3.45519499851146,-2.08328101383072,1.4560688225888,2.84000608047399,0,0,-1.46451687435403,-1.19174135070201,0.191565715554191,0.8652574159672,14
21,3.65525454004168,-1.4450982862965,-0.362429297256728,2.84000608047399,0,0,-1.2713496194636,-0.742031843109147,-0.834092259903106,0.350261228470298,15
21,3.78862756772849,1.80768112362363,-1.11300384230882,2.84000608047399,0,0,-0.198050412665163,-0.257624198747721,-0.71287463375896,-0.456815561513236,16
21,4.08871688002382,1.24805983816923,0.604541857568413,2.84000608047399,0,0,-0.57767849832156,-0.0890244299214429,0.234643213192634,0.510141042000351,17
21,4.43048526347127,2.81794596638256,0.553057727638079,4.3295172209547,0,0,0.0203367980514407,0.167966562420488,-0.128287096041144,0.448344426716413,18
21,4.71807085442096,-0.524609821966931,1.3002683137213,4.3295172209547,0,0,-0.524267439637276,-0.583002697257351,0.401961810736592,1.01539960602828,19
21,4.81810062518607,-2.1693865395926,1.70639524178464,4.3295172209547,0,0,-1.56773866455178,-1.00545920090253,0.441390809988035,1.13525072874976,20
21,5.06817505209884,-0.321807956570883,0.591111910685059,4.3295172209547,0,0,-0.9613901126972,-0.498084747448479,-0.586470475121041,0.273118374137459,21
21,5.48913367073534,-0.849712815648789,0.311790739349151,4.3295172209547,0,0,-1.21804311838619,-0.803445479554797,-0.494138944613101,0.461952924139367,22
21,5.72253646918726,0.819553371367165,-2.29662344603839,5.6250008741537,0,0,-0.815620498821983,-0.266326703632463,-1.70266992629934,-1.2784246220156,23
21,5.98511461744567,-0.574763907679188,0.911034740878039,5.6250008741537,0,0,-1.01739530906151,-0.550004947894999,-0.83520933836099,1.16825810441809,24
21,6.16433462339982,-0.757177439184328,1.51782775414237,5.6250008741537,0,0,-0.698002060936223,-0.662191031966035,0.818368934911984,0.907053394523271,25
21,6.481095564156,-1.70929589544447,1.15723357908842,5.6250008741537,0,0,-1.0829134114346,-1.01443389037103,-0.205062744879378,0.662390365040083,26
21,6.68949091991664,-3.22855343099861,1.79231908265446,5.6250008741537,0,0,-2.1137664659619,-1.31038486493693,0.805939583834507,1.14084094348329,27
21,6.99374813932718,0.999615315208523,-0.155376908785557,6.8667531159599,0,0,-0.440297597659001,-0.258687773898549,-0.240114670833874,0.274572800938912,28
21,7.0312593033641,1.6586920077769,-2.03791067923525,6.8667531159599,0,0,-0.0542025810062904,0.0421709784718476,-1.56220271099945,-1.16399344806085,29
21,7.31884489431378,0.359014529698381,-0.375934219918786,6.8667531159599,0,0,-0.624431235099228,-0.531085156522696,-0.531991798663856,-0.0500095344206382,30
21,7.58975885680262,-2.54994772803732,1.14678132785145,6.8667531159599,0,0,-1.93423317931533,-1.14885288173656,0.213752990373497,0.825957440557667,31
21,7.83983328371539,-0.876745086280996,1.665894587928,6.8667531159599,0,0,-1.03898208435857,-0.787513288307491,-0.0903373576934648,1.22715293928213,32
21,8.01488538255433,-0.315875485765422,0.550521916958664,7.90788964010918,0,0,-1.24380871158314,-0.570316786135675,-0.0125201775125559,0.104666376009248,33
21,8.30247097350402,0.809170114587819,0.21102984005907,7.90788964010918,0,0,-0.66868933730366,-0.355339817075652,-0.52630428527588,0.757360204196519,34
21,8.63173563560584,-0.95268043616372,-0.305802788122479,7.90788964010918,0,0,-1.39448537601012,-0.77583543321631,-0.753275816170199,0.117706192573817,35
21,8.85263471271212,1.14403559378336,-0.620433109580623,7.90788964010918,0,0,-0.474264939944767,-0.18584321729096,-0.468929027660644,-0.386288783368899,36
21,9.01518309020542,1.85958575240114,-1.76045235165824,8.87532588633207,0,0,-0.0954098075358692,-0.0500481577276894,-1.87730629444597,-0.973392314821471,37
21,9.36945519499851,0.14772290726926,0.508757809351336,8.87532588633207,0,0,-0.965844864851941,-0.297052015312188,-0.502220263097166,0.319623202147809,38
21,9.63620125037214,-0.0518669173504058,0.52546120211824,8.87532588633207,0,0,-0.799137426558208,-0.646033008276457,0.112464823030996,0.222670645070625,39
21,9.86960404882405,2.96545122259407,-2.94888022790383,9.77708085387265,0,0,0.41971637610665,0.160003374081427,-2.13558436548274,-1.52525045268437,40
21,10.1446859184281,1.18643937383452,-0.10553702887391,9.77708085387265,0,0,-0.43820282010974,-0.121754930797338,-1.17141797182658,0.0714177798841832,41
21,10.3364096457279,1.18245643937731,-1.54510443239697,9.77708085387265,0,0,-0.482813016240554,-0.527347848845973,-1.13292054526481,-0.737349882378775,42
21,10.5989877939863,2.27353807230252,-2.31062041203446,10.5249763731898,0,0,0.471802138947231,0.229232190565614,-1.94720055104874,-1.22138502120218,43
21,10.9407561774338,-1.2036781946394,0.323770592576662,10.5249763731898,0,0,-1.33879599767559,-0.803185905183092,-0.422022040035153,0.537473199771594,44
21,11.1533194403096,0.0316443858904604,1.24656075314685,10.5249763731898,0,0,-1.00866623765925,-0.498730279401615,0.29392304035373,0.782807314361403,45
21,11.4950878237571,1.69562405032293,0.0545264536625049,10.5249763731898,0,0,-0.0328690125823579,-0.18643672783221,-0.239342586422342,0.441984405564456,46
21,11.7368264364394,1.33655815180535,0.593951179518928,11.5851692028147,0,0,0.0397780232135621,-0.309278127579069,-0.361363983257733,0.188578444581175,47
21,11.9660613277761,2.10225806872364,-0.913232146803647,11.5851692028147,0,0,-0.349178705252582,0.0373176723135943,-1.35131016919947,-0.438923194596766,48
21,12.0202441202739,1.82530734012615,-1.30347885937653,11.5851692028147,0,0,-0.140316630113783,-0.115345870230219,-1.93309130574666,-0.519525338467845,49
21,12.4703780887169,0.0740741775401665,-0.889750551061025,11.5851692028147,0,0,-0.960918953072383,-0.508372191590436,-0.483052926887934,-0.354533648841911,50
21,12.5287287883299,-0.850787062118597,0.571370662201928,11.5851692028147,0,0,-1.46191993150642,-0.68899605709162,-0.163485700413743,0.738039943183143,51
21,12.8871688002382,-1.04789114062618,1.06713509732985,11.5851692028147,0,0,-1.00244731294555,-0.877121817424648,0.311693283289449,0.677120722437791,52
21,13.1997618338791,0.124566144870049,-0.832984019516844,12.9336744742253,0,0,-0.663259714645924,-0.46651165327905,-0.602181586490173,-0.441822519289454,53
21,13.353974397142,0.0274444474829222,0.514352679943566,12.9336744742253,0,0,-0.753632825786477,-0.43702991126042,-0.166969143444968,0.931139047063997,54
21,13.5623697529027,-0.49406441698311,-0.131878118424417,12.9336744742253,0,0,-0.894245746869525,-0.688829064165214,-0.851116156088681,0.0450906378711661,55
21,13.941649300387,1.03192938228564,-0.572894998873504,13.7038158928161,0,0,-0.503636225006977,-0.451106819848387,-0.673365600674453,0.0632289117621476,56
22,0,-0.0741576125843772,-1.298554309058,-Inf,0,0,-0.273753296491952,-0.62127511743075,-1.00420708730084,-0.272812904753317,0
22,0.0708544209586186,3.33194758734,-1.68374816668042,0.0304812991409563,0,0,0.841397694543033,0.118119817582699,-1.36908892070736,-1.09521180828235,1
22,0.304257219410539,3.48313773562979,-2.45136688896235,0.0304812991409563,0,0,1.24360814299077,0.263772709492006,-2.08171008243165,-1.40976325938168,2
22,0.733551652277464,0.428642746337944,0.46295357263703,0.706692107555528,0,0,-0.131852317886857,-0.649005292737171,-0.179170457001971,0.651278805119107,3
22,0.979458172075022,2.29894876917791,-0.625053710318514,0.706692107555528,0,0,0.213192589901194,-0.085344376618678,-0.563144685015732,-0.216995695030512,4
22,1.05448050014885,1.33114262566015,-0.557685170726992,0.706692107555528,0,0,0.194696289265319,-0.481409239907469,-0.435599869578722,-0.496745679363474,5
22,1.41708841917237,-0.741371716460116,-1.20385534179539,0.706692107555528,0,0,-0.541412437516066,-0.761183963084612,-1.47096335554211,-0.711907287706537,6
22,1.67549866031557,0.779233202700146,-0.35468326583161,0.706692107555528,0,0,0.0528419709441953,-0.331392123306865,-0.521712897159251,-0.280867322371232,7
22,1.85888657338494,-0.283077280120005,0.0737127293668617,0.706692107555528,0,0,-0.738409264915669,-0.694155826223935,-0.583669913278389,-0.0302068356185505,8
22,2.17981542125633,1.94694336004683,-1.03488589624633,2.16663330578818,0,0,0.933289064612576,-0.242865931025535,-0.787621992325258,-0.350376307845414,9
22,2.29234891336707,1.28984427706871,-1.84863864028353,2.16663330578818,0,0,0.325480530088492,-0.55276922802735,-1.41027676719959,-1.28478490289461,10
22,2.72997916046442,2.15743808623693,-0.782655863505757,2.16663330578818,0,0,0.570048119721528,-0.194722149715392,-0.399325062192452,-0.13077639424547,11
22,2.78416195296219,1.38364771164456,-1.49016151529638,2.16663330578818,0,0,0.082759309619176,-0.329330026644159,-1.2437735971208,-0.666398789922149,12
22,3.05924382256624,0.66042634046963,-1.79166565764267,2.16663330578818,0,0,-0.136709308643304,-0.669866780638762,-0.951456224535692,-1.17658193448199,13
22,3.4343554629354,-0.725703681308381,-0.0705736707404802,3.08481437593627,0,0,-0.577110299260779,-0.758584437988828,-0.518574876469472,-0.51511712832374,14
22,3.70943733253945,-0.194019197041392,-1.0996535662308,3.08481437593627,0,0,-0.560257084056498,-0.771091761428978,-0.761193111190845,-0.0419818490072861,15
22,3.91366478118488,0.86029702657355,0.401193639010302,3.08481437593627,0,0,-0.242758146293957,-0.287660779342307,0.0344395612229907,0.290072629930845,16
22,4.20541827924978,-0.83555589743554,1.05092911296187,3.08481437593627,0,0,-0.568469803246735,-0.784625025392206,-0.0191244994679728,0.81812297914492,17
22,4.30544805001489,-0.314646029302853,0.902407763105942,3.08481437593627,0,0,-0.372394834049357,-0.785397534198507,0.0871771802812942,0.357464524370579,18
22,4.74307829711224,0.75278157092989,-0.658892522856854,4.45440232799603,0,0,0.322918581693149,-0.528255686772837,-1.24676865605531,-0.197629089002439,19
22,4.83477225364692,-0.00989242011698072,0.653492251140939,4.45440232799603,0,0,-0.341081213255714,-0.551514704185092,-0.251744834382322,0.516266699011279,20
22,5.12235784459661,-2.7236462507713,-0.063965330911903,4.45440232799603,0,0,-1.42441187106984,-1.38540549685534,-0.350304262538254,-0.0355147411342524,21
22,5.36826436439417,0.573996040338928,0.731642271662519,4.45440232799603,0,0,-0.00220301285449899,-0.705887715884584,-0.13312429779941,0.809086655298767,22
22,5.64334623399821,1.589689540588,1.13886849137575,5.50226527747268,0,0,-0.0657791279300933,-0.312518313710969,0.332884971325841,0.986005852553413,23
22,5.76004763322417,1.65778070553403,0.799016346544758,5.50226527747268,0,0,0.224509596032226,-0.342177485856586,-0.138291715745268,0.93654155400007,24
22,6.2226853230128,-1.12563646036945,0.616335850536713,5.50226527747268,0,0,-0.761675477414551,-0.885559168995874,-0.338870010888707,0.50419989216592,25
22,6.33938672223876,-0.749701363378772,-0.152536050864807,5.50226527747268,0,0,-0.428920041898015,-0.956748556084622,-0.305686953216135,-0.435039682000411,26
22,6.68949091991664,0.414582828888816,0.080359942655472,6.50504351666985,0,0,0.0747894063080053,-0.581704138917331,-0.494816713514924,0.171163801591208,27
22,6.78952069068175,0.71540152434573,-1.49610521658294,6.50504351666985,0,0,-0.0849988698066585,-0.491488184888893,-1.39391547285717,-1.12523532989581,28
22,7.02709139624888,0.650965629721564,-0.576523004988708,6.50504351666985,0,0,-0.289284890656557,-0.37258983268798,-0.742670533307997,-0.411998656676802,29
22,7.25632628758559,-0.517605181189682,0.391004561697145,6.50504351666985,0,0,-0.302564861418588,-0.753828099638278,-0.486654119983518,0.440004914257904,30
22,7.57308722834177,-0.166373278946901,0.438660524908527,6.50504351666985,0,0,-0.449361794236918,-0.84471469176203,0.18473765087096,0.756430093071763,31
22,7.98571003274784,1.67604371070866,-1.04179437189759,7.90740708786672,0,0,0.677255164133251,-0.180710828080257,-0.896711754605374,-0.730322452626332,32
22,8.23995236677583,0.796784064651912,-0.340248825321353,7.90740708786672,0,0,0.16314290913808,-0.43937495996871,-0.530858633969215,-0.0490237285714615,33
22,8.30247097350402,1.1561164975242,-0.73436597113859,7.90740708786672,0,0,0.351343421874718,-0.312318630451318,-0.706754456252018,-0.342931460882409,34
22,8.73593331348616,0.614596365852332,0.304191638073514,8.4676144481959,0,0,-0.220859235210024,-0.466749215968864,-0.181018101457873,0.466283553965458,35
22,8.98600774039893,0.236392852154063,0.147263987070013,8.4676144481959,0,0,-0.397311995770206,-0.678145843690836,0.0270427735026757,0.150174655979302,36
22,9.11938076808574,-1.29061885939756,1.31596902058644,8.4676144481959,0,0,-0.922576572881912,-0.972778106926254,0.110688788220582,0.645842809172923,37
22,9.28192914557904,-0.218139746807273,1.18951175030537,8.4676144481959,0,0,-0.701844796348891,-0.740385719436746,0.0593653378637518,1.00129233280969,38
22,9.60702590056565,-0.968000446644748,0.756622740509451,8.4676144481959,0,0,-0.690624001603151,-1.03544657343616,-0.717467683153172,0.688186850596895,39
22,9.80708544209586,1.75398306275551,-0.84553507104407,9.71851842257445,0,0,0.577203134050053,-0.292492798111298,-0.683256620761753,-0.380571283258355,40
22,10.1280142899673,-0.7889088895658,-0.408174702237528,9.71851842257445,0,0,-0.542941114372699,-0.724474151405082,-1.04951710481847,-0.0526438565250605,41
22,10.4531110449539,-0.563705634871284,2.0268889802682,9.71851842257445,0,0,-0.801949117591159,-0.877885158118845,0.53633712096184,1.06136678176448,42
22,10.6990175647514,3.54071638942387,-1.81923075093926,10.6218363524934,0,0,1.0005990569693,0.230567998382532,-1.67703010845534,-1.04351341062533,43
22,10.8115510568622,3.36681906282271,-2.71233405432889,10.6218363524934,0,0,1.13709523650919,0.197277809664637,-2.33247873590225,-1.64447359876,44
22,11.2325096754987,1.61464796617616,-1.96131422827439,10.6218363524934,0,0,0.20946588270202,-0.368646712455848,-1.89893997361832,-1.22350559339221,45
22,11.3908901458767,1.58138814574632,-0.98644462199018,10.6218363524934,0,0,0.500140623790389,-0.435192342490519,-1.97874569644909,-0.740700978064366,46
22,11.6493003870199,3.05242081692619,-2.77458598939095,11.5871566891008,0,0,0.990242316122719,0.205005298401857,-1.96399228936912,-1.19035073008349,47
22,11.7743376004763,2.98398206764206,-1.79035120738928,11.5871566891008,0,0,1.24389719767212,0.19523202199494,-1.69939458191422,-1.31728633484909,48
22,12.236975290265,0.12317747554078,-1.92866965717605,11.5871566891008,0,0,-0.212328745228932,-0.471399714663928,-1.4412863070849,-1.20005426408384,49
22,12.3911878535278,2.11852205455901,-1.62035337552899,11.5871566891008,0,0,-0.0810502903763398,0.0770630077682328,-0.675824969660918,-1.29078878295732,50
22,12.5370646025603,-0.103599862396845,-0.45720934728945,11.5871566891008,0,0,-0.250859216982347,-0.843079709231741,-0.528284710896832,-0.295214473780093,51
22,12.9913664781185,0.962789409170169,-0.385228448455213,11.5871566891008,0,0,0.134062489286219,-0.345007008528346,-1.00463932186668,-0.212754560458844,52
22,13.0705567133075,0.124946152210905,-0.145978903712851,11.5871566891008,0,0,0.0618423305565008,-0.549534928776498,-0.912379121167021,-0.0620002798866628,53
22,13.4289967252158,1.24597499765415,-0.52276666939244,13.3631901219039,0,0,0.342298136698966,-0.43134539642064,-0.744789975728333,-0.0134396054840119,54
22,13.5582018457874,1.45192369125342,0.882793055788308,13.3631901219039,0,0,0.122953345533868,-0.299075970115808,0.279257420726174,0.656943329797465,55
22,13.9333134861566,-2.22157138564817,1.56766700105174,13.638540307153,0,0,-1.10812586119811,-1.25820736658167,0.479163099016878,0.650414114571814,56
23,0,0.5950733802853,0.201655898749893,-Inf,0,0,0.023418894863426,0.245315765530805,0.159576025954346,-0.0916040281741917,0
23,0.0125037213456386,0.793573612247677,0.463009684610827,-Inf,0,0,0.416118295508407,-0.0233430442166881,-0.412081058401,0.241223300201569,1
23,0.26257814825841,2.33985252462228,-1.9107184314401,0.0975565936183557,0,0,1.18013373530784,0.28264962296719,-1.49404386069183,-1.1900257031496,2
23,0.608514438821078,0.991258955112629,-0.387408766239942,0.0975565936183557,0,0,0.617342017168959,0.0822844652680452,-0.527274500367577,-0.360830975286843,3
23,0.808573980351295,0.0606181792949742,-2.38617230873451,0.0975565936183557,0,0,-0.173092884670834,-0.243830933044918,-1.47500601599878,-1.24845414216434,4
23,1.2003572491813,0.942310437630674,-0.308237803697072,1.19386924761168,0,0,0.207743875838055,0.0702483875109586,-0.251763983355207,-0.839358953410492,5
23,1.29205120571599,2.3771445387502,-0.230434720261601,1.19386924761168,0,0,0.934506901698634,0.324928298051106,-0.26325781580766,-0.114032284153818,6
23,1.68800238166121,2.37057462538959,-2.20872825575501,1.19386924761168,0,0,1.1845814277954,0.423313582387758,-1.98784227443307,-1.60247893900913,7
23,1.82554331646323,0.752983746175316,-1.2678216230605,1.19386924761168,0,0,-0.0925725968121169,-0.0117314840409347,-0.66623872494137,-0.830138337362866,8
23,2.2048228639476,0.6459949264188,0.623901012550656,1.19386924761168,0,0,0.685456973710817,-0.0444668395196234,-0.324507041907445,0.168943091248763,9
23,2.3673712414409,0.425996357802807,-0.926739963996128,1.19386924761168,0,0,0.444388794355237,0.0886054926052517,-0.990997048211633,-0.773257044322448,10
23,2.57159869008634,2.92711456085684,-0.607155530698809,2.44870879018787,0,0,1.19356284740217,0.620203357046986,-0.793509375771932,-0.28189785555823,11
23,2.90919916641858,0.484263280368036,0.149635845815756,2.44870879018787,0,0,0.40085564356386,-0.0285257382275886,-0.801794304796055,-0.192031569016556,12
23,3.24263173563561,-0.847458614648862,0.373804085234362,2.44870879018787,0,0,-0.246523613157,-0.332751120233995,-0.516111899203773,-0.259185830775476,13
23,3.33015778505508,0.313269566438951,-0.146737497375254,2.44870879018787,0,0,0.199858811069876,-0.0348198400654477,-0.452279660624361,-0.431371038925517,14
23,3.60523965465912,1.01100265778474,-0.592225548692967,3.40662914954054,0,0,0.709500767330138,0.302283302987213,-0.635589307385066,-0.691482799750146,15
23,3.7927954748437,1.44430236856926,-0.665483022661776,3.40662914954054,0,0,0.267564729148398,0.168485962452612,-0.835727579280694,-0.729289363398859,16
23,4.02619827329562,0.682057281294964,-0.677928879663862,3.40662914954054,0,0,0.592194116839137,0.0637749753737506,-1.39273242079617,-0.33323103690605,17
23,4.35963084251265,0.180307480219796,1.44754845434607,3.40662914954054,0,0,0.294155075435761,-0.20504209225353,0.825892463704315,1.0689846093791,18
23,4.61387317654064,-0.592029005380525,0.173486244833758,3.40662914954054,0,0,-0.445509291758906,-0.185879517051651,-0.496045020313515,0.151750622793582,19
23,4.83060434653171,0.883541817498582,0.355958467085477,4.65783011675096,0,0,0.231822557125638,-0.0786449933727561,-0.416107919849917,-0.0262174643876496,20
23,5.13486156594224,0.171438505102437,-2.24139634553491,4.65783011675096,0,0,0.135034965961331,-0.200921162311605,-1.17062837792301,-1.56903514491621,21
23,5.44745459958321,1.06853535863259,-0.097314865424886,5.15873505365139,0,0,0.842584495036549,0.0198923570835939,-0.921418658664711,-0.158105623103651,22
23,5.66835367668949,0.675321070489578,-0.45322781796738,5.15873505365139,0,0,0.105650226551574,0.241456871778527,-1.27481811435629,-0.76185263853701,23
23,5.84340577552843,-0.498678810749979,0.765375255529386,5.15873505365139,0,0,-0.338177960899337,-0.366760056960391,-0.34380146378411,0.452769633595999,24
23,6.18100625186067,0.912363494363448,0.125609352035554,5.15873505365139,0,0,0.434951588622689,0.0442103235330533,0.308365611600987,-0.343481662759999,25
23,6.3518904435844,2.26602716154603,-1.84389878347791,6.30670010551201,0,0,1.02465106809096,0.363778944727203,-1.57907171459485,-1.3035457915381,26
23,6.6436439416493,1.32468377725988,-1.72131569924424,6.30670010551201,0,0,0.375420617894855,-0.102906042564704,-1.21305478318888,-0.989277666635107,27
23,6.78535278356654,-0.344871836119294,-0.0420026655587291,6.30670010551201,0,0,0.319236129252177,-0.132536397057172,-0.428899979218169,-0.183676906981914,28
23,7.17713605239655,-0.670067604051972,0.882407819895905,6.30670010551201,0,0,-0.27386186738423,-0.422547824260395,-0.20376574179257,0.32147683980241,29
23,7.45638582911581,-0.256862430196146,0.740392487782563,6.30670010551201,0,0,-0.166751722151734,-0.262028112207044,-0.40510020261741,0.0339293310255882,30
23,7.73980351295028,1.04148138146445,-0.0481792349039313,7.54002699759932,0,0,0.518421572730599,0.1625203821322,-0.390954898905403,-0.331989626988827,31
23,7.78981839833284,0.0399471698354182,0.0368475148137538,7.54002699759932,0,0,-0.160746643453472,-0.136910342329201,-0.328494441681088,-0.236771121750706,32
23,8.09824352485859,0.426765537691164,0.0241252163838829,7.54002699759932,0,0,0.175039873945186,-0.1373668528149,-0.446129564829506,0.0784833593062833,33
23,8.49836260791902,-0.121287800134234,0.44805234402463,7.54002699759932,0,0,-0.0715638959019685,-0.433962570709418,-0.269952692389792,0.0567781060730516,34
23,8.71092587079488,2.67633682669069,-1.49871932382443,8.67234856200834,0,0,1.36025699096317,0.424393162393722,-1.15498331653616,-1.20077718752532,35
23,8.92765704078595,1.11591669894282,-0.384296868354143,8.67234856200834,0,0,0.643367047017945,0.12091475385899,-0.865821879095946,-0.568000596379429,36
23,9.17356356058351,-0.818653892402616,2.66821508499336,8.67234856200834,0,0,-0.528638940447154,-0.441611827588238,0.280060440722153,1.94916711328541,37
23,9.28609705269425,-0.311328239614908,2.05488348777585,8.67234856200834,0,0,-0.408176257825615,-0.237762456160709,0.545094080302523,0.864923302289085,38
23,9.64870497171777,-1.40874006802622,1.54985585159545,8.67234856200834,0,0,-0.425453442844649,-0.429455863801912,1.00330220327164,0.761434520524081,39
23,9.77374218517416,-1.61450673299341,2.49277048808799,8.67234856200834,0,0,-0.714175546686428,-0.588976637312633,0.82781108764748,1.57180666462953,40
23,10.1655254540042,1.07115076547975,-1.21143371851714,10.0009938346061,0,0,0.483040858486241,0.0717233097375632,-1.29709549879458,-0.743258853779433,41
23,10.4822863947603,-1.33169969259405,1.42438771376186,10.0009938346061,0,0,-0.377004213041597,-0.455362350913367,0.911083195819035,1.19382085633448,42
23,10.573980351295,-1.41495786253309,1.94591206927684,10.0009938346061,0,0,-0.115689996180351,-0.789158208351983,0.0532108419695987,1.26237711630609,43
23,10.965763620125,-0.668765087548573,0.388933344681611,10.6478545506539,0,0,-0.120735124111286,-0.331377937355717,0.325631422483299,0.180908187871519,44
23,11.0949687406966,1.69565376983576,-0.276589656467704,10.6478545506539,0,0,0.59694200906598,0.297086988778254,-0.479233876166684,-0.365958715907338,45
23,11.3783864245311,0.538857151348937,-1.16527763380965,10.6478545506539,0,0,0.194737844213867,-0.0541311109240389,-1.35067989427882,-0.742759951719155,46
23,11.5242631735636,-0.70396683220205,0.276985203373199,10.6478545506539,0,0,-0.138846616359567,-0.407636965040193,0.0926271393644137,-0.222755464118676,47
23,11.8035129502828,0.541518418026214,0.0793556542038258,10.6478545506539,0,0,0.403300444854866,-0.017639730087734,-0.345125156796388,-0.147856276871648,48
23,12.1827924977672,0.653285572243064,0.555234256489413,10.6478545506539,0,0,0.593358492365222,-0.064047087769285,-0.115971975872911,0.0980899312112006,49
23,12.3036618041084,3.48365450251654,-2.25756437550096,12.210309051982,0,0,1.68378592442017,0.681796412110096,-1.67436240170578,-1.32635504280926,50
23,12.6579339089015,1.41351922513787,0.3488367002798,12.210309051982,0,0,0.6316639304912,0.181967755783845,-0.231326226596717,-0.153181858538742,51
23,12.8163143792795,2.36811107484926,-1.83152238994397,12.8054726107995,0,0,1.0584935589669,0.373288185829126,-1.1489872102324,-0.885003371593048,52
23,13.1164036915749,1.47797318016836,-1.63091634096263,12.8054726107995,0,0,0.908000640883762,0.31832489082836,-1.26176352868835,-1.3064827023863,53
23,13.4248288181006,0.612162022083345,0.239985641570455,12.8054726107995,0,0,0.270215738351851,-0.00459918955593173,-0.0614629572028971,0.194165429878283,54
23,13.5206906817505,0.234341554750468,0.340649104928851,12.8054726107995,0,0,-0.0456487174201021,0.00529323093788517,-0.307849617096896,0.0157241566013963,55
23,13.9291455790414,0.77076242366642,-0.295591800631834,13.7982697629952,0,0,0.573624474054767,-0.257766574798713,-1.12303600168249,-0.0341630351379476,56
24,0,-2.16484906197107,0.882461620538163,-Inf,0,0,-1.31069966943006,0.00630874956879623,0.667541933423476,0.258960802997439,0
24,0.133373027686812,2.08800604969625,-1.26608763587395,0.09769156887196,0,0,0.251299742749376,0.722056205204672,-0.168289051550542,-0.803502649537304,1
24,0.470973504019053,0.438257810540893,0.167021579789655,0.09769156887196,0,0,-0.298141325372801,0.334308215681837,0.340473044172335,-0.459603749537147,2
24,0.662697231318845,-0.587070359944268,0.0721674028426504,0.09769156887196,0,0,-0.771629875635628,0.153785000341904,0.46767522597871,-0.199027844148264,3
24,0.929443286692468,-0.491204954093544,1.84181848746069,0.09769156887196,0,0,-0.239961343549791,0.301844874215788,1.22595987440787,1.16635317968682,4
24,1.21286097052694,-0.788899468070014,-0.134787884548816,1.19977014432482,0,0,-0.803755741369497,0.166282192154928,0.0730491073624814,-0.348489961030679,5
24,1.40875260494195,0.943505401510317,-0.383219017602007,1.19977014432482,0,0,-0.172828628878891,0.515404668806384,0.296997154384136,-0.295128989107005,6
24,1.65882703185472,-0.14378857523333,-0.952209630310599,1.19977014432482,0,0,-0.707637494709619,0.159068761214894,-0.372849967223875,-0.694480279837285,7
24,1.79636796665674,-0.673208575959568,0.201015727728306,1.19977014432482,0,0,-0.699429464524133,0.100450018763107,0.361623323828356,-0.2228033254058,8
24,2.03393867222388,0.267748708998006,0.937627721965089,1.19977014432482,0,0,0.307073921052611,0.558401060583515,1.16509266403081,0.300834108637104,9
24,2.45489729086038,-0.54721948618312,1.08712977383139,2.10772815711904,0,0,-0.644089543417725,0.308009913171487,0.699767112668764,0.423488322294362,10
24,2.50908008335814,-0.36915697614781,0.76486439178452,2.10772815711904,0,0,-0.856176698735875,0.318669803823885,0.675792933022518,0.217666810801669,11
24,2.98838940160762,1.61583623867793,0.132666452138208,2.96007006579938,0,0,0.157129622130359,0.817941269625129,0.368480661921924,0.00209141135718252,12
24,3.09675498660316,0.866753481851947,-0.758043870964868,2.96007006579938,0,0,0.1020912418219,0.402359584052491,-0.19354526002624,-0.825918427388707,13
24,3.48853825543316,0.242131420759041,-0.755208772562906,2.96007006579938,0,0,-0.0073987320657275,0.549170333393209,-0.398908637167955,-0.484127132136158,14
24,3.60523965465912,-0.57096596143713,-0.173486529451109,2.96007006579938,0,0,-0.670650226157027,0.295769108865219,0.21262872039915,-0.379311888151551,15
24,3.97618338791307,0.656772976254217,0.397155484339772,2.96007006579938,0,0,-0.149684122676182,0.408770188189731,0.773684561732356,0.539659506062531,16
24,4.13873176540637,-0.804563437683423,-0.239714012278888,2.96007006579938,0,0,-0.582107962720062,0.105896898975613,-0.0527710917933559,-0.573737668825473,17
24,4.41381363501042,-1.23790422765582,-0.158670076558299,2.96007006579938,0,0,-0.688116130713256,0.114069409966001,-0.212982407714965,-0.650172439785719,18
24,4.72640666865138,-0.0270387197650709,-0.221836653549225,4.65656232141639,0,0,-0.57889994459458,0.338138591205128,-0.17856571446898,-0.463783858217391,19
24,4.90145876749032,-1.12162468692641,0.362566530011201,4.65656232141639,0,0,-0.745535529841828,0.219764632202295,0.640355578568641,-0.164170597132639,20
24,5.2182197082465,0.218931974386692,-1.11281428215639,4.65656232141639,0,0,-0.394002867708875,0.41130438309665,-0.389620794053864,-1.07229551545316,21
24,5.42244715689193,0.994335448244152,0.271833715250989,4.65656232141639,0,0,0.275336848557508,0.664736225180018,0.378172072033796,-0.275275659417017,22
24,5.69336111938077,1.94088932591054,-2.17931812400725,5.61780346486753,0,0,0.0693271496985993,0.81071370228778,-0.915829725942254,-1.91119583647185,23
24,5.98928252456088,-1.6665947570325,1.12538776145299,5.61780346486753,0,0,-1.30896726770326,0.0547461570505136,1.40922040600671,0.274880004327418,24
24,6.16016671628461,0.0523997623530259,-0.334609233107989,5.61780346486753,0,0,-0.648914492137054,0.29005626295014,0.295611260774719,-0.884571022220962,25
24,6.45608812146472,1.91459029026401,0.237896929831787,5.61780346486753,0,0,0.417631813314087,1.02631506446043,0.54778981147701,-0.083728535148159,26
24,6.56445370646026,1.71596661079899,-1.21295086647298,5.61780346486753,0,0,0.339266017915718,0.802757016325906,-0.32863648732776,-1.22013158920099,27
24,6.77701696933611,1.16430253329286,-0.260647716228493,6.7289091239343,0,0,0.266149017321628,0.812078186069486,-0.013503534734438,-0.448394323889576,28
24,7.18547186662697,0.144050911548486,1.85846386589895,6.7289091239343,0,0,-0.402629973993517,0.346448206532154,0.583962176616072,0.661523478497848,29
24,7.49389699315272,-0.730797649301813,0.99145133514718,7.204797965718,0,0,-0.789482206258618,0.286135043761222,1.00232677738457,0.385777771943891,30
24,7.56891932122656,-0.679361704640794,-1.49430779936125,7.204797965718,0,0,-0.593530975290513,0.25096286086326,0.14148008579332,-1.25015851361698,31
24,7.91485561178922,-0.930525686152598,0.901705935076483,7.204797965718,0,0,-0.67629266565576,0.282562268399801,0.944064143506737,0.0231008200823069,32
24,8.15242631735636,-1.58632058805599,1.64901902113871,7.204797965718,0,0,-0.896950555128098,-0.0102759552888532,0.897842314364658,0.403935320305403,33
24,8.33998213754094,0.576634893780379,0.094399828379551,7.204797965718,0,0,-0.19368891315631,0.55192286081691,0.275998379712442,-0.290198799342783,34
24,8.50253051503424,1.36717070173642,-2.22974909342598,7.204797965718,0,0,0.0157508616367315,0.752800219444383,-0.901014551729766,-1.2852881378117,35
24,8.8484668055969,0.513006637958431,-1.00551088321013,7.204797965718,0,0,-0.236636180762501,0.651418308609483,-0.790833033864038,-0.953774588345728,36
24,9.16105983923787,0.644696227609103,-0.750238686285481,9.02231525702832,0,0,-0.0739710299201791,0.638673726831298,0.110124424208967,-0.521532927951322,37
24,9.39029473057458,0.425153812107469,0.85698390945892,9.02231525702832,0,0,-0.509564125057785,0.548030826619705,0.326885430916249,0.318207333799663,38
24,9.53200357249181,0.116457369441669,1.76535523585823,9.02231525702832,0,0,-0.256493533830562,0.237156772504549,1.12467786505011,0.792643396837631,39
24,9.7529026495981,-0.837859648879501,-1.66233545015265,9.62999795308122,0,0,-0.809390016530709,0.165180010058127,-0.45362560284274,-1.13581758534594,40
24,10.0488240547782,-0.669169208375404,0.825681515047029,9.62999795308122,0,0,-0.668341203862975,0.206959657170178,0.689780422893588,0.636876272695997,41
24,10.3655849955344,0.456698985378431,-0.357955706732976,9.62999795308122,0,0,-0.278213886228353,0.457054617913905,0.326739569357088,-0.593534036636135,42
24,10.5989877939863,0.912668755714269,0.147807299483934,9.62999795308122,0,0,0.218866079400416,0.594364276108564,0.00476036144244207,-0.244709344117744,43
24,10.9115808276273,-0.229964727229917,-0.522947207732513,9.62999795308122,0,0,-0.378893885389144,0.328788706977722,0.2728120237187,-0.375634741068255,44
24,11.0491217624293,-0.954817901349473,-1.13010547645641,9.62999795308122,0,0,-0.861457960565544,0.169505541997832,-0.531807279964294,-1.26018331322655,45
24,11.3283715391486,1.57353711020698,-1.48550557315316,11.187877839227,0,0,0.198643655482443,0.76781209723688,-0.886236473179855,-1.10043563316216,46
24,11.5159273593331,0.68752018607799,-0.411520226038105,11.187877839227,0,0,0.355479028621396,0.55415627927018,0.663430533603874,-0.517006933562941,47
24,11.845192021435,-0.737135844724491,-0.194076770423559,11.187877839227,0,0,-1.00139254456464,0.136533455297207,0.335740106845915,-0.449319852691225,48
24,12.1411134266151,0.147427373861837,-1.31609086559476,11.8809366656037,0,0,-0.28157861754782,0.34400114707797,-0.5990783025798,-0.691768761633062,49
24,12.3036618041084,0.801232444073886,-1.47323269887431,11.8809366656037,0,0,0.250820011033311,0.691267459723916,-0.609482202740467,-1.21992374120413,50
24,12.7246204227449,0.346622223315906,0.116416586048376,11.8809366656037,0,0,-0.452090507386692,0.427276111466755,-0.261652087841281,-0.0589481653610551,51
24,12.9871985710033,2.71340868632307,-1.61880776439502,12.8570592306339,0,0,0.569851143094787,0.897695638772059,-0.263937966555845,-1.16384762920097,52
24,13.1247395058053,1.12625727186692,-0.0180397665554531,12.8570592306339,0,0,-0.315932554522089,0.759465696740072,0.340021776893018,-0.285029869402991,53
24,13.3039595117595,0.88638738700545,0.772198447516547,12.8570592306339,0,0,0.10451697122584,0.512904171101384,0.858609515358132,-0.331526997959287,54
24,13.6915748734742,2.72794694013758,-0.817008899906638,13.6057067757705,0,0,0.696605064460167,0.96942483978554,0.0426392890221085,-0.583371494114105,55
24,13.8332837153915,-0.24449097438206,-1.48858257956981,13.6057067757705,0,0,-0.510109355985373,0.220681222918171,-0.614172641628465,-1.245784248945,56
25,0,0.460315941795285,-0.591510753509637,-Inf,0,0,1.43245759407894,-0.180013535861156,-0.417285583842873,-0.522857982473585,0
25,0.108365584995534,1.34788373635298,-0.586737699906362,-Inf,0,0,1.56371367900745,-0.126887233992563,-0.0827223276092484,-0.285094855612621,1
25,0.32092884787139,2.18088632628246,-2.22947027225485,0.25679100692505,0,0,1.60744826119439,0.106776904792153,-0.774180694446381,-0.990676909720824,2
25,0.646025602857993,1.00633194113325,-0.663775016058595,0.25679100692505,0,0,1.26663887998134,-0.157805898996332,-0.194814703799261,-0.167386110405495,3
25,0.971122357844597,-1.49898335253222,1.31581194514938,0.697844656927583,0,0,0.533233859497952,-0.774481808815951,0.918999081064463,0.639006195547441,4
25,1.1003274784162,-0.473707417779226,-1.21742231527974,0.697844656927583,0,0,0.751136587583498,-0.443079186653285,-0.00723105863416573,-0.961243120036336,5
25,1.44209586186365,-0.299977036740865,0.521181518392732,0.697844656927583,0,0,1.10867646058946,-0.439390218752362,0.421771364387882,0.0595449989580034,6
25,1.63381958916344,0.580710887708443,-0.229504529219781,0.697844656927583,0,0,1.51149230359721,-0.467012285433803,-0.0264165646121198,-0.204077303130048,7
25,1.83804703780887,-1.66159599717595,-0.0657256651868144,0.697844656927583,0,0,0.203365553160263,-0.837034693470987,-0.0567587349402806,-0.437062642942415,8
25,2.20065495683239,0.458977942971465,-0.787097159763701,0.697844656927583,0,0,1.39816514777372,-0.224175680840445,-0.26198646165094,-0.737802601593055,9
25,2.37987496278654,0.613098528576178,1.02765487705707,0.697844656927583,0,0,0.999149291512104,-0.225256410569925,0.823734712963643,0.490013873341569,10
25,2.60494194700804,2.10974486330714,-1.08367240079585,2.48361746412344,0,0,1.89530401780809,0.268334893975318,-0.553322837946768,-0.463648211358999,11
25,2.84668055969038,0.212700978692506,-0.935328906508008,2.48361746412344,0,0,1.06038251996201,-0.202156967226744,-0.552197864602886,-0.611133347772828,12
25,3.23846382852039,1.28930372099794,0.00344375430498264,2.88842350607201,0,0,1.22704400664483,-0.100134918395673,-0.422607058883641,-0.185937873620082,13
25,3.3051503423638,0.938413176618401,-1.1727990366363,2.88842350607201,0,0,1.82231866543182,-0.16797586516125,-0.347917361255293,-1.11986565570574,14
25,3.60523965465912,1.87978051513886,-1.37874539008559,2.88842350607201,0,0,1.94485441349291,0.0499678373880927,-1.08811667766623,-0.81579434675646,15
25,3.93450431676094,-0.159804067398053,-0.72703058839843,2.88842350607201,0,0,1.21952591815967,-0.229977405418946,-0.174619771793856,-0.925298001662217,16
25,4.06370943733254,-0.575241923868144,-1.81627563997101,2.88842350607201,0,0,0.945731951871263,-0.652598607286302,-0.523681161930317,-1.23233587470152,17
25,4.28877642155403,-1.00349872521385,-0.200952635335443,2.88842350607201,0,0,0.765263793465471,-0.661881484964046,-0.4254141061023,-0.0545663461474731,18
25,4.7305745757666,0.259218860129552,3.29263965857491,4.56437620049557,0,0,1.06555506188585,-0.386703268713367,1.93318298356443,1.83462153154707,19
25,4.97231318844894,-0.327295638733991,1.14458201990465,4.56437620049557,0,0,0.651731423534433,-0.495063358814704,0.802727016299705,0.932545445299146,20
25,5.19738017267044,0.379348343181723,0.311205405516849,5.0012862680856,0,0,1.14186858454584,-0.298869297015444,-0.0403497487265148,0.448127713813564,21
25,5.43078297112236,-0.0267775767146405,0.987571439757888,5.0012862680856,0,0,1.15827026055246,-0.468881925666316,1.05585818160747,0.511320084901165,22
25,5.5433164632331,0.274546352000226,-0.351984795044116,5.0012862680856,0,0,1.30329032934739,-0.37816061459991,-0.137289026683593,0.324278716177288,23
25,5.81423042572194,-1.80755139984402,0.693440052429932,5.0012862680856,0,0,0.586991357539457,-1.00326256841494,0.740193370057989,0.478144676499539,24
25,6.21018160166716,-1.07100321709525,-0.344682799338654,5.0012862680856,0,0,0.359618873838481,-0.57931677413228,0.36507448264516,-0.239035152254831,25
25,6.47275974992557,0.444720487917884,-1.15811318338825,5.0012862680856,0,0,1.04403386063634,-0.46766364391599,-0.530359545067157,-0.56759020336456,26
25,6.73533789818398,0.426684503182037,0.265143120132004,6.55740650756141,0,0,1.35975120410159,-0.361167553700592,0.44647152589316,0.515582428148017,27
25,6.89788627567729,0.586955900750928,-0.111936732105997,6.55740650756141,0,0,0.969376079361774,-0.226657767376631,-0.20427731013248,0.153885729352483,28
25,7.13545698124442,0.0364591693610826,-0.0116555741661382,6.55740650756141,0,0,1.11241008543239,-0.440743110991287,-0.0408683989653279,0.273041680004456,29
25,7.3563560583507,-0.103647237382,0.692527828274288,6.55740650756141,0,0,0.908539428857321,-0.3626112943494,0.256379647155909,0.513603838298058,30
25,7.67728490622209,-0.0655952530849312,1.49304478149279,6.55740650756141,0,0,0.944711575383817,-0.292220373785054,0.877671952584595,0.946886457470476,31
25,7.8440011908306,-0.269677582294388,0.729107247135455,6.55740650756141,0,0,0.842228963011458,-0.559566042397769,0.825683148265344,0.576074311428765,32
25,8.01071747543912,2.13143470891587,-2.25238335101013,7.94346073291873,0,0,1.9340907180342,0.0743230365979915,-0.503925291111807,-1.23371464372193,33
25,8.360821673117,3.46628630606666,-0.964845395388929,8.33740118931477,0,0,2.04460887871873,0.513429341945916,-0.726314016593701,-0.543531247433566,34
25,8.53587377195594,0.624654560168133,0.134067661531053,8.33740118931477,0,0,1.32704123427606,-0.401616584783293,1.0377654789389,0.562787310666208,35
25,8.93182494790116,-2.24637562158838,1.25284650817357,8.33740118931477,0,0,-0.0353937811548342,-0.98213897340757,0.926458479765748,0.968590433377946,36
25,9.00684727597499,-1.11659913434688,-0.0325766482162092,8.33740118931477,0,0,0.616859683352877,-0.761895393421355,0.415268817058016,0.334120162258242,37
25,9.45698124441798,1.50865456695245,-0.15080355742221,9.29419442178467,0,0,1.83194350239741,-0.0144328546153055,-0.406682113080719,0.145150797071416,38
25,9.73623102113724,-1.18145355930406,1.09548094820098,9.29419442178467,0,0,0.685835823533472,-0.435170655816054,1.07457375808505,1.08978234003608,39
25,9.81125334921107,-1.46731318462624,0.608667156953998,9.29419442178467,0,0,-0.0523157010028832,-0.875504063044651,0.470859869906848,0.353936413569973,40
25,10.2238761536171,-0.536385192771229,-0.977082926068373,9.29419442178467,0,0,1.08299355614,-0.48987311570654,0.122457137105238,-0.504068994314945,41
25,10.4489431378386,0.544059230647134,0.192995632583514,9.29419442178467,0,0,0.958044333547268,0.0127178331279765,-0.184433498757703,0.469098256508035,42
25,10.5406370943733,1.67517473637862,-1.84869515679126,10.475728040939,0,0,1.38067059519505,-0.149644890294145,-0.269366669756874,-1.23925990912638,43
25,10.9157487347425,2.83819375490378,-0.220325824319515,10.475728040939,0,0,2.24497122994757,0.361385468614286,0.0433791033709592,-0.264040013939858,44
25,11.0574575766597,-0.169919721765491,0.353772958999732,10.475728040939,0,0,0.860383694255239,-0.410846852940336,0.56423766346469,0.312251333992892,45
25,11.3617147960703,0.565326631086808,0.0725066036902225,10.475728040939,0,0,1.46803505695593,-0.381620124227806,0.0725801255815917,0.0890416373838981,46
25,11.6159571300982,1.18832956043725,-1.21867454776971,11.516533950976,0,0,1.23494805848369,-0.219097854711751,-0.862322837162542,-0.803404160093731,47
25,11.7576659720155,1.77310658554958,-1.32747596972297,11.516533950976,0,0,1.86118033429636,-0.0759452942969419,-0.397622885206059,-1.1140725865889,48
25,12.1494492408455,0.515224986337954,-0.764428282463257,11.516533950976,0,0,1.03959816417162,-0.333451538147202,0.264612909483528,-0.552494060423182,49
25,12.3119976183388,0.736956368304208,-0.678019171061868,11.516533950976,0,0,1.18985784261797,-0.198428158748457,-0.116679200795944,-0.157489278192968,50
25,12.6537660017862,0.687081654012236,-1.2663778313928,11.516533950976,0,0,1.2385860015765,-0.201821023986691,-0.861310273202216,-0.541224270999636,51
25,12.7913069365883,0.617771538160928,-0.316842406345058,11.516533950976,0,0,1.55427187984607,-0.328624194255981,-0.152293037811885,-0.393769476401687,52
25,13.1747543911879,1.10799913345848,-1.09384237336294,11.516533950976,0,0,1.43846930753071,-0.0521760218490135,-0.747051820085919,-0.598330218567742,53
25,13.3414706757964,2.8649856551073,-0.878169417684148,13.3319779450092,0,0,2.10685541764771,0.298551729715728,-0.495599692724031,-0.313893117563577,54
25,13.666567430783,0.174196638452335,0.675521595737517,13.3319779450092,0,0,1.15906530377785,-0.37858832341918,0.954507371867754,0.487453657883658,55
25,13.9583209288479,0.047751351016754,-0.803645873547452,13.7138834921643,0,0,0.795776795731443,-0.548656398963472,-0.481934926387697,-0.421735278395988,56
26,0,-2.32092921038707,-0.00336188475968182,-Inf,0,0,-0.864128987399786,-0.275854888267903,0.154732907333231,-0.563736273036775,0
26,0.0625186067281929,-1.87580686827042,1.62077900685339,-Inf,0,0,-0.822735926732015,-0.315911755937197,0.468029868329345,0.677916551552762,1
26,0.470973504019053,1.12021801000207,-0.429497066702281,0.291993048728909,0,0,0.601494361812877,0.428879436476041,0.211518360249688,-1.04358519512353,2
26,0.596010717475439,-0.0342701811479697,1.51050963677108,0.291993048728909,0,0,-0.0585538153172341,0.40084152285163,0.44925308573537,0.150161797409219,3
26,0.900267936885978,-1.40141948297219,1.75297690278731,0.291993048728909,0,0,-0.488405719163466,-0.0956641410276873,0.772674774065881,0.774734047784168,4
26,1.1670139922596,-1.22956022503147,1.11304853228117,0.291993048728909,0,0,-0.452015224502556,-0.0278612043833676,0.481402381187083,0.392144209487879,5
26,1.37124144090503,0.0568869519719516,0.377436750141986,0.291993048728909,0,0,-0.24525337495043,0.0798680090713366,0.435315701971525,-0.104123766019148,6
26,1.5879726108961,1.91219639316951,-2.14112997433209,1.43904111713458,0,0,0.697818490910084,0.79251818827909,-1.25839375617124,-1.69418784805536,7
26,1.81303959511759,0.30108929361783,0.244532399265032,1.43904111713458,0,0,-0.057936817785713,0.281478466728922,0.244439396442559,-0.324439787292614,8
26,2.11312890741292,1.73738038351031,-0.442209680219679,1.43904111713458,0,0,0.375206724852843,0.618592843798273,-0.398029716343891,-0.630196597887752,9
26,2.45906519797559,-0.214993393391944,0.584189343166706,1.43904111713458,0,0,-0.0769586858263903,0.152859741210068,0.699005598894269,-0.213696859933835,10
26,2.65912473950581,1.10341338943945,-1.11997147722557,2.55448268609695,0,0,-0.164068935150513,0.529151871633355,-0.726493887742568,-1.13910152736572,11
26,2.80083358142304,-0.043500861180773,-1.55932891684577,2.55448268609695,0,0,0.154226975720947,0.208599645861218,-0.676640298914953,-1.68197005623895,12
26,3.09258707948794,1.45065793722815,-0.818393565395655,2.90833423823978,0,0,0.742359997289725,0.693115526185259,-0.632812859345011,-0.969264351605072,13
26,3.40934802024412,-1.03961939740557,-0.856340507470322,2.90833423823978,0,0,-0.721737647255682,-0.0248966695967777,-0.631830101186324,-0.72655750195127,14
26,3.64691872581125,-0.514806214046165,0.00510216632749982,2.90833423823978,0,0,-0.457728059795647,0.0746161020670039,0.529095921962463,-0.285506900017076,15
26,3.97618338791307,1.5744825096632,0.661059302299894,2.90833423823978,0,0,0.71637785525573,0.609968345845094,0.0903794042872616,-0.030532540168259,16
26,4.03036618041084,1.5781159569333,-0.497601804947744,2.90833423823978,0,0,0.539643099038555,0.589977424778772,-0.391699012379824,-0.704248919730864,17
26,4.43465317058648,-0.52097311526045,-0.810385750598746,2.90833423823978,0,0,-0.49267361417204,0.19227773232761,-0.568252131954831,-0.991595494453034,18
26,4.58886573384936,0.377685764880089,0.355633533580124,2.90833423823978,0,0,0.0772434107655316,0.249424484954988,-0.00995086502415787,-0.296140362805436,19
26,4.8597796963382,3.43250778814798,-3.84296978868551,4.7569488324619,0,0,1.18870547864213,0.960733285379253,-1.74768343625675,-2.6934881831414,20
26,5.14736528728788,3.81239990207702,-2.34275551140751,5.10345662624145,0,0,1.42424836390658,1.13112671169066,-1.2603803363436,-2.01635412359857,21
26,5.29740994343555,2.59493293029386,-1.41136881374359,5.10345662624145,0,0,0.468549648191333,0.898433688240722,-0.143931474551869,-1.40443091150175,22
26,5.56415599880917,0.554570098158403,-0.123303301251079,5.10345662624145,0,0,0.364158224955622,0.0984545639342405,0.170393918376128,-0.288669492640812,23
26,5.92259601071748,-0.948778071917112,1.84969438658621,5.10345662624145,0,0,-0.561564627487259,0.0219247732752399,1.0505009623552,0.852756090842217,24
26,6.19350997320631,-0.50497828055204,0.298984563931953,5.10345662624145,0,0,-0.437412151185467,0.0470879493167072,-0.081911968015621,-0.177985140370871,25
26,6.41024114319738,-0.0847190083969092,-0.932679728164298,5.10345662624145,0,0,-0.0944565014505185,0.224762611047812,-0.395768689336063,-1.26092841828897,26
26,6.58112533492111,0.124348365488148,1.20799374078945,5.10345662624145,0,0,-0.270306160023866,0.372170894298237,0.23505029569341,0.0374849411357754,27
26,6.76034534087526,1.29456499282777,1.15140992083206,5.10345662624145,0,0,0.366857807963362,0.37030472814216,0.789718743078575,0.196981388842011,28
26,7.11878535278357,0.200042963216266,-1.73324170449552,6.87332034233349,0,0,-0.138331108290554,0.301671804779765,-0.500652356946147,-1.56572830950694,29
26,7.26883000893123,0.119072555933421,-0.385498938532305,6.87332034233349,0,0,0.214616720128646,0.400584987364422,0.0935689551501781,-0.844005039770119,30
26,7.53974397142007,0.677683723059827,-0.981857148423001,6.87332034233349,0,0,0.496152838366625,0.360003931449479,-0.584143615183491,-0.892394625665954,31
26,7.95236677582614,1.24068731323874,0.0475829656880686,7.74192780643845,0,0,0.85323770487416,0.427675751669881,-0.49799465385326,-0.927103019871175,32
26,8.1982732956237,-0.250094683491441,-0.955364593996115,7.74192780643845,0,0,-0.173146372966076,0.206204827657184,-0.686471194007895,-0.807915393085011,33
26,8.44417981542126,2.90116488899127,-0.779269758173404,8.20710033765958,0,0,1.04346892302884,0.875690721604227,-0.629397897820978,-0.964645166669984,34
26,8.70259005656445,-0.590935773790648,0.821195626099861,8.20710033765958,0,0,-0.448236300834444,0.0472773912894467,1.01678815321408,0.273404271705718,35
26,8.99851146174457,-0.168799656931375,-1.09674071861639,8.20710033765958,0,0,-0.0394355154612437,0.0269860186184776,-0.488073141893402,-0.729066762727864,36
26,9.06936588270319,2.27032090246428,-1.00853848286624,8.20710033765958,0,0,1.04416423401384,0.951873888321803,-0.306859800470566,-1.16454408912965,37
26,9.48198868710926,-0.76789188951487,-0.283868159675487,8.20710033765958,0,0,-0.412074402513603,-0.115240323334006,-0.01726822812148,-0.787870529954237,38
26,9.58201845787437,2.55877987594477,-1.57252600526182,9.54381622002245,0,0,1.02722632462049,0.951704617180846,-0.994830206241965,-1.35219972187725,39
26,9.78207799940459,1.45356778321635,-1.51818495352509,9.54381622002245,0,0,0.503546503968073,0.558766436157786,-0.706432966832573,-1.46441088411248,40
26,10.1530217326585,1.01094273673274,-0.195240813372176,9.54381622002245,0,0,-0.13403999841928,0.521418276364135,0.0646899348711974,-0.86566471906131,41
26,10.436439416493,0.726290837723794,-0.362086059711497,9.54381622002245,0,0,0.102326868841426,0.464854802243301,-0.136823150416236,-0.655488369192953,42
26,10.6281631437928,1.30902406152428,0.464702870698973,9.54381622002245,0,0,0.402388600568929,0.525066473564913,-0.0326666349892698,-0.18588768999281,43
26,10.8323905924382,2.61007368102056,-0.637282770928334,10.7243104504941,0,0,0.918332647540048,0.867865117280741,-0.430675864946769,-0.929269081897785,44
26,11.024114319738,-1.05547877171834,-1.99280785243096,10.7243104504941,0,0,-0.633967923388724,0.023599490090674,-1.61974548633381,-1.81594668678862,45
26,11.3742185174159,1.84866085288804,-1.0590723273282,10.7243104504941,0,0,0.824498145611828,0.701819143822343,-0.975576191256889,-1.05664831442385,46
26,11.6951473652873,0.525071920368155,-0.567794985944679,10.7243104504941,0,0,0.0904543714028044,0.482001405074748,-0.107887737772838,-0.554907616359491,47
26,11.7910092289372,1.71063590365912,-1.66624751945949,11.6982697911131,0,0,0.511564285743778,0.523143649377551,-0.559501215769293,-1.37124714303727,48
26,12.2328073831497,-0.984864438333981,2.03604327979494,11.6982697911131,0,0,-0.54188384743369,-0.0806542866102108,1.23653417384913,0.354665839470037,49
26,12.4953855314082,-0.965539166534856,0.515118424006545,11.6982697911131,0,0,-0.481850425442612,-0.0297144787256896,-0.0561567717056771,0.0354649581746396,50
26,12.6621018160167,0.250558545100259,-0.203531116853489,12.5204413136252,0,0,-0.307345662916244,0.279430977014171,-0.522299275777469,-0.3910192845047,51
26,12.9121762429294,-0.240185039816749,0.352849580698821,12.5204413136252,0,0,-0.137902451100467,-0.0987098755570981,-0.0978731186571942,-0.0631774244638749,52
26,13.0038701994641,2.08127783936113,0.666122268090036,12.5204413136252,0,0,0.624343236775871,0.840731706966507,0.0211876405045428,-0.328543555207218,53
26,13.4248288181006,1.01493209943748,-1.05944473445681,12.5204413136252,0,0,0.355472772967472,0.599633800840938,-0.122246866247344,-0.94520708956871,54
26,13.687406966359,0.207134687021673,-0.328012622251845,12.5204413136252,0,0,-0.250417475657345,0.356595582964796,-0.296983180407822,-0.683992270026152,55
26,13.8541232509676,-0.257611714502145,-1.70484834877131,12.5204413136252,0,0,-0.392138494589709,0.220736129202593,-0.587001386047674,-1.3701650309612,56
27,0,1.44282698409709,-0.260743403106417,-Inf,0,0,-0.813001152332865,0.367623551415511,-0.0316780317238886,-0.0653953030583069,0
27,0.137540934802024,0.540384604954824,-0.677503588392445,-Inf,0,0,-0.927198576165266,0.0206645281860439,0.041632106056494,-0.131571565555715,1
27,0.400119083060435,1.87770012226427,-1.57225909331479,0.302459290553816,0,0,-0.0316835579419616,0.276654126540219,-0.756295752459186,-0.801857187274799,2
27,0.662697231318845,1.15891122074903,-1.65614959298753,0.302459290553816,0,0,-0.919489583150573,0.268187110108893,-0.729130850480048,-0.744251637983787,3
27,0.841917237272998,1.7436696505304,0.3612728347465,0.302459290553816,0,0,-0.466595547732274,0.256357008763295,0.13412961037968,0.18194830863726,4
27,1.03364096457279,0.703885518737688,-0.55360366598486,0.302459290553816,0,0,-0.671111952737139,-0.0956773246060705,0.288760168510057,-0.188781010812084,5
27,1.43376004763322,1.64560516401636,-3.12285764860824,1.32177267211776,0,0,-0.498002904636659,0.260549123205809,-1.25863980501698,-2.15166817088136,6
27,1.58380470378089,0.64013010491957,-0.659432087392568,1.32177267211776,0,0,-0.609923106289668,0.0707952159996542,-0.264917715505399,-0.359684257655674,7
27,1.85888657338494,-0.412574491164239,0.599776834943327,1.32177267211776,0,0,-1.40531881833904,-0.205871001704627,0.617141214312543,0.834341706772369,8
27,2.01726704376302,0.697470218308562,-1.07026991582748,1.32177267211776,0,0,-1.06961522411398,-0.0357092152118258,-1.30759920435541,-0.356880461201026,9
27,2.25900565644537,-0.455155903756809,-1.4592575356898,1.32177267211776,0,0,-1.3170134090227,-0.129527836852175,-0.785442202130785,-0.234385455618305,10
27,2.55075915451027,2.48962763498237,-1.813283394556,2.52042521664049,0,0,-0.218423492658426,0.316236582211972,-0.531862301773972,-0.892903279284289,11
27,2.9800535873772,-1.02171499596251,-0.226746871923773,2.52042521664049,0,0,-1.55233357133361,-0.500748989458187,-0.0768803984617207,0.100266977335141,12
27,3.21762429294433,0.308041975387936,0.381436548156604,3.1973161562525,0,0,-1.22158555928201,0.165117172011282,0.301435564998797,0.399241762884359,13
27,3.42185174158976,0.934768022108853,-1.3938342362154,3.1973161562525,0,0,-0.773369018543949,0.240771941688445,-1.10893065055266,-0.902066892796256,14
27,3.58440011908306,0.557302108075609,-1.749994251996,3.1973161562525,0,0,-0.910486082184021,0.0994203205030281,-0.59300705062905,-1.03778207537277,15
27,3.78862756772849,1.90811798659514,-2.30860349849729,3.1973161562525,0,0,-0.180796023545545,0.332953030807795,-0.486944585555665,-1.29193159133692,16
27,4.09288478713903,3.39020028145662,-1.5243072200271,3.94709911105904,0,0,0.403122712502001,0.828822831982587,0.0452915885955145,-0.711309809451761,17
27,4.32211967847574,0.674072179309763,0.388124034407403,3.94709911105904,0,0,-0.873898953639495,-0.0200315491028898,-0.261505304337306,0.105800394024911,18
27,4.66388806192319,-0.205361298601569,0.890870941001424,3.94709911105904,0,0,-0.826470999412898,-0.11212790009675,0.827321812550242,1.13347449976177,19
27,4.96814528133373,-0.0358776458008409,-0.781774242994064,3.94709911105904,0,0,-1.10199643577716,-0.0785228377207327,-0.12455798387668,-0.349205018707472,20
27,5.0223280738315,1.20107442305165,-0.343021296232508,3.94709911105904,0,0,-0.802896861181229,0.268268485188389,0.0297900005325027,0.0636807638874868,21
27,5.43911878535278,0.429700685047509,-1.11418353771152,5.29343931508752,0,0,-0.489740718603172,-0.0997615485948098,-0.481345345396744,-0.777579937986499,22
27,5.69336111938077,0.635845147443374,-0.493769393954995,5.29343931508752,0,0,-1.00683766827002,0.212888565642079,-0.339515621975312,-0.260150164652126,23
27,5.98094671033046,1.75740257399726,-0.982594814928716,5.29343931508752,0,0,-0.479283175929422,0.425002028621543,-0.504280598464856,-0.686399987939698,24
27,6.15183090205418,3.2663986830072,-1.80673069170776,5.29343931508752,0,0,0.413743498735698,0.594491204723277,-0.0296578315357636,-0.835744156961419,25
27,6.37689788627568,1.81385102334221,-1.49360510774763,5.29343931508752,0,0,-0.306571236156534,0.355345338450664,-0.213675809730856,-0.827342700687264,26
27,6.61863649895802,3.64574858885994,-3.78858700490498,6.45356541880263,0,0,0.417801975588945,0.790297721848129,-2.04151540068768,-2.27354765862019,27
27,6.8061923191426,1.46223248365066,-2.02707173325046,6.45356541880263,0,0,-0.362015469182405,0.376647546938854,-0.980929102966413,-1.39104276411024,28
27,7.10628163143793,-1.18660957186208,0.099482681531312,6.45356541880263,0,0,-1.44516150970412,-0.412075559128854,0.521736243791827,0.286506446331187,29
27,7.38136350104198,0.127431079532322,-1.41751772649231,6.45356541880263,0,0,-0.995086330477184,-0.242015795211798,-0.460977039454049,-0.863926111647406,30
27,7.54807978565049,0.988837544449608,-0.487267333455456,6.45356541880263,0,0,-0.388977535439118,0.0939651500752559,-0.00178372214793596,0.0782342151588385,31
27,7.78565049121762,0.179662230740045,0.300376234596348,7.59032164764268,0,0,-1.0548795822948,0.060395836173439,0.49728661245993,0.385783784657794,32
27,8.20244120273891,-0.0880288342218284,1.3716280047985,7.59032164764268,0,0,-0.884425569668781,-0.156486349128614,1.22283120626545,1.15569191930946,33
27,8.26079190235189,0.663400144298566,-1.40054125917314,7.59032164764268,0,0,-0.98591934962747,0.344823526798746,-0.810322756976193,-0.713976300177326,34
27,8.56921702887764,-0.238661816489358,0.528232831989701,7.59032164764268,0,0,-1.22711359748711,-0.158363509634814,0.688771207279955,0.286393051309454,35
27,8.99434355462935,1.51052152636594,0.545382757886962,8.80501491749623,0,0,-0.0485977520202662,0.208263210663912,0.83030379971609,0.364887060896146,36
27,9.19023518904436,1.17457050121583,0.574308292612896,8.80501491749623,0,0,-0.646647104308725,0.376475491696988,-0.121611071773827,0.604232824554254,37
27,9.44030961595713,0.22015554321918,-0.0111252545596053,8.80501491749623,0,0,-0.737044811651328,-0.166308356118792,0.00199381328208864,-0.0346620789603129,38
27,9.74039892825246,0.443787921781158,-0.121179394246727,8.80501491749623,0,0,-0.97356989346025,-0.0453298400234966,0.140453368311995,0.0830349624507514,39
27,9.82375707055671,0.435384133662183,-0.0386031478775782,8.80501491749623,0,0,-0.741816142162652,0.111543627546161,0.0403038941629123,-0.297519083509525,40
27,10.1446859184281,-0.669431532226726,0.617374620360115,9.82430174162862,0,0,-1.2612425711279,-0.356938132178379,0.246899597469344,0.739546861930993,41
27,10.4114319738017,-0.0340878745713432,-1.9005919200193,9.82430174162862,0,0,-1.00541097055903,-0.165122296289118,-1.24901976297174,-1.02816062629618,42
27,10.6823459362906,0.504213451936388,-2.10679124612841,9.82430174162862,0,0,-0.782929069135677,0.0951275138651583,-0.917417348726183,-0.858753650642898,43
27,10.9824352485859,1.19705850307302,-0.401847247021445,9.82430174162862,0,0,-0.551534341822975,0.121401661543636,-0.39635554653324,-0.0407492682342593,44
27,11.2366775826139,1.39434140693395,-1.8163131050035,11.1182502660256,0,0,-0.476967618373613,0.18162632352951,-0.724144292511993,-0.960986279616075,45
27,11.395058052992,-0.0558471832563595,-0.916049024370551,11.1182502660256,0,0,-0.913972341370546,-0.0734008796415115,-0.633558482241403,-0.215856952716343,46
27,11.6659720154808,0.600244000493343,-0.666442522877622,11.1182502660256,0,0,-0.821992781428394,0.0572627738727889,-0.758856401521949,-0.115515080936711,47
27,11.9202143495088,2.79150414280611,-0.903207595599148,11.8986490611488,0,0,-0.0729586168628765,0.521093463988321,-0.747992959713457,-0.664425110116032,48
27,12.1077701696934,1.68371707504658,-0.233343154706833,11.8986490611488,0,0,-0.645679034915032,0.316390566925638,0.341080026260716,0.0186593032424407,49
27,12.3870199464126,-0.600353208341247,0.683152137199083,11.8986490611488,0,0,-1.29917805005479,-0.13702415933902,0.197032010521509,0.531033172560073,50
27,12.6621018160167,-0.580740110869958,2.90725147576152,11.8986490611488,0,0,-1.27459333718459,-0.172431506047999,1.10384774594737,1.83641586819478,51
27,12.9163441500447,-2.4960205570226,1.31488959478073,11.8986490611488,0,0,-1.69381674276821,-0.856079317868578,0.66932072267768,0.567244568678665,52
27,13.099732063114,3.0690213680389,-1.34404077038775,13.0732739330753,0,0,0.156962769667333,0.709704121023779,-0.483240107004236,-0.538198390416635,53
27,13.3373027686812,0.843675637017504,-0.425403867764092,13.0732739330753,0,0,-0.79514617718175,0.213355495845406,-0.471898970312842,0.165534450736994,54
27,13.5540339386722,0.48304523804139,-1.67439464852582,13.0732739330753,0,0,-0.861241123302951,0.108769964653788,-0.663562215126388,-0.78448786277066,55
27,13.7874367371241,1.7062980538849,-1.37075290189813,13.7128107778728,0,0,-0.178856293503842,0.440899526142413,-0.814413694927234,-0.695963641238982,56
28,0,1.14852252466819,-0.318067445363581,-Inf,0,0,1.14654637184724,0.864588241301088,-0.18634669221951,0.111197185930927,0
28,0.02917534980649,-0.304582103823256,0.0545946485298497,-Inf,0,0,0.389829924627456,0.304487888733802,-0.337500350152418,0.582790131127241,1
28,0.46680559690384,1.41332659418934,0.847952582970529,0.0563208366162144,0,0,1.57171219920637,0.570498480962225,0.526796960903261,0.468532063130168,2
28,0.533492110747246,1.67075534761091,-0.0632146491518429,0.0563208366162144,0,0,0.907400300360943,0.810949731511992,-0.217143190811694,0.36207960733975,3
28,0.991961893420661,1.61045600542921,-1.19338232809808,0.779993997186494,0,0,1.1167973163968,0.886741277890159,-0.627664242221091,-0.0961749795847899,4
28,1.06698422149449,0.134053877632013,-0.0147145311782266,0.779993997186494,0,0,0.360197913311954,0.465854279178852,-0.449470929020941,0.00337149859009428,5
28,1.45043167609408,-0.288264262969253,1.72762300262075,0.779993997186494,0,0,0.420454274802962,0.302250732774862,0.557537006550559,1.34669456209846,6
28,1.72134563858291,-0.545862220877208,1.23742249861204,0.779993997186494,0,0,0.59939725451551,0.453814295607724,0.702282065229214,1.36672493652345,7
28,1.76719261685025,-1.23351007650658,1.65397854640112,0.779993997186494,0,0,-0.109108342017148,0.196420121440869,0.587369618560183,1.49952351059996,8
28,2.17564751414111,0.738969564199237,-0.325594923565321,0.779993997186494,0,0,1.31102363753171,0.465854581415429,-0.168460351669834,-0.483917509350867,9
28,2.4965763620125,1.42190553456646,0.295323923636554,2.32997731309957,0,0,0.870159961158907,0.625175955932512,-0.200424447729439,0.19822428144085,10
28,2.70080381065793,0.486312416525891,-0.622374183604364,2.32997731309957,0,0,1.23148026958899,0.463700295863081,-0.167476788846274,0.112908475342592,11
28,2.89252753795773,1.4155039005958,-0.403913920579672,2.83937120914388,0,0,1.37183640822114,0.830844501979324,0.130827897480594,0.0288628638843563,12
28,3.23429592140518,-0.384636549711094,-0.883773687171491,2.83937120914388,0,0,0.160143698392658,0.564671508900056,-0.426360943815466,0.0334844617157143,13
28,3.36766894909199,-0.313494645081152,-0.548157667574042,2.83937120914388,0,0,0.361369682769361,0.318309210053123,-0.40087680999287,-0.0671256286805127,14
28,3.51354569812444,-0.178844145468788,0.578798922518033,2.83937120914388,0,0,0.851915658540373,0.24014961642495,0.636448838886926,0.676807928824508,15
28,3.88448943137839,-0.825992623324241,1.6626623542991,2.83937120914388,0,0,0.120469562777614,0.241646676578596,0.818441457534142,1.32459828483208,16
28,4.04286990175648,-0.421481935306245,0.589959051992727,2.83937120914388,0,0,0.587443013401208,0.102953670487373,0.148754299634414,0.625681905125231,17
28,4.45549270616255,2.15169103113944,-0.495633701537808,4.07154561930085,0,0,1.41407173929736,1.02128387557177,-0.294855311303883,0.231686882660505,18
28,4.54301875558202,0.695842134916149,-1.43637621503036,4.07154561930085,0,0,0.958741971512951,0.619803097987554,-1.42076620423189,-0.700063036115037,19
28,4.95147365287288,-0.114218176061973,-0.140992122841979,4.07154561930085,0,0,0.350722138821396,0.299288273912347,-0.0988698081806025,0.0219634416609469,20
28,5.20154807978565,1.41390252282626,0.146981853702662,4.07154561930085,0,0,0.944809425231778,0.845183311484741,-0.0978930060320593,0.473039342625565,21
28,5.3474248288181,2.45900388654959,-0.606749303213165,5.31635457083153,0,0,1.47685326382253,1.05838309355221,0.043744763220146,-0.0398604125368596,22
28,5.74754391187854,1.1194782489981,-1.1150090502589,5.31635457083153,0,0,0.641496998916295,0.750835718584154,-0.430698760639797,-0.0709494706770017,23
28,5.835069961298,-0.400156132565551,-0.484247393206261,5.31635457083153,0,0,0.79400543536884,0.224870454789802,-0.0744607089906323,-0.064632593122819,24
28,6.05180113128907,0.0516802847037896,2.20671272361011,5.31635457083153,0,0,0.479173218601598,0.527731488664692,0.596410188763315,1.50493802421467,25
28,6.29353974397142,-0.632384824811009,1.50599039295182,5.31635457083153,0,0,0.275977173991744,0.247507990025252,0.993257547194688,1.46816486542818,26
28,6.68115510568622,2.67031147262925,-2.64766578950911,6.33367906360744,0,0,1.91238367178836,1.16300266813403,-1.51188963491347,-1.23105290653935,27
28,6.81452813337303,1.15346848660377,-1.24612579609377,6.33367906360744,0,0,0.842644190444958,0.628506221742658,-0.836942089850437,-0.447914234656188,28
28,7.01041976778803,1.50622498234382,-1.78509058055158,6.33367906360744,0,0,0.824736604862238,0.892530814387684,-1.06032333084879,-0.334873907500396,29
28,7.29383745162251,-0.694235174147874,-1.7700592444781,6.33367906360744,0,0,0.0195923557160552,0.0745104439489892,-0.783511421058444,-0.665572963068415,30
28,7.59809467103305,-0.178853170454386,0.846103892428189,6.33367906360744,0,0,0.324914189386134,0.361481566648969,0.53519695207041,0.670310944504257,31
28,7.83983328371539,-0.603694715536687,-0.150088787072905,6.33367906360744,0,0,0.44936425214498,0.141380445021203,0.214197312115721,0.269943188101992,32
28,8.00238166120869,1.59620027854575,-2.08531328132646,7.98544047047527,0,0,1.23909758604647,0.783882182022323,-1.60811447615438,-0.598954152804541,33
28,8.31497469484966,-0.315249246183874,-0.215494749687649,7.98544047047527,0,0,0.28705889109629,0.122074083047869,-0.185894576292734,0.0223026424222589,34
28,8.53587377195594,1.12372354710199,-0.364011838990548,7.98544047047527,0,0,1.1076877222328,0.560264507003844,-0.114998157329932,0.224866541454614,35
28,8.91515331944031,-0.100936078054145,0.0332610079987045,8.73174897407611,0,0,0.464354479545585,0.35032538611497,-0.115555243025913,0.41503204811416,36
28,9.19023518904436,-0.141222760595034,0.571717784263346,8.73174897407611,0,0,0.497856900345405,0.49779646437063,0.554071854472588,0.828861106058201,37
28,9.34861565942245,-0.817982378168012,0.873876119691687,8.73174897407611,0,0,0.772997061684611,0.102415505110122,0.25127426112079,0.930305521813496,38
28,9.50699612980054,-1.77051594928533,1.90026764868245,8.73174897407611,0,0,-0.033681954047098,0.134469149377821,1.24007882704547,1.3231207647451,39
28,9.77791009228937,-1.699726728005,2.96247816585286,8.73174897407611,0,0,-0.269193385119617,-0.14016820306009,0.986224678186921,2.379530677001,40
28,10.1571896397737,0.412392204446181,-0.899469384651057,9.97167336482805,0,0,0.797073615174949,0.63947906554003,-0.163216117157858,-0.430164928256599,41
28,10.2780589461149,0.0753212599426252,-0.0962790717452573,9.97167336482805,0,0,0.541287190906962,0.463611480030692,-0.201308273678177,0.29776343099984,42
28,10.5406370943733,-1.27118539656737,-0.489554515770475,9.97167336482805,0,0,0.185468975522472,0.0426383989052087,-0.402264190049258,-0.259999822695089,43
28,10.8657338493599,-0.536853988466359,1.51970976488947,9.97167336482805,0,0,0.52940773714637,0.222925810883383,0.25933352499485,1.14149724031253,44
28,11.2116701399226,2.1790747760126,-0.0567306525329213,11.1174820648094,0,0,1.45558155223022,0.959518313120137,0.142383716753553,0.471490230955032,45
28,11.4242334027985,3.46908762129039,-1.0126006307653,11.1174820648094,0,0,1.49383575821458,1.33613699039281,-0.69615683273483,-0.16361303175372,46
28,11.7118189937481,1.11795485010414,-1.58832318782588,11.1174820648094,0,0,0.841804267366214,0.712680582343056,-0.755442868419705,-0.698935592624428,47
28,11.8868710925871,3.33407967198067,-1.36090970511833,11.8218294300873,0,0,1.6161863734551,1.0716599247201,-0.998933037125648,-0.39795234874333,48
28,12.1577850550759,2.24554347477507,-0.270091367651729,11.8218294300873,0,0,1.57343931582406,1.21164974533736,-0.314669519079064,-0.245335746256994,49
28,12.3328371539149,1.88253280410493,-1.09264043222648,11.8218294300873,0,0,1.25231685758765,0.932004754486354,-0.777558868659002,-0.153579445110262,50
28,12.7037808871688,0.0149159497485038,-0.00103536586187639,11.8218294300873,0,0,0.512381467870586,0.360857268254299,-0.174047720733575,0.446525551403143,51
28,12.9580232211968,-0.343435019120989,0.611528158096048,11.8218294300873,0,0,0.419886265343773,0.403360771722749,0.414795773805136,0.439275452535925,52
28,13.1747543911879,0.734086101357183,-0.893327396524246,11.8218294300873,0,0,1.18770319475306,0.730123580356186,-0.609932273039574,-0.291292839257469,53
28,13.3831497469485,3.46465171757386,-3.32618002860193,13.2632877713786,0,0,1.51104433146201,1.35750693518197,-1.44292557597588,-1.68611827573877,54
28,13.5915451027091,2.11324670425409,-2.73916527757302,13.2632877713786,0,0,1.36324976825452,0.95834464746938,-1.76627953198082,-1.30632278012102,55
28,14,1.93757153634478,-0.246221264299358,13.9721597768366,0,0,1.2484668743948,0.800029933209508,-0.278507559525933,-0.257155390026026,56
29,0,-0.227257379943127,1.54631335077306,-Inf,0,0,0.188709659277665,-0.5913342029163,1.0595267388616,0.83557754058814,0
29,0.0541827924977672,-1.74178093494083,2.35754225241654,-Inf,0,0,-0.578812959725962,-0.802406420653771,1.08638691304906,1.38263672876241,1
29,0.429294432866925,-0.283197771959437,1.12999764226948,0.109926492848899,0,0,0.231513121322899,-0.483537944896519,0.553536474710109,0.699821143255747,2
29,0.704376302470973,0.513325612329921,-0.591778972925385,0.109926492848899,0,0,0.722262865563027,-0.586940884201436,-0.486667811593605,-0.209193462580588,3
29,0.771062816314379,0.11310322922613,0.183546394333037,0.109926492848899,0,0,0.654204740943525,-0.551759094569775,0.51436342099863,-0.0921616766280081,4
29,1.02947305745758,0.448203097541802,-1.91044805631778,0.884752203825002,0,0,0.669448474276105,-0.245509449453289,-0.588310158329357,-1.18446874943179,5
29,1.44209586186365,1.5305165272722,-1.0750065113291,0.884752203825002,0,0,1.07844185131637,-0.0728229077514769,-0.493599284273004,-0.28948756480337,6
29,1.72968145281334,1.69818452770054,-1.01092008354689,0.884752203825002,0,0,0.724625410099589,0.0712595594502881,-0.271214933418718,-0.197195332567433,7
29,1.76719261685025,0.836453115169943,-0.387394441545799,0.884752203825002,0,0,0.536924113753689,-0.321749031801533,0.00892717508604501,-0.239908937817972,8
29,2.15480797856505,2.51022841989062,-1.23848479755223,2.12753947488605,0,0,1.14315790921434,0.00653540343006304,-0.440050316344877,-0.52080831159916,9
29,2.48407264066687,-0.21086491167268,-0.203564922553928,2.12753947488605,0,0,0.0988458530439815,-0.486217099269361,-0.167245758151404,-0.392318504189799,10
29,2.60910985412325,-0.543890451307938,-1.69055633450563,2.12753947488605,0,0,0.333009845131221,-0.634748562855625,-0.734725697846587,-1.02585478909343,11
29,2.83000893122953,0.139418419890408,-1.39643823662517,2.12753947488605,0,0,0.0948569282999463,-0.294135610116269,-0.183828155040617,-0.571614976845514,12
29,3.18428103602263,1.99707086570014,-1.67970733238146,3.00341058249514,0,0,0.873271533450727,0.0243392031807844,-0.359647753026498,-1.2762289006531,13
29,3.32182197082465,1.01191382452988,-1.42538723915411,3.00341058249514,0,0,0.749253352136014,-0.175648214676788,-0.863533936744851,-0.660659935623652,14
29,3.67609407561774,-0.183361233667763,1.03317464199862,3.00341058249514,0,0,0.350789527536693,-0.505918066679836,0.435216918450952,0.893843080107948,15
29,3.88448943137839,-0.494636877470134,-0.443878201631427,3.00341058249514,0,0,0.161795386353724,-0.486749557978322,-0.292644348698825,-0.54520817543929,16
29,4.0512057159869,0.769483036783963,-0.727807722469589,3.00341058249514,0,0,0.635498070701852,-0.262821147879997,0.783542200272232,-0.639893717672578,17
29,4.33462339982138,-0.169461122306033,-2.15268372801822,3.00341058249514,0,0,0.198245559522464,-0.46159467461928,-1.56465013845656,-1.04317485050692,18
29,4.71807085442096,-0.534693473684365,1.20534765813596,4.37571105609397,0,0,0.143274105371937,-0.563519760131888,0.682055187204751,0.761486811733564,19
29,4.89729086037511,-0.103630171055306,0.226162753636208,4.37571105609397,0,0,0.0862235801410133,-0.338124964942468,0.736041693147367,0.346218802836197,20
29,5.20988389401608,1.40444373647236,-0.38875605597759,5.04402199840675,0,0,1.01630890066182,0.0557878567965371,0.143176045348306,-0.302005237366301,21
29,5.29740994343555,0.619506961161178,-0.048367498266641,5.04402199840675,0,0,0.612620350080336,-0.095760850607567,0.376348889726663,-0.0897627077009213,22
29,5.68919321226556,-1.00244437789427,0.580248182438956,5.04402199840675,0,0,-0.268294073768441,-0.586229229531688,0.616181907320921,0.495649152536745,23
29,5.77255135456981,-1.11206456839987,1.2982777329286,5.04402199840675,0,0,-0.332843769646533,-0.667820595142777,0.624749979373565,0.524028317718755,24
29,6.05180113128907,-0.358286230418476,-0.953546318532109,5.04402199840675,0,0,-0.0898782976257007,-0.635677728708011,-0.239007095004566,-0.406474604046475,25
29,6.28937183685621,0.20016225402961,-0.136375991657083,6.16662561990177,0,0,0.275081885863583,-0.395445500969097,-0.0502214942046654,0.123872145263527,26
29,6.64781184876451,0.193526455111986,0.899005538541742,6.16662561990177,0,0,0.436779458368888,-0.470677910057155,0.358352451448316,0.68718059719737,27
29,6.91872581125335,-1.34588516135555,0.358950684871303,6.16662561990177,0,0,-0.202956458002597,-0.728499461200916,0.0699968340955188,-0.00131988295146884,28
29,7.01458767490324,0.611091928188135,0.0694930906782205,6.16662561990177,0,0,0.336626145417571,-0.314217967049769,0.28570980021133,-0.00208462401871418,29
29,7.33134861565942,0.537305478158298,-0.505027288127297,6.16662561990177,0,0,0.685169962361976,-0.0866094727214514,-0.435435072067491,-0.452842977228352,30
29,7.7439714200655,0.943161789486884,-1.9223914570733,7.44752987223821,0,0,0.853364315553102,-0.297677751447937,-1.43007215164594,-1.14320900766876,31
29,7.94819886871093,0.0499956366556385,0.394967438363079,7.44752987223821,0,0,-0.10968456247253,-0.351657315834953,-0.032906554185157,0.144715998067404,32
29,8.18160166716285,-0.186000950932753,-0.488567978917264,7.44752987223821,0,0,-0.204918773528068,-0.430752629602429,0.0615336732175355,-0.301025601677365,33
29,8.30247097350402,-0.0613820932328952,-0.143846687372283,7.44752987223821,0,0,0.180188088843078,-0.329487328500275,0.115649253443335,-0.441367997699778,34
29,8.54004167907115,0.12961828055449,-0.0606953316422085,7.44752987223821,0,0,0.369274687374691,-0.414086163116786,-0.299608874216468,-0.301438804743064,35
29,8.91515331944031,-0.555938700919798,-0.0560541491858512,8.60064732628839,0,0,0.0375828948545912,-0.461966395321947,0.229161426783242,0.202824043324489,36
29,9.0735337898184,0.574658565657128,-0.97195823121569,8.60064732628839,0,0,0.296452764955457,-0.246071089279387,-0.585515112686549,-0.230661050071893,37
29,9.42780589461149,-0.584442966222818,-0.447921170394112,8.60064732628839,0,0,-0.188929941739101,-0.603357988860704,0.277108312227041,-0.177751585658717,38
29,9.73206311402203,1.75517378977041,-0.692566394639296,9.56953112781764,0,0,0.778518490107762,-0.0370151045111454,-0.688472285472291,-0.253136914053361,39
29,9.93212265555225,0.89909841301015,-0.102498022167142,9.56953112781764,0,0,0.676752999857304,-0.269065048146987,-0.0623710809296119,0.115502578289805,40
29,10.0946710330456,0.659181297609561,0.319728932894156,9.56953112781764,0,0,0.610313924540265,-0.238527991074043,0.462115701461439,-0.00347433352549947,41
29,10.3280738314975,0.476827989054179,-0.284796585732171,9.56953112781764,0,0,0.260201434011792,-0.15644771085998,0.109786394004762,-0.652482907155081,42
29,10.6656743078297,0.526878397850219,-0.332487454254968,9.56953112781764,0,0,0.447507197463984,-0.408377139406726,-0.239591103482464,0.382983088347289,43
29,10.9115808276273,0.752909666732451,-0.99392071493732,9.56953112781764,0,0,0.643824825938161,-0.121560175501325,0.15435591730446,-0.548346458569447,44
29,11.2283417683834,1.60608116294641,-0.322209999684361,11.1071947895044,0,0,0.780986179966738,0.0281258522499153,-0.249249764599729,-0.102587566971655,45
29,11.2908603751116,0.714716855510951,-2.2500672446688,11.1071947895044,0,0,0.760751847447771,-0.188834866083697,-1.26438034266924,-1.86618042364944,46
29,11.6868115510569,-0.800664900739237,0.0087286310839767,11.1071947895044,0,0,-0.16070888428982,-0.656050592575486,0.206199809882938,-0.0335772064772564,47
29,11.9952366775826,-0.430009675602986,0.319501159276462,11.1071947895044,0,0,0.167833791924836,-0.673532767878513,-0.431630256171854,0.247168455589327,48
29,12.1119380768086,1.15399255392524,-0.789148137216471,12.0224760499353,0,0,0.837458056292436,-0.270461301196459,-0.518857882019881,-0.37134748523948,49
29,12.3703483179518,-1.14582669196453,0.892848709100753,12.0224760499353,0,0,0.0282117465748056,-0.634530228942696,0.758037265085673,0.550228782452503,50
29,12.707948794284,-1.58106280027765,0.793154459637796,12.0224760499353,0,0,-0.591593719505767,-0.789288210267626,0.611897307400223,0.64643930112888,51
29,12.9330157785055,0.110860781304708,0.583570970941778,12.7082721380535,0,0,0.394624937132032,-0.370148778430124,1.03989276354952,0.411152681109345,52
29,13.1955939267639,0.912587819249865,-0.350921468939787,12.7082721380535,0,0,0.53631591744781,-0.346642431924198,-0.0529516725618003,-0.370076376252525,53
29,13.4873474248288,-0.68212086959012,0.138216389352057,12.7082721380535,0,0,0.107985746967581,-0.657218050526954,0.330451786285492,-0.0558449636954244,54
29,13.6957427805895,-0.672673807374266,0.290753010162871,12.7082721380535,0,0,-0.340047765343653,-0.48430117892834,0.743364019336347,0.203065055391083,55
29,13.7749330157785,-1.01780416610836,-0.348736235635084,12.7082721380535,0,0,-0.22625315397432,-0.667570433729539,-0.521670057080601,-0.130291591504292,56
30,0,-0.0564815336694103,-0.1487488476058,-Inf,0,0,-0.380596327651534,-0.512440200012415,-0.0669251531621994,-0.672586837207519,0
30,0.212563262875856,-1.03888822917127,-1.22847463762967,-Inf,0,0,-1.32603605927658,-0.842969925555062,-0.686660043833121,-0.964921160011141,1
30,0.383447454599583,-0.665689568451539,-1.55660312581728,-Inf,0,0,-0.882546637269906,-0.442457112591712,-1.13120683957196,-0.928806744161678,2
30,0.629353974397142,2.03669782432231,-1.92515969800768,0.43277656288119,0,0,0.259998072215669,-0.056202112384179,-0.90032398672349,-1.29899726964473,3
30,0.971122357844597,-0.159301786631983,-0.686751426106414,0.43277656288119,0,0,-0.93072384347657,-0.512334694963469,-0.455743870445182,-0.440241215163542,4
30,1.17951771360524,1.26075965801836,-0.334921412659902,1.05727744151193,0,0,0.142321866547431,-0.0576280518336094,0.00862447187088687,-0.0286072010877164,5
30,1.41708841917237,-1.0781283278598,0.0618354273828822,1.05727744151193,0,0,-0.763448349673288,-0.746356293875433,0.0827706379877438,-0.761186980588419,6
30,1.59214051801131,0.307221546551891,0.151866000155072,1.05727744151193,0,0,-0.765885802215812,-0.434215571240791,0.0473757233332451,-0.164044311265849,7
30,1.8463828520393,-0.390360874303124,1.16661358966954,1.05727744151193,0,0,-0.808573916469124,-0.56747547262847,0.656055460260011,0.407883372828228,8
30,2.10896100029771,0.438418548471139,0.0744083153560086,1.05727744151193,0,0,-0.448339210535619,-0.560520868802387,0.407422453480596,0.0689473476925131,9
30,2.25900565644537,1.54837717963619,-0.78208263524432,2.20689400427151,0,0,-0.138679268530868,-0.151140800756931,-0.693020306280046,-0.887066260288452,10
30,2.6257814825841,-0.7922535717424,0.541414023681221,2.20689400427151,0,0,-0.749588593843757,-0.781166710310643,0.649428810326683,0.00797233629864402,11
30,2.90503125930336,3.13511149886708,-0.648682428483907,2.86860939817897,0,0,0.422670969624658,0.312303247516499,-0.228469704983794,-0.496043363735052,12
30,3.16760940756177,0.204216218066782,0.908889193863909,2.86860939817897,0,0,-0.451413132992769,-0.486833045874556,0.531384039559907,0.159631383600006,13
30,3.43018755582018,-0.0816850760846442,-0.950765705371747,2.86860939817897,0,0,-1.08873796497657,-0.56506083162118,-0.234078562262791,-0.738877802509817,14
30,3.60107174754391,1.08985127410498,-1.53213789843105,2.86860939817897,0,0,0.014408690384377,-0.0868615904720876,-0.381923416235504,-0.929629089275845,15
30,3.91366478118488,1.02747441488576,1.0584107133513,2.86860939817897,0,0,-0.434124208251952,-0.186594985768404,1.21530057945815,0.444824370465184,16
30,4.02203036618041,-1.64151795792119,0.446110700934551,2.86860939817897,0,0,-1.04166668691183,-0.882279234019967,0.276079819656687,-0.162733754417956,17
30,4.43465317058648,0.145154012772178,-1.21937528711487,2.86860939817897,0,0,-0.628849003656904,-0.503330230791921,-0.29482516209537,-0.931679785266504,18
30,4.6972313188449,-0.0290752964195807,1.47137039678879,2.86860939817897,0,0,-0.308041234840715,-0.438247208100256,1.11334788765389,0.587187617827566,19
30,4.84727597499256,3.07534130735896,-0.4838139050515,4.72392613325949,0,0,0.819911925891387,0.235365591974598,-0.112995530524658,-0.598880528525638,20
30,5.19321226555522,-0.720658745159574,1.32500592978214,4.72392613325949,0,0,-0.847173496788236,-0.787094163560337,0.949368189500652,0.603792865356551,21
30,5.48079785650491,1.08052717871216,-0.884198142294076,5.35660572945176,0,0,-0.18850398483425,-0.19228980830746,-0.684276589358625,-0.852134290900114,22
30,5.50163739208098,0.77395818756176,-1.39895595232725,5.35660572945176,0,0,-0.0880917769756074,-0.169996492536245,-0.464573296995828,-1.18711681498616,23
30,5.96010717475439,-0.631696552726502,0.398551356536664,5.35660572945176,0,0,-0.857390446986808,-0.685280772277122,0.422269471982456,0.0375333010843625,24
30,6.20184578743674,-0.000379531322191484,-0.135822261631755,5.35660572945176,0,0,-0.624121518756431,-0.48078463819466,-0.064432265936932,-0.515477833983806,25
30,6.36439416493004,-0.340054325875377,1.58307101498327,5.35660572945176,0,0,-0.798072101772748,-0.638437460479777,0.72388622588381,0.500491429230507,26
30,6.50193509973206,0.123330243389498,-1.15026875538271,5.35660572945176,0,0,-0.532198475232464,-0.340513471514545,-0.336212601697666,-0.848673512097181,27
30,6.90622208990771,1.6903447622383,-1.29199629786808,6.90615968090804,0,0,0.184026389971709,-0.123676805638736,-0.628845151143225,-0.616372414312129,28
30,7.17713605239655,2.56020953469675,-1.34169132195631,6.90615968090804,0,0,0.206735115042977,0.191582964003275,-0.680463647341609,-0.999793621592404,29
30,7.27299791604644,2.34502647414833,-2.24127911208761,6.90615968090804,0,0,0.33343691016528,0.151061610335235,-0.402535827535811,-1.58702670355966,30
30,7.71062816314379,1.55535574032681,-0.777030795112299,7.45315629137823,0,0,-0.0596938264828956,-0.252169348414219,-0.354183427512318,-0.932629030094606,31
30,7.86484072640667,0.766443902970323,-0.828871260127848,7.45315629137823,0,0,0.0850616834095626,-0.369312234001911,0.141953194811204,-0.92734207264912,32
30,8.20244120273891,-0.142445338317,-0.976303955300754,7.45315629137823,0,0,-0.773029092599097,-0.480504794517435,-0.835152939713553,-0.663692230780423,33
30,8.28579934504317,-0.598984523369965,-0.707994845241068,7.45315629137823,0,0,-1.11193320510585,-0.585504918177219,0.0816165439001217,-0.995606653840089,34
30,8.72759749925573,0.227246852697424,0.950038792907247,8.29262288767809,0,0,-0.842272103089396,-0.600555230028532,0.700920660236714,0.404694368004306,35
30,8.8484668055969,1.22955095658542,-0.103121872552759,8.29262288767809,0,0,-0.173339109895213,-0.202270797380962,-0.121865353823992,-0.297355963339092,36
30,9.18606728192915,1.3720296876678,-1.29986476274099,8.29262288767809,0,0,-0.140059645589786,-0.142367572261761,-0.332223457312579,-1.05177211286522,37
30,9.42363798749628,0.0380673973177931,1.06101643488743,8.29262288767809,0,0,-0.792559577369406,-0.583890499583515,0.628808550809378,0.523038008049933,38
30,9.64036915748735,-0.253782688022061,0.746087689358877,8.29262288767809,0,0,-0.500557869389573,-0.382049891272292,0.617626629671747,-0.0681772032847897,39
30,9.90711521286097,2.05923685060273,-1.09980242426964,9.76920502298297,0,0,0.325846785330205,0.0358958901299054,-0.342658082490858,-0.539490396694939,40
30,10.0613277761238,1.10273545624488,-0.748516168678679,9.76920502298297,0,0,-0.20124439316733,-0.176984113708913,-0.239623992506001,-0.446244088483866,41
30,10.3530812741887,-0.000288983986468844,-0.980962400568905,9.76920502298297,0,0,-0.402849600600201,-0.333223423365396,-0.641569824897473,-0.695711931253555,42
30,10.7406966359035,1.2187399138692,-0.510028693963033,9.76920502298297,0,0,0.0191593503727669,-0.216609077539461,-0.105015357376598,-0.413278607887892,43
30,10.7948794284013,1.80786079441743,-0.584282003562673,9.76920502298297,0,0,0.176847149031334,-0.161215672010211,-0.108834560858917,-0.4337698657637,44
30,11.2325096754987,1.89513252585683,0.17461194232701,11.1587971865952,0,0,0.163540739873315,-0.0592642375075966,0.338756222491164,-0.228070323736796,45
30,11.278356653766,1.50383849589186,-0.195483377526134,11.1587971865952,0,0,-0.299520718104263,-0.229212166840452,0.314883478892821,-0.289221329457106,46
30,11.5492706162548,0.0461511575080151,1.08039712401901,11.1587971865952,0,0,-0.810929712745841,-0.377016210763176,0.723288094399943,0.3189520348886,47
30,11.8743673712414,2.08725362098475,-2.15499124757349,11.8177189833288,0,0,0.0195562054284485,-0.023127992122996,-1.14316260758394,-1.32446720419376,48
30,12.1536171479607,0.0557959551374917,0.639234512314515,11.8177189833288,0,0,-0.471908878217127,-0.538279753168112,1.10993822961936,-0.144569088452301,49
30,12.3536766894909,0.577132299517252,-0.69290861593095,11.8177189833288,0,0,-0.349264693111136,-0.425073541853597,-0.220994714033958,-0.285751900352209,50
30,12.7329562369753,2.39462568464383,-0.0421710596219065,12.6642191025912,0,0,0.0639073933833808,0.101466589411843,0.0725273361553766,0.312666957244474,51
30,12.8413218219708,1.28825678175904,-1.29036765915371,12.6642191025912,0,0,-0.194421998420649,-0.116691708191136,-0.226473912933609,-0.635109660262923,52
30,13.0913962488836,1.13187253058492,-1.84275935336106,12.6642191025912,0,0,-0.125650842157087,-0.198309324101811,-1.24249849775341,-0.970669428927123,53
30,13.3456385829116,-0.0211731818114359,-0.748415890692849,12.6642191025912,0,0,-1.12123504718421,-0.390406128076712,-0.207039808928011,-0.76670634188407,54
30,13.5957130098244,-1.05457741453144,-0.211395273974507,12.6642191025912,0,0,-1.08656782781483,-0.776570625802838,0.207117239915059,-0.012477868527372,55
30,13.8916344150045,0.716671553223488,-0.811212346901089,13.8833395069931,0,0,-0.365628605017693,-0.181857654139205,-0.377997277600032,-0.586084976210398,56
31,0,0.607291040122624,-1.17098760703676,-Inf,0,0,0.567132553498966,0.690424758683854,-0.798417507107097,-0.340175619644086,0
31,0.162548377493302,-0.0948255519207262,0.165318396704657,-Inf,0,0,0.146075181035714,0.70026794607323,-0.442703200543979,0.609915705213493,1
31,0.40845489729086,0.447306196432766,-1.51252611895007,-Inf,0,0,0.860949644956793,0.876303607766358,-1.44837689307775,-0.417843003428678,2
31,0.704376302470973,1.02741687854365,1.59064636886109,0.416736551164649,0,0,0.412841254873107,0.792000287846104,0.303806432922264,1.28126869301203,3
31,0.950282822268532,-2.78027397139734,1.27221718150541,0.416736551164649,0,0,-1.07251074785227,0.182613197197557,0.192525490019756,1.2270291287106,4
31,1.2003572491813,2.08689491285182,0.709681838818605,1.15221662053194,0,0,1.30344176984562,1.37328948578962,-0.143070822795905,1.02165694034519,5
31,1.32122655552248,0.653644388757638,-1.16548480083949,1.15221662053194,0,0,0.702661284972312,0.894100452722928,-0.780973467648276,-0.196574610624799,6
31,1.60464423935695,0.395333333432459,-1.04125919435465,1.15221662053194,0,0,0.667748118710513,0.709059993838118,-1.40877849067981,-0.397041993436059,7
31,1.879726108961,-0.929026371744509,0.548754516811955,1.15221662053194,0,0,-0.359872978610419,0.277738057303463,-0.513687317132012,1.03303838428791,8
31,2.2048228639476,1.31006536495054,-0.794721858341568,2.09936861686516,0,0,1.13684070628567,1.10478233827588,-0.692720151102754,-0.196981955055061,9
31,2.4632331050908,3.4296798409402,-3.26362822126282,2.09936861686516,0,0,1.94183052121043,1.35120435596754,-1.89543806770523,-0.887246474628997,10
31,2.64245311104495,0.783800092716313,-1.50236810233735,2.09936861686516,0,0,0.649239413632039,0.645476560116375,-1.30473593091337,-0.617950478454411,11
31,2.96338195891634,2.12746181926151,-1.33286760768528,2.83196292814727,0,0,1.34246855934535,1.32023064381947,-1.18936820195242,-0.480352826303001,12
31,3.03423637987496,2.19037274496726,-1.24427299538226,2.83196292814727,0,0,0.956920340280182,1.22432324131607,-1.33264190882714,-0.481050802228712,13
31,3.26763917832688,-0.23600893258641,-0.357365137479784,2.83196292814727,0,0,0.411646202091411,0.81361490588779,-1.05701536566746,0.327432475423674,14
31,3.62191128311998,0.376210904134899,0.0098991301046692,2.83196292814727,0,0,0.771191547347,0.861648915908668,-0.186551930549475,0.625766846021268,15
31,3.84281036022626,0.503545180817265,-0.592411187959027,2.83196292814727,0,0,0.882810395409405,0.666765285631998,-0.623707943186301,0.0406244782306403,16
31,4.11372432271509,0.304344226672578,-1.20910607135936,2.83196292814727,0,0,0.279494821092576,0.680300897244541,-0.906990023574928,-0.107901325588596,17
31,4.35963084251265,-0.404733035018457,-1.15963184528562,2.83196292814727,0,0,-0.485372305601901,0.458257323814145,-0.950329967689182,-0.29927224179935,18
31,4.54718666269723,-0.638415705467442,-1.36824056820015,2.83196292814727,0,0,-0.0861087828476748,0.585872618137955,-0.896045272352549,-0.564340747355939,19
31,4.82643643941649,1.93758668715631,-1.50208439303924,4.68436028951994,0,0,0.760183205682619,1.21589821393084,-1.16961850658131,-0.205661282234144,20
31,5.16403691574873,1.28082533556019,-0.079935545726264,4.68436028951994,0,0,0.641890706393099,0.896216611995925,-0.881913044263471,0.846538053272806,21
31,5.4766299493897,0.102061863734205,-0.881922705988061,5.28145456168836,0,0,0.403013539710143,0.658299508656194,-0.833282628313995,-0.110270766878456,22
31,5.71836856207205,-1.12195365975529,0.154764598822643,5.28145456168836,0,0,-0.0549715168463371,0.241412890640926,-0.181618854030356,0.73182643358189,23
31,5.86841321821971,-0.98009651552166,2.76597290188981,5.28145456168836,0,0,0.0348784941582114,0.448749777877343,0.974180989593372,1.87900534433969,24
31,6.01845787436737,-2.05854734390569,1.09842145795289,5.28145456168836,0,0,-0.741331552564283,0.0538956871964542,0.0612657513284717,1.18833889218937,25
31,6.29770765108663,1.06402082544571,-0.626075894934232,6.15935095985277,0,0,0.72874075539871,0.857206543563904,-0.827131618937959,0.366771712218811,26
31,6.67281929145579,0.418097085734164,-0.344009295835862,6.15935095985277,0,0,0.420361295342857,0.855487922065208,-0.421471066405611,0.334046387235558,27
31,6.82286394760345,-1.45112747385145,1.36848379586043,6.15935095985277,0,0,-0.277857107506603,0.259195639401657,0.289338648821231,1.52063895702909,28
31,7.0646025602858,-1.19885135333997,0.242878926080107,6.15935095985277,0,0,-0.229607094962666,0.266701356211019,-0.251716536606495,0.650473676345856,29
31,7.33134861565942,-0.745144823366047,2.22914577757016,6.15935095985277,0,0,-0.0860312757490322,0.648752260802251,0.644492487971857,1.78502529769777,30
31,7.55641559988092,-0.913225825931818,0.834456679376257,6.15935095985277,0,0,-0.202912162113451,0.521573815143207,-0.419327697057038,1.09521522618125,31
31,7.83566537660018,0.717638424605326,-0.374020602365961,7.8173063048269,0,0,0.810552082113518,0.856445562005799,-0.828197782439594,0.168789307918683,32
31,8.19410538850848,0.583262104430641,-0.408636359385118,7.8173063048269,0,0,0.516926223524948,0.731853209914265,-0.953834457590188,0.401707458043687,33
31,8.40666865138434,-0.496878212419145,-0.3918261758081,7.8173063048269,0,0,0.212573026713312,0.581220493800564,-0.562729066404345,0.205673604788516,34
31,8.53587377195594,0.852787838595033,0.172635161192702,7.8173063048269,0,0,0.866187434919913,0.916468470913582,-0.403812576915386,0.685701412774271,35
31,8.98600774039893,2.13707647378186,-2.11813591986392,8.79786165695136,0,0,1.41913153100631,1.25513469072158,-1.22661841125704,-0.764305053590982,36
31,9.1068770467401,1.97637141712426,-2.02009450073381,8.79786165695136,0,0,1.09510292296357,1.17551680705524,-1.30306989645897,-0.522663567869114,37
31,9.27359333134862,3.42959917484998,-2.68221940386441,9.25704677827441,0,0,1.38409651890698,1.50474741729306,-1.91265834150242,-1.09749755037281,38
31,9.61119380768086,-0.831561174547337,0.534638589764411,9.25704677827441,0,0,-0.184589891440645,0.518858596932381,0.0376785076803337,0.636170138816946,39
31,9.76540637094373,-1.58304006946426,1.20922846047011,9.25704677827441,0,0,-0.314954239596339,0.352222806591358,0.033226270811936,1.18910019765165,40
31,10.0321524263174,1.16100044774791,1.2124049201039,9.25704677827441,0,0,0.883890754776037,0.950464999328155,0.498109629772066,1.37884201666787,41
31,10.3447454599583,-0.235520657421356,-0.691673759017416,9.25704677827441,0,0,0.350035694002723,0.587166425974208,-1.04115164350664,-0.07320519728574,42
31,10.5281333730277,0.717545595601562,-0.0886661375213197,9.25704677827441,0,0,0.27104725938764,0.773055326180621,-0.248228578187162,0.181356728824751,43
31,10.9032450133968,2.23301178492638,-0.989809397506459,10.5653094269855,0,0,1.07346636530833,1.20498966880005,-1.23647203065203,-0.316580940041603,44
31,11.024114319738,-0.0557865627834077,-1.11023462421636,10.5653094269855,0,0,0.0489035312623798,0.49279960590635,-0.634290661918347,-0.177926275514787,45
31,11.2700208395356,-0.50921409200202,1.70328048501057,10.5653094269855,0,0,0.290341552000062,0.538869370425824,0.282220669911519,1.32911587685655,46
31,11.6534682941352,2.14102470266018,-0.928285479518978,11.632120594153,0,0,1.18964816251644,1.37758061107398,-1.26582237047582,-0.213369173067401,47
31,11.8785352783567,-0.422252662671757,1.01839953233176,11.632120594153,0,0,-0.111413890740189,0.556928831691459,-0.111472434563262,1.01224721985551,48
31,12.2411431973802,1.93671934498715,-0.39952782138311,11.632120594153,0,0,1.0256524927702,1.0253487664415,-0.73497370327049,-0.0789123181639063,49
31,12.3495087823757,0.824118196125635,-0.278275854017876,11.632120594153,0,0,0.852098490714104,0.679884109563776,-0.184445210789577,0.395810809661688,50
31,12.7162846085144,-1.05686931374545,1.34642519071473,11.632120594153,0,0,-0.186671243491796,0.435170784386834,0.114524876816322,1.45470409620685,51
31,12.8788329860077,0.169870308239855,0.0909422503369517,11.632120594153,0,0,0.12690260379339,0.555589003797352,-0.533628938767595,0.465664734471023,52
31,13.1622506698422,1.10691282105505,0.995660525255344,12.9127251238813,0,0,0.792843710785145,0.993555643656094,-0.00549957532335943,1.1760267087468,53
31,13.3081274188747,0.881988449612346,0.0273725393537162,12.9127251238813,0,0,1.00408798067952,0.935469766844811,-0.0387252422220512,0.116624056301987,54
31,13.6207204525156,-0.0568283464594439,0.202597898397096,12.9127251238813,0,0,0.700714041353862,0.689301873902002,-0.81137016457426,0.208770594850724,55
31,13.804108365585,0.954192793934652,-0.702238840584258,13.7350411829888,0,0,1.08897168695695,0.882129332369117,-0.590964410157164,0.272343468653941,56
32,0,0.0819169196144401,-0.070706293627626,-Inf,0,0,0.222106524707739,-0.365151090188171,0.88073671303243,0.12045452411833,0
32,0.0791902351890444,0.688299234150891,-1.17418631480196,-Inf,0,0,0.756499146034933,-0.329527641382467,-0.0478180326867377,-0.780978300024263,1
32,0.445966061327776,0.612087838985284,0.0273075762782231,0.303736350510735,0,0,0.268355054736885,-0.142900519479548,0.638720829738462,-0.065036763789339,2
32,0.508484668055969,1.82182545090573,1.59711220041804,0.303736350510735,0,0,1.41396780373415,0.0688366146190522,1.18977256819282,1.08215627343181,3
32,0.837749330157785,-0.216226707499707,0.0437221558181331,0.303736350510735,0,0,0.0687306341171594,-0.429206228813882,0.716069507355236,0.332200048347389,4
32,1.18785352783567,-0.0178698440708153,0.824766639367895,1.17883832137853,0,0,0.61066086992457,-0.37417519698097,1.50662647353448,0.515791738401417,5
32,1.47543911878535,-0.611051595717487,0.141297073063721,1.17883832137853,0,0,0.0745030287073315,-0.695408571185447,0.538199737466656,-0.0794576391845624,6
32,1.73801726704376,0.160335905915279,-1.27636312520942,1.17883832137853,0,0,-0.0484864184273155,-0.412039839623724,-0.236200799206202,-0.716184647799225,7
32,1.90890145876749,-0.0733434517912869,-0.951973682602081,1.17883832137853,0,0,0.283667053206225,-0.695414776329216,-0.223290127494127,-0.608115474441033,8
32,2.14647216433462,0.760328157604492,0.212089800296716,1.17883832137853,0,0,0.593341615486797,-0.330760144597073,0.390938806460377,0.447626962062911,9
32,2.30902054182793,1.57080020341991,-0.641981809729886,1.17883832137853,0,0,1.35092848787499,-0.0582620979995672,0.194948010235396,-0.190548775644514,10
32,2.5590949687407,1.58124050803778,-2.30995978860227,2.4715535329619,0,0,1.00222468795023,-0.0074829103590649,-0.985769411424819,-1.76330100285698,11
32,2.82584102411432,1.09786200539238,-0.957087678978303,2.4715535329619,0,0,0.902444651224867,-0.164012322675291,0.142474856076868,-0.417397983153481,12
32,3.0133968442989,1.16445656895653,0.788257237804914,2.4715535329619,0,0,0.672570483686315,-0.189742079962513,0.618277448371639,0.741766509097862,13
32,3.40934802024412,-0.924798210879222,1.50914914598086,2.4715535329619,0,0,0.0329730849720254,-0.437584642309084,1.52290073488587,1.21891178380141,14
32,3.53438523370051,-0.754964453274222,-0.969014318388278,2.4715535329619,0,0,-0.0537293544888875,-0.363554027748521,0.0829539490845007,-0.362157215944561,15
32,3.96367966656743,0.830158857008351,-1.00365710175365,3.58797247395313,0,0,0.628556906579005,-0.102913353318626,-0.0758925762021941,-0.68795053119811,16
32,4.00119083060435,0.552768001445734,-0.774708086682454,3.58797247395313,0,0,0.419430175519011,-0.4282438636043,0.691525573207677,-0.348012501683741,17
32,4.49717177731468,-0.183973902233126,-0.868021348073648,4.05754473320423,0,0,0.134715430818668,-0.534282220148928,0.355732048009271,-0.193431302979042,18
32,4.59720154807979,-0.185618474572203,0.409685966563435,4.05754473320423,0,0,0.0728041032799695,-0.429815747796728,0.321550207092805,0.406502151647519,19
32,4.99732063114022,-0.898929054090848,0.83355422721642,4.05754473320423,0,0,-0.0787153476591501,-0.419731603803133,1.05410254978794,0.713226095007675,20
32,5.12652575171182,1.37070993259038,-1.319358738773,5.10140189928038,0,0,0.820934277968609,-0.0608619238981467,0.072706535248758,-0.531219136077843,21
32,5.44745459958321,1.09486644468541,-1.54485510549505,5.10140189928038,0,0,1.12920605844865,0.0308682561836755,-0.462163691127496,-0.76611369401524,22
32,5.59749925573087,0.956652832573042,-1.11960443153518,5.10140189928038,0,0,0.808638412819333,-0.150949666735141,-0.962855720383144,-0.443392494194091,23
32,5.96844298898482,0.0592092677761459,-0.748131985783512,5.10140189928038,0,0,0.196665340842287,-0.275187405865627,-0.49903563965943,-0.329796711894859,24
32,6.19767788032152,0.354254851832644,0.607241534273647,5.10140189928038,0,0,0.524843820687151,-0.18102805738758,0.573764512502056,0.275166410719535,25
32,6.32271509377791,-0.583755005969556,1.08928222479309,5.10140189928038,0,0,-0.121997884416495,-0.49520693937596,1.45813296219997,0.569445327549332,26
32,6.68949091991664,-0.157341536836648,-0.497607156418339,5.10140189928038,0,0,0.522364547585486,-0.336538843161752,-0.0612079174362902,-0.22596803923089,27
32,6.95623697529027,1.13660708434032,1.54218811290197,6.87211180223474,0,0,0.662845425275528,-0.171656941540966,1.51956705122389,1.23352583804961,28
32,7.21464721643346,-0.726488168294231,-0.636000616560923,6.87211180223474,0,0,0.0869555350651524,-0.510918129534612,0.44282097456295,-0.0763288920985312,29
32,7.33134861565942,-0.195029491063363,-0.185799430926996,6.87211180223474,0,0,0.529470784168914,-0.405977906780813,0.663481885606897,0.208722621945977,30
32,7.65644537064603,1.59831100540368,-1.33427090209027,7.47855008846292,0,0,0.985040210220277,-0.0433919289156758,0.302156413701134,-0.667864603809011,31
32,7.89818398332837,1.30577323916853,-1.54319447339813,7.47855008846292,0,0,1.04454281978662,0.00547608035368882,-0.348944721993796,-0.886447092378296,32
32,8.0357249181304,0.377627222988011,0.159932598147211,7.47855008846292,0,0,0.487426387004553,-0.180426232175404,0.118722342262114,-0.0101547097479104,33
32,8.31080678773445,0.776985582886183,-1.33649856155419,7.47855008846292,0,0,0.897793667684548,-0.348555282596482,-0.226367280942359,-0.378558775588484,34
32,8.71092587079488,-0.0774993029839005,-0.0425952403631732,7.47855008846292,0,0,0.379002965820663,-0.451351526631834,0.364070975735064,0.0886175798882501,35
32,8.76927657040786,-0.488294392408361,-0.412564993710019,7.47855008846292,0,0,0.125229437066573,-0.572291874416071,0.302275903130922,-0.290001021426414,36
32,9.20273891039,1.1997238131405,1.04069651725842,8.93962507509591,0,0,0.680372480805557,0.00338727397584432,0.805023880982507,0.778443261281533,37
32,9.32777612384638,-0.947107357758127,0.991082301218176,8.93962507509591,0,0,0.083781262990532,-0.503355275849764,0.718310132446528,0.882093368134773,38
32,9.71955939267639,-0.592489269482205,-0.166920434710751,9.54625334637956,0,0,0.0695617496761234,-0.469922149006186,-0.0779971928646641,-0.155931874676647,39
32,9.84459660613278,0.0431035509648698,-1.51391564889787,9.54625334637956,0,0,0.158937544213861,-0.375409107258258,-0.532068301931242,-0.573683662790208,40
32,10.0613277761238,0.948732293280132,0.765269473153418,9.54625334637956,0,0,0.420904286646772,-0.119049627848466,0.909238298085331,0.509284604244476,41
32,10.3322417386127,-0.0395082866475606,0.422934861388835,9.54625334637956,0,0,0.268568821508806,-0.36377109956276,0.743408960286418,0.362270573288702,42
32,10.632331050908,-0.0419784407666542,-0.149213484364463,9.54625334637956,0,0,0.110236509722584,-0.57667075369692,0.784179129939571,-0.0150009265441274,43
32,10.944924084549,0.443960268736572,-1.05056497084614,10.6914275423677,0,0,0.199575316115315,-0.197250425474217,-0.0317499833776652,-0.50453313349683,44
32,11.2283417683834,-2.15551742631085,-0.599047899743828,10.6914275423677,0,0,-0.398292381852504,-0.777778654269151,-0.166857326447196,-0.385123226456039,45
32,11.2700208395356,-2.10524338034085,0.29531052893723,10.6914275423677,0,0,-0.605265265529699,-0.886002721526865,0.404349138770266,0.48180434746524,46
32,11.5367668949092,1.45134334290452,-1.75240120250647,10.6914275423677,0,0,1.21231866140836,-0.0321316203471161,-0.554834468633089,-0.926365850831822,47
32,11.8868710925871,0.989404122690017,0.124844155160851,10.6914275423677,0,0,0.839220748418707,-0.0593555009206804,0.833766129147101,0.113138043655914,48
32,12.1119380768086,-0.358157867910613,-0.100383306556065,10.6914275423677,0,0,0.859523358093338,-0.438768416623363,0.669725940617685,0.476436854087125,49
32,12.2661506400714,2.33802522418352,0.577813845579131,12.1378267020954,0,0,1.29193509211184,0.301174618736486,0.963067076800182,0.496967876304512,50
32,12.6370943733254,0.666376671016253,0.295190381554383,12.1378267020954,0,0,0.356913526393223,-0.311506676759337,0.517966573183679,0.268917151824765,51
32,12.8746650788925,2.1092499732051,-1.05772249718676,12.7790053368797,0,0,0.919390437249522,0.135921081833271,0.150086864022248,-0.690989935134481,52
32,13.1080678773444,1.39082264987624,-0.593868285241908,12.7790053368797,0,0,0.869974683563171,0.0188497553984251,0.0764650562271004,-0.273917977893378,53
32,13.4790116105984,0.905020288680137,-0.00349854405703834,12.7790053368797,0,0,0.789585274507786,0.0604081379154823,0.202039347557672,0.0830151049836114,54
32,13.5748734742483,0.0625149983229323,-1.62919869929686,12.7790053368797,0,0,0.609159808760206,-0.388796180895629,-0.0839049044095474,-0.741180060700474,55
32,13.8374516225067,1.55630914107173,-0.596687577875287,13.6840931009385,0,0,1.00614728428782,0.108610223336339,0.0325530613802072,0.00816185672835776,56
33,0,-1.06329387991927,0.0163788098313469,-Inf,0,0,0.238210405504499,-0.955225087599562,-0.26364981643021,0.237740666630067,0
33,0.20422744864543,1.20866488194359,-0.621552617502717,0.143145725782961,0,0,1.13840742726055,-0.335024666319122,-0.458534299703288,0.0494042724419197,1
33,0.395951175945222,-0.629787108897506,0.66689681108345,0.143145725782961,0,0,0.505632249824119,-0.671097794015418,-0.687001949329713,0.508983917391366,2
33,0.704376302470973,-1.23251428394058,0.638850894501898,0.143145725782961,0,0,0.0220916392915427,-0.847379877922671,-0.0430824188205566,0.561746320958303,3
33,0.983626079190235,-0.773855027300105,1.53119298887547,0.143145725782961,0,0,0.454502991052204,-0.773415364897464,1.07991118055426,1.19688416881782,4
33,1.1003274784162,0.768196197205493,0.297734327441846,0.143145725782961,0,0,0.842988810157959,-0.218630945910736,0.566218601607788,0.731513543328589,5
33,1.25870794879428,1.3773762202188,-1.40764309206498,0.143145725782961,0,0,0.818200673205136,-0.23449514969849,-0.443903608226702,-0.485233491295182,6
33,1.59630842512653,0.857545460125914,0.0954763998808171,1.32245219175059,0,0,0.85839339792059,-0.284474178841612,-0.532169419591069,0.134134023518579,7
33,1.80470378088717,0.835614047277573,-0.717366700294317,1.32245219175059,0,0,1.08513148035835,-0.410857263584777,-0.714616555182762,-0.361749817699952,8
33,2.11312890741292,0.637620988801985,1.04016833820484,2.0492230002034,0,0,0.662855967326113,-0.284525179601926,0.48865598700103,0.921105691300653,9
33,2.37153914855612,0.157672417866716,0.114166299639035,2.0492230002034,0,0,0.973941343198637,-0.464875242776025,0.520598673955041,0.336053011959097,10
33,2.60910985412325,2.18860324150117,-2.76820807107106,2.0492230002034,0,0,1.47253479930689,-0.0623128182375304,-1.30948520577716,-1.51636664286264,11
33,2.94254242334028,0.450091078939147,0.327739314698978,2.0492230002034,0,0,0.860665460229327,-0.322298904623604,0.327413167745171,0.294336532728343,12
33,3.05090800833581,-1.28660929928659,0.650007979551643,2.0492230002034,0,0,0.385449072236416,-0.74493361205727,-0.116761575493496,0.63580326356399,13
33,3.33432569217029,-0.484832586764496,0.320440440349273,2.0492230002034,0,0,0.766719322162992,-0.478577752874019,0.170476849868239,0.257519051173373,14
33,3.60523965465912,-0.491109052266277,1.18955884132126,3.45981825473181,0,0,0.540040554725896,-0.435668472885478,0.484834292526448,1.10071430149538,15
33,3.84281036022626,-0.0737142536077813,1.15382403330317,3.45981825473181,0,0,0.700894562906386,-0.516194674340995,0.258391852970783,1.01073158851296,16
33,4.03453408752605,-0.350516670637861,0.32966641455358,3.45981825473181,0,0,0.608225618661078,-0.541420713818347,0.196785498342689,0.194155161063906,17
33,4.31378386424531,-1.82440071005725,0.747066068488994,3.45981825473181,0,0,-0.113292027378437,-0.936793280875296,-0.0437201273711385,0.98428346441924,18
33,4.61387317654064,1.12959267771561,-0.413606043179815,4.39358623951423,0,0,1.36685017190442,-0.117099153706473,-0.672139903596235,0.234923447112801,19
33,4.95564155998809,-0.307015812532413,-0.285864529227641,4.39358623951423,0,0,0.646091962082626,-0.496550882320234,-0.206377467674575,-0.259326524623262,20
33,5.23905924382257,0.239166655513474,0.887076641155036,4.39358623951423,0,0,0.567501120267124,-0.461832664621042,0.0137866125626925,1.0335104859066,21
33,5.31824947901161,0.391964432567263,1.70782747501252,4.39358623951423,0,0,0.687265254245524,-0.321387310339466,1.04728549896236,1.3916451789116,22
33,5.5099732063114,0.721843521468576,-1.14033260593901,4.39358623951423,0,0,0.848559349752023,-0.255496923447603,-0.890896025903561,-0.723151793622115,23
33,5.96010717475439,1.97347257800512,-0.39172986197218,5.81507610067761,0,0,1.7489055315635,-0.0795357065274663,-0.00371044193194509,0.0328841133460829,24
33,6.24769276570408,-1.2377862311097,1.50641751076597,5.81507610067761,0,0,0.00606022703831602,-0.827280630746923,0.180826399114933,0.844700937741289,25
33,6.38106579339089,-0.469739521787355,0.380595672785864,5.81507610067761,0,0,0.248148117150151,-0.641376421620704,-0.164904774323087,0.787737612296967,26
33,6.6436439416493,2.89714410241741,-4.1096425460064,6.58961684423356,0,0,2.02948776878018,0.606323286418297,-1.89432907434655,-2.3964359951214,27
33,6.94790116105984,0.158312698283067,1.04611097126639,6.58961684423356,0,0,0.874830346556755,-0.506619902391793,0.431237473270525,0.687918247963979,28
33,7.04376302470973,-0.081700635929853,-0.760987806971703,6.58961684423356,0,0,0.68913620942581,-0.422905504608295,-0.755984450124401,-0.431155715122012,29
33,7.25215838047038,0.246040134013569,0.245051950131905,6.58961684423356,0,0,0.891938465874877,-0.485744244254145,-0.0615723050836433,0.290808233099251,30
33,7.60226257814826,0.565997621631743,-1.0565172920327,6.58961684423356,0,0,0.748256607827816,-0.299894878919127,-0.7791808969183,-0.396697891475705,31
33,7.92319142601965,1.55351810930658,-2.0339384874232,7.83426990368081,0,0,1.21468707128065,0.0385348504820746,-1.46789622483078,-1.4168853889238,32
33,8.02322119678476,2.17340642869269,-1.52389487095769,7.83426990368081,0,0,1.19015304456362,-0.0876943338180633,-0.929963166657542,-0.78295452008381,33
33,8.2649598094671,0.122395613924195,0.521559984578121,7.83426990368081,0,0,0.486060280892864,-0.394080346347138,0.171610622777277,0.881331037100252,34
33,8.7484370348318,1.84664072579351,-2.03040891313265,8.43622043136006,0,0,1.36984177880766,0.00688295392616407,-1.29517767539985,-1.27763034458606,35
33,8.84013099136648,0.960950228672638,-1.62277037008425,8.43622043136006,0,0,1.01973610073868,-0.357216164610856,-0.987929981439949,-0.858272835557534,36
33,9.05686216135755,1.68617905798676,-1.25371584285233,8.43622043136006,0,0,1.65290840333614,-0.0171381246417565,-0.398617480510651,-0.474267614231763,37
33,9.37779100922894,-1.4571544650388,0.23987123927626,8.43622043136006,0,0,-0.102211905551508,-0.654992087477996,0.240546387093892,0.175159079766326,38
33,9.67371241440905,-0.85403212477254,1.57597420089472,9.47117463891179,0,0,0.149469172548378,-0.879755634824916,0.137138521211691,0.943453481512774,39
33,9.94045846978267,-0.37985415869618,0.427196453509415,9.47117463891179,0,0,0.336298643219447,-0.551519852742824,0.0137953891067845,0.430355735774255,40
33,10.0488240547782,0.289587845803197,0.274797037257351,9.47117463891179,0,0,0.679923890728123,-0.543939166145595,-0.523297304002723,0.709995739843285,41
33,10.357249181304,-0.95115984566104,0.956517293695228,9.47117463891179,0,0,0.313555169661451,-0.747453211992879,0.0411526003128367,0.625641954935838,42
33,10.6198273295624,1.49211013111011,-1.24716702235441,10.5599143366383,0,0,1.21682450441216,-0.218377689502281,-0.249147820627319,-0.48804951684199,43
33,10.9699315272403,0.572381855608559,-0.456741515042191,10.5599143366383,0,0,0.725461349512874,-0.331594665471779,-0.244773617147441,-0.221647209265017,44
33,11.1908306043465,1.16464185644022,0.164657420845852,10.5599143366383,0,0,1.11685230603074,-0.237821669761014,0.292824851854644,0.215281815104278,45
33,11.4950878237571,-1.25408946433466,0.946685226884496,10.5599143366383,0,0,-0.125183888743757,-0.740917807045649,-0.181769051307332,0.662271833704508,46
33,11.6576362012504,0.0587215528129125,-0.290694350327226,10.5599143366383,0,0,0.198000455796295,-0.545854003466624,-0.580658735698898,0.196023222875445,47
33,11.8243524858589,0.876947244622231,0.294352823572351,10.5599143366383,0,0,1.01366702070739,-0.0392429220441748,0.0340278200695561,0.450757431619925,48
33,12.0077403989283,0.158524771301442,0.287581249165913,10.5599143366383,0,0,0.485421053380356,-0.57971987616143,-0.0867795391893376,0.38046023001758,49
33,12.3786841321822,1.50270431683816,0.944644277744173,12.093250326583,0,0,0.854030608283666,-0.117841452906254,0.165031359879647,0.86283187270146,50
33,12.5662399523668,2.0749803783237,-0.18685717840438,12.093250326583,0,0,1.69644078342124,-0.187085129698272,-0.621842033575272,0.421235115338144,51
33,12.7579636796666,0.223804571690368,0.807583882177743,12.093250326583,0,0,0.643744965792294,-0.297965650975088,0.485973964168979,1.10600167935299,52
33,13.1164036915749,1.43245628650637,-0.891435028840764,12.093250326583,0,0,1.2392962526473,-0.2111810276038,-0.276830879154476,-0.0863076564691418,53
33,13.4081571896398,1.32532258354766,-0.42113115484698,13.3599969920953,0,0,1.12857214717678,-0.200502381420664,-0.816206616354668,0.206048649079819,54
33,13.6957427805895,-0.507045285264052,-0.689858857407805,13.3599969920953,0,0,0.392334270991768,-0.682945331536015,-0.420033624273308,-0.140698112031066,55
33,13.9333134861566,0.199513789750019,0.125473716453848,13.3599969920953,0,0,0.594965663797666,-0.383745571772977,0.467904293259335,0.457727141234459,56
34,0,0.416636499779157,-1.29689810013158,-Inf,0,0,0.0807678067668997,-0.306087740991253,0.0824442127277674,0.0983656241013572,0
34,0.137540934802024,0.0939697502035235,0.201315047873586,-Inf,0,0,-0.303378843859155,-0.502427307129802,0.155665746483567,1.07225643184547,1
34,0.387615361714796,2.09206303825402,-2.54469271706828,0.351328914589249,0,0,0.686668141881803,0.28754834463509,-1.31094024658306,-0.89207843820042,2
34,0.600178624590652,1.15748026260437,-1.9452365298555,0.351328914589249,0,0,0.564666975611522,-0.21243651149316,-0.837677324571631,-0.336879713075627,3
34,0.991961893420661,0.375966183138317,-1.35142339992165,0.91922093136057,0,0,0.175075969377766,-0.470642078337221,-0.595318851382937,0.104565328686267,4
34,1.23370050610301,-0.410342101650187,1.51918589623437,0.91922093136057,0,0,-0.495661163631354,-0.473278266391948,0.847615748832087,1.67955641729131,5
34,1.47127121167014,-0.522935201010589,0.859923526622258,0.91922093136057,0,0,-0.399453049030608,-0.51234430697821,0.198108240973137,1.27970148192616,6
34,1.67966656743078,0.378742359641442,1.60396913910573,0.91922093136057,0,0,0.0863990506865032,-0.482323887257446,0.985573774436286,1.70020724658995,7
34,1.96308425126526,0.935049860752262,-0.565587291445615,0.91922093136057,0,0,0.37705362503346,-0.23902855197435,-0.380583074189781,0.200774582984628,8
34,2.22983030663888,1.93359180915855,-1.49977868034922,2.04461880779933,0,0,0.384690418790072,0.0766335476034173,-0.664840905611915,-0.134420398818715,9
34,2.4298898481691,1.72720392370159,-2.08968400394815,2.04461880779933,0,0,0.319391838019247,-0.0584958415654631,-1.52722614258053,-1.04076749995653,10
34,2.59660613277761,0.850262384098003,-1.30917603939563,2.04461880779933,0,0,0.334468239084007,-0.201036784818816,-0.57547183030125,-0.0144148721276192,11
34,2.87585590949687,1.18410260099768,0.324240744700496,2.04461880779933,0,0,0.371653517435883,-0.144185087416262,0.44619472186897,0.852402030784846,12
34,3.23012801428997,0.0310540606381581,0.229469018472835,2.04461880779933,0,0,-0.170087919184664,-0.391691787399613,0.289631897962088,0.834902739358716,13
34,3.35516522774635,0.915236257959755,-1.11818603280667,2.04461880779933,0,0,-0.0790976531575943,-0.154296072581128,-0.436065785984021,0.268146941102773,14
34,3.70110151830902,0.14114518984552,-1.64373304752672,3.3972908265835,0,0,-0.0442520999627244,-0.226491834905516,-0.877155000687328,-0.332707229473022,15
34,3.98868710925871,2.14529037468675,-0.126452417563154,3.93728393408685,0,0,0.755974938893617,0.133624623010755,0.0575942478712828,0.379599716176849,16
34,4.1804108365585,2.69388271217367,-1.09370890797557,3.93728393408685,0,0,1.13375390423477,0.234402796664529,-0.246564545917174,0.00833747436053845,17
34,4.34712712116701,2.28901295464854,-2.76440240318895,3.93728393408685,0,0,0.57081697057617,0.182999000233175,-1.04400825124862,-1.19412070835987,18
34,4.68889550461447,1.02540281847467,-1.24715733279375,3.93728393408685,0,0,0.369501136387012,-0.122354189018915,-0.213120976013861,-0.221197616406821,19
34,4.99315272402501,2.05726803159988,-1.66175823345176,3.93728393408685,0,0,0.539239328645255,0.158572109296952,-0.420807244832853,-0.411609265165733,20
34,5.15570110151831,-0.066284600727358,-1.30446010970034,3.93728393408685,0,0,0.192379251530797,-0.445492596621639,-0.733784536631134,-0.409489330583389,21
34,5.39743971420066,2.62283515910926,-1.76410620953172,5.23141522944475,0,0,0.529760654150787,0.0698917723056302,-1.1223287559841,-0.472839118593327,22
34,5.55998809169396,0.997227793302928,0.424206731478173,5.23141522944475,0,0,0.504960820154125,-0.374206148333625,0.531053228592453,0.850499571856944,23
34,5.88091693956535,0.105506662242191,0.0702175465340436,5.23141522944475,0,0,-0.272522001133513,-0.376210538255937,-0.256809536991323,0.598511599117265,24
34,6.18517415897589,0.898505494502431,-0.539621360067313,5.23141522944475,0,0,0.378059782893358,-0.236992392970376,-0.0394806660753469,0.430294910711081,25
34,6.37689788627568,0.171332305978592,-0.598283380973921,6.2167610332728,0,0,0.152929936972912,-0.294760166553198,0.119869922431579,0.455364745421572,26
34,6.66865138434058,-2.14984618107377,-0.176135382088038,6.2167610332728,0,0,-1.05690532149563,-0.96005548214905,0.0435540390153777,0.632051745274959,27
34,6.76451324799047,-1.69131750048051,1.15479471368463,6.2167610332728,0,0,-0.49205015992449,-0.955561513848718,0.971791285957964,1.21440834662165,28
34,7.16880023816612,-1.19700805911842,1.82198865484754,6.2167610332728,0,0,-0.613210533309769,-0.59980803174244,0.897417740064342,1.65441433644021,29
34,7.28550163739208,-0.714555374286379,1.35496905054005,6.2167610332728,0,0,-0.29817009799848,-0.633776910924739,0.888923417994756,1.69504318133223,30
34,7.56475141411134,1.15429227468014,0.054168062613207,7.3822058273354,0,0,0.118219505893643,0.0273969420403506,-0.323730423322669,0.613607583571645,31
34,7.78148258410241,0.472504334834205,-0.472913680629977,7.3822058273354,0,0,0.195291170668705,-0.26154234803857,-0.0367713765723601,0.702133103157329,32
34,8.10657933908901,0.64074248516249,-0.327421953139205,7.3822058273354,0,0,0.0432516023826722,-0.274298608342911,0.133103231971322,0.333956905218705,33
34,8.44834772253647,2.27805515472102,-0.85080417912701,8.32810990957973,0,0,0.836737977944774,0.0690761293434489,-0.314424168006268,0.280183446200141,34
34,8.68175052098839,-0.605645877796269,0.344804356487647,8.32810990957973,0,0,-0.517777867686166,-0.718014823416427,0.395365163646381,0.787646415159319,35
34,8.94849657636201,0.0746236698574175,1.55957120425218,8.32810990957973,0,0,-0.286506148677068,-0.579810560458976,0.630512373175525,1.89772173115252,36
34,9.24858588865734,-0.037525342697776,-0.368686583086682,8.32810990957973,0,0,-0.0646779833344448,-0.19497394120742,-0.562326935296071,0.237757843130968,37
34,9.2694254242334,-0.16359709301539,-0.871069118767298,8.32810990957973,0,0,-0.363677528766822,-0.366828965034633,-0.356970159415677,0.462310468461228,38
34,9.73206311402203,-1.25088383334208,0.346924477724561,8.32810990957973,0,0,-0.863594901434522,-0.770488147207216,0.246220410353202,1.17346211110042,39
34,9.97796963381959,1.27120450842283,1.1032794501607,8.32810990957973,0,0,0.26005922312587,-0.240657427329727,0.365081028760658,1.08207755097688,40
34,10.1780291753498,1.57041123227995,-0.577876545265091,10.0865328299186,0,0,0.731247747654936,0.201994581511592,-0.0112578471040623,-0.117374135572143,41
34,10.319738017267,1.11297231908524,-0.867322758113904,10.0865328299186,0,0,-0.151170131854242,-0.257337736914765,0.0419702063407849,-0.297127654915273,42
34,10.5698124441798,-0.783154062173172,0.118260777903613,10.0865328299186,0,0,-0.158322761910854,-0.615272261449872,0.0185819011634137,0.569719483397999,43
34,10.8407264066687,-0.454584921846729,-0.345784289043777,10.0865328299186,0,0,-0.159901775425525,-0.421887380339917,-0.32513230847922,0.494038269079818,44
34,11.003274784162,1.70040891951806,-2.15996863295072,10.0865328299186,0,0,0.538267019367368,0.0719923111931074,-1.1201724179882,-0.357027855467763,45
34,11.4867520095266,-0.0180499693462651,0.0637283365385572,11.2189118560457,0,0,-0.642287414311685,-0.328584979022011,0.61074438048246,1.03705832469515,46
34,11.7201548079786,-2.28512931214052,1.63235061992205,11.2189118560457,0,0,-1.16075196569235,-0.956247201886989,0.973677125496043,1.67459858333466,47
34,11.9285501637392,-1.1627991570766,1.24005021599385,11.2189118560457,0,0,-0.32085807793503,-0.883518195594045,1.23595151916302,1.594698935879,48
34,12.04108365585,0.179098874414472,-0.0158098493545368,11.9761037980242,0,0,-0.244909306683858,-0.258530636489698,0.0972509758591406,0.553281728736602,49
34,12.4870497171777,2.32065238725714,-0.876973938395658,12.4867762940954,0,0,0.457696494332593,0.204602398205139,-0.683084368705428,0.53535005785702,50
34,12.5829115808276,1.1505357873857,0.0188090632850595,12.4867762940954,0,0,0.10887027338401,0.00420575093924391,-0.202505487837018,0.863371223421886,51
34,12.7829711223578,1.37795811525862,-0.28098961030895,12.4867762940954,0,0,0.369561077618809,-0.284663563783605,-0.45227688762345,0.350204033815635,52
34,13.1164036915749,-0.013301383373683,1.26648652515685,12.4867762940954,0,0,-0.302078782537851,-0.326341635105372,0.934042394758695,0.947386201336323,53
34,13.491515331944,-2.07812146590653,2.04849148573926,12.4867762940954,0,0,-0.750808686529129,-0.996644619979885,0.878265799973538,1.99963794212207,54
34,13.7124144090503,-1.36272241889852,-0.342030568201468,12.4867762940954,0,0,-0.516806139268056,-0.780081530219964,0.244506465374784,0.441902934945934,55
34,13.8541232509676,0.106034785539976,-0.668663004155495,12.4867762940954,0,0,-0.19678995086336,-0.410391225931437,0.168483809584149,-0.104569682040352,56
35,0,1.02745294982084,-1.54659305036863,-Inf,0,0,0.614953675578313,0.521396725087383,-0.170246795993576,-1.03071794348121,0
35,0.245906519797559,2.01583724279328,-1.12857392279287,-Inf,0,0,1.06659870674782,0.728061074751099,-0.166644406683212,-0.411706702478513,1
35,0.300089312295326,1.0302999064656,-0.303536037523993,-Inf,0,0,0.313842402876781,0.451946701085786,0.0804040924622429,-0.537600554086099,2
35,0.512652575171182,-0.31952410802927,-1.76716279589185,0.404373717040289,0,0,-0.460974929385504,0.126218842890532,-0.376828162981923,-0.872802722900288,3
35,0.937779100922894,0.509895104986242,-1.54856328255797,0.834741492847052,0,0,0.58849802343964,0.301696704971934,-0.356581617984983,-1.03827110753645,4
35,1.00863352188151,-0.317230114663825,-0.821068871954884,0.834741492847052,0,0,-0.063624455494088,0.057132823608094,0.12420437791955,-0.160690390573136,5
35,1.3295623697529,2.26050517295302,-2.25131814438607,0.834741492847052,0,0,0.659582287397187,0.825098545569892,-1.13070956017036,-1.44492561841275,6
35,1.63798749627865,-0.886371418399467,-0.956188999748533,0.834741492847052,0,0,-0.381835569490928,-0.215045803180007,-0.207877867924143,-0.78027650834132,7
35,1.96725215838047,1.44229103252966,-1.3373627717029,0.834741492847052,0,0,0.863418447315308,0.400343376395212,0.233590015139618,-0.464772993194263,8
35,2.1047930931825,0.364252063658069,0.753177524780033,0.834741492847052,0,0,0.442387656845468,0.143226496329832,0.599445875261518,0.41214929508923,9
35,2.30485263471271,-0.938417787626373,0.645805178081571,0.834741492847052,0,0,-0.0801694765419603,-0.251831348369477,0.259609311806448,0.790662286361802,10
35,2.60494194700804,0.0180245561608608,0.92477159713804,2.43350200345382,0,0,-0.0516419969145529,0.125003808729351,0.602609596686892,0.618420573339725,11
35,2.99672521583805,-0.750610042095227,1.0046893712229,2.80686168588626,0,0,0.0242495968437534,-0.0780240109190704,0.897315081095638,0.754794808807531,12
35,3.24679964275082,0.230985307677208,0.932616052661788,2.80686168588626,0,0,0.12411564224317,0.183477255828475,1.22883929855996,0.875978277421575,13
35,3.43018755582018,-0.516329485320832,-0.0658067521967117,2.80686168588626,0,0,-0.562294449349551,-0.145747258996645,0.529935269636407,-0.0521403154461492,14
35,3.69693361119381,-0.144799929199542,0.0824009012516418,2.80686168588626,0,0,-0.110676669625942,0.0974502492677533,0.344713466081386,0.303875577308221,15
35,3.87615361714796,-0.231032800626581,0.58956944315851,2.80686168588626,0,0,0.19735971969995,0.0484331556113116,0.465991465489342,0.621025174173175,16
35,4.14289967252158,-1.15880044339255,0.505346500546363,2.80686168588626,0,0,-0.400592177133892,-0.280810433618145,1.04494163351774,0.548822507943537,17
35,4.48050014885383,0.846112284597724,-0.78201383838801,4.1703486723288,0,0,0.40181462097675,0.252675923115365,-0.0635678137045613,-0.244845546073564,18
35,4.56385829115808,0.232445993279571,-0.769074867404343,4.1703486723288,0,0,0.354735766108409,0.300630515053281,0.328131699840858,-0.226219457656773,19
35,4.88895504614469,-0.215626419144507,1.41797713487921,4.1703486723288,0,0,-0.0591660957587144,0.0247509992700453,1.95386046176763,1.169469780591,20
35,5.01816016671629,-0.539890845034961,0.815863228425116,4.1703486723288,0,0,-0.0126783417766806,0.0143304857423343,0.365512908761066,0.558158225753616,21
35,5.48496576362013,2.41717364757358,-1.46637052558585,5.36637897783926,0,0,0.756660234453635,0.957539054448635,-0.29207164375795,-0.860164089964653,22
35,5.51414111342662,2.39278801041561,-1.14216847708712,5.36637897783926,0,0,1.01591840035931,0.571187025049482,0.120682136157409,-0.65615138397898,23
35,5.75587972610896,-0.528101734437393,1.28633671403694,5.36637897783926,0,0,-0.00203386385107029,0.0690397128392023,1.16616458191727,0.792741239285027,24
35,6.06430485263471,0.0158940591762225,0.00201705552641701,5.36637897783926,0,0,-0.278313227997318,0.00365510156222487,0.82783690331513,0.304451609293932,25
35,6.36022625781483,-0.310321862222958,0.151063797672788,5.36637897783926,0,0,0.0616380491290692,0.311373078172658,0.818382321822666,0.526879642804035,26
35,6.676987198571,0.681408094344529,-0.86361627047048,6.66826799070785,0,0,0.173011961748319,0.125361542182223,-0.644620131466764,-0.120121166381596,27
35,6.85620720452516,-0.48872388231865,0.446309436952912,6.66826799070785,0,0,-0.0640295199927747,-0.0742481553661487,0.489924249441854,0.199081824273715,28
35,7.00208395355761,1.1683807210813,-1.22482402029479,6.66826799070785,0,0,0.246430286202105,0.407691865875623,-0.0862192479455418,-0.677027414721906,29
35,7.28133373027687,0.985629044638221,-0.0616551918007629,7.19416261973003,0,0,0.450295360234317,0.481901845098556,0.412850142037089,0.477803947885444,30
35,7.63977374218517,0.536301117702692,0.474590879312373,7.19416261973003,0,0,0.0991879118095762,0.166362041190913,1.0587808856019,0.297020459290836,31
35,7.92735933313486,-0.0817919091432413,-0.588923007627184,7.19416261973003,0,0,0.0413117593649039,0.122801608949425,0.014303859728313,-0.205163203559316,32
35,8.11908306043465,-0.841212637005337,1.88095486953001,7.19416261973003,0,0,0.150131725036993,-0.0223716619020213,1.82338857563665,1.37910958010129,33
35,8.31497469484966,0.214465976052993,-1.04921274248235,7.19416261973003,0,0,0.158234408299593,0.252902519934638,-0.379744969238675,-0.636326224075989,34
35,8.7484370348318,0.619790944476798,0.614487507830239,8.3913057232598,0,0,0.431046018361662,0.367283261327963,0.809003913201364,0.730534585885299,35
35,8.89848169097946,0.73401134880731,-0.0337896145010579,8.3913057232598,0,0,0.673284989923191,0.303151556918594,0.772107394450554,0.0417724433866447,36
35,9.19023518904436,-0.724628743938776,-0.226713494179498,8.3913057232598,0,0,-0.0528572834309496,-0.0729576374267762,0.420590485980485,-0.204812922179383,37
35,9.38195891634415,0.786568675311816,-0.733281526458446,8.3913057232598,0,0,0.115786600993896,0.495332287435098,0.632283070600359,-0.132041622212557,38
35,9.7237272997916,-1.63928229521496,0.819838224466604,8.3913057232598,0,0,-0.543519506844452,-0.387790108712621,1.14155929695453,0.0346555211420478,39
35,9.99047335516523,1.40232334364834,-0.798177098921457,9.80101719159418,0,0,0.85634884253076,0.53183285181669,0.111783672213672,-0.150446173364689,40
35,10.240547782078,0.0118311415341539,0.662830768992152,9.80101719159418,0,0,0.0977756844747121,0.0506490950127183,0.413669976136013,0.658755451607964,41
35,10.436439416493,-0.891348100738044,0.511160736350909,9.80101719159418,0,0,-0.565028499080603,-0.198263037675605,0.998575819193098,0.459513224860699,42
35,10.5864840726407,-0.78689226197681,0.375079810505685,9.80101719159418,0,0,-0.302953343452276,-0.0786464049188925,0.898657495986188,0.474164044763084,43
35,10.9115808276273,2.75980138814834,-2.67881472582624,10.7483631122678,0,0,1.22912587198745,0.920054420212536,-1.22666410734057,-1.06372204486565,44
35,11.1033045549271,2.62139332440819,-2.04699552503211,10.7483631122678,0,0,1.21851196406206,0.626991340670728,-0.835968953070524,-1.05126065135754,45
35,11.4325692170289,0.451506642067758,-0.145432618159812,10.7483631122678,0,0,0.50348371162567,0.298975483949885,0.269156869569911,0.405367375510551,46
35,11.5409348020244,1.01279722923094,0.468994245862041,10.7483631122678,0,0,0.662753189354358,0.447225344839405,0.64512917080241,0.530575393117061,47
35,11.8285203929741,-0.817706653294307,0.354992915899266,10.7483631122678,0,0,-0.528519697220668,0.0410056824124437,0.633204466286216,0.0721341792173496,48
35,12.2328073831497,2.15744494937665,-0.617891411557869,12.2271757623217,0,0,0.702330819141438,0.7860492134567,0.510052949558389,-0.0596326458211084,49
35,12.3495087823757,0.791206289508051,-1.17488616426613,12.2271757623217,0,0,0.0584381637605557,0.271441456977638,-0.81517345235445,-0.524013790847503,50
35,12.6454301875558,0.181665316640992,-1.29814393849753,12.2271757623217,0,0,-0.00496318087730292,0.0125449383438993,0.0568261182551645,-0.45372701976037,51
35,12.7913069365883,-0.187615925802523,0.307594291831167,12.2271757623217,0,0,0.426450375753584,-0.017873759010828,0.0413991400370162,0.259061192187835,52
35,13.0955641559988,2.23922907799096,-1.79260013421356,13.0889818964311,0,0,1.34177136371212,0.787336217645363,-0.349181945273536,-0.867768111883561,53
35,13.4039892825246,1.87670857467137,-0.0676220624618769,13.0889818964311,0,0,0.88097177888505,0.736542244744295,0.271558707263487,0.0360014674618772,54
35,13.5957130098244,2.19370872776705,-1.49264132907598,13.0889818964311,0,0,0.896853231918066,0.780798544972617,0.072003549461322,-1.07636791815494,55
35,13.9458172075022,1.32868851401007,-0.763701518122149,13.761358683405,0,0,0.520501414068491,0.397952367570552,0.287490275528098,-0.347981767911396,56
36,0,0.184620942334789,0.143572573112348,-Inf,0,0,-0.0761786108779719,0.548043359865005,0.886838227637191,-0.493755857145996,0
36,0.179220005954153,2.16333709105602,-0.15578082498213,0.13288635131903,0,0,0.410626443882417,1.01403940512885,0.787172244626307,-0.293213797234987,1
36,0.420958618636499,-0.714541020718649,0.831510253064524,0.13288635131903,0,0,-0.542807769562658,0.0817912261661224,0.973162541136024,0.364091891562009,2
36,0.554331646323311,-0.810867475012402,1.20365307545242,0.13288635131903,0,0,-0.204817476677083,0.120522330048074,1.34145557329384,0.968997257955525,3
36,0.775230723429592,1.12422918318215,0.0549146896621498,0.13288635131903,0,0,0.233357101617349,0.682827074696199,0.812248831762458,-0.363934890810837,4
36,1.07532003572492,0.85906833760595,0.366427453907396,0.13288635131903,0,0,-0.0246678735314431,0.76640628768716,1.45116856183731,0.248194944745453,5
36,1.4254242334028,2.89471411038795,-2.51547450829614,1.3123322695243,0,0,1.22121860391924,1.33748056046351,-1.00177433637973,-2.19668910669688,6
36,1.50878237570706,2.03131443270683,-0.972163702217329,1.3123322695243,0,0,0.86549646946585,0.85121999382138,0.445112873635336,-1.13589021062104,7
36,1.93390890145877,0.874171700936474,1.36857173514458,1.3123322695243,0,0,0.332885509079757,0.680114255713119,1.79498408655926,0.29105081971945,8
36,2.10062518606728,2.01960266524804,-0.0859229983365628,2.09098204371627,0,0,0.706603461369301,0.856801903541871,1.04548203857078,-0.412371835947542,9
36,2.27150937779101,0.134468677888947,-1.23365488065053,2.09098204371627,0,0,0.397551920759806,0.691035077904584,0.101547991101318,-1.18604786220389,10
36,2.70080381065793,0.247560049991312,-0.0606000611758403,2.09098204371627,0,0,-0.227065390136101,0.343735952389068,0.728870643879539,0.170157009878025,11
36,2.88002381661209,-1.51441380762189,0.760613117402708,2.09098204371627,0,0,-1.22739538262792,0.0944046408794325,1.40152092324122,0.22290578329795,12
36,3.15927359333135,-0.44711815083492,0.106915244757428,2.09098204371627,0,0,-0.17797043604184,0.372417888888693,0.788518187720721,-0.170224071203747,13
36,3.47186662697231,-0.466825613543463,-0.598808599660031,3.35903227559219,0,0,-0.218668890316057,0.386969933753588,0.551996230247496,-0.866216546776199,14
36,3.58856802619827,0.9821503900295,-0.271660595493013,3.35903227559219,0,0,0.174798987835792,0.657936917427234,0.646282624883128,-0.431422777583617,15
36,3.99702292348913,1.58016423469438,-0.771353230831118,3.35903227559219,0,0,0.5715739383751,0.955637459992815,0.741653198722143,-0.535662889864058,16
36,4.2137540934802,1.81642168691356,-1.02408296027821,4.02395415272779,0,0,0.570663171805541,0.860050038358237,0.793355808308581,-0.963727602404712,17
36,4.35129502828223,1.14280111821899,-0.113604110828,4.02395415272779,0,0,-0.0521018213974772,0.716993756832368,1.18096991278721,-0.105267356262144,18
36,4.72640666865138,-0.197544513272482,-0.316414797197872,4.02395415272779,0,0,0.0427940641101971,0.326353731225255,0.549534025240308,-0.398077969386779,19
36,4.9264662101816,1.70370262880881,-0.200831980644316,4.02395415272779,0,0,0.425617839312605,0.742611459008538,0.23227932656036,-0.521402827853851,20
36,5.18904435844001,0.134636450189161,-1.24464563281069,4.02395415272779,0,0,-0.116142957406292,0.41829376959059,0.260393637126129,-1.02618714897203,21
36,5.34325692170289,4.4772931162679,-1.69623384748449,5.33951081090177,0,0,1.79809410166385,1.37170228108481,-0.243048902646007,-1.20998776074284,22
36,5.53498064900268,0.104702045196849,-0.0758233959416524,5.33951081090177,0,0,-0.227329679727893,0.559799236358107,0.662949842955812,-0.257544122335433,23
36,5.83923786841322,-0.0403901970443719,0.244875949731838,5.33951081090177,0,0,0.259596240293508,0.46462922787527,1.17438744871285,-0.104730647934513,24
36,6.21434950878238,0.816115534142357,-0.975034714455787,5.33951081090177,0,0,0.124467037375665,0.584104588046518,0.0980486738471396,-0.894195707631245,25
36,6.31021137243227,2.07387950969158,-0.274013487334887,5.33951081090177,0,0,0.533855797256318,0.758349381057203,0.722517355135392,-0.375792648133495,26
36,6.5477820779994,0.345670871131387,1.40299590491254,5.33951081090177,0,0,0.174416831544978,0.438167344433413,1.59386778311404,0.972086593972168,27
36,6.75617743376005,0.684882615039116,0.0141437550303902,6.72985476836419,0,0,0.371783259282374,0.502169359782016,1.30814592926438,-0.401279746020034,28
36,7.04376302470973,1.40403076499815,-0.673678824955054,6.72985476836419,0,0,0.330562180419587,0.716517256059337,0.425349533064849,-0.879922021741429,29
36,7.48972908603751,0.990025008795264,0.817331360398954,7.480196563724,0,0,-0.402523545971632,0.80436453955336,1.04974087907819,-0.0449034220644942,30
36,7.62310211372432,0.92717857521739,0.912774216267225,7.480196563724,0,0,-0.0920735492511291,0.635828388495766,0.857053741663892,0.298437821400876,31
36,7.80649002679369,0.470232382894541,-0.675199741957058,7.480196563724,0,0,-0.0946702956028498,0.527768287106593,0.296268425784478,-0.824268123092796,32
36,8.0357249181304,0.274086505351504,1.19289059019201,7.480196563724,0,0,0.041955732519915,0.399544349768671,1.82541891783719,0.464293792062762,33
36,8.38166120869306,-0.689135541226643,1.64996459687584,7.480196563724,0,0,-0.489756203780275,0.326098947622904,1.76898179568489,0.744391280525044,34
36,8.52753795772551,-0.951514207448973,0.660235055364868,7.480196563724,0,0,-0.541909926039877,0.0313870348227895,1.77709521548583,-0.108060065952166,35
36,8.86097052694254,1.77658042220684,-0.522996651038212,8.65540486263075,0,0,0.664509783813093,0.871200947967647,0.933829359645027,-0.507482127228004,36
36,9.18606728192915,-2.17962069938103,2.05003256196319,8.65540486263075,0,0,-0.905577364774691,-0.127756124060107,1.58965735607525,0.959216570052724,37
36,9.42780589461149,-1.32331416932401,-0.555297995039336,8.65540486263075,0,0,-0.521712121607141,0.0760240296008993,0.817508286470887,-0.660504670723039,38
36,9.71539148556118,-0.704553599458583,-0.165461313408494,8.65540486263075,0,0,-0.419283858309801,0.158103207326471,0.812662357492302,-0.334737336545408,39
36,9.80708544209586,2.24100358009772,-1.58774237112239,9.7646718167073,0,0,0.974707655221564,0.975467376749738,-0.558274757217253,-1.04412289460975,40
36,10.1571896397737,0.95157463274665,0.471583368233583,9.7646718167073,0,0,0.30124952520802,0.631708637394782,1.55021951025348,-0.125359786430233,41
36,10.3405775528431,0.0413203673132402,-0.63054563905929,9.7646718167073,0,0,-0.0497006110280124,0.448818893017634,0.514647987191118,-0.773266786114274,42
36,10.6698422149449,-0.251671602589596,-1.28719347565033,9.7646718167073,0,0,-0.281769447273086,0.266307188794515,1.18280837137134,-1.03477223101529,43
36,10.9074129205121,-0.863302418597015,0.992024335055252,9.7646718167073,0,0,-0.209058514787416,0.125981570060509,1.17659212063874,0.448698484510788,44
36,11.1074724620423,2.82641081855355,-1.54915017403431,10.9178522083729,0,0,0.936521911461639,0.980517915727048,0.716903795592059,-1.13024014698815,45
36,11.2991961893421,-0.433171428950301,-0.89905539177296,10.9178522083729,0,0,-0.127956804026431,0.450009542566226,0.604136323210339,-0.747075748452716,46
36,11.5492706162548,-0.218622978398512,0.865516957135467,10.9178522083729,0,0,-0.0349392229932187,0.358371798121398,1.01991052852801,0.107442211797702,47
36,11.7660017862459,0.199691914748461,0.303683709307779,11.627555653992,0,0,-0.131991964426257,0.788033521036406,1.46032686955376,-0.0883527187295429,48
36,12.1869604048824,1.47998004645886,-0.302061197857099,11.627555653992,0,0,0.503700934714823,0.854538050471662,0.581169620478083,-0.532700509414436,49
36,12.4412027389104,0.386006244517834,-1.63715330162218,11.627555653992,0,0,0.277288637997326,0.463324348532455,-0.418484737136442,-1.14770595806054,50
36,12.649598094671,-1.08060925947727,1.28752506342357,11.627555653992,0,0,-0.64032792227669,0.253355756628627,0.91382952964272,0.594090611433733,51
36,12.9871985710033,-2.02946785234356,0.727881452366344,11.627555653992,0,0,-0.915286128760171,-0.00685991441677208,1.27074120789125,0.243038554213021,52
36,13.1372432271509,0.840225958636948,0.145782053727074,13.0256417962508,0,0,0.115216797977577,0.382580993506214,0.828178765581162,-0.624046797482533,53
36,13.3748139327181,-0.277749566796127,-0.875133662961192,13.0256417962508,0,0,-0.101799701506444,0.194143957573888,0.300369410179283,-1.11585541336027,54
36,13.6290562667461,2.65551192482784,-1.47421620686605,13.5829018214718,0,0,0.979737592001371,1.10462358909192,0.141282888297563,-1.29529841606468,55
36,13.8374516225067,0.648227534475132,1.12932167485248,13.5829018214718,0,0,0.101885228825115,0.406612812064986,1.03303962167958,0.389142909558344,56
37,0,0.780167108251767,-1.02155896633104,-Inf,0,0,0.570661583141374,-0.335695491595446,-1.15884991451701,-0.94108091512148,0
37,0.0125037213456386,0.3140635221986,-0.397587219538559,-Inf,0,0,-0.0712413905851346,-0.26309459710601,-0.997904130336213,-0.353148925834717,1
37,0.316760940756177,2.02430393285847,-1.37686451248475,0.189883384981658,0,0,0.973995559863863,0.019826288279034,-1.1060122037531,-1.33798130883869,2
37,0.575171181899375,-0.387670594886989,0.686546605456448,0.189883384981658,0,0,-0.715072326070868,-0.571204215312386,-0.0633841945656635,0.018002134465154,3
37,0.796070259005657,-0.315668901469636,-1.33643116828672,0.189883384981658,0,0,0.0556351609635202,-0.57311590171506,-1.56448525474442,-0.992353243698336,4
37,1.1003274784162,-1.55033017098117,0.926716957248231,0.189883384981658,0,0,-0.861078099310352,-0.743411942533766,-0.347055301527587,0.0416954484886993,5
37,1.44209586186365,1.53919442477631,-1.32081193498135,1.20012951046049,0,0,0.662633502811108,-0.0875596013407442,-1.097656282083,-1.2853899402205,6
37,1.60881214647216,0.931486883378956,-1.37018758204507,1.20012951046049,0,0,0.149347252042588,-0.16455297420748,-1.41291476972048,-1.1429670064766,7
37,1.76719261685025,1.47904631440738,-1.0099437120407,1.71155859210636,0,0,0.732099462715168,-0.0368992646091415,-1.16129644517385,-1.14187372491416,8
37,2.0089312295326,1.25074084820952,0.712423296346208,1.71155859210636,0,0,0.22057393396275,-0.0262446778514081,-0.314692281205111,0.122685398835757,9
37,2.42155403393867,-0.536162034241057,0.292128027975509,1.71155859210636,0,0,-0.335982501341079,-0.561066114325551,-0.585926366717034,0.0522327257290053,10
37,2.52575171181899,-0.293869928453409,-0.0998738727483492,1.71155859210636,0,0,-0.22180388939862,-0.603191143853065,-0.586512517663784,-0.455764926987133,11
37,2.98838940160762,-0.00944335122728635,-1.38412612623037,1.71155859210636,0,0,-0.362377320652829,-0.616802576951916,-0.992230088082727,-1.13358864923192,12
37,3.0800833581423,0.482985639016218,-0.00749870905797212,1.71155859210636,0,0,-0.330015100640121,-0.224033973515111,0.0207248327498369,-0.207643027102392,13
37,3.28014289967252,-0.605733930460335,-0.141841124705462,1.71155859210636,0,0,-0.663140305916448,-0.447127801809041,-0.317592899470356,-0.357855776128529,14
37,3.53438523370051,1.14744742644442,-1.07480596975532,3.43030520087968,0,0,0.116666455979409,-0.0771204491501161,-1.15461469804964,-1.19056283458091,15
37,3.93033640964573,1.10596707474131,-0.82628643608342,3.43030520087968,0,0,0.42063519582141,0.0432178413363687,-0.767558610049681,-0.812301258324601,16
37,4.23042572194105,-0.221780213013151,-0.560485645022255,3.43030520087968,0,0,-0.162356379675347,-0.391281854777354,-0.333628112284693,-0.932599159627113,17
37,4.33462339982138,0.215489866540648,-0.0106453638128049,3.43030520087968,0,0,-0.344489962944893,-0.259137827710144,-0.219634913481807,-0.756617019216215,18
37,4.60553736231021,1.22746412232574,-0.877767369709965,4.4692984376031,0,0,0.25533992112567,-0.175468694185708,-0.669772309643546,-0.967204119629095,19
37,4.80976481095564,-0.114438440472221,-0.00793858317579865,4.4692984376031,0,0,0.0813135359125365,-0.548997485139011,-0.43584557353819,-0.726726207882362,20
37,5.17654063709437,-0.708582500127994,1.88387528928281,4.4692984376031,0,0,-0.595716932583353,-0.583687741529268,1.33487828214663,1.00119056188326,21
37,5.29324203632033,-1.14054433195925,0.205490093016817,4.4692984376031,0,0,-0.814328705576219,-0.521886408054441,0.00962499587466259,-0.652534646477232,22
37,5.52664483477225,1.51231776713067,-1.8353228970896,5.3953918657176,0,0,0.369603117968368,-0.102898885695408,-0.894228728526213,-1.3190316974736,23
37,5.85590949687407,1.09177395234316,0.719357712936892,5.3953918657176,0,0,-0.121143685706304,-0.0720040094474035,-0.0871349307808103,0.167395768221576,24
37,6.21018160166716,0.63420194497176,0.0357520200075855,6.20642855855493,0,0,0.35011193190841,-0.340389930375748,-0.15241963639679,-0.301857972804492,25
37,6.30187555820185,0.687436838910394,1.46569483721221,6.20642855855493,0,0,0.188787479176384,-0.133476510947851,0.997087612655382,0.295204571252306,26
37,6.676987198571,1.51294819247587,-1.32895368923986,6.20642855855493,0,0,0.282941072451428,-0.198718909543131,-0.64795672007553,-1.13894340188285,27
37,6.91038999702292,1.4150845257964,-0.847194316352938,6.20642855855493,0,0,0.612105365330959,0.0730093590410814,-0.318112113209993,-0.77356031636923,28
37,7.03542721047931,0.207774938838488,-1.34829314157937,6.20642855855493,0,0,-0.333603556794022,-0.232729018884502,-1.19092376071624,-1.13684817011756,29
37,7.43137838642453,1.56418353336044,-0.949162937550484,7.10132979726096,0,0,0.522376512372137,0.171216723012803,-0.975881635167155,-0.823731396941556,30
37,7.5522476927657,1.29214670046032,0.476183060777011,7.10132979726096,0,0,0.496904375555475,-0.0382537556005017,-0.679236690504797,0.0417859889228216,31
37,7.90235189044358,0.477870750466,0.165943943095448,7.10132979726096,0,0,-0.303985668528471,-0.169010063478061,-0.0578417136957162,0.0661876156370733,32
37,8.1024114319738,1.64627453082263,-2.28662165665449,7.10132979726096,0,0,0.705181419618507,0.0971313787439428,-1.38534421783649,-1.52833011918476,33
37,8.26912771658232,0.969179172717999,-1.06430875650494,7.10132979726096,0,0,0.145468014464393,-0.349516605650816,-1.02749866783896,-1.11495119169312,34
37,8.6859184281036,0.0165707504079748,-0.751867583177965,7.10132979726096,0,0,0.001845801706712,-0.446579002420613,-0.730662889058864,-0.796458632794372,35
37,8.99017564751414,1.52784658857544,-0.330600283624297,7.10132979726096,0,0,0.461377161689869,-0.112430902022786,-0.388833327288784,-0.423407949510493,36
37,9.12354867520095,3.18050112574881,-0.407570908491858,9.00318769343161,0,0,1.01595939055892,0.559652772693683,-0.25089008990529,-0.561829541408584,37
37,9.30276868115511,1.68487568030674,-0.316515385519113,9.00318769343161,0,0,0.898361757276763,0.0703244775452372,-0.679885032236559,-0.547563351918985,38
37,9.57785055075916,-0.411958005145107,-1.40311473732822,9.00318769343161,0,0,-0.253142084932956,-0.540692354173625,-0.630043310635913,-1.36316839703931,39
37,9.83626079190235,-0.77353988649289,0.65135274605754,9.00318769343161,0,0,-0.602824199253287,-0.642276144384771,0.72059323211155,0.190405632248515,40
37,10.1363501041977,-0.421799015043024,0.11053191326093,9.00318769343161,0,0,-0.158571785022836,-0.683144947898318,-0.230466149645525,-0.0913973429094643,41
37,10.3114022030366,2.53594058463083,-1.25559391960136,10.1411490783865,0,0,0.784719864472932,0.0789516864116701,-0.842936348293693,-1.20540744326721,42
37,10.5989877939863,-1.7098635367062,-0.662775421414517,10.1411490783865,0,0,-0.9847533436271,-0.602922991178942,-0.738745841468832,-0.717821670850971,43
37,10.944924084549,0.381760181811485,-0.166409694889461,10.1411490783865,0,0,0.337657859398004,-0.475180380795668,-0.0664196639642947,0.0035677667502691,44
37,11.0616254837749,1.12311094115506,-0.183653930162308,10.1411490783865,0,0,0.284863594829606,-0.0267731894282653,-0.271970662056241,-0.440810088398216,45
37,11.4325692170289,2.33104519747164,-2.24700782934523,11.1783828063223,0,0,0.84470963451396,0.261705318331853,-1.7537080164106,-1.88063913786839,46
37,11.670139922596,0.231441135824375,0.864014543174714,11.1783828063223,0,0,-0.211867535297077,-0.373779891769579,-0.040039904549515,0.123629538715563,47
37,11.7618338791307,-0.124127899817973,1.52633087723431,11.1783828063223,0,0,-0.337144212227856,-0.379518454632348,1.16661588473063,0.486142601411737,48
37,12.0869306341173,0.427921237954421,-0.0243910846182759,11.8281585182099,0,0,-0.219802935250479,-0.33252755256643,-0.25771025963334,-0.299948518752659,49
37,12.4203632033343,-0.483395366303899,-1.5605233923692,11.8281585182099,0,0,-0.261633842190117,-0.55547535309227,-1.49817568858661,-1.18515602221836,50
37,12.7246204227449,1.31192160744947,-0.170870976397671,12.5460410159332,0,0,0.681282239084727,0.072106432940544,-0.439402305812064,-0.475142512129856,51
37,12.7621315867818,0.0828019928246869,1.48441084842381,12.5460410159332,0,0,-0.322594866107992,-0.524922930785695,0.688333861886907,0.666843134704456,52
37,13.0080381065793,-0.139387919250404,0.455857138511222,12.5460410159332,0,0,-0.269586034365984,-0.422085843989508,0.0609233526303367,0.158990228974141,53
37,13.3998213754093,0.0851564063857143,0.614690299047605,12.5460410159332,0,0,-0.459759356406189,-0.460289660438379,-0.185324747846722,0.395208351823245,54
37,13.5331944030962,0.021138034120287,-0.213567810415335,12.5460410159332,0,0,-0.0670786899573938,-0.274215297699842,-0.776510061454432,-0.834503978616829,55
37,13.862459065198,-1.35319953678344,1.48443605150874,12.5460410159332,0,0,-0.742964166960217,-1.0209263718113,0.647462034533181,0.886656766593883,56
38,0,0.139097389218657,0.36185624968367,-Inf,0,0,-1.09064124033311,-0.438965562416286,-0.116009419471197,-0.190971003377334,0
38,0.208395355760643,0.372796944746119,0.701059219167914,-Inf,0,0,-0.443492303389339,-0.065482930162613,-0.241766166550307,0.0599101422302521,1
38,0.362607919023519,-0.519230082404321,0.44745570425942,-Inf,0,0,-0.68921495187109,-0.254435094527121,-0.532711821907033,-0.34468880849972,2
38,0.571003274784162,0.603897869710211,-0.138715589866978,0.424034471518826,0,0,-0.556268443566014,-0.101447949152857,-0.0427727737605869,-0.412305515627097,3
38,0.983626079190235,-2.56538769289325,2.01000535751279,0.424034471518826,0,0,-1.39930623565445,-0.893329877307484,0.721918875292329,0.508131494568812,4
38,1.04614468591843,-2.62360017651956,2.60605093889663,0.424034471518826,0,0,-1.74996090365229,-1.06794906533513,1.22569128610866,1.72793572634865,5
38,1.37957725513546,1.70957973345174,-1.81405684434568,0.424034471518826,0,0,0.0297265300461529,0.0410520955762427,-0.678557970206773,-1.34544655098104,6
38,1.50461446859184,4.00538722297955,-1.69254717243921,1.43016448449164,0,0,0.900721042681939,0.853211360550653,-0.870838432548255,-1.48798837246192,7
38,1.94224471568919,0.865261473535158,-1.06021765552217,1.43016448449164,0,0,-0.310515598634321,-0.0546099665271624,-0.745692348350746,-1.01554588296731,8
38,2.20899077106282,2.23334275056669,-1.64403466419867,2.10401860442586,0,0,0.0111944293990461,0.294033084307358,-0.779386279937293,-1.20960551794041,9
38,2.2673414706758,2.06183601266056,-1.75076892976693,2.10401860442586,0,0,0.163652367504172,0.352529369885175,-1.48975006716679,-1.37205952966423,10
38,2.721643346234,0.308871260817487,-0.471867925619841,2.10401860442586,0,0,-0.670572960081952,0.120490324537823,-0.181740465160435,-0.693610549281912,11
38,2.90503125930336,-0.526116314641029,0.663431421822502,2.10401860442586,0,0,-0.788355028225873,-0.354870905357531,-0.0237755205126457,0.0826315849448937,12
38,3.18844894313784,1.95792547456521,0.635730379304845,3.04408764426525,0,0,0.115203820581646,0.182887109117916,0.514011210130347,0.0723453122780183,13
38,3.26763917832688,1.37219316470087,-0.00162819761877461,3.04408764426525,0,0,0.0642482741986726,0.19108714249594,-0.070430185616499,-0.434412558465455,14
38,3.55522476927657,0.0879610904050806,-0.595372190534638,3.04408764426525,0,0,-0.844251653457956,-0.285979036186978,-0.60905626379244,-0.47521890195398,15
38,3.95117594522179,0.78952334417341,0.0304953801789794,3.04408764426525,0,0,-0.792586009239765,-0.0157456208477739,0.248143348610768,-0.401389653700415,16
38,4.05537362310211,-0.810558682155802,-0.688571274296433,3.04408764426525,0,0,-1.19385869623876,-0.345217230592497,-1.00952270892505,-0.704542754078785,17
38,4.28460851443882,0.0735274162316321,0.150441435084291,4.12378479690972,0,0,-1.06650521957862,-0.418866468681853,-0.342007707333951,-0.177215680824479,18
38,4.66388806192319,-0.118899148514479,0.732588207372609,4.12378479690972,0,0,-0.863634939964169,-0.409603403448759,0.502035031585703,0.383819101157517,19
38,4.89729086037511,-0.468158043893418,0.202081836392094,4.12378479690972,0,0,-1.28743046712828,-0.283734788201657,-0.0896023957917072,0.0950281653263277,20
38,5.01816016671629,-0.082706767104003,-0.17692437403897,4.12378479690972,0,0,-1.30854775736641,-0.33949945712449,-0.558909803985526,-0.689208476145773,21
38,5.27240250074427,0.572998060786186,-0.0878493939640168,4.12378479690972,0,0,-0.428481891393364,-0.290450347596903,0.283091273785691,-0.26892851722997,22
38,5.72253646918726,1.45121862221371,-0.00266802809481304,5.61928062128405,0,0,0.0266018258128032,0.172460321173632,0.131608622078823,-0.386968043585051,23
38,5.835069961298,2.36271533288696,-1.44692249636263,5.61928062128405,0,0,-0.0331288067956384,0.348597177613119,-0.954150227450346,-1.37238995597559,24
38,6.00595415302173,1.10892899477856,-0.865308528766339,5.61928062128405,0,0,-0.553624908810564,-0.142060351733511,-0.657404239188535,-0.604007933516382,25
38,6.41857695742781,1.21203347683507,-0.107501695677769,5.61928062128405,0,0,-0.33126567496841,-0.015646105869264,-0.131585977587412,-0.292417150823187,26
38,6.60196487049717,-0.5843716572063,0.609312140358674,5.61928062128405,0,0,-0.767480647126113,-0.271481585575131,0.0370424605602554,0.0872731523318209,27
38,6.79785650491218,0.676799323120239,-1.11055713712387,6.72336821445586,0,0,-0.334787189495884,0.0110678820381305,-0.706742568352654,-1.00619767298212,28
38,7.00208395355761,0.487799678960896,-0.0924028302394558,6.72336821445586,0,0,-0.481098894399706,-0.321734775398858,-0.368583788934793,-0.36511203586515,29
38,7.48972908603751,0.643257706393698,-0.511895443684713,6.72336821445586,0,0,-0.551178607969519,-0.276433668385718,-0.515585984296532,-0.779879462281261,30
38,7.59392676391783,2.00142638355323,-0.579753094961781,7.57608684672652,0,0,-0.0994880884150695,0.173055562512972,-0.867622441322364,-0.777613524151865,31
38,7.98154212563263,0.342764085158852,0.301999818351383,7.57608684672652,0,0,-0.641513165151164,-0.261928832992072,-0.145130016863849,-0.221665149044937,32
38,8.04822863947603,0.520437029988982,-0.104393099640197,7.57608684672652,0,0,-0.567643398578277,-0.200262965140863,-0.315872776141722,-0.465704439391486,33
38,8.48169097945817,0.13394832530222,0.146420688124882,7.57608684672652,0,0,-0.744912558811028,-0.181493497142383,-0.376131950500545,-0.221431842699953,34
38,8.56088121464722,-1.0226278503807,1.3903951581404,7.57608684672652,0,0,-1.28527659581257,-0.531541578352595,0.780601203313436,0.852130966374403,35
38,8.83596308425127,-1.10979561067809,0.864196391242428,7.57608684672652,0,0,-1.2869090366522,-0.451832753237127,-0.116770392401361,0.125738520010431,36
38,9.21107472462042,0.555401639921542,-0.116436385589987,8.96087657188495,0,0,-0.360840005678813,-0.0725036364411405,-0.41429513929838,-0.0818754124163384,37
38,9.42780589461149,0.458208722027464,0.0938820935430971,8.96087657188495,0,0,-0.549126558430293,-0.057100034053646,-0.771135432058539,-0.439322380128974,38
38,9.61119380768086,0.967218307871696,-0.152024177711727,9.50528711293143,0,0,-0.373549388465521,0.00811548239123756,-0.361256826253631,-0.100245132992803,39
38,9.84042869901756,-0.59170446029488,1.70530462360105,9.50528711293143,0,0,-1.18992551320671,-0.382924070484423,0.666401168285783,0.768499175765335,40
38,10.0571598690086,-0.864045641602588,1.30856564144723,9.50528711293143,0,0,-1.33089115225838,-0.362564063671759,0.374146555778651,0.686844002645676,41
38,10.3280738314975,-0.66086320803729,1.17886887277303,9.50528711293143,0,0,-0.993029006995454,-0.309277473469547,0.582078327215722,0.474217855893246,42
38,10.6448347722536,0.0705152530645125,0.516185508429552,9.50528711293143,0,0,-0.445313496840358,-0.146066616873051,0.318805372617336,0.122751430468986,43
38,10.9532598987794,-0.0778502069331325,-0.599295351965665,9.50528711293143,0,0,-0.844301172547101,-0.258281147081638,-0.445893286093359,-0.398367416774456,44
38,11.1033045549271,0.20892092970271,-0.749815251920996,9.50528711293143,0,0,-0.978199193427446,-0.141877332482228,-0.560963352853505,-0.920128202358254,45
38,11.3533789818398,0.332775965214708,0.207041607574624,11.2005752903463,0,0,-0.668398449849606,-0.245809277738792,-0.0947518912145192,-0.26993774335075,46
38,11.5784459660613,-2.6792756474352,2.24308856669957,11.2005752903463,0,0,-1.71384020592624,-0.864415221615748,0.623377509848009,1.19962319504436,47
38,11.9118785352784,-0.539971001234246,0.551976446740109,11.2005752903463,0,0,-1.03686025575522,-0.472347267888695,0.2281367492809,0.207886038317546,48
38,12.04108365585,2.64149489892677,-1.23191247900539,11.9994398475195,0,0,0.236856242103048,0.356196210819552,-0.92807908860041,-1.29528881543777,49
38,12.2536469187258,1.94116314390837,-1.71185194166836,11.9994398475195,0,0,0.17715213635296,0.313074577003538,-1.31638711619873,-1.15407470529018,50
38,12.6704376302471,-0.944523334640361,1.14143606544608,11.9994398475195,0,0,-1.4922693872019,-0.599382299045639,0.645686878910774,0.197444010924494,51
38,12.7829711223578,1.66671696547927,-0.218475655526819,12.672602715671,0,0,0.108725701025426,0.142385589118537,-0.482114886257905,-0.438523573103723,52
38,13.0122060136946,1.4522739105442,1.25561755923304,12.672602715671,0,0,-0.589863172062694,-0.00685442222018788,-0.123740879812982,0.629130187045604,53
38,13.4373325394463,1.17377602874715,-0.973560512662043,12.672602715671,0,0,0.00243697608902355,-0.00809741306067002,-0.948356080105988,-1.07337275823559,54
38,13.5998809169396,1.26935458047787,-1.11471465781895,13.5826891775127,0,0,-0.15155741628642,0.206833187767985,-0.598212674250208,-1.33058396976258,55
38,13.7916046442394,-0.643684550769758,-0.163628882608063,13.5826891775127,0,0,-1.19549507980052,-0.319564412126247,-0.175217348004251,-0.540089540004703,56
39,0,0.524987633377057,-1.43861243206878,-Inf,0,0,0.576654625858067,0.625282756735659,-1.29703910005982,-1.28822794358373,0
39,0.0541827924977672,2.82743284278086,-1.73006390878576,0.0172608310938813,0,0,1.43487995748599,1.07732793738708,-1.8560350404507,-1.01155544139331,1
39,0.316760940756177,-0.139847641087103,0.0547769448266524,0.0172608310938813,0,0,-0.258489386943488,0.243272828131767,-0.531294510569079,-0.131477371500356,2
39,0.679368859779696,0.676614228159653,-0.202458357880428,0.0172608310938813,0,0,0.224801778189053,0.547683271550435,-0.864797326075033,-0.408152216782895,3
39,0.816909794581721,-0.472636622616847,-0.718675471401905,0.0172608310938813,0,0,-0.128511587338115,0.190241680206046,-0.647336829105678,-0.504966799588167,4
39,1.06281631437928,1.32051501285528,-2.52079389490724,0.94936551300164,0,0,0.720905610858552,0.79003283688476,-1.5125489108346,-1.52568835227267,5
39,1.46293539743971,-0.967160454760399,2.08833359504652,0.94936551300164,0,0,0.01528770046079,0.0720758622702777,0.896394005625351,1.35361735267069,6
39,1.55879726108961,-0.729788649046951,1.44321880274779,0.94936551300164,0,0,-0.0799392464893299,0.186038021421969,-0.0582878315159634,0.593163749456267,7
39,1.75885680261983,-0.652895369926322,-0.936352910380565,0.94936551300164,0,0,0.312759180042412,0.2192505221809,-1.48317815497968,-0.100614156589301,8
39,2.22566239952367,-0.34205612869725,-0.17558097813703,0.94936551300164,0,0,0.497065227037837,0.225079843642631,-0.82633298546824,-0.496967885369222,9
39,2.31318844894314,1.68623833162704,-0.120286469940816,0.94936551300164,0,0,0.831297149382706,0.585914135023393,-0.683355461910042,-0.522241844336938,10
39,2.64662101816017,1.35251519631598,-0.675957824534874,2.55082992247413,0,0,1.05839338030804,0.619079836077808,-1.06150707191388,-0.497815479797364,11
39,2.80500148853826,1.88621933951848,-0.144766132422657,2.55082992247413,0,0,0.965314169609291,0.866795457129988,-0.937688538097826,-0.50141502586655,12
39,3.02173265852932,1.01267989284842,-1.14966636342942,2.55082992247413,0,0,0.830087500632956,0.295543768356693,-1.2251407945001,-1.25298274923957,13
39,3.31348615659422,2.65392897227516,-2.16825579733199,3.23424945270571,0,0,1.18512379414866,0.919934246576235,-1.17737610335639,-1.2740598627015,14
39,3.54688895504614,0.203262516654775,0.21929753232142,3.23424945270571,0,0,0.399446808441668,0.455557738450207,-0.239328448438205,0.395715795424727,15
39,3.955343852337,-2.45829460168865,0.326612106019908,3.23424945270571,0,0,-0.892711438957752,-0.3752409550158,-0.68980035698578,0.394904980984796,16
39,4.02619827329562,-0.0202548537765904,-0.31215970666556,3.23424945270571,0,0,0.191009484636221,0.289099332123635,-1.12218479804836,-0.24670097593408,17
39,4.48466805596904,0.824699465538393,0.925733221860326,4.2553730319881,0,0,0.753120497675239,0.631177428490455,-0.561893373436016,0.658965068218195,18
39,4.73474248288181,-0.0452577225034292,0.0131276232344886,4.2553730319881,0,0,0.132173591677268,0.384007119945016,-0.835250827196353,-0.0394016904013927,19
39,4.94730574575767,-0.342407531651621,-0.597341516739397,4.2553730319881,0,0,0.368222427637573,0.142669561803166,-1.41667704189941,-0.785232013482233,20
39,5.16403691574873,0.706196704176395,-0.616081374045178,4.2553730319881,0,0,0.725587849007984,0.776388746466674,-0.342163204756664,-0.558428868581796,21
39,5.3474248288181,0.421071583182892,0.951629924579201,4.2553730319881,0,0,0.241230015272948,0.322331911123367,-0.196245320377642,0.307394479527992,22
39,5.58916344150045,1.24197333192596,-0.456660689023655,5.50364161132871,0,0,0.802443805243369,0.663730856665207,-0.857032172180736,-0.252734084272714,23
39,5.98511461744567,1.49308326238337,0.369377784078323,5.50364161132871,0,0,0.988539482922675,0.985560690399852,-1.1632608288465,0.00575433993550908,24
39,6.08097648109556,-0.4957994053657,0.833069348606188,5.50364161132871,0,0,-0.152558352464578,0.16806340721183,-0.174072167766411,0.76242829614066,25
39,6.46859184281036,0.125648971877423,-1.16516314814024,5.50364161132871,0,0,0.395513076335133,0.307667994631285,-1.26482883690021,-0.596652027346318,26
39,6.5477820779994,0.212602321045604,0.395537548475136,5.50364161132871,0,0,0.208412771106068,0.4143991062766,-0.0187185780785502,0.132403350221315,27
39,6.94790116105984,1.82729873620958,-1.67698206790268,6.59634647144793,0,0,1.06553886179557,1.00704777304649,-1.50223613242915,-0.864797736017466,28
39,7.24382256623995,-1.25833009887526,0.954258167651485,6.59634647144793,0,0,-0.0782617193218324,-0.0773093814526667,-0.303691136906213,0.421571843004441,29
39,7.45638582911581,-0.565937972974183,0.500988770204685,7.3123664623001,0,0,0.225746498103491,0.140288456948038,0.0434402505780936,0.181682718382116,30
39,7.66478118487645,-2.84282557949552,1.56584648757655,7.3123664623001,0,0,-0.785483463453593,-0.333776664733859,0.0907497129385255,0.965733641427999,31
39,7.79815421256326,-0.803152747746304,0.537382162053075,7.3123664623001,0,0,0.238350717405374,0.140589235345379,-0.31062500243067,-0.0262152876439384,32
39,8.01488538255433,2.32728200476912,-1.04718425589933,7.3123664623001,0,0,1.33913632119731,0.911171861343476,-0.587592709333297,-0.708720573337667,33
39,8.37749330157785,0.0256996687440979,-0.215298847446034,7.3123664623001,0,0,0.467775221650805,0.333576621228594,-1.06724773866118,-0.203232289768013,34
39,8.59005656445371,1.0980733065306,-0.596927830454983,7.3123664623001,0,0,0.639873531831403,0.601369703047887,-0.568953852107145,-0.288944406306803,35
39,8.89014587674903,0.860488387026211,-0.242534594177485,8.73813037868553,0,0,0.60138533716531,0.536642855749579,-1.23666322619299,-0.454101967115146,36
39,9.04852634712712,0.779173487405426,0.214972775201924,8.73813037868553,0,0,0.594324533662081,0.468986745445543,-0.152200848625509,0.053901187031867,37
39,9.34861565942245,0.199018030206199,-0.823513869387173,8.73813037868553,0,0,0.471895105551683,0.372152494084516,-0.730295632554413,-0.413931221043787,38
39,9.65287287883299,3.1102998069558,-1.663423431623,9.58857952371025,0,0,1.45167364776263,1.16209076466604,-1.51627178839708,-0.975462289816234,39
39,9.91128311997618,0.359681676802821,0.766040636308557,9.58857952371025,0,0,0.742546909200075,0.476523007550251,-0.106512490248552,0.30565867347143,40
39,10.2447156891932,0.80543007919584,1.28233335077859,9.58857952371025,0,0,0.627694354740426,0.578276494268764,0.079916726016269,1.04892988813579,41
39,10.2947305745758,-0.441865119345643,2.19847845389205,9.58857952371025,0,0,0.281861459517463,-0.0609314820058803,0.499149212411968,0.943451350497726,42
39,10.5614766299494,0.434284418371307,-0.847571483160092,10.3286026726065,0,0,0.6840180884036,0.438758546697656,-0.584362027790821,-0.379189310704617,43
39,10.8115510568622,0.312269544785626,0.163140314064382,10.3286026726065,0,0,0.639307050576656,0.408307251883772,-0.826081097501328,-0.275372124430341,44
39,11.0532896695445,1.57243857592429,-0.553346416456828,10.3286026726065,0,0,1.10590855914223,0.685289069582831,-0.931168291204821,-0.488744339564308,45
39,11.4534087526049,1.87984751029708,-1.78722766346779,11.4232094427141,0,0,1.5439953658494,0.655028563315252,-1.45618497537842,-1.2207348266806,46
39,11.5576064304853,0.906148299533535,-0.284770708944112,11.4232094427141,0,0,0.804066595260149,0.587385056418402,-0.218158841167512,-0.189489553686588,47
39,11.8410241143197,-0.0948827954484624,0.537396168573366,11.4232094427141,0,0,0.439351778223132,0.240969372908738,-0.614196296720283,-0.0560031192220087,48
39,12.199464126228,-0.659090638766584,-0.169868295252586,11.4232094427141,0,0,-0.0675732677484815,0.157244013078267,-0.963973817300068,-0.430921764828326,49
39,12.4161952962191,-0.161528774584139,-0.237878209498266,11.4232094427141,0,0,0.0921201076494439,0.187045765722693,-0.808442511067125,-0.724844378259136,50
39,12.5162250669842,-1.46196412456124,0.45890440116591,11.4232094427141,0,0,-0.312771773556872,0.192577759332952,-0.508263539353109,0.292932435953214,51
39,12.9163441500447,0.201359559867117,1.24685645341973,11.4232094427141,0,0,0.324224231270287,0.308173629426213,0.184566931395126,0.581638414110655,52
39,13.1372432271509,-1.08349059123393,3.08245773886781,11.4232094427141,0,0,-0.536324712878747,0.0565228002667139,0.710936293809604,1.59217376213597,53
39,13.3289669544507,0.0790728309495926,1.0196845381491,13.2555195534387,0,0,0.3036403460344,0.432417503666399,-0.121136291271089,0.663066433558499,54
39,13.5748734742483,-0.465644619302097,1.31486518657451,13.2555195534387,0,0,0.0694629530751032,0.26996849748915,0.164882904563908,0.516998764053659,55
39,13.8207799940458,0.649150816910756,0.211067203400407,13.6291262200684,0,0,0.410711583828053,0.48766623368783,-0.630008571567239,0.214991499036482,56
40,0,0.454819800730722,0.73225951574198,-Inf,0,0,0.136687858727296,0.431707741834676,-0.0834890650652192,0.581230003607863,0
40,0.137540934802024,2.58342372785893,0.00604175260760223,0.0504116250551306,0,0,0.938139177731091,1.05451747491077,0.36990150240078,0.00995326839284011,1
40,0.441798154212563,0.161884777879343,0.339846702903892,0.0504116250551306,0,0,-0.371926522335778,0.419708595571338,0.0603854356419249,0.793746329462435,2
40,0.696040488240548,-0.857877930662323,2.36180216611064,0.0504116250551306,0,0,-0.426389250435258,0.0275493035675138,1.37168523560856,2.06749930252458,3
40,0.850253051503424,0.83397715517596,-0.279142857741791,0.0504116250551306,0,0,0.227897587093758,0.490377061197175,-0.477178399687954,0.317883128454737,4
40,1.16284608514439,-0.618435178874377,1.41644077441955,0.0504116250551306,0,0,-0.420253684905947,0.0558083777264809,0.465762464092597,1.1274652707153,5
40,1.43792795474844,-0.046954364223359,-0.199925101844392,0.0504116250551306,0,0,0.0929751035760329,0.210839296299339,-0.77731821329461,0.237599879176822,6
40,1.70050610300685,0.752931179715118,0.525116915013185,1.51258030682623,0,0,0.431547462991103,0.40980809309781,-0.275952570270676,0.571118158906906,7
40,1.9755879726109,-0.971212677612846,0.139734940241631,1.51258030682623,0,0,-0.59416540567569,0.0994059375773857,-0.0238920569645196,0.428019044258455,8
40,2.19231914260196,1.56156583129218,1.26657019334101,1.51258030682623,0,0,0.530570765918192,0.660507522368355,0.216410057216553,1.00594206590927,9
40,2.49240845489729,2.02430939726853,-0.737321284768716,2.46237769948426,0,0,0.89754271398605,0.727837050614821,-0.739191240928758,0.38067471450818,10
40,2.50908008335814,2.61931317125614,-0.496720198327349,2.46237769948426,0,0,0.992810466995403,0.972764282534604,-0.15128708828506,-0.0456415376503127,11
40,2.82584102411432,0.059075255818483,0.570672712060326,2.46237769948426,0,0,-0.237157931892938,0.380990560115814,0.52989118021237,1.04907919551395,12
40,3.00506103006847,-0.0546095552059225,-0.144136669075444,2.46237769948426,0,0,-0.187469293449936,0.370978250823329,-0.147013923660515,0.184432377037777,13
40,3.3051503423638,-0.890385418914005,-0.243142915970864,2.46237769948426,0,0,-0.00585346134244208,-0.0243431756467244,-0.12171758367345,0.358130307305907,14
40,3.71777314676987,0.214281271575466,-0.635083769366552,3.45301327253155,0,0,0.0974687385869418,0.417307907540627,-0.859738878895594,0.242113249840803,15
40,3.81363501041977,0.0712809890273493,-0.275384975358571,3.45301327253155,0,0,0.0295733771135881,0.340287630283029,-0.775928331143788,0.180275185375135,16
40,4.24709735040191,0.581785675899788,-0.956734928962947,3.8898299998765,0,0,-0.00526619698893377,0.520358755309178,-0.285973840946146,0.0206554105605641,17
40,4.39714200654957,-0.0654622060643344,0.524167164841802,3.8898299998765,0,0,0.225895501403963,0.110222487637824,-0.177732212593979,0.975720655436018,18
40,4.71390294730575,-0.502208756445667,0.806469652403618,3.8898299998765,0,0,-0.386708629798428,0.165883925715458,0.477515426033363,0.702324863228635,19
40,4.75141411134266,-0.052968953814815,-0.00629156529909044,3.8898299998765,0,0,-0.119169933481674,0.253660638321494,-0.0480405626700946,0.273562431597183,20
40,5.20571598690086,4.10585267480787,-1.84768820054496,5.14185787180009,0,0,1.67193092312026,1.47439661998587,-1.64167665337549,-0.708093134832177,21
40,5.35576064304853,1.76581048058282,-1.8011386345702,5.14185787180009,0,0,0.71201940509548,0.815383861719567,-1.01943387646558,-0.24137653931437,22
40,5.74754391187854,1.04378837901929,-0.444937892401464,5.14185787180009,0,0,0.719514061691721,0.33560659763114,-0.536616109335065,0.187984560796488,23
40,5.78922298303066,1.2452913176182,0.133634843480216,5.14185787180009,0,0,0.270180590561158,0.612412661296841,0.438460763990142,0.502399219902769,24
40,6.08931229532599,0.895935568054336,-1.70250537948474,5.14185787180009,0,0,0.225052585059492,0.426846022586409,-0.865896519678892,-0.437457762334159,25
40,6.29770765108663,0.135006737058853,0.549625926746659,5.14185787180009,0,0,0.0144875093208526,0.226732519738496,0.191422427381602,0.946890647246524,26
40,6.5769574278059,-0.207049462868997,-0.584658103827284,5.14185787180009,0,0,0.0311597463283329,0.381199558876808,-0.0805939075603624,0.271559622609632,27
40,6.99374813932718,-0.213360978664051,-0.69455745731679,6.63944002249135,0,0,-0.397143991491601,0.247574547649526,-0.618788451596038,-0.0747248446507403,28
40,7.23965465912474,-0.177823364285274,-0.569156092736329,6.63944002249135,0,0,-0.208961946250273,0.325337608320716,-0.163241156524378,-0.00952084577308418,29
40,7.28550163739208,-1.62009058069424,-0.544596163026675,6.63944002249135,0,0,-0.453460313358706,-0.109946827064862,-0.102511673980997,-0.00220016020685901,30
40,7.60226257814826,1.08428932155414,0.116815335020883,6.63944002249135,0,0,0.499597491054524,0.594053710701286,0.489706417463814,0.429202936987898,31
40,7.78981839833284,1.61627019122008,0.182974605354141,7.7378650847697,0,0,0.522555590828538,0.878075972786112,-0.437982260445438,0.481029900482838,32
40,8.1024114319738,0.684381347446576,1.0720135441662,7.7378650847697,0,0,0.50854232373355,0.311710060369683,0.560285723342625,1.00812913039378,33
40,8.31497469484966,-1.83377822773857,1.41316915282618,7.7378650847697,0,0,-0.564565606931902,-0.127905395771638,0.552983580909293,1.49703669242757,34
40,8.51086632926466,-0.00555163890208659,-0.460416173798331,7.7378650847697,0,0,0.0234474527817515,0.330372893495881,-0.354239343238099,0.0391076423014116,35
40,8.80261982732956,0.928557139772833,-0.0776252125693075,8.58660615739377,0,0,0.242180742989514,0.543278331773889,0.000604548056221052,0.242437444663858,36
40,9.04852634712712,0.293753939526156,1.7708184282286,8.58660615739377,0,0,-0.0518816682652692,0.260988729032187,0.587142576277121,1.38357301259623,37
40,9.47365287287883,0.0196876956087638,0.0591826508576874,9.28647056946782,0,0,0.0534349316276776,0.138820582087669,0.078534799869641,0.247473470594542,38
40,9.66954450729384,0.750264259000028,-1.55520685447083,9.28647056946782,0,0,0.554566972647139,0.545204470040847,-1.28519964530773,-0.412386896588559,39
40,9.89877939863054,-0.453711845022176,-0.0487791577153203,9.28647056946782,0,0,0.0555279967814562,0.211354712912462,0.303230592701345,0.406259791231521,40
40,10.0154807978565,0.266782597454852,0.849992769461875,9.28647056946782,0,0,0.119327279755394,0.330358618568204,0.225770559232093,0.836400278638161,41
40,10.4614468591843,-0.599335267278938,-0.238242839422029,9.28647056946782,0,0,-0.310900588771119,0.0305676481604702,-0.060089740305104,0.331504568300986,42
40,10.5281333730277,-0.691013478220207,-0.696627760503268,9.28647056946782,0,0,-0.624097671001466,0.0781409801641403,-0.470388859366493,0.0216076874028469,43
40,10.7573682643644,3.76345378739678,-3.03209352435876,10.6005578902837,0,0,1.52177525606916,1.17257168239,-1.40314970735772,-1.44197117013414,44
40,11.2033343256922,2.03118086463276,-0.674558923382385,10.6005578902837,0,0,0.815607622861459,0.850864423181855,-0.091076723318205,-0.414740745755925,45
40,11.3825543316463,0.0348725723841827,-0.60814284276718,10.6005578902837,0,0,-0.187806321971879,0.466296736446742,0.0733155660252077,-0.069095845317723,46
40,11.5284310806788,0.115821830660656,0.428524605310216,10.6005578902837,0,0,-0.48169309568002,0.378675550705928,0.36505380353127,0.694005277637453,47
40,11.7826734147068,0.399344718913101,-0.180428593577116,10.6005578902837,0,0,0.0149811561582872,0.498120095981125,-0.0723887803323379,0.519077561490079,48
40,12.2411431973802,1.76922032880762,-0.992250044666572,10.6005578902837,0,0,0.776227672078446,0.667677187753329,-0.56302463856979,0.0570625975060126,49
40,12.4953855314082,1.87112721360119,-0.201949285145807,12.2587308887661,0,0,0.756505696606325,0.756332988377946,-0.519016302126315,0.438016547202297,50
40,12.7037808871688,-0.644991314126714,-1.04125878452536,12.2587308887661,0,0,-0.663933182930358,0.00229307863128778,-0.503395801265331,-0.071663954644414,51
40,12.8996725215838,0.667373761231158,-1.63804438766889,12.8332854356169,0,0,0.133851632835795,0.556416791592929,-1.1278928492093,-0.700549433333913,52
40,13.0705567133075,0.440609664982842,-0.22852917084412,12.8332854356169,0,0,0.165540601024472,0.279901087207777,-0.196182255626981,0.143241908540962,53
40,13.4081571896398,-0.192200016379719,1.0832523742516,12.8332854356169,0,0,0.00322779097588545,0.0749871620335898,0.644696000647572,0.92432084225888,54
40,13.5707055671331,-0.544736203901387,2.06885449818422,12.8332854356169,0,0,-0.265809908001819,0.279810633047426,1.54510531847126,2.06931469683529,55
40,13.7624292944329,-1.23780623727976,-0.227004306555454,12.8332854356169,0,0,-0.585461187968067,0.026385418322569,-0.921318088513993,0.326126775687549,56
41,0,-1.57927106823849,1.20410419146546,-Inf,0,0,-0.0507872029207471,-0.705784630069299,-0.516156027325106,0.773072827454229,0
41,0.0500148853825543,-0.230988610358282,0.721288560431237,-Inf,0,0,0.606509070737261,-0.337887488739937,-0.884950470297329,0.44436005883007,1
41,0.26257814825841,-0.124890752465854,-0.0556270893043932,0.0741365341935307,0,0,0.291400402757729,-0.474605969947246,-0.575930466398046,0.16649182215116,2
41,0.712712116701399,0.652518207202115,0.211169450382975,0.0741365341935307,0,0,0.799898641202742,0.00661166009835176,-0.806417213821092,0.724185759358991,3
41,0.966954450729384,0.6260319842807,-0.550447306372316,0.0741365341935307,0,0,0.830979836973135,-0.165292919440563,-1.08387365915562,0.110086054805671,4
41,1.22953259898779,-0.218541413405905,-0.406983041038101,0.0741365341935307,0,0,0.47532023566855,-0.380220890444125,-1.41977291803336,-0.0982359985875532,5
41,1.43376004763322,2.0549338759127,-0.55174415742549,1.3835600322793,0,0,1.06596393321564,0.323414982911477,-1.31368942476895,0.291811335355982,6
41,1.50044656147663,2.18647374980147,-0.935955334185555,1.3835600322793,0,0,1.33834293098236,0.304096935642023,-1.37586593667568,-0.086849405577453,7
41,1.82554331646323,0.397525982545704,-1.99052567447073,1.3835600322793,0,0,1.18751883672857,-0.191475406548634,-1.88652075942627,-0.718186096597242,8
41,2.2048228639476,2.8208536010434,-1.76557627183884,1.96083628513958,0,0,2.09148859826438,0.368231828051043,-2.10662985596654,-0.37471816269407,9
41,2.36320333432569,1.13163740836396,0.3100618492765,1.96083628513958,0,0,0.485160605049484,0.0688806380632204,-0.909780805250061,0.753373779961986,10
41,2.59660613277761,0.330779662458915,-1.59016860008586,1.96083628513958,0,0,0.837626506960071,-0.140631748289855,-1.20483730248984,-0.869173087024678,11
41,2.77582613873177,0.17538644336239,0.153603499637587,1.96083628513958,0,0,0.636527833267647,-0.393799473159932,-1.47075780150885,0.570216818294808,12
41,3.06341172968145,0.752714137688932,1.0737890627346,1.96083628513958,0,0,0.8930973607228,-0.239089640352304,-0.70125239481288,0.889279514966402,13
41,3.31765406370944,1.10851699413424,-0.0482293159100459,3.07624661202471,0,0,1.06380658378959,-0.0120817022082527,-0.634302991034674,0.44445402679737,14
41,3.65108663292647,-0.381833566948838,0.152936622660578,3.07624661202471,0,0,0.526350688066035,-0.476444446093042,-0.942454545908209,0.70212135045721,15
41,3.89282524560881,0.111797926242852,1.50133708052545,3.07624661202471,0,0,0.320263949987724,-0.284096428573505,0.103317558907786,1.42936014620676,16
41,4.05537362310211,0.195859872015948,-1.31104221854102,3.07624661202471,0,0,0.333657279278278,-0.20044271231245,-1.42906251873411,-0.243067211060361,17
41,4.3763024709735,1.37400391507566,-0.522140309370308,4.07136193387425,0,0,1.20749690660652,0.0778706442472123,-1.70050646633099,0.117875777666647,18
41,4.67222387615362,1.38006729920488,0.727234664321959,4.07136193387425,0,0,0.854453642483617,0.13360871349257,-0.796167365325642,0.497392682085453,19
41,4.95564155998809,1.44149332062874,-0.0282064572487582,4.07136193387425,0,0,1.26114081453304,0.432647606072813,-0.91497960499662,0.338741345439414,20
41,5.00148853825543,0.916091226129434,-0.397560481677739,4.07136193387425,0,0,1.27801285995874,-0.136256162013352,-0.911414280715324,-0.0212410522337153,21
41,5.25989877939863,-0.061285963609726,-0.715092736206703,4.07136193387425,0,0,0.531305087963406,-0.374405914076563,-1.11936841746179,-0.294671101886758,22
41,5.57665972015481,0.130204779794605,-0.295692383327417,5.39350669397077,0,0,0.808920553549438,-0.344348277388578,-1.18971285043147,0.441223308638491,23
41,5.75171181899375,-0.16049872808398,-0.752084092359948,5.39350669397077,0,0,0.187624805473735,-0.299364954782403,-0.532596444352229,-0.547349069899321,24
41,6.13099136647812,-0.145367947238912,0.715117423298759,5.39350669397077,0,0,0.59795307486189,-0.557490897034963,-0.464550038458292,0.725739218886717,25
41,6.26853230128014,0.181659032488469,-1.17548515861847,5.39350669397077,0,0,0.574097530965383,-0.0701671317051105,-1.72547241643985,-0.671303747886911,26
41,6.63530812741887,3.81494728211315,-2.27875381255319,6.5188372735758,0,0,2.29366413003838,0.752430461087774,-2.42399560070315,-0.774715360560877,27
41,6.81036022625782,0.65109448011709,-1.60592787430098,6.5188372735758,0,0,0.78383890391152,-0.175271128581979,-0.783124065305708,-0.703703628867963,28
41,7.24382256623995,-0.51861854902528,-0.305069997904549,6.5188372735758,0,0,0.33250944713657,-0.322939030883537,-1.52155550119323,0.159057646397353,29
41,7.43554629353974,1.32063990130454,0.0630667214534244,6.5188372735758,0,0,0.912087203671433,0.0648054496668891,-0.481493370276699,0.557245868204966,30
41,7.70646025602858,0.19702384236064,-0.629117202997733,6.5188372735758,0,0,0.743458544056974,-0.330113295350261,-1.14667708777275,0.0966663141487115,31
41,7.78148258410241,0.0925279277143361,-0.507151434708841,6.5188372735758,0,0,0.75534402102484,-0.392742061635704,-0.80387087421647,-0.634738761171205,32
41,8.06073236082167,1.45963500247972,-1.12159608015553,7.83805918105556,0,0,1.16225883766162,0.222470957383907,-1.92833075445014,-0.399754384210783,33
41,8.28163143792795,-0.145815487596603,0.0107160144159821,7.83805918105556,0,0,1.01897717400558,-0.426218643531871,-0.99870183439841,0.209851743351001,34
41,8.56088121464722,1.27227376414418,0.0719724597153347,8.33147530028095,0,0,1.17993025857701,0.152501886695403,-1.28447630587932,0.786801068457635,35
41,8.89848169097946,-2.3625758800433,1.22965407766958,8.33147530028095,0,0,-0.174111567786022,-0.898114760401299,0.0356392865784873,1.03464448353603,36
41,9.21941053885085,-0.0603132074624831,0.126218689754316,8.33147530028095,0,0,0.447750991971292,-0.207054762234962,-0.675835958269254,0.347318929616305,37
41,9.33611193807681,-0.467310348616534,-1.13297664940294,8.33147530028095,0,0,0.177578418866444,-0.421376469631189,-1.13528220863332,-0.215028188929448,38
41,9.60702590056565,1.07553714129996,1.17877750065141,9.36112023664889,0,0,1.20273176436139,0.0373604056138568,0.148381424226482,0.814294286094188,39
41,9.84876451324799,-2.24506241627818,0.994496709816062,9.36112023664889,0,0,-0.375529572617592,-0.84840906717854,-0.337917361838947,1.34156506624491,40
41,10.2155403393867,-0.337906412289085,-1.24470742251813,9.36112023664889,0,0,0.699658088059475,-0.414519562677918,-1.78617943055362,-0.552247051819586,41
41,10.4989580232212,0.693926115185418,-0.504967060185864,9.36112023664889,0,0,0.698806574304086,-0.116474650761423,-1.10450894102227,-0.23652798630432,42
41,10.6364989580232,0.898698773705942,0.00944408409576236,10.515028389572,0,0,0.92555332774507,0.0184422815060142,-0.600489754651014,0.446221139297819,43
41,10.9282524560881,-0.470090026826562,2.10848040266958,10.515028389572,0,0,0.185923146069785,-0.404982062060724,0.341734908298057,1.29543461755746,44
41,11.2283417683834,-0.176875913861862,-0.543243117533956,10.515028389572,0,0,0.509524293913581,-0.388506333526964,-1.21701942133543,0.133487355995481,45
41,11.4700803810658,0.549680798228746,-1.37492804763996,11.4009196343169,0,0,0.718653282788945,-0.259993885223982,-1.65054988401975,-0.276511127837052,46
41,11.6159571300982,0.414686556679476,0.522950410169246,11.4009196343169,0,0,0.423600470871714,-0.0560859822679676,-0.655732680091765,0.560139607869342,47
41,11.8160166716285,-1.63689792112488,0.820837788514203,11.4009196343169,0,0,-0.329869554719316,-0.679072664380443,-0.346292108455098,0.852018513337379,48
41,12.2077999404585,-0.882838817871533,0.91861613366522,11.4009196343169,0,0,0.030286975013487,-0.599265505049729,-0.00515449995115608,0.827832786833723,49
41,12.4995534385234,0.443700112687282,0.070935496405266,11.4009196343169,0,0,0.947487213041683,-0.207331475767852,-0.880416691039194,0.674789742567371,50
41,12.6162548377493,0.125082373249339,0.541551952300009,11.4009196343169,0,0,0.570439862497689,-0.414148197791906,0.134590822884288,0.449099579044524,51
41,12.7621315867818,0.473257319866574,-0.0168689413666946,11.4009196343169,0,0,1.08860187473086,-0.18974074740122,-0.914015020680575,0.5001115057569,52
41,13.1830902054183,-0.788563549503482,0.509406610930531,12.7770501483715,0,0,0.117843987096891,-0.661679729222382,-0.685162629579349,0.489123555404538,53
41,13.3414706757964,1.30597272304715,0.0671787358870868,12.7770501483715,0,0,1.26075906049042,0.243244393864296,-0.882909791898795,0.709111847134831,54
41,13.745757665972,0.268488398216431,-0.503867560428201,12.7770501483715,0,0,0.507509952759723,-0.0237566281245222,-1.21653394110233,-0.149463949074258,55
41,13.7957725513546,0.551358501066592,-1.15619472938485,12.7770501483715,0,0,0.997610100905292,0.00392166261479171,-1.16093082783513,-0.197159072609524,56
42,0,-0.106768407630946,-0.486493622446489,-Inf,0,0,-0.346791887875089,-0.131032969988931,-0.478066774760793,-0.132122452873556,0
42,0.141708841917237,-2.02030672392371,2.58755567267011,-Inf,0,0,-1.12368537630223,-0.493341891126674,1.62647952937429,1.50766405289095,1
42,0.283417683834475,-2.13025544831151,1.47380312197902,-Inf,0,0,-0.880407389535878,-0.358450591339897,0.183909441808987,0.430086556546434,2
42,0.679368859779696,-1.20109962821499,0.387404417945839,0.317957635398488,0,0,-0.842081808853915,-0.468067382412013,-0.613892350460436,0.237043172679016,3
42,0.837749330157785,1.59499662642365,-0.661694264502691,0.696556324044314,0,0,0.51392021084079,0.223173322351458,-0.431289873538012,-0.28482491487052,4
42,1.17118189937481,-0.531944402074915,1.01142836705847,0.696556324044314,0,0,-0.00633356175651489,-0.194325889505581,0.551672451087187,0.614536821642921,5
42,1.38791306936588,-0.262579988875696,0.986925981193908,0.696556324044314,0,0,-0.19333435109219,-0.142385458341159,0.2836777023428,0.492570886475538,6
42,1.53378981839833,0.00814969062522052,1.70656710119104,0.696556324044314,0,0,-0.259501905308773,-0.194860599422738,0.381419665492042,0.837003004620701,7
42,1.93807680857398,0.0380651369355816,-0.0501996542768057,0.696556324044314,0,0,-0.188528530624338,-0.0697781552396914,-0.454385611594774,-0.46650368301803,8
42,2.075617743376,1.31823500418062,-0.677451492132317,0.696556324044314,0,0,0.430073166513949,0.000291635694723513,-0.933743405007366,-0.613688137573415,9
42,2.3340279845192,-1.82095578543037,0.976180331045093,0.696556324044314,0,0,-1.0072706017468,-0.454562232805761,0.415477606712692,0.609180416164349,10
42,2.65078892527538,0.779730603843116,-0.475108619198365,2.35758893200769,0,0,0.0749936682031365,0.0832392397900032,-1.06451092086108,-0.289395400052584,11
42,2.83834474545996,0.841739378483265,-0.404226433754588,2.35758893200769,0,0,0.104634717708393,0.234678030092659,-0.481119711023898,-0.283601000952903,12
42,3.15510568621614,3.06553174064063,-1.8571256474638,3.09651684590544,0,0,1.05284123848333,0.692961683917234,-1.35507933261348,-0.778782209083807,13
42,3.34682941351593,1.17445602370998,0.149317001482483,3.09651684590544,0,0,0.13065460672946,-0.0691343034329222,-0.348609026385994,-0.17779250476048,14
42,3.60523965465912,-0.655162909625083,0.875307616975513,3.09651684590544,0,0,-0.216494195343376,-0.298228187713185,0.0762160504819657,0.522379955921774,15
42,3.95117594522179,1.36164143639165,-1.13729279017051,3.09651684590544,0,0,0.214225276852792,0.23320767643349,-1.02389255756026,-0.963723493796845,16
42,4.11789222983031,2.80771743948113,-1.76708931614363,4.00492136226251,0,0,0.785151944529761,0.655172364070049,-1.05469657576602,-0.953994991219778,17
42,4.3096159571301,1.24594202092309,-0.172980219134447,4.00492136226251,0,0,0.316078749125197,0.26284898565218,-0.787994254668922,-0.406956291347079,18
42,4.74724620422745,0.644123824830219,-1.94652424831614,4.00492136226251,0,0,0.0342871777313512,-0.0758620606501267,-1.99232896114123,-1.4493443504204,19
42,4.99315272402501,-0.968447983153527,0.517486335250333,4.00492136226251,0,0,-0.845247969243463,-0.185852833765819,-0.231843322992936,0.353543740806666,20
42,5.01816016671629,-0.227216121878623,-0.00497743285504687,4.00492136226251,0,0,-0.250519961857314,-0.151457625395112,-0.0990158530266201,-0.0546988728345221,21
42,5.45995832092885,0.144346605526206,0.0902096007274588,5.28520379913075,0,0,-0.0439933787467126,-0.0909355709568628,-0.204257756360911,-0.387040768327771,22
42,5.59333134861566,1.37656462963054,0.050225045585301,5.28520379913075,0,0,0.498754017048989,0.175498691318968,-0.55198935220565,-0.103049748162605,23
42,5.91842810360226,-0.623235996233473,1.03261442248667,5.28520379913075,0,0,-0.537325193368522,-0.262434871258034,-0.0443882031090324,0.522270469494545,24
42,6.13099136647812,-0.797720150529531,0.640372831907016,5.28520379913075,0,0,-0.592260011460715,-0.345371133052175,-0.153518600865433,0.324224800807658,25
42,6.40607323608217,-0.211737375667296,-1.29546607679649,5.28520379913075,0,0,-0.0618671044425244,-0.103704716673836,-0.917536796932313,-0.655892381523721,26
42,6.5769574278059,1.15832436348362,0.124691981199679,5.28520379913075,0,0,0.116696907392269,0.155134890303532,-0.482774728062841,-0.124285763045858,27
42,6.99791604644239,0.58710127001809,-1.08616950937988,6.76818913366968,0,0,-0.0493900888228802,0.0518758382863482,-1.02235709722155,-0.474302895225827,28
42,7.07710628163144,2.10672773409736,-0.871623681107999,6.76818913366968,0,0,0.430686343150397,0.285640873315231,-0.992321880665051,-0.602283127717386,29
42,7.46472164334623,1.67794685084026,-0.494459098465928,6.76818913366968,0,0,0.505759749983233,0.255481814744969,-1.05574086698265,-0.472764854241826,30
42,7.518904435844,0.881237447275251,-0.77721144786064,6.76818913366968,0,0,0.236001813192763,0.126126517029923,-0.627206871235397,-0.309393417834038,31
42,7.99821375409348,0.26217112060892,-0.861116983011737,7.65382513751885,0,0,-0.381941885051996,-0.0924234870821212,-0.773039770211155,-0.501615804322127,32
42,8.01488538255433,0.217918596795273,-0.263246685601439,7.65382513751885,0,0,-0.367724101613415,0.176739807472803,-0.197471956213356,-0.0184132998823587,33
42,8.40250074426913,-1.37692071215748,1.56560132457875,7.65382513751885,0,0,-0.767465124210254,-0.484687519002125,0.176606640614857,0.741905173011746,34
42,8.7484370348318,1.52903824238036,-1.61516879105458,8.57404847220482,0,0,0.515079799601684,0.517664064966389,-1.00827085384934,-1.04078880315367,35
42,8.84429889848169,1.04588737517641,-0.781100910562302,8.57404847220482,0,0,0.0988439491143774,0.288463416507152,-1.15582302854696,-0.563947864440065,36
42,9.1402203036618,-0.411519699767359,-0.272086741044099,8.57404847220482,0,0,0.1093172660837,-0.174841594171868,-0.688652516653697,-0.44489576780014,37
42,9.26108961000298,1.62731853629803,-0.931442465301669,8.57404847220482,0,0,0.611167752962908,0.443513519407941,-0.759526852902304,-0.557467865981614,38
42,9.67788032152426,-0.459049730266416,0.418857953108554,8.57404847220482,0,0,-0.334426556030156,-0.297267106600738,-0.0936198264254882,0.36364953453487,39
42,9.86126823459363,-2.09210076026402,1.20896680765488,8.57404847220482,0,0,-1.10168369045658,-0.712889285825796,0.223940202833431,0.573845854599745,40
42,10.0779994045847,-0.542212175360256,1.74491211949096,8.57404847220482,0,0,-0.285867652343013,-0.21956750923052,1.06510808860482,1.04726222139188,41
42,10.4072640666865,0.416046126508684,-0.297629695246227,10.1000579638013,0,0,0.263992319057267,-0.24481946181829,-0.416059662515441,-0.274714440973512,42
42,10.7406966359035,-1.04533057757844,-0.773667829630421,10.1000579638013,0,0,-0.521361376690268,-0.338356208672764,-1.22572439864331,-1.03364910704147,43
42,10.8740696635904,1.23265143209109,-1.38758651745988,10.8726407957783,0,0,0.664925802825749,0.145178986561226,-1.38327504752709,-1.21019602585855,44
42,11.1283119976183,1.58996433141587,-0.934303101966056,10.8726407957783,0,0,0.370124888045512,0.345186917105914,-1.08435459032521,-0.842441792328426,45
42,11.3992259601072,-0.972102887848263,0.020883812367847,10.8726407957783,0,0,-0.213662596916302,-0.471881728874331,-0.384905064527386,0.110452112409782,46
42,11.6326287585591,-0.852266954417203,0.0623583240785716,10.8726407957783,0,0,-0.569728447691461,-0.267122230618851,-0.779037163054039,-0.208025367161981,47
42,11.8035129502828,-0.269262710124937,-0.756139301451327,10.8726407957783,0,0,-0.137503597201232,-0.171934009014932,-0.870684012435153,-0.315709075928186,48
42,12.0119083060435,0.540858385058647,-0.857710118916171,10.8726407957783,0,0,0.0626692483653653,0.126125986226828,-1.07324396542922,-0.434037823194008,49
42,12.4703780887169,0.3198789662926,-1.11767625808781,12.1110139026575,0,0,0.00777538642680749,0.156299713746994,-1.2561097546307,-0.783615821819991,50
42,12.5495683239059,-1.25480318908216,0.159096423168649,12.1110139026575,0,0,-1.04613685913374,-0.314924862159044,-0.462194491844704,-0.215399481699254,51
42,12.8788329860077,1.47853854790736,-1.244659616637,12.1110139026575,0,0,0.625272432631913,0.256892547236859,-1.00252486952449,-0.835155225413967,52
42,13.1789222983031,1.09153298628986,-2.8561821631109,12.1110139026575,0,0,0.321636998739858,0.17027083177403,-1.64258805044542,-1.65450112462854,53
42,13.4498362607919,4.12580415605839,-2.45690343410641,13.3069388688094,0,0,1.28813905123129,0.798596408242793,-1.5277127919851,-1.4942603499813,54
42,13.7499255730872,1.11587261082426,-1.22210590805831,13.3069388688094,0,0,0.111709729620867,0.151850485208952,-0.808556458521375,-0.441053126275604,55
42,13.883298600774,0.269741596567274,0.0162869246592754,13.3069388688094,0,0,0.0730768914779118,-0.0391304139153158,-0.837074143661247,-0.520562600249108,56
43,0,1.38019049510866,-2.80818679369329,-Inf,0,0,0.590342744864935,-0.274471219605546,-1.26560661848878,-1.08199888470928,0
43,0.14587674903245,-0.385499771611385,0.635523634568074,-Inf,0,0,-0.0800507977949708,-0.726415236643547,0.875087509839954,0.749599399069886,1
43,0.40845489729086,0.380911310617117,-0.363929237532041,0.407050552102737,0,0,0.33329834617663,-0.48815590521654,0.13581908173713,0.123176811712262,2
43,0.633521881512355,-0.837623854385553,0.892914115512331,0.407050552102737,0,0,-0.259945646378836,-0.795949505977413,1.0101232000775,0.686544158506561,3
43,0.771062816314379,0.389059632439518,0.863067629977874,0.407050552102737,0,0,0.0717139073723094,-0.479792922013972,1.17147842118756,0.728463733069078,4
43,1.14617445668354,0.202026774246443,0.61135324135366,0.407050552102737,0,0,0.337973499984047,-0.495616928148901,0.606973208880141,0.683399869475388,5
43,1.27537957725514,1.46779476513099,0.470163872185087,0.407050552102737,0,0,0.75526978165535,-0.246902880518208,0.230880770870137,0.785472191653386,6
43,1.65882703185472,2.13975063380238,-0.775979261232511,1.34012464207884,0,0,0.779500389200471,-0.0965132382380892,-0.364151919721438,0.333824989160773,7
43,1.79636796665674,2.35313637438737,-1.42747471841241,1.34012464207884,0,0,0.817191500454485,-0.0359753377611171,-0.388657489272108,-0.811873668321995,8
43,2.02560285799345,-0.0106918186085135,-1.71239591360077,1.34012464207884,0,0,0.121169323818611,-0.56096677686651,-1.23190606633542,-0.711309324554375,9
43,2.27150937779101,-0.903614471793361,-0.426429104083462,1.34012464207884,0,0,-0.659772011420215,-0.935928333540797,0.195754289926353,0.349968428879628,10
43,2.52575171181899,1.89506638649968,1.32275429216654,2.45376506996914,0,0,0.958029794079557,-0.104251085933628,1.36235105137312,0.820547483796365,11
43,2.99672521583805,2.05368444740472,-0.461551261122234,2.45376506996914,0,0,0.988031018435648,-0.095475585650816,0.0407225075024978,0.0516006881007295,12
43,3.23846382852039,3.49383789623228,-0.529986979593964,3.18649527180868,0,0,1.40208816697388,0.211701352032732,-0.0998499475172241,-0.0934175431087688,13
43,3.42601964870497,2.2946582873899,0.075419209146917,3.18649527180868,0,0,0.928697244116262,-0.140779773452306,0.51899875248503,0.2410838427257,14
43,3.74694849657636,0.183042574438066,-0.55757196782946,3.18649527180868,0,0,-0.0351243026300478,-0.643162551977675,-0.0178287717988069,-0.185102948828428,15
43,3.82197082465019,0.198943407343375,-1.17498005140125,3.18649527180868,0,0,0.158424682499885,-0.375828941141423,-0.0398768527267794,-0.0813501344203987,16
43,4.17624292944329,0.410850424745501,-0.639185000422094,3.18649527180868,0,0,0.0260286799431241,-0.538213721607651,0.543481413940162,0.192742149705539,17
43,4.38880619231914,1.69221431821885,-2.20817768122068,4.17682544560387,0,0,0.632576415468101,-0.10950210236934,-0.719551138706199,-0.715144090516085,18
43,4.63888061923191,1.16146729280117,-0.000762823607940444,4.17682544560387,0,0,0.68789607048759,-0.139684691986331,0.294069706581712,0.281849879474104,19
43,4.92229830306639,-0.860485245585897,0.926213698836071,4.17682544560387,0,0,-0.168276677155685,-0.906159910004755,0.928778422373978,0.93313608754615,20
43,5.03899970229235,-0.76425227868597,1.91488941938221,4.94796048779076,0,0,-0.0582482667659849,-0.800092054611716,1.30589923576014,1.53099368387495,21
43,5.34325692170289,1.08028781375348,-0.503933409283128,4.94796048779076,0,0,0.331428048139297,-0.347737590329982,0.214495810737014,-0.133989873618964,22
43,5.51830902054183,2.57256675497891,-3.22869933205335,4.94796048779076,0,0,0.818589041155252,0.013578360692432,-1.77188440426864,-1.40713061645483,23
43,5.78922298303066,-0.452022294705696,-1.91183323366036,4.94796048779076,0,0,-0.437562681856077,-0.722004002378567,-0.846829519070575,-0.331592940156087,24
43,6.01012206013695,0.0639867263358456,1.24411816753174,4.94796048779076,0,0,-0.133887846588386,-0.517622397023356,1.4995751272204,1.09912567894728,25
43,6.32271509377791,-0.844439389267281,1.28576135087913,4.94796048779076,0,0,-0.0435510546669049,-0.748947638705495,1.00024459503008,1.10182197349156,26
43,6.59362905626675,1.63537826701231,-0.251385157746009,6.55238473209409,0,0,0.518544854411706,-0.172304988918729,0.284463548375278,0.172491358707227,27
43,6.82703185471867,1.28884270876851,-0.464063971759021,6.55238473209409,0,0,0.339016252401327,-0.23396308621494,0.351834995097869,-0.0679512539180055,28
43,7.03542721047931,1.17599550439311,0.608238514920556,6.55238473209409,0,0,-0.014162163510454,-0.400882610354803,0.298929325635985,0.857453117965381,29
43,7.39386722238762,-0.542796971066049,-0.768495491701964,6.55238473209409,0,0,0.0677023147525004,-0.720507271233129,-0.096282048495418,-0.114279110664775,30
43,7.64394164930039,1.98266477877975,-1.66000848784889,7.53132289574625,0,0,0.458901361929894,-0.237707021953051,-0.763619527235929,-0.721138807353698,31
43,7.94403096159571,0.591697052246898,-1.2199565110692,7.53132289574625,0,0,0.510863218255984,-0.511483627377016,-0.423443902374283,-0.167681456550222,32
43,8.164930038702,1.13373093694721,0.186247583708823,7.53132289574625,0,0,0.269072444129957,-0.135107965103287,0.739386183547742,0.362461721157254,33
43,8.38582911580828,0.564884672713926,1.46605161056943,8.28177053694112,0,0,0.445499910188443,-0.671797854444354,0.728222384015217,1.23112753858357,34
43,8.54837749330158,0.804643052023807,0.0225165646107217,8.28177053694112,0,0,0.453636988903665,-0.317511413968829,0.524279955324826,0.503155246240986,35
43,8.91515331944031,0.888346080456624,0.529986747281207,8.28177053694112,0,0,0.560424548466941,-0.424574416910074,0.464862322870253,0.993127119159324,36
43,9.24441798154213,-1.1534994872932,0.454054580631004,8.28177053694112,0,0,-0.0792022956482488,-0.688710318835563,0.302519474378197,0.702386561535624,37
43,9.30693658827032,-0.0918390873407858,-0.722714303359682,8.28177053694112,0,0,-0.235683340449881,-0.739792877220628,0.281984113445666,0.122553809270177,38
43,9.54867520095267,3.2691320308626,-1.77773618246052,9.43282135627949,0,0,1.72217264231251,0.338279177487004,-0.614917096583553,-0.697074856384975,39
43,9.90711521286097,0.547935714960204,0.347186245319318,9.43282135627949,0,0,0.286176879888053,-0.61614586116875,0.863858467980644,1.03450968191404,40
43,10.0404882405478,-0.215637717638614,0.332042336120314,9.43282135627949,0,0,0.0528854796792766,-0.699129013053323,0.873319326653197,0.710238221365792,41
43,10.319738017267,-0.0498398227027144,1.5337772687107,9.43282135627949,0,0,-0.105170546401302,-0.684126258439681,0.961770749847753,1.13177677342283,42
43,10.5281333730277,0.0532529605133014,-0.955724299182498,9.43282135627949,0,0,-0.11410055399619,-0.519259850381684,-0.203164369210567,-0.216533102149201,43
43,10.8490622208991,0.150743058314693,-0.579588261499521,10.6620719607973,0,0,0.208372997330291,-0.649703052434939,0.602249507894177,-0.0504134026298191,44
43,11.1824947901161,-0.720548180516431,-0.0763437040836201,10.6620719607973,0,0,-0.270419752920427,-0.732442080918995,1.03004285484598,0.793155481356012,45
43,11.4659124739506,0.0397474361164256,-0.638119119780983,10.6620719607973,0,0,-0.175561101763466,-0.703277661474161,0.0795543535051622,0.110898936054598,46
43,11.7159869008634,-0.839493028531389,0.378990133609163,10.6620719607973,0,0,-0.247533836792207,-0.716115323417629,1.09893603462761,0.910839709252203,47
43,11.8160166716285,-0.385536514662756,0.110550361077885,10.6620719607973,0,0,-0.0876391910417675,-0.738926155040047,0.424426195555579,0.480077213704249,48
43,12.1827924977672,-1.09981740349949,0.761471687477842,10.6620719607973,0,0,-0.466932522435608,-0.884474067662461,0.936496485554507,0.734387887985501,49
43,12.3328371539149,0.563944572963913,0.856737998013603,12.2123801900808,0,0,0.213127212510437,-0.505936947831262,0.136236353782501,0.636119178285253,50
43,12.6996129800536,0.234759043226415,-0.265998979841679,12.2123801900808,0,0,0.00686849243068596,-0.547779309130536,0.607634107527994,0.0118667108834952,51
43,12.883000893123,-0.0982568394615261,0.379076546011674,12.2123801900808,0,0,-0.00722994089408072,-0.643329343226638,0.105682458018264,0.502990955809536,52
43,13.1038999702292,2.00150656052233,-1.76825003971325,13.0441409834446,0,0,1.07705101762512,-0.00429757003306025,-0.458366029617666,-0.79770276115853,53
43,13.4540041679071,-0.782045226733589,0.0957045570726295,13.0441409834446,0,0,-0.668307599252526,-0.792325927679025,-0.0482462485124193,0.419259127967642,54
43,13.7290860375112,1.55932075710438,-1.65431025462373,13.6471160359681,0,0,1.08109135808554,-0.366223587180677,-0.199801733009899,-0.856925294770908,55
43,13.8666269723132,1.97531067194347,-0.854404576975524,13.6471160359681,0,0,0.698812469624892,-0.083891828833475,0.30574880789348,0.0566286238664319,56
44,0,-1.62807515182044,1.89405954631852,-Inf,0,0,-1.09662859052353,-0.339550975297717,1.10899633667905,1.3947959150311,0
44,0.183387913069366,1.4372065044404,-1.14983665479445,-Inf,0,0,0.529439161279297,0.273302692562252,-0.417015310022773,-0.71139143161142,1
44,0.487645132479905,0.331633946675777,-0.524636631751298,0.286655082937796,0,0,0.602948013536718,-0.237198426743692,-0.386126584706401,-0.0193338120681038,2
44,0.591842810360226,0.420786300960063,-0.521029814259887,0.286655082937796,0,0,0.206330716754273,-0.0801453081902018,-0.533586938079768,-0.297802431718942,3
44,0.833581423042572,0.328057319520797,-1.42646819392357,0.662451826034185,0,0,-0.186200252600641,0.0955969006820612,-0.832453498857749,-0.8304262158084,4
44,1.03364096457279,-1.90050065561621,0.297820495954685,0.662451826034185,0,0,-0.813797645723554,-0.490696800282264,0.267975545942526,0.363875043392484,5
44,1.46293539743971,-0.958310294393273,0.199966127916048,0.662451826034185,0,0,-0.560819018727164,-0.488881197047287,-0.357519744112679,0.328745155516722,6
44,1.60047633224174,0.224851574421897,-0.3599874062692,0.662451826034185,0,0,0.105593990044592,0.058183570645189,-0.770917104368662,-0.189747045951606,7
44,1.95058052991962,-1.55857677332711,1.5201709217541,0.662451826034185,0,0,-0.722067365111728,-0.620213167552669,0.672422615659453,1.45133427408444,8
44,2.05894611491515,-2.1504373021093,1.50000979546575,0.662451826034185,0,0,-0.965100434818793,-0.560755897673461,0.764437544213899,1.2218402186212,9
44,2.32986007740399,-0.171478092023788,0.497841964830048,2.25094579795483,0,0,-0.250940750796383,-0.292449811925601,-0.051052961109076,0.39168318098889,10
44,2.65078892527538,-1.26921125831651,-0.329664877731694,2.25094579795483,0,0,-0.692631024534659,-0.489777167846344,-0.0775215535783919,0.140069947548057,11
44,2.93837451622507,1.55218269538291,-0.577326477431055,2.25094579795483,0,0,0.199709536734426,0.374108464233112,-0.44418699201633,-0.0794189020733134,12
44,3.10509080083358,1.13438293739538,-0.446110481811288,2.25094579795483,0,0,0.669466508189093,0.135327488376349,0.326910774717212,-0.164306675175984,13
44,3.29681452813337,2.51620022320642,-2.02718545392541,3.16488013201787,0,0,0.750744861076994,0.641942412151538,-1.15459013528944,-0.628320790351451,14
44,3.6635903542721,0.318421566405164,-0.103616264797623,3.16488013201787,0,0,-0.187755920932593,0.12173298985955,0.108371786837438,0.193559316344024,15
44,3.97201548079786,0.746725456419561,0.374057538534626,3.16488013201787,0,0,0.0824232199060739,0.251667606164063,-0.288940656788512,0.623288069945233,16
44,4.08038106579339,-1.24540779740838,0.409362944033979,3.16488013201787,0,0,-0.812139252663179,-0.267869053333354,0.464033600305573,0.435508171959146,17
44,4.40964572789521,-0.263069994498748,-0.209229906904358,3.16488013201787,0,0,0.0737805002247646,-0.213874821191011,-0.177957775796154,-0.0829473315605263,18
44,4.55552247692766,-0.61459300529452,0.308966046062537,4.42908341504383,0,0,-0.505248059637613,-0.129914750406647,0.32425482394571,0.247408881557144,19
44,4.88895504614469,-0.700693136990267,-0.210762378156498,4.42908341504383,0,0,-0.62997331725427,-0.0717720484166323,0.610312320288444,0.442033933911668,20
44,5.12235784459661,2.0789059136394,-1.77348241762054,4.99996664430051,0,0,0.796071928692396,0.532012219962956,-0.573488769431044,-0.596788283363485,21
44,5.40160762131587,0.661240481341764,-0.250518072624604,4.99996664430051,0,0,0.0664475193746518,0.16114071079421,-0.273344736485902,0.0991088451295019,22
44,5.56832390592438,-1.08958327847089,-0.72695995531683,4.99996664430051,0,0,-0.633847349456036,-0.588955113783974,-0.538826453704049,-0.0673338144484276,23
44,5.96010717475439,0.561833607641546,-0.739453655284823,4.99996664430051,0,0,0.221347619738247,-0.14499979786031,-0.27712953115834,-0.189148086017153,24
44,6.15183090205418,0.975549356423302,0.515638286621132,4.99996664430051,0,0,0.412667465408861,0.151728437987526,0.14770373183884,0.495200687467979,25
44,6.37689788627568,0.247458248517275,-1.57742682566848,4.99996664430051,0,0,-0.120232686897935,-0.0716495722426178,-0.664270559490642,-0.814980706393766,26
44,6.61863649895802,1.27817797477899,-1.74863977954749,4.99996664430051,0,0,0.159353871069924,0.19228145760879,-0.939485653400689,-0.79830625750313,27
44,6.97290860375112,1.0264401335418,0.408330168278039,6.64797442412326,0,0,0.577648200357374,0.168375810578107,0.130489228689487,0.593530318830821,28
44,7.2271509377791,1.2560521579497,-0.559374400291135,7.1986020976785,0,0,0.478629100122928,0.185873885501891,0.0987838965640416,-0.146794185570392,29
44,7.44388210777017,1.87902841268844,-0.529663134385952,7.1986020976785,0,0,0.380070474726381,0.366023929906436,-0.280517153349423,-0.409378657353636,30
44,7.5814230425722,2.57369319456603,-0.356835397233244,7.1986020976785,0,0,0.834351314824022,0.455463619765966,0.0213508922139995,-0.10188567037903,31
44,7.83149746948497,-1.17524350703654,0.231193017480043,7.1986020976785,0,0,-0.64435786379794,-0.37810792305456,-0.146747244026007,0.423587465259876,32
44,8.0690681750521,-0.922930249187015,-0.0252522419702612,7.1986020976785,0,0,-0.545224672129231,-0.296796521246043,-0.192386605231714,0.48635790608285,33
44,8.36915748734743,-0.0246572398171436,-0.639625553216315,7.1986020976785,0,0,-0.0779728836558438,-0.0775730273474005,-0.319004173412957,-0.43266846649951,34
44,8.61089610002977,-0.662764155190791,-0.254695027408693,7.1986020976785,0,0,-0.632958023808719,-0.242145907789674,0.0500281384260059,-0.0684488720007541,35
44,8.82345936290563,-1.49143952606622,1.35926777423174,7.1986020976785,0,0,-0.499626674490913,-0.470098197444544,1.28556709799086,1.12308963715645,36
44,9.1068770467401,1.47359384585964,-0.445377779151592,8.82367674085276,0,0,0.677961471250157,0.149808948365705,-0.518348192512937,-0.130810647634501,37
44,9.43197380172671,0.0801820430448205,-0.045324049012946,8.82367674085276,0,0,-0.0288755219113451,-0.163909787187782,-0.662327117829973,0.109106888041528,38
44,9.59035427210479,0.708071510258963,0.0582873652036536,8.82367674085276,0,0,0.320455200366117,0.0587374459121315,0.145991264254966,0.21671143720362,39
44,9.95296219112831,-1.76363503237829,-0.707625019980542,9.73436314799608,0,0,-1.11140367765765,-0.65336365176137,-0.249856064746956,-0.327911023420934,40
44,10.0696635903543,-0.182374019513146,0.587435715502311,9.73436314799608,0,0,-0.969771862347747,-0.105759550605508,0.458919904121077,0.542094578866333,41
44,10.3697529026496,-0.364664856975194,-0.414218057106942,9.73436314799608,0,0,-0.345444196992135,-0.0860470842065237,0.157057904904902,0.279545167783925,42
44,10.7448645430188,2.37306988945058,-1.97814841115039,9.73436314799608,0,0,0.844941380370586,0.6322183798082,-0.417355594355699,-1.06020423649043,43
44,10.7657040785948,2.72762476904862,-0.955194261909136,9.73436314799608,0,0,0.892408313361703,0.579010707704427,-0.419873521092242,-0.336217039534963,44
44,11.0991366478119,2.22843794879875,-1.17693935843,10.7966955061823,0,0,0.679072342519702,0.467344715823235,-0.199067082885223,-0.57015135734196,45
44,11.4409050312593,-0.771754996345269,1.38754065787235,10.7966955061823,0,0,-0.346595835938251,-0.158420635590044,0.463707884362685,0.896451219650454,46
44,11.5784459660613,2.85571239634206,-0.731188543910112,11.4924140149996,0,0,0.919211557711017,0.481679093820505,-0.0453546986934082,-0.414323969619553,47
44,11.845192021435,-1.17674039146351,1.35649705242319,11.4924140149996,0,0,-0.556517085661209,-0.349911543967054,0.787936510012991,0.762269186950696,48
44,12.0827627270021,-0.408163833502009,1.85021423188264,11.4924140149996,0,0,-0.426138813748357,-0.239606083854503,0.757841338003999,1.29551497210646,49
44,12.2869901756475,-1.26339944163984,1.4259694787702,11.4924140149996,0,0,-0.408049244181463,-0.532172351135679,0.856823021954892,0.836999276834619,50
44,12.7371241440905,-0.620757547775857,1.70177490462769,11.4924140149996,0,0,-0.36019662820631,-0.228359079272764,0.622062636133174,1.13041179753011,51
44,12.9371836856207,-0.354784170290305,-0.465621043282823,11.4924140149996,0,0,-0.331934850868606,-0.166878488540256,-0.162109338933306,0.150541421366588,52
44,13.237272997916,-0.322147017012054,-0.702106802553032,12.9828877380601,0,0,0.0290261725792644,-0.149409290657824,-0.120635918442741,-0.25573943693126,53
44,13.3623102113724,-0.619619839543051,0.924579133156737,12.9828877380601,0,0,-0.458559588757,-0.318351650212266,0.39163718674021,0.573297665330066,54
44,13.5957130098244,0.496950254739532,0.346351491253554,12.9828877380601,0,0,0.173325611376673,0.0549925865393304,0.412966797417263,0.367641483186474,55
44,13.804108365585,0.661448240169953,-0.283045961228105,12.9828877380601,0,0,-0.190629583128838,-0.082117941724699,-0.4948612967352,-0.148838008232158,56
45,0,0.637494874809184,-0.859392850629793,-Inf,0,0,0.0209143355957673,0.112777368328612,-1.55503632145997,-0.64439955138418,0
45,0.0958618636498958,0.308464302624237,-0.679928746617065,-Inf,0,0,-0.0284371002921383,0.221233812266134,-0.455624515808148,-0.423773992134202,1
45,0.420958618636499,-1.79391897473405,1.38776093692549,0.186707812326495,0,0,-0.403367125971313,-0.304273404155139,0.162374897922642,1.17841821044063,2
45,0.704376302470973,-0.565084802932331,1.69520346203281,0.186707812326495,0,0,-0.632748471897136,-0.000922975059864828,-0.357624455466772,0.992199002998312,3
45,0.97529026495981,1.31520806747533,-1.03787754657404,0.735808411145654,0,0,0.493620915743591,0.362948685009885,-1.34556485679774,-1.0706611270661,4
45,1.22953259898779,0.219780062423211,-2.7109286203746,0.735808411145654,0,0,0.106346034114937,0.280452385758425,-1.5721813125572,-1.47140421396071,5
45,1.31705864840726,-0.335462719914106,-0.966831266359241,0.735808411145654,0,0,-0.183944940646787,0.00420122584291562,-0.55262379965291,-0.685782316581182,6
45,1.65465912473951,-1.18612502729663,-1.18604623724519,0.735808411145654,0,0,-0.544317401121141,-0.314562199576164,-1.25214255464411,-0.544412370369292,7
45,1.92140518011313,2.91953193890284,-0.731696049767564,1.816913397886,0,0,1.29532266085145,0.780713699033312,-1.09257481895265,-0.662842470201087,8
45,2.07144983626079,1.08531000244309,-1.22523325967385,1.816913397886,0,0,0.380984363658264,0.263155710858362,-1.14300527778019,-0.658811675099688,9
45,2.42572194105389,-0.405868774081641,-0.580244660772057,1.816913397886,0,0,0.127920828585691,-0.169270034770356,-0.63461382635831,-0.0437481155209729,10
45,2.62161357546889,-0.701628323718774,1.4472774903283,1.816913397886,0,0,-0.311138164127587,-0.0819040935657523,0.389046027934409,0.845326482261889,11
45,2.81333730276868,0.399785176042462,-0.524884002033617,1.816913397886,0,0,0.254765674796437,0.267482452552671,-0.619833795599543,-0.758120912754503,12
45,3.06341172968145,0.168585070001614,0.71618954627093,1.816913397886,0,0,-0.271648857950859,0.00892709396835988,0.143426243740877,0.0430030992871945,13
45,3.36766894909199,0.290147744577883,-0.374420339936473,1.816913397886,0,0,0.140822869144157,0.0093402537028925,-0.670455964793652,-0.474680104654567,14
45,3.59273593331349,1.86250880173667,-0.0653359439831748,3.39762964574083,0,0,0.813859830839501,0.617712780634077,-0.523194826342557,-0.342632647301867,15
45,3.87615361714796,0.551173474424705,1.32681656128717,3.39762964574083,0,0,0.103633309917881,0.276974030778985,0.0177290153920403,0.371897044761363,16
45,4.04286990175648,-1.94294906634415,1.36789547354225,3.39762964574083,0,0,-0.656574669655784,-0.519869926630675,0.100018523510066,0.647615485908512,17
45,4.35129502828223,0.883619274998792,-0.187943094239372,3.39762964574083,0,0,0.217550892194618,0.254388578709854,-0.79918704062046,-0.0553862428170585,18
45,4.52634712712117,-1.05300814009325,0.00861594357559209,3.39762964574083,0,0,-0.566375761086302,-0.268619322407136,-0.577588770566162,-0.121637243727916,19
45,4.8597796963382,0.189587539678173,-0.367339921048959,4.62238661557651,0,0,-0.31188438251138,0.142091725717782,-0.552755697077125,-0.330905655771178,20
45,5.1515331944031,1.54043307678677,-0.526814212667583,4.94151564977633,0,0,0.572563770510833,0.417668476909594,-0.836240461485096,-0.589886468248559,21
45,5.46829413515927,0.320475315444892,1.12593702709905,4.94151564977633,0,0,0.295339796330069,0.00933030457568734,-0.0907246248132516,0.487884072415153,22
45,5.52247692765704,-0.0671484009094802,1.2616563611918,4.94151564977633,0,0,0.23934649320826,-0.0483986654268268,0.0684069020493322,0.395265894525616,23
45,5.7683834474546,0.825752948685378,-1.48486887721381,4.94151564977633,0,0,0.214267348750439,0.182316869307593,-0.962963546160926,-0.875408644209211,24
45,6.03929740994344,-0.308996354234513,0.378302719365438,4.94151564977633,0,0,0.0550107119453438,-0.0720221077577455,-0.82166902958267,-0.0142200389455073,25
45,6.43524858588866,0.72829718048078,1.35477818456839,4.94151564977633,0,0,0.448680237425086,0.0630603459227577,0.336517791629648,0.571478853503238,26
45,6.66865138434058,0.674695096937767,-0.727269104965694,6.43527920445284,0,0,0.437121862803478,0.209694855546045,-0.966372936918818,-0.178479276291821,27
45,6.99791604644239,-0.78098012412837,2.92545049933787,6.43527920445284,0,0,-0.14810872934664,-0.185995518277521,0.730865111470151,1.8917207837543,28
45,7.23965465912474,-0.0823318610783063,1.28705880470869,6.43527920445284,0,0,-0.063762739597921,-0.112365989556009,-0.0418313686784433,0.349376788500372,29
45,7.28966954450729,-0.575875845946386,0.841595832522833,6.43527920445284,0,0,-0.724378891457112,-0.0610272045131695,-0.021830991328007,0.46362348616148,30
45,7.66061327776124,1.0948613342827,0.224899347190635,6.43527920445284,0,0,0.747448043231655,0.338318848656247,-0.629701006177374,-0.33449136947425,31
45,7.97737421851742,-0.169029300265267,-0.195210739995399,7.90114531753262,0,0,-0.0827317356742398,-0.0466461843366802,-1.1457249888844,-0.532597900663239,32
45,8.18993748139327,-0.131001871528256,0.40976605060113,7.90114531753262,0,0,0.078257935594409,0.0843443073415371,0.108795784879396,0.0459147295719146,33
45,8.34415004465615,-0.554346772448793,-0.102782051491707,7.90114531753262,0,0,-0.100053882308008,0.0366311550084453,-0.699118374284443,-0.266959592414136,34
45,8.57338493599286,-1.27659125465486,1.87392282298513,7.90114531753262,0,0,-0.556659246420573,-0.508248800014387,0.297235409304756,0.90570015049407,35
45,8.9443286692468,0.730004334488062,-1.17001411308332,7.90114531753262,0,0,0.451413531188194,0.243830519181018,-1.34121299293971,-0.665802328801489,36
45,9.04435844001191,1.31852712220596,-1.3225997833339,9.02223772358579,0,0,0.62492677172477,0.361345529360219,-1.19324712546823,-0.747396241740788,37
45,9.37362310211372,1.5772105746125,-0.63193950822608,9.02223772358579,0,0,0.551173683941746,0.343491075254679,-1.55650859939322,-0.685021315299035,38
45,9.60285799345043,2.56318566374982,-2.49648972940318,9.59359332589218,0,0,0.857181676721956,0.725899506457153,-1.47945727935355,-1.77042855843854,39
45,9.82792497767193,2.25400348002119,-1.85658911550964,9.59359332589218,0,0,1.03806376490014,0.547259901934458,-1.98984340177113,-1.16963846485449,40
45,10.161357546889,-0.150109968580431,-0.646438183249024,9.59359332589218,0,0,-0.136655692773734,-0.0162471109795771,-0.480146606101069,-0.324634437384642,41
45,10.4155998809169,0.623525063520578,0.549176090034149,9.59359332589218,0,0,0.22364806609279,0.256339388157145,-0.112244388076598,0.0468077224040939,42
45,10.632331050908,2.75072990075607,0.140167866171708,10.4474306071697,0,0,1.00787479042686,0.732547303212806,-0.359041831316166,-0.464159317977773,43
45,10.8907412920512,0.837270261338971,-1.04511510396731,10.4474306071697,0,0,-0.162307806286639,0.258827984285738,-0.742746993177678,-0.578953560909464,44
45,11.0908008335814,-0.13455492118169,0.33984426022997,10.4474306071697,0,0,-0.262554467594586,0.0141044685195835,-0.0701149991094154,0.31820676585364,45
45,11.3116999106877,0.160632483044951,-0.36705513790751,10.4474306071697,0,0,-0.196939103556137,-0.0320386809305205,-0.729386132113074,-0.121160834136265,46
45,11.5742780589461,0.753144876832193,-0.26497494973708,10.4474306071697,0,0,0.478863197221327,0.307072904022722,-0.647008969561918,-0.416728402047834,47
45,11.9660613277761,1.76236818372083,-1.54969031746485,10.4474306071697,0,0,0.778092746438479,0.663053313534797,-1.449296928561,-0.839789779717017,48
45,12.1452813337303,0.196236245964862,0.922457132868567,12.0277850642138,0,0,0.0502495296961255,0.0693192980295333,-0.440087775445785,0.722293669187212,49
45,12.4620422744865,-0.0763544042084448,-0.319777313498258,12.0277850642138,0,0,0.0766421817273607,-0.15091195492323,-0.283170795832501,-0.0896249099817424,50
45,12.5037213456386,-0.183888600890076,-0.507157223442345,12.0277850642138,0,0,0.0121200636768483,-0.0153373468328863,-1.11895130246461,-0.460789356125936,51
45,12.8955046144686,-0.590743043229315,-0.220201261286283,12.0277850642138,0,0,-0.420973522599195,-0.137718071817494,-0.687981451483468,-0.300359353490578,52
45,13.2247692765704,4.44991049876061,-2.30219379846951,13.2005251287966,0,0,2.14437038104063,1.12179622439508,-2.2990321542863,-1.56150436388185,53
45,13.3373027686812,3.26819570773622,-2.06350655395059,13.2005251287966,0,0,1.36022769139948,0.819607232992558,-1.96697680275284,-1.09918331329509,54
45,13.6999106877047,0.755281202446809,-0.776756945568296,13.5728107637959,0,0,0.525133891201232,0.139092826343639,-0.754274038295279,-0.309314084778108,55
45,13.8416195296219,0.318194046324762,-0.37478635942395,13.5728107637959,0,0,-0.239989339089402,0.0795458351265453,-1.11035874160988,-0.180222172090364,56
46,0,-0.737961037330467,0.0979572502937541,-Inf,0,0,-0.356139565147881,-0.20005904837087,-0.335684902454277,0.696961915306054,0
46,0.0708544209586186,1.17055188368204,0.966142976641233,-Inf,0,0,0.471046813767242,0.400635060072313,0.717352229522592,1.02273576475169,1
46,0.491813039595118,1.68370849834029,-0.280538635548985,0.362750080658589,0,0,0.845193133759265,0.265390800236597,-0.441754720825113,0.565716799511508,2
46,0.550163739208098,1.06781241300853,-0.161975595508569,0.362750080658589,0,0,0.630806296334969,0.420050537144834,0.0248985029308735,0.493151543995063,3
46,0.896100029770765,-1.09489044753546,1.07020924154494,0.362750080658589,0,0,-0.280481116474431,-0.208752890024163,0.552845563684131,1.30540143921654,4
46,1.08365584995534,-1.71701628328693,0.896565928052562,0.362750080658589,0,0,-0.727814597202994,-0.400640211192431,0.263527319530567,0.99334726783266,5
46,1.4254242334028,0.770979697953815,-0.546657532673822,1.21557690307785,0,0,0.0458173639927548,0.231915921763359,-0.452413642278566,0.425093441190377,6
46,1.68800238166121,0.884309798284755,-1.98960436391453,1.21557690307785,0,0,0.298083503478352,0.274952208112498,-0.731461371594872,-0.917432696311692,7
46,1.90890145876749,1.05445008320074,-0.122724656436902,1.21557690307785,0,0,0.602032121960577,0.382560223078833,0.696133522388509,0.224302505149659,8
46,2.05894611491515,-0.383871841629129,1.24249927655572,1.21557690307785,0,0,-0.228770509177422,0.0442365945904697,0.964784413132375,0.996181191442974,9
46,2.47156891932123,0.295495569200913,1.15579666191327,1.21557690307785,0,0,0.00631115457736342,-0.00234098174860647,0.570714832901896,1.14382070495364,10
46,2.61744566835368,1.64282793794111,-0.123373636273546,2.50625706086508,0,0,0.815094625839424,0.472468596243883,-0.176673307465584,0.710482743603264,11
46,2.87585590949687,1.45863679536815,0.040088440113836,2.50625706086508,0,0,0.301759400162178,0.612201141607353,0.174900651449407,0.527648718741376,12
46,3.11759452217922,-0.291909206581289,0.0891243302248433,2.50625706086508,0,0,-0.229851492648632,0.0387736378263632,0.203637569815329,0.565103178143224,13
46,3.45519499851146,-0.235963445932422,0.6289694464167,2.50625706086508,0,0,-0.274313166507495,-0.0198586586845784,0.112355972990795,1.01657748081945,14
46,3.62191128311998,0.692151542693856,1.01622739786418,3.48314553927093,0,0,0.175408504930083,0.0504929371000337,0.572501268072304,0.997901322589154,15
46,3.98035129502828,-1.11819225059503,2.5543700367877,3.48314553927093,0,0,-0.809640920242675,-0.159582045976882,1.57481674431886,1.90003879385044,16
46,4.16373920809765,-1.30528861288026,-0.112974890669532,3.48314553927093,0,0,-0.629035106813188,0.0263181326050378,0.450634790954969,0.369088834247564,17
46,4.32211967847574,-0.0569000939026283,0.570862158480079,3.48314553927093,0,0,-0.136679162056495,0.109191614623863,0.284390998486864,0.832737811363837,18
46,4.54301875558202,-0.473190975531247,0.243570745873526,3.48314553927093,0,0,-0.0869473582942452,-0.00421649497714971,0.106251572214028,1.13295090422432,19
46,4.86811551056862,0.357617134847226,1.06976243693483,4.56933820461138,0,0,0.221183152152046,0.110351190730802,-0.0373399823756208,1.1283462092016,20
46,5.09735040190533,-0.363848051686795,0.345838032954284,4.56933820461138,0,0,0.00781797644926116,-0.0806907022817987,-0.0860507776222171,0.504800839338533,21
46,5.45162250669842,-2.30182999941957,1.39248417094626,4.56933820461138,0,0,-1.16180742785113,-0.374238483984757,0.110644482929545,1.20099740796658,22
46,5.51830902054183,0.264312376721346,1.62754753072426,5.46970543890762,0,0,0.289002066050177,0.0825990800743235,0.644592025340695,1.28923659381282,23
46,5.83923786841322,-0.699636167039508,-0.522118759561308,5.46970543890762,0,0,-0.065199500888369,-0.127306046153876,0.587032460561117,0.518023956963494,24
46,6.11015183090205,-0.24349004919082,1.20052611177865,5.46970543890762,0,0,-0.21360317209699,0.172407032190625,0.887952184681391,1.4270872729345,25
46,6.41440905031259,1.19506195538034,-0.525773698465234,5.46970543890762,0,0,0.535470977108025,0.502810401783389,-0.38040653996267,0.498419722977562,26
46,6.52277463530813,1.62898423734025,-1.48762880148554,6.459215908254,0,0,0.448257339392106,0.473132271073636,-0.784870037823843,-0.579716886880924,27
46,6.97290860375112,-1.22780862998785,0.792384043380952,6.459215908254,0,0,-0.371263830303162,-0.319640005108646,0.639602365215745,1.02896949672121,28
46,7.23548675200953,-0.704280660756886,0.371642594849076,6.459215908254,0,0,-0.466896048690271,-0.0351225383855248,0.0412351278072986,0.49022620333463,29
46,7.46888955046145,0.967536069190968,-0.826415972417694,6.459215908254,0,0,0.425219206348113,0.342945260104439,-0.443037960728362,-0.16100605716983,30
46,7.61893420660911,1.29643387112401,-1.12049313305665,7.47169689292697,0,0,0.38499921528156,0.334418990718941,-0.0963294080906409,-0.143711210093773,31
46,7.86067281929146,1.48866963477019,-0.737404841372261,7.47169689292697,0,0,1.13682319834026,0.399637824496524,-0.700328793078692,0.478315167388448,32
46,8.03989282524561,1.83802810493579,0.15066875547551,7.47169689292697,0,0,0.449895964948056,0.58980302381296,-0.153831458652027,0.581291596919879,33
46,8.2649598094671,-0.450630552419786,0.500702895773782,7.47169689292697,0,0,-0.126256280135872,-0.127672861061997,-0.266903487232422,0.556459873384096,34
46,8.6192319142602,1.2173886345767,-1.64637804532243,8.34168119422124,0,0,0.359351614024006,0.189428158296344,-0.821967172425603,-0.0869484739363995,35
46,8.76510866329265,0.221873463175815,0.909910601242732,8.34168119422124,0,0,0.167449297995417,0.31106378617422,-0.0864121719431751,1.29282159066885,36
46,9.04435844001191,0.261462559326861,-0.0320545938447036,8.34168119422124,0,0,0.256461723959625,8.09013070284803e-05,-0.283623181864705,0.644031266770243,37
46,9.47782077999405,-0.560779628098398,2.39037963221829,8.34168119422124,0,0,-0.379966244103788,-0.100224765961978,1.38084629122262,2.0870735073893,38
46,9.66120869306341,-1.12661451343525,1.988979423153,8.34168119422124,0,0,-0.47610461253102,-0.161630341118937,1.44605556493776,1.45450447252809,39
46,9.96963381958916,0.907132651627445,0.0175600011808585,9.9163503362636,0,0,0.508818782932489,0.0237781515896406,-0.178438365044993,0.520135252456,40
46,10.1363501041977,-0.229350462289159,0.422181984373018,9.9163503362636,0,0,0.0851332328498496,-0.00604993289237914,-0.608729442937369,0.50795877063179,41
46,10.3280738314975,-0.0526856329312576,-1.12835825640728,9.9163503362636,0,0,0.287539785466585,-0.0638246754954786,-0.146162775130628,-0.30678624982385,42
46,10.5448050014885,-0.360875809524086,1.12344929631842,10.4821274400277,0,0,0.169308680969164,0.0509303339586256,0.990873103094612,1.15243939189893,43
46,10.9199166418577,-0.959094483293246,1.94501571928747,10.4821274400277,0,0,-0.45372729546157,-0.201002086652464,1.44839650629805,1.91546297346596,44
46,11.2283417683834,1.79111389493418,-1.02240510174659,10.4821274400277,0,0,0.814850975608818,0.503114547323535,-1.10497792016112,-0.173211130587556,45
46,11.2616850253052,1.63042839565744,-0.781816071604591,10.4821274400277,0,0,0.629620280938166,0.473706220602204,-0.366692013233022,0.173187492476435,46
46,11.5617743376005,0.178834365865617,0.662014211116323,10.4821274400277,0,0,0.232657962422642,0.0459181035170182,0.731099842279657,0.699250944817976,47
46,11.9285501637392,0.587135949245583,-0.397694648407902,10.4821274400277,0,0,-0.00810285646874739,0.252212941651182,-0.176888645977614,0.0724140896316326,48
46,12.0577552843108,3.63535126630369,-2.62685217365377,12.012273967875,0,0,1.68718532020126,1.0416594020994,-1.55564033269083,-1.04125044492025,49
46,12.4620422744865,-0.870052314792346,0.43486461607732,12.012273967875,0,0,-0.488710805010697,-0.207483501503691,-0.0930570274266005,0.704328316756361,50
46,12.6954450729384,3.65315496513315,-1.23373427959373,12.6480481537077,0,0,1.10774784857689,1.04156634272769,-0.443956063900724,0.0987225040947247,51
46,12.8579934504317,0.588016331199735,-0.21544570311851,12.6480481537077,0,0,0.11810428850944,0.498850512993103,-0.0682377379574267,0.716338487113533,52
46,13.0747246204227,-0.278120393297606,-0.778611799949724,12.6480481537077,0,0,-0.198720821208462,-0.0429496048089271,-0.236895256159822,0.331315006476042,53
46,13.3039595117595,-0.874922174087502,1.61189204573985,12.6480481537077,0,0,-0.26856989592218,-0.252637994878242,0.329110852345398,1.82984874888676,54
46,13.5582018457874,-0.283533639072099,-0.850261624010164,12.6480481537077,0,0,-0.414767428542966,-0.0407699400850629,-0.246934616935513,0.161070700098544,55
46,13.9874962786544,0.712990828618911,0.690519455622784,13.5795053989743,0,0,0.642838865398676,0.0684624841957653,0.454663641431208,1.33608817760551,56
47,0,0.820103990278519,1.46058246316185,-Inf,0,0,0.368942608384899,-0.687262362251066,0.0552168113177136,0.565112108694471,0
47,0.229234891336707,-1.34346436272417,0.981327484664323,-Inf,0,0,-0.3590542059503,-0.968133691315098,-0.41248177347269,0.0626642463549856,1
47,0.325096754986603,-1.38998187468074,1.18955466658723,-Inf,0,0,-0.567247710232842,-0.895800906393905,0.447303691882396,0.267633347766295,2
47,0.504316760940756,1.79218580466363,-0.47823486069088,0.403260860033333,0,0,0.598361252615016,-0.209255631548485,-0.358831536354142,-0.494356322131642,3
47,0.816909794581721,0.139672678760347,-0.100767209502608,0.403260860033333,0,0,0.152668374478769,-0.685310989343013,-0.456758497565605,-0.353546982086041,4
47,1.12533492110747,-0.293889493675361,0.0712749598292649,0.403260860033333,0,0,-0.0446689871246824,-0.692959769063494,-0.582675094555829,-0.345092171147702,5
47,1.40458469782673,-0.375611491980974,-0.492800835167647,0.403260860033333,0,0,-0.364827836376468,-0.710668070573392,-0.948136255620069,-0.450327943164983,6
47,1.66299493896993,1.88982410362614,-1.81546463295703,1.45155531575259,0,0,0.439478039844598,-0.258457790874404,-1.09528744678404,-1.56731794571254,7
47,1.80470378088717,3.22637688109691,-1.86134176910617,1.75591611109781,0,0,1.12675846734907,0.30042299472244,-1.37337177285201,-1.49205273634549,8
47,2.12146472164335,1.4224793479409,-0.220412933247746,1.75591611109781,0,0,0.702457249245985,-0.276124391333092,-0.605797847663758,-0.855190197238809,9
47,2.32152426317356,1.04806727197272,-2.18146428987895,1.75591611109781,0,0,0.201401366730945,-0.479046257462208,-1.56429675637816,-1.77568980021471,10
47,2.57159869008634,0.604991351923415,-2.47804047306092,1.75591611109781,0,0,0.377879457773105,-0.453931103086359,-1.57122752176576,-1.62632209928385,11
47,2.94254242334028,1.21122835397138,-1.36426074430097,1.75591611109781,0,0,0.169713527862259,-0.293107060205359,-1.39667911404206,-1.3469431215109,12
47,3.07591545102709,2.72638599712559,-0.320604236464651,2.9626595577637,0,0,0.796866018218607,0.00390354121879203,-0.395394346155633,-0.341476326919475,13
47,3.38850848466806,0.292487181162671,1.74869478657708,2.9626595577637,0,0,0.301755260167954,-0.540299729716999,-0.279215363642365,0.574649647271108,14
47,3.57606430485263,-0.096952553003274,-0.0932596419393957,2.9626595577637,0,0,0.0196456059975866,-0.529497008682454,-0.0136966948976269,-0.251572793734728,15
47,3.95951175945222,2.10363419777297,0.420832246630254,3.89148104222706,0,0,0.879688746946416,-0.0985841030024157,-0.607341696566336,-0.0350484730383065,16
47,4.02619827329562,1.46345736622719,-0.369075259927203,3.89148104222706,0,0,0.0564737367104116,-0.126531158278655,-0.691292768796212,-0.515665524326149,17
47,4.25960107174754,1.04769219232746,-0.679326397998317,3.89148104222706,0,0,0.103933418822708,-0.486275685238939,-0.808427513973877,-0.415160509323203,18
47,4.7305745757666,-1.32552860844253,1.85140024912314,3.89148104222706,0,0,-0.617082391294398,-0.915462536993928,0.120039471059027,0.858301686434818,19
47,4.82226853230128,-0.212430624070509,1.39208333027782,3.89148104222706,0,0,-0.462742067333134,-0.84478871768616,0.0267296165391404,0.454986045837461,20
47,5.06817505209884,1.87365941501418,-0.982561328817849,3.89148104222706,0,0,0.284778221766421,-0.167572573739619,-1.0062381057125,-1.04810691018697,21
47,5.25989877939863,0.203858471596583,0.240557518408204,3.89148104222706,0,0,-0.023299604986213,-0.566695017610979,0.0495416738379064,-0.412127570524482,22
47,5.62250669842215,0.317245953954063,-0.68527461054999,3.89148104222706,0,0,-0.0140202768188848,-0.568061454768583,-0.643786832399695,-0.544609013113853,23
47,5.82256623995237,2.50325699977384,-0.0391506077329139,5.63109009127634,0,0,0.746534815574573,0.157269636025016,-0.408298781112528,-0.505204574531949,24
47,6.15183090205418,0.301150967389182,-1.40730578830181,5.63109009127634,0,0,-0.0787974774730333,-0.796297974979525,-1.13667804420144,-1.5015914327055,25
47,6.46442393569515,2.37464539412871,-0.659611855597609,6.45508301077733,0,0,0.844920818550985,-0.232511520973919,-1.31713806106326,-0.576749278935073,26
47,6.74784161952962,1.18254631064267,-1.60445333173682,6.45508301077733,0,0,0.146423268174447,-0.37989434516283,-1.20077054823124,-1.03604317288758,27
47,6.7728490622209,-0.000922141936017789,-2.11491316597739,6.45508301077733,0,0,-0.0790202389420032,-0.826679900944789,-1.2937099607827,-1.87771182618527,28
47,7.10211372432272,-0.306698091908039,-1.5290461685149,6.45508301077733,0,0,-0.316543382845617,-0.647102118298455,-1.27284617955304,-1.03292650441963,29
47,7.3563560583507,0.637826636775757,-1.21978985912687,6.45508301077733,0,0,0.246825109829238,-0.475740184648413,-1.08891650263899,-1.01939217062157,30
47,7.51473652872879,0.0789536104326909,1.36463881570954,6.45508301077733,0,0,0.0554260163116628,-0.67970067268155,0.0262374964768794,0.449320731510912,31
47,7.98571003274784,1.48139617751758,-1.17925332897592,7.96687110013937,0,0,0.451666199336324,-0.0214308406026289,-1.20921689206246,-1.13901855174296,32
47,8.19410538850848,1.21107184851579,-2.80892360805891,7.96687110013937,0,0,0.638744569164744,-0.214228212395247,-1.79929327304652,-1.89399232098539,33
47,8.40250074426913,0.804516897326973,-2.24467701960965,7.96687110013937,0,0,0.193999177152949,-0.447448759672751,-1.95642211874402,-1.8238623527972,34
47,8.53170586484073,0.12937380187971,-2.3240516880426,7.96687110013937,0,0,-0.302770528858886,-0.535363656727704,-1.9746277683923,-1.59788802181009,35
47,8.77761238463829,-1.20322003282022,1.26822334538619,7.96687110013937,0,0,-0.441783719381025,-1.13897363549572,0.422540573370986,0.238319038556061,36
47,9.02351890443584,1.24640055795138,0.742528548912323,9.0210006037118,0,0,0.456015756882278,-0.394242998131742,-0.553851226720655,0.22194689872209,37
47,9.44447752307234,1.55635799405721,-0.277305329603596,9.26319588556205,0,0,0.602282711221954,-0.259368969916087,-0.316689596840781,-0.188663634929961,38
47,9.5278356653766,-0.295347794086828,1.09819070353356,9.26319588556205,0,0,-0.144748606878696,-0.704096453157935,-0.33375167078313,0.269661593276121,39
47,9.92378684132182,-0.838672522824781,0.646163816284229,9.26319588556205,0,0,-0.358054712642917,-1.02500508751033,-0.265290013274286,-0.0107054636205359,40
47,10.1363501041977,-0.356673809428952,-0.851766469649574,9.26319588556205,0,0,-0.319364611429579,-0.655117372776925,-0.731590418971033,-0.79171776848258,41
47,10.4989580232212,1.44064552663449,-1.30065930412336,9.26319588556205,0,0,0.476457009496264,-0.275982755667859,-0.563994929041171,-1.16847075031929,42
47,10.7240250074427,0.132434121984506,-0.504363357130137,9.26319588556205,0,0,-0.0459031311556839,-0.730060558272755,-0.415230285002769,-0.501858812818075,43
47,10.8240547782078,-0.803850102959068,0.0733135291102168,9.26319588556205,0,0,-0.140718490308863,-0.785401737979191,-0.672368478362129,-0.189740915138013,44
47,11.2241738612682,1.00150791524287,-1.17265791511135,10.8415735377984,0,0,0.0792780146420752,-0.365677485056582,-1.5818680982849,-1.27048103849412,45
47,11.4200654956832,1.28491109202127,-0.598404991176543,10.8415735377984,0,0,0.62274041157183,-0.236517314063945,-0.589159831706636,-0.391356072555072,46
47,11.7368264364394,3.8410751804262,-3.19472934868209,11.705437861014,0,0,1.29156917337559,0.116500511667357,-2.65539050166673,-2.20851567401706,47
47,11.9410538850848,2.73718315404706,-3.87690389149524,11.705437861014,0,0,1.0428081170901,-0.107522727412494,-2.55196673929283,-2.42287242315055,48
47,12.1119380768086,1.11224237237228,-0.501938434202365,11.705437861014,0,0,0.326257556600366,-0.316511473831004,-0.83542565788257,-0.65841083477571,49
47,12.2911580827627,0.141107147958882,-0.623261214495709,11.705437861014,0,0,-0.1578510722027,-0.80904206430792,-0.810644670254194,-0.660693007119421,50
47,12.5245608812146,1.28187736656147,-0.947044198357932,11.705437861014,0,0,0.052893467660475,-0.476180328732404,-1.06959923382103,-1.06445162387967,51
47,12.7537957725514,-0.493561218347342,0.263548470895929,11.705437861014,0,0,-0.48491353892389,-0.851884351582611,-0.19739762679431,-0.452819587270364,52
47,13.1705864840726,1.77261107439838,-0.669666083159815,13.1622912629293,0,0,0.375571103647463,-0.227301168185274,-0.703567853468755,-1.08932985352115,53
47,13.4206609109854,-0.644010363113076,1.4370769315238,13.1622912629293,0,0,-0.480210299462894,-0.987184834103963,-0.23560751023658,0.380556982462984,54
47,13.5248585888657,-0.825436701258896,1.06321283829606,13.1622912629293,0,0,-0.560244100583216,-0.990011912993376,0.437690459764628,0.262494821979822,55
47,13.8999702292349,1.59169104378092,0.359191473025991,13.1622912629293,0,0,0.58561982706616,-0.185255850050634,-0.256712691134579,-0.149193617254173,56
48,0,0.515221666322704,-0.133955069741608,-Inf,0,0,-0.609398879416944,0.294053813983135,-0.545535248595408,-0.818327710413785,0
48,0.0958618636498958,0.254552448659773,-0.191986833011903,-Inf,0,0,-0.178519814323761,0.304046998376754,-0.223717446902559,-0.573137964793,1
48,0.49598094671033,1.35336020530861,-1.09972454958566,0.403932099498343,0,0,0.0452226709745993,0.452675677282327,-0.454715966616912,-1.50522875133307,2
48,0.621018160166716,0.733301840173822,-1.4637141585247,0.403932099498343,0,0,-0.272655577707527,0.538710203424986,-0.70464970119429,-1.95343924810651,3
48,0.750223280738315,1.29778336504348,-1.96324001537029,0.403932099498343,0,0,0.0187347297402403,0.360749058354382,-0.581633337033121,-1.90097462372086,4
48,1.21702887764216,0.366375155845272,2.03593250940848,0.834404167554413,0,0,-0.368897909454925,0.230393470486394,0.989814741825091,0.37505356626834,5
48,1.34206609109854,0.364977949138497,1.15992379032831,0.834404167554413,0,0,-0.533538333785446,0.414860593295512,0.226360897004121,-0.388879495985452,6
48,1.63798749627865,-0.0567500857847855,0.129209421466227,0.834404167554413,0,0,-0.532357405838542,0.160683108549729,0.396786733849194,-0.824750873062736,7
48,1.87139029473057,0.828704023880132,-1.23477420683042,0.834404167554413,0,0,-0.418623952287942,0.468759818383439,-0.181575614518155,-1.65064121835879,8
48,2.04644239356951,0.307463773238238,-1.34911859615955,0.834404167554413,0,0,-0.524699260428432,0.320121622673009,-0.68280188519962,-1.82003054722042,9
48,2.48407264066687,-0.332617767703027,0.638597655267322,0.834404167554413,0,0,-0.858645557190255,0.0593676668927304,0.0674599156516663,-0.253173348872661,10
48,2.60494194700804,0.805865797825156,0.287623354589374,2.48857397746402,0,0,-0.240496735491365,0.315801970979783,0.201563084299918,-0.718265727939175,11
48,2.7883298600774,0.281588170770661,-0.16509930894068,2.48857397746402,0,0,-0.446495742939435,-0.00614483459289511,0.0484253876919089,-1.16760130648381,12
48,3.07174754391188,-0.448141933337284,1.01133159967302,2.48857397746402,0,0,-0.973998170429076,0.223040800446037,0.849988907336881,-0.437969001416656,13
48,3.39267639178327,-2.3756998157927,1.33637291231317,2.48857397746402,0,0,-1.70710386523082,-0.303818233666478,0.650225469125517,-0.108826363620335,14
48,3.68442988984817,1.75758390722857,-1.98468575360258,3.51538574820778,0,0,-0.0579815547976174,0.638284226257058,-1.15453532918833,-2.01868215197384,15
48,3.96367966656743,1.50709162497603,-0.596478770503621,3.89353382353886,0,0,-0.300167069003899,0.686834052393141,-0.215131138473309,-1.24673807154976,16
48,4.02203036618041,1.10827174178033,0.617722689937281,3.89353382353886,0,0,0.351055084950081,0.359724030305311,0.697881776240891,-0.364707759909319,17
48,4.32211967847574,0.933488174155141,-0.279327924524553,3.89353382353886,0,0,0.0218187911279371,0.262791646445786,-0.194120724698644,-1.13210086276019,18
48,4.62220899077106,-1.89759100652483,0.579668904550074,3.89353382353886,0,0,-1.62421312259356,-0.167496807403325,0.045320593477393,-0.647747960848798,19
48,4.8597796963382,-1.38761475872019,2.66791796365576,3.89353382353886,0,0,-1.52165027457876,-0.0604358792111142,1.54217903853732,0.809675070530785,20
48,5.03066388806192,-2.35904417016827,1.1647649803578,3.89353382353886,0,0,-1.44443407172791,-0.319398491467684,0.373826570410574,-0.377511733026886,21
48,5.28490622208991,-3.34944932972553,1.01367459470735,3.89353382353886,0,0,-1.76316809940896,-0.498491354177768,1.14550863471904,-0.23683722938101,22
48,5.69336111938077,0.107834922104912,-0.288777899622802,5.30509151291604,0,0,-0.793347488185485,0.400231490182942,-0.163096725883828,-1.10147822719312,23
48,5.9309318249479,-0.444350563182282,0.519991345879059,5.30509151291604,0,0,-0.613402175595956,0.102252665645005,-0.257359620143639,-0.338302470791566,24
48,6.20184578743674,-0.0290322086514408,0.228689238552952,5.30509151291604,0,0,-0.584243339892904,0.176628053988944,-0.00177784960316718,-0.957236742663317,25
48,6.49359928550164,1.16876568844042,-1.21991982624144,5.30509151291604,0,0,-0.444182677213198,0.510419580076181,-0.467773512499389,-1.58094940471107,26
48,6.63947603453409,0.370538176470474,-0.66049309992671,6.53128237408908,0,0,-0.851262299588297,0.341193788607827,-0.301152923597984,-0.932976099335815,27
48,6.82703185471867,0.292073978220337,0.522847230721068,6.53128237408908,0,0,-0.312193970065367,0.39076814009718,0.521648593212101,-0.768904265695653,28
48,7.17713605239655,0.166888131585437,-0.347406781404968,6.53128237408908,0,0,-0.81135231568659,0.172228293616754,-0.580384270171139,-1.31337603150678,29
48,7.31467698719857,-0.117830133690032,0.466102921968092,6.53128237408908,0,0,-0.59340890155172,0.097947147247232,0.8198263425019,-0.567087404289098,30
48,7.61893420660911,-0.912730064920667,0.934947253951923,6.53128237408908,0,0,-0.686087785420923,0.0418417895060957,1.17390888909135,-0.223508915168396,31
48,7.81899374813933,-0.149582948799095,-0.316495940189321,6.53128237408908,0,0,-0.799611882680164,0.193190023221196,-0.585140307570188,-0.848330307225983,32
48,8.13992259601072,-0.0125277848696558,-1.35266252986129,7.82190188000588,0,0,-0.820920391651002,0.313154927252763,-0.580079620706424,-1.56041243308972,33
48,8.34831795177136,0.367358515771242,0.0663490717189942,7.82190188000588,0,0,-0.40493961705991,0.335849591665999,0.257278183594262,-0.64859187077818,34
48,8.52753795772551,-0.538307465471311,1.61979365672211,7.82190188000588,0,0,-0.566919355998909,0.00510438035893505,1.13271104623106,-0.24265392217141,35
48,8.95683239059244,-0.401368418913423,-0.127558445439995,8.59719550517352,0,0,-0.652569700431702,0.101781904185373,0.373693776608057,-0.662103484583388,36
48,9.08186960404882,-0.857223696160643,-1.01946323901605,8.59719550517352,0,0,-0.592877968677573,0.0764322756428095,-0.477435575547283,-1.69413597951178,37
48,9.34027984519202,2.48772536952275,0.263000798336342,8.59719550517352,0,0,0.67241507821777,0.950311382606811,-0.152485460237567,-0.858719589455192,38
48,9.66537660017863,0.10079488433281,0.772126531024785,9.47976752653037,0,0,-0.499958294139834,0.291169531053627,0.611728592903607,-0.61634703772986,39
48,9.9487942840131,0.259007401370136,0.479381245542446,9.47976752653037,0,0,-0.232242863988213,0.0673090336463379,0.568577506737548,-0.939450506384559,40
48,10.1905328966954,0.761344518348445,-2.10846065609775,9.47976752653037,0,0,-0.174365528060612,0.353898442542832,-0.721352533856063,-2.03863900718357,41
48,10.3655849955344,-0.341863385581934,0.258332956310386,9.47976752653037,0,0,-0.657910177984662,0.109621604082407,0.590532994942091,-0.813512910882314,42
48,10.6740101220601,0.591916618982185,-0.21588296500698,9.47976752653037,0,0,-0.378730257354211,0.430453364403202,-0.411651732068437,-1.02439912381419,43
48,10.8824054778208,2.46292410335269,-2.02401281567317,10.7694317228447,0,0,0.0426424893003624,0.815511362734693,-0.925642061799289,-1.88454806141908,44
48,11.1366478118488,0.131399408037696,-0.685371925502564,10.7694317228447,0,0,-0.523087367516794,0.149571805814426,-0.0355787629410347,-1.45372499577371,45
48,11.2575171181899,-0.413147318029669,0.196039402185642,10.7694317228447,0,0,-0.797645944102508,0.223480832194957,-0.149973691581696,-0.812853231608806,46
48,11.5951175945222,-0.399358673079014,1.0745496820156,10.7694317228447,0,0,-0.870762102477476,0.161984092954153,0.930471046891299,-0.179907489094177,47
48,11.8827031854719,2.46194706676028,-0.0783455765024557,11.8158745587374,0,0,0.490741335990235,0.848296592904236,0.20481670560984,-0.686526078111755,48
48,12.0702590056564,-0.240472273754852,0.52568713528369,11.8158745587374,0,0,-0.711995325711358,0.229061987920868,0.417029640779234,-0.637034302708028,49
48,12.3828520392974,0.900295186930115,-0.463929069888909,11.8158745587374,0,0,-0.0676280157000534,0.52169195680473,0.0646527606370842,-0.942619775247194,50
48,12.6162548377493,2.64525354424214,-0.570393002099107,11.8158745587374,0,0,0.643218305505229,0.92529641781113,-0.215276305623838,-1.04450407908503,51
48,12.962191128312,1.49787766108278,-1.12663507803458,11.8158745587374,0,0,0.237504073192894,0.710773896477253,-0.226860514708352,-1.61644744573682,52
48,13.1122357844597,-0.0172369628667763,-1.32756556585417,11.8158745587374,0,0,-0.652576622186611,0.22771565014937,-0.470772626366036,-1.42772080110687,53
48,13.3247990473355,3.03899337152293,-3.2610501467881,13.2427650479618,0,0,0.631597890091778,0.921642928335076,-1.34118033406577,-3.26537227211148,54
48,13.5873771955939,0.807469191355441,-0.492576731560425,13.2427650479618,0,0,-0.130254750222681,0.519589206742338,-0.402639958492787,-1.36172755366006,55
48,13.7540934802024,1.24824435873341,-1.57609133119294,13.6638175398344,0,0,-0.365816587313381,0.417262587510917,-1.04158604526381,-1.61902475556409,56
49,0,0.81752832902673,-0.744598925799679,-Inf,0,0,0.488798301035919,0.588082634280227,0.415791528714624,-1.05840243285573,0
49,0.02917534980649,-0.487962404584753,-0.669727426806137,-Inf,0,0,0.0147874060388498,0.302699463570363,0.075995709464456,-0.666984194978535,1
49,0.26257814825841,3.76178727496117,-1.41577254816334,0.258767526224256,0,0,1.64487121259217,1.33246759756314,-0.807744789608678,-1.57472118996596,2
49,0.571003274784162,3.32271800019153,-1.93995050309861,0.258767526224256,0,0,1.07619737509785,1.2880502480363,-0.192289224204348,-1.3880708329607,3
49,0.858588865733849,0.574392372312333,-0.90889204241481,0.258767526224256,0,0,0.270685353563769,0.451274448730752,0.172937560766461,-0.830376543792748,4
49,1.24620422744865,2.74210016884262,-1.17258847098618,0.989861711322402,0,0,0.935787307346102,1.13645810186007,-0.484766695561837,-1.12566887946397,5
49,1.47127121167014,-0.223572159368433,0.938193284617942,0.989861711322402,0,0,-0.101218793098103,0.403096647625074,1.15295148531102,-0.0738588676473244,6
49,1.67549866031557,-0.302379550907569,1.01237894896957,0.989861711322402,0,0,-0.00563128120631908,0.409795215760844,0.989532142599676,0.0186925146022178,7
49,1.92974099434355,3.11204775352289,-2.64899482890081,1.90624965307876,0,0,1.49261290559988,1.2344995440887,-1.48848185971879,-2.12505968627379,8
49,2.03810657933909,-0.215558923979809,-0.825417394943218,1.90624965307876,0,0,-0.458893603580068,0.545539344703116,0.192284376404858,-0.80651485237623,9
49,2.35069961298005,-0.671378389288606,-0.329409595213317,1.90624965307876,0,0,-0.126309115622505,0.407411459770862,0.434324053738808,-0.38829037472192,10
49,2.52158380470378,-1.27946261907207,0.703192291939006,1.90624965307876,0,0,-0.27098957971178,0.198567587823209,0.647274987776535,-0.0770388480679359,11
49,2.84251265257517,-1.70841286176192,-0.309969796820398,1.90624965307876,0,0,-0.511760042246816,0.213524369879456,-0.124223408013941,-0.576048076377397,12
49,3.05924382256624,-1.10690839451895,0.222730663219324,1.90624965307876,0,0,-0.652978682744847,0.145917823613201,0.396510096107693,0.0827178395401721,13
49,3.33432569217029,-0.350082243167287,0.782900137900474,1.90624965307876,0,0,-0.0402389404698158,0.416906890492789,0.276099995444374,-0.145464521866601,14
49,3.57189639773742,1.47567609680517,-0.611316937007498,3.3531722850811,0,0,0.763903249669554,0.71285423597562,0.392667004883223,-0.722120928137476,15
49,3.89699315272403,-0.117484220398699,0.40032257549062,3.3531722850811,0,0,-0.277463335605572,0.504366824907584,0.78982610183216,-0.0521786592140983,16
49,4.00119083060435,-0.886951974889253,1.28523775621748,3.3531722850811,0,0,-0.0363644596318981,0.146325682019099,0.817566823473326,0.72206922935794,17
49,4.42631735635606,1.14183706451566,-0.169437822553862,4.34300151233776,0,0,0.483025903959464,0.668925051056523,0.298143393465552,-0.486447257636261,18
49,4.63054480500149,0.410238217558366,-0.384571514942366,4.34300151233776,0,0,0.479948100450088,0.553942570351544,0.587901116001089,-0.781371462958219,19
49,4.90562667460554,-0.318633419838074,-0.245933567079172,4.34300151233776,0,0,0.159923790294304,0.446123116770606,0.110947573556816,-0.550162146106989,20
49,5.13902947305746,-1.0308712860582,1.33962123339651,4.34300151233776,0,0,-0.540384178525647,0.22867841664295,0.750970848851987,0.550884188361772,21
49,5.29324203632033,2.07637612178037,0.375431460141918,5.25094145500603,0,0,0.970330803619425,1.08235332717266,1.11665731858123,-0.460645689040853,22
49,5.61417088419172,-1.1296646393706,-0.61253539436482,5.25094145500603,0,0,-0.264965983086174,0.207264080648806,-0.22096746972049,-0.820447465143075,23
49,5.77671926168503,0.239677848509988,-0.434468030554098,5.25094145500603,0,0,0.167990194893169,0.681305622466816,0.3576979946954,-1.07489648562571,24
49,6.1559988091694,-0.148116619360946,0.0878565826443518,6.06495370104766,0,0,-0.0643296388913266,0.441408967941206,0.20263444560932,-0.359191940758557,25
49,6.2560285799345,-0.0344131159273894,1.30380955270901,6.06495370104766,0,0,-0.0291056346993772,0.44358561768556,1.37259540183709,0.591736125648273,26
49,6.50610300684728,-0.351481670637397,1.01674139773246,6.06495370104766,0,0,0.151191064004263,0.373543420705519,0.853199946364757,0.127545807543577,27
49,6.7728490622209,0.552567455158639,1.29445188923224,6.06495370104766,0,0,0.082764084668274,0.627923673137012,1.39537444634945,0.597364655891768,28
49,7.08127418874665,-0.0545996093892221,-0.462199044227757,6.06495370104766,0,0,-0.0967715134460156,0.549390196168863,-0.339386531751081,-0.699164706747718,29
49,7.39803512950283,1.69486994112139,-0.702473778960354,7.32642439688699,0,0,0.699722633479705,0.788457154341152,-0.232791191360852,-1.01676557665677,30
49,7.5814230425722,3.07758158665013,-1.81850384684697,7.32642439688699,0,0,1.44953682583579,1.21263015028854,-0.399786525235151,-1.22104927102581,31
49,7.86067281929146,-1.82527817364708,1.53941373280246,7.32642439688699,0,0,-0.473569552662313,0.158579852688309,1.18952529372673,0.612870167474951,32
49,8.22328073831497,-0.225831231117658,-1.31271263812512,7.32642439688699,0,0,-0.0679450923947025,0.317775621315519,-0.518437373397765,-1.29630866890056,33
49,8.36915748734743,1.06014504776811,-0.755547061244078,7.32642439688699,0,0,0.663467088208765,0.581971986511862,0.288847431604785,-0.683942944022536,34
49,8.65674307829711,1.98055600841163,-1.19265480915575,8.65299557823186,0,0,0.945722642397296,0.778149203060691,-0.308503192353746,-0.908860526290041,35
49,8.94849657636201,2.96708999510956,-1.84240845805574,8.65299557823186,0,0,1.18214806576033,1.06552159900203,-0.439086364752071,-1.20067410306512,36
49,9.03602262578148,0.517035518947965,-1.11470623820077,8.65299557823186,0,0,0.36369132651098,0.682495550892048,0.0437347653798806,-1.13743102776584,37
49,9.46531705864841,-0.789169370404146,-0.314379659400292,8.65299557823186,0,0,-0.126386358862623,0.133588738651943,0.279696735503296,-0.519676176025497,38
49,9.74873474248288,-1.44107835084389,0.652689377630163,8.65299557823186,0,0,-0.679955825233759,0.0697171391597346,0.744079922896584,-0.0470461463262873,39
49,9.92795474843703,-0.66500037850343,1.39148891092645,8.65299557823186,0,0,-0.443855637217533,0.299287960393809,1.13424783414693,0.495072650207248,40
49,10.123846382852,2.06126678931472,-0.764183601513254,10.0628970863136,0,0,1.26856213043805,0.819724566187744,-0.0108605082310005,-1.35185068816751,41
49,10.4614468591843,2.48654454623443,-1.4636737485205,10.0628970863136,0,0,1.39768170090208,1.19065673637143,-0.0649596823348433,-1.71769542946056,42
49,10.7365287287883,-0.796109085856013,-1.18419033930275,10.0628970863136,0,0,-0.314629522475142,0.138382440875306,-0.529281256509302,-0.976009011651071,43
49,10.9907710628163,3.28964629804874,-2.57087660695641,10.9625382359426,0,0,0.906378252223218,1.46233551653008,-0.813751162522382,-1.99193576219827,44
49,11.0324501339684,3.19914905046923,-2.88289181252832,10.9625382359426,0,0,1.40793291662662,1.15331988953726,-1.36739534980115,-2.23339070498511,45
49,11.4409050312593,-0.129306664632302,-1.22529317196258,10.9625382359426,0,0,-0.285784190844461,0.585552776225205,-0.405466619130022,-1.21182271186635,46
49,11.6951473652873,0.315056724523247,0.0747022664421473,10.9625382359426,0,0,0.00611562776011715,0.532952787683784,0.22251760556467,-0.566712009954995,47
49,11.9368859779696,-1.52473564628644,0.938769764452007,10.9625382359426,0,0,-0.28216189865431,-0.138214905096883,1.04713744705041,0.175048672701774,48
49,12.2494790116106,1.29275178261002,-0.620471170680758,12.0841186338839,0,0,0.818964237556073,0.660991796534864,-0.203374590411238,-0.750731368107609,49
49,12.4245311104495,0.232072880021726,0.675056902208613,12.0841186338839,0,0,0.419827323728408,0.514862691844923,0.800859991598822,-0.235053199125284,50
49,12.6370943733254,-0.0479941840028186,-0.341868703961611,12.0841186338839,0,0,-0.102045851458959,0.47771148907334,0.615963717708394,-0.654341416888145,51
49,12.8204822863948,-0.329472103113225,1.6638001446315,12.0841186338839,0,0,-0.061457958020046,0.403075383391357,0.874650004793704,0.387489818547971,52
49,13.0580529919619,0.53718053902343,0.901878799662318,12.9667020948622,0,0,0.145358794527594,0.469539721532317,0.756129777978715,-0.161365520577138,53
49,13.3247990473355,0.354557064624013,-1.2071596455101,12.9667020948622,0,0,0.453161847485766,0.390072814262925,-0.0215422503915724,-1.04821964587864,54
49,13.7499255730872,1.21024628330084,-0.908512711068048,12.9667020948622,0,0,0.0401119069114969,0.810348972561758,-0.23812326234185,-0.749672783727631,55
49,13.8416195296219,3.57112613022723,-2.15680912789312,13.7510882477625,0,0,1.73017453201518,1.34721413961709,-0.641904236547906,-2.07578302664857,56
50,0,-1.11102526515302,-0.63862952753905,-Inf,0,0,-0.488243238405804,0.290784662997123,-0.0442380204984157,-0.38786447901921,0
50,0.208395355760643,1.60154972151995,-0.037739415509221,0.0409437518217601,0,0,0.578458258430828,0.874597502924223,-0.0567565392083796,0.0352240089974581,1
50,0.425126525751712,-0.55735667544129,0.937041494285763,0.0409437518217601,0,0,-0.346811165168487,0.259293697570051,0.453928484696482,0.382098301193008,2
50,0.741887466507889,-0.129824167636765,-0.351892026801331,0.0409437518217601,0,0,0.0103034454102866,0.228779331103788,-0.6812587942869,-0.248233591188719,3
50,0.97529026495981,1.44545600722859,-1.5079007470899,0.826898719345291,0,0,0.588660804282488,0.679785000579667,-0.994633116244086,-0.793446767262807,4
50,1.14617445668354,1.6112252184629,-0.72821552279862,0.826898719345291,0,0,0.695942629510365,0.96091945690493,-0.154590945072923,-0.559959586461236,5
50,1.43792795474844,-0.726759516446807,0.483573082773024,0.826898719345291,0,0,-0.377383765669842,0.161723525253277,0.156540175898898,0.405989460531227,6
50,1.74218517415898,0.199412516057508,-0.468843361584508,0.826898719345291,0,0,0.122690981515683,0.549839969132301,-0.350315018589175,-0.418267897220602,7
50,1.75885680261983,-0.312256134358486,-0.624828524311649,0.826898719345291,0,0,-0.311905557392001,0.430720919635395,-0.729282231550349,-0.375966466943932,8
50,2.17564751414111,-0.970908903850504,1.62874722210342,0.826898719345291,0,0,-0.465520068754698,0.236786213640885,0.940898290310842,0.881537732237234,9
50,2.32152426317356,-1.2219881323665,-1.59712312903851,0.826898719345291,0,0,-0.467049847166731,0.205115909387082,-0.623513910147006,-0.964368612747658,10
50,2.60494194700804,1.37809412716191,-0.701721397949106,2.59418265935607,0,0,0.516027528732018,0.829673750066814,-0.189516892993027,-0.473650950469729,11
50,2.93003870199464,1.32597495398769,-1.2930178209503,2.59418265935607,0,0,0.430591679878843,0.689184533588463,-0.432172944196134,-0.877018302080776,12
50,3.0800833581423,1.54499739692152,-2.21544047316237,2.59418265935607,0,0,0.299582580155255,0.742949473616356,-1.07772114428204,-1.28542885335427,13
50,3.35099732063114,1.62670463452897,-2.11425387353561,2.59418265935607,0,0,0.324874024057821,0.8654765636907,-0.794629147325572,-1.00571799998295,14
50,3.74278058946115,2.5725252019237,-0.402708175811212,3.60910904688689,0,0,0.790322268656285,1.15702002947467,0.487049339677298,-0.316532256653184,15
50,3.77612384638285,2.04891032848156,-0.531031488074708,3.60910904688689,0,0,1.03711652241785,1.02030760610394,-0.352150920561676,-0.441946234350202,16
50,4.0512057159869,-1.64602424560944,1.96916724932753,3.60910904688689,0,0,-1.0955580994139,-0.063186168671854,0.73854326961274,1.24595461431958,17
50,4.39714200654957,0.336340007389672,-0.0343777899179796,3.60910904688689,0,0,-0.11106412250935,0.426299394725918,0.13921573577033,-0.0280240673858391,18
50,4.68472759749926,-0.579262954934925,0.596131381318361,3.60910904688689,0,0,-0.192115967265032,0.200126353492001,0.0970210791996288,0.617354147352033,19
50,4.96814528133373,0.0837633677869862,0.603985395652172,4.74297782533551,0,0,-0.193005073887279,0.514621085071732,0.0484080477603218,0.582699136763808,20
50,5.07651086632927,0.438084358109478,-0.111683156817642,4.74297782533551,0,0,0.0183597640134934,0.608791263785877,-0.166897388352668,-0.195601776895781,21
50,5.39327180708544,-0.0305151186725047,-1.80204364568965,4.74297782533551,0,0,-0.0742803558243263,0.319754611747012,-0.53340045000528,-0.746738490143917,22
50,5.58082762727002,0.171823631230739,-0.979431364951745,4.74297782533551,0,0,0.00380854538888434,0.54841800968547,-0.351772722752369,-0.594989948508879,23
50,5.90175647514141,-0.313459960539911,0.988782602656048,5.59174706073514,0,0,-0.234799844974078,0.228593122403043,0.487961016491863,0.449525574282845,24
50,6.18100625186067,-1.5217887914073,1.61523957377544,5.59174706073514,0,0,-0.877113028693065,0.0676757053032971,0.808095116230251,1.06343039019229,25
50,6.31021137243227,-1.9661928505149,-0.0596430263697365,5.59174706073514,0,0,-0.746822557911483,-0.13741532471649,-0.181908069818409,0.0743413247709221,26
50,6.69365882703185,-0.87157086724624,-0.1698340501015,6.58112161291154,0,0,-0.273603906305289,0.0900564665182918,0.335422855484283,0.148922387475113,27
50,6.91872581125335,1.13295917431603,-0.370542459892522,6.58112161291154,0,0,0.308101133237943,0.703214685230209,-0.144361476041735,-0.120809823796291,28
50,7.13128907412921,0.328419290397206,-1.41042453894731,6.58112161291154,0,0,-0.323233706291157,0.422976290345543,-0.939281043823337,-1.00694724329453,29
50,7.28966954450729,3.58420411577474,-1.11558337819397,7.28042279776329,0,0,0.966582413510481,1.28932872108316,-0.0146765880825855,-0.855266997970031,30
50,7.73563560583507,1.50828133487781,-1.89478051195514,7.28042279776329,0,0,0.667679304148333,0.710958677261169,-1.18422071923388,-1.03482231092919,31
50,7.9732063114022,-1.39996783372785,-0.0544214605331106,7.28042279776329,0,0,-0.778275979334659,-0.142750377529213,0.186481294685684,-0.179994919278682,32
50,8.05239654659125,0.192425414710818,0.255492056786806,7.28042279776329,0,0,0.0357165441450645,0.37434997885668,0.358428897735587,0.163835997153492,33
50,8.41500446561477,-0.660678859016798,0.441516669120678,7.28042279776329,0,0,-0.347033796347299,0.206983363407647,0.45306130446385,0.224717447861505,34
50,8.58172075022328,-0.271021759218516,-1.23166806946685,8.44256314908584,0,0,-0.244988157591428,0.406370510961996,-0.651803910738497,-0.502477049188514,35
50,8.82762727002084,0.478895741693956,0.334743459722704,8.44256314908584,0,0,0.116584440689934,0.730744791923985,-0.121952488126906,0.117941722483209,36
50,9.08603751116404,-2.16652506694092,0.636687227610799,8.44256314908584,0,0,-1.08666344761072,-0.223588543854708,0.328605689026993,0.325378609730498,37
50,9.29443286692468,-0.016781932184067,0.128294818481247,8.44256314908584,0,0,-0.355287168025501,0.453913090420987,-0.136175609023688,0.244464696144046,38
50,9.6570407859482,0.111140809809907,-1.41281727721982,9.4468179755683,0,0,-0.180831507555717,0.522945371888211,-0.489188976669739,-0.934814131047604,39
50,9.92795474843703,0.15216555079784,-1.283307100595,9.4468179755683,0,0,-0.0633193189538279,0.422260333630925,-0.259713987305988,-1.01091634761397,40
50,10.161357546889,0.684168812977726,-1.45305123365332,9.4468179755683,0,0,0.176439822126793,0.451762336088611,-0.853362404768015,-1.14458906819816,41
50,10.2863947603453,1.52313918175378,-0.321880112087653,9.4468179755683,0,0,0.665337848690316,0.945926795500997,-0.155947698928232,0.0398788169838877,42
50,10.5948198868711,-0.571594549056759,0.828103850063687,9.4468179755683,0,0,-0.502975837999352,0.201104273087592,0.408388093069662,0.116248909876343,43
50,10.8740696635904,3.03641678189572,-2.15890795773303,10.7339214388568,0,0,0.822835921269985,1.11362427305152,-1.30685333613031,-1.03497819730496,44
50,11.16165525454,-0.166267799157838,-0.512216382563182,10.7339214388568,0,0,-0.059871989241121,0.351777554278389,-0.450321261237134,-0.580920404767235,45
50,11.4075617743376,0.466075577174926,-0.740482946304788,10.7339214388568,0,0,-0.136125464165002,0.404203138734173,-0.140352034518745,-0.637244648941381,46
50,11.6326287585591,-1.11137035625136,0.00192257504573501,10.7339214388568,0,0,-0.643433133620662,0.0667028078624147,0.0103483500170065,-0.0787067803271923,47
50,11.7701696933611,-1.81127691228422,0.657953522222165,10.7339214388568,0,0,-0.792759352505108,0.0297210785901465,0.438266479583114,0.283498719867075,48
50,12.2036320333433,0.0767281322375966,0.907585929610718,11.837687923204,0,0,-0.0513429576860638,0.310019644405961,0.840870576234652,0.313442800436756,49
50,12.4578743673712,-1.63034647852804,1.61242017930867,11.837687923204,0,0,-0.79065158175535,-0.0209660924039396,1.06052904211245,1.00533139463792,50
50,12.5870794879428,-1.61625842282939,0.274996032284491,11.837687923204,0,0,-0.511714326456242,-0.125448890793939,0.157725605833811,0.401414315959207,51
50,12.8746650788925,-0.0686664162032351,-0.912203367814594,11.837687923204,0,0,0.0202430278569954,0.325049086189216,-0.771838167717362,-0.448438896411044,52
50,13.078892527538,0.76974016514007,-0.567231492560461,11.837687923204,0,0,0.0806821993314681,0.550825112197161,0.235689901050079,-0.319952963281472,53
50,13.3373027686812,0.420855758885694,2.15400962899895,13.2941769581306,0,0,0.00288173507422464,0.701342374403515,0.717739036135393,1.16105593626698,54
50,13.7415897588568,1.33581467847573,-0.605728571849704,13.5745103591587,0,0,1.12165763796467,0.915891961452836,-0.220132366992084,-0.148134534704641,55
50,13.862459065198,1.23630171171904,-0.251846350529466,13.5745103591587,0,0,0.580524028997224,0.717542503550413,0.218674581207066,-0.148292359842627,56
51,0,-1.2207967008551,1.9665493706326,-Inf,0,0,-0.744085770943692,0.134793315499946,-0.425335573288723,0.428920602964486,0
51,0.154212563262876,-0.824121912051374,0.451139396542067,-Inf,0,0,-0.325215300884799,0.286651993189318,-0.915805704235468,-0.0947084780379083,1
51,0.37927954748437,-0.838400182069905,0.725679165470454,0.196587043278851,0,0,-0.66704243231265,0.30325155699561,-1.19769587927228,0.0221433932704427,2
51,0.725215838047038,0.25746943067072,-0.316516669238484,0.196587043278851,0,0,-0.279164614259125,0.962895994776264,-1.14729298525044,-0.609220338858303,3
51,0.762727002083954,0.720815287542204,0.382263334590266,0.196587043278851,0,0,-0.0211449384243823,0.487253558703757,-0.782182204024434,-0.226162935741145,4
51,1.00029770765109,0.345204238547003,-0.984005773846171,0.196587043278851,0,0,-0.137858078758147,0.612119359680091,-1.45239158800962,-0.829025745624864,5
51,1.43792795474844,0.656512532113008,2.21864464387076,1.13931456673711,0,0,-0.0662920122010374,0.766724878718028,-0.0392600992981459,0.735328759867204,6
51,1.54629353974397,-1.23301931934834,0.31117465926332,1.13931456673711,0,0,-0.735121496027303,0.40947102125507,-0.870951486740984,-0.418444942511419,7
51,1.92140518011313,1.09991610711879,-0.184062846391812,1.91059484488438,0,0,0.119350851044298,0.891839411794238,-0.789590399183731,-0.628449132320382,8
51,2.08812146472164,1.05795190258967,0.144099383019116,1.91059484488438,0,0,0.106300298014178,0.826875249675596,-0.612356442410334,-0.563353181864935,9
51,2.47156891932123,1.51076985870443,-1.54468186984294,1.91059484488438,0,0,0.497253909225463,0.931688813498165,-1.97267779151572,-1.47165597445008,10
51,2.73831497469485,1.01247928239946,-0.140282784479409,1.91059484488438,0,0,0.527792639603097,0.80032921772708,-0.828987822028949,-0.927180444212975,11
51,2.87585590949687,-1.24815456151683,0.279426482807667,1.91059484488438,0,0,-1.23498720831282,0.116625523412417,-0.997137394448572,-0.342325114402602,12
51,3.18844894313784,0.47517958675215,0.207797444390163,3.11685414569846,0,0,0.247829348003714,0.67805578154788,-0.983961506891063,-0.27797750161569,13
51,3.44685918428104,0.115529753314119,-0.198394496005809,3.11685414569846,0,0,-0.511968698461145,0.438600151149553,-0.940001580927369,-0.88013653376171,14
51,3.68442988984817,1.71384221975011,-1.31316495952186,3.11685414569846,0,0,0.888069512781966,0.907068195796997,-1.52014695975213,-1.26467517146064,15
51,3.83864245311105,0.471336083762334,0.146196629548656,3.11685414569846,0,0,0.0916331330600896,0.824939451673458,-0.609091321447258,-0.349459941121905,16
51,4.24292944328669,1.2717963531008,0.440916706727627,4.0583064904132,0,0,0.295869223076463,0.748144779806777,-0.688177974960618,-0.113659369339117,17
51,4.48883596308425,0.345533609367977,-0.426041200793344,4.0583064904132,0,0,0.161292678536798,0.572981662745281,-0.93528081367711,-0.345612238844443,18
51,4.59720154807979,0.137211243455658,-0.141900692592777,4.0583064904132,0,0,-0.0959708352237233,0.412299787941389,-1.43555504036105,-0.546398447490593,19
51,4.78475736826436,0.237486902882339,1.34387279491603,4.0583064904132,0,0,0.107336546466516,0.617619523191871,-0.463536115865897,0.0592932447692188,20
51,5.08484668055969,0.0933903865950507,0.115843764460166,4.0583064904132,0,0,-0.203654537730043,0.450992111397784,-0.843160158107514,-0.581168972985193,21
51,5.30991366478119,0.853418941237819,0.351196333345177,5.2782769763287,0,0,0.0506814206741087,0.707410328360047,-0.642752119915573,-0.579591142107307,22
51,5.74754391187854,-0.454003887271037,0.420683253037796,5.2782769763287,0,0,-0.335556388531319,0.333690508543119,-0.296952845447336,-0.204015388576798,23
51,5.96844298898482,-1.06260388468502,1.41689256330825,5.2782769763287,0,0,-0.524539605570091,0.140196963103885,0.120061490787637,0.317799227175888,24
51,6.18100625186067,1.41631215045974,0.834284669374772,6.06899333036361,0,0,0.290140724450168,0.985130225334573,-0.869140648628394,0.0156945811919977,25
51,6.41024114319738,2.23201386256476,0.496322309918461,6.06899333036361,0,0,0.812870470002477,0.972676605698299,-1.00919054405339,-0.267226731478871,26
51,6.68532301280143,-0.358967755129475,-0.540753758558364,6.06899333036361,0,0,-0.739803121510321,0.618756320751589,-2.169642926706,-0.669216487208862,27
51,6.84787139029473,0.612154731403276,-1.34563123429077,6.06899333036361,0,0,0.165497962378729,0.662157102813948,-1.47860315836639,-1.31531023094582,28
51,7.04376302470973,-0.197777727688869,-2.53374801205262,6.06899333036361,0,0,-0.0987431005760305,0.506167545219919,-2.58658353379464,-2.20174190983059,29
51,7.36052396546591,0.442912614894202,-0.331304909421097,7.27938556553474,0,0,-0.338129945877499,0.612296381701191,-0.845403002167322,-0.722892400320395,30
51,7.52307234295921,0.927464117099113,-1.49998244258411,7.27938556553474,0,0,-0.00912631838161121,0.70621142934765,-1.5677981134429,-1.03270744999688,31
51,7.75230723429592,1.23864677090109,-2.47321409431758,7.27938556553474,0,0,0.440423632038555,0.830093748206502,-2.71324156314433,-1.94601861553758,32
51,8.00654956832391,1.77499907714228,-1.53459239694882,7.27938556553474,0,0,0.291687554484633,0.976771913587117,-2.15239811384562,-1.36511213176656,33
51,8.31497469484966,4.22176338965926,-3.46459381742006,8.27059529014827,0,0,1.21160294402816,1.65477708271305,-3.00457713458722,-2.32789866305414,34
51,8.6525751711819,0.763195822220635,-1.62120089801366,8.27059529014827,0,0,-0.0985494696291849,0.769783594817301,-1.64397101179969,-1.79603112467881,35
51,8.94016076213159,0.648684370180965,0.261464623840054,8.27059529014827,0,0,-0.177197647340758,0.72895472609952,-0.908020278612117,-0.490178895403203,36
51,9.09020541827925,-0.675008409934969,-0.494017218198353,8.27059529014827,0,0,-0.986375998831287,0.304042936555648,-1.53952940267653,-1.00933444128401,37
51,9.40696635903543,1.10028881119697,0.220859349338286,8.27059529014827,0,0,0.3378047921912,0.5035812961989,-0.914555667991123,-0.545900530425684,38
51,9.68204822863948,2.0479871637715,-1.70529164074885,9.67141293287994,0,0,0.545394729035093,1.03637101206614,-1.58724075877232,-1.32001756244181,39
51,9.79458172075022,0.87493484694986,-0.425288073765518,9.67141293287994,0,0,0.0475679952034479,0.79219725879826,-1.8741541267468,-1.20998982726474,40
51,10.0404882405478,-0.151901579737533,0.424091968189647,9.67141293287994,0,0,-0.445818015025997,0.516263749196713,-0.715701164653634,-0.207559551254443,41
51,10.2905626674606,-0.417007351576044,-0.189270013538963,9.67141293287994,0,0,-0.436606811481675,0.435337982962014,-1.10352059912506,-0.476397479690608,42
51,10.7198571003275,2.77573758999826,-1.44528503578948,10.6732474850312,0,0,0.854326619026457,1.30267976764115,-1.98477405708893,-1.15030633838316,43
51,10.9074129205121,0.644170251482249,0.367052322179459,10.6732474850312,0,0,0.197414931713913,0.737529343861409,-0.187998430012253,-0.111763494580913,44
51,11.1033045549271,0.606708330845423,-1.5384778917484,10.6732474850312,0,0,0.02068627220944,0.861696615621153,-1.36309415012113,-1.35447294751277,45
51,11.4825841024114,-0.93648603651571,1.16038859856516,10.6732474850312,0,0,-0.885473841104283,0.0802915242558504,-0.547142615897429,0.403282855173126,46
51,11.5617743376005,-2.37279033067647,0.890152020993755,10.6732474850312,0,0,-1.40895865991009,-0.256609700067209,-0.468760174642917,0.391159813080887,47
51,11.8160166716285,-0.0863745761823472,0.810788682831596,10.6732474850312,0,0,-0.462827901318999,0.438813268630923,-1.09255273912973,-0.331209260272029,48
51,12.1952962191128,2.98435875724968,-1.00188893805534,12.1228506970255,0,0,1.03930536170227,1.13731248352857,-1.10793419496708,-1.48101271822906,49
51,12.3245013396844,0.584257743783072,-1.01151918263889,12.1228506970255,0,0,0.241940372575435,0.552800975558305,-1.55716299288797,-1.00233864435201,50
51,12.5370646025603,0.21484206433368,-0.797610204583699,12.1228506970255,0,0,-0.398485843078361,0.47292879022491,-1.60460346823937,-1.0381805444891,51
51,12.8496576362013,-1.65489920789943,-0.0506431863219772,12.1228506970255,0,0,-1.24374802718953,0.065703529729974,-1.11945969985779,-0.711876844583403,52
51,13.0705567133075,0.150763962287342,0.426116971915426,12.9298620929727,0,0,-0.20109842674549,0.45416115507793,-1.42568499384499,-0.101149853508895,53
51,13.2997916046442,-1.12092929368402,0.849363759730204,12.9298620929727,0,0,-0.855113331471235,0.308367005172607,-0.556353135116899,-0.244560063761367,54
51,13.7374218517416,2.79909761539635,-1.873563457487,13.7052895935834,0,0,1.0175987903242,1.10671458899135,-1.85359974302034,-1.62708310777403,55
51,13.7832688300089,2.23267528452155,-1.72598913472431,13.7052895935834,0,0,0.390261446144103,1.11523717563125,-1.9803164165329,-1.50500455331968,56
52,0,-1.03369837175613,0.293604671092572,-Inf,0,0,0.0218587691996467,-0.16672665103239,0.491667029010192,0.304221474254481,0
52,0.0541827924977672,1.06517346420354,-1.29661746987549,0.0512281037284993,0,0,0.90885621470597,0.416751525593579,0.327797270091693,-0.719508844527153,1
52,0.266746055373623,0.113443091565364,1.28065279866223,0.0512281037284993,0,0,0.442800978197201,-0.00485929799980431,0.848278939201868,0.55580199471461,2
52,0.516820482286395,-1.21549142100364,-0.388888729261917,0.0512281037284993,0,0,-0.0566092434232493,-0.310560231217543,0.37272396762234,-0.464676221485716,3
52,0.916939565346829,1.54748340112407,-1.54467609598498,0.739990043312383,0,0,0.833613705328811,0.630392451537693,-0.220363324402272,-0.839079281810203,4
52,1.17118189937481,-1.18675330968781,0.567598438396874,0.739990043312383,0,0,0.434806660620307,-0.0796513272583347,0.698321448130583,0.345182327245162,5
52,1.30872283417684,0.962842920989208,0.382912424661327,0.739990043312383,0,0,0.820511867224801,0.490641542645551,0.496976493114518,0.152667564389551,6
52,1.62965168204823,1.75717595961443,-1.71096379620521,0.739990043312383,0,0,1.53658483386232,0.341741617617618,-0.389055784632611,-0.973319169919755,7
52,1.80470378088717,3.86884299079221,-2.17610118733327,1.78757236310854,0,0,1.69069589969407,1.14693459604452,-0.071996074375618,-1.21633858194079,8
52,2.11729681452813,0.462205187831424,-0.74571019738672,1.78757236310854,0,0,1.13338061547075,0.0210579752523636,0.33780046700219,-0.510344465183517,9
52,2.36320333432569,-2.27390733180378,0.780036705128013,1.78757236310854,0,0,-0.207653325455072,-0.613909475733162,0.474550586651699,0.50119878463821,10
52,2.65078892527538,-0.04987809948505,1.37334399310405,1.78757236310854,0,0,0.203436773605893,-0.141755197542112,0.906065181559294,0.506234289856993,11
52,2.85501637392081,-0.110111523540564,1.43587283121509,1.78757236310854,0,0,-0.0745100952121136,0.0562233427056953,1.51676657789614,1.29364286341335,12
52,3.09675498660316,3.05058494948694,-1.63136904948382,2.94055099754523,0,0,1.63811616882032,0.975392314057003,-0.404192946498416,-1.13653197447636,13
52,3.48437034831795,2.01254953132119,-2.99085316906703,2.94055099754523,0,0,1.1826164752856,0.572375103258349,-0.680264845918548,-1.646768515972,14
52,3.60107174754391,1.15904640922029,-1.44543168620885,2.94055099754523,0,0,1.2469975712221,0.450988545121592,0.256640294179362,-0.793588310616888,15
52,3.8886573384936,-0.392447579119557,0.251983245538844,2.94055099754523,0,0,-0.00625188662381404,-0.226572477066555,1.06522916756998,0.22749834117631,16
52,4.18457874367371,1.13939905628235,-1.08866063533882,2.94055099754523,0,0,1.17574383328611,0.411936074216327,-0.120597941080668,-0.424296445868197,17
52,4.48466805596904,0.713137368542306,-0.42856635342854,2.94055099754523,0,0,0.777320657967293,0.433006635695777,0.244665314589767,-0.249003051889304,18
52,4.57636201250372,0.868020492662065,1.09458796377281,2.94055099754523,0,0,0.806813382448843,0.431667730894615,1.03949759703611,0.632502354377779,19
52,4.90979458172075,1.39523799301685,-0.323626644444672,4.6339608214724,0,0,1.11076098691634,0.461488852427655,0.0783942821359195,0.162853610740622,20
52,5.06400714498363,1.49122429147101,0.119357644539971,4.6339608214724,0,0,1.2452940419905,0.543902696181961,0.710219915001144,0.197327373232813,21
52,5.49746948496576,0.327495488451218,-1.15090392216263,4.6339608214724,0,0,0.64674214215294,0.0725714046703343,-0.0370626101705196,-0.467918232420291,22
52,5.63501041976779,-0.373959175192073,0.541144631054724,4.6339608214724,0,0,0.330102505168908,-0.0289042007749698,1.1821380848317,0.301919227428722,23
52,5.84757368264364,2.48540361663996,0.118947035550199,5.83422201770859,0,0,1.53996070337586,0.771215983128017,0.36588672165227,0.306736726580015,24
52,6.22685323012801,-0.597020708413247,0.974666296964584,5.83422201770859,0,0,0.376774755575166,-0.107315189316659,0.906031123412059,0.573815094791383,25
52,6.40190532896695,-0.301944249099992,0.0469005814174605,5.83422201770859,0,0,0.522025364652121,0.00197721782836777,0.917173525711881,-0.199744610969662,26
52,6.676987198571,-1.11062805762991,0.584468340769507,6.59471361740815,0,0,0.434390126498325,-0.248489498373237,0.767353704936626,0.184200787279277,27
52,6.95623697529027,0.521200910613969,-0.679424585849096,6.59471361740815,0,0,0.808063513317618,0.353642149963951,0.136962308897933,-0.474751634294681,28
52,7.17713605239655,-0.98860534038834,0.351052266123654,6.59471361740815,0,0,0.42836526628668,-0.247300631464968,0.736975285907868,0.2789529637562,29
52,7.27299791604644,1.16671920462327,-0.141824813639126,6.59471361740815,0,0,0.831810187846069,0.362883189122908,0.251608540991472,-0.165327047571001,30
52,7.51056862161358,0.449745973199157,-1.35469216240036,6.59471361740815,0,0,0.440446864548271,0.121041112599331,0.0406409405369743,-1.16835856713132,31
52,7.9065197975588,-0.284110263284585,0.77729722135854,7.64576441672308,0,0,0.19420038091561,-0.0232260033324597,0.456541271419512,0.481211064304859,32
52,8.06490026793689,1.71248148240218,-0.962179551299454,7.64576441672308,0,0,0.969937984545549,0.629322573149334,-0.708544526343898,-0.487216740916931,33
52,8.48585888657339,2.62355758864302,-1.35999822368966,8.19128241106832,0,0,1.40284409539484,0.708637660851588,-0.446998262400762,-0.810526708722018,34
52,8.56088121464722,1.27450584772228,-0.0706264413081201,8.19128241106832,0,0,1.0607031303195,0.458831478571617,0.868333855154742,-0.026576940244017,35
52,8.91515331944031,0.429398343940172,1.02573990705935,8.19128241106832,0,0,0.527568322194582,0.117172537203183,1.43336039905133,0.7632036453216,36
52,9.17773146769872,1.84665893909311,-0.22634356530894,8.19128241106832,0,0,1.4676881816454,0.636204215553552,-0.00634458180318742,0.10895909034711,37
52,9.39446263768979,0.11603016086436,0.933362257435933,8.19128241106832,0,0,0.266059898764365,0.253601446684781,0.659703978273669,0.467713754896318,38
52,9.51949985114618,-1.12314449550925,0.428999483692192,8.19128241106832,0,0,0.107265610709802,-0.384574173986773,0.747357952065169,-0.18006145796437,39
52,9.95296219112831,2.31493414087375,-1.2586259316666,9.92227247188118,0,0,1.38811806418936,0.73253103261317,-0.448788699709571,-0.917863323197132,40
52,10.2113724322715,-1.02865171355467,-0.0503174630953002,9.92227247188118,0,0,-0.330315581223094,0.030192458538644,0.518206797740744,0.0787312018707039,41
52,10.2697231318845,-0.0759189211450451,-0.787723098841194,9.92227247188118,0,0,0.777434701086214,0.031175603593142,0.662822169102545,-0.71264900103338,42
52,10.5656445370646,0.801910412478424,1.09973455506071,10.3794816150617,0,0,0.49895418951563,0.278123345402818,1.4225003862006,0.517077617357916,43
52,10.9199166418577,-1.20860722046979,1.53130582346561,10.3794816150617,0,0,-0.362320675636521,-0.479036093355528,0.785268781603215,0.69093154679527,44
52,11.0866329264662,-0.306078928205972,-1.47410937390006,10.3794816150617,0,0,0.0241642257537303,0.0558544727626969,-0.540364584905377,-0.482765639329232,45
52,11.4409050312593,-0.409172170582446,0.202403938929986,10.3794816150617,0,0,0.576819012316911,0.148240409722547,0.442574110703741,0.511573644982254,46
52,11.6367966656743,0.453456603873355,2.30091502884612,10.3794816150617,0,0,0.767804832151223,0.177462838765769,1.36563171110174,1.26508018366367,47
52,11.786841321822,-0.692153086778523,0.122129480058616,10.3794816150617,0,0,-0.194518694575925,0.0870944352090726,0.620586068215853,0.0718076229057859,48
52,12.0952664483477,1.37875582344434,-1.59340244520079,11.8942577525311,0,0,1.29493142139564,0.372520530750735,-0.448793240610356,-0.979292998306971,49
52,12.3786841321822,0.24705648168542,-1.19924780336019,11.8942577525311,0,0,0.750755617659602,0.208487839740819,-0.505680503927544,-0.663331700673395,50
52,12.7412920512057,-0.14583116300768,-0.871276161295082,11.8942577525311,0,0,0.481539096491498,-0.0726950521824995,-0.314128491120662,-0.564511238745589,51
52,12.8955046144686,1.82787294272389,-1.37431508368105,12.8605156785594,0,0,1.36128285131186,0.444925076572322,0.242864927143454,-1.02191265900818,52
52,13.0038701994641,-0.573938832547478,1.07412020931931,12.8605156785594,0,0,0.264593229275776,-0.0822123792823103,1.09448361517717,0.624623092482111,53
52,13.4873474248288,0.20207377488348,-0.134102271744984,12.8605156785594,0,0,0.446016341600425,0.165452889022899,-0.3593125997159,-0.160056523186055,54
52,13.5415302173266,0.4394214257077,-0.659108509405497,12.8605156785594,0,0,0.537246805554954,0.134090422973887,0.205326599620099,-0.371553670602736,55
52,13.9958320928848,1.50956775719833,-1.0876333648462,13.6587329479749,0,0,0.79665521116926,0.455433132324476,-0.544504702808693,-0.369719375384096,56
53,0,0.379311526271621,-1.17720036346535,-Inf,0,0,0.935708802977049,0.565170193691151,-0.68763421616512,-0.853466096781898,0
53,0.183387913069366,2.74490699662108,0.0877918311137417,0.154017235245556,0,0,1.59947415244681,0.998545583436144,-0.417528004791665,-0.124912936100828,1
53,0.491813039595118,0.796214455395254,-0.579295540943602,0.154017235245556,0,0,0.888637477267828,0.570018040307958,-0.634193223714476,-0.281241798315751,2
53,0.741887466507889,1.57766806768993,-1.07465163217432,0.648850624703874,0,0,0.874995896979335,0.828484124267368,-0.292759861955058,-0.562584023836457,3
53,0.891932122655552,2.56028237347508,-2.2399210527137,0.648850624703874,0,0,1.17025167703615,0.843401132996438,-1.17853878889794,-1.85628522328352,4
53,1.1336707353379,0.664742874860335,-0.0493820764459088,0.648850624703874,0,0,0.769729449380993,0.496570534715591,-0.623662113788213,-0.108983495100577,5
53,1.27954748437035,-0.613640209482002,1.28391751009196,0.648850624703874,0,0,0.0685748658205786,0.223605451181333,0.334881866942968,0.312008731086033,6
53,1.67133075320036,-0.0812739895646184,0.345687850324227,0.648850624703874,0,0,0.307552295120864,0.224576496709426,0.19791212751102,0.208797349998708,7
53,1.83804703780887,0.491184091467701,-0.429418030118375,0.648850624703874,0,0,0.557850653467892,0.545347807916475,0.262054449105845,-0.215122350662571,8
53,2.18398332837154,1.28672826112328,-1.7355799591228,0.648850624703874,0,0,0.812431003405469,0.695825718567913,-0.278710823911959,-1.1365504192114,9
53,2.34653170586484,1.1416496425461,-0.492931316522271,0.648850624703874,0,0,0.556264489957603,0.431246239081767,-0.239497810025229,-0.23800675363771,10
53,2.67162846085144,-0.0625620195948075,-1.30866406003933,2.40603286621268,0,0,0.351470706883222,0.195954794505489,-0.5993010258677,-0.853392897536442,11
53,2.95087823757071,-0.0883909509761395,-0.114913226569803,2.40603286621268,0,0,0.523941874203093,0.294405366459705,-0.379033894437152,0.198718891890055,12
53,3.02590056564454,-0.351862573152895,0.101057159268938,2.40603286621268,0,0,0.343758580532034,0.113142721374411,0.453441134442861,-0.0779635867415403,13
53,3.42185174158976,1.39257950268102,-1.17681240840847,3.23123353749442,0,0,0.812416658667977,0.476745456191283,-0.869073494505199,-0.565513983030986,14
53,3.73027686811551,-0.205492776034992,0.236776982790203,3.23123353749442,0,0,0.153759467226586,0.317761896294336,-0.130809478026491,0.137332866232692,15
53,3.88448943137839,-0.441806791399258,-0.669220352763715,3.23123353749442,0,0,0.000932277069802423,0.275672450798035,0.0427837254176178,-0.668961559444549,16
53,4.1804108365585,0.36772489611552,-0.442733197404295,3.23123353749442,0,0,0.627884450550431,0.385967347297406,-0.200727985292207,-0.135586705165521,17
53,4.33462339982138,-0.618439203400663,-1.5746687173465,3.23123353749442,0,0,0.0134230215285583,0.146082644510261,-0.701593816343936,-1.00981913870225,18
53,4.58469782673415,0.641462966845267,0.857677665623585,4.56286518307618,0,0,0.915435708554055,0.358924372154596,0.546624903522536,0.907658901887843,19
53,4.90145876749032,-0.776324895553649,1.43851401041379,4.56286518307618,0,0,-0.105163182736472,0.0586143952655642,0.764765444198643,0.763754153120118,20
53,5.0890145876749,0.472830965617716,-0.487841453449293,4.56286518307618,0,0,0.679988597256223,0.45534542723271,-0.143695090007023,-0.296826343090793,21
53,5.30574575766597,2.08979134601578,-0.660906975146267,5.15041049883271,0,0,1.24235935952571,0.688503236550936,-0.766595350902626,-0.56982258274728,22
53,5.6725215838047,1.42163037561592,-1.10734634047794,5.15041049883271,0,0,0.945730465530139,0.716897093017674,0.06470349744262,-0.95946256339791,23
53,5.91426019648705,-0.549242041951705,2.10745794289561,5.15041049883271,0,0,-0.0713357370535769,0.28232968553972,0.750980937365942,1.46819138371469,24
53,6.05596903840429,0.201758125842597,0.206936398728878,5.15041049883271,0,0,0.408120927684184,0.324207207784171,0.118703802468108,0.168788927121961,25
53,6.47692765704079,1.22421529936497,-1.4442521387492,6.41650705995361,0,0,1.20549578891243,0.665960849064979,-0.773657572090527,-0.850963934552787,26
53,6.56862161357547,2.55540100455599,-1.58211426589591,6.41650705995361,0,0,1.58455718925965,0.999245510542571,-0.650121670014949,-0.997125780012484,27
53,6.9020541827925,1.45894321447292,-2.15992279705301,6.41650705995361,0,0,1.14897124223109,0.538655437349095,-0.912225860744332,-1.5022264334778,28
53,7.23548675200953,1.16851884370419,-1.99580668329416,6.41650705995361,0,0,0.920368637001326,0.601904920493177,-0.424913885251027,-1.18717686159115,29
53,7.44805001488538,0.679979681584412,-0.806678118993349,6.41650705995361,0,0,0.730989956754961,0.399231287929081,0.422656359556975,-0.527527950070919,30
53,7.53974397142007,-0.130658794817528,-0.142371017994384,6.41650705995361,0,0,0.712523970762273,0.232082081599455,0.029924547277746,-0.201738959151028,31
53,7.86484072640667,0.596611860638708,0.141763270985391,7.73256059315665,0,0,0.770019105737182,0.455787566358037,-0.233443350196853,0.236025892628059,32
53,8.24828818100625,2.65036830352898,-1.35632185936229,7.73256059315665,0,0,1.42813253757528,0.777576439222288,-0.950720032800903,-0.893238008281694,33
53,8.37332539446264,1.7637655737258,-0.658301357942759,7.73256059315665,0,0,0.875042637812403,0.61996046729379,-0.170774920709612,-0.861537706764745,34
53,8.556713307532,0.409111200356623,-0.235646035516551,7.73256059315665,0,0,0.625682010116175,0.324388020172975,0.448223871775676,-0.282386858684632,35
53,8.76927657040786,0.104202980933328,-0.386641827175075,7.73256059315665,0,0,0.373140101202453,0.389336964504139,0.185685467868206,-0.376788743247093,36
53,9.16105983923787,0.851429840514235,0.391236410774493,8.81248447439597,0,0,0.86368012885095,0.722516316506835,-0.099417159455231,0.427862525065091,37
53,9.45281333730277,1.18002226165016,1.93916949232376,8.81248447439597,0,0,0.85124730080332,0.725735053482999,0.743436572570555,1.30244885424567,38
53,9.66120869306341,-0.922196707262408,1.32772045343011,8.81248447439597,0,0,-0.0871341575721185,-0.0223795258876123,0.847387193271863,0.752855108127528,39
53,9.79874962786544,0.538136683589061,-0.865784048888491,8.81248447439597,0,0,0.481387290794152,0.514352585895973,-0.226849316982734,-0.535098784231372,40
53,10.0321524263174,-0.946869797953517,0.595182335784876,8.81248447439597,0,0,-0.0029136965962083,0.147066333581494,0.350266378255771,0.214382622525364,41
53,10.2947305745758,0.98603860293073,-0.427214617867672,10.0533173932533,0,0,0.319628123416849,0.445493522326749,0.263898687271658,-0.279093721083172,42
53,10.6198273295624,1.00627451792898,-1.11392061900182,10.4736296916201,0,0,0.520177632972074,0.477005413132269,-0.894286127955777,-0.904557553251229,43
53,10.828222685323,-1.30742706872921,0.453209564239367,10.4736296916201,0,0,-0.250919403177175,-0.0770647709459454,0.688812231053098,0.230853546732028,44
53,11.1491515331944,-0.934688892623503,0.278496605765242,10.4736296916201,0,0,-0.0751813921489563,0.0270735605020977,0.0937605542047318,-0.172003274123509,45
53,11.4409050312593,-1.23280375327384,0.0861775279629713,10.4736296916201,0,0,0.0350243073644012,-0.0667576953809853,0.856739636836912,0.00645325573580829,46
53,11.6576362012504,-0.000301087639384995,-0.286810738833876,11.4459920984263,0,0,0.231979652420087,0.433140682631342,-0.354528596638621,-0.288962257309449,47
53,11.866031557011,0.73726387119331,-0.847969784968056,11.4459920984263,0,0,0.433131543466642,0.529222895888213,-0.531943246427037,-0.361805835394033,48
53,12.2161357546889,-1.91316956644998,0.357948742704622,11.4459920984263,0,0,-0.509410916540631,-0.250851317960103,0.601046731203092,-0.18460981868994,49
53,12.3870199464126,0.327777451912449,-0.671808794228775,11.4459920984263,0,0,0.762883195315355,0.429283530327082,0.11561686482819,-0.356765163732268,50
53,12.5829115808276,-0.47262249759972,0.662111168069285,11.4459920984263,0,0,0.323161189493593,0.239865719747937,0.37781516126772,0.196942932034499,51
53,12.8413218219708,1.02588235081103,-0.792959038352295,12.8108586862003,0,0,0.850216797149777,0.63342506370495,-0.486923809437189,-0.829468198958238,52
53,13.0913962488836,0.540600709471378,-0.746559002492929,12.8108586862003,0,0,0.396418602198774,0.35452424712305,-0.0832345809671347,-0.584137804322029,53
53,13.2622804406073,1.15398074525536,-0.642203635099174,12.8108586862003,0,0,1.05724602706744,0.72910034250315,-0.87998096292774,-0.17805204544158,54
53,13.687406966359,-0.847475217890619,0.457676416326195,12.8108586862003,0,0,-0.161866400034901,0.0641554791716094,0.55396847956317,0.31595088091374,55
53,13.8291158082763,-1.36431072142763,0.470634206554121,12.8108586862003,0,0,-0.288083321508699,-0.268301254205564,0.149317682628232,0.339907813757624,56
54,0,-0.119381832095791,-0.593281647294066,-Inf,0,0,0.547553138210428,0.0861609416672681,-0.574832009628885,-0.540356019054687,0
54,0.23340279845192,3.63432026424571,-2.06866729112502,0.225189325399697,0,0,1.95092187556229,1.01293535172943,-0.655111346938402,-1.51356083601358,1
54,0.26257814825841,3.03262122506737,-2.96443968256229,0.225189325399697,0,0,1.70281001123634,0.934614466231315,-1.73321879500144,-2.07564078629789,2
54,0.700208395355761,1.12417409999494,0.0833599060539802,0.225189325399697,0,0,1.06598542947177,0.339011138918854,-0.123980754638477,0.0321532857432671,3
54,0.858588865733849,3.10436146285993,-0.305849936984829,0.791702265127634,0,0,1.28182397028434,0.808421911895984,0.0594933071550943,-0.329323406073674,4
54,1.02530515034236,1.67307707528738,-2.60653146591177,0.791702265127634,0,0,1.27794121635448,0.439218237519989,-1.47419149477698,-1.57594878826796,5
54,1.32539446263769,1.40050524309129,-2.3813703575416,0.791702265127634,0,0,0.946223612898585,0.220819181530603,-1.24017362935705,-1.79591543988832,6
54,1.54212563262876,0.634311105355048,0.561517856520494,0.791702265127634,0,0,0.673271120356413,0.318405637744793,0.325993594299957,0.34465522464356,7
54,1.90473355165228,-0.190741220651852,0.168760074816425,0.791702265127634,0,0,0.210038349281801,-0.0729666734684863,0.258660891124314,0.093310263680775,8
54,2.19648704971718,-0.833359310402883,0.406933641874513,0.791702265127634,0,0,0.0800848519795753,-0.0216374534978263,-0.29789032996452,0.129204660583234,9
54,2.43822566239952,1.2009895882391,-0.86894467580736,2.28410531852502,0,0,1.22048963934048,0.391914603120825,-0.772074838101924,-0.611418640981994,10
54,2.72581125334921,0.576947253722858,-0.64115974413027,2.28410531852502,0,0,0.809711367666636,0.106988138626392,-0.153529915963407,-0.309359911702056,11
54,2.99672521583805,2.96903597216844,-1.19823129571299,2.92711671909246,0,0,1.69038912953904,0.788134241098659,-0.859452724711125,-0.910266122436822,12
54,3.1426019648705,2.69121563782161,-1.46535227226593,2.92711671909246,0,0,1.57503990067259,0.690283738039651,-0.248055870633748,-1.01575994590667,13
54,3.38434057755284,0.0712215617932287,-0.729195563423977,2.92711671909246,0,0,0.772115867276036,0.338294120767347,-0.636960622140256,-0.712109543574628,14
54,3.64275081869604,1.88212061933502,0.309084660895916,2.92711671909246,0,0,1.16225995121941,0.534529205171383,0.0591740187635536,0.0358655211589408,15
54,3.81363501041977,0.511796901646829,0.345111965180201,2.92711671909246,0,0,0.688700655021679,0.211632004753438,-0.127885038904123,0.346255619933061,16
54,4.24292944328669,-0.307800907467818,0.0468262911957548,2.92711671909246,0,0,0.640435733597285,0.0787412282161619,-0.322163158638929,-0.181650782746949,17
54,4.26376897886276,-0.680787094364964,0.089215260586196,2.92711671909246,0,0,0.206352701986144,-0.0461613275067644,0.430945903021788,0.0816220401080369,18
54,4.62220899077106,1.45335512722125,-0.310595744304584,4.2774014874057,0,0,1.09685797083623,0.501756613977973,0.119169089895563,-0.31203582109171,19
54,4.89729086037511,2.19983180200386,-0.720032126899712,4.2774014874057,0,0,1.33648480924175,0.517521556103278,-0.299491217928774,-0.425980402669843,20
54,5.16820482286395,2.77075334388503,-0.798087130399647,4.2774014874057,0,0,1.63608759889108,0.927721712427255,-1.07594637946292,-0.518280785746839,21
54,5.36409645727895,0.0120081501293905,-0.00146065929885303,4.2774014874057,0,0,0.662308055725148,0.22395612687493,-0.375920436510375,-0.620926243090123,22
54,5.54748437034832,0.261963195208819,0.0788232570436663,4.2774014874057,0,0,0.506408233109671,0.343589211925651,0.0296373740320665,0.0990856847186053,23
54,5.85174158975886,0.364599203501906,0.147731025339003,5.77237377035467,0,0,0.398354892341299,0.221191977190875,0.361397452691319,0.0633021097650446,24
54,6.0601369455195,-1.02703652975417,1.16564841908027,5.77237377035467,0,0,-0.034850139092707,-0.159532128578263,0.500573001465342,0.630956877178295,25
54,6.29353974397142,0.643054450178348,-0.34818467647421,5.77237377035467,0,0,0.642291387550002,0.369659952069556,0.660812390001265,-0.460923297561596,26
54,6.67281929145579,-0.423271596554204,1.34061898754857,5.77237377035467,0,0,0.246767472952878,-0.0256026420475042,0.249272436188338,0.856524476750685,27
54,6.90622208990771,2.0076734030437,0.377208399749358,6.84693506941056,0,0,1.16223417098989,0.531886767839508,0.14578634800717,0.325166338432883,28
54,7.11044953855314,1.86702544676384,-0.240832244016173,6.84693506941056,0,0,1.1114238511351,0.682803425254948,-0.0396104999437337,0.0213043721965245,29
54,7.34802024412027,2.67815053081914,-1.81861804463125,7.16788042912869,0,0,1.62478473214465,0.75914937034624,-1.31434547264564,-1.45719756608948,30
54,7.53140815718964,0.593145057997803,1.86342763600485,7.16788042912869,0,0,0.555407869592136,0.141233564583398,1.04706246052275,0.921973808327792,31
54,7.75647514141113,0.16791484587622,0.747987212673342,7.16788042912869,0,0,0.71271798653006,0.0438339790023192,0.0266378000967634,0.359612521480656,32
54,8.11491515331944,-2.22806689944995,1.30643882308088,7.16788042912869,0,0,-0.291176551003924,-0.451208366834237,0.414911976572949,0.723348706632315,33
54,8.43584400119083,-0.2030252402173,0.381894472579239,7.16788042912869,0,0,0.296459239936693,0.0637957950272308,0.206062231546499,-0.11899457235888,34
54,8.67341470675796,0.128163632257498,0.780436503237365,7.16788042912869,0,0,0.1679779053993,0.0637649194515642,0.529140936227313,0.252322669497351,35
54,8.79011610598393,2.09808057158219,-0.564324375616603,8.69182010927202,0,0,1.9095226063678,0.583622050323553,-0.498641674966087,-0.239345150797428,36
54,9.22774635308127,0.677602740317403,-1.08301608061,8.69182010927202,0,0,0.617326138037227,0.301873117898513,0.00126132641623422,-0.941686189125372,37
54,9.29026495980947,2.82184443846667,-1.47194619729316,9.25447823603888,0,0,1.43703263679744,0.674948238915121,-1.32827255895313,-0.860620384308896,38
54,9.66954450729384,-1.09732817419595,1.37865382600849,9.25447823603888,0,0,0.184524341333623,-0.273480645866244,1.07369789844846,0.820186795902346,39
54,9.91961893420661,-0.838870474473484,0.246143582311628,9.25447823603888,0,0,0.0953485231228899,-0.152890752229421,0.175851441500729,0.00403802311676223,40
54,10.0279845192021,-1.99508835570318,0.0503954190957052,9.25447823603888,0,0,-0.505511927979567,-0.301386686264272,0.431771167223058,-0.391831704257332,41
54,10.4447752307234,0.287831979153477,1.80511503745903,9.25447823603888,0,0,0.319115970289101,0.199174820172941,0.319851238310138,0.539173986118135,42
54,10.6406668651384,-1.14820725873427,1.03362715020549,9.25447823603888,0,0,0.317723926177736,-0.374676473373032,0.925592271891273,0.368951931116297,43
54,10.7907115212861,-0.60579476664982,0.172412660302973,9.25447823603888,0,0,-0.0800390932890384,0.0150221457182603,0.252026861066622,0.14857586703653,44
54,11.1741589758857,2.69267630257649,-1.54335661635488,11.1236527875585,0,0,1.71292341212696,0.722560039293351,-0.676117281893687,-0.978862702758972,45
54,11.336707353379,1.37856154205007,-2.07287459300183,11.1236527875585,0,0,1.12198302222434,0.445556996053572,-0.913115777459059,-1.54447640870109,46
54,11.6951473652873,1.76759495382701,-1.09098355555822,11.565235476991,0,0,1.2143145337277,0.39540377503996,-0.228449054318625,-0.784046454184792,47
54,11.9327180708544,0.928834696704802,-1.09939442125137,11.565235476991,0,0,1.09727266470955,0.396645288245357,-0.892212003703419,-0.910216536460668,48
54,12.0160762131587,1.37566845885419,-0.234557411604959,11.565235476991,0,0,0.942061337923138,0.521577574143688,0.280709677303182,-0.701233381030292,49
54,12.316165525454,-0.488348718048272,0.403352804756305,11.565235476991,0,0,0.310081117556909,-0.106598191328904,0.214630933736541,-0.103877968424406,50
54,12.5620720452516,0.719376762596898,-1.03507982601953,11.565235476991,0,0,0.65071226110013,0.217590882167693,-0.730502886918092,-1.00751824058603,51
54,12.7996427508187,0.499505821458948,-0.533291952648825,12.7260153567902,0,0,0.887707116653464,0.241145545526084,0.00415380505810475,-0.303184507985243,52
54,13.0705567133075,-0.0429812147159373,0.0497408314751523,12.7260153567902,0,0,0.532061082964943,0.00441424209732513,0.403075286542072,-0.0801410389145601,53
54,13.4206609109854,0.482241182778259,-2.16929916674717,12.7260153567902,0,0,0.260570078124677,0.0891956464639076,-0.914906185365265,-1.43488421570708,54
54,13.7415897588568,0.33019905784852,0.590152024790743,12.7260153567902,0,0,0.344731480968514,0.00597528550258167,0.0257460292592752,0.270020775353945,55
54,13.9541530217327,2.46107777586891,-2.11648753224067,13.8138052143157,0,0,1.16208487720757,0.858443407139584,-1.09419551699641,-1.6001935899779,56
55,0,-0.522260244897332,0.326760337661777,-Inf,0,0,-0.555467189473358,-0.631075146959793,1.08356055447314,0.361199790227741,0
55,0.0958618636498958,-0.855723893662726,1.62074353639182,-Inf,0,0,-0.281234435757181,-0.736187157992915,1.30394421043211,0.850876016387761,1
55,0.295921405180113,-1.26502184108749,2.42516853880564,-Inf,0,0,-0.541983713045096,-0.769776275078446,1.21559992824464,1.36092983794353,2
55,0.533492110747246,1.27880813825994,-0.0299198992162634,0.440478177694604,0,0,0.716525152737869,-0.0758188598329277,0.00830224761606851,-0.129153372624721,3
55,0.854420958618637,1.22095882088827,-0.217252732596369,0.440478177694604,0,0,-0.00686967460360893,-0.215417639467305,0.211865571071087,0.118932658475528,4
55,1.15867817802918,0.404358490203861,-0.999362487517182,0.440478177694604,0,0,-0.281744283305028,-0.326013507571893,-0.0466795813283018,-0.813302669757457,5
55,1.41708841917237,1.09784541025995,-0.159894500177202,1.28084845631204,0,0,0.326290762738311,-0.385786401117542,-0.098166864203206,-0.422039028457355,6
55,1.683834474546,0.151971241801329,0.251530096424857,1.28084845631204,0,0,-0.0751311800631164,-0.441200240417328,0.911072123157198,-0.153896754974871,7
55,1.85055075915451,-2.29044553375591,0.519438840259354,1.28084845631204,0,0,-0.787760181308207,-0.953257333122359,0.655884142564621,0.136723179079946,8
55,2.24650193509973,2.63299160345452,-1.28962185371497,1.95055230224613,0,0,0.96234348148121,-0.0545568829817238,-0.406618189729258,-0.654573319139947,9
55,2.33819589163441,2.79785397420489,-1.12566579013459,1.95055230224613,0,0,1.04207465757797,0.289186897426102,0.150950567314403,-0.755315404155559,10
55,2.64245311104495,0.803192589692,-1.66973725548977,1.95055230224613,0,0,0.0563891366616937,-0.233313279326459,-0.111497186797405,-1.09447428629275,11
55,2.93837451622507,0.388876048138582,-1.10030378130432,1.95055230224613,0,0,0.188329886490626,-0.290977383934629,0.017284050199083,-0.504163301537835,12
55,3.13426615064007,-1.55650182467455,2.00429610758258,1.95055230224613,0,0,-1.14293800764653,-0.810388597670521,1.54328501834608,1.30463301139867,13
55,3.48437034831795,-0.214014476891937,0.181652786310173,3.41251528781767,0,0,-0.224415529925453,-0.449056881955777,1.1235586630662,0.135144020645158,14
55,3.64275081869604,1.92312324875143,-0.272103131129184,3.41251528781767,0,0,0.756897366537921,-0.0671013100098438,-0.155214831055927,-0.398864040752994,15
55,3.9845192021435,-0.441775508665384,-0.305812459424292,3.92476861334155,0,0,-0.083768139636562,-0.724205868183747,0.132538973792958,-0.300830237722559,16
55,4.24709735040191,-0.425562419073979,1.03135209507141,3.92476861334155,0,0,-0.512334980039508,-0.483436320198164,1.51258078665892,0.77387536251482,17
55,4.25960107174754,-0.586141954799691,0.860426792277162,3.92476861334155,0,0,-0.306300620147062,-0.501893918955195,1.00967503923382,-0.0031362305576399,18
55,4.53468294135159,-1.49140444366563,0.407377780576413,3.92476861334155,0,0,-0.770486128158943,-0.954081789395778,0.223513258632822,0.273230642909342,19
55,4.84310806787734,-0.791630414144359,-0.861245359975211,3.92476861334155,0,0,-0.562679663243718,-0.6598081836764,-0.0297397025683106,-0.796093120153963,20
55,5.11818993748139,-0.427255303513342,0.778396070459281,3.92476861334155,0,0,-0.510487064776773,-0.669990412553557,-0.117168986301311,0.826729935827666,21
55,5.45162250669842,-0.538395489072276,0.692799492730546,3.92476861334155,0,0,-0.518364217978459,-0.685982947546864,1.06045542050844,0.0355477123260624,22
55,5.61833879130694,2.23920532936647,-1.43453277288296,5.56927559407464,0,0,0.893364442204321,0.0724486855196849,-0.347856148146094,-0.983671640290161,23
55,5.85174158975886,1.07869863377443,-0.271699785200732,5.56927559407464,0,0,0.376046802813052,-0.225368740034167,0.655046860452906,-0.140579020584342,24
55,6.14349508782376,1.99618250270222,-2.06772093185166,6.06488366898937,0,0,0.86725311464542,-0.0929389526797271,-0.70976635238966,-1.14883972228057,25
55,6.39356951473653,2.24530050129232,-0.082687593649209,6.06488366898937,0,0,0.921901257141745,0.192008028094694,0.013376875562996,-0.0170138142657416,26
55,6.51860672819291,0.81799847943751,0.664371761731142,6.06488366898937,0,0,0.262833667012881,-0.302852229145761,1.00465497248171,0.544340675538806,27
55,6.9353974397142,-0.807396174440896,0.980946678019604,6.06488366898937,0,0,-0.491207345832627,-0.802483135116457,0.590023707957118,0.237216443375002,28
55,7.21047930931825,1.11857424678847,-0.071240415651487,7.17784450977253,0,0,0.410438919201158,-0.193024579810652,-0.136779759280497,-0.140389722545946,29
55,7.40220303661804,1.27960805415877,0.0611663613632251,7.17784450977253,0,0,0.489706166868256,-0.135794365222716,-0.0296458999438824,0.136724289771886,30
55,7.58975885680262,1.19274017842613,-0.147239096767891,7.17784450977253,0,0,0.662704012889165,-0.15039364303872,0.645181880267456,-0.0703394172900583,31
55,7.76481095564156,1.15099727233346,-2.41810382700453,7.17784450977253,0,0,0.353173653085592,-0.327318127773861,-1.15971595304968,-1.62775234302689,32
55,8.08157189639774,-0.0341157481955179,-0.710658548427128,7.17784450977253,0,0,-0.285460304806146,-0.476992555520171,-0.112576338811438,-0.361456729429357,33
55,8.46085144388211,1.03864749661611,0.708059464461067,7.17784450977253,0,0,0.22062417688981,-0.258437760076198,0.904607821457077,0.313178087567447,34
55,8.58172075022328,0.959772712604793,-0.900403625076937,7.17784450977253,0,0,0.103149067364509,-0.0260646478027075,0.197652661454602,-0.694336876456773,35
55,8.9776719261685,-0.841136400277338,-0.235087368221757,8.88879965255932,0,0,-0.112020727259792,-0.605742996880604,-0.310651045609438,0.166188891260922,36
55,9.1068770467401,-0.151101077500541,1.94451139046647,8.88879965255932,0,0,-0.292512732756956,-0.564146599158384,1.56877270707793,1.16788234447614,37
55,9.34861565942245,-2.22570975364558,1.22927833754836,8.88879965255932,0,0,-1.16999150082461,-0.974852450435992,1.08265728546176,0.321658962424001,38
55,9.69871985710033,-0.428900258249408,-1.61076670838961,8.88879965255932,0,0,-0.108387483614634,-0.606322142497763,-0.509098883754852,-0.70758923375851,39
55,9.89461149151533,1.59328910238535,-1.60274398426587,8.88879965255932,0,0,0.469890201311719,-0.10074004878335,-0.580165177501767,-1.34552139635788,40
55,10.0821673116999,2.60453875509512,-1.97168728532997,10.0190042587767,0,0,0.995935770179256,0.0135388675542428,-0.5279311596312,-1.26429496518342,41
55,10.3905924382257,1.24653952963538,-0.424750701173344,10.0190042587767,0,0,0.260520731065893,-0.293918229355034,0.540716476222235,-0.556522459235402,42
55,10.5823161655255,-0.814975222127242,-1.07572900830506,10.0190042587767,0,0,-0.404946156002685,-0.510958449164648,-0.365207112332156,-0.624607227113863,43
55,10.9324203632033,-0.383455527749332,1.55470664712648,10.6022978759424,0,0,-0.136633299446754,-0.494223619329391,1.48158813795574,1.0829403503494,44
55,11.1866626972313,0.0928352406593874,0.80062398116765,10.6022978759424,0,0,-0.292340427196503,-0.345203315675729,0.835533278331627,0.458059396243999,45
55,11.2866924679964,-0.903660623654366,0.405797345060345,10.6022978759424,0,0,-0.0605837476484045,-0.651884054497206,0.496968177246836,0.339603259229448,46
55,11.7201548079786,1.73849765638179,-0.0769398213132301,11.719585474002,0,0,0.488329300191673,0.022918658903461,0.354236733249182,-0.104643905155893,47
55,11.8535278356654,0.878615477841975,-1.86874585461752,11.719585474002,0,0,0.17262300843621,-0.195584645085072,-0.0644817270912018,-1.72636154042724,48
55,12.2203036618041,1.69516084362479,-1.08939006906322,11.719585474002,0,0,0.65991815229399,-0.0536683399369805,-0.0140457842652763,-0.384608467222076,49
55,12.3661804108366,1.07970265786595,-0.31010447971104,11.719585474002,0,0,0.351001464952143,-0.0520795373950859,0.250569686204839,-0.154747823859029,50
55,12.6704376302471,1.46356837458578,0.724657138741435,11.719585474002,0,0,0.0204872712285168,-0.0684195891951453,0.628660964449505,0.354013794587071,51
55,12.9246799642751,0.259140457126667,1.15004919548195,12.7764144717501,0,0,0.144632433298773,-0.401408803803072,0.721370368773687,0.421845770464566,52
55,13.1164036915749,0.552016229871107,0.106820956347185,12.7764144717501,0,0,-0.053097323454438,-0.375403035054488,0.244190560102073,-0.0242223269714768,53
55,13.3122953259899,1.38973946621572,-0.810449377714084,12.7764144717501,0,0,0.497345356528873,-0.104181423586224,0.0063385305862608,-0.44709162141328,54
55,13.5623697529027,1.29043744275937,-2.10037702667693,12.7764144717501,0,0,0.36774077172554,0.0711813714918562,-0.860067028216296,-1.47113891435189,55
55,13.8124441798154,1.24200765727957,-0.930364666301655,13.5626494300435,0,0,0.249745884581358,-0.189013157152456,0.0656664419072644,-0.962009462463504,56
56,0,0.794105518373236,-0.139103894455353,-Inf,0,0,0.287188186417199,0.912144081183561,-0.645726499541118,-0.269741396141005,0
56,0.0166716284608514,3.25280780052086,-0.930362174360574,0.00714445043122396,0,0,1.36942442774042,1.62538067055323,-0.560771647032034,-0.889239168249994,1
56,0.420958618636499,-0.885355426916009,0.96654673657784,0.00714445043122396,0,0,-0.363717437615733,0.380870585033039,-0.146262652925221,0.304857201859358,2
56,0.529324203632033,-0.136380970374974,1.02730443630061,0.00714445043122396,0,0,-0.442937004072299,0.648487069510875,0.109581939951456,0.3289968272699,3
56,0.966954450729384,1.77316603601371,-0.674650834264291,0.645951339065169,0,0,0.413239934350412,1.19993892926335,-0.554295510485703,-0.802624926251718,4
56,1.03364096457279,1.68101552523312,-0.68847102034775,0.645951339065169,0,0,0.508510297527992,1.11948960386971,-0.720114348268255,-0.544881211167712,5
56,1.34623399821375,-0.132383654809594,0.209529780225999,0.645951339065169,0,0,0.114505729383729,0.659976036307443,-0.340928420764284,-0.25162568023917,6
56,1.53795772551355,1.43445715181227,-0.0941688207008647,0.645951339065169,0,0,0.47718677943052,1.19480017672602,-0.503523409344267,-0.404719221189698,7
56,1.87555820184579,0.162039224862007,1.54763752180374,0.645951339065169,0,0,-0.168771478564569,0.883626914151231,0.434912872241405,0.817659278000687,8
56,2.21315867817803,0.319251041830601,-0.692193486724163,0.645951339065169,0,0,-0.207350583069591,0.767039262755781,-0.653386569943158,-0.629026554586823,9
56,2.47573682643644,1.36633627845586,-0.698720248692772,2.23991503317017,0,0,-0.20787425473588,0.944258077700006,-0.889324984863693,-0.621239190515129,10
56,2.57993450431676,1.34068425402883,0.705607470822638,2.23991503317017,0,0,0.329248462169232,1.19449133756545,0.440056955939105,-0.0759015262627702,11
56,2.83834474545996,-0.538089312717717,1.90000447059204,2.23991503317017,0,0,-0.420148169679648,0.48513865250239,0.540720173343303,0.823674594713645,12
56,3.15510568621614,-1.14384492570405,-0.168948911572589,2.23991503317017,0,0,-0.555755496317018,0.488876621632098,0.114172962147779,-0.451586857266616,13
56,3.31765406370944,1.16899642514767,0.385732581516601,3.25524099734075,0,0,0.387901239641911,0.871571642880989,0.0455739448307762,0.108364698811443,14
56,3.55939267639178,1.11144860218421,-0.693421418308618,3.25524099734075,0,0,-0.1307159609936,0.907664155764966,-0.35816185742846,-0.475629767048514,15
56,3.97201548079786,0.794291648458696,-1.44891260455109,3.25524099734075,0,0,-0.0686670643229434,1.03556801583527,-1.06180029666764,-1.60347740178127,16
56,4.22625781482584,-0.073692599894081,0.0155829357859344,3.25524099734075,0,0,-0.152068578615248,0.707011422351341,0.0721596329764719,0.0205875563671016,17
56,4.29711223578446,0.166526575457365,0.281499888736341,3.25524099734075,0,0,-0.558724251490603,0.812227875774822,-0.171471477556933,0.220619134380168,18
56,4.58052991961893,0.924878582567966,-0.169078318318173,4.55491565828426,0,0,0.357888495975138,0.757829707810674,-0.181487179550631,-0.0106338965379502,19
56,4.89729086037511,0.686901335110964,-1.45333702533709,4.55491565828426,0,0,0.373642656025242,0.885810312258155,-0.855181817916816,-1.18143890276755,20
56,5.1848764513248,0.942782990779656,0.0748066832210799,4.55491565828426,0,0,0.097646883279526,0.988044988906189,-0.483131482028416,-0.285675385183922,21
56,5.39743971420066,2.11663103593548,-2.85345210807538,4.55491565828426,0,0,0.38982822031714,1.32304482921971,-1.24636484344678,-1.70514440824223,22
56,5.5724918130396,-0.162693609414968,-3.15933965286134,4.55491565828426,0,0,-0.335593815912518,0.584820969279991,-1.16651611253556,-2.13425741697107,23
56,5.9642750818696,2.48894515642254,-2.27312909376896,5.7453915569376,0,0,0.661095753771385,1.21466719007039,-1.27459067785012,-1.90839656398194,24
56,6.04763322417386,1.45558035897617,-1.55656476270855,5.7453915569376,0,0,0.425834542818589,1.2474361116063,-1.27164326449995,-1.20649496915084,25
56,6.3185471866627,1.36576158972729,-0.920985311212407,6.29695185929394,0,0,0.154840820155846,0.985892000467185,0.0604037701900647,-0.609759476131776,26
56,6.72700208395356,0.515792280397836,-1.59490669210607,6.29695185929394,0,0,0.0686538141578872,0.84022758712826,-1.20267011650394,-1.2576425714925,27
56,6.93122953259899,1.46738632264537,-1.99293775911811,6.29695185929394,0,0,0.69550821277176,0.990822071347692,-0.466271282118528,-1.38371356309178,28
56,7.00625186067282,1.37758896872124,-2.86552246694726,6.29695185929394,0,0,0.0306749092369328,0.893481409960546,-1.73780196258507,-1.89554541123019,29
56,7.30634117296815,0.437516800059296,-1.92249592936924,6.29695185929394,0,0,-0.302111889337241,0.779275244376678,-0.815783089989526,-1.20035368271711,30
56,7.7439714200655,0.455728893745714,0.295371525119277,7.40144295476986,0,0,0.114807974435825,0.715323834119872,-0.209836467778318,-0.353917419777676,31
56,7.78148258410241,-0.727089170303771,0.864820739051522,7.40144295476986,0,0,-0.183992950548314,0.50880788906317,0.0388583515519523,0.0460352026719049,32
56,8.03155701101518,0.0619226885463571,-0.582832848223314,7.40144295476986,0,0,-0.20235357152338,0.855923168807843,-0.366013339063945,-0.73524809868823,33
56,8.2649598094671,2.25978536392643,-2.19058426163466,7.40144295476986,0,0,0.812434094669215,1.19226237500375,-1.18454302872476,-1.47676776360758,34
56,8.71509377791009,0.287886228499667,0.84739941598986,8.45729962031787,0,0,-0.097766425123224,0.797480072623959,-0.149475717165045,0.160105613060394,35
56,8.84429889848169,0.391559379234401,1.47022684300215,8.45729962031787,0,0,-0.250479346198798,0.857245373525958,0.598606291443651,0.467562592434125,36
56,9.03602262578148,-1.12292280111455,0.700060499409326,8.45729962031787,0,0,-0.523039468374969,0.501383340292472,0.317871886046426,0.0113183338631981,37
56,9.30693658827032,-0.380648061873153,0.904068705271083,8.45729962031787,0,0,-0.259599752697899,0.701803283336597,0.522181414895136,0.0672566641382327,38
56,9.64036915748735,-0.318488027849951,0.317149257133863,8.45729962031787,0,0,0.0447305098091083,0.481119416728886,0.230328523627343,-0.230818522053092,39
56,9.9821375409348,2.36300819027609,-1.10793514530141,9.78284060918511,0,0,0.784556341284815,1.25111899091333,-0.683754388674073,-1.25993970737943,40
56,10.103006847276,1.67242740550479,-1.34218626059931,9.78284060918511,0,0,0.145605074695279,1.11023098282244,-1.2596594420011,-1.29898968787584,41
56,10.2655552247693,1.28352836794644,-0.111600269734504,9.78284060918511,0,0,0.314973150076639,1.12597690718106,-0.535559927177605,-0.273475820308131,42
56,10.6781780291754,4.31784941763602,-2.64207382403464,10.6260095805449,0,0,1.46040125236394,1.86621497919,-1.38248732783145,-1.81145124188271,43
56,10.8824054778208,4.58120288561321,-2.81233728924546,10.6260095805449,0,0,1.96770418078552,2.00980410987606,-1.47998016748522,-2.15150945216336,44
56,11.199166418577,1.51228768290194,-1.50635405913037,10.6260095805449,0,0,0.36327597656844,1.17365117928787,-1.06301897968054,-1.60982516111162,45
56,11.3242036320333,0.79198518480142,-0.278247426916265,10.6260095805449,0,0,-0.193112254323796,0.875115637047401,-0.735953261595473,-0.419283570253954,46
56,11.6534682941352,0.352946017904166,0.747132206862055,10.6260095805449,0,0,0.112299519210525,0.858383820692703,0.110409518799276,0.109605699315483,47
56,11.9577255135457,0.770749521323748,-0.42851775757607,11.6623005937355,0,0,-0.0666230455211893,0.853602033993635,-0.483696428433011,-0.443020990499461,48
56,12.1077701696934,0.612518682721203,-1.51928976916808,11.6623005937355,0,0,0.066841034624694,0.822355267966487,-0.327785611612651,-0.864964139847771,49
56,12.2911580827627,0.334241743615161,-0.487798134110994,11.6623005937355,0,0,-0.544422244624323,0.796014368332,-0.470419735051901,-0.709634149128992,50
56,12.6829413515927,-0.361904295841426,-0.772053078708672,11.6623005937355,0,0,-0.368252268202991,0.608343059703837,-0.350939752565569,-0.548904714784744,51
56,12.8704971717773,1.44333177267887,-1.22832673099823,12.8066138264043,0,0,0.381792801442938,1.18984407681858,-0.606406307272727,-0.920613937476848,52
56,13.099732063114,0.809430983472304,-0.521857156236633,12.8066138264043,0,0,0.247519806182872,0.949258847295479,-0.740936974374387,-0.716260198901548,53
56,13.3748139327181,1.01847167029132,-0.493796378565018,12.8066138264043,0,0,-0.156565777275572,0.908747434916792,-0.496113186755173,-0.57340625545228,54
56,13.5623697529027,0.411448557173452,-0.236731596337596,12.8066138264043,0,0,-0.230586572926719,0.861139093918102,-0.872403653475465,-0.343264287570597,55
56,13.8124441798154,1.60902823437005,-0.410837058902617,13.6226740629761,0,0,0.0696697962319786,0.901722476757038,-0.896446249205358,-0.340700587952059,56
57,0,-0.609156114221415,-0.523906218029583,-Inf,0,0,-0.372964556046342,-0.0253879585462609,-0.521702814824452,-0.471918835862667,0
57,0.0708544209586186,-0.858878810519697,-0.523071980816596,-Inf,0,0,-0.0913741245963084,-0.0795310813181504,-0.783185657683107,-0.344765047292877,1
57,0.420958618636499,2.96754872596155,-2.73678782555142,0.307565423380584,0,0,1.39474331274737,0.795001915982272,-1.15591003636284,-1.89426823164991,2
57,0.675200952664484,1.62844952191513,-1.02707769583008,0.307565423380584,0,0,0.632120088245139,0.791848482147858,-0.927434012193518,-0.0424263053172357,3
57,0.816909794581721,1.78145268799011,-2.4121294835681,0.307565423380584,0,0,0.928575873075721,0.711635080502337,-1.49666422360767,-1.40086559477969,4
57,1.17534980649003,0.976347085598813,0.75573865487964,1.02393737893838,0,0,0.459240070399116,0.540166163312185,-0.352146128541711,0.406440499040355,5
57,1.35456981244418,1.59306394572991,-0.0430587791048072,1.02393737893838,0,0,0.280703794507205,0.546902548509783,0.292051406301637,-0.306519936468361,6
57,1.55046144685918,-0.949551203606074,0.235079990620671,1.02393737893838,0,0,-0.146541757747837,-0.157175875922208,-0.0711538450558009,-0.0800807272350405,7
57,1.87139029473057,0.460835832198223,-2.52922578806975,1.02393737893838,0,0,0.393006443779294,0.420467878759926,-1.61204712166175,-1.78681084652297,8
57,2.11312890741292,0.967106924498526,-2.12029977935784,1.02393737893838,0,0,0.544004332381263,0.634864636210818,-0.980298266468144,-1.39371836930671,9
57,2.44656147662995,2.56815099961626,-1.69489782353989,2.29600764345019,0,0,0.804625807294114,0.878568564960364,-1.17213107581619,-1.31143409766782,10
57,2.64245311104495,1.00188605511681,-0.192654076786587,2.29600764345019,0,0,0.690763658781865,0.537288864535407,-0.332873897915036,0.203862104030075,11
57,2.87168800238166,2.7120067140651,-1.96005920839339,2.79985154675714,0,0,1.05679539379131,0.988277945934336,-1.53435744538391,-1.44269684441636,12
57,3.17177731467699,0.775681617028487,0.263587171551716,2.79985154675714,0,0,-0.00214024125518991,0.546897110819673,0.231575719981172,0.201325369107247,13
57,3.29264662101816,1.23141678828767,0.396103797679836,2.79985154675714,0,0,0.705379299370879,0.898765095462375,0.00979099399003229,0.0171410800543632,14
57,3.51354569812444,-0.0222758917576474,1.06382488612912,2.79985154675714,0,0,0.163264758741579,0.249300356582787,0.696484909262784,0.780366492531047,15
57,3.87615361714796,-0.447004249774906,0.149620265010512,2.79985154675714,0,0,-0.000791191802262337,0.209150670381304,-0.523653188357357,-0.0542081203161379,16
57,4.00119083060435,-1.18955265835875,-0.00160558933282215,2.79985154675714,0,0,-0.487348829829299,-0.0546939639423699,-0.0354168426309853,-0.310669613629352,17
57,4.43048526347127,0.650545332600913,0.0951974292263633,2.79985154675714,0,0,0.307299347756544,0.509340945414786,-0.38271502783077,0.218965310286724,18
57,4.59720154807979,-0.137467429345589,-0.459768928264925,2.79985154675714,0,0,-0.249591638729902,0.36205226805166,-0.541671517358809,-0.0500745410353103,19
57,4.92229830306639,0.150881552975189,-0.450400603985449,4.6180561342205,0,0,-0.170172832712558,0.323718846319201,-0.639770532262257,-0.321443200146475,20
57,5.1848764513248,-0.112544336562738,1.34440094574306,4.6180561342205,0,0,0.135557383006206,0.159075872905216,0.619556881815339,0.729124982597188,21
57,5.45995832092885,1.03427745828891,-2.03918242144042,5.44498053047842,0,0,0.378164000430772,0.586757583173056,-0.968658665073393,-1.37062111393308,22
57,5.68502530515034,-0.322932625277267,0.804380693709594,5.44498053047842,0,0,0.0137292744415502,0.37924796711818,0.398450901467941,0.187131772508426,23
57,5.86841321821971,0.921141414729172,-0.0615012436835773,5.44498053047842,0,0,0.293235559193288,0.535400158550567,-0.304329862255198,-0.0605504898347457,24
57,6.03096159571301,1.05033284323847,0.546671465451599,5.44498053047842,0,0,0.490837623347304,0.544149515942113,0.140205825331074,0.255237207857872,25
57,6.26853230128014,1.81139562566201,0.241889326124787,5.44498053047842,0,0,0.375103046396562,0.913849372347372,0.0198630652121985,-0.364730169845267,26
57,6.6103006847276,1.71736129478889,-1.41672931478219,6.53532859032365,0,0,1.03046286317634,0.722830335943297,-0.940096289514029,-1.38212242603305,27
57,6.80202441202739,0.0910774353295387,-0.531281398886542,6.53532859032365,0,0,0.151192063403499,0.242432628675939,-0.544172587065405,-0.287179389530722,28
57,7.15212860970527,-0.588625999348144,-0.209536424774097,6.53532859032365,0,0,-0.38828739944979,0.0554530134018271,0.0249919998847632,-0.372332078966097,29
57,7.41887466507889,0.871488542707123,0.778309971275265,7.350284097401,0,0,0.441278667556484,0.507340075112114,-0.21882580984978,0.432676469693755,30
57,7.60643048526347,-0.948150355149784,0.729639253738151,7.350284097401,0,0,-0.594041306659981,-0.0697917331147734,0.580357376914239,0.44641327862359,31
57,7.76064304852635,0.180466181320977,1.65846088817367e-05,7.350284097401,0,0,0.253932380300274,0.586503685675624,0.227893749180775,-0.0593866899336399,32
57,8.08573980351295,1.09363666161606,0.0340957983474305,7.350284097401,0,0,0.425831823744927,0.66014513230863,0.0214623102070149,0.0556164960220388,33
57,8.35665376600179,1.16436469820899,-1.28759972350417,7.350284097401,0,0,0.784083990818611,0.548092939434038,-1.12608570958468,-0.65156961726764,34
57,8.57755284310807,2.25745595390619,0.1918424174142,8.53847227649262,0,0,1.12037636761684,0.803383079492701,-0.00730379389445134,-0.0216277056033385,35
57,8.9109854123251,1.23021733784023,-1.15656935458664,8.53847227649262,0,0,0.173980684473083,0.43072316802064,-1.30637657338608,-0.738150991589647,36
57,9.21941053885085,0.180646558272642,1.18575964946298,8.53847227649262,0,0,0.469851276754924,0.273592393608239,0.762389516994135,0.361025762435351,37
57,9.41113426615064,-1.36143926216396,0.276956278008802,8.53847227649262,0,0,-0.66832678246612,-0.0700478441651764,0.163775495161061,0.245805943060841,38
57,9.61536171479607,0.14174000469669,-1.73992767635058,8.53847227649262,0,0,0.198338098119208,0.362904471575988,-1.59585313805834,-0.851100162528754,39
57,9.9821375409348,1.5617208193937,-0.862321939480928,9.95316200438672,0,0,0.759254601563894,0.609951693917701,0.0687559936673066,-0.759723396987821,40
57,10.0238166120869,1.79699296638173,-1.32254974190958,9.95316200438672,0,0,0.851937518574094,0.528100375834132,-1.15097522772589,-0.983879318820795,41
57,10.2530515034236,0.491452105098729,-0.261975230013497,9.95316200438672,0,0,0.121312717317698,0.38055417409625,-0.698333202897343,0.117366636382664,42
57,10.7115212860971,-0.181453201272527,0.0653063534098338,9.95316200438672,0,0,0.203604171042656,0.232212171524881,0.241664665562134,-0.143424598149726,43
57,10.9240845489729,-0.279389288554158,0.348835499565734,9.95316200438672,0,0,-0.0854920357985182,0.0672341584430581,0.350628961697715,-0.221788525418283,44
57,11.0366180410837,1.3227195276133,-0.357042819755078,9.95316200438672,0,0,0.411327485367464,0.672609316157636,0.294028345025336,-0.721343211711916,45
57,11.2866924679964,2.06700048973962,-1.42196816428267,11.1958557989968,0,0,0.847397873573553,0.808717377260314,-1.25083485248294,-1.03986928285928,46
57,11.5784459660613,1.66519241633913,-0.552545173360999,11.5580760008458,0,0,0.865512946428794,0.649463073559015,-0.252502800053537,-0.591745858373272,47
57,11.7534980649003,1.9403513374709,-2.10776325070278,11.5580760008458,0,0,1.01003496503914,0.82995214490712,-1.4508838898684,-1.49699831412177,48
57,12.0952664483477,0.961992842351269,-1.17414752364727,11.5580760008458,0,0,0.411848448239342,0.628703993106448,-0.733754784354172,-0.594448013302543,49
57,12.3078297112236,1.55167672840777,-1.0539025959594,11.5580760008458,0,0,0.543141455596046,0.795395148195755,-0.961060260954491,-0.866254136471342,50
57,12.5787436737124,1.05622779636992,-0.726272135832442,11.5580760008458,0,0,0.523636975469395,0.506205427090242,-0.674635798845713,-0.237919492133406,51
57,12.8996725215838,1.5867624611987,-0.419244700218975,11.5580760008458,0,0,0.379642460012242,0.736305990954899,-0.157873888916391,-0.306894095232374,52
57,13.1414111342662,-0.537506578287482,0.829210539894497,11.5580760008458,0,0,0.0852294495122957,0.168966467159174,0.009430105832611,0.138275361213273,53
57,13.3748139327181,2.05283020744549,-2.45280345367397,13.1463949797926,0,0,0.674689258552491,0.77931944465778,-1.90813265934934,-1.64549280274924,54
57,13.7374218517416,3.20876412256631,-0.963284364886857,13.722173362982,0,0,1.69715141632011,0.926731923662885,-0.282667216439238,-0.130567628967763,55
57,13.9083060434653,2.71285706018169,-2.05673436498188,13.722173362982,0,0,0.891597775048523,0.971643495949628,-1.12529475083216,-1.45862766291302,56
58,0,-0.190951650017641,-0.321643683557597,-Inf,0,0,-0.263016528689094,-0.177273327696492,-1.04927710668752,-1.37364283749906,0
58,0.0125037213456386,-0.234704628786778,-0.38375836603006,-Inf,0,0,0.103307747178524,-0.20840173058306,-1.42615534923278,-0.914576429860869,1
58,0.32092884787139,1.67430941163169,-1.55998310126795,0.243879244162235,0,0,0.694472422960908,0.305571570823896,-1.67167903516199,-1.44796939268849,2
58,0.550163739208098,1.19317427848286,-1.45258197288493,0.243879244162235,0,0,0.864001008762363,0.303156558578674,-1.49022928917285,-1.62449474766288,3
58,0.900267936885978,3.56364072220405,-2.69136286563207,0.678915773353611,0,0,1.25711380798766,0.668183610651057,-2.1810384386557,-2.57192778480107,4
58,1.19618934206609,0.176915944416165,-0.552032012441469,0.678915773353611,0,0,0.268383798434774,-0.0648848770611419,-0.949778848653508,-0.960812065893304,5
58,1.30872283417684,-0.0870757210953785,-0.558201587632587,0.678915773353611,0,0,0.0105615194583417,-0.0389514826907095,-1.7098978628664,-0.97482074582261,6
58,1.71300982435249,0.231649347912457,-0.937105931597532,0.678915773353611,0,0,0.062559254006886,-0.00223466951892037,-1.12229528752332,-1.64918761756559,7
58,1.97142006549568,-0.336868473997054,0.851077426126899,0.678915773353611,0,0,0.00388322624884853,-0.0670959205939669,-0.0774561901398911,-0.111466092886662,8
58,2.22983030663888,-0.511713923464974,0.00806523504334075,0.678915773353611,0,0,-0.364612287965362,-0.0211207144243165,-0.878014835593358,-0.796161580065502,9
58,2.38821077701697,-1.06235808141511,1.25341335578297,0.678915773353611,0,0,-0.14273627365439,-0.255959005255815,0.302410848917664,0.000979237310747927,10
58,2.6257814825841,0.594079480394397,1.8020765519902,2.41859138225778,0,0,0.31910916807531,0.258508353919352,-0.285727408623841,0.100103505418525,11
58,2.93837451622507,-0.357879528517844,1.22644980008457,2.41859138225778,0,0,-0.174160328440574,0.0134812316606235,-0.491385978227677,-0.179768871747145,12
58,3.04257219410539,-0.512392420817267,0.229288759667574,2.41859138225778,0,0,-0.132163829599957,-0.21072780498537,-0.474543628442287,-0.535590160613133,13
58,3.35933313486157,0.310247105448447,-0.242649200609811,3.14589822284806,0,0,0.266536034670136,-0.00350463914541694,-0.851857302940483,-0.865732733421252,14
58,3.57606430485263,0.0979003863194444,0.823863826256262,3.14589822284806,0,0,0.0990957049318159,0.0681619012864416,-1.07609394889546,-0.400730694428746,15
58,3.94284013099137,2.54048747637183,-1.1634678882827,3.14589822284806,0,0,1.35519814155899,0.4388790995525,-1.35995552263982,-1.29106825425036,16
58,4.09705269425424,0.240495850438851,-0.300226208163482,3.14589822284806,0,0,-0.0109449850071854,-0.0117243957537742,-0.771970878604254,-0.710310101764821,17
58,4.31795177136052,0.551069270503676,0.559290462479693,3.14589822284806,0,0,0.110361324574356,0.318093689296087,-0.82856096363474,-0.394614409339793,18
58,4.62637689788628,2.21150567711415,-0.572813849684108,4.44962244461505,0,0,0.686400559913733,0.665356681082776,-1.08053003533202,-1.05617469946737,19
58,4.93063411729681,-1.33278364056319,-0.722681664667818,4.44962244461505,0,0,-0.311516576334135,-0.270066045982327,-1.37353955531112,-1.45966395273676,20
58,5.20154807978565,-1.70044955571377,0.989693668493346,4.44962244461505,0,0,-0.755252766100053,-0.547357986235655,-0.296018497616478,-0.29847724739513,21
58,5.34325692170289,0.300014582478559,1.72881731448545,5.33769833183883,0,0,0.462424479357676,0.102489610411707,-0.13512787849214,0.163675953345782,22
58,5.58082762727002,-1.15675214651283,-0.150746103443548,5.33769833183883,0,0,-0.380469812674606,-0.246076081782544,-0.983482598378244,-0.704754587293557,23
58,5.88091693956535,-1.23700154084644,-0.0623805508626571,5.33769833183883,0,0,-0.552995918451238,-0.226553693104621,-0.694467022768069,-0.45986012945439,24
58,6.11431973801727,-0.370176544907029,1.6532364061997,5.33769833183883,0,0,-0.509295873760416,-0.0301150757533772,-0.18897530029408,0.396174223998047,25
58,6.36439416493004,3.5035796067588,-3.00094732135922,6.2138436037474,0,0,1.62483642055541,0.923147103959063,-1.69088754408672,-2.46837426468118,26
58,6.73116999106877,0.0549826952414788,-0.179768103246954,6.2138436037474,0,0,-0.210347532766105,-0.00937699352124256,0.0843663104481956,-0.706365530284949,27
58,6.81452813337303,-0.210118723321803,-0.739588316047194,6.2138436037474,0,0,-0.408434051089106,0.0607107723239175,-1.29115484809274,-1.37167111028283,28
58,7.06877046740101,-0.608763540913355,0.242336804766498,6.2138436037474,0,0,0.015312505823567,-0.0838775680819061,-0.47250207658695,-0.687350427045062,29
58,7.26883000893123,-2.29769377870614,1.9952759549559,6.2138436037474,0,0,-1.10533723501616,-0.596384247701853,0.314121390823654,0.221593711692322,30
58,7.64394164930039,-1.66147808511668,1.69680377549001,6.2138436037474,0,0,-0.469448732054302,-0.384566640402554,0.244977116508784,0.377446549691652,31
58,7.95653468294135,2.07875876238116,0.194926421624007,7.86954219526289,0,0,0.630943596028602,0.592207946764534,-0.63968207626479,-0.248438709434999,32
58,8.01905328966954,2.951971988919,-0.937871590575862,7.86954219526289,0,0,1.38091879918425,0.597630781496322,-1.1999785200099,-1.2727710193827,33
58,8.35248585888657,0.755428594634191,-0.618203841108724,7.86954219526289,0,0,0.230721255118702,0.342022566665858,-1.33166901433646,-1.2344641562711,34
58,8.52753795772551,0.501699655752612,-1.68231804998766,7.86954219526289,0,0,0.225420260655331,0.0979859918731611,-1.53370610537003,-1.54126958374741,35
58,8.95683239059244,-0.659130992563072,-0.595680632769519,7.86954219526289,0,0,-0.310707757307931,-0.242577620308936,-1.28747337035356,-1.19749120757679,36
58,9.24441798154213,0.412317508166967,0.0488592312924754,8.97565088279975,0,0,0.350840104518238,0.0970955097226588,-0.70357170554574,-0.54061129074803,37
58,9.30693658827032,0.596421829215694,-0.69877804842238,8.97565088279975,0,0,0.00406322437243556,0.0842865090878334,-1.24493753043102,-1.38500947026789,38
58,9.6236975290265,1.31203980700405,-1.28357219868098,8.97565088279975,0,0,0.645859838689875,0.216790715782365,-1.30263565777929,-1.62809309685759,39
58,9.89877939863054,1.34102645192268,-1.96328238280646,9.85998542812438,0,0,0.771930892801004,0.176869370258493,-1.86449220557625,-1.87872819962556,40
58,10.1446859184281,0.0956544963627362,0.664100321027894,9.85998542812438,0,0,0.236632493602391,0.0826949741860985,-0.97130464049753,-0.611277344069784,41
58,10.4155998809169,-1.08826354273487,-0.138990326659949,9.85998542812438,0,0,-0.407784529070766,-0.230946787649118,-0.818541929495419,-0.937664840373864,42
58,10.6990175647514,-1.39342532420419,3.10019485998844,9.85998542812438,0,0,-0.177178656317242,-0.28852375271255,0.935052737723393,1.26889510174003,43
58,10.9574278058946,1.56105896376664,-0.558476985254885,10.8963501425514,0,0,1.23981424750879,0.303742839473532,-1.04759820863441,-1.08998959479139,44
58,11.0532896695445,1.03439539771537,-1.70406495173977,10.8963501425514,0,0,0.251422975665773,0.128713411132373,-1.84964197130756,-1.79201537163197,45
58,11.4617445668354,-0.715530181851584,-0.434477074192345,10.8963501425514,0,0,-0.27912694111593,-0.153617163120494,-0.953823198314268,-1.06781426361993,46
58,11.5951175945222,0.0586600303542032,-0.165088770427565,10.8963501425514,0,0,-0.177976977074683,0.0922747180320973,-0.859812143281501,-0.79431193089564,47
58,11.982732956237,1.58834317953517,-0.919944735877362,10.8963501425514,0,0,0.441574398865492,0.304417435515228,-1.26246883370185,-1.07908178733342,48
58,12.120273891039,0.919149084353544,-1.15530748426953,10.8963501425514,0,0,0.583412144638617,0.0883997324834363,-1.73810919583545,-1.47505708462953,49
58,12.4161952962191,0.579881536930667,-0.579347272575505,12.283363900733,0,0,0.179800111488646,0.0753822502078411,-0.757723861863465,-1.12143040464764,50
58,12.7454599583209,0.867097742478023,0.106192802904638,12.283363900733,0,0,0.772419923784806,0.369881491301829,-1.21751171486203,-0.799477050726377,51
58,12.9288478713903,-0.588280183195947,1.18630291562819,12.283363900733,0,0,-0.232804002524577,-0.104849303396795,-0.235469538421669,0.0281545724522308,52
58,13.1872581125335,1.22883693842721,-2.40639908348979,13.0041828628647,0,0,0.298768260878461,0.408480683364231,-1.70576595777747,-2.33980138102636,53
58,13.3914855611789,1.05577805377925,-0.544038491325551,13.0041828628647,0,0,0.707742422276342,0.35942722746702,-0.739044333858505,-1.2455494663777,54
58,13.6790711521286,1.46306793959347,0.0347510263879884,13.5567311912775,0,0,0.362788263748067,0.327517595161425,-0.0396496997489046,-0.914482469278642,55
58,13.862459065198,-0.57055668998398,0.252137064398729,13.5567311912775,0,0,-0.224835115031994,0.0626004721250784,-0.647622031236876,-0.779240916511088,56
59,0,1.41746492069385,-1.54730416737364,-Inf,0,0,0.959345771481914,0.552143353070728,-0.420389480548827,-1.28915581065056,0
59,0.241738612682346,1.73921347269745,-1.57355172366114,0.110654297901783,0,0,0.816482014132294,0.579217150320033,-0.0193570240495638,-1.01389026681363,1
59,0.416790711521286,0.933195717414661,-1.06731464241547,0.110654297901783,0,0,0.0765270033347583,0.533379179705903,-0.273372256808504,-1.1291516292426,2
59,0.537660017862459,0.568121622764178,-0.60709445500071,0.110654297901783,0,0,0.184634557396057,0.251449374003363,-0.432339302250717,-0.856420997919928,3
59,0.941947008038107,1.94327668642524,-1.34561354840119,0.110654297901783,0,0,0.729158407323673,0.56366147360735,0.0709964477179487,-1.16293092364217,4
59,1.20869306341173,2.64335540374853,-1.75063144491429,1.20523545867584,0,0,1.1496600536001,0.790272915594334,-0.268976876232708,-1.5276348769523,5
59,1.25454004167907,2.19829803371747,-0.18999094667008,1.20523545867584,0,0,0.754927337871589,0.849917808384369,0.387609534739663,-0.690254467229055,6
59,1.64632331050908,0.0950955181388223,0.786211623297147,1.20523545867584,0,0,0.0295056438405085,0.268313929594277,0.946876965974857,0.617414946289653,7
59,1.85471866626972,-0.721542017041252,0.794764041749774,1.20523545867584,0,0,-0.168224692584413,-0.0506260868858036,0.622564837714519,0.163914141574673,8
59,2.05894611491515,0.440999453734179,0.291473440378494,1.20523545867584,0,0,0.191413209316134,0.378273508099873,0.303486112456586,-0.0787522733940001,9
59,2.4298898481691,2.65653670546387,-2.01741033144434,2.3593119493417,0,0,1.31650254084119,1.01159722503678,-0.428475329697178,-2.08605126190144,10
59,2.62161357546889,0.793660091891105,-0.523704759659575,2.3593119493417,0,0,0.535098890800258,0.472412020921167,0.0361055893728461,-0.353817241902453,11
59,2.89669544507294,1.34514076070239,-1.52057055595954,2.3593119493417,0,0,0.596351851711492,0.49369586893046,-0.629184601352277,-1.32518500260901,12
59,3.10925870794879,1.11181225081471,-2.22812353569811,2.3593119493417,0,0,0.676030191836665,0.582748449563179,-0.52352198595309,-1.40564178097267,13
59,3.35933313486157,3.96860619409836,-0.728164574453371,3.35245107910059,0,0,1.66099650971773,1.18762061467016,0.23387359795168,-0.5408892290755,14
59,3.61774337600476,1.76872302810774,0.290313785358771,3.35245107910059,0,0,0.772706630233095,0.596062853817814,0.6143573849266,-0.148494219480508,15
59,3.93867222387615,2.18021470202971,-0.893678957508117,3.86599776329688,0,0,1.14549125567467,0.885907790597071,-0.349445261960033,-0.734587853403429,16
59,4.16790711521286,0.0776517346302066,-1.05839231415643,3.86599776329688,0,0,0.359834737557465,0.157275126329412,-0.156223867476629,-1.11930952377997,17
59,4.26793688597797,-0.131144222372018,-0.492174500248297,3.86599776329688,0,0,0.196287828441162,0.22731120662155,0.0888383970867355,-0.588057630146354,18
59,4.5055075915451,1.82963781818429,-0.572934967720512,3.86599776329688,0,0,0.897791400824574,0.687669671607405,-0.0770651332703599,-1.02009136105504,19
59,4.77225364691873,0.420407848337084,-1.26809411329264,3.86599776329688,0,0,0.464391160098021,0.15511519004051,-0.043303079114885,-1.13109342409543,20
59,5.01399225960107,-0.161982187856282,-0.395587347952387,3.86599776329688,0,0,0.335606278849095,0.142905418930283,0.143902140881721,-0.58283058773916,21
59,5.45162250669842,-1.12149871583004,-1.08892831118204,3.86599776329688,0,0,-0.497890975767289,0.0783948764410431,0.0212639592558927,-1.13663515958812,22
59,5.64334623399821,1.28911945010244,-0.568302690740677,3.86599776329688,0,0,0.705221927817232,0.611658399732964,0.0653438011216409,-0.571113141467631,23
59,5.7683834474546,1.38868116571441,-0.204270457474766,5.72698896321504,0,0,0.668497585025208,0.690035970390971,0.70341796466867,-0.153268874893973,24
59,6.0267936885978,0.76327744904092,-0.165353703394042,5.72698896321504,0,0,0.194587309482877,0.575033075629558,0.381153174023956,-0.134710352826068,25
59,6.38106579339089,0.131691100976487,1.95450646535972,5.72698896321504,0,0,0.140915433385497,0.213113535127925,1.78356166793847,0.954319948311944,26
59,6.60613277761238,-0.594146485701667,-0.191180070320357,5.72698896321504,0,0,-0.195077495457694,0.189712754387298,0.259364811857578,-0.120831660525341,27
59,6.85620720452516,1.78898292179589,-1.23498165755061,6.64814453275265,0,0,0.930845180672743,0.935604505630799,-0.516490642725353,-0.918468820296541,28
59,7.18963977374219,-0.0290663772669115,0.121927841327508,6.64814453275265,0,0,0.111090268195294,0.0973192298681295,0.455478922752807,-0.247624128472862,29
59,7.44805001488538,2.06234656795027,-0.352296313394164,6.64814453275265,0,0,1.1424815113391,0.619779708453343,0.581682382613679,-0.572807287959987,30
59,7.71062816314379,1.13629366014083,-0.45313251890977,6.64814453275265,0,0,0.236105806729048,0.622478702597383,0.291638205589535,-0.431081464753517,31
59,7.98571003274784,2.22260716704283,-3.96969545838823,7.94206010684049,0,0,0.832380388524313,0.725373132332296,-1.24911772038384,-2.90549520332806,32
59,8.11491515331944,1.28778187405417,-2.60463503285744,7.94206010684049,0,0,0.695730748054674,0.452578249069007,-0.753905596152298,-1.7570753360796,33
59,8.46501935099732,-0.0369617040736911,0.489825129361892,7.94206010684049,0,0,0.256075690665638,0.300023768599687,0.57002789427488,0.499549982273845,34
59,8.63590354272105,0.575449592924645,-0.293908519778875,7.94206010684049,0,0,0.250205170818966,0.471217339081914,0.541071343885862,-0.692982606417308,35
59,8.8484668055969,0.159724436421511,-0.250906361421475,7.94206010684049,0,0,0.340777182159398,0.497319201326738,0.133545289874736,-0.163198653342838,36
59,9.08603751116404,2.65658067417598,-1.68088899600256,8.86311394417157,0,0,0.867031891851686,0.801816043055988,-0.691758693717755,-1.26583962804402,37
59,9.38195891634415,1.63476472138445,-1.46337190631512,9.28866751637095,0,0,0.540568939142585,0.628137666979048,0.100435806294174,-1.20205903136836,38
59,9.63620125037214,-0.903232497698275,0.0421242090447149,9.28866751637095,0,0,-0.182985860141234,0.145257345693431,0.176493275517731,0.0221755411722754,39
59,9.91961893420661,0.823698076593293,-0.0211338845269591,9.28866751637095,0,0,0.485305686825785,0.374075560587646,0.836876235804914,-0.685341426395123,40
59,10.0196487049717,-0.469675229492015,0.0416989413159772,9.28866751637095,0,0,0.0334369329329518,-0.0521057887959695,0.612013425197798,-0.229377653763581,41
59,10.4906222089908,-1.12303240211356,-0.461374127102065,9.28866751637095,0,0,-0.782403450841132,-0.0602955906581331,0.636760802327072,-0.931712726939772,42
59,10.6448347722536,0.058422221031776,-0.68693840383258,9.28866751637095,0,0,0.275822124538513,0.298135028241517,-0.0704483345795338,-0.676797313843698,43
59,10.8615659422447,1.2068679480776,0.259398422545548,10.8160245053524,0,0,1.04218466493582,0.41641986156369,0.936665300158736,-0.18655396741268,44
59,11.0074426912772,-0.354213916491449,1.08898986442011,10.8160245053524,0,0,-0.00474887662845588,0.123908748243553,0.994311504017747,0.313815308650449,45
59,11.3867222387615,-0.160525849808814,1.50588910890249,10.8160245053524,0,0,0.206704075141334,0.127350905506204,1.07669268687782,0.370736913070353,46
59,11.7493301577851,0.719488908179244,0.454472555069958,10.8160245053524,0,0,0.580959320015094,0.418584029756452,0.905817478187155,-0.219519220220645,47
59,11.8785352783567,0.0281594441286427,0.695849472806977,10.8160245053524,0,0,0.107638522986365,0.23012112618431,0.889337411885639,-0.241479557162435,48
59,12.178624590652,-0.181522080982526,1.53922684411278,11.9742721878959,0,0,0.571581469294611,0.316619183885128,1.63963555298859,0.658310029142322,49
59,12.4953855314082,0.612764272159927,-0.543361959519627,11.9742721878959,0,0,0.523003002608677,0.441624886965505,0.0333998745319834,-0.51790490355293,50
59,12.5954153021733,-0.840546472859525,1.30120553495531,11.9742721878959,0,0,-0.364563938743747,0.249205224576271,0.784271987398258,0.253291033903807,51
59,12.8788329860077,1.75615454420432,-0.279927523446844,12.8209821223299,0,0,0.353881729624996,0.687130156534135,0.321627677858797,-0.468758483255822,52
59,13.020541827925,0.0501079261756061,-0.0721516518873847,12.8209821223299,0,0,0.163961217581207,0.261025996980498,0.433102426278366,-0.156273852993828,53
59,13.4790116105984,2.16398379476176,-1.0743508098659,12.8209821223299,0,0,1.09778627982294,0.77068202372217,-0.22666590103259,-1.00307502778163,54
59,13.6749032450134,0.563577504731818,-0.1559009532839,12.8209821223299,0,0,0.409564012834046,0.336825182515178,0.849055511768794,-0.436794916223864,55
59,13.9291455790414,-0.75164712021864,-0.0534318054925121,13.6989568508463,0,0,0.166967575469513,-0.128551524222534,0.412029983274025,-0.788766384572641,56
60,0,-0.361967383531252,-0.488867508236385,-Inf,0,0,-0.521370787168775,-0.298902815550164,-0.669946958063774,-0.548537945093495,0
60,0.091693956534683,-0.271820216642276,-0.694170349897639,-Inf,0,0,-0.0335912787748301,-0.283113161601365,-0.330063090214006,-0.506709663066795,1
60,0.325096754986603,-0.165298965197807,1.01932739042635,-Inf,0,0,0.0141773110746656,-0.316958587389921,0.565511544767244,0.555638824348583,2
60,0.604346531705865,1.26704823981197,-0.597580221115439,0.392924755532295,0,0,-0.07160965392991,0.0157227222252989,-0.264556394320255,-0.266721615854474,3
60,0.796070259005657,2.94547291334994,-0.0658004628483234,0.706615478520353,0,0,0.907877933554315,0.358167230514205,0.25592347715199,0.380346061210442,4
60,1.24620422744865,-0.188744315074782,-1.678153232651,0.706615478520353,0,0,-0.587076033603603,-0.316299895047915,-0.970212380044192,-1.07043184214073,5
60,1.45459958320929,-1.1477195802306,1.04571414563947,0.706615478520353,0,0,-0.863364502678183,-0.635345195814887,0.948709947215376,0.519877465683367,6
60,1.5879726108961,-1.4666366942383,1.67702012305126,0.706615478520353,0,0,-0.920656856855907,-0.69804273089575,1.00440464219581,0.543451790042945,7
60,1.80470378088717,-1.8218345437234,1.83806919435716,0.706615478520353,0,0,-1.14513248878166,-0.786097257778833,1.44567991457878,0.907389372849107,8
60,2.06728192914558,-0.742022100994213,-0.642235308870586,0.706615478520353,0,0,-0.630274692057273,-0.339428915211053,0.233010762966378,-0.202293578105622,9
60,2.4298898481691,-0.526455212895731,0.965239666730177,0.706615478520353,0,0,0.00877904258061479,-0.202936708024188,0.421065716322162,0.400593882404161,10
60,2.61327776123846,1.59662067778409,-0.608418595644435,2.51352707042466,0,0,0.353566254883084,0.192558553282735,-0.195117613618392,-0.485651971151227,11
60,2.80500148853826,0.7467288468649,-0.237161794134551,2.51352707042466,0,0,-0.0021805794787402,0.0725833061271014,0.0251914242361985,-0.321678351110201,12
60,3.00922893718369,0.976775944742286,-0.976260994370326,2.51352707042466,0,0,0.0870836292705811,0.108538341479061,-0.573012462653306,-0.56287145607679,13
60,3.25096754986603,1.55626820048986,-1.26053661709399,3.11018170485667,0,0,0.54360067892138,0.304707989087414,-0.854285691341721,-0.89132308860334,14
60,3.68026198273296,-0.038974038675915,-0.811244679335312,3.11018170485667,0,0,-0.538806874436589,-0.0870408547665515,0.428218923096952,-0.574231617066472,15
60,3.7927954748437,-0.0770806669027482,-1.31283345557857,3.11018170485667,0,0,-0.328755974860043,-0.13167423282526,-0.860355494893904,-1.1544692421108,16
60,4.02203036618041,0.762812764369206,1.58590142757776,3.11018170485667,0,0,-0.208778296040797,0.00719029554139302,1.08598357669036,0.958986932353389,17
60,4.45132479904734,-1.89117355553488,0.856598306245929,4.13559988235804,0,0,-0.707810201320857,-0.743747777914481,0.491381004949936,0.134986839923638,18
60,4.73474248288181,-0.332513292120654,1.32481339006394,4.13559988235804,0,0,-0.0596826274676752,-0.29919643407725,1.13490321951454,0.829742341009524,19
60,4.79726108961,0.0913767521449542,1.88632321599126,4.13559988235804,0,0,0.0140252906597404,-0.111652358345731,1.58454068808308,0.953922079635127,20
60,5.16820482286395,-1.27811641171841,0.400993526908475,4.13559988235804,0,0,-0.756313638053405,-0.661337081139882,0.649660450720147,0.0825280345052293,21
60,5.43495087823757,2.02490352256881,0.20363143540675,5.18699619545637,0,0,0.601599298040091,0.304757754206788,0.731987520191053,0.00951072455539578,22
60,5.62667460553736,-0.00380037396920743,-0.249560290230383,5.18699619545637,0,0,-0.0176578500917021,-0.185719322915665,-0.463790421106405,-0.341582526882476,23
60,5.99345043167609,0.0916862452517269,1.03519329057308,5.18699619545637,0,0,-0.264067546225592,-0.19159923448835,0.649957383878951,0.303267505314179,24
60,6.06847275974993,-0.432722469468141,0.818986732462178,5.18699619545637,0,0,-0.56711390471332,-0.399568539318491,0.503385979447337,0.190132632825228,25
60,6.4477523072343,0.250617712149221,-0.580845847621384,6.2260800265134,0,0,-0.168903810281208,-0.0817178085822106,0.0899620044043014,-0.360699373994124,26
60,6.65197975587973,-1.27710227291649,1.21324558278581,6.2260800265134,0,0,-0.869421191110879,-0.555734713966807,0.701600899527795,0.75200083240913,27
60,6.91872581125335,-1.64897582902877,0.272260356674596,6.2260800265134,0,0,-1.15840159439822,-0.635731552386542,0.453683295804078,0.0395261075325517,28
60,7.15212860970527,0.454766032655745,-0.876400277750291,6.2260800265134,0,0,-0.48923587019646,-0.149571451933251,-0.263237376436012,-0.409629320130954,29
60,7.30217326585293,1.63051724245774,-0.776955019899158,7.26936206432203,0,0,-0.0183331123492074,0.110739595952141,-0.169202351271558,-0.639839338719617,30
60,7.73563560583507,0.392077508697697,-0.910090949045352,7.26936206432203,0,0,0.0788799245836513,-0.00295697581296991,-0.677217077116488,-0.70020029339807,31
60,7.97737421851742,0.429159156184814,-0.811992641781397,7.26936206432203,0,0,0.252517170743173,-0.164582232752041,-0.234682105959965,-0.316324443419882,32
60,8.08990771062816,-0.233685706207984,-0.992068023453679,7.26936206432203,0,0,-0.138379829198658,-0.267218101427365,-0.402800575745354,-0.589521055644645,33
60,8.39833283715392,0.725437388074301,-0.0612429750312546,8.30169132948817,0,0,-0.174705382787198,-0.0284433398721944,0.100205506157967,-0.15245265499401,34
60,8.56504912176243,0.290660329362439,0.762112915840434,8.30169132948817,0,0,-0.0119362578111467,-0.12663559235855,1.18447087660881,0.495862465226713,35
60,8.78594819886871,0.626374676862571,-0.530226802956479,8.30169132948817,0,0,-0.142745384709392,0.0793201778752479,-0.278909523793025,-0.36680284676636,36
60,9.11521286097053,-1.39529239382776,1.19374846841988,8.30169132948817,0,0,-0.785790006757895,-0.544392074555128,1.49453086554857,0.663674566704085,37
60,9.43197380172671,1.13334153906626,-0.68889911392165,9.24570701421023,0,0,0.436813542999464,0.0403749897674116,-0.0594121448636482,-0.508539431596936,38
60,9.50282822268532,0.736934823675832,0.102601542313815,9.24570701421023,0,0,0.0770897646408274,-0.0792146197611779,0.162639077451475,0.156807314169356,39
60,9.82792497767193,1.62264637390605,-1.16702015194659,9.24570701421023,0,0,0.433125626211017,0.111868004942565,-0.800812422542044,-1.1717988881292,40
60,10.0279845192021,0.30488487789561,-2.52953671507238,9.24570701421023,0,0,-0.234855978455697,-0.180856787684442,-1.18600349516092,-1.51310365565554,41
60,10.4239356951474,-0.264117742487651,0.0532229296861528,9.24570701421023,0,0,-0.35076265585729,-0.43608303609431,0.660538478844459,-0.226425432996032,42
60,10.5573087228342,1.72393626921792,-0.646192234781229,10.4402109148035,0,0,0.690372249294511,0.164473614191433,-0.0173995575790476,-0.564129580201353,43
60,10.886573384936,0.134116206779219,0.0306566286128064,10.4402109148035,0,0,-0.546678640109088,-0.110701358171666,0.695375333890026,-0.0940227598403425,44
60,11.2325096754987,0.486466763170018,-0.833791429023263,10.4402109148035,0,0,-0.200990900450583,0.0016626370760239,-0.705350314078509,-1.21813799705684,45
60,11.3700506103007,3.1994143504218,-1.57055967447736,10.4402109148035,0,0,1.08640203580141,0.661818349593564,-0.404521634120659,-1.14939350845936,46
60,11.6784757368264,-0.384653091595164,0.969922382514847,10.4402109148035,0,0,-0.230390841239694,-0.390230248404295,0.85979865827225,0.417675522739787,47
60,11.9702292348913,-0.299815153164369,0.173352010150741,10.4402109148035,0,0,-0.57844398705001,-0.335382677293916,0.431489005882552,0.14659395453415,48
60,12.0785948198869,0.610116540997755,1.48902187996378,10.4402109148035,0,0,-0.260223179658748,0.0814967861445009,1.06806759478453,1.22662594135714,49
60,12.3036618041084,0.702327645872838,-0.265824431297549,12.224806134383,0,0,-0.0594160134304126,0.00448846853669621,0.127872716615169,-0.402031465580675,50
60,12.6579339089015,-0.404999128377271,-0.257377955613343,12.224806134383,0,0,-0.527997511675561,-0.501732462181627,0.370691071259852,0.0173999277676626,51
60,12.9538553140816,-0.924890708658543,0.498529983194522,12.224806134383,0,0,-0.880542541200208,-0.484503315824202,0.189046900402101,0.365930798634469,52
60,13.0663888061923,-0.534404459438957,-0.484105380429649,12.224806134383,0,0,-0.501138405992276,-0.502234064615824,0.113094837154287,-0.393970474741978,53
60,13.3664781184876,1.71903727455544,-1.28381737847955,13.2094302925998,0,0,0.593873188667292,0.265197535612021,-0.758131391008136,-0.802140289569767,54
60,13.5415302173266,2.04290728372884,-2.22076978003377,13.2094302925998,0,0,-0.0110368229756477,0.2971898607004,-1.26824040788286,-1.50308532650281,55
60,13.8207799940458,0.552325796195856,-0.0968235664151063,13.2094302925998,0,0,-0.16657050014324,-0.122565605737389,0.166663397342667,-0.132902601192273,56
61,0,-0.112324538116299,1.09155274041793,-Inf,0,0,-0.442001762846367,-0.133056092428134,0.611678330027475,0.598577821286829,0
61,0.191723727299792,-0.245191278315596,0.215416157190769,-Inf,0,0,-0.351720781335953,-0.268291215419291,0.501553413685683,-0.334247972088197,1
61,0.404286990175648,-2.09420860035576,0.121055962308977,-Inf,0,0,-0.828792970426732,-0.633285236441065,0.307790463763474,0.0725982841026858,2
61,0.658529324203632,1.80980678359921,-0.372458622865781,0.446356055815704,0,0,0.297424076831578,0.177042025786176,-0.30399523644713,0.120213596552568,3
61,0.921107472462042,1.02253037456309,0.712150000270736,0.446356055815704,0,0,0.583272822742754,0.177264308627033,0.0333477476381138,0.215256294247559,4
61,1.10449538553141,0.482015700804061,-0.144557396653546,0.446356055815704,0,0,0.036087895471873,-0.0389423860919699,-0.47306740607155,-0.0851395742418304,5
61,1.31705864840726,1.39604821879016,-1.68447683596452,0.446356055815704,0,0,0.383920555444526,0.421555472968045,-1.01729124042672,-0.85021712663281,6
61,1.57130098243525,1.26215967508308,-0.519563464050989,1.45779612357549,0,0,0.326367425693004,0.308127254069472,-0.220102717553692,-0.615618344017819,7
61,1.98392378684132,-0.375782021404828,0.24998233047635,1.45779612357549,0,0,-0.413206510053223,-0.0483922712283374,0.603380281381601,0.0380703375226768,8
61,2.18815123548675,2.45254161605727,-1.32103694756827,2.18058837996438,0,0,0.7284941142923,0.360334329202417,-0.817732749649353,-1.15303125888723,9
61,2.40071449836261,2.54587744765733,-0.686277688826805,2.18058837996438,0,0,1.06125559286911,0.521615169072483,-0.538033835845441,-0.381083503424539,10
61,2.58410241143197,1.41000939916096,-1.13348474679836,2.18058837996438,0,0,0.396115088823166,0.198242020174312,-0.728469808392923,-0.800360205242014,11
61,2.90503125930336,1.69059843277756,-0.353261959829417,2.18058837996438,0,0,0.47189486082835,0.304810325676677,-0.0414758642967451,-0.280414152088153,12
61,3.01756475141411,1.16525014957483,-0.055608683090776,2.18058837996438,0,0,0.391376220385071,0.184068591784968,-0.0244901023978327,-0.364403485336894,13
61,3.35933313486157,0.701932083964989,0.0940419563647563,2.18058837996438,0,0,0.672428198402253,0.0702211097783567,-0.154075148189521,-0.0775023369307806,14
61,3.50937779100923,0.0640754059711908,-0.281310690797092,2.18058837996438,0,0,0.0381243023139091,-0.0151191420112665,-0.549480978247569,-0.190024235951862,15
61,3.77612384638285,2.14863404372587,0.251583705262243,3.63036875982697,0,0,0.916990806197496,0.301934940110233,0.182308751939928,-0.42225510307814,16
61,4.1470675796368,1.11088962205957,0.515105254605225,3.63036875982697,0,0,0.236092411519742,0.138122770219021,0.11543617645166,0.118277660583924,17
61,4.25543316463233,0.680746616629614,-1.27988855125261,3.63036875982697,0,0,0.382285021281483,0.0305560925184514,-0.437781547600656,-0.689700659332921,18
61,4.68472759749926,-0.195312376354779,-1.32100678681178,4.38289368850394,0,0,-0.0528280399562871,-0.258157644267733,-0.692201349871656,-0.649556213486574,19
61,4.90145876749032,-0.944431371401451,0.84315435708221,4.38289368850394,0,0,-0.425260045818705,-0.283519267071817,-0.120614293476742,0.546594595047316,20
61,5.08067877344448,-0.0242434515865824,-1.02239027479631,4.38289368850394,0,0,-0.0717544084549774,0.0476430058629378,-0.70160036178406,-0.649430474831512,21
61,5.43078297112236,2.28136174883795,-1.32791554943808,5.34829545718654,0,0,1.31618894479825,0.617204135121252,-0.907786964354071,-0.769438245439973,22
61,5.56832390592438,2.70195004657108,-0.167491562215788,5.34829545718654,0,0,1.24448162300925,0.620883660470771,0.0109962108661439,-0.096521940745705,23
61,5.94760345340875,-0.162614202574577,0.537261391718906,5.34829545718654,0,0,0.0415327392923984,-0.0552926008243505,0.453619230876207,-0.0987997785021284,24
61,6.0934802024412,-0.0274266421602945,1.23138537973975,5.34829545718654,0,0,-0.182602644569501,-0.0261044096969495,0.321979223721118,0.593387355062527,25
61,6.26019648704972,-0.517903619267245,0.21783962514175,5.34829545718654,0,0,-0.187708047936022,-0.255241810305428,-0.00128475841345679,-0.0356194967445023,26
61,6.63114022030366,2.94280594337532,0.351918715723489,6.4759212594139,0,0,1.54285307117575,0.725235229443403,0.489553283716048,0.080841975588276,27
61,6.86454301875558,0.588833211757212,-0.109261454598075,6.4759212594139,0,0,0.403429975779787,-0.123591923691024,0.869142801194769,-0.295535090276446,28
61,7.04376302470973,-0.329035562074473,0.44079891555473,6.4759212594139,0,0,-0.0771592963390606,-0.160717474028049,0.32421709007347,0.2773161271702,29
61,7.31050908008336,0.0240590732497453,0.263017368049604,6.4759212594139,0,0,-0.199661320557324,-0.244776393832575,0.161960106846173,0.16935033086538,30
61,7.60643048526347,2.04430993901265,-0.282716006220232,7.368366390524,0,0,0.587742486915253,0.455153510164974,-0.31767053931526,-0.0401807213701402,31
61,7.88568026198273,0.0243538067068664,-0.515425812112242,7.368366390524,0,0,-0.268847422881444,-0.186008905247093,-0.164214717612839,0.0107587232778633,32
61,8.11074724620423,1.1179793825315,-0.314103222478413,7.368366390524,0,0,0.352081847480924,0.307120415787163,0.0064181588775242,-0.0977641332406534,33
61,8.31914260196487,-1.07555070291861,0.226491567882014,7.368366390524,0,0,-0.520860094570533,-0.205810313017397,-0.288134716403353,0.291419392181501,34
61,8.61506400714498,1.4840417456978,0.235904918322037,7.368366390524,0,0,0.78543656362094,0.364091538524405,0.0240948030873742,0.227559742218548,35
61,8.95266448347723,2.19468079414757,-0.708633884463444,8.81197032510267,0,0,0.95720621787703,0.506725750524598,-0.211661656563638,-0.593185238700704,36
61,9.17356356058351,1.29493497309842,-0.616143720342053,8.81197032510267,0,0,0.386180272742131,0.124133746696114,-0.268311060364557,-0.380237228241272,37
61,9.35695147365287,-0.694280867523147,0.48888651895337,8.81197032510267,0,0,-0.114819367310403,-0.378463211066566,0.331200909445081,0.109202205877683,38
61,9.66537660017863,2.2622761356868,-1.58936190934464,8.81197032510267,0,0,1.18028160128705,0.0996755977969765,-1.01349989162922,-0.843490656938115,39
61,9.84876451324799,0.592177111088196,-2.16427740499843,8.81197032510267,0,0,0.0176126146390994,0.221488835016383,-1.62703471253372,-1.39389005126812,40
61,10.2030366180411,0.394601290415618,-0.54480289487153,9.86674810958346,0,0,0.368338865041004,-0.00252788481594072,-0.276078604347297,-0.257961121625129,41
61,10.3739208097648,0.971848739639033,0.456105600770465,9.86674810958346,0,0,0.419621494473217,0.144608954283376,0.198732908321305,0.104552385710671,42
61,10.5364691872581,0.0334457720150907,0.357141522298655,9.86674810958346,0,0,-0.0378209581950229,-0.0672378401257213,0.656725360666483,0.187481820166728,43
61,10.9282524560881,-0.409247457101324,0.0942529997713838,9.86674810958346,0,0,-0.198529789994229,-0.0386988945676406,0.0941467640283411,0.0963627840774199,44
61,11.0449538553141,2.23994038575624,-1.07816302272604,11.0292039314339,0,0,0.820343362208577,0.436301273306837,0.208641066380738,-0.478958050080919,45
61,11.4325692170289,0.188252248258583,0.381632837903347,11.0292039314339,0,0,-0.0928959922902257,-0.0110372719946108,-0.186779490700018,0.0673535239608778,46
61,11.5034236379875,-1.31174223841823,1.81733408906505,11.0292039314339,0,0,-0.513685752767415,-0.284059218721672,0.740763009402172,1.20215121189296,47
61,11.982732956237,0.232041851125924,0.207058376817201,11.0292039314339,0,0,-0.0432018157369992,0.030289449202906,-0.362354724752569,0.184214412772415,48
61,12.1702887764216,-0.108166340491684,-1.00843924472263,11.0292039314339,0,0,-0.0675357837201911,-0.0643026036277356,-0.914108778627144,-0.504245209767343,49
61,12.4286990175648,0.743621475606788,-0.200390026487439,12.1735189655832,0,0,0.206572507050794,-0.0657577055661402,-0.418787917560112,-0.0172610746319902,50
61,12.7287883298601,-0.27770895970359,0.398318965608833,12.1735189655832,0,0,-0.0869509963823552,-0.193521255942899,0.379104151251156,0.0209621411176268,51
61,12.8871688002382,-2.23619315822028,1.35171395256162,12.1735189655832,0,0,-0.724098359912886,-0.635492996316371,0.540834605418419,1.00764990216934,52
61,13.0705567133075,-0.279520006378568,0.488743713403771,12.1735189655832,0,0,0.0785008999772941,-0.205040045337818,0.720466433450695,0.16192036531041,53
61,13.3956534682941,1.55806262751233,-1.09672383716862,13.1145467140963,0,0,0.715351887542167,0.281561392125329,-0.511878544748996,-0.763436399117988,54
61,13.7290860375112,-0.0420154901277848,-0.166810663892447,13.1145467140963,0,0,0.0535715547096676,-0.153581380800665,-0.0778249916464799,0.233949958576741,55
61,13.8082762727002,0.00174067720949317,0.582029228060945,13.1145467140963,0,0,-0.0793739498530249,-0.160530078149369,0.807589454517646,0.553050328417086,56
62,0,0.99155661596006,0.608294395133842,-Inf,0,0,0.46351383398643,-0.0577891893480629,0.861868422489061,-0.291478563978226,0
62,0.17505209883894,0.923230236885538,-0.325459883877262,-Inf,0,0,0.660223460854597,-0.178970682055346,-0.00430617497440153,-0.497019381545035,1
62,0.308425126525752,1.18688593991018,-0.996960880193773,0.271289631910622,0,0,0.773178059637966,0.304258258878351,-0.510072991306224,-1.25030383091294,2
62,0.696040488240548,0.630143069020787,-0.734421098811076,0.271289631910622,0,0,0.738185400418639,-0.0717225710661663,-0.0968639283164474,-1.02169261103358,3
62,0.97529026495981,0.924234143571946,-1.7664016994513,0.271289631910622,0,0,0.815679315582067,0.0234517375404736,-0.646245428198602,-1.35226487109291,4
62,1.17118189937481,2.1396037544708,-0.732841356876115,0.999879243362767,0,0,0.97915783358746,0.266567613959239,-0.5332647421593,-1.0432200669093,5
62,1.41708841917237,1.92501952915241,-1.88149403685834,0.999879243362767,0,0,1.18249347874179,0.20803251356008,-0.783535341648954,-1.39915381241847,6
62,1.67549866031557,0.0404043986941732,-0.954931621036559,0.999879243362767,0,0,0.399700276225507,-0.325366436395974,-0.848996299404111,-1.01711868931616,7
62,1.98392378684132,0.139384492548154,-0.307073147088572,0.999879243362767,0,0,0.466147640450852,-0.268972688504671,-0.18649791751097,-0.784514541387405,8
62,2.01726704376302,0.0368892707238333,0.475687615954401,0.999879243362767,0,0,0.476834446905051,-0.537065260585132,0.319693443112091,-0.215157595682698,9
62,2.46740101220601,0.738578207844745,-2.00405007583696,2.25632210571426,0,0,0.940205216070277,-0.0767711969312493,-0.719809071289645,-1.90692616463158,10
62,2.65078892527538,1.11628815205218,0.786711680681115,2.25632210571426,0,0,0.423777058496866,0.0415608815903425,0.218298780891634,0.0176348705014131,11
62,2.90919916641858,1.04823726644612,-0.661564078368996,2.25632210571426,0,0,0.451512804741904,-0.0252947130833438,-0.411523214716174,-0.650647836290638,12
62,3.1759452217922,1.41171523152629,-1.77897580322479,2.25632210571426,0,0,0.940450020000009,0.412807382742876,-0.637423101678441,-1.91387767177213,13
62,3.4343554629354,2.00906987618204,-1.74177482604221,3.33697400763094,0,0,1.26265522709116,0.313581181811199,-1.08353669815856,-1.31200710495494,14
62,3.59273593331349,1.50123265172511,-1.76187932850041,3.33697400763094,0,0,1.0801194832199,-0.120382067107696,-0.903390559236301,-1.75851255119368,15
62,3.75111640369157,1.1243634001926,0.191700178460118,3.33697400763094,0,0,0.914418767930024,0.121973917006249,0.242110295274396,-0.490141621729742,16
62,4.12622804406073,-0.47604171223726,1.02322599743804,3.33697400763094,0,0,0.545996636255638,-0.38336547121269,0.630511858678521,0.0507195021704198,17
62,4.28460851443882,-1.59180533842824,0.853134769121271,3.33697400763094,0,0,0.0378333737845489,-0.574132250864194,0.510175002470298,0.169202461576254,18
62,4.63054480500149,-0.411691711125652,0.782160330386643,3.33697400763094,0,0,0.41887578688938,-0.625951985859861,0.404185726038457,-0.0577474224559125,19
62,4.75141411134266,1.86385552308172,-0.691740575206893,4.68222508811607,0,0,1.0901559782762,0.095040400828929,-0.196550087584623,-0.651640575838887,20
62,5.07234295921405,1.67655117144551,-0.542810414819563,4.68222508811607,0,0,0.844491699553986,0.0152242035958745,-0.0936124590492014,-0.753743313479806,21
62,5.40994343554629,1.28184963953214,-1.03040594512116,4.68222508811607,0,0,0.87512735863838,0.0907207024263641,-0.442987662897295,-1.065282040449,22
62,5.53498064900268,2.03926486439195,-1.80946070401315,4.68222508811607,0,0,1.06828927216305,0.300564464734435,-0.500932950037997,-1.46615868459088,23
62,5.81839833283715,2.65147356753544,-1.7132785361772,5.64044370701572,0,0,0.942135836423359,0.554963985933345,-1.00137213309663,-1.64306093639429,24
62,6.09764810955642,1.04575276884298,-1.89538835786347,5.64044370701572,0,0,1.01271883083538,-0.0407932661844413,-1.08113705681207,-1.8186161845543,25
62,6.3518904435844,0.927369681105619,-0.0395356254120138,5.64044370701572,0,0,0.738688808675295,0.012918836321129,0.120238836970883,-0.688424367647781,26
62,6.66448347722536,2.95800769875374,-1.5354331544788,6.4348949266723,0,0,1.32476233945406,0.411386511107059,-0.806880890986597,-1.38340254659805,27
62,6.88121464721643,-0.672935500870866,-1.29996478538564,6.4348949266723,0,0,0.0115979634004436,-0.390044265071805,-0.737718717786973,-1.87066564196262,28
62,7.13128907412921,-0.841626224289634,1.39822825501266,6.4348949266723,0,0,0.279838035967731,-0.398024701888013,1.10356654934593,0.269002806921941,29
62,7.48139327180709,1.08092066678905,-0.154852536842187,7.23150245839408,0,0,0.856839550873181,0.013980900337386,-0.00681100281317726,-0.35033010769345,30
62,7.60643048526347,0.783904360569156,-0.7876082231553,7.23150245839408,0,0,0.766137213664889,-0.276101623937189,-0.703933121691922,-0.985834055676882,31
62,7.82316165525454,0.409029759865626,1.48693955670412,7.23150245839408,0,0,0.370191739760046,-0.241391494213621,-0.148019053497732,0.115292610476786,32
62,8.09824352485859,0.271475560102555,0.139371769493135,7.23150245839408,0,0,0.54800637165235,-0.211347237695586,-0.109525591178508,-0.0366920497655586,33
62,8.31914260196487,1.96965339094021,-1.06042258177998,8.17447316684724,0,0,0.873315606952618,0.0318550180161656,-0.8994347736731,-0.808599899664029,34
62,8.64840726406669,-0.122840330764982,-0.531618798668672,8.17447316684724,0,0,0.448912933833671,-0.25549223187724,-0.918984224820963,-0.991694540481018,35
62,8.79845192021435,-0.618248420952411,0.359642240642558,8.17447316684724,0,0,0.12992017526986,-0.440181307893748,0.0966092270439114,-0.140085315036382,36
62,9.05269425424233,-0.124328568576212,0.157198246821635,8.17447316684724,0,0,0.306429012718914,-0.183059876770066,0.3087643170783,-0.743417034477047,37
62,9.31527240250074,-1.83129297568059,0.142424422885133,8.17447316684724,0,0,-0.436759681240039,-0.688351304755791,0.0941012067428921,-0.605942731481062,38
62,9.63620125037214,1.82836867180091,-0.332655637927929,9.48355353098148,0,0,0.476085145581695,0.12388822653596,-0.973203500638641,-0.668222639871617,39
62,9.79874962786544,1.43583845401953,0.652006473024069,9.48355353098148,0,0,0.820397891259214,0.149791559130921,0.0423204572111087,-0.246597582912377,40
62,10.103006847276,0.401326949125832,-0.483441153925415,9.48355353098148,0,0,0.388330456146127,-0.281341730826314,-0.466552790369719,-0.799881290902913,41
62,10.4572789520691,1.16108771069992,-1.18021579533088,9.48355353098148,0,0,0.916089927019694,-0.0500508968096226,-0.623609157140842,-1.0874709419518,42
62,10.5406370943733,1.63050004493717,-1.28464563725554,9.48355353098148,0,0,0.876247298784212,0.380278709188369,-0.821955403053663,-1.51160991115267,43
62,10.9991068770467,2.50817280458648,-2.50193332465616,10.9827717721749,0,0,1.50736753386432,0.540595480603388,-0.985017052492934,-2.00118034905742,44
62,11.1574873474248,3.18342718479033,-0.244502083512549,10.9827717721749,0,0,1.7187658210261,0.618426791801841,-0.22794893457898,-0.632486204446298,45
62,11.2908603751116,0.876961768626877,-0.427239937890435,10.9827717721749,0,0,0.917148048859804,-0.136874239368216,-0.68266783789059,-0.662843061236952,46
62,11.6659720154808,0.665179782474412,-1.47117204662427,10.9827717721749,0,0,0.66391932535359,-0.1924404235798,-0.306548144788209,-1.41020547623393,47
62,11.9410538850848,1.52662057860374,-0.475688718034913,11.746089171063,0,0,1.2466338013564,0.053303853903727,-0.108105310211807,-0.471742576588568,48
62,12.0244120273891,1.0948121494687,-1.01724666721416,11.746089171063,0,0,0.408874684803217,-0.19108928860123,-0.441058624442009,-0.773389466171141,49
62,12.3203334325692,0.33443826357821,-1.8950480350211,11.746089171063,0,0,0.470040545610736,-0.18754054833494,-1.01061159369621,-1.64936826544404,50
62,12.7037808871688,-0.921726003726187,0.348996370259268,11.746089171063,0,0,0.163684748019893,-0.317734273549022,-0.204003881600212,-0.346082575186116,51
62,12.8621613575469,1.8305307830354,-1.65219697628636,12.7074671015161,0,0,0.965740292369783,0.250884805668052,-1.21191052147921,-1.4081741283326,52
62,13.0705567133075,-0.0720937434493298,-0.414574209806627,12.7074671015161,0,0,0.244041465258676,-0.248236069354818,-0.401043671599384,-0.694816074444985,53
62,13.3331348615659,-1.76957544070834,-0.17002632471465,12.7074671015161,0,0,-0.116144921911574,-0.528357031735567,-0.0769730017612974,-0.544532827500972,54
62,13.5540339386722,-0.931360934247149,1.08606414629361,12.7074671015161,0,0,-0.0829078679789646,-0.27150558956841,0.515081869013708,-0.0183433777381666,55
62,13.8958023221197,0.959721305161307,-0.553605756135063,13.6606136553106,0,0,0.684567520729089,0.150737735239222,-0.652107303523832,-0.510983253441006,56
63,0,-0.193086884710966,0.081164384525933,-Inf,0,0,-0.0488093557748633,-0.588483722827265,-0.0980358035482205,-0.432354391233855,0
63,0.220899077106282,1.32141172739704,0.0551374808014976,0.00227622451493517,0,0,0.868118824308526,-0.314157429854468,-0.750611066521331,-0.66988093284552,1
63,0.479309318249479,-0.217418453763332,1.04819309215459,0.00227622451493517,0,0,0.374338080592147,-0.443262886514635,0.49612013259271,-0.114669961434837,2
63,0.504316760940756,0.565046152655903,0.448783847429315,0.00227622451493517,0,0,0.880161747389548,-0.264882501610803,-0.695534222821163,-0.282374414607492,3
63,0.925275379577255,-0.990670340559741,0.159266425611813,0.681811411607151,0,0,-0.411620912246812,-0.726622744136416,-0.608047454967288,-0.460142587978515,4
63,1.18368562072045,0.454039841488771,0.814413487073088,0.681811411607151,0,0,0.567319371301525,-0.567883107688253,-0.13794009816129,-0.324059518411576,5
63,1.26704376302471,-0.255823911643887,0.16569235742326,0.681811411607151,0,0,0.373772222157693,-0.6379199822874,-0.380533736470429,-0.632705975937892,6
63,1.67549866031557,-0.784313188974876,0.354502502949679,0.681811411607151,0,0,0.0173762308155439,-0.714766844720972,-0.119081271472841,-0.238104346908747,7
63,1.89639773742185,0.80242619360029,0.135934062524161,0.681811411607151,0,0,0.481168578135398,-0.191155052147868,-0.451278895639346,-0.377600248420663,8
63,2.19231914260196,1.98087902274922,-1.29702755875071,2.06835582365389,0,0,1.27357753752085,0.0511488509232011,-0.945314129429266,-1.24847418418038,9
63,2.42572194105389,1.75172542922257,-0.858223205610242,2.06835582365389,0,0,0.890021258076684,-0.337272488034872,-1.26903738607796,-1.30705259406195,10
63,2.52575171181899,0.606606969726477,-0.380788308451385,2.06835582365389,0,0,0.638079997967877,-0.503720693705034,-1.3845817793141,-0.88114410944528,11
63,2.7549866031557,-0.238583553489883,-0.140529882197011,2.06835582365389,0,0,0.378873160501704,-0.519699447821063,-0.517555694521699,-0.771409999797796,12
63,3.20095266448348,0.0286821530435926,1.51794787846398,2.06835582365389,0,0,0.0293006244350312,-0.61582170824234,0.128920230595124,0.291202891730952,13
63,3.3384935992855,0.521318484814349,-0.544910050247618,2.06835582365389,0,0,0.46559492637572,-0.292385872164741,-1.0748574076689,-0.761233640467055,14
63,3.6927657040786,1.87624731674018,0.662503175893927,3.64024666884842,0,0,1.05188459943676,-0.268030048081955,-0.114245346333409,-0.513567826330234,15
63,3.99702292348913,1.05212669948525,-0.52534855473781,3.64024666884842,0,0,0.477927255648709,-0.140628163406195,-0.704260975924201,-0.882355518345257,16
63,4.18457874367371,-1.89299722188168,1.67523256147946,3.64024666884842,0,0,-0.40015427601613,-1.06345151521912,0.320611728643164,0.512774234699277,17
63,4.32211967847574,0.117705126936471,0.701241706111894,3.64024666884842,0,0,0.52593090641499,-0.488639323817054,-0.23163829181504,-0.19805519756431,18
63,4.56385829115808,1.28047500471073,-0.556013445689571,3.64024666884842,0,0,0.814316204389257,-0.222294771810242,-1.19950596029736,-1.33026033324396,19
63,4.7639178326883,2.19549646800239,-2.09943624599771,4.657115259643,0,0,1.1944873044876,0.103943147083123,-1.38990474942901,-1.58629680600307,20
63,5.24739505805299,1.36509132418022,-1.11804581870318,4.657115259643,0,0,0.889189490680556,-0.169414083089735,-0.883959032988987,-1.0460995269763,21
63,5.45995832092885,1.27434213298043,-0.155252643138764,4.657115259643,0,0,0.677953293588926,-0.207661700319429,-0.43019541302119,-0.737019798844173,22
63,5.70586484072641,1.19590499441689,-0.968799881901268,5.46320630564856,0,0,0.910699766195809,-0.257710751028909,-0.582738359938507,-1.2902841441798,23
63,5.95177136052397,-0.966408621251416,0.616595272184248,5.46320630564856,0,0,-0.231336350630408,-0.835593265559834,-0.427769060455229,-0.230485055323965,24
63,6.14766299493897,0.12136106242316,0.881624343501425,5.46320630564856,0,0,0.291011751131812,-0.400093067510994,-0.0940628090476288,-0.0198191702098197,25
63,6.39356951473653,1.56463704744051,-0.881133666177909,5.46320630564856,0,0,0.874090401783344,0.0289419375864004,-1.37502622725398,-0.877855929774575,26
63,6.63947603453409,2.55960656689357,-0.187042972024214,5.46320630564856,0,0,1.26531515363071,0.068721427320435,-0.574531710546598,-0.340480845607652,27
63,6.7728490622209,4.50949753255664,-2.05311231469436,6.66800925162478,0,0,2.0235636891836,0.578269658323075,-1.83930151830429,-1.93585672829077,28
63,7.1604644239357,0.618332713334894,-1.18122588733365,6.66800925162478,0,0,0.428581840737886,-0.328109090823063,-1.82126354298379,-1.06057766479359,29
63,7.36052396546591,1.13339520933147,0.146929138224274,7.22315276624778,0,0,0.494095768040675,-0.328804973002968,-0.514174947684849,-0.379320405142627,30
63,7.74813932718071,0.612599399735392,-0.260434957785984,7.22315276624778,0,0,0.470965912841197,-0.361755899993051,-0.683660400399168,-0.578524339684803,31
63,7.95653468294135,0.372591176150952,-1.32760720040758,7.22315276624778,0,0,0.124911660417325,-0.522100636423506,-0.989466214274443,-1.65746539081314,32
63,8.00654956832391,0.521483310670785,-0.700292468562962,7.22315276624778,0,0,0.503827830160774,-0.438848457216014,-0.865578400816861,-1.01790376036973,33
63,8.28996725215838,1.0516315176414,1.27589644998318,7.22315276624778,0,0,0.60803164748693,-0.366272782004951,0.0325793153565317,0.350705788371585,34
63,8.68175052098839,2.29925350920051,-0.424385793933052,8.44021018793305,0,0,1.06819514564537,0.0644532101231624,-0.548581569134321,-1.34092434074939,35
63,8.76094075617743,2.71869128179932,-0.988814357881951,8.44021018793305,0,0,1.2193099243637,0.238274384654167,-1.18341592671895,-1.10327906058463,36
63,9.1068770467401,0.375440650632789,-1.05022592880234,8.44021018793305,0,0,0.531771092696859,-0.639553894482634,-0.475111893377962,-1.28346951748879,37
63,9.28609705269425,0.205208788874032,0.1489285956309,8.44021018793305,0,0,0.284581939685898,-0.405892030418162,-0.521822716717692,-0.545365389882654,38
63,9.69455194998512,-0.35928346234796,0.5282116635281,8.44021018793305,0,0,0.134750117098505,-0.582181541977115,0.1273777438411,-0.22683972347993,39
63,9.89461149151533,0.233776552582502,-0.868419644234594,8.44021018793305,0,0,0.583057271402549,-0.36324337567202,-1.01517300414174,-0.982231860765583,40
63,10.2197082465019,0.367635644065838,-0.0489929449095927,9.89658888369584,0,0,0.335898516080844,-0.541260773035953,-0.47986538004645,-0.68410889304976,41
63,10.4281036022626,1.28597623432612,-0.574972135219596,9.89658888369584,0,0,0.744920249209208,-0.0594016244747344,-1.15555742051502,-1.05780771357116,42
63,10.553140815719,-1.91453141722911,0.691134256858553,9.89658888369584,0,0,-0.790880912392077,-0.775730506419941,-0.0429541261337089,-0.146494621095399,43
63,10.8073831497469,1.14402135155564,-0.178574489845039,9.89658888369584,0,0,0.839263104704834,-0.270321513161288,-0.912718742206263,-0.891882004498447,44
63,11.1283119976183,1.48082884160874,-1.90347373582351,10.9747560211278,0,0,1.0463059678584,0.015977490002694,-1.96831845016598,-1.68780868740095,45
63,11.2533492110747,1.06836350127407,-1.72995901422888,10.9747560211278,0,0,0.837766720566697,-0.183355319417658,-1.36608354598285,-1.80183487848955,46
63,11.6659720154808,0.436588731718127,0.0465734013196022,10.9747560211278,0,0,0.805748343969908,-0.473375612800876,-0.229133847447641,-0.623330750456672,47
63,11.8785352783567,0.595926448306001,-1.46746514590614,11.781169556667,0,0,0.696640935421806,-0.322542823040988,-1.23705351027189,-1.61243708325298,48
63,12.1452813337303,1.34140950143776,-1.29998055578245,11.781169556667,0,0,0.853881763482598,-0.203066891383262,-1.02705650012114,-1.18000951302414,49
63,12.2703185471867,0.824018749962886,-0.609316905805379,11.781169556667,0,0,0.654257640824916,-0.376747330131557,-1.38862637422654,-1.09707851842605,50
63,12.6704376302471,0.53530414508973,-0.226985734450028,11.781169556667,0,0,0.553605214387195,-0.585992039160194,-0.345003864485646,-0.955437078740844,51
63,12.9496874069664,-0.709833789670146,0.181693414320417,11.781169556667,0,0,0.288617327687236,-0.722832623052587,-0.501477802598424,-0.729217622711119,52
63,13.158082762727,2.6042941369381,-1.57456224110763,13.131154126699,0,0,1.21973077775181,0.0384533725165851,-1.44939457153632,-1.44545608118315,53
63,13.4748437034832,1.58144302805665,-0.817273033512393,13.131154126699,0,0,1.03418730133027,0.102405350160937,-1.19942265753534,-0.904227590459446,54
63,13.5873771955939,2.23690383772712,-1.07448919415379,13.587340293068,0,0,1.11291243848646,-0.017090488863928,-0.922229011765644,-1.064710139038,55
63,13.8499553438523,1.02334272422586,0.458795249711075,13.587340293068,0,0,0.934077711763415,-0.165160542063837,-0.769705362117556,-0.378524072329546,56
64,0,-0.657694452868354,-0.133024060924709,-Inf,0,0,-0.472954807085953,-0.292278279187777,0.393380466667931,-0.510032223504008,0
64,0.216731169991069,-1.02147624081925,-0.747372126311377,0.166883682296611,0,0,0.191685183708216,-0.235726404620285,-0.361782217451864,-0.0381313792605842,1
64,0.366775826138732,0.499855890259228,-0.460888120658016,0.166883682296611,0,0,0.385271553533241,0.0944805570733178,0.142126796024207,-0.388357909676837,2
64,0.512652575171182,-0.156527843283178,1.71778730604922,0.166883682296611,0,0,0.187885325497654,0.0233528392410797,0.799816892856279,0.57241392895516,3
64,0.912771658231617,1.15800499764677,-0.411587917748275,0.166883682296611,0,0,0.515983813575257,0.205678767252579,0.478501732871732,-0.554963554544111,4
64,1.07948794284013,3.08785346005047,-0.79263622550452,1.07798957435701,0,0,1.02013081639738,0.697359983405453,0.366583375854732,-0.434516375270029,5
64,1.25454004167907,-0.956112143049391,1.62905124104759,1.07798957435701,0,0,-0.106807555898974,-0.43475444462863,1.12082629936275,0.523352039030273,6
64,1.54629353974397,0.569137784020429,-0.679100488641873,1.07798957435701,0,0,0.0686223222862819,-0.0293001851675171,0.24610875655663,-0.390791268753357,7
64,1.81303959511759,1.1246922747503,0.524494032198134,1.07798957435701,0,0,0.794177942053123,0.175459988645047,0.688087075882756,0.389999669727348,8
64,2.2048228639476,1.39959522597751,0.0882833007399053,1.07798957435701,0,0,0.311312290631745,0.392158932527904,0.650301538700733,0.0410787788802219,9
64,2.35903542721048,4.1679000592196,-2.59824849783969,2.33440457316689,0,0,1.76550082176965,1.02101132516262,-0.354979274794154,-1.89020520758643,10
64,2.66746055373623,0.982821328265618,-0.380312619880509,2.33440457316689,0,0,0.49196922147678,0.14887938628669,-0.231168270281029,-0.505358027768043,11
64,2.9800535873772,0.721242373338542,-1.08266373537756,2.33440457316689,0,0,-0.0384462852495881,0.298520623221291,0.745379060801892,-1.0509477134794,12
64,3.05924382256624,1.09600476804185,-1.61594606744478,2.33440457316689,0,0,0.475904810408978,0.239448582636445,-0.226268048433178,-1.09225885181221,13
64,3.4343554629354,1.85330462606677,-1.49116928535971,2.33440457316689,0,0,0.829535363826523,0.554518853285852,-0.205173826173576,-0.979876795753419,14
64,3.55939267639178,2.24835058538573,-2.75930697445551,3.47361395519155,0,0,1.11495003782525,0.562043074409744,-0.914890809181636,-1.74791392755725,15
64,3.82613873176541,0.186406264479828,0.2385966508189,3.47361395519155,0,0,0.324011101082273,0.0873440416067792,0.652932274922407,0.190981850015908,16
64,4.18874665078893,-0.150714808292119,-0.34475360973515,4.02947814899246,0,0,0.132926681118774,-0.0399743845707458,0.193925014524755,-0.20958437189667,17
64,4.45966061327776,2.76562954682872,-2.59664870266639,4.02947814899246,0,0,0.958337829047704,0.664334668231508,-1.17858410430391,-1.61854343327005,18
64,4.73474248288181,1.23707345366349,-1.90222470090661,4.02947814899246,0,0,1.20981809206703,-0.0161672447437057,-0.33401704098718,-1.41904529782892,19
64,4.78892527537958,0.191931357460141,-1.66228708555779,4.02947814899246,0,0,0.200009654326159,0.0771102539637268,-0.37001608463728,-1.06259058409133,20
64,5.19738017267044,1.91183781594247,0.340778811769203,4.02947814899246,0,0,0.82775461083132,0.384873087761552,0.541927706945443,-0.370343207448823,21
64,5.48079785650491,-0.087956871185919,1.04517760423349,4.02947814899246,0,0,0.160880115659345,-0.0240624310358672,1.25845361858995,0.719892392901908,22
64,5.67668949091992,2.42879810213656,-3.29638213025559,5.62088899702335,0,0,0.558985627508365,0.557900170038664,-1.31429016421085,-1.75457799466903,23
64,5.9309318249479,-0.229289121838064,-0.335923992719571,5.62088899702335,0,0,0.182869473823318,0.0539545869660031,-0.111580807633848,-0.614795968906375,24
64,6.01012206013695,-0.878603960832529,1.36092348646432,5.62088899702335,0,0,-0.339196860841064,-0.0751829760847353,0.962399095221161,0.907507883029403,25
64,6.33105090800834,-3.27717996128872,2.06237848170509,5.62088899702335,0,0,-1.09751802986158,-0.853320880453318,1.1348112862072,1.10818417448879,26
64,6.51860672819291,0.845817986395787,0.204967913882235,6.38924528638689,0,0,0.126048382688574,0.154972019807899,0.489066375871965,0.174773058917919,27
64,6.97707651086633,-1.02570903482177,0.370781001096469,6.38924528638689,0,0,-0.479149009851224,-0.19729719643393,1.30999240054255,0.0438159610497858,28
64,7.21047930931825,0.413289841684026,-0.56278234348517,7.18985111039275,0,0,0.171087311189748,0.145784006375685,-0.249165478361859,-0.273448951220078,29
64,7.43554629353974,0.6393896537287,0.160131625597842,7.18985111039275,0,0,0.0309045332397463,-0.0230856097414226,0.467202155202632,0.226147918148884,30
64,7.73563560583507,0.0944472119247383,-0.11864543218267,7.18985111039275,0,0,-0.261370076776005,-0.192050406442238,0.486977869046554,0.191257429164826,31
64,7.79398630544805,0.286035212433101,-0.374788772774476,7.18985111039275,0,0,0.355660585007215,-0.05994818542671,0.405566568981248,-0.14121441388634,32
64,8.09824352485859,-0.654841487802333,0.32920450695378,7.18985111039275,0,0,-0.250297607644312,-0.195528748505892,1.07260918792723,0.324030718105487,33
64,8.28579934504317,-0.490156442084364,0.126506682428352,7.18985111039275,0,0,0.0787896744071441,-0.215205787614798,1.48304957886981,-0.384686407168931,34
64,8.70675796367967,0.455170658212586,0.538723300398116,8.37510198960976,0,0,0.548239119189112,0.0415909034154391,0.862682312941687,0.124708668076539,35
64,8.82762727002084,-1.28665247666744,-0.803670263741843,8.37510198960976,0,0,-0.491115781561002,-0.441373781214044,-0.051929715699961,-0.821062853950948,36
64,9.24025007442691,-0.490540700138246,-0.122781911402023,8.37510198960976,0,0,-0.327709976649044,-0.0562973716991312,0.563225352187074,-0.0136820278221478,37
64,9.3652872878833,-2.09200660145078,-0.479654304187362,8.37510198960976,0,0,-1.12860817683923,-0.6699334073259,0.101759296600174,-0.819199072383255,38
64,9.61952962191128,0.52461488047519,-0.498713673417327,8.37510198960976,0,0,0.284518868051903,-0.0916866543976654,-0.161629236612581,-0.684200388452856,39
64,9.94045846978267,1.9777033429492,-0.99091404602514,9.90540787440975,0,0,0.856483310302739,0.482126336128,0.0806837476329364,-0.598079883055731,40
64,10.2072045251563,1.40157561748989,-0.694713127731892,9.90540787440975,0,0,0.512946824396224,0.196778413487545,0.26829658033285,-0.448803073413744,41
64,10.4822863947603,-0.428725389075494,0.490197584136941,9.90540787440975,0,0,0.253837326436746,-0.197213685914049,0.788978138351068,0.451601151288735,42
64,10.632331050908,-0.0578092796769937,0.535278783029154,9.90540787440975,0,0,0.0748883083414719,-0.152139344442209,0.678528554410591,0.33010348149701,43
64,10.8032152426317,1.00272254032581,-0.234974292394822,9.90540787440975,0,0,0.493237284176151,0.0704092248212129,0.314694129877299,-0.0466682799264239,44
64,11.1574873474248,2.84387602184348,0.523650208104294,10.9975752171183,0,0,1.03786843038326,0.62049649238303,1.36411727180951,0.129575631629376,45
64,11.3242036320333,1.31136756715666,-0.792731892845209,10.9975752171183,0,0,0.24752470944669,0.130301657430642,0.0876223464407917,-0.808623895752125,46
64,11.728490622209,0.553952244351779,0.101374993014334,10.9975752171183,0,0,0.448752673304127,0.0600705513944765,1.26444094754807,0.0317619391568657,47
64,11.9077106281631,-1.35129689086134,0.519817661252836,10.9975752171183,0,0,-0.490758629954199,-0.490383773247023,0.156676006630082,0.26632180711893,48
64,12.2203036618041,2.23416805661312,-1.56664498364554,12.115657725538,0,0,0.944070342938692,0.638768268884848,-0.0792856256252301,-0.708679384121628,49
64,12.4078594819887,0.444793231127344,-0.0686101091108605,12.115657725538,0,0,0.172170711937331,0.113855680852491,0.640012788482083,-0.129180951188827,50
64,12.6787734444775,1.26095256302079,-0.421680005767536,12.115657725538,0,0,0.492556104454991,0.292374198959977,0.648385160267235,-0.450491470206229,51
64,12.7621315867818,1.6050347143883,0.748926503000351,12.115657725538,0,0,0.7803471480174,0.221089424067004,0.863748836438734,0.589240023999105,52
64,13.041381363501,2.55149933407267,-0.44677119759386,12.7699079098198,0,0,1.1781661781639,0.574735894671923,0.00334850471022966,-0.583957192626314,53
64,13.4289967252158,0.948159247940785,-0.695410016864674,12.7699079098198,0,0,0.916315378192314,0.251758805982019,-0.139619206564755,-0.382727423354391,54
64,13.6123846382852,0.368557859717974,1.32534013466466,12.7699079098198,0,0,0.33575118453985,0.0076649258997275,1.57138829988632,0.537351319080139,55
64,13.7916046442394,-0.0201416298931053,0.61836820730608,12.7699079098198,0,0,0.474841977588388,-0.194142391682942,0.675110237731598,0.370467728709593,56
65,0,-2.44775211389165,1.90081678243916,-Inf,0,0,-0.532675895202498,0.30224598173791,0.883946938527155,1.09869279284924,0
65,0.17505209883894,-0.716768844930621,-0.294317296756056,-Inf,0,0,0.368308852645191,0.760523509251325,0.340443976805902,0.020377378275905,1
65,0.416790711521286,0.671821050644554,-0.721498909517087,0.242885544605087,0,0,0.341903384983779,0.919179905547893,-0.403370224755427,-0.921516841146025,2
65,0.533492110747246,0.0137586001859393,-0.36770481181222,0.242885544605087,0,0,0.656735006769594,0.665365914109197,-0.255982495337039,-0.494250424149288,3
65,0.771062816314379,-0.606840530687265,1.97014832995217,0.242885544605087,0,0,0.271206471248595,0.878842806461588,0.958438277220325,1.22140087348913,4
65,1.22953259898779,-0.563811207477006,-0.84436200831212,0.913911396775466,0,0,0.414534763599329,0.702331874908176,-0.412189527451825,-0.751329845611397,5
65,1.36290562667461,0.874609817940571,-0.869673278078447,0.913911396775466,0,0,0.561758085389285,1.2337088611655,-0.664535622636506,-0.678438073681966,6
65,1.66299493896993,0.612957570713267,-1.18847866174008,0.913911396775466,0,0,1.06251396780217,1.06752444968401,-0.702211104873414,-0.871403491341695,7
65,1.76302470973504,1.88065856025624,-2.47978848443187,0.913911396775466,0,0,1.40886093170685,1.55051045796421,-0.267031848595515,-1.57047887790067,8
65,2.09645727895207,3.68176708802001,-2.61202367018174,2.01956913289256,0,0,1.58128459320288,1.77469152683389,-1.36401013570629,-1.6361996440562,9
65,2.4298898481691,2.34256949770938,-2.22209053721817,2.01956913289256,0,0,1.3738520847796,1.47513177028451,-1.56901679363854,-1.47776859456278,10
65,2.55075915451027,1.60871030883755,-2.14443986839231,2.01956913289256,0,0,1.27546208518076,1.21222651242817,-1.25248563603307,-1.33101814817857,11
65,2.95087823757071,1.09989859852086,-0.998717908190687,2.84345255330599,0,0,0.94311733929269,1.19760334187928,-1.01665992700679,-0.627523775865529,12
65,3.15510568621614,0.390189557687028,-0.891458965528132,2.84345255330599,0,0,0.372459622100646,0.903382793955983,-0.332742918169063,-0.788012939751531,13
65,3.43018755582018,1.258432800677,-0.64915803528257,2.84345255330599,0,0,0.700305021341161,1.2062724221142,-0.348228413142042,-0.149990445756412,14
65,3.67609407561774,-0.778557579048628,-0.917328594714638,2.84345255330599,0,0,0.345353899382957,0.52384712000954,-0.300125101224546,-0.967281232795649,15
65,3.76778803215243,-0.866741855464989,-0.559375306636496,2.84345255330599,0,0,-0.0264790998690587,0.773882235606795,0.111488695015429,-0.585843862665713,16
65,4.13039595117595,-2.01553161550363,1.15914966703043,2.84345255330599,0,0,-0.206031272681898,0.199266218237099,0.826639845687215,0.756502373766349,17
65,4.28460851443882,-0.140077466326128,2.00560794147195,2.84345255330599,0,0,0.551387378942628,0.986686047585277,1.28058343323649,0.834205558184372,18
65,4.70139922596011,0.0245313671397904,-0.0867046763320739,4.288056805583,0,0,0.380133863094579,0.910068082831579,0.148627666539596,0.122488383923526,19
65,4.77642155403394,0.339549357240143,1.14710239366283,4.288056805583,0,0,0.545434282746735,0.979467899045458,0.365364133069629,0.413371813178824,20
65,5.17654063709437,1.45334658308723,-0.613711410715705,4.99531434501091,0,0,1.41763326301777,1.26755856752228,-0.16082300841281,-0.764179465186484,21
65,5.42244715689193,-0.144799711368434,-0.129634307995106,4.99531434501091,0,0,0.337966193944907,0.909765642205484,-0.272244197055242,-0.209515620739038,22
65,5.68502530515034,-1.61271359312904,-0.11945937923639,4.99531434501091,0,0,-0.12582322192598,0.327659440643067,0.4685492119723,-0.28219900556965,23
65,5.89342066091099,-0.00457320350029423,-1.10525290345549,4.99531434501091,0,0,0.450087305595025,0.897877801440184,-0.195687746211495,-1.00699458762526,24
65,6.1559988091694,2.08321723964581,-2.20438621609779,4.99531434501091,0,0,1.22423327438039,1.17874712291253,-0.172091057137943,-1.49966467709542,25
65,6.33521881512355,0.871586930029099,-1.03573339722411,4.99531434501091,0,0,1.14585285957335,1.03189438842683,-0.295100673011684,-0.77161805052011,26
65,6.59362905626675,-0.265631870078819,1.66432558218056,4.99531434501091,0,0,0.183326536583063,0.618634875082342,1.08593293217935,0.883373743965981,27
65,6.91455790413814,2.39258616372953,-0.421649460383658,6.82175127818572,0,0,1.09736986980642,1.35363668480515,-0.30451131005391,-0.542972865509912,28
65,7.13962488835963,1.06950589126022,-0.966858242450749,6.82175127818572,0,0,0.927035137910092,1.18986329189744,-0.534338645963745,-0.577232793192504,29
65,7.26883000893123,1.41926713988289,-1.18402403023884,6.82175127818572,0,0,1.23540243471762,1.11386292469291,-0.00125053731770641,-0.806596376418722,30
65,7.73146769871986,1.23513331660482,-1.44946069771102,7.5161940422715,0,0,1.22111038224057,1.08069642928042,-0.861200034320421,-0.553733687649289,31
65,7.94403096159571,-1.17290178840651,-1.03269338161533,7.5161940422715,0,0,0.170790677016074,0.51006240924179,-0.248445276658002,-0.8357900301192,32
65,8.13992259601072,-0.648559186442225,-1.21583130945151,7.5161940422715,0,0,0.109600070404534,0.824341798728095,-0.625814531295302,-0.889419114765993,33
65,8.43167609407562,1.34045137620174,-1.25728047928475,7.5161940422715,0,0,1.19006559402588,1.1474017629143,-0.783757406704306,-0.947606995102249,34
65,8.6859184281036,2.94490476634024,-2.9656915712554,8.6484840347754,0,0,1.3440975742802,1.58412485198583,-1.67869949780355,-2.2038083216125,35
65,8.84013099136648,1.5847257912884,-1.12771429510462,8.6484840347754,0,0,1.27889542294876,1.42808192441327,-0.272676192770485,-1.00812021146931,36
65,9.14438821077702,1.7584663755617,-0.842884366084026,8.6484840347754,0,0,1.23889523180385,1.39807133116555,-0.263824505358272,-0.710455526408226,37
65,9.3319440309616,1.22890452013615,-1.09167580173637,8.6484840347754,0,0,1.02769694050509,1.09902918626502,0.0915430384954967,-0.885058911910342,38
65,9.66120869306341,1.20722881190643,-1.6159804626502,9.56426835146983,0,0,0.822693680650521,1.19635200466637,-0.88611964122017,-1.21613600556648,39
65,9.85710032747842,0.0611488215627775,-0.67790261567484,9.56426835146983,0,0,0.438458882543594,0.84776724927018,-0.306882877908968,-0.499084920579852,40
65,10.2113724322715,-1.0354619968128,-0.18496810916888,9.56426835146983,0,0,-0.0209006043015868,0.645700887570534,-0.1677081336517,-0.0864026024105015,41
65,10.3447454599583,-0.18288629065685,1.45644773686542,9.56426835146983,0,0,0.147721708366685,0.950867838684138,0.76866704900945,0.72094454453089,42
65,10.6448347722536,2.6172495505054,-1.73308754745114,10.5741201386841,0,0,1.54788863830867,1.47203504144209,-0.596084044282961,-1.42955473931644,43
65,10.7615361714796,3.72424938483556,-1.79450012696436,10.5741201386841,0,0,2.02148605123719,1.88295034612943,-0.226988218546654,-1.05323402412576,44
65,11.0782971122358,1.27369522481586,0.471307682837823,10.5741201386841,0,0,1.20826555862863,1.05331928745586,0.368060208418518,-0.0286909740239283,45
65,11.2908603751116,-0.804832221057601,0.0535100020258841,10.5741201386841,0,0,0.00493825813659998,0.770010661569219,-0.0505932577694828,-0.114002745060483,46
65,11.5284310806788,-1.1310206755308,-0.0606092539413199,10.5741201386841,0,0,0.0586204273755875,0.484786571632127,0.0891315063684592,-0.380189315598196,47
65,11.8827031854719,2.12367223695305,-0.459793755322502,11.5869194202627,0,0,1.4368383263654,1.38943915731023,0.110363372576117,-0.52432218736266,48
65,12.0327478416195,1.84469198094218,-0.885901777667347,11.5869194202627,0,0,1.47224648716515,1.19405971106745,-0.397021133243329,-0.675010383692194,49
65,12.3203334325692,1.73995445474031,-2.19105200311426,11.5869194202627,0,0,0.993306042825228,1.17566596691647,-0.838169934631062,-1.19830635391437,50
65,12.5579041381364,0.42598000548557,-0.71856087338035,11.5869194202627,0,0,0.593406873392683,1.04664893591708,-0.150857256728965,-0.61921513576693,51
65,12.8329860077404,-0.0485927012990278,0.550409730422914,11.5869194202627,0,0,0.431743074960258,0.753981202372162,0.520709226332215,-0.294008698124053,52
65,13.1622506698422,0.489317428817783,-0.175144810086272,11.5869194202627,0,0,0.592387157842943,0.936374882197981,0.277353019790589,-0.122797780194173,53
65,13.274784161953,1.2857636160063,-1.57350817229246,13.2653092437675,0,0,1.03378394653501,1.15946637320211,-0.736358526953462,-1.2311973835754,54
65,13.5748734742483,0.268072474715316,-1.08290857025557,13.2653092437675,0,0,0.723680965490646,1.09798507943147,-0.760085744999666,-0.727616873520097,55
65,13.9583209288479,2.13385757199941,-1.94982897299746,13.6421704908716,0,0,1.4927051081163,1.56646908697809,-1.30464609148036,-1.3375673560479,56
66,0,2.10040983550359,-1.4483622307897,-Inf,0,0,1.2435855825693,0.698663921902761,-1.48119999098779,-1.81478045483549,0
66,0.200059541530217,0.985230830131071,-0.845834977917729,0.153645164764021,0,0,0.443794555474294,0.618576016738848,-0.589241219147208,-1.33665597217632,1
66,0.458469782673415,0.827057332304867,-0.0479193921156965,0.153645164764021,0,0,0.387992078017498,0.348448638465369,-0.520770495293689,-1.07756824399809,2
66,0.533492110747246,-0.95183980815074,-0.375503888467379,0.153645164764021,0,0,-0.181230532470382,0.00521032541052658,0.111521231185038,-1.16069258528382,3
66,0.754391187853528,-1.26913576572811,1.11282966951041,0.153645164764021,0,0,-0.182753189204532,0.0746512951124816,0.495323128616228,0.047927496348982,4
66,1.05864840726407,-0.427325136090245,-0.537424359804058,0.153645164764021,0,0,-0.259173167229379,0.206425051999031,-0.284031849359668,-0.878929148700812,5
66,1.49627865436142,0.667407602602794,-0.862493280000274,1.39833900583729,0,0,0.362115164238631,0.280328101458552,-0.830295962284267,-1.45425651688285,6
66,1.69217028877642,0.867731755291087,0.715874403236327,1.39833900583729,0,0,0.130382689347351,0.399108837768021,-0.0646080121041959,-0.278535410587961,7
66,1.99642750818696,1.52592765708601,-0.079584491410792,1.39833900583729,0,0,0.601963460451544,0.444733326158136,-0.0680171705105356,-0.567560500867432,8
66,2.17981542125633,-0.120822857644154,0.323056877540888,1.39833900583729,0,0,0.254935613273453,0.314762626869979,0.0289515972672837,-0.556071505661697,9
66,2.27567728490622,2.56841086343888,-1.03974582987052,2.21045785999964,0,0,1.04389474693101,0.995938208793439,-0.204720497365894,-1.11818949590503,10
66,2.68413218219708,-1.99394144831035,1.15119975533784,2.21045785999964,0,0,-1.31784406566734,-0.335087685789275,0.860897264531142,-0.227199157885989,11
66,2.88002381661209,-0.717647336333886,1.15597070874656,2.21045785999964,0,0,-0.455449111812351,-0.00264078981956216,0.373845531215012,0.113935708830505,12
66,3.11759452217922,-0.574556105703639,-0.55441088556921,2.21045785999964,0,0,-0.0650259416589326,-0.00998140118089469,-0.30950496378056,-0.872405564970683,13
66,3.34266150640071,0.93876136176694,0.575156337847836,2.21045785999964,0,0,0.582358230864581,0.662874016802628,0.00451753830061119,-0.456121081054584,14
66,3.55105686216136,1.88826424269504,-3.06293242852936,3.37920450553692,0,0,1.05321017538114,0.798675163804137,-1.48657894138416,-2.28738883080921,15
66,3.83447454599583,1.51572300652126,-2.365492198061,3.37920450553692,0,0,0.785637387619837,0.633903558964372,-1.62712417391332,-1.88531222234913,16
66,4.18874665078893,-0.101502779091485,-0.874866355418232,3.37920450553692,0,0,0.0415128111378111,0.2776469497214,-0.626358876012294,-1.31386004250254,17
66,4.37213456385829,0.184578704224556,1.61151924719074,3.37920450553692,0,0,0.177737518473671,0.346979437344408,0.933797182318422,0.160742782559992,18
66,4.6347127121167,2.4963713566399,-0.715619067625314,4.61299603312957,0,0,0.822021238021913,1.05616180185712,-0.2180888143167,-1.29125992833771,19
66,4.78892527537958,1.8736494258381,-2.01684800974043,4.61299603312957,0,0,0.770925990607218,0.681064482185786,-0.858338562510235,-2.08054769850644,20
66,5.04733551652278,0.0441160201356606,-0.768534642137311,4.61299603312957,0,0,0.0969120766399005,0.210034537084221,-0.689572731147014,-1.25511579221498,21
66,5.37660017862459,1.23659223776581,0.627700148637549,5.36723386365025,0,0,0.567398896188664,0.546008675614514,0.619982708266549,-0.285921020221378,22
66,5.57665972015481,1.71700125890819,-0.335255916719789,5.36723386365025,0,0,1.18624117904549,0.51951092029847,-0.0583053769939361,-0.682719044079488,23
66,5.82673414706758,1.58384237878844,-1.46300575713653,5.36723386365025,0,0,0.84770918451514,0.658000355035542,-0.706135315667298,-1.1291908931588,24
66,6.18100625186067,0.165566324409057,0.923379948884078,5.36723386365025,0,0,0.389733873003037,0.263228179626201,0.15798268245842,-0.3251012730048,25
66,6.30187555820185,0.498432595795772,-0.435678226508563,6.24406364766272,0,0,0.597369363373108,0.4093478981581,-0.304427659918777,-1.01835961452488,26
66,6.6436439416493,-0.426867963551215,-0.466078695931444,6.24406364766272,0,0,0.0880322968677507,0.0341384111087452,-0.84160227963572,-1.05868972624463,27
66,6.95623697529027,-0.400952407829652,1.00962475119353,6.24406364766272,0,0,0.14494088721435,0.109974401792851,0.0294821785044138,-0.191961883072403,28
66,7.16880023816612,-0.139172576240165,-0.966442574048306,6.24406364766272,0,0,0.256933944966255,0.0835634164279481,-0.981897024881692,-1.08238929834244,29
66,7.49806490026794,-0.0290782563524792,0.568378402771717,6.24406364766272,0,0,0.0661327017645498,0.181381546969143,-0.239163867418635,-0.254364009604542,30
66,7.63977374218517,-1.40720872113854,0.601898391403192,6.24406364766272,0,0,-0.5936481516794,-0.123202239706762,0.773803900051013,-0.260372396171078,31
66,7.83566537660018,0.573964000352624,-0.215455918629556,7.71138624130892,0,0,-0.0166475417631892,0.372051385368118,-0.150887377477752,-0.925694833248021,32
66,8.00238166120869,1.31739339477626,-0.373896751215856,7.71138624130892,0,0,0.487060796087377,0.425130248560347,-0.262931635423917,-1.130217144001,33
66,8.41917237272998,0.180886792400352,0.499042060525365,7.71138624130892,0,0,-0.0939453131112298,0.333146958042618,0.366548014892192,-0.33192552946296,34
66,8.56504912176243,-0.606286605961765,-1.01877560730534,7.71138624130892,0,0,-0.00354498444294729,-0.0273160051081063,-1.1217879994289,-1.29806537923307,35
66,8.82762727002084,1.48526697799143,-1.57623227812742,7.71138624130892,0,0,0.436385072783057,0.578983918166428,-1.28225786492162,-1.82621050596443,36
66,9.09854123250968,1.85036314644374,-1.27596644500371,8.94754022046422,0,0,0.477150738321977,0.778000806510454,-0.376093384466344,-1.61597834770081,37
66,9.34861565942245,1.80399755040605,-1.80581664830952,8.94754022046422,0,0,0.546154598151407,0.648707351324268,-1.21920310493312,-2.06762540556937,38
66,9.74873474248288,1.65453100688361,-1.66689961052262,8.94754022046422,0,0,0.86888726634891,0.788621241165179,-0.319874189388639,-2.05833223878375,39
66,9.86960404882405,2.37001503192042,-2.03599019811915,9.82239408228331,0,0,1.05922090909103,0.81922759782894,-0.987946525119259,-1.88942633523136,40
66,10.161357546889,1.57788291926112,0.0723640391493368,9.82239408228331,0,0,0.688118072626423,0.510241554802249,-0.208028252789534,-0.859397340619332,41
66,10.4739505805299,1.84463226970459,-1.35141726721661,9.82239408228331,0,0,0.656868826084857,0.61304733294834,-1.02019380967934,-1.5600897583676,42
66,10.6073236082167,1.03043329618423,-0.400638183194926,9.82239408228331,0,0,0.373885919968302,0.420924734576578,-0.0875087205872761,-0.692134733881166,43
66,10.8365584995534,2.13848215670763,-2.58458637064707,10.8328026061931,0,0,0.598442482753074,0.889780291603104,-1.11056751908694,-2.60735263726504,44
66,11.0657933908901,2.04808395599015,-1.58326179175196,10.8328026061931,0,0,1.2506924459928,1.00208986749783,-0.463413626452776,-1.47173221853208,45
66,11.4367371241441,1.04304780801294,-0.357903634198225,10.8328026061931,0,0,0.316212879615519,0.617023584466963,-0.832660107400509,-0.909860803552688,46
66,11.6951473652873,-0.802140183880167,1.32906375024063,10.8328026061931,0,0,-0.28970140432687,0.0929645233597642,1.03527358293015,-0.275257686394721,47
66,11.9869008633522,0.402842199853311,0.0701997172027564,10.8328026061931,0,0,0.0372343457447257,0.326979861693401,-0.561949996770221,-0.589399278882645,48
66,12.0702590056564,0.633564537752694,0.338390745180109,10.8328026061931,0,0,0.506892012451443,0.301247924949572,0.255014195691049,-0.951732156425061,49
66,12.3036618041084,1.95112979659849,-1.47256492502819,12.2756673868316,0,0,0.818071458988159,0.793743295982772,-0.799222971506576,-1.07565045021196,50
66,12.5203929740994,0.464596820612727,-1.10742432839592,12.2756673868316,0,0,0.065964854953393,0.339079080954292,-0.591490619843842,-1.29742910817446,51
66,12.8413218219708,1.15415217834215,0.33659609853747,12.2756673868316,0,0,0.266624243568335,0.412616547059477,-0.214123986174766,-0.117132596819164,52
66,13.2206013694552,1.89176616049728,-1.29468444900174,13.1915513209784,0,0,0.311233720316456,0.6086282254706,-0.758592261628665,-1.31578895794053,53
66,13.4581720750223,0.518452942009652,0.0289754993174695,13.1915513209784,0,0,0.248413934311562,0.370477925114921,-0.371842168059387,-0.789585674787622,54
66,13.5081869604049,0.0412755348183121,-0.122250878515025,13.1915513209784,0,0,0.297265600825886,0.176116593777445,-0.229698153579473,-0.700083397778991,55
66,13.8374516225067,2.70467378961499,-0.837710963088614,13.6235798339592,0,0,1.60552758925409,0.957326823574565,-0.706110702291761,-1.34021042447412,56
67,0,0.178827622016382,-1.20730706917989,-Inf,0,0,-0.0989160965161965,-0.429996857311197,-0.672012610082541,-0.635895418895159,0
67,0.162548377493302,-0.186737035294993,0.350154459156873,-Inf,0,0,-0.36359886171876,-0.497347381122306,0.0269630099624363,0.313164158653551,1
67,0.250074426912772,0.234712753159331,-0.692400362739223,-Inf,0,0,0.0109271316486368,-0.310613973614985,-0.527101676393077,-0.1789186796142,2
67,0.621018160166716,0.648592420961399,1.26037891956707,0.251858143962454,0,0,0.122558285366103,-0.460774952222797,0.782517344509921,1.05385560929347,3
67,0.829413515927359,-1.00785982421682,2.14046146813408,0.251858143962454,0,0,-0.566750410372618,-0.674506896045356,0.720019715062858,1.46540602770904,4
67,1.16284608514439,0.718869899929114,-0.427584413526695,0.251858143962454,0,0,0.357980608321603,-0.279909493799724,0.0064802525314584,0.202675717108553,5
67,1.37957725513546,2.55205863332078,-0.543703667918346,1.27047560491886,0,0,0.600014926118082,0.25349575317036,-0.455719385642283,0.0220414558475154,6
67,1.60881214647216,-0.829729436151408,0.492244791633109,1.27047560491886,0,0,-0.735593359497075,-0.537917746826078,-0.386443342004437,0.0396375659927077,7
67,1.9130693658827,-0.33137039651172,1.27872116528274,1.27047560491886,0,0,-0.476999086606293,-0.440661529246754,0.680378262498744,0.736804828246284,8
67,2.08395355760643,-0.489410980604529,0.723411763216767,1.27047560491886,0,0,-0.3275773662816,-0.505945913691454,0.18784504934608,0.212156614112894,9
67,2.32986007740399,0.630629312403417,-1.41266544846961,2.08461115797623,0,0,0.202688296308799,-0.203450733013421,-0.477199442789645,-0.692326296697488,10
67,2.74665078892528,-0.968145421127172,1.07412517839739,2.08461115797623,0,0,-0.857398423443392,-0.67535898825979,0.375373219910078,0.934070640246022,11
67,2.82167311699911,-2.22079432571076,0.882372721503864,2.08461115797623,0,0,-0.984895153550435,-0.889906003083768,0.69864985388648,0.597377338164827,12
67,3.1426019648705,0.302697436150674,-1.23119388886126,2.08461115797623,0,0,-0.110707745999669,-0.411239508972772,-0.42864718543117,-0.773856568066325,13
67,3.40518011312891,1.93917058831411,-2.77492698212746,3.21749505127709,0,0,0.770058340217252,0.158994207708572,-1.63850636264921,-1.83871160452162,14
67,3.51771360523965,1.09430402608474,-0.105816315869863,3.21749505127709,0,0,0.119754592806236,-0.140829031988019,-0.30619664890795,-0.121281202742124,15
67,3.90949687406966,-2.56651238910534,0.0947068192609793,3.21749505127709,0,0,-1.2148438497438,-1.08356427290224,0.319283120229359,-0.333581772380928,16
67,4.24292944328669,0.326139730188628,-0.430639617227739,4.04694214474159,0,0,-0.105155519878409,-0.280290602272101,-0.410935128957635,0.102268212816623,17
67,4.42214944924085,-0.497979699681765,0.494190892853696,4.04694214474159,0,0,-0.300127720132763,-0.562428946875045,-0.213746290587343,0.39061167671987,18
67,4.52217922000595,-0.0257805851268129,0.322132656655528,4.04694214474159,0,0,-0.105031676090538,-0.468682452920887,-0.0704315009050334,0.162966112193585,19
67,4.90979458172075,-1.20892528252309,2.17115402328126,4.04694214474159,0,0,-0.677879307759036,-0.584543817050587,1.16058675614583,1.25806344411418,20
67,5.18070854420959,-0.732791649107412,-0.538325807680794,4.04694214474159,0,0,-0.423320687877249,-0.397343203741776,-0.889218865933672,-0.253886206265162,21
67,5.42661506400715,-0.000409345718576426,0.929768187486385,5.4157103841802,0,0,-0.210258044422326,-0.247503099320281,0.574350254527712,0.486046371609975,22
67,5.61417088419172,1.33115518675369,-0.967355803474408,5.4157103841802,0,0,0.613847425818374,0.0517059027631613,-0.393140432887265,-0.492744627775477,23
67,5.88508484668056,0.228343806694216,-0.746560312249694,5.4157103841802,0,0,-0.144426397030742,-0.186209489008553,-0.58542377463305,-0.678161600038331,24
67,6.19350997320631,0.00882423618603541,1.486511014374,5.4157103841802,0,0,-0.143008884065492,-0.498681418617448,0.493280914152594,0.948475219225577,25
67,6.45192021434951,1.04601603153383,-1.47640115219327,6.42979072063552,0,0,0.255973627219446,-0.132069020597573,-0.827142759698288,-0.468420825011846,26
67,6.63947603453409,0.0365358235037211,-0.894017984428852,6.42979072063552,0,0,-0.104132001088904,-0.358475259320407,-0.0971475970655774,-0.782483698779985,27
67,6.96040488240548,1.92790414631735,-0.943774657855066,6.42979072063552,0,0,0.501810205402398,0.240357920338611,-0.553158646634713,-0.120133869241771,28
67,7.18547186662697,-1.09200474250684,0.886311043159929,6.42979072063552,0,0,-0.374625917644463,-1.01154963547261,0.385539378981698,0.647211254167546,29
67,7.40637094373325,-1.21250531586905,2.19543457068169,6.42979072063552,0,0,-0.969706564344874,-0.784683400060849,0.600769311209537,1.41888815640088,30
67,7.50640071449836,1.37896671336814,-0.484812083369847,7.40881396605311,0,0,0.417124780644807,-0.0220925434644753,0.00857776813776573,0.25278357514186,31
67,7.98987793986305,-0.195715956602549,-0.124752458036355,7.40881396605311,0,0,-0.764721067152739,-0.503604615098819,-0.560194123364921,-0.0904140464995425,32
67,8.19410538850848,-1.05973241069145,0.404630372667541,7.40881396605311,0,0,-0.774110561261224,-0.452464399862036,-0.447096520367843,0.0701680870983588,33
67,8.38999702292349,-0.580441426378902,0.899066886654722,7.40881396605311,0,0,-0.329273206649486,-0.597327865836769,0.184572386504741,0.74424002852421,34
67,8.67341470675796,1.61298919056812,0.0549843122114202,8.44018766052054,0,0,0.314426178580313,0.000138780259549512,-0.339743368859739,-0.216018552664427,35
67,8.7817802917535,0.169223217945478,-0.851766093585984,8.44018766052054,0,0,-0.110481391690338,-0.246343780568428,-0.918434264286048,-0.505518490254148,36
67,9.20273891039,0.839338319943151,-0.298769924534949,8.44018766052054,0,0,0.147738305030347,-0.274372861849965,-0.937833128924328,-0.401568585412352,37
67,9.46531705864841,0.0936673783717653,-0.644706907676856,8.44018766052054,0,0,-0.158857061640522,-0.506296574705644,-0.270739072182626,-0.636980951161797,38
67,9.73206311402203,0.833878430112111,-0.451482888129138,9.69773366514844,0,0,0.0520977549431318,-0.0653448799702137,-0.159077797716068,-0.138181064617909,39
67,9.84876451324799,0.0666610874913106,-1.69175827273628,9.69773366514844,0,0,0.0632718906524862,-0.242271927338064,-0.713445001421669,-1.00197152191632,40
67,10.0863352188151,-0.0680605825066424,0.578423500554707,9.69773366514844,0,0,-0.40249664471169,-0.402356839708528,0.184494981583346,0.284349192386376,41
67,10.2655552247693,0.848252366845922,-1.38975866146091,9.69773366514844,0,0,0.00242223788987873,-0.0670454533400742,-0.863498794337223,-0.741933675846725,42
67,10.7031854718666,0.332752581276186,0.546089145605093,9.69773366514844,0,0,-0.172420737822699,-0.343035460618163,0.675840030525904,0.356061283055578,43
67,10.9199166418577,0.554972337347944,-0.0632762084682234,9.69773366514844,0,0,-0.118246354089957,-0.441502586201986,-0.213011805173968,-0.0194919897889352,44
67,11.1158082762727,1.259489645686,-0.663356657868304,11.0123702545937,0,0,0.384316083579498,-0.0735083529239747,-0.396776989061237,-0.589118808319122,45
67,11.3033640964573,0.0350441795815302,-0.156337434692185,11.0123702545937,0,0,0.0092955880841967,-0.542309182716225,-0.436355233756184,-0.28921087475813,46
67,11.6993152724025,1.50877087646372,-1.13700137297168,11.4527466515348,0,0,0.399403141183562,0.0440634819388881,-0.694208501730484,-0.700907468186522,47
67,11.866031557011,0.107647251798553,-1.28654955911815,11.4527466515348,0,0,-0.0710378160590291,-0.557529556061348,-0.18661850044057,-0.714249221094164,48
67,12.1661208693063,1.81693576015563,-0.321047212727973,11.4527466515348,0,0,0.207388417323504,0.0500108062596297,-0.457223244155011,-0.120612330214687,49
67,12.2619827329562,1.73893688513895,0.17439233007901,11.4527466515348,0,0,0.355823443856784,-0.133890140548937,0.319975006883702,0.0893005484065534,50
67,12.5203929740994,1.56488922491804,-0.540028996254479,11.4527466515348,0,0,0.45870976506799,0.134797210818452,0.0299275783828493,-0.00655717234709269,51
67,12.8163143792795,1.94608022555524,0.0603485540128422,12.7121872816486,0,0,0.512172673268953,0.188515679849225,-0.156754388989572,-0.28258529165997,52
67,13.099732063114,0.0992534319153011,0.477417163731109,12.7121872816486,0,0,-0.17317545080037,-0.443748126269149,0.396953361876078,0.730650995938206,53
67,13.3831497469485,0.377222263843618,-1.47065798046102,12.7121872816486,0,0,-0.106164686429274,-0.150599490768838,-1.25877096933525,-0.990096059429909,54
67,13.6123846382852,1.9425156492148,-1.83546349384113,13.5701094780932,0,0,0.262359453459005,0.0207219781169317,-1.35642463900681,-0.930147629144189,55
67,13.883298600774,0.274320924907285,0.664380545149255,13.5701094780932,0,0,-0.156816624669278,-0.192131208825269,0.13609588533647,0.256629872668096,56
68,0,0.24154452772526,0.0781104550218501,-Inf,0,0,0.330980828133963,-0.924937585115786,-0.343229082629923,0.458396581336109,0
68,0.208395355760643,-0.278618611636213,0.0358446872110932,-Inf,0,0,-0.311369255451678,-1.05154421479283,-0.802311806049517,0.563612553107636,1
68,0.433462339982138,3.59933287950591,-2.21142422672338,0.287241467053536,0,0,1.34060497046298,0.0476873706463596,-1.37718732143275,-0.824458697513234,2
68,0.658529324203632,1.33182508674009,-1.82309962856115,0.287241467053536,0,0,0.752455415513044,-0.398835839489819,-0.95337449657971,-0.547016066116794,3
68,0.804406073236082,-1.11250516564826,-0.0663168717131718,0.287241467053536,0,0,-0.38455563339617,-1.13548394570251,-0.758132462894122,0.712485149507397,4
68,1.1336707353379,0.141810446733816,-1.2049232125147,0.287241467053536,0,0,-0.100902435333976,-0.823489197976187,-1.37854670439946,-0.156433216951074,5
68,1.3295623697529,-0.247361427047838,0.315555609608863,0.287241467053536,0,0,-0.102439669865987,-0.958828522453518,-0.654138729809903,0.540426307977784,6
68,1.69633819589163,1.40348774407466,1.07927039629573,1.46976632766712,0,0,0.201305123927924,-0.544077369197332,0.378305553352677,1.13732661441905,7
68,1.82971122357845,0.190303378732083,1.64715125928816,1.46976632766712,0,0,0.212227343302079,-0.985288775233274,0.250185737056234,1.87139778988011,8
68,2.22983030663888,0.700647633780518,0.55971733501673,1.87809562969129,0,0,-0.0178695267789618,-0.806999684726269,0.188015840421586,0.757742840989598,9
68,2.40905031259303,-0.540581290095431,-0.963642662190183,1.87809562969129,0,0,-0.0952589866438678,-0.951714016854959,-0.97596506370726,-0.349397273453428,10
68,2.52575171181899,-0.86748527914728,0.682291682273804,1.87809562969129,0,0,-0.634878342828638,-1.12088217148832,0.680799791550232,0.948646077961767,11
68,2.94254242334028,0.450951494863326,-0.209041438731463,1.87809562969129,0,0,0.0868663915475561,-0.744046727262492,-0.437487127835296,0.743293680228716,12
68,3.13426615064007,0.113627355161138,-0.734481704056806,1.87809562969129,0,0,-0.262734443845269,-0.921292027510744,-0.670108017479566,0.199984903949537,13
68,3.25930336409646,1.77967550076435,-2.63579863196672,3.18053253886218,0,0,0.685009097179025,-0.622437770140048,-1.85073403236384,-1.14272954733947,14
68,3.68859779696338,-0.923722202976773,0.571444152391989,3.18053253886218,0,0,-0.425285260990328,-1.06237869067241,-0.0294513176545099,0.860911091708308,15
68,3.83447454599583,-0.236940529839488,-0.189351100022215,3.18053253886218,0,0,-0.188490104510765,-0.931914108575278,-0.66270463648787,0.769293445653353,16
68,4.23459362905627,1.89424137520671,-1.00512110594557,4.15635036492469,0,0,0.789064346494795,-0.528894715639245,-1.05892844027826,0.107076178609485,17
68,4.48883596308425,0.980929852717319,0.312646302539774,4.15635036492469,0,0,0.281943116738347,-0.708314459376153,0.166416825675389,0.536108129440893,18
68,4.70139922596011,0.300699461319433,0.0639006417096376,4.15635036492469,0,0,-0.259286674390142,-0.82930300075829,-0.337035520761405,0.980468868940266,19
68,4.88478713902947,-0.418176809286409,-0.900137900075306,4.15635036492469,0,0,-0.307486337123296,-0.919975903590928,-0.913277837011409,-0.0987561115321749,20
68,5.16403691574873,0.0755306530853322,0.493837307330769,4.15635036492469,0,0,0.361367049422926,-1.03005774422563,0.212699915889285,1.08594896243186,21
68,5.40160762131587,-0.110600356958269,0.499584437242139,4.15635036492469,0,0,0.0347139285620244,-0.894645954028533,-0.0436263827771524,1.10598747803298,22
68,5.59749925573087,1.69139436419993,-1.13338111746605,5.46353391882999,0,0,0.657401847146739,-0.45207754915877,-0.866337091944906,0.184495795091345,23
68,5.97677880321524,-0.0668162360464312,0.544289673211031,5.46353391882999,0,0,0.0805244602516719,-0.883228544525503,-0.29159800428915,0.635717272926323,24
68,6.00178624590652,-0.171438916998796,-0.417840245128203,5.46353391882999,0,0,-0.239661917706277,-0.911489649717317,0.00972396307789003,0.606326011108036,25
68,6.32271509377791,0.350268924281624,0.0678766724788567,5.46353391882999,0,0,0.195120924092752,-0.88172315763655,-0.340561710965362,0.512509675539151,26
68,6.51027091396249,0.645258036701406,-0.834820650396827,5.46353391882999,0,0,0.250752924462197,-0.732232393034434,-0.895106008022857,0.0248874338511943,27
68,6.88955046144686,2.87756544492329,-2.50023659655137,6.86225705241176,0,0,1.28371998842237,-0.059806467618047,-1.10873170440611,-0.683586194176462,28
68,7.08544209586186,1.82388241775818,-2.29856286712903,6.86225705241176,0,0,0.750312336739044,-0.461093619806669,-1.33165566209045,-1.06903791106938,29
68,7.4855611789223,-1.09896592784202,-0.0763143265067059,6.86225705241176,0,0,-0.436855061624925,-1.00445814423202,-0.27126087012923,0.528479296733872,30
68,7.73980351295028,-0.20869681673774,-0.0822674394765824,6.86225705241176,0,0,-0.174843750525468,-0.786821671510874,-0.94128961000851,0.561357089824836,31
68,7.84816909794582,1.62019161148659,-2.13626515521225,7.83418847265331,0,0,0.321107828501714,-0.52388909610131,-0.820197197365017,-0.778098976563324,32
68,8.22328073831497,0.188986865462977,0.363099651931125,7.83418847265331,0,0,0.0513246844865371,-0.658432306116909,0.0330797095719411,0.897271967580429,33
68,8.4566835367669,2.8677980556004,-1.06431441718524,8.23055006378294,0,0,1.13606218218944,-0.207903860229144,-0.671311541359881,0.173536112631373,34
68,8.64007144983626,0.107278655745625,-1.78519064808914,8.23055006378294,0,0,0.217801535247634,-0.90260394208526,-0.990812118333469,-0.0351550789430137,35
68,8.8484668055969,0.0924397991876461,-0.200139257591826,8.23055006378294,0,0,-0.061294973550251,-0.851983922315602,-0.340093200307558,0.685466023277675,36
68,9.0401905328967,-0.553320150841284,0.144366607450702,8.23055006378294,0,0,-0.446042264631166,-1.04947569474806,0.269566525641231,0.921422901445882,37
68,9.30693658827032,-1.17675131966342,0.614488739681187,8.23055006378294,0,0,-0.571447603118045,-1.05812371607715,0.159365034507183,0.909423141464444,38
68,9.54450729383745,0.247863451707992,-1.19203750008395,8.23055006378294,0,0,0.248351443887625,-0.966504563733173,-0.29897911354486,0.183328069185576,39
68,9.89877939863054,0.960603167332807,-0.682589482679943,9.57979991159653,0,0,0.322738261328837,-0.758289428096341,-1.06152885682905,0.603818356647497,40
68,10.2238761536171,1.36043623451671,0.0874433880880608,9.57979991159653,0,0,0.824586068210664,-0.593984771904426,-0.249766209118127,0.811732879176258,41
68,10.357249181304,2.86788742815102,0.228544944272388,9.57979991159653,0,0,1.29111367069587,-0.107204061065336,-0.739490694163272,0.796479986706205,42
68,10.5906519797559,0.562445903779158,-1.44252011269462,9.57979991159653,0,0,0.117088063271742,-0.912441513103598,-0.724111429762193,0.171139677661313,43
68,10.8157189639774,0.823948834400639,-1.55259510658687,9.57979991159653,0,0,0.393838825278775,-0.954874048348157,-0.859706645258937,-0.354095379594138,44
68,11.1658231616553,1.58390784528177,-2.09351979690512,11.0237170512842,0,0,0.805592491095344,-0.585121476497709,-1.72949256420812,-0.561847587312311,45
68,11.2700208395356,2.19818891110795,-0.49688347066054,11.0237170512842,0,0,0.817362062200379,-0.196237512274312,-0.761032366682196,0.213934081727381,46
68,11.6659720154808,0.730307391150935,-0.485943992812627,11.0237170512842,0,0,-0.0819189529199086,-0.654546394063247,-0.366945974358846,0.375314015119435,47
68,11.9202143495088,1.0738820978456,-1.30225274731779,11.0237170512842,0,0,0.419948239588369,-0.591725023993908,-1.14416272687294,-0.112992908020408,48
68,12.1452813337303,2.19481471633524,-1.20369190576796,12.0807367538836,0,0,0.729238051997461,-0.184372358976483,-0.60104272545184,-0.346955174497472,49
68,12.2994938969932,0.147659704926214,-0.906542396861524,12.0807367538836,0,0,0.0985381220768791,-0.870168227380132,-1.00165736026612,-0.21863831921123,50
68,12.7246204227449,0.195807993046978,0.172662953599403,12.0807367538836,0,0,-0.0251539121433389,-0.984888979649521,0.272307081184283,0.834507283958193,51
68,12.9580232211968,3.06309232194825,-1.06473155645972,12.7890724223125,0,0,0.992118587963637,-0.116309077553172,-0.823796062345575,0.13022250776281,52
68,13.1455790413814,0.139224995938978,-1.77351361098795,12.7890724223125,0,0,-0.0320381851394473,-1.01835146489102,-1.17559199400666,-0.630587756997279,53
68,13.4623399821375,-0.507415461252293,-1.11717296765369,12.7890724223125,0,0,0.0381821905797707,-1.17521948080494,-0.879675043770531,-0.0622608756501549,54
68,13.6248883596308,1.17795911605591,-2.60223105679199,12.7890724223125,0,0,0.525749659273811,-0.462157801034965,-1.61419064546987,-0.698587248841056,55
68,13.8291158082763,1.13924997806583,-1.47055574466696,12.7890724223125,0,0,0.256559078425741,-0.678434904625548,-1.1054327633432,-0.0134008141793793,56
69,0,-0.749029250045647,0.00782094753876498,-Inf,0,0,-0.184998437028504,-0.165034536345199,0.209375447652572,-0.698694204631057,0
69,0.162548377493302,-0.067740651897024,-1.039627586011,-Inf,0,0,-0.238407962752511,0.0306741255109236,-0.657270881947866,-1.63383786428159,1
69,0.35010419767788,1.88430104630407,-0.104664570069587,0.170937840174884,0,0,0.963132820808496,0.467164740418368,-0.294546938874099,-0.903040935845731,2
69,0.721047930931825,-0.740835822265499,0.806268952546232,0.170937840174884,0,0,-0.307781272495258,-0.274688087066274,0.60731494337982,-0.126361246503212,3
69,0.904435844001191,0.380969128401891,1.06224390522021,0.760822562289496,0,0,-0.164163837830329,0.0430295683485976,1.18068781953025,-0.261382316614713,4
69,1.00863352188151,1.4240274298594,-0.236305134591903,0.760822562289496,0,0,1.01569143973715,0.330815236961169,0.0885317247763168,-1.02704014346628,5
69,1.42125632628759,-0.370084395531706,0.185671806049221,0.760822562289496,0,0,-0.32243397408506,-0.241522864404466,0.174059635886349,-0.901279105860876,6
69,1.72134563858291,-1.44023403384122,0.0721257826584437,0.760822562289496,0,0,-0.373697321409963,-0.321233060764119,0.297588358829025,-0.547210432343122,7
69,1.81720750223281,2.40663169839247,-1.16494466496499,1.79845947192158,0,0,0.91316834749809,0.383321123260178,-0.32320625099,-1.5249915078375,8
69,2.10896100029771,2.51741525631385,-2.48300209190205,1.79845947192158,0,0,0.928488388806463,0.720420772079729,-0.346290545430415,-2.15068245339244,9
69,2.35903542721048,0.921615294894673,-2.225682591634,1.79845947192158,0,0,0.0280579234500338,0.102194383357784,-0.547481436562728,-2.17994424725396,10
69,2.56743078297112,1.67560174638821,-1.18228368646212,1.79845947192158,0,0,0.99619833907283,0.667584601794219,-0.0951612316861195,-1.25901281066594,11
69,2.7549866031557,0.731458516411672,-1.44561919297899,1.79845947192158,0,0,0.14534529510772,0.137507354728205,-0.413910628783504,-1.84591552533432,12
69,3.07174754391188,1.29817241745019,-1.3819509535586,2.90617311286668,0,0,0.224783026350148,0.503392076705384,-0.317745582733715,-1.46965782411357,13
69,3.43018755582018,1.12087044581537,-1.49575931129269,2.90617311286668,0,0,0.790113879574491,0.234851135079319,-0.371437398473015,-1.41348088753845,14
69,3.68442988984817,-0.376845496679765,0.999674388194294,2.90617311286668,0,0,0.14180081065867,-0.295088722199964,0.771896747898153,-0.00224212016386995,15
69,3.9220005954153,-0.484112737492252,1.20951518532784,2.90617311286668,0,0,-0.307242709552771,0.0544064693931753,0.643273396468724,-0.223460871864945,16
69,4.02203036618041,0.255910984146434,1.82048661109026,2.90617311286668,0,0,0.256879765944523,0.203549740138223,1.18741673055952,-0.0557066219954237,17
69,4.49717177731468,-1.50001430547971,-0.435017249555187,4.02412697541742,0,0,-0.995564487138161,-0.360915188491131,0.494487429286614,-0.658396573365291,18
69,4.74307829711224,0.131404650356776,0.311617379315333,4.02412697541742,0,0,0.250007114343975,-0.0443165942484878,0.561788973186746,-0.727845467622801,19
69,4.90562667460554,-1.47771042601753,2.53152971217253,4.02412697541742,0,0,-0.669703354848354,-0.328510169523467,2.10482534082403,0.494637876726604,20
69,5.00565644537065,-1.0181237847022,1.82324814507828,4.02412697541742,0,0,-0.603173858327697,-0.252588085951764,1.38902078365267,0.0773293526108327,21
69,5.38910389997023,-0.318721169137673,0.851726412633339,4.02412697541742,0,0,0.0990219527608197,-0.207255708732449,0.984432820302739,-0.220484079264618,22
69,5.52664483477225,-1.12261495677009,-1.82443118983848,4.02412697541742,0,0,-0.219061682607595,-0.39851111584085,-0.284601061798555,-2.18379023492895,23
69,5.81006251860673,0.84663870612568,0.0455882098241361,5.69276734759601,0,0,0.731228466444819,0.272021823047458,0.382405928142329,-0.556439205986946,24
69,6.16850253051503,-0.358274559598361,0.661382836529322,5.69276734759601,0,0,0.0262057850243701,-0.164429134165052,0.61917294040834,-0.154308462676761,25
69,6.43941649300387,1.60167141072506,-1.27946652140125,6.21141729758909,0,0,0.450682987959369,0.178482774474628,-0.256300524026856,-1.2795599440813,26
69,6.53527835665377,2.01580056318957,-0.279449165822811,6.21141729758909,0,0,0.971056843550961,0.480564396272007,-0.483630423100831,-0.588996014757917,27
69,6.97290860375112,0.301091916685305,-0.270365061970564,6.21141729758909,0,0,0.0172852744517234,0.196034390775758,-0.389795070560292,-0.752752320582597,28
69,7.21881512354868,-0.82614184436988,0.820503360257367,6.21141729758909,0,0,-0.385985577118251,-0.199800104910107,1.33118357936446,-0.584398747069471,29
69,7.41887466507889,0.912160355946379,1.66811535079541,7.32716339995297,0,0,1.09361338506296,0.25726293281939,1.39913917196975,0.294343536767304,30
69,7.61893420660911,1.5720512281493,-0.693359449155286,7.32716339995297,0,0,0.616690295562933,0.415111144745898,-0.517519879113248,-1.31597736571229,31
69,7.99404584697827,0.160116647631607,0.149222989305448,7.32716339995297,0,0,-0.100372983701051,0.0747096007338762,0.705005083808491,-0.57147013489392,32
69,8.2316165525454,1.43376691819522,-1.40043601686461,8.21366026046184,0,0,0.615740733229217,0.274196180803723,-0.159517198134346,-1.36294417541478,33
69,8.29413515927359,1.20477534805923,-0.819360789316371,8.21366026046184,0,0,0.633503439907933,0.470419834750304,-0.208057548096008,-1.25802686153579,34
69,8.5233700506103,-0.16930284030939,0.175719396769494,8.21366026046184,0,0,-0.0310175582129209,-0.0731583311959761,-0.0806999039462569,-0.188706494633554,35
69,8.8776421554034,-0.933378117716734,0.928883790468069,8.21366026046184,0,0,-0.333491473512878,-0.223945156773749,0.943605289930608,-0.184080451622867,36
69,9.21524263173564,-0.321860530282563,0.231833409888654,8.21366026046184,0,0,-0.183349602038315,-0.149155478795946,0.473880014663274,-0.663829361372097,37
69,9.32360821673117,0.894610074945255,-0.449331593209714,8.21366026046184,0,0,0.376094698530287,0.111351339369368,-0.129029984436697,-0.614487961743868,38
69,9.71122357844597,-0.616207932030913,-0.762611719349683,8.21366026046184,0,0,0.170662762071642,-0.128985855838907,0.140724978101974,-1.38786299174687,39
69,9.83626079190235,0.551937790989934,-0.73807626863362,8.21366026046184,0,0,0.382882603210009,0.168646679820406,0.397274179741848,-1.28713113561634,40
69,10.1196784757368,1.57874743413822,-1.87337631518655,9.86894748744806,0,0,0.63849299669185,0.327387010473818,-0.346875092925545,-1.65079537847425,41
69,10.4447752307234,-0.269477263022752,0.329307870507003,9.86894748744806,0,0,0.116927164864214,-0.141572888124139,0.737612804887061,-0.226909236015289,42
69,10.6198273295624,2.68263236644158,-0.277034159895924,10.5045907554969,0,0,1.24823512529125,0.549026568428444,0.53462335775436,-1.27584631296146,43
69,10.9157487347425,0.67685584484942,-0.0976159545747558,10.5045907554969,0,0,0.705361306624805,-0.0406951716622117,0.317626379473088,-0.651190473433492,44
69,11.1533194403096,1.03448322848157,-0.00119965182349618,10.5045907554969,0,0,0.332585819482375,0.381622974796106,0.435895846668452,-0.717960270753407,45
69,11.3325394462638,-0.630251930668526,0.21701351242228,10.5045907554969,0,0,-0.0951983139751329,-0.104078521388712,1.11059285888634,-0.916808742195818,46
69,11.6784757368264,-0.810489748211928,-2.63152891066701,10.5045907554969,0,0,-0.413854382839526,-0.275628637447872,-0.632705668613515,-1.97137636075844,47
69,11.8535278356654,1.32667584659068,-2.01356876991961,10.5045907554969,0,0,0.675589251193216,0.169757926567039,-0.495716428664771,-2.03224619122225,48
69,12.1827924977672,1.74802561107732,-0.485883606125234,12.1597603231937,0,0,0.643389264646287,0.404077789791481,-0.195890377010095,-1.31223539385484,49
69,12.3328371539149,2.12192921770455,-0.338269512622915,12.1597603231937,0,0,0.781645896564632,0.55998022658285,0.395825704641126,-0.688634785047586,50
69,12.6912771658232,1.50683619426741,-0.0203082166564938,12.1597603231937,0,0,0.950902218538269,0.314203154606213,0.21866767367591,-0.48975484627089,51
69,12.8121464721643,1.04155904152871,-0.943301978671615,12.1597603231937,0,0,0.071101417219372,0.357363067271396,-0.00268454970233677,-1.39797943434479,52
69,13.1122357844597,3.67262378014299,-2.28355754506363,13.0412273999554,0,0,1.47489374075514,0.916867696494037,-0.781785141538399,-1.79169491342388,53
69,13.4081571896398,0.862683629243911,-0.553360639813709,13.0412273999554,0,0,0.337636981831237,0.224539426088894,0.104282749847931,-0.842836060451975,54
69,13.5623697529027,0.73243813558727,1.19049456705901,13.0412273999554,0,0,0.559673892430356,0.0908292372498063,0.79078201502312,-0.0241308055941036,55
69,13.941649300387,-1.00778342130313,-0.933460470232575,13.0412273999554,0,0,-0.558147776929933,-0.263536176355268,-0.589117951182315,-1.25264741359813,56
70,0,0.976877588208554,-0.772445235452466,-Inf,0,0,-0.278494825081839,0.429851959006586,0.480602370086382,-0.0632250608785055,0
70,0.141708841917237,0.877813546675251,0.0626652127055956,-Inf,0,0,-0.37286869263882,0.234775852559564,0.810518560521423,0.474756066319519,1
70,0.366775826138732,2.86646023988794,-1.72756083795299,0.290648191119544,0,0,0.388474570215784,0.739639462184879,-0.281182902032093,-0.598705074328528,2
70,0.558499553438523,1.80678776368507,-1.47873017276785,0.290648191119544,0,0,-0.385573524278604,0.458182662275058,-0.520367409471264,-0.661180514763462,3
70,0.929443286692468,2.35169696474871,-1.98718270371303,0.792862201713097,0,0,0.259133390772029,0.726286361022978,0.219322234577199,-0.931373211431678,4
70,1.17534980649003,0.371454317252321,-0.00313496626281598,0.792862201713097,0,0,-0.540303575128264,-0.0800153032985271,0.817349846305317,0.055636997126856,5
70,1.25454004167907,0.352908826350829,0.0245280977490945,0.792862201713097,0,0,-0.419170999406984,0.120916311465507,0.56949263343444,0.363966111068058,6
70,1.55879726108961,-0.347393349929874,1.12284115586528,0.792862201713097,0,0,-1.06692863057145,-0.153342510531964,0.529294397766612,0.947362982807646,7
70,1.80053587377196,1.23769818971978,0.400571254294983,0.792862201713097,0,0,0.210048455437357,0.189453539400371,0.821306700181163,0.565369418002891,8
70,2.07978565049122,0.596972984359507,-0.592050485091236,1.93621094911001,0,0,-0.214818505092413,-0.0470698077661027,0.00639208049319312,0.0628661388631745,9
70,2.43405775528431,0.972071914092068,-1.36644285959905,1.93621094911001,0,0,-0.490104029250039,0.314011480721551,0.00604966680148488,-0.575617969895709,10
70,2.5590949687407,-0.105009182387429,-0.902330622796836,1.93621094911001,0,0,-0.828822810525987,-0.0167705594319777,0.366722799427663,-0.270356496994996,11
70,2.83834474545996,0.785575144845849,0.380579773100013,1.93621094911001,0,0,-0.361577357057199,0.211799766112978,1.43191309806987,0.307492208405325,12
70,3.22179220005954,-0.0490919606805306,0.517029869046656,2.93400884521588,0,0,-0.684598079988436,-0.0613895361649401,0.496324301633782,0.92067985419545,13
70,3.4010122060137,0.289914944872933,-1.30766350463813,2.93400884521588,0,0,-0.318781771393674,0.0767315183108284,-0.0627796268448514,-0.60309823394521,14
70,3.60940756177434,-1.08533252649376,0.605779596665228,2.93400884521588,0,0,-1.06156371905233,-0.214043516490085,0.920972437389624,1.10589278800865,15
70,3.93033640964573,0.951889498778835,-1.23819616301381,2.93400884521588,0,0,-0.5235581163704,0.239396191709415,0.355037965450274,-0.293129573872254,16
70,4.03453408752605,0.434649947585982,-1.57868593787595,2.93400884521588,0,0,-0.401369192201775,0.0242277027595657,-0.694122929328733,-0.722966857306548,17
70,4.45549270616255,-1.45676525770717,1.40628475188223,2.93400884521588,0,0,-1.57198398667286,-0.386824893507433,1.69311157531715,0.954175542144626,18
70,4.55969038404287,2.01174784756349,-0.326553938939704,4.49688679756812,0,0,-0.222903436778283,0.416440271620911,1.18129091147582,0.166502822076402,19
70,4.85144388210777,0.970965928106838,-1.00051979960197,4.49688679756812,0,0,-0.0574548780234364,0.300859372919183,-0.0951680609333336,-0.0605810761751626,20
70,5.02649598094671,-0.629644821322598,-0.238858534928466,4.49688679756812,0,0,-1.14478466179896,-0.0902231279345781,0.0467807029141162,0.0370438725971692,21
70,5.41411134266151,1.58752027850734,0.255719509975408,5.38291627833655,0,0,0.0320101724841493,0.47087159964228,0.369417976514038,0.604341344473599,22
70,5.61417088419172,-0.700314455437041,0.613808238432442,5.38291627833655,0,0,-0.89797724729396,-0.168307524770935,0.86022881672802,0.643174306686423,23
70,5.95177136052397,-0.421070121841356,-0.335108718573824,5.38291627833655,0,0,-0.894171590997926,0.0714268129292607,0.206942108900452,0.196190528057835,24
70,6.09764810955642,-1.05614615251839,1.38353287433407,5.38291627833655,0,0,-1.31042972769459,-0.347847990959444,1.25288418832708,1.31979973625695,25
70,6.31437927954748,0.0544304191034896,0.042270679638981,5.38291627833655,0,0,-0.985521203093547,0.0892874736293934,1.33137347983172,-0.0647302784874194,26
70,6.50193509973206,-1.22963152916376,0.127123302298861,5.38291627833655,0,0,-0.895304695571187,-0.282567267231891,1.09472394787563,0.329815081398743,27
70,6.97290860375112,0.579876229957354,-0.516286990927925,6.8804679855364,0,0,-0.637212698099913,0.109749299816219,0.528656458739783,-0.227702778972712,28
70,7.14796070259006,0.509072112393377,0.706837407824183,6.8804679855364,0,0,-0.662094602364145,0.167855198896696,0.924024323277953,0.936333900114266,29
70,7.40220303661804,2.40815548578922,-1.6122308717384,6.8804679855364,0,0,0.345086148120704,0.557779207939716,0.111787269343342,-0.679759546803601,30
70,7.57308722834177,3.65050900110464,-2.11489234367673,7.54161273277042,0,0,0.734522639848137,0.964342363937789,-1.07954406812566,-1.16899101239027,31
70,7.75647514141113,1.87938831904429,-1.68522058927818,7.54161273277042,0,0,0.263351731045671,0.589335085892407,-0.157052578271185,-0.779128112412951,32
70,8.24412027389104,-0.342722622242106,-0.46888011716697,7.54161273277042,0,0,-0.972414055013856,-0.197256114999865,0.559682741433193,0.17575590664883,33
70,8.34415004465615,-1.91851268811527,1.51243702574519,7.54161273277042,0,0,-1.4051459582479,-0.412849578529519,1.50319494887317,1.35950540940558,34
70,8.7192616850253,-0.304318283360915,0.611389958317837,7.54161273277042,0,0,-0.694681100448909,-0.0413560332865122,1.11687570221441,0.670173622014052,35
70,8.84429889848169,0.438572549261437,-0.904764966469524,8.74818619737366,0,0,-0.297336128074084,0.168061555022145,0.279541205536916,-0.0792396495891799,36
70,9.21941053885085,0.343136440993326,-0.521735079697386,8.74818619737366,0,0,-0.380433107896256,-0.0742830896988075,0.719918781357758,-0.306610698705877,37
70,9.34027984519202,1.07292110905443,-0.183982197060195,8.74818619737366,0,0,-0.490422806503441,0.318458576817797,0.315387148933756,0.440788513733073,38
70,9.74873474248288,0.0533992280673289,0.216172319258771,8.74818619737366,0,0,-0.464765117474213,-0.201690048614932,0.612392426074941,0.741095585162709,39
70,9.96963381958916,-0.264038711542632,0.2410256982937,8.74818619737366,0,0,-1.15275495107406,-0.039320751242539,0.888202616324367,0.308966780291709,40
70,10.1196784757368,1.49595391654306,-0.562850440994588,10.0949600879873,0,0,-0.344255953028091,0.363770057147099,0.180639700369451,-0.0371812894220017,41
70,10.2697231318845,1.14575879181731,-0.267513566737389,10.0949600879873,0,0,-0.17613235294971,0.373722967571014,0.0617316238859339,0.0811162834136009,42
70,10.5489729086038,1.38157438900113,-1.05002440546709,10.4771670431418,0,0,-0.645832959272917,0.411096332775621,0.148078700798816,-0.23802610815326,43
70,10.7990473355165,0.52828900751637,-0.120506683509027,10.4771670431418,0,0,-0.378814868275887,0.150004888455258,0.792599072215494,0.328966801094445,44
70,11.0699612980054,0.505676158349028,-0.957227212229188,10.4771670431418,0,0,-0.662219821011575,0.154939035748888,0.217362965421593,-0.380302322595485,45
70,11.2950282822269,0.358014160823139,-0.77365532956217,10.4771670431418,0,0,-0.449526217908859,0.127528120191447,0.281698679667289,-0.0653622014475624,46
70,11.5826138731765,-0.423776448907992,-0.283054686190452,11.4765234592174,0,0,-0.970452094997165,-0.0295299195513992,0.841368887131497,0.338447141467953,47
70,11.8993748139327,-0.886440361506295,0.913090467474449,11.4765234592174,0,0,-1.09430050369596,-0.212066117045436,1.22570948782046,1.03382487448761,48
70,12.2077999404585,-0.250777106711669,0.67699266164062,11.4765234592174,0,0,-1.0827626659674,-0.0367244385645581,0.852310216695838,0.700973792056692,49
70,12.4370348317952,0.649148053639348,0.146680411195174,11.4765234592174,0,0,-0.594258227948449,0.318364010385918,0.696630581346889,0.360159494525046,50
70,12.7329562369753,-0.132509893232202,-0.81470164593299,11.4765234592174,0,0,-0.754793858787643,0.0819005701653683,-0.157948902240538,-0.617824702628768,51
70,12.9288478713903,-0.375272743540356,-0.405659463417318,11.4765234592174,0,0,-0.92228655918729,0.0560715942789125,1.03196155358714,0.529417677804458,52
70,13.0622208990771,1.40729196114857,-1.13529566340147,11.4765234592174,0,0,-0.0100138580249627,0.370137315729313,0.12057174271876,-0.668236557348291,53
70,13.2997916046442,0.487566143558253,-1.42844978276652,13.1696014027362,0,0,-0.432547531165755,0.255141654735875,-0.172854328657109,-0.457341319105233,54
70,13.5998809169396,0.389182723335453,-0.727027966925184,13.1696014027362,0,0,-0.632267448599028,0.0697759330453455,0.122940134719331,-0.312903636210245,55
70,13.9583209288479,0.962256914876476,-1.08095860295624,13.9099810391082,0,0,-0.442294935664729,0.200402643702267,0.513767307964421,-0.578097890452418,56
71,0,0.785412823405635,0.104950484297657,-Inf,0,0,-0.184760468886098,-0.190591072594041,0.587002465014326,0.00807023255177289,0
71,0.0250074426912772,0.681632292175535,0.723056887724411,-Inf,0,0,0.0313111536758765,-0.208536777964657,0.656270860880438,0.741187284288243,1
71,0.425126525751712,-0.108715476902609,-0.770700007882889,0.230703536840156,0,0,-0.260259705087355,-0.38170509600949,0.0790593629937867,-0.496438324876378,2
71,0.616850253051503,-0.929218497948282,0.774873875147625,0.230703536840156,0,0,-0.497918306971364,-0.761922203940569,0.75472863433821,0.58068018420359,3
71,0.791902351890444,2.62551511052241,-0.428012970736129,0.682503809824657,0,0,0.589828518366326,0.345547272926386,0.203319403106253,-0.346526406745702,4
71,1.19618934206609,-0.348668342975925,1.16969877056524,0.682503809824657,0,0,-0.894693170283359,-0.519140476066595,1.15156436794024,0.799358391347551,5
71,1.46293539743971,-0.878646288985382,-0.280924859548756,0.682503809824657,0,0,-0.669410089244045,-0.657229505632184,0.827798028620245,-0.175589906623519,6
71,1.62548377493302,-0.236412098235682,-0.797658050955207,0.682503809824657,0,0,-0.0259044711855606,-0.616747867677315,-0.215501896234128,-0.323754973958099,7
71,1.92974099434355,1.23902829064412,0.252776640432555,1.7164045146165,0,0,0.375498461734409,-0.221531623886925,0.349460849708286,0.533416107359588,8
71,2.22149449240846,-1.24112061760304,2.25927712797457,1.7164045146165,0,0,-1.03337764987243,-0.755968086736706,1.24803022281861,1.38455991487375,9
71,2.37570705567133,-0.0468609232478957,-0.0973317846699018,1.7164045146165,0,0,-0.0825318179434249,-0.472177353818287,0.112896773424781,-0.232664383796029,10
71,2.51324799047336,-0.348550131377085,1.2516023945197,1.7164045146165,0,0,-0.436696983916962,-0.452077831300183,1.1119039428853,0.90162143594452,11
71,2.98838940160762,0.0115517837054345,-0.445406866395253,1.7164045146165,0,0,-0.389483171852777,-0.535489313911666,0.286982455766116,-0.431974757216952,12
71,3.24263173563561,-0.154161849820436,0.495891943138205,1.7164045146165,0,0,-0.542073441672773,-0.57490000046404,0.62300783081145,0.00600394564800771,13
71,3.29264662101816,-0.27117108162389,-0.176648281608622,1.7164045146165,0,0,-0.26068589113469,-0.64552123641449,0.302340356601388,0.234027385072611,14
71,3.58440011908306,1.18506551186909,-0.0692405889919218,3.55052830741669,0,0,0.326468790557711,-0.234438045565947,0.0678298225134098,-0.144174226282838,15
71,3.9845192021435,0.208019396142136,-0.0939107880104798,3.55052830741669,0,0,-0.264610786613558,-0.468357515113105,0.317363005300032,-0.195812588073415,16
71,4.17624292944329,0.905893112430431,-1.7950333719991,3.99716597764502,0,0,0.0647267504891467,-0.424107997648338,-0.752994974538865,-0.664900327729413,17
71,4.3763024709735,1.38845415423535,-1.01190017476049,3.99716597764502,0,0,0.255806807094513,-0.162135725526141,-0.250413794168551,-0.995939042421751,18
71,4.55969038404287,-0.114378161322892,0.333789328338418,3.99716597764502,0,0,-0.23923878376707,-0.473968677501668,0.574675060494375,0.157350842299412,19
71,4.79309318249479,-0.290355452241005,-0.202194112001923,3.99716597764502,0,0,-0.471163769665568,-0.407848266665634,0.580531986934565,0.223188584798781,20
71,5.03066388806192,0.206396317695279,-0.84061911892761,3.99716597764502,0,0,0.019477313346549,-0.527943760421136,-0.279822875325058,-0.717389432519635,21
71,5.41827924977672,-1.24603111407759,0.801420285359789,3.99716597764502,0,0,-0.672668480268678,-0.814180281810277,0.873424946199338,0.567698725677134,22
71,5.67668949091992,-0.153533165363661,-1.07650585316875,3.99716597764502,0,0,-0.326584216636475,-0.474767874015774,0.0949480332354298,-0.263620577601406,23
71,5.99345043167609,1.62946620216189,-1.08098505494702,5.69806118622924,0,0,0.211494355734362,0.111698741250392,-0.285675886800941,-0.414069415091937,24
71,6.16433462339982,4.01385241073876,-2.3309379349059,6.06828195824145,0,0,1.51489951295207,0.664753429252659,-1.11980437223127,-1.83227712909206,25
71,6.46025602857994,0.157196432299364,-0.393197581815816,6.06828195824145,0,0,-0.271154288140343,-0.394790490842179,0.156227354641964,-0.0865567335823898,26
71,6.72700208395356,-0.341068368248273,0.125384571981319,6.06828195824145,0,0,-0.483145326880377,-0.535532063812066,-0.0898998360337407,0.03334005000481,27
71,6.76034534087526,-0.683634994789738,0.677918034262279,6.06828195824145,0,0,-0.696198369980754,-0.592542523950884,1.15884270252729,0.494099547048145,28
71,7.05209883894016,-0.0445417706338889,1.03409752005178,6.06828195824145,0,0,-0.11533216264466,-0.480405267298749,0.824743879559519,0.779244667628526,29
71,7.28966954450729,1.3990559403448,-0.608029830578897,7.25025901297251,0,0,0.294486047224917,0.112878436019425,-0.715709782260355,-0.210740663802105,30
71,7.73980351295028,-1.30048204188901,0.368736581709488,7.25025901297251,0,0,-0.787631351230389,-0.860377719561878,0.372754021604304,0.259262662857211,31
71,7.92735933313486,-0.0962625370523473,0.705453537272547,7.25025901297251,0,0,-0.547710032921144,-0.520496722519459,0.529035369847171,0.171899070873479,32
71,8.16076213158678,1.05997446808628,-2.29606082662714,7.25025901297251,0,0,-0.0978078341391985,-0.197855198860755,-0.653996547380154,-1.43979271657795,33
71,8.26912771658232,2.78780135565144,-1.06412667684033,7.25025901297251,0,0,1.10089640592876,0.239589194150516,-0.407472313978638,-0.61244044740144,34
71,8.72759749925573,-0.0172864789217685,-0.711327648430677,7.25025901297251,0,0,-0.353262721618076,-0.57876612737312,-0.00206867220463395,-0.51270890504945,35
71,8.75260494194701,-1.44292870680841,0.26005927151625,7.25025901297251,0,0,-0.953945407492578,-0.775469122345014,-0.56360432488491,0.36770414120864,36
71,9.13605239654659,0.050714230980425,0.17932573806754,9.01819173324352,0,0,0.0827615341614353,-0.450154180493701,0.21538549447177,0.184730870888169,37
71,9.44864543018756,0.813977473332867,-1.94722445969502,9.01819173324352,0,0,0.318744991234213,-0.390468593389196,-0.420275655787234,-1.34555150979362,38
71,9.54033938672224,-0.819702593679192,-1.29756869657049,9.01819173324352,0,0,-0.459730679299291,-0.68155667791325,-0.124441959786963,-0.579349194178487,39
71,9.99047335516523,-0.371769880911968,0.778544961041297,9.01819173324352,0,0,-0.384695750904922,-0.68201432201341,1.20164184649102,0.518647490709602,40
71,10.0863352188151,-0.646173057324139,0.743065543412957,9.01819173324352,0,0,-0.336829356826075,-0.512466377724697,0.542453397847611,0.648441100408011,41
71,10.4989580232212,0.167126597031553,1.74533731357908,10.1371223203211,0,0,-0.0677179621010877,-0.40364497148721,1.45388097385514,1.22066386275699,42
71,10.7198571003275,1.54898332326426,-1.50784957950435,10.614251312875,0,0,0.751763051740445,-0.0856745449660738,-0.475144658404594,-0.709700246558996,43
71,10.76987198571,1.27838843696479,-1.3329913254206,10.614251312875,0,0,0.364968173047022,-0.0410247618572106,-0.433943044581344,-1.0532544988409,44
71,11.2158380470378,1.56395454643695,-2.20485093866833,10.614251312875,0,0,0.253747138749517,0.0047896831413634,-0.969081387120624,-1.33528656325256,45
71,11.4700803810658,0.202144256992872,0.792289093493204,10.614251312875,0,0,-0.0900049406526438,-0.35150934088958,1.24515969082552,0.551458500740707,46
71,11.5409348020244,-1.17067257776323,1.6276178094464,10.614251312875,0,0,-0.445278042987703,-0.718402830144149,0.923135114855646,0.961917467175661,47
71,11.8618636498958,0.368079808652129,1.50153722620441,10.614251312875,0,0,-0.15310222925417,-0.253656887449182,0.673135723923906,1.16843391789866,48
71,12.0494194700804,0.472384550138731,0.81718293491485,10.614251312875,0,0,-0.209515456564278,-0.40909271531043,0.66507300191668,0.277765981376794,49
71,12.4745459958321,-0.119282954781234,0.0228992284189429,12.229959410386,0,0,-0.530647306601513,-0.624225117178252,0.0320610435520094,0.289927852889242,50
71,12.5745757665972,1.84153358348853,0.198281503077696,12.5465857208259,0,0,0.323416233611245,0.165174513984871,0.410678368358547,0.0821362714725838,51
71,12.7746353081274,1.55574161179187,-1.755409530297,12.5465857208259,0,0,0.336161304292286,-0.109822678914177,-1.13686482637418,-1.00104201001461,52
71,13.2247692765704,-0.171083048695974,0.479588529848313,12.5465857208259,0,0,-0.160773906105856,-0.440147203646269,0.014992246330068,0.666574871328085,53
71,13.3498064900268,-1.65040595375485,0.2296737330894,12.5465857208259,0,0,-1.09223790518649,-0.892711399783275,0.048407358503429,0.168892955077704,54
71,13.5832092884787,-2.43846306047578,1.53778451452616,12.5465857208259,0,0,-1.06256507461858,-1.09691222422873,1.00357908146274,1.01670363836648,55
71,13.7582613873177,-0.206226176315119,1.41525278171433,12.5465857208259,0,0,-0.77349235311346,-0.343028438985526,1.24950982072214,0.818509675591913,56
72,0,1.25684720442983,-1.70037485704211,-Inf,0,0,0.471078978261104,0.293708345010444,-1.33223099212884,-0.718406511346318,0
72,0.112533492110747,1.43605230493386,-0.0370567145977268,-Inf,0,0,0.294883934719697,0.499808743532141,-0.555891399835852,0.426811815048784,1
72,0.32092884787139,0.325786057357218,-0.681667244855631,0.195032948220614,0,0,0.544972224508688,-0.0465357860089086,-0.230984189602079,-0.561063996049675,2
72,0.687704674010122,-0.0336725770710142,-1.22124651759772,0.195032948220614,0,0,-0.207476415003003,0.0411117398627897,-1.14250824109785,-0.368534361441744,3
72,0.800238166120869,0.159162327264716,-1.01059402843114,0.195032948220614,0,0,0.280894945667537,0.0552682292167567,-0.485264811460087,-0.531770845601485,4
72,1.08365584995534,-0.241115426881045,-1.05290200417408,0.195032948220614,0,0,0.0336673831746193,-0.0613896486880144,-0.648309054256434,-0.437969229438852,5
72,1.42959214051801,0.321763454109538,-0.324579276234239,1.18533058168653,0,0,0.114609632285147,0.0974268609468873,-0.44793331616018,-0.244103259477041,6
72,1.64215540339387,0.374237881607692,0.998415889808564,1.18533058168653,0,0,0.109274915381739,0.0544020942543111,-0.0534598901222971,0.87586454465828,7
72,1.83804703780887,0.750802586412375,-0.253383796176146,1.18533058168653,0,0,0.32989508518948,0.180020462347619,-0.817028466706064,0.245774317199096,8
72,2.22149449240846,-0.646303383724102,-0.629943009982049,1.18533058168653,0,0,-0.0527331768997898,0.0543435334290568,-1.07706881037943,0.00552563154063698,9
72,2.37153914855612,1.07402989831595,-1.95927203657905,2.29530163826063,0,0,0.716207414900968,0.330291104013581,-1.00633561694369,-1.04476424544234,10
72,2.52158380470378,1.88917658043695,0.262537891547589,2.29530163826063,0,0,0.815940218292183,0.443424347199806,-0.328024377649277,0.32112291109791,11
72,2.97171777314677,2.30377398994703,-1.84204023026415,2.92771284381787,0,0,1.15955957670656,0.592853556866585,-0.741623657062837,-0.74211634559534,12
72,3.21345638582912,-0.140625230330862,0.0835820466705215,2.92771284381787,0,0,0.072633911922705,0.0665058292410241,-0.776173371719694,0.777094170809758,13
72,3.48437034831795,-0.671548040344209,1.23907131916566,2.92771284381787,0,0,-0.17623024539624,-0.194582257439809,-0.10679945191511,1.10560378912657,14
72,3.53021732658529,-0.637068414585414,0.103401512312157,2.92771284381787,0,0,-0.149509253994601,0.0239472510168582,-0.516646388795434,0.700429961006008,15
72,3.83030663888062,0.323897393131681,-2.19869429914801,2.92771284381787,0,0,0.375674629742007,0.217764462822403,-1.81556888023054,-0.902104818562587,16
72,4.08038106579339,0.881582067251576,-1.41675485978524,2.92771284381787,0,0,0.278446930280637,0.347397823994878,-1.26274016384046,-0.704040839431779,17
72,4.49717177731468,1.50008864359182,-1.15920887530304,2.92771284381787,0,0,0.640392203548917,0.490967361273362,-1.04513403159512,-0.311792942624637,18
72,4.68889550461447,-0.23468143313051,-0.387724722236905,2.92771284381787,0,0,0.310232341034984,-0.189788049971357,-0.684509582045739,-0.1391307772773,19
72,4.92229830306639,1.00999553935124,0.524995294318198,4.7190104827446,0,0,0.445545079408539,0.224684459169372,-0.664513146899981,0.677718027047371,20
72,5.16403691574873,0.481872788179333,-0.548060555145333,4.7190104827446,0,0,0.28954245033542,0.154474587402213,-0.550088846331869,-0.451440134642502,21
72,5.39743971420066,-1.66246962948069,-0.496509036400081,4.7190104827446,0,0,-0.599731680082097,-0.429357794319553,-1.01007938887497,-0.11568963490407,22
72,5.74754391187854,1.53592301406283,-1.63775263612802,5.55559833179264,0,0,0.509438290953349,0.503845590452952,-0.922389043636294,-0.705160445336261,23
72,5.96010717475439,-0.646019657278226,-0.68689063495465,5.55559833179264,0,0,-0.379263256621326,-0.266806233940491,-0.779363744280008,-0.312206501173779,24
72,6.06430485263471,1.0415539482357,0.551475918855281,5.55559833179264,0,0,0.585594699688459,0.195401920631431,-0.51809369801197,0.641137780055438,25
72,6.46859184281036,-0.144168602150597,-0.728685898970051,6.14091215756579,0,0,-0.360627185491218,-0.0735079963290483,-0.924678531805314,-0.277708640921696,26
72,6.57278952069068,-0.960484474024741,-0.134875069116,6.14091215756579,0,0,-0.288849819036955,-0.284684920931067,-0.254453575239583,0.200228762418202,27
72,6.79368859779696,-0.414473751113027,-0.493585034186038,6.14091215756579,0,0,-0.423460205656882,0.101375696194154,-0.887944780153507,-0.317236763720357,28
72,7.23548675200953,0.641849975184097,-1.22917199219318,6.14091215756579,0,0,0.529884710702355,0.0919305414920259,-1.58906713584981,-0.366096161046103,29
72,7.34385233700506,-0.00205051984976293,0.112992695622153,6.14091215756579,0,0,0.145375535526322,-0.195992971098137,-0.67700381105139,0.0315985565518286,30
72,7.5814230425722,2.40677357071821,-2.49150673017077,7.53678890684297,0,0,0.864731829864904,0.538466360475873,-1.87262512016395,-1.30762519502303,31
72,7.86900863352188,1.89358886272504,-0.79763021578738,7.53678890684297,0,0,0.948862137547738,0.642741468487265,-0.751925694354074,-0.407110644695209,32
72,8.14825841024114,-0.0304749151957036,-0.137362470027814,7.53678890684297,0,0,0.208431971130867,-0.140887907511049,-0.637343099323743,0.162727902707281,33
72,8.47752307234296,1.3869238858359,-0.240263994778127,7.53678890684297,0,0,0.389237837025779,0.481233565355319,-0.71070753486982,-0.0166972001781928,34
72,8.71509377791009,-0.568894315732548,0.47302054906743,7.53678890684297,0,0,-0.319152260178291,-0.226717514935291,0.0751095984490289,0.4191996356605,35
72,8.79428401309914,0.28003167772469,0.864708208678419,8.76029195423202,0,0,-0.0721052720684189,0.0646446472494188,-0.176096171671002,0.760513928465585,36
72,9.19857100327478,-1.72336279170278,2.36308456915916,8.76029195423202,0,0,-0.713570537351642,-0.490096081860814,0.431034103364568,1.78263969133316,37
72,9.30693658827032,-0.856763265607537,0.804496415681075,8.76029195423202,0,0,-0.508775042924843,-0.276313691747486,-0.193344643981573,0.890436477800641,38
72,9.63203334325692,0.572568473126424,0.444620650181418,8.76029195423202,0,0,0.365048802119574,0.00158263052841609,0.0287463141912663,0.244124996527724,39
72,9.88627567728491,0.44362541318472,0.603095159604816,8.76029195423202,0,0,0.471412692519809,0.392083396970636,-0.285144130799885,0.566600441842717,40
72,10.1405180113129,2.92989910017659,-2.1674200110765,10.0810557180389,0,0,1.23712820375766,0.91633837034413,-1.84946714784331,-1.44462307785359,41
72,10.4906222089908,2.47283690800711,-1.68831514376992,10.4325079755446,0,0,0.906968978273884,0.620502669030272,-1.36218910921478,-0.950042132674502,42
72,10.5114617445668,2.65153137618444,-1.16220228202709,10.4325079755446,0,0,1.40323838131606,0.704957080884627,-1.27163757400765,-0.564742813437049,43
72,10.7740398928252,0.112643038335505,-2.83128673550381,10.4325079755446,0,0,0.0404532379558866,0.063591758142015,-2.10312918761345,-1.4655075915025,44
72,11.0491217624293,2.84258297635658,-3.53208154468408,10.4325079755446,0,0,1.06670432716649,0.931371339895756,-2.24099882886219,-1.96132992025657,45
72,11.2866924679964,0.725494006432105,0.157252598427681,10.4325079755446,0,0,0.492994154345332,0.21020119419229,-0.986970146100366,0.194966358538229,46
72,11.6242929443287,1.33210043906983,-0.350957477876131,11.466079479413,0,0,0.707555787094792,0.319079808206993,-0.334064996886179,-0.112936717348919,47
72,11.8618636498958,1.43891536138528,-1.23461431997211,11.466079479413,0,0,0.943833872402709,0.349272848026896,-0.878694221569988,-0.341016033244326,48
72,12.236975290265,0.0383858737401759,-1.08566622600038,11.466079479413,0,0,-0.0467994801303194,0.0542245041770089,-0.895863582342155,-0.673698798542848,49
72,12.3870199464126,-0.0752996887580095,-0.19384290419114,11.466079479413,0,0,-0.0399141286970359,-0.213270749198563,-0.393553846743292,0.175840383184516,50
72,12.6871092587079,0.33064648217731,-0.0891277237874898,11.466079479413,0,0,0.410992024581439,-0.0825982035236541,0.0966902953088881,-0.0144092729794336,51
72,12.8621613575469,0.467793826159679,0.0695242208763998,11.466079479413,0,0,0.428192684925046,0.258939098929737,0.100374702094957,-0.105207964994819,52
72,13.2122655552248,1.38693693989635,-1.26740267992962,11.466079479413,0,0,0.512746564525399,0.516731094912947,-1.02745885787999,-0.214507928273431,53
72,13.4581720750223,0.52116502071011,-0.905508661401752,13.2620308224363,0,0,-0.0879038135769855,0.00646934319214079,-0.735615920524166,-0.434080546790035,54
72,13.6999106877047,0.23460819876125,-0.920290055884153,13.2620308224363,0,0,0.0445698673090768,0.186649065620803,-0.893697761479902,-0.484697779364721,55
72,13.8582911580828,0.262210882045813,-0.601592811342923,13.2620308224363,0,0,0.219044337299152,0.215003173370548,-1.02254739676398,-0.440563830180817,56
73,0,1.36040814029574,2.05052322125795,-Inf,0,0,0.802587992408818,0.228996787900068,1.66945416614371,2.08707118147247,0
73,0.20422744864543,1.92147119776328,-1.35359647294036,0.0281328670447692,0,0,1.3268224174052,0.525661452727288,-0.497217141439507,-0.705409705836435,1
73,0.275081869604049,2.33085851918178,-2.45692929261026,0.0281328670447692,0,0,1.2714571925548,0.528687465186329,-1.29785131519964,-1.19267845669677,2
73,0.721047930931825,2.54675508269949,-1.95318908047999,0.675558211978597,0,0,1.43100386179087,0.71283181039312,-0.951167309502909,-0.664966384933482,3
73,0.791902351890444,2.95759673789354,-2.22669025800596,0.675558211978597,0,0,1.18063851622458,0.818335491516168,-0.696581245484913,-0.964915841032676,4
73,1.22953259898779,1.23510394903394,0.546085638641676,0.675558211978597,0,0,0.937464855975563,0.341200314684699,0.397435086712048,0.711669383867857,5
73,1.43792795474844,-0.0835750702114917,-1.10033894694586,0.675558211978597,0,0,0.344355200153234,0.0762339048338155,-0.613364091668932,-0.152791087093232,6
73,1.54629353974397,1.46535931505419,-1.25045265535712,0.675558211978597,0,0,0.958735958013648,0.419463214350197,-0.210038136737245,-0.253439798541727,7
73,1.78803215242632,1.46405646235085,-1.15257616366366,0.675558211978597,0,0,0.678626249287579,0.257169695854204,0.258043899682607,-0.0877744637651893,8
73,2.18815123548675,3.3587293457753,-1.63264214918519,2.0385059094952,0,0,1.88924005963489,0.874395118272511,0.121107828093479,-0.552875816491252,9
73,2.35903542721048,0.275811654419577,-0.691470471797238,2.0385059094952,0,0,0.273159661165154,0.012216634443042,-0.100851881238309,0.221745337764449,10
73,2.72997916046442,1.05093074522139,-0.043859564996161,2.0385059094952,0,0,0.669612244980925,0.339603563760793,0.863223616787139,0.44470420907695,11
73,2.7549866031557,1.81106815914067,-0.403263615211435,2.0385059094952,0,0,0.763392013096228,0.450398078389719,0.240624659275164,0.31116155321482,12
73,3.08425126525752,-0.061758097685556,0.490555557578272,2.0385059094952,0,0,0.053280416912028,0.0567954274578406,0.918320979809566,0.587993423218328,13
73,3.25096754986603,0.169769400539248,0.206732234878062,2.0385059094952,0,0,0.313688922013785,0.146971974181311,0.896245972995485,0.360566290187971,14
73,3.62607919023519,0.143057597799924,0.0730716832326859,3.41097149799506,0,0,-0.0030589387980639,-0.0722946850129478,0.74731914377528,0.578325266440807,15
73,3.8886573384936,-0.437184023679254,-0.147210510728364,3.41097149799506,0,0,0.506727927631971,-0.0961696040036177,0.753814396581179,0.471809015536534,16
73,4.21792200059542,2.33618039309828,-2.66448567586726,3.41097149799506,0,0,1.33715996274852,0.614593523546263,-1.54160494461793,-1.11470370520324,17
73,4.35546293539744,1.7613742000626,-2.33373465179295,3.41097149799506,0,0,0.965538466124264,0.641210775089347,-0.555673815769582,-0.924582957457504,18
73,4.58469782673415,3.52962128347926,-2.64109713301265,4.3999670643055,0,0,1.8795288752332,0.834117519713805,-0.738249828989676,-1.02689244454451,19
73,4.95147365287288,0.0810408108903729,-0.695351087231952,4.3999670643055,0,0,0.566919944093761,-0.0406586398647181,0.12708431743617,0.0465881293633981,20
73,5.15986900863352,2.37009154441766,-1.5057975892451,4.96224066958798,0,0,1.17602131986189,0.644704776375006,-0.0612951180536236,-0.711303406064671,21
73,5.28490622208991,1.59091671819613,-0.0195363243663408,4.96224066958798,0,0,1.46740457882412,0.489134908745805,-0.0362507055342647,0.0171331682922977,22
73,5.59333134861566,0.554267580920282,-1.35326564054954,4.96224066958798,0,0,1.09760393886851,0.0453735802884073,-0.323466025204323,-0.30172885447076,23
73,5.9642750818696,1.79157990129746,-1.7443041363973,4.96224066958798,0,0,1.19105837839422,0.458767003672124,-0.44122126512657,-0.362419659131612,24
73,6.12682345936291,2.19029355279043,-0.968880035483461,4.96224066958798,0,0,1.10452506659563,0.582440327964304,0.109346463163697,-0.341752865892204,25
73,6.26853230128014,0.65203948156691,-0.454296677751466,4.96224066958798,0,0,0.756284784970067,0.183391382756515,0.11028211855828,0.261231841643426,26
73,6.65614766299494,0.879456677263588,-1.32695133639448,6.50480588573354,0,0,1.05373485846698,0.0448043230819716,-0.098066226327617,-0.463424070452369,27
73,6.99791604644239,-0.426672695614822,-1.03270105417228,6.50480588573354,0,0,0.0269639418699125,-0.0657104020589167,-0.136278390550102,-0.0466414535035534,28
73,7.01458767490324,-0.608839632340528,-1.086865096364,6.50480588573354,0,0,-0.0473916374102983,-0.111927443631477,-0.0844363672764205,0.0480065635961205,29
73,7.49806490026794,1.41617533347445,-1.96513899063858,7.38827752376584,0,0,1.03585351751913,0.275159365822185,-0.493276807699426,-0.693703698065518,30
73,7.6147662994939,1.3647167153984,-0.0631077658336439,7.38827752376584,0,0,1.07627771121487,0.251221002818411,-0.320301942165459,0.193644935239416,31
73,7.94819886871093,0.136399582954933,-0.228530399805516,7.38827752376584,0,0,0.390393188035791,0.12229270530933,0.484003913115542,0.344742912840102,32
73,8.20244120273891,-0.72285501424846,-1.31016400637941,7.38827752376584,0,0,-0.0582444521745466,-0.176787680520631,-0.0259432996026475,-0.289628967459933,33
73,8.41500446561477,-0.603280757436917,0.843462703678043,7.38827752376584,0,0,0.199149959755886,-0.420453683447909,0.79494695308738,1.09989396895436,34
73,8.52753795772551,-1.03661559178287,-1.24437670807287,7.38827752376584,0,0,-0.0841513474467984,-0.278018054137654,-0.379756213133512,-0.195722166360449,35
73,8.75260494194701,0.960561938384246,-0.103791795302202,8.53803560636902,0,0,0.499404456521201,0.316980682367768,0.543577089396927,0.708188218371958,36
73,9.14855611789223,-0.673857068709641,-0.315391855466614,8.53803560636902,0,0,-0.0512817467128272,-0.123888105358893,0.0183187114761125,0.564545467599913,37
73,9.32777612384638,-1.09971150369544,1.2796696533033,8.53803560636902,0,0,-0.236704357166564,-0.310592505772223,0.701062719314105,1.0699907734898,38
73,9.54450729383745,-0.832561564306109,1.86494542377375,8.53803560636902,0,0,0.0179721642016512,-0.10868253836874,1.73437922710744,1.55571724491958,39
73,9.86543614170884,-1.84047977127222,2.47345974388993,8.53803560636902,0,0,0.193894457474091,-0.567768014304111,1.77232329203808,2.14927561026256,40
73,10.1655254540042,0.860326335660239,-0.713339770007879,9.89505371654657,0,0,0.669213233842232,0.221218943053482,0.376543736783835,0.0376320919040146,41
73,10.4155998809169,-0.0980128434766656,0.292073637890178,9.89505371654657,0,0,0.0500157958804894,-0.094673961349416,0.696759166109578,0.683914068899716,42
73,10.5364691872581,1.47049739156903,-0.36542302161302,10.5173148570869,0,0,1.01774627116246,0.39690058533593,0.247682133549269,0.370578330360635,43
73,10.9532598987794,-0.566401359155582,1.60724904495905,10.5173148570869,0,0,0.00298815980710859,-0.115894053458558,1.14661105821914,1.51084455427039,44
73,11.2075022328074,-0.479162213403055,-1.15258645696188,10.5173148570869,0,0,0.480356801397051,-0.0788827636891951,-0.229875757807822,-0.327258304881023,45
73,11.4492408454897,0.772259635449821,0.879905133708296,10.5173148570869,0,0,0.694913976114288,0.114994294677974,0.612851504032792,0.901357404971246,46
73,11.6576362012504,-0.344621121089636,1.20534485716306,10.5173148570869,0,0,0.491522197599908,-0.0316070448136244,1.31339717073207,1.36257903590328,47
73,11.9368859779696,1.38714921273589,0.659714583134768,11.8833800869797,0,0,0.573195614921366,0.500765750613693,0.416566244190596,0.879692240209678,48
73,12.0160762131587,1.40318272530221,-0.090695070223094,11.8833800869797,0,0,1.08608575363732,0.493959009074329,0.392449620097525,0.307547142991546,49
73,12.2786543614171,0.654966499611523,-0.259759292617481,11.8833800869797,0,0,0.800332808881284,0.168990907363883,0.585682644694024,0.289358375601615,50
73,12.6120869306341,-0.537029263975133,-1.7499031020551,11.8833800869797,0,0,0.146879324971833,-0.177170918376043,-0.0014523554180001,-0.437580832618451,51
73,12.8913367073534,2.58467893675398,-0.505073445477615,12.8193740326231,0,0,1.36706634189829,0.627897118044763,0.0452204713167098,7.64235476088948e-05,52
73,13.1455790413814,2.07179828672697,-0.248173788803876,12.8193740326231,0,0,0.888470242026561,0.440414021148819,0.49442295716791,0.104253581116897,53
73,13.4248288181006,0.906694781218944,-0.745212749935689,12.8193740326231,0,0,0.892917571890301,0.27721110322223,0.560991735768307,0.353998684369623,54
73,13.5665376600179,0.233164632074701,0.22893296939332,12.8193740326231,0,0,0.281281735081013,0.263533107726776,0.890476168793615,0.648123496159626,55
73,13.7832688300089,-1.07530380651958,1.03622865873367,12.8193740326231,0,0,-0.00307037951272304,-0.157374701291539,0.427893328617458,0.98740235283524,56
74,0,1.63460074524608,0.0804183122236484,-Inf,0,0,0.201649484165934,0.104301927048912,-0.27171896933189,-0.496584327348576,0
74,0.158380470378089,2.1268129683988,1.43542755093348,-Inf,0,0,0.814378620189226,0.096043359577143,0.364255179177467,0.752070042384954,1
74,0.43763024709735,-0.632616571749638,0.380442269947591,0.333640393323731,0,0,-0.681589943336419,-0.354460651776532,0.207921418642642,-0.151224642313252,2
74,0.662697231318845,0.645825925559195,-0.794994849961757,0.333640393323731,0,0,0.319474991476337,-0.190442235715565,-0.324322492924635,-0.501326518083623,3
74,0.966954450729384,2.41860383170704,-0.551364784642621,0.718625749156882,0,0,0.373659387542771,0.382473142176874,0.0332515457039365,-0.394919137185826,4
74,1.18368562072045,-1.1653670891286,1.01473324838472,0.718625749156882,0,0,-0.708326703902924,-0.562291558784413,0.393896235244445,0.0703750914125679,5
74,1.47127121167014,-0.967452397459732,1.22303658343869,0.718625749156882,0,0,-0.477171181260014,-0.512195937684997,0.948021991738199,0.829101148588181,6
74,1.67133075320036,-0.651371146110243,1.70363060951971,0.718625749156882,0,0,-0.357544911372268,-0.350030001165749,0.538358545927674,1.03508583523902,7
74,1.90473355165228,-0.506395804992609,-0.766859114432555,0.718625749156882,0,0,-0.561437917850473,-0.499236340108432,0.128594935266121,-0.453779149546641,8
74,2.11312890741292,-0.861459544710237,1.72647425801469,0.718625749156882,0,0,-0.696286546956715,-0.461271580981827,0.552457377423919,1.04136809965083,9
74,2.29651682048229,2.31789556289406,0.197943568738822,0.718625749156882,0,0,0.679566816946892,0.245090707715623,0.35542623002489,-0.101457244528551,10
74,2.65078892527538,-0.0441559958294653,-0.377635823547037,2.43171157382536,0,0,-0.227757954058016,-0.256311966306379,0.152053763050176,-0.498717716395511,11
74,2.87168800238166,0.688599724067592,-1.44572111262044,2.84307447981018,0,0,0.229708536726347,-0.156601762392507,-0.605914830365226,-0.824047330010743,12
74,3.03423637987496,0.792030226381668,-1.45245831707955,2.84307447981018,0,0,0.40879504864085,-0.0432678181279929,-0.71344087977511,-0.80303469451555,13
74,3.43852337005061,1.50787597661842,-0.162091123463973,2.84307447981018,0,0,0.448067521945988,-0.065017609197529,-0.22703604398569,-0.0789610668392735,14
74,3.67609407561774,1.23458943895644,-0.171828531297662,2.84307447981018,0,0,0.267869816517559,-0.143311281046168,0.0855519826853957,-0.46385905478539,15
74,3.77612384638285,1.65409263079592,-0.241364244244974,2.84307447981018,0,0,0.51956326375981,0.0279409600036602,0.335517392496958,-0.103302078588593,16
74,4.2137540934802,0.532694795878847,0.219827872179734,2.84307447981018,0,0,0.150612078824053,-0.0949196548595894,-0.543713662787455,-0.0711635514226298,17
74,4.27210479309318,1.96696618703917,-0.939972127582751,2.84307447981018,0,0,0.519046497711588,0.142978043176252,-0.836936617692561,-0.620976233498828,18
74,4.70139922596011,0.435926934854763,-0.310872308944381,4.65819964112463,0,0,0.0848621400050385,-0.283605489325593,-0.17576008467122,-0.110569641693856,19
74,4.81393271807085,1.58287497563579,0.647584300228683,4.65819964112463,0,0,0.140706907221259,-0.0716501285517921,-0.0791049700360908,0.0844177955382416,20
74,5.10985412325097,0.00441566698305934,0.293806170974639,4.65819964112463,0,0,0.0137969719491192,-0.317872464102724,0.486679747205137,0.16931580374698,21
74,5.49330157785055,-0.313794728703553,0.604519772848101,4.65819964112463,0,0,-0.0710072951890763,-0.439778487760681,0.364795104831347,0.306050145111887,22
74,5.57665972015481,-0.0839008686958653,1.97557018950722,4.65819964112463,0,0,-0.161192192111514,-0.356233493165875,1.37020934084936,1.18760716363876,23
74,5.82673414706758,-1.13576570798196,1.46845147956272,5.72654240894167,0,0,-0.414228560045814,-0.591639003497082,0.17640988325778,0.772993713377751,24
74,6.06430485263471,-1.87849262987033,2.21076973480272,5.72654240894167,0,0,-1.09292125893563,-0.814680747308645,1.04397162488735,1.47145862261593,25
74,6.285203929741,-0.809210965825044,0.896323464980186,5.72654240894167,0,0,-0.402932192067496,-0.493742509786326,0.405245729943229,0.327745456881302,26
74,6.60196487049717,1.15291035151305,-1.69740637271952,6.40112519915072,0,0,0.190466942707349,-0.160118342931701,-0.640772237120186,-1.43789269517614,27
74,6.80202441202739,-1.77763964909765,1.14011564833821,6.40112519915072,0,0,-0.798214335505936,-0.682408044050927,0.545122701988453,0.220972419332366,28
74,7.1938076808574,-0.406970800907272,1.69630695023927,6.40112519915072,0,0,-0.510221055712045,-0.547919222170938,0.685097637300929,0.547010662274429,29
74,7.36052396546591,-0.0988621042470122,0.242379181170566,6.40112519915072,0,0,-0.107576412678382,-0.360855480762872,-0.449157901580626,-0.0987690103996752,30
74,7.61893420660911,2.32050306216752,0.484069122033289,7.38966373925706,0,0,0.505808612861002,0.259836227400856,0.420139834120819,-0.153430940309157,31
74,7.76897886275677,0.60829791346667,0.759493614322027,7.38966373925706,0,0,0.209088651892504,-0.184788039934094,0.0950345378204684,0.400914467460201,32
74,8.00238166120869,-0.153866126328081,0.306932923443613,7.38966373925706,0,0,-0.384641083529595,-0.275351829791657,0.092357480802101,-0.26967585949078,33
74,8.26079190235189,-0.765803599603868,0.392266115670882,7.38966373925706,0,0,-0.504661990793838,-0.46208555933076,-0.0417115497608739,0.18657653639752,34
74,8.66507889252754,0.39203134709595,-1.30828237726233,8.42356461378244,0,0,-0.304974584050468,-0.279933722386304,-1.01452826765519,-1.03646464774608,35
74,8.79011610598393,-0.768388863169463,0.121216308156385,8.42356461378244,0,0,-0.226135075976019,-0.51776053051034,-0.106676288856274,-0.262566153879488,36
74,9.07770169693361,1.5881070024923,0.346428413843,8.42356461378244,0,0,0.462703720035516,0.0263686642471372,-0.156715228591656,0.0810694270423669,37
74,9.37362310211372,1.97966479078225,-2.51970290067255,9.35939055591141,0,0,0.111572352766524,0.050701738946115,-0.999937643815825,-1.66271006239684,38
74,9.67371241440905,0.367613126577006,0.93980118712269,9.35939055591141,0,0,0.0748239754191318,-0.159972407434197,0.847165265041656,0.68543964076823,39
74,9.95713009824352,0.247783845054293,-0.792959541841996,9.35939055591141,0,0,-0.292386901229587,-0.126497723421338,-0.383367416622794,-0.60644855729184,40
74,10.1405180113129,1.0984787073885,0.805389845492906,9.35939055591141,0,0,0.18902955163836,-0.0665887626992302,0.40324246787912,0.236939370118919,41
74,10.3530812741887,1.09356715980912,-0.308377670730336,9.35939055591141,0,0,-0.305676050490515,0.0338696672366972,0.086130055596814,-0.254584150113773,42
74,10.6114915153319,1.69173656924459,-1.32246394666867,9.35939055591141,0,0,0.625167403882686,0.105303591816141,-0.52723557481495,-0.877253553058577,43
74,10.9157487347425,-0.0301178703274512,-0.336501237193566,9.35939055591141,0,0,-0.210777573900576,-0.384801300299766,-0.884155570847656,-0.457771491949119,44
74,11.0699612980054,-0.589265558031236,-0.505475218383169,9.35939055591141,0,0,-0.654573339568914,-0.503004538217156,0.0649293655979248,-0.444477646989995,45
74,11.3242036320333,1.09122060950334,-1.48559248090121,11.1837553560555,0,0,0.199631044298341,-0.0718450437329636,-1.06726221451487,-1.40257437238235,46
74,11.5992855016374,0.14603267192111,-0.176400952325843,11.1837553560555,0,0,-0.0126492441484986,-0.415720427258389,0.305588497161528,-0.0692260374239178,47
74,11.8243524858589,0.226972356750884,-2.47243195110677,11.6414771060495,0,0,0.358911585030065,-0.283422166399474,-1.93255693447115,-1.82277672137042,48
74,12.1411134266151,-0.448985724087581,-0.639773589494643,11.6414771060495,0,0,-0.659616421165599,-0.58894416758514,-0.496265606319742,-0.552942339814834,49
74,12.4036915748735,0.781772066512413,0.95698566870269,11.6414771060495,0,0,0.0102966997325341,-0.0999789116100004,-0.0387842320416479,0.60646328091631,50
74,12.5954153021733,0.824342391935617,-1.39345475330328,11.6414771060495,0,0,0.317524859991528,0.0785990343536993,-0.63887865289354,-0.907435269047111,51
74,12.8121464721643,2.62294715196871,-2.39816040745786,12.69990792887,0,0,0.571234098111311,0.304563075789476,-1.04754711032489,-1.77330453923558,52
74,13.1122357844597,0.343007914732572,-0.0732209274937286,12.69990792887,0,0,-0.285173419870452,-0.155750408658088,-0.398492074230745,-0.305059908034067,53
74,13.274784161953,0.205985055476714,1.04748550995814,12.69990792887,0,0,0.0313454459376539,-0.258262429823095,0.698249036622268,0.242114283928084,54
74,13.5331944030962,0.485917822682656,-0.149514813607858,12.69990792887,0,0,0.348429050230291,-0.0738098980790462,0.153919806610842,-0.191771466838798,55
74,13.8916344150045,2.27060961620707,-1.35243771622369,13.7544090069248,0,0,0.522436386814884,0.417732451563182,-0.722577117727179,-0.970987708281737,56
75,0,-1.05378723826007,0.138310399138171,-Inf,0,0,-0.880046531699584,0.497817017283225,-0.328265084784338,-0.793495394277429,0
75,0.02917534980649,-1.14205256157469,-0.29597020123147,-Inf,0,0,-0.830291663961258,0.569822906480873,-0.588713416895964,-0.907639621369091,1
75,0.420958618636499,1.97216215049334,1.75978267138228,0.177411715406924,0,0,0.72670460317578,1.27351080505639,0.544480602229672,0.629373799953216,2
75,0.604346531705865,1.53930988884407,-2.22561543812771,0.177411715406924,0,0,-0.0963695876961588,1.05723471458823,-1.32987652811254,-1.4441242928482,3
75,0.896100029770765,0.0563522320374188,-0.32909250180046,0.177411715406924,0,0,-0.735071486327179,0.851780297930432,-0.0588154130552117,-0.864218247643991,4
75,1.17118189937481,-1.03785499695703,-0.976005033445027,0.177411715406924,0,0,-0.946029081510899,0.599043398216355,-1.24289206462069,-0.696908536280455,5
75,1.29205120571599,0.779161461606354,-1.58653755205136,1.27839215216048,0,0,-0.356651693100769,1.04580716759482,-1.56599347023207,-1.39748539054923,6
75,1.66299493896993,-0.0538181469107334,0.913820570976028,1.27839215216048,0,0,-0.26807491785261,0.820991771046541,0.161767764456555,0.354986520442535,7
75,1.90890145876749,0.518479025508283,0.594974503672106,1.27839215216048,0,0,-0.334632506209654,0.866715108393154,0.31416155419089,0.0222219371339636,8
75,2.1047930931825,-0.0167649268523959,0.163711920572315,1.27839215216048,0,0,-0.48782150004369,0.642305387671633,-0.963076411100598,-0.391356895738033,9
75,2.31735635605835,0.220901589556833,-1.29550931872938,2.18970579723469,0,0,-0.891353215274737,0.932550433319188,-0.992564403218468,-1.32919604617812,10
75,2.71330753200357,0.564863393283942,-0.993268884571138,2.18970579723469,0,0,-0.120435709152074,0.922968811858382,-0.354672380673015,-1.47311814527059,11
75,2.7549866031557,0.542983731536647,-0.688322259448427,2.18970579723469,0,0,-0.174793247341655,1.02626005940048,-0.0458919909779544,-0.683701086246691,12
75,3.0467401012206,0.0019456007121133,-0.37600385098846,2.18970579723469,0,0,-0.659619389291599,0.815138953690057,-0.73244039006342,-0.629568187222626,13
75,3.48853825543316,1.22277245938953,1.32864070748752,3.34428208087965,0,0,0.098759538618426,1.15946022363484,0.36612704000498,0.362856728551941,14
75,3.73027686811551,-0.677368899443353,0.139578428937822,3.34428208087965,0,0,-0.869399336740023,0.545525829900754,-0.0207970807310439,-0.384537783639019,15
75,3.94700803810658,-0.461496770658524,-0.863536745560259,3.34428208087965,0,0,-0.752501714495762,0.802171183654701,-0.646467913870456,-0.923736698954012,16
75,4.12206013694552,0.474495072410898,-1.57529462322008,3.34428208087965,0,0,-0.366639267163026,0.902279911414532,-1.56899785016518,-1.78652438397935,17
75,4.38047037808872,-0.358043072740781,-0.0297785763763458,3.34428208087965,0,0,-0.835922440575024,0.630077026553593,-0.308979804036566,-0.27366618998714,18
75,4.63054480500149,0.111956530836766,0.601096140980808,3.34428208087965,0,0,-0.834109131837649,0.824553937045499,-0.0103613362209996,-0.426932666413087,19
75,4.99315272402501,-0.292211630033442,-0.449237423386217,4.68599480275745,0,0,-0.791802023596521,0.624268571973902,-0.285589403237522,-0.28965199525431,20
75,5.13486156594224,-1.51351404978675,1.29133475251761,4.68599480275745,0,0,-1.37922095603331,0.307760573724969,0.765776098072094,0.537984906196971,21
75,5.2807383149747,0.1059538312793,2.18818519456501,4.68599480275745,0,0,-0.403372215235551,0.932935849047213,0.893254411517184,0.551455126665038,22
75,5.65584995534385,1.60064482584941,0.507711630546293,5.61271152679379,0,0,-0.148310011929574,1.26294930125296,-0.157701567754643,-0.419356093804999,23
75,5.8017267043763,1.54747243287298,1.33911361126374,5.61271152679379,0,0,0.0872264766660903,1.22842467871937,-0.0375977353141027,0.287311081979304,24
75,6.14766299493897,0.391248858189539,0.0442568191458524,5.61271152679379,0,0,-0.641667367669843,1.02668215793621,-0.572621474052356,-0.435684460263592,25
75,6.41857695742781,0.776752973903857,-0.0584779577521921,5.61271152679379,0,0,-0.223245409396768,1.13703565128366,-0.0524169387173479,-0.384075933464482,26
75,6.68949091991664,-1.57079206859459,1.78082123015341,5.61271152679379,0,0,-1.14015880971178,0.498902671922894,0.335903750127094,0.597295402995896,27
75,6.86454301875558,-0.919810685135251,0.23637331317952,5.61271152679379,0,0,-1.49616704746789,0.815979572611779,-0.373936195387642,-0.058185277722995,28
75,7.15629651682048,0.568647321478214,-0.177514227579257,6.8659566184864,0,0,-0.44094797453038,1.05375661242804,-0.446873391334791,-1.04748475170465,29
75,7.30634117296815,2.36841489484058,0.0211316407602047,6.8659566184864,0,0,0.140094247156567,1.59205521030488,0.0560561013334087,-0.480059269376645,30
75,7.56475141411134,1.68389604708227,-1.59725371472727,7.43103448083767,0,0,0.0298935111328034,1.35000136376237,-1.20772375457562,-1.29983862475096,31
75,7.76481095564156,0.705387013035404,0.515194199565257,7.43103448083767,0,0,-0.333757889029958,1.12268178376211,0.462515524346229,-0.109675021361551,32
75,8.14409050312593,0.322871384656926,-0.0337979607996344,7.43103448083767,0,0,-0.489772165837678,0.860175184945383,-0.0557569048316179,-0.43919502889486,33
75,8.33581423042572,1.4189282738139,-0.206950216555449,8.30045121392199,0,0,-0.209491088866009,1.03744838022226,0.070180123502297,-0.737926395856189,34
75,8.53170586484073,1.26324806060742,-0.998202514046464,8.30045121392199,0,0,-0.339285653494003,1.25552134084911,-0.326895873985478,-1.06950009270703,35
75,8.86930634117297,-1.58696277143582,0.351822550630045,8.30045121392199,0,0,-1.12401897765554,0.53474870519701,-0.494074349522657,-0.496741552898198,36
75,9.02351890443584,0.84670236605268,-1.18499321525444,8.30045121392199,0,0,-0.117387301337041,1.09201679673047,-0.780802126889207,-1.07301808895902,37
75,9.39029473057458,2.0728500447436,-1.20514647131498,9.38507645834022,0,0,0.18740214721254,1.30171447061947,-0.896031652507786,-0.758650629763226,38
75,9.71539148556118,2.39452294791149,-0.942430302603606,9.38507645834022,0,0,0.265910404703526,1.31648811289402,-0.470356555260774,-1.00461748885389,39
75,9.76957427805895,1.00280058367736,-0.99524472768722,9.38507645834022,0,0,-0.0137684975155647,1.19430630114065,-0.804345702870524,-0.968405762106246,40
75,10.1321821970825,-0.699068324701567,0.16389773366685,9.38507645834022,0,0,-0.812403273949511,0.585976016961636,0.154151362345216,-0.552810958022018,41
75,10.4697826734147,-0.607217134725075,0.542921454233294,9.38507645834022,0,0,-0.502480023631265,0.582602204022831,-0.0871779900793191,-0.294037112375071,42
75,10.6740101220601,-0.765262234221518,-0.258655179380344,9.38507645834022,0,0,-0.972297635342508,0.518829580630936,-0.00367390398845879,-0.302836876696391,43
75,10.8782375707056,2.12904360305818,-0.329138887061164,10.7248075897626,0,0,0.169829025650766,1.34040164003186,-0.509547786035913,-0.486523143471798,44
75,11.003274784162,1.5968904149381,-0.958293605689552,10.7248075897626,0,0,0.291343086643908,1.18828230428877,-0.521771200360204,-0.695865086364691,45
75,11.4325692170289,1.15151179601801,1.34403145028281,10.7248075897626,0,0,-0.174925952864783,1.04246858237678,0.282565464137843,0.098899896767788,46
75,11.5867817802918,0.428256688966123,0.777005914455078,10.7248075897626,0,0,-0.605363890392604,0.836270055448596,-0.41594414718578,-0.269814132170127,47
75,11.9077106281631,-0.567037457230853,0.953747411387432,10.7248075897626,0,0,-0.574704881472541,0.689452842106713,0.172126190890244,0.091426849355338,48
75,12.199464126228,0.41444402536215,-0.681483456729608,11.9810592013913,0,0,-0.272730938639881,0.805088571303093,-0.0491726078797129,-1.10814677001274,49
75,12.3828520392974,0.195788382403505,-1.3447067074058,11.9810592013913,0,0,-0.62724239816915,0.968777155917385,-0.547969064933548,-1.14888496311983,50
75,12.6954450729384,2.00780937122628,0.779538941866857,12.4875893420558,0,0,-0.149925628819696,1.21003215799198,0.10033791028044,-0.0360156343320399,51
75,12.9663590354272,-0.372887463427423,0.437653587489973,12.4875893420558,0,0,-0.901319289196509,0.815507259952989,-0.360092026592296,-0.0934045402163818,52
75,13.1872581125335,0.901936183469944,-1.3708637346745,12.4875893420558,0,0,-0.511455461260522,0.968315154295454,-1.64819333631557,-1.20016549048589,53
75,13.4998511461745,-0.878946086984643,1.07568292802096,12.4875893420558,0,0,-1.12897018421628,0.374529002862625,0.108223454341922,0.436566164932214,54
75,13.7332539446264,2.25312102955987,0.424838514394494,13.6926003681496,0,0,0.336985265887275,1.45151317971372,0.480037929101779,-0.391149477564061,55
75,13.9624888359631,0.586764744490201,-0.778598327154372,13.6926003681496,0,0,-0.443586288317526,0.874306081899424,-0.32795440732515,-0.833216452065169,56
76,0,-0.372436707898477,-0.0490813219606286,-Inf,0,0,-0.590162078859866,-0.106826338054,-0.0307511614295991,0.0199292028469465,0
76,0.11670139922596,0.861419112914918,-1.59914042058896,0.0939895136863925,0,0,-0.357625960697519,0.158361038316639,-0.133396157868334,-1.05141353221746,1
76,0.32092884787139,1.96465495116017,-1.18458380270174,0.0939895136863925,0,0,0.377232451450901,0.46910431014051,-0.347542113693153,-0.9286762440502,2
76,0.708544209586186,-0.713874331297991,0.446982169969147,0.0939895136863925,0,0,-0.670614597834944,-0.128106034824992,0.469928778909162,0.162185790849454,3
76,0.912771658231617,0.291270213728823,0.0589580207757075,0.0939895136863925,0,0,-0.136858607953753,0.0904073072365378,1.1286803374343,0.0412811286352511,4
76,1.04197677880322,-1.83801640680725,0.344822403828266,0.0939895136863925,0,0,-1.28841466052371,-0.476448865609837,0.584277820963939,0.292357727056275,5
76,1.41292051205716,-0.445399672940649,0.503934979706979,0.0939895136863925,0,0,-0.860709669846727,-0.0855489525432148,0.9908534089559,-0.0899089894588426,6
76,1.65465912473951,2.02289672542647,-0.0483723673691524,1.4279284980363,0,0,0.00510280379561118,0.532471039518835,0.261756458211558,-0.0959723714399333,7
76,1.88806192319143,1.3026977467587,-2.31845747723163,1.73890187590956,0,0,-0.218574225971534,0.137064114887042,-0.505331139602229,-1.42203092261378,8
76,2.03810657933909,1.62968739216759,-0.547200826370357,1.73890187590956,0,0,0.103477904477985,0.475442673263058,0.317437981159809,-0.632766551381665,9
76,2.43405775528431,1.74179596975595,-1.1132372738427,1.73890187590956,0,0,0.359678714207964,0.448093083048795,-0.0136272795753193,-0.771834944726056,10
76,2.68413218219708,1.23281735827019,0.631481442922371,1.73890187590956,0,0,0.330901975865012,0.472777311582893,0.522277036912635,0.131118503576936,11
76,2.77999404584698,1.03096112068768,1.06667095940528,1.73890187590956,0,0,-0.0863528027271512,0.191799006989769,0.923755985251394,0.445455755792261,12
76,3.12593033640965,0.347274990198695,-1.05380292311384,1.73890187590956,0,0,-0.19011235456391,0.120328761910568,0.194438477193857,-1.06674429043609,13
76,3.26347127121167,0.270233196224543,0.703543866051428,1.73890187590956,0,0,-0.278761777682151,0.106190205808651,0.247617490026237,0.339539320345174,14
76,3.66775826138732,2.09851777870454,-1.01034643006957,3.61515145946222,0,0,0.619489511544402,0.459387257322252,0.050615623490766,-0.694479693655687,15
76,3.82197082465019,1.3248134943798,0.218203347820548,3.61515145946222,0,0,0.143213435270479,0.522102451446859,0.629520675005927,-0.0635544312592829,16
76,4.0178624590652,-0.267824509178786,-0.458993195485693,3.61515145946222,0,0,-0.513545555465306,-0.127544232333713,0.360233620015864,-0.430542086150032,17
76,4.35963084251265,-0.552387687243539,0.724972084918587,3.61515145946222,0,0,-0.690476951246118,-0.0434568655551105,0.638020069853994,0.552541661833176,18
76,4.66388806192319,0.0144619234953969,0.452170207609319,4.51144438431813,0,0,-0.385908132567173,0.184365416823739,1.28858628992772,-0.141217908694418,19
76,4.88478713902947,-0.209539161270159,0.625914954704039,4.51144438431813,0,0,-0.767500731532302,-0.0479694830907979,0.867487849596428,0.211469096500975,20
76,5.0556713307532,-0.47284650316299,-0.467801994126218,4.51144438431813,0,0,-0.760881961564586,-0.104099761047149,0.13252082693585,-0.506513198030084,21
76,5.29740994343555,2.5703419329623,-1.27392168971491,5.2886160530526,0,0,0.246489659941857,0.689026519645991,0.060334601819717,-1.34887832880352,22
76,5.51414111342662,2.27852824929619,-1.87399095598999,5.2886160530526,0,0,0.120873135225289,0.556869714628446,-0.230122131245531,-1.3835288710487,23
76,5.91009228937184,0.346979430847441,-0.497184729785782,5.2886160530526,0,0,-0.476369854689083,-0.00715172025335156,0.160203051364936,-0.935482508212541,24
76,6.11848764513248,0.581479945116427,-0.971748365329302,5.2886160530526,0,0,-0.084702562389674,0.19983447489539,0.249438008825448,-0.931989833094511,25
76,6.44358440011908,-0.585681379125347,0.700739477652427,6.26543838839369,0,0,-0.532209710160535,-0.189419928333311,1.42958573107788,0.546996604231003,26
76,6.59362905626675,-0.201405866503885,0.759537107491316,6.26543838839369,0,0,-0.63056330868347,-0.120716747683981,0.819953447342851,0.317606129666005,27
76,6.8687109258708,-1.37379305246238,0.248039467508722,6.26543838839369,0,0,-1.06554123896808,-0.267438672873126,0.774883511640999,-0.0720670446648671,28
76,7.05209883894016,-1.18277781045233,0.234524465053113,6.26543838839369,0,0,-0.999790630695919,-0.415572318582168,0.749403256952338,0.185718672643392,29
76,7.48972908603751,0.48015390934785,0.827510762930301,6.26543838839369,0,0,0.091639273871226,0.171462498652776,0.725497835126898,0.198260023731776,30
76,7.55641559988092,0.837438421162449,0.417393324176729,6.26543838839369,0,0,-0.560211064392228,0.168989507636486,0.711634712435251,-0.29357238010705,31
76,7.92319142601965,1.10473079264295,-1.09446874844541,7.60146127176614,0,0,-0.412178698030663,0.374279218868007,-0.11871526949755,-0.927522719920661,32
76,8.20660910985412,0.657868064619824,-0.04180814539518,7.60146127176614,0,0,-0.353937071254578,0.0433152978592706,0.41708207633835,-0.36547870421424,33
76,8.26079190235189,1.77686257038532,-0.201546023032467,7.60146127176614,0,0,0.249750315067498,0.51645158210961,0.318458521140319,-0.168886712686506,34
76,8.58172075022328,0.310622570998342,1.02460319222247,7.60146127176614,0,0,-0.187697785852237,0.164046057991815,1.02946185242601,0.558289446088221,35
76,8.90681750520988,2.94511491780203,-2.15665476690815,8.87875845274852,0,0,0.73968244931581,0.816534082100811,-0.350345805064423,-1.84697669580015,36
76,9.24441798154213,0.120005896369151,-0.970704662199402,8.87875845274852,0,0,-0.289543288100797,0.0469664591073152,0.255060541044707,-0.841468435161898,37
76,9.25275379577255,-0.420306928901733,-0.636153473596866,8.87875845274852,0,0,-0.659049210117278,-0.047825243709754,0.440131912697363,-0.707442308594984,38
76,9.73206311402203,0.420837754111139,0.595780778576202,8.87875845274852,0,0,-0.274639599102135,0.0104948176851253,0.567665176324433,0.166298258221332,39
76,9.81542125632629,-0.374683175605517,-0.559857665915454,8.87875845274852,0,0,-0.932755037435442,0.058475979387676,0.126116187883248,-0.0320429478563279,40
76,10.1947008038107,0.805252517811442,1.58720118053172,9.95208991266106,0,0,-0.447957681520782,0.518366932150289,1.28923149507245,0.6235914043855,41
76,10.2905626674606,0.35739223457669,0.191746152877365,9.95208991266106,0,0,-0.357964839183761,0.189779047155769,0.609953203377443,-0.10702904601129,42
76,10.5448050014885,-1.23555129781923,-0.609443597455643,9.95208991266106,0,0,-0.982372712999824,-0.253687006934946,0.432829722789782,-0.517290347567187,43
76,10.7907115212861,-0.659886749499097,1.88146227233294,9.95208991266106,0,0,-0.761220049012161,-0.138516115563498,1.24811415888526,0.821743521094447,44
76,11.1241440905031,1.71083970351111,-0.420213999401191,11.0721991313209,0,0,-0.308753301929623,0.703163231915936,0.776325432531701,-0.814447712503174,45
76,11.2658529324204,0.132090807921388,1.1234748752732,11.0721991313209,0,0,-0.420220204862144,0.0566643630668711,1.08421251988112,0.621057952892128,46
76,11.5034236379875,0.510378473424248,0.489138986215719,11.0721991313209,0,0,-0.527650400199066,0.0993315674807932,0.576425017430246,0.082060523529071,47
76,11.9285501637392,1.90003394266026,-0.229268088440227,11.5824383766659,0,0,0.380912586041016,0.444394856780905,0.400290895764174,-0.199377728343257,48
76,12.1452813337303,2.50310468178303,-0.84966319306397,11.5824383766659,0,0,0.514562352549706,0.570844947512948,0.138507700306062,-0.74072434862106,49
76,12.3661804108366,0.452776321664634,-0.0782629712453412,11.5824383766659,0,0,-0.331113231686164,0.238535604954928,0.14478955085039,-0.247697340575135,50
76,12.7496278654361,-0.645015970710896,-0.552486486888422,11.5824383766659,0,0,-0.5504578564894,-0.134857122846682,0.747656240138189,-0.544984532923646,51
76,12.9496874069664,2.40031857097335,-1.73061373901831,12.8505436726165,0,0,0.301414207085557,0.793344634352882,0.00208704914592128,-0.954344159525902,52
76,13.1038999702292,1.21972849734005,0.566735663230954,12.8505436726165,0,0,-0.281727316868157,0.472275505374551,0.445768654792937,0.610042597581665,53
76,13.2706162548377,1.16896100629829,-2.2660727615132,12.8505436726165,0,0,-0.00307577382959678,0.480860124441577,-0.0863781931297126,-1.73865433299593,54
76,13.6915748734742,1.18039162477193,-1.79611260513546,12.8505436726165,0,0,-0.0967566069918451,0.282996027333137,0.0483702968751614,-1.55198389550904,55
76,13.7832688300089,3.56543566105226,-2.70610196001018,13.7289514343487,0,0,0.86594108252707,1.00306211544177,-0.649848853045408,-1.8223948490429,56
77,0,1.50448258494189,-1.39391893701271,-Inf,0,0,0.372319218914292,0.703628022167939,-0.558169701285603,-0.808412514797762,0
77,0.162548377493302,4.80465025437358,-2.23304175001551,0.0919748702435754,0,0,2.07576817671643,1.37782565841372,-0.687589545309665,-1.01713827078612,1
77,0.412622804406073,1.82159089779399,-1.46478374038641,0.0919748702435754,0,0,1.006201846481,0.626782370491636,-0.22644790759793,-0.689210212944976,2
77,0.600178624590652,0.815284212909464,-1.46773918609717,0.0919748702435754,0,0,0.455625395353567,0.285055981203985,-0.534002009926521,-0.739092430333999,3
77,0.916939565346829,0.610945381376664,-0.23694482588938,0.0919748702435754,0,0,0.407995229988936,0.212522061140522,-0.559777792747916,-0.0528150190011341,4
77,1.0044656147663,-0.634859584983789,-0.338182520015235,0.0919748702435754,0,0,-0.137260641771673,0.0493858573932176,-0.0610289166210308,-0.2085217693527,5
77,1.29205120571599,-0.725156570264684,0.0272522290854914,1.18269747532725,0,0,-0.0504526170876071,-0.166448124441377,0.200740025259085,0.433365128524137,6
77,1.56713307532004,0.51943390146443,0.609028268632117,1.18269747532725,0,0,0.226017221239704,0.357098635712397,-0.218102783078127,0.468936074379319,7
77,1.80470378088717,0.279070200908521,0.142517432339421,1.18269747532725,0,0,0.530916710717214,0.317364719577348,0.122505336973444,-0.172705628434549,8
77,2.01726704376302,-0.277799597398418,-0.771707708254629,1.18269747532725,0,0,-0.292710928767742,0.127239046495065,-0.00748048708027294,-0.474540621327658,9
77,2.43822566239952,2.36530380673302,0.127287575986719,2.2760969821095,0,0,1.2669374453585,0.654090246408497,0.299936859663668,-0.0893073311579389,10
77,2.54659124739506,1.33383900038736,-0.454741449116408,2.2760969821095,0,0,0.822371419334499,0.483121244554301,-0.134759727394992,-0.163088799344643,11
77,2.88002381661209,0.0495342340625781,-0.737729346453882,2.2760969821095,0,0,0.297519165337374,0.161446393406399,0.199120496527771,-0.226831241628177,12
77,3.15927359333135,-0.00977322883297717,1.06344101876031,2.2760969821095,0,0,0.21461002994104,0.24778321276007,0.0854967505736003,0.5385131335083,13
77,3.38434057755284,-0.245860431342572,1.38584628971578,2.2760969821095,0,0,-0.176134679506724,0.179136345369053,1.04807162370932,0.421983710999364,14
77,3.57189639773742,1.12885098179076,0.609496341103592,3.53620101157039,0,0,0.732260592933787,0.453233851111118,0.0211155499617078,0.197657135088337,15
77,3.80113128907413,1.00593520040213,-0.720766535711905,3.53620101157039,0,0,0.695802826948218,0.591138362263642,-0.394009922983066,-0.450359798571374,16
77,4.00119083060435,0.0978937491954252,-0.221694280885229,3.53620101157039,0,0,0.194104738240914,0.337710043053114,-0.0148110927484452,-0.0757231573139066,17
77,4.45132479904734,-1.48598761840205,2.75336530147191,3.53620101157039,0,0,-0.448292146820486,-0.234436028303283,1.75926438887858,1.47229660825351,18
77,4.57636201250372,-0.0491268651983333,-0.257565298165263,4.52919676237955,0,0,0.0247260170149257,0.250346432314684,0.160704708122776,-0.259596841046588,19
77,4.75558201845787,-0.862298758366545,1.2831684179072,4.52919676237955,0,0,-0.236268706455642,0.121958223646006,0.430584531434067,0.715125697552866,20
77,5.06817505209884,1.43402769583232,0.0285594978801069,4.97677286168596,0,0,1.16309390258719,0.434713384740704,0.26085789043888,-0.135063040575371,21
77,5.43078297112236,0.570471595986088,0.306750954484764,4.97677286168596,0,0,0.407460251735266,0.323849210873066,0.696493369677129,0.283276627240755,22
77,5.68502530515034,0.31605188726385,-0.75598507665535,4.97677286168596,0,0,0.361439680217003,0.391563558947372,-0.164496931614215,-0.534222717527061,23
77,5.99761833879131,0.847317731311134,1.33535032485286,4.97677286168596,0,0,0.561569161382722,0.395625623853896,0.475874384845678,0.839811938961504,24
77,6.21851741589759,1.01813322410709,0.418440739717822,4.97677286168596,0,0,0.549079626530705,0.400576528553768,0.324482613705859,0.412588219509699,25
77,6.31437927954748,2.68742044417185,0.433471953438501,6.24392563355012,0,0,0.965124769178032,0.861832007719981,0.11500291683442,0.475406088919166,26
77,6.6103006847276,0.709465606250941,-0.386799373993489,6.24392563355012,0,0,0.148674406987819,0.350367915698351,-0.0183033091233951,-0.117858210224731,27
77,6.87287883298601,0.229826670749222,0.0370661607358675,6.24392563355012,0,0,0.293410890944835,0.219566319303931,0.11071913775815,0.111504369735777,28
77,7.11044953855314,-0.495578288981302,0.662512032448953,6.24392563355012,0,0,0.148857901421497,0.0797839430822687,0.286008915735565,0.275086044389548,29
77,7.36052396546591,1.99112850778435,-0.922486721462971,6.24392563355012,0,0,1.4921794332797,0.634992505314787,-0.300445587584617,-0.70232343089517,30
77,7.518904435844,1.21745189380576,-0.631202499210382,6.24392563355012,0,0,0.566380329518076,0.535010192089147,0.257087417729467,-0.307815003972149,31
77,7.8440011908306,1.90819314108232,-0.431680694077887,7.72821518614566,0,0,0.904556673207903,0.55244826499571,0.381117856201854,0.0122525629468574,32
77,8.24828818100625,-0.0206896072602073,-0.167315819982402,7.72821518614566,0,0,0.357251047685662,0.125475449205651,0.573694209928111,-0.24426527465322,33
77,8.37332539446264,-1.45478169317615,0.77764883230885,7.72821518614566,0,0,-0.324006965488456,-0.160393444674298,0.888656788901659,0.465676825449249,34
77,8.70675796367967,0.56476423014807,-1.79417175697229,8.5707362707561,0,0,0.375426536730644,0.268240153302082,-0.395860125398712,-0.91961106117771,35
77,8.79428401309914,0.994997901587429,-0.317015082231801,8.5707362707561,0,0,0.70626601950594,0.42553690566515,-0.106796145091578,-0.0131443741803744,36
77,9.07770169693361,-0.84460051154988,0.567287975760522,8.5707362707561,0,0,0.14990698690302,0.0350839947834977,0.238314258672076,0.409239317356021,37
77,9.29026495980947,1.4195802612882,0.53446688877837,9.27931346267713,0,0,0.673600339952668,0.749037387796569,0.755230312300142,0.211631375788743,38
77,9.55701101518309,0.405454291259522,-0.250088805512477,9.27931346267713,0,0,0.407497549043205,0.299455785326144,0.18429661019555,0.0922916477253465,39
77,9.9821375409348,-0.520936113137784,1.94455717514604,9.27931346267713,0,0,0.165575476359542,-0.0740036060234252,1.02175007584326,1.17483900295115,40
77,10.0654956832391,-0.874708881202672,2.07336118158598,9.27931346267713,0,0,-0.168176691355333,-0.00732296607590358,1.59706843261086,1.22125232616481,41
77,10.494790116106,0.107611116531923,0.381743658797891,9.27931346267713,0,0,0.305411815317393,0.223226334081348,0.54714290103701,0.216893049681791,42
77,10.6406668651384,2.1982863989731,-0.459852322763774,9.27931346267713,0,0,1.13748549763904,0.77141332494283,0.0151169829580593,-0.171048910725093,43
77,10.9532598987794,0.867771090002688,-1.0956093804619,10.8367904604932,0,0,1.22682846147785,0.427011690977688,-0.501084635133531,-0.557654286933192,44
77,11.0574575766597,1.88233733398991,-1.13322589827468,10.8367904604932,0,0,0.817002197116201,0.695973570664725,-0.088143998332206,-0.526971507199263,45
77,11.3158678178029,-1.30527022270138,-0.4722700430023,10.8367904604932,0,0,-0.138689907772216,-0.282797791013424,0.136838578341857,0.216505466661157,46
77,11.6618041083656,-0.665866734506688,0.0330199467192697,10.8367904604932,0,0,0.0369645077336071,0.0894345578685986,0.304902935986227,0.184801270237752,47
77,11.982732956237,-0.584394738426992,1.96294786772294,11.6875100645971,0,0,-0.0346562935967972,0.0356566071420539,0.500682702794385,1.19625275392126,48
77,12.1744566835368,0.0646209079480899,-0.0100186852245551,11.6875100645971,0,0,0.233487868138803,0.283392682064531,-0.41805483620712,-0.229884328565953,49
77,12.4370348317952,-0.347067530459568,-1.16801598738489,11.6875100645971,0,0,0.179587805463711,0.213002937014332,-0.32284217519439,-0.822339996063007,50
77,12.5954153021733,2.75104288608399,-1.58783508017895,12.5871523912548,0,0,1.44626731372239,0.73489567166714,-0.384180972290644,-0.767582046696995,51
77,12.7704674010122,2.34812572218924,-1.33030302557024,12.5871523912548,0,0,1.1740239246436,0.941422634841236,-0.790071984400052,-0.864429024825937,52
77,13.21643346234,0.650703611611136,-1.58190844381641,12.5871523912548,0,0,0.332905879297238,0.433356942615457,-0.727316670137506,-0.886157396942349,53
77,13.3414706757964,0.0807922754980133,-0.819246863304143,12.5871523912548,0,0,0.182197770432476,0.260748145518897,-0.629140196240311,-0.385751824506999,54
77,13.5290264959809,0.651070338935942,-1.17671131671007,12.5871523912548,0,0,0.452665096461157,0.229547840243855,0.0913006611504983,-0.936097343282606,55
77,13.9624888359631,1.69350672708831,-0.063702542977649,13.6109126438154,0,0,0.697805797340246,0.522762255093762,-0.00478489955818327,-0.0561943784275686,56
78,0,1.83981550652587,-2.2921881394511,-Inf,0,0,1.04916496483379,1.00164240109365,0.20660901683625,-2.00703413750327,0
78,0.0750223280738315,1.34921081448479,-2.46603639855469,-Inf,0,0,0.84745294605186,1.05432897777434,-0.406435188130045,-1.50329207685069,1
78,0.433462339982138,1.16249606238719,-0.604333588230602,0.0959770924877375,0,0,0.949197877014875,0.818714193770003,0.675868909490798,-0.675407745600024,2
78,0.646025602857993,0.0604807138222734,-0.771395631454346,0.0959770924877375,0,0,0.601851867087654,0.548404265593588,0.623366493900932,-0.833781321316034,3
78,0.841917237272998,-0.517172251760643,0.832106959269739,0.0959770924877375,0,0,0.0483268575397385,0.443352879568397,0.886555243880379,0.626820389830475,4
78,1.22536469187258,0.506067471871112,1.52962970824756,1.05416071149341,0,0,0.518807111353214,0.782577259106678,1.9131998484667,0.41376288202818,5
78,1.33789818398333,2.10321115233941,0.818556342697358,1.05416071149341,0,0,0.836984515653934,1.12219862826909,0.961091900104599,0.204876443942149,6
78,1.63798749627865,0.550110056398558,0.153819029119605,1.05416071149341,0,0,0.608004847620681,0.480266534370279,0.806720547201963,-0.338605205264131,7
78,1.96725215838047,0.422013911828489,0.987834262459481,1.05416071149341,0,0,0.558856378050854,0.480036206113843,1.365333284693,0.221265693980008,8
78,2.08395355760643,-0.273959454359439,-0.823351888062718,1.05416071149341,0,0,0.249550180769418,0.398295413399597,0.495368263698639,-0.610570017597551,9
78,2.25483774933016,0.243498504467328,-0.0680566199995376,1.05416071149341,0,0,0.515924363868731,0.51643754411052,0.646888244881825,-0.311555131313353,10
78,2.64245311104495,0.526469801055336,-0.91270480068876,2.39700089050099,0,0,0.581955567610843,0.729676702636084,0.692697312425802,-0.867491156748309,11
78,2.92587079487943,-0.0133691466924007,0.814363543721246,2.39700089050099,0,0,0.290718973007898,0.359222983624583,1.7971257407922,0.306320634746271,12
78,3.23429592140518,1.83966441021558,-1.20766499099611,2.93200922780133,0,0,1.17208485636606,0.842511048901738,0.641548910385195,-0.474565751027515,13
78,3.32182197082465,0.595349438618599,-0.455401464678583,2.93200922780133,0,0,0.541826247676413,0.627468278952435,1.02310744371671,-0.482487976144512,14
78,3.62607919023519,0.315852877163061,-0.306810923241995,2.93200922780133,0,0,0.262475566146882,0.497100894367551,0.619633992710979,-0.212109289620932,15
78,3.8553140815719,0.411139601859004,-0.0142386473340395,2.93200922780133,0,0,0.380552666907826,0.667868852844546,1.20343448272753,-0.135673191449063,16
78,4.09288478713903,-0.0611555142238655,0.136534473087211,2.93200922780133,0,0,0.358382047937246,0.436579396914417,0.970087503608233,-0.271401415890723,17
78,4.39297409943436,0.4450629037545,-0.144494435011802,2.93200922780133,0,0,0.148041654697137,0.561998320506728,0.6348945084705,-0.742136876063207,18
78,4.62637689788628,0.0768630246817423,-1.78759510433088,2.93200922780133,0,0,0.5337429281357,0.499571330058207,-0.924387317113474,-0.851061903850788,19
78,4.81393271807085,0.967391550701366,-1.18354133400424,4.74328927506442,0,0,0.787436087202856,0.76647134221461,0.527834143195843,-0.737582487609058,20
78,5.17654063709437,-0.268914534876509,0.111445149210518,4.74328927506442,0,0,0.566426250711657,0.35218865438271,0.876871154759917,-0.392852327005669,21
78,5.25573087228342,-0.881470531325996,1.03131087898049,4.74328927506442,0,0,-0.426874260517601,0.326451398660656,1.21361314061583,0.366035991797773,22
78,5.7350401905329,2.390947936324,-1.06416567381414,5.63139771110414,0,0,1.45416464934764,1.05058709803542,0.397601667543007,-0.949941460234117,23
78,5.90175647514141,0.591824840719627,-0.48685405202433,5.63139771110414,0,0,0.480597506814386,0.909975204269986,0.857227233435709,-0.405412954650885,24
78,6.21434950878238,-1.12973398798126,-0.597495938405247,5.63139771110414,0,0,-0.304566691351567,0.259410814292686,0.268671909641773,-0.727023253133158,25
78,6.40190532896695,0.745826130025961,-1.76359371306163,5.63139771110414,0,0,0.701573314974081,0.659696973351155,0.0233535703556418,-1.18471784125019,26
78,6.68115510568622,1.56581738427477,-1.19603761665824,5.63139771110414,0,0,0.691304638502328,1.01256930624919,-0.0109018189398193,-1.27636411334607,27
78,6.99791604644239,2.75581798378551,-2.50182244225891,6.85774503977826,0,0,1.48075297133042,1.13704895358241,-0.393293313169977,-1.66981285428372,28
78,7.02709139624888,3.10365983900614,-1.44457707215821,6.85774503977826,0,0,1.26983528849596,1.29977987976953,0.764129730120318,-1.48088375945597,29
78,7.25632628758559,2.82798993001167,-1.91313267954328,6.85774503977826,0,0,1.32156067022429,1.29693911434134,-0.175413430295293,-1.62478830401243,30
78,7.68562072045252,2.69829089006063,-0.302978583978086,7.65780635984758,0,0,1.36862969417669,1.03471799184531,1.18817294629916,-0.709048363129162,31
78,7.8440011908306,0.914734879839707,-1.17721731744516,7.65780635984758,0,0,1.01848208341463,0.691501056487008,0.59302640694012,-1.00252381968525,32
78,8.17743376004763,-2.2184566648281,0.673472070139001,7.65780635984758,0,0,-0.718961495403961,-0.00708036877905099,0.946440150695057,0.27004727346896,33
78,8.46085144388211,-0.215396796472923,0.23434377702138,7.65780635984758,0,0,0.23616350931814,0.398675449278924,1.24906117137504,-0.290117381214192,34
78,8.54004167907115,-0.164064534862453,-1.17954686131301,7.65780635984758,0,0,0.0813012339605144,0.337313082566533,0.393605925300269,-1.05336016309941,35
78,8.93182494790116,-0.03804492607398,0.251014515616869,8.55716627608949,0,0,0.645805777075522,0.669243528227648,0.99745704989896,0.260972651164376,36
78,9.09854123250968,2.00558853096937,-0.210525663913018,8.55716627608949,0,0,1.57572155983691,1.06090716817851,0.93341067145664,-0.464038454484532,37
78,9.39029473057458,-1.18192686812109,1.17998365819631,8.55716627608949,0,0,0.298203241208149,0.338595493973112,1.05727495801486,0.426664453372715,38
78,9.61119380768086,-0.11764712288298,0.431809224609127,8.55716627608949,0,0,0.18456315769356,0.552912484106582,0.96621116399073,-0.130762393003285,39
78,9.92378684132182,1.07317661097594,-1.72283684075353,9.72043555158441,0,0,1.03682119549782,0.710957050481885,0.379245754677482,-1.27502260269572,40
78,10.123846382852,-0.526291325272161,-0.521541230965446,9.72043555158441,0,0,-0.0124195004390005,0.183452694284949,0.723099624892796,-0.658242332482641,41
78,10.2530515034236,-0.887265217739536,-1.42482374826693,9.72043555158441,0,0,-0.00476493531298107,0.251899204265426,0.21013023642934,-1.1702957320001,42
78,10.5489729086038,0.327418488680047,-0.913886488149243,9.72043555158441,0,0,0.475636742248914,0.657752710794362,0.0299922589865952,-0.940402593630945,43
78,10.9115808276273,0.0749927498730646,0.442074749575198,9.72043555158441,0,0,0.413220528534712,0.699419528431035,0.869626541495264,-0.106170738365517,44
78,11.1116403691575,1.86202252905193,-1.01373501675071,10.9598753671216,0,0,1.45946010002926,1.11482245799594,0.302572665239818,-0.933505997308403,45
78,11.4367371241441,1.44682339500743,-1.10325173584221,10.9598753671216,0,0,0.912894200449882,0.705114431114217,0.111029068270954,-0.982316406634583,46
78,11.5742780589461,-0.641471377194003,-0.650649506950334,10.9598753671216,0,0,0.074269796594563,0.501980483326373,0.427347005649474,-0.647814345785465,47
78,11.9869008633522,2.59488149116726,-0.922832162462686,11.9784093345784,0,0,1.43576970714978,1.14352616268607,0.538428580009792,-0.767522984250181,48
78,12.0952664483477,0.609016131141717,-1.73397417071586,11.9784093345784,0,0,0.743416194450105,0.86343227623427,-0.176651945564797,-1.37570171024008,49
78,12.4286990175648,0.623227773432643,-0.280996339576214,11.9784093345784,0,0,0.746467670981866,0.672735852089037,0.596027425781904,-0.350031568276121,50
78,12.7454599583209,-1.05709383227945,-0.176042043326441,11.9784093345784,0,0,0.0738417601664553,0.285865105519333,0.892882667576744,-0.569807538026732,51
78,12.8955046144686,0.440624777997946,-0.222243560543958,11.9784093345784,0,0,0.60518605157833,0.552850130890528,1.28250069932717,-0.368915456310406,52
78,13.237272997916,2.50373495244338,-1.58457973169804,13.1199764763954,0,0,1.50898452356359,0.901235617275847,-0.0504506392644155,-0.750834776569458,53
78,13.3456385829116,0.530180837637298,-0.0830425217719057,13.1199764763954,0,0,0.371608737033912,0.534894612251504,0.761387201809246,-0.383596912062416,54
78,13.5832092884787,-1.06749736655519,1.83285972409445,13.1199764763954,0,0,-0.13346446131373,0.308365502490287,1.93759510478103,0.519126119896466,55
78,13.7582613873177,1.81785615052077,-1.21798490532864,13.6364726222935,0,0,0.490558146267308,0.957974094392009,0.343999564013117,-1.33957508019995,56
79,0,-0.489227705662973,-0.733288527953273,-Inf,0,0,-0.440174862508097,0.541906496238805,1.04530569204102,-0.153896707922959,0
79,0.0375111640369157,0.694933458419552,0.0507247965941314,-Inf,0,0,0.150522807341707,0.833087415395337,1.20818874120528,0.196993335280994,1
79,0.46680559690384,-0.716202824474217,-0.65771768581233,0.284127458534203,0,0,-0.566682365070175,0.455100900816298,0.860315490875652,-0.0722685635451606,2
79,0.708544209586186,-0.0669027866668249,1.29768943157504,0.284127458534203,0,0,-0.230856719797099,0.632635807596814,1.63932253393759,0.858284182746788,3
79,0.800238166120869,-0.313556194216127,0.950869703969539,0.284127458534203,0,0,-0.269375902778668,0.598134990601623,1.58067407901292,0.776284137725234,4
79,1.02947305745758,0.785531481901796,-1.155593004967,0.969209306662043,0,0,0.0775757195364289,0.754421189645995,0.962227810492467,-0.367127703219367,5
79,1.48377493301578,0.175057350064654,0.219083007205478,0.969209306662043,0,0,-0.302116377224761,0.752986555110162,1.08934911515104,0.241447735406138,6
79,1.52128609705269,-0.223206345344055,0.492584786836852,0.969209306662043,0,0,-0.235654570834534,0.473143297167606,0.673144341030871,0.152785211422868,7
79,1.81720750223281,-0.203259652045636,-0.428988891574044,0.969209306662043,0,0,-0.17150760446258,0.688424817248169,1.56425897049941,-0.494715551439943,8
79,2.09645727895207,1.79534574713949,-1.30004528899147,1.96663211846832,0,0,0.727790225041202,1.11770623898109,0.525005469316372,-0.46784888447619,9
79,2.44239356951474,2.02757948474835,-0.768874239762119,1.96663211846832,0,0,0.620877719493809,1.28777655982515,0.551232212085795,-0.682570633349999,10
79,2.73414706757964,-0.371177959412831,-0.470799593380655,1.96663211846832,0,0,-0.276794622097676,0.496197168548983,1.27311132973089,-0.21118734352938,11
79,2.99255730872283,1.60545473122351,-2.18022817360544,2.96580657516069,0,0,0.4923108195602,0.987456860339303,0.204659278355457,-1.28804591972053,12
79,3.23846382852039,2.15921210380379,-1.25144350807362,2.96580657516069,0,0,0.555035859886392,1.20372234178123,0.128398120449362,-0.764679676872353,13
79,3.33432569217029,2.01261244535238,-0.0949239250215746,2.96580657516069,0,0,0.503606165061843,1.10554872839659,1.15759783461979,-0.307129020584331,14
79,3.74694849657636,-0.431583942638142,-0.402728095578159,2.96580657516069,0,0,-0.511675939462734,0.62271440749135,0.919664113663775,-0.254458243294508,15
79,3.88032152426317,0.422271101404614,-0.0812846837325945,2.96580657516069,0,0,-0.0231125031489775,0.969685170206089,0.170125863069572,-0.196148402294612,16
79,4.24709735040191,1.17314749462122,-1.56277120291437,2.96580657516069,0,0,0.256332763173259,1.12113429814079,0.362903919554352,-0.538798646242149,17
79,4.41381363501042,-0.16566685471163,-1.19884383525318,2.96580657516069,0,0,-0.25367985199986,0.635538945941826,0.160935569914717,-0.512779628307117,18
79,4.54301875558202,2.08562231981614,-1.91587335095941,4.45279417605354,0,0,0.20139668006419,1.34124008663481,-0.0458372808177674,-1.119331124426,19
79,4.94313783864245,0.925233635024427,-0.018268996676068,4.45279417605354,0,0,0.178683215415592,0.918133923958595,1.09540790249332,0.225346209125748,20
79,5.13902947305746,-0.471787752554072,0.292285508323504,4.45279417605354,0,0,-0.432239239441732,0.549469412663903,1.44639210102461,0.0759143722736766,21
79,5.28490622208991,1.32097968564385,0.0272350082772745,5.26035745641252,0,0,-0.130207496614565,1.07869616053848,0.843539137951669,0.197970596715052,22
79,5.53498064900268,0.578883833604986,-0.558197104719732,5.26035745641252,0,0,0.249463965389353,0.853308098632743,1.79939064717018,0.000738082458075939,23
79,5.98094671033046,0.630442668635499,-0.614627254841231,5.26035745641252,0,0,0.151289060756739,0.807549228213373,0.623540011996977,-0.269811564527172,24
79,6.2226853230128,1.93359285413149,-3.1382371585805,6.1354435459836,0,0,0.745698998747917,1.14124112315258,-1.02379259399301,-1.44661573091562,25
79,6.49776719261685,0.254480000613236,-1.24604017129502,6.1354435459836,0,0,-0.126453127818199,0.85742962334666,0.336197350508999,-0.798978185412106,26
79,6.6103006847276,-0.474871486190515,-1.41004184053083,6.1354435459836,0,0,-0.617160701742214,0.652521913257501,0.237761939056936,-0.739600933647014,27
79,6.86037511164037,0.210874991051703,-0.0396747747641062,6.1354435459836,0,0,0.131164913604926,0.653487398872618,1.5318891860085,0.127945215407289,28
79,7.18547186662697,0.759176975418992,-1.56777184101784,6.1354435459836,0,0,0.129211474407602,0.939462469409296,0.376649205518329,-0.75899547414727,29
79,7.39803512950283,3.36577936576872,-1.66924125232037,7.36442194505272,0,0,1.10688360218704,1.46268619288186,0.360459796089465,-0.852435222015066,30
79,7.69395653468294,2.127866521385,-0.130891784379557,7.36442194505272,0,0,0.477781624575261,1.01721006548713,0.98975115732356,-0.13161868642012,31
79,7.76897886275677,0.778775384752161,-0.174005622207027,7.36442194505272,0,0,0.219798898441615,0.873885931166134,0.792572715344168,0.0640337642577733,32
79,8.22328073831497,0.62297382275251,-0.732719474900735,7.36442194505272,0,0,-0.03448055963039,0.643138972634505,1.07402912283237,-0.265659549830439,33
79,8.41917237272998,1.01304151727458,-0.826269074986964,7.36442194505272,0,0,0.386953008094011,0.820204641324753,0.156273790736661,-0.474680934280904,34
79,8.51086632926466,-0.0532689822990347,-0.703345341841134,7.36442194505272,0,0,-0.20701908771139,0.57407684232214,0.966677470506553,0.103639104140511,35
79,8.79845192021435,2.80834679457455,-1.18885122362881,8.78793802590539,0,0,0.726184596004614,1.47310070165288,0.790715457908499,-0.67510832968723,36
79,9.19440309615957,-1.72426910745921,-0.133463541748093,8.78793802590539,0,0,-0.476211284607173,0.30249174938972,1.08385695691258,-0.175963948381065,37
79,9.30276868115511,-0.0749991065435381,0.115957233142806,8.78793802590539,0,0,0.0162493064027225,0.657483580138465,1.00427723208102,0.172266458923759,38
79,9.7237272997916,-0.670458593056983,1.74159591913932,8.78793802590539,0,0,-0.259929438851517,0.625503495927357,1.56381403253347,1.39197280913218,39
79,9.86960404882405,0.0875255483728106,0.903524993234599,8.78793802590539,0,0,-0.106846976008814,0.596060493778753,1.47909530592201,0.464721340313368,40
79,10.2488835963084,-0.615299314728835,0.423488207703407,10.047194891174,0,0,-0.636891138120605,0.584279850901345,1.37025941830394,0.261617061749853,41
79,10.4030961595713,-2.26984135538438,0.589981692049964,10.047194891174,0,0,-1.10400869118913,0.174422266704918,1.58376666948538,0.586235622292745,42
79,10.5114617445668,-1.44927059982355,1.81653798264322,10.047194891174,0,0,-0.767486974077365,0.41917562368392,2.11480570443959,1.01709884756699,43
79,10.944924084549,0.395431282341438,0.0323284722398988,10.7249291606767,0,0,-0.105875292339296,0.77747967414283,1.2591095252672,-0.20345794984439,44
79,11.0407859481989,1.08052341927903,-0.370692429219605,10.7249291606767,0,0,0.407859728815994,1.14159568963986,1.04572630710016,0.233358439023367,45
79,11.3700506103007,0.138131292978525,0.065430903022231,10.7249291606767,0,0,-0.030439442203113,0.764243817391862,1.04272245054524,-0.223203033077301,46
79,11.7243227150938,-1.01274543672953,0.762598301165834,10.7249291606767,0,0,-0.822165710891517,0.579363005753612,1.66296255684116,0.420859285067314,47
79,11.8535278356654,-1.57654476106171,1.01031516359261,10.7249291606767,0,0,-0.713746818468097,0.163614191187935,1.07172357853348,0.888547853859544,48
79,12.1702887764216,0.127186161477128,-0.243518168591541,12.1180776254077,0,0,0.0327786197116994,0.722724869022993,0.867131785329651,-0.497669031774863,49
79,12.453706460256,-0.326704909974283,0.397888096200677,12.1180776254077,0,0,-0.0502012109962738,0.546329558091193,1.58986934252576,0.348791816856982,50
79,12.5620720452516,2.66164724804132,-0.253316137859177,12.5476419625822,0,0,1.25886113743545,1.20386309503552,1.51710309695438,0.318402436264984,51
79,12.9163441500447,0.414355946371557,-0.524244950584903,12.5476419625822,0,0,-0.286349537800784,0.685902668958035,1.24728870991576,-0.595361243048744,52
79,13.078892527538,-0.554304933258529,1.89919702039691,12.5476419625822,0,0,-0.235545676861521,0.584705787681514,2.29793447736371,1.40833529538368,53
79,13.3289669544507,0.42954085900141,0.850614741460546,12.5476419625822,0,0,0.129257504482378,0.782191003931788,1.78450060536092,0.501598675578959,54
79,13.5582018457874,-0.0956258742682056,0.159480585985058,12.5476419625822,0,0,-0.142524865084832,0.783275482963409,1.24672206102284,0.337975760040037,55
79,13.7832688300089,1.32812134189788,-1.62370807547606,13.7148469156586,0,0,0.412464876419417,0.842182921929481,0.265544211023666,-0.691695113255602,56
80,0,0.68621456881466,0.896119571554296,-Inf,0,0,-0.609082814679401,1.14316981584473,0.45682996427801,-0.250970041193985,0
80,0.112533492110747,0.889465149770494,-0.528130078021553,-Inf,0,0,-0.266119945380752,1.11056123256643,-0.455938997854175,-0.534573906540774,1
80,0.304257219410539,0.218935802761841,-1.03404179735274,0.301487334177364,0,0,-0.64230768050574,1.01693401398757,-0.485026040819192,-0.999459827979693,2
80,0.533492110747246,1.38238472255836,-2.01522268853082,0.301487334177364,0,0,-0.508953002686242,1.31707424588943,-0.490055882500503,-1.96506182636277,3
80,0.812741887466508,0.598942573493813,-0.12062977217511,0.301487334177364,0,0,-0.64891578230762,1.1470146795385,-0.232031444641603,-0.895187554166199,4
80,1.09199166418577,0.394004862503388,0.0655961831400331,0.301487334177364,0,0,-0.464677324140258,0.903877493131335,-0.0546674515419132,-0.37257237307814,5
80,1.42125632628759,0.805496873437656,-1.10496991687764,0.301487334177364,0,0,-0.567961129549173,1.00376291049543,-0.949993901797835,-1.44559234086064,6
80,1.60047633224174,1.82031489860383,-1.70037646871265,1.46387454732142,0,0,0.197308638095825,1.36108062016766,-1.30637143057911,-1.57361338224421,7
80,1.98809169395653,1.26362183219291,-0.574591104951737,1.46387454732142,0,0,-0.381785821562669,1.2315810276656,0.215291369619632,-1.04171970984509,8
80,2.02560285799345,0.412469520480711,-1.96399486762661,1.46387454732142,0,0,-0.428673055534192,0.98931249416212,-1.37138188779077,-1.87051067562112,9
80,2.43405775528431,-0.0127043956750361,-1.10540690212642,2.1700627547653,0,0,-0.615468291488972,0.854678621054603,-0.745876906368744,-0.924748631363302,10
80,2.63411729681453,0.267024539165055,1.42256876097354,2.1700627547653,0,0,-0.613993121605338,0.927527283793265,0.621802236376677,0.372473094572953,11
80,2.82584102411432,-2.17158819953039,-0.0748148230230072,2.1700627547653,0,0,-1.66904274115855,0.369148921043559,0.00853002299663175,-0.538784647394676,12
80,3.14676987198571,0.798230579236202,-1.17360342674027,3.11641102234761,0,0,-0.447260398843711,1.09734185564281,-0.711129041155699,-1.27923509605998,13
80,3.40518011312891,0.424255726940711,-0.278929902759756,3.11641102234761,0,0,-0.69182764127932,1.09521105846585,-0.187786650220322,-1.17018146865188,14
80,3.52604941947008,-2.14441189753392,0.139222951508932,3.11641102234761,0,0,-1.81307257969785,0.287709756398968,-0.0148972410694319,-1.17068918642108,15
80,3.88448943137839,-0.0805746698675878,1.11244113642658,3.11641102234761,0,0,-0.614164691682277,0.706224313411901,0.0866073723016236,-0.340895091405576,16
80,4.04703780887169,0.570725623632513,-1.15901660731722,3.11641102234761,0,0,-0.8450167106413,1.14873756521869,-0.411551631434773,-1.3257116476812,17
80,4.31795177136052,0.158920735622297,1.35921839431412,3.11641102234761,0,0,-0.828296024678519,0.982638075503306,0.707626107856996,0.182484745296983,18
80,4.7305745757666,0.723311461967979,0.250315170940402,4.41141611015639,0,0,-0.643184101854785,1.12531450508756,-0.204498887215078,-0.407900034093655,19
80,4.79726108961,0.415893887535315,-0.39681944901721,4.41141611015639,0,0,-0.773359046453886,0.949145016348577,-0.815178162887325,-0.452524719558719,20
80,5.2182197082465,0.760388489357467,-0.685759415401157,4.41141611015639,0,0,-0.74201414847671,1.19144266385056,-0.802038204751092,-1.3972518137326,21
80,5.27657040785948,0.821923528185393,-0.987201374212775,4.41141611015639,0,0,-0.111788731849118,1.08056235935301,-0.98526740664757,-1.1699897801892,22
80,5.61417088419172,1.64743045671415,-1.3637767507161,5.31488578206895,0,0,-0.112770433317978,1.2525179431717,-0.321330309394544,-1.25219432266852,23
80,5.8975885680262,-0.217317427889865,-0.450200298255009,5.31488578206895,0,0,-0.830134726131327,1.01769533839824,-0.682460001400953,-1.26670437212473,24
80,6.12265555224769,-0.637040625649323,-0.649908745519814,5.31488578206895,0,0,-0.815214358127803,0.740128695083786,-0.443705512712861,-1.01222237386694,25
80,6.26436439416493,-0.145293516217137,-2.20215082397823,5.31488578206895,0,0,-0.569879301875055,0.792844165348501,-1.20458552620075,-2.18119060452568,26
80,6.55194998511462,3.2008979572985,-1.80501857438188,5.31488578206895,0,0,0.257859372621643,1.65924233705323,-1.2494237298315,-1.66846968012935,27
80,6.81036022625782,1.45929500686699,-1.53595543015051,6.5970562977376,0,0,-0.288964400426008,1.24259933537461,-1.33629907928713,-1.65136118029633,28
80,7.06877046740101,-0.138497339549678,-0.792796782668656,6.5970562977376,0,0,-0.745177802128638,0.764003133625716,-0.974230728550948,-1.09538240575308,29
80,7.42304257219411,1.40128495078727,-1.00229932586168,6.5970562977376,0,0,-0.245321242925944,1.20560419272773,-0.763745017141279,-1.54431032082209,30
80,7.72313188448943,2.26641812679279,-2.72746886284612,7.52232325050192,0,0,0.0569597902551232,1.48479217614466,-1.68545039361899,-2.07422780188729,31
80,7.81899374813933,1.27857221541839,-1.73819794249038,7.52232325050192,0,0,-0.967507687797555,1.14080682599828,-1.17277053067958,-1.54990236160738,32
80,8.08990771062816,0.271448409158539,0.172302152703716,7.52232325050192,0,0,-0.942658670010392,0.928427407854812,-0.168585536021054,-0.682510841632579,33
80,8.43167609407562,0.448878611738733,-0.436003236877087,8.36746944010688,0,0,-0.605187344815823,1.07251093722253,-0.852782977830673,-0.713789296421449,34
80,8.63173563560584,1.11259306836414,-1.33092896227005,8.36746944010688,0,0,-0.00475415880515451,1.16587275451236,-1.08146704997828,-1.26871974264304,35
80,8.95266448347723,-1.75502047595755,0.775983732927399,8.36746944010688,0,0,-1.33632412841006,0.435179030868455,0.0586617535717919,-0.11573892228357,36
80,9.22774635308127,-0.480152652176923,-0.812394610285016,8.36746944010688,0,0,-0.979577773540589,0.764328042508679,-0.0186139596984261,-1.11264489700103,37
80,9.26108961000298,-0.210575328349384,-1.19159494714623,8.36746944010688,0,0,-0.857000826885427,0.944296398507721,-0.754346279541951,-1.35798272534574,38
80,9.63203334325692,2.13035174388677,-0.938586830639082,9.49103742240247,0,0,0.0238566709148714,1.47496949331577,-1.1313116880054,-1.28781856602625,39
80,9.77374218517416,-0.901411753060158,-0.298738605477842,9.49103742240247,0,0,-1.12059093976404,0.664445524739647,-0.611821084474211,-0.936570106231378,40
80,10.1571896397737,-0.446926893102493,-0.394469664731524,9.49103742240247,0,0,-0.713043641058114,0.750217789391284,-0.674260732419358,-1.10390213288957,41
80,10.2530515034236,0.830806746984948,-0.366111027229195,9.49103742240247,0,0,-0.232997849159872,0.981987984751526,-0.616851011671222,-0.734801746050962,42
80,10.6239952366776,1.59720405884399,-1.46271216770783,10.3432459226165,0,0,0.0396115902784045,1.41287543168666,-0.80137630784162,-1.59474002143321,43
80,10.8157189639774,-0.189564353676072,-0.633003925762193,10.3432459226165,0,0,-1.10023642342579,0.74777607236571,-0.219092081863281,-0.775630932131239,44
80,11.1491515331944,0.640619674989563,0.0726613938682416,10.3432459226165,0,0,-0.39607177607635,1.07556694321446,-0.542352096413366,-0.504450667348077,45
80,11.2866924679964,-0.69600705726972,0.147819293119991,10.3432459226165,0,0,-1.23037469077139,0.816471053508309,-0.0453344084591611,-0.124909103475062,46
80,11.6993152724025,0.839642412727451,-0.846255682849055,10.3432459226165,0,0,-0.202118677475449,1.10287700438095,-1.0090043460231,-1.10731807379115,47
80,11.8993748139327,0.999718718914964,-0.344946618682324,10.3432459226165,0,0,-0.32124629718453,1.04735317512266,-0.14904336526513,-0.882610269725036,48
80,12.0744269127717,0.674165652679923,-0.365518807897771,10.3432459226165,0,0,-0.161283154053471,1.114868516301,-0.325320651159739,-0.653834114939646,49
80,12.4245311104495,0.857384321133713,0.373751547053053,12.2893432935503,0,0,-0.240124969492478,1.10828903838158,-0.0301991521011076,-0.530306529807618,50
80,12.7204525156297,-0.585716385363433,0.082768551861252,12.2893432935503,0,0,-1.00332580942531,0.832652685515651,-0.0122399871948975,-0.402290921737826,51
80,12.8538255433165,-1.13229331983183,1.98785346538302,12.2893432935503,0,0,-1.39796276605192,0.693034437387428,1.13577586350276,0.472797739481981,52
80,13.1414111342662,1.00196052625337,-0.350784111241092,13.0257817187132,0,0,0.0313781872735356,1.22136293165625,-0.336797688494466,-0.603341844204921,53
80,13.3039595117595,1.34878871422048,0.323460297779185,13.0257817187132,0,0,-0.459689702824423,1.22461878181476,-0.234809680368841,-0.413710269088969,54
80,13.5456981244418,0.114085024993347,-0.859850792636369,13.0257817187132,0,0,-0.800997385513973,1.02294858428098,-1.08350465123445,-0.99893549742494,55
80,13.9166418576957,0.647614971605394,0.0690830307483498,13.597892714059,0,0,-0.363607179426078,1.07647199512322,0.0120370869484688,-0.761466030181977,56
81,0,0.912588113934773,-0.627083208747311,-Inf,0,0,-0.275430358644892,0.348168074376221,0.437630338895273,0.124838788909622,0
81,0.183387913069366,0.021127143994258,0.888155663935511,-Inf,0,0,-0.82164268622026,0.108755301415672,1.64579206481741,0.702874387767126,1
81,0.37927954748437,-0.215097597713899,0.213871385496928,-Inf,0,0,-0.470643129570939,0.107800670112692,0.7388679784243,0.516132580183653,2
81,0.662697231318845,2.33348818075569,0.623959982034263,0.403042062185705,0,0,0.0758502273166462,0.707285751538149,1.19177679290433,0.549399301384655,3
81,0.966954450729384,-0.307705841269196,-1.33257990664913,0.403042062185705,0,0,-0.5927148490678,0.23083002265824,0.4489003786869,-0.347910522415978,4
81,1.22536469187258,0.842131220633382,-1.5853737074522,0.403042062185705,0,0,-0.24517221101579,0.275245309150366,0.142557356763642,-0.677263800742054,5
81,1.31705864840726,1.11304247941485,-1.23636399192615,0.403042062185705,0,0,-0.124882246312211,0.461955308584946,0.367040772347703,-0.436540882224101,6
81,1.55046144685918,1.58502623356816,-1.37375008194559,1.4153833253524,0,0,0.407238737373552,0.496711083106095,-0.0391846295646693,-0.0530395115729488,7
81,1.80053587377196,0.753392468325271,0.89817987042203,1.4153833253524,0,0,-0.68011093700149,0.412814788044032,1.0666987594934,0.475714887183156,8
81,2.075617743376,1.1309337078388,-0.609302065157265,1.4153833253524,0,0,-0.0549006575769376,0.337673700603824,0.186728429765152,-0.158420699358128,9
81,2.25900565644537,2.65027594846578,-1.49496470588543,2.19302227638769,0,0,0.137476552856355,0.889045148983337,0.401578611310747,-0.713725786433169,10
81,2.6883000893123,-0.209917032098074,-0.80291784830253,2.19302227638769,0,0,-0.67246796615547,0.00470473264657519,0.0644862247141779,0.0300588161425455,11
81,2.84251265257517,-0.583025427858116,0.251029056622333,2.19302227638769,0,0,-1.40516077442808,0.0389929974823964,1.35316087861334,0.104336216753214,12
81,3.09675498660316,1.8649942891686,-0.302401726293507,3.03742861928812,0,0,0.123008463671901,0.612703269517612,0.363494640716953,-0.0587989256561758,13
81,3.47603453408753,1.01976059678814,-1.97173843461976,3.03742861928812,0,0,-0.457140494575055,0.623795392740706,-0.0876398688254523,-0.551500813024923,14
81,3.73027686811551,-0.790238426047566,0.106040107922864,3.03742861928812,0,0,-0.988610223588697,-0.0407640548079393,0.905366145169136,0.427578954802545,15
81,3.94700803810658,-0.739140270205634,0.0447613926430176,3.03742861928812,0,0,-0.92613089371152,0.0357224749613616,1.37970243097992,0.275983092740795,16
81,4.23459362905627,0.865019081629416,-0.773444077269141,3.03742861928812,0,0,-0.294358208712189,0.419205307387979,0.477945609704849,-0.130605679139344,17
81,4.30128014289967,0.694119050240972,-1.33360825259381,3.03742861928812,0,0,-0.205269783783112,0.310638732217105,-0.214153444698941,-0.252481314614406,18
81,4.64721643346234,-1.17066411967488,1.21712572093571,3.03742861928812,0,0,-1.02734953971166,-0.153476902594446,1.50131047776682,1.12562558971774,19
81,4.8597796963382,-1.04825362857528,1.79136109518555,4.71342344115703,0,0,-0.860622517773821,-0.0392032725178111,2.04987965032125,1.37848298359135,20
81,5.05150342363799,0.638893497014003,1.32561730299158,4.71342344115703,0,0,-0.433367901794284,0.365468319168049,1.63216447879213,1.28998944087622,21
81,5.40577552843108,1.65130167015876,-0.16777837038475,5.22398529799225,0,0,0.50241133069083,0.429764153066558,0.714259544123608,-0.0434816196103491,22
81,5.66001786245907,-0.895350585240694,-0.290681976566543,5.22398529799225,0,0,-0.833806709882791,-0.0694242892914631,0.835677809604353,0.28520136105028,23
81,5.8642453111045,1.33491366338698,-0.0989380751561581,5.22398529799225,0,0,-0.545946884173891,0.282502438824313,1.0367656804981,0.220251546334793,24
81,6.10598392378684,0.452354600988496,0.22375204427196,5.22398529799225,0,0,-0.418446439153327,0.481440363364182,0.654223589812283,0.763951995695032,25
81,6.37689788627568,-0.476438423411924,1.03823201607318,5.22398529799225,0,0,-0.971525481794552,0.0837647917312598,1.06814696643144,1.11089433328423,26
81,6.58112533492111,0.905533984649053,-0.0236177133896299,5.22398529799225,0,0,-0.30769501965285,0.342399940255505,0.838952400361146,0.189562370758773,27
81,6.78952069068175,2.46057390299681,-1.59748299990266,6.70993045646554,0,0,0.403055649169131,0.462614097372612,-0.299952976824261,-0.63157899663658,28
81,7.09377791009229,-1.16013331468335,1.43163610262481,6.70993045646554,0,0,-1.19051212072092,-0.0611468393179881,1.24545646392995,1.15028187105335,29
81,7.39386722238762,0.600842629841861,-2.4528627664623,6.70993045646554,0,0,0.0183638498762383,0.342390035445051,-0.195351481865284,-1.21757609410334,30
81,7.52307234295921,1.01145874615901,-0.301856263375468,7.42922964125084,0,0,-0.457339051139088,0.304783467019763,0.863428164035091,0.291156876815825,31
81,7.80232211967848,0.214154690468257,-0.263560402306243,7.42922964125084,0,0,-0.526247816070395,0.104454830229379,0.753837040042006,0.189801709087746,32
81,8.16076213158678,-0.395455153377225,0.0454105789439687,7.42922964125084,0,0,-0.761449928519834,0.119867994772424,0.555731939194888,0.432844029096845,33
81,8.37332539446264,0.344535512465182,0.341231699599254,7.42922964125084,0,0,-0.387460332386451,0.22770974681533,0.691173488323338,0.830331435221395,34
81,8.59839237868413,0.130225671093006,-0.177111232489831,7.42922964125084,0,0,-0.557902979620922,0.0565056369839044,1.0964797990813,0.171937276958673,35
81,8.9443286692468,0.580892114597203,-0.687038730473638,8.74952610620262,0,0,-0.235470373398412,0.235636018055813,0.385306809270527,0.0742427424750291,36
81,9.16105983923787,-0.245162262700012,-0.511189522753771,8.74952610620262,0,0,-0.608537042379779,0.0250451113791113,0.939027938392575,-0.205460208510371,37
81,9.41113426615064,1.39003396500961,0.428941261890231,8.74952610620262,0,0,-0.223324198385452,0.537943768360215,0.727406793122896,0.736499651443893,38
81,9.71955939267639,-0.778215861946292,2.35635299753889,9.47378562941001,0,0,-1.22776967670713,0.0418577128097751,2.52296340338251,1.69543394207598,39
81,9.86126823459363,0.320731571917439,-0.783356464348972,9.47378562941001,0,0,-0.292637970961695,0.239109853822897,0.366558448390807,-0.740708857088913,40
81,10.1988687109259,0.839339449490752,0.194155668117525,9.47378562941001,0,0,-0.447493326904444,0.312778432886145,0.433620330617575,0.367171351623538,41
81,10.3697529026496,-0.0646932466552292,-0.969120232972443,9.47378562941001,0,0,-0.795458373775646,0.210335315100143,0.681071307589305,-0.211300215260315,42
81,10.5573087228342,-0.321726389758135,-0.173087644639565,9.47378562941001,0,0,-0.814515267288283,0.0229371988806021,1.23148707280993,0.537113563849514,43
81,10.9074129205121,1.75744137597557,0.96102353095816,10.7359090307548,0,0,0.244241376991739,0.627650998178047,1.68487192095487,0.966116138562402,44
81,11.1699910687705,1.17892111844229,-0.51201656472034,10.7359090307548,0,0,-0.289089223682154,0.506402780701328,0.693655852035659,-0.000604044785445138,45
81,11.3450431676094,1.11621481152775,-0.995643037414755,10.7359090307548,0,0,-0.0784030383274172,0.449525083899452,0.262801816119388,-0.162015243093209,46
81,11.6493003870199,2.15588229334948,-1.23138284055057,10.7359090307548,0,0,-0.0104225341932366,0.726608904056036,0.250577719856439,-0.682670380356112,47
81,11.8035129502828,2.28901840536508,-0.551140521186337,10.7359090307548,0,0,0.261218285624359,0.729482998924153,0.291686991720358,-0.0721655605271089,48
81,12.1577850550759,-1.05829578741381,0.423449491184712,10.7359090307548,0,0,-1.04282637335296,-0.0454885805811579,0.932914565048902,0.64171911899791,49
81,12.2744864543019,1.78662882294084,-1.673037720137,12.2459331068945,0,0,0.364464347756149,0.557262592545982,-0.175617328220144,-0.733471111259785,50
81,12.7121167013992,-0.4579303062297,0.923341653644848,12.5447560584423,0,0,-0.959722620822001,0.0786465686894613,0.975801048253461,0.788764314000863,51
81,12.7954748437035,-2.73715263099457,2.24015459812572,12.5447560584423,0,0,-1.78203138162122,-0.398312883528372,2.29755171296567,1.83578886981625,52
81,13.099732063114,1.00938914133992,-1.21062387609416,12.5447560584423,0,0,-0.246296492633463,0.5019589632093,1.04892717966224,-0.548313893001034,53
81,13.3164632331051,0.190554854030032,-1.32541798446893,12.5447560584423,0,0,-0.24267881472942,0.146652536280247,0.278239865097573,-0.316618857237684,54
81,13.687406966359,-1.17839256814386,0.984351701545786,12.5447560584423,0,0,-1.38284076444699,-0.0037278219011331,0.799964525094753,1.30612095751375,55
81,13.8457874367371,1.69309067011102,-0.750473959696939,13.7637805060833,0,0,0.0541169338449336,0.553567785160571,0.191971434499524,-0.105184607211994,56
82,0,-0.818789169324314,1.08843004773969,-Inf,0,0,-1.04955021397521,-0.193457774922811,0.708740789687198,0.492648601387796,0
82,0.150044656147663,0.777430414822409,0.390348463891619,0.109280343248975,0,0,-0.0448087616839715,0.232888841794324,0.680605983936016,0.0100784567097754,1
82,0.375111640369158,-0.258361273405405,0.754172618399339,0.109280343248975,0,0,-0.863021210151289,-0.0320184527509966,0.193902377366268,-0.370828076690604,2
82,0.704376302470973,-0.323203211625104,-0.98410392325784,0.109280343248975,0,0,-0.80678907242352,-0.152602979298736,-0.90666600446017,-1.09665111002762,3
82,0.891932122655552,0.372460586667518,1.10970378253685,0.765321957853694,0,0,-0.621697506476625,0.0602028544383062,0.398365287613196,0.169406110612979,4
82,1.15867817802918,-0.389955914323672,0.638201894475084,0.765321957853694,0,0,-0.732671912581976,-0.0925299252300201,0.344153932653219,-0.331830490179657,5
82,1.32539446263769,-2.17195239027213,0.967200009719131,0.765321957853694,0,0,-1.47111134670292,-0.581580342428129,0.251344936362802,0.245334865711137,6
82,1.68800238166121,1.06782599289402,-0.198193264134597,0.765321957853694,0,0,-0.103081698958093,0.29732477445463,-0.226992577471305,-0.213658505943765,7
82,1.77136052396547,0.607684663941539,-1.38825237336271,0.765321957853694,0,0,-0.0999723319317312,0.0147744693360007,-0.933052011840615,-1.33086225643215,8
82,2.03810657933909,0.0353826955229809,0.133950898838191,0.765321957853694,0,0,-0.545359978093891,-0.0182578079035436,-0.248281877752697,-0.561100415496336,9
82,2.32986007740399,0.071908675890287,-0.756899069088318,2.04383820513836,0,0,-0.543820533781684,-0.0208759862631975,-0.487735979615264,-1.23565293478325,10
82,2.68413218219708,0.61285323763778,-1.74806496511415,2.04383820513836,0,0,-0.480826175480401,0.134728844401031,-0.720398353520813,-1.34747410478973,11
82,2.81333730276868,0.267000319318457,0.247192336078003,2.04383820513836,0,0,-0.51791719388482,0.0439772482322251,0.167468098977696,-0.127518707704026,12
82,3.0133968442989,0.0735003267227485,0.15931868405828,2.04383820513836,0,0,-0.31142527364729,0.149616132834092,0.127967118483386,-0.285086727194229,13
82,3.33015778505508,2.64616348635202,-1.33625420613592,3.28585958880766,0,0,0.475572365205822,0.502801850842445,-0.912955235314818,-1.11017802402863,14
82,3.51771360523965,1.92821403751882,-0.88584094593594,3.28585958880766,0,0,0.167470059627972,0.39245592209329,-0.366575413323492,-1.07935211546428,15
82,3.97618338791307,-0.911680345287454,0.428804406469063,3.28585958880766,0,0,-1.16525676436855,-0.378866073296988,0.110362474432477,-0.247128143454675,16
82,4.00535873771956,-0.585228745913877,1.19057538776229,3.28585958880766,0,0,-0.450354848451785,-0.122312777000373,0.567458535156495,0.330380363330581,17
82,4.39714200654957,-1.14652221883365,0.538986370072916,3.28585958880766,0,0,-0.703141001725982,-0.328170110757973,0.273478370999056,-0.0349220973708256,18
82,4.54301875558202,-0.587697091205075,1.04725381410739,3.28585958880766,0,0,-0.959099982733916,-0.120988124868349,0.752773256034877,0.236645549286413,19
82,4.76808573980351,1.50058417508379,1.35754229062369,4.65456854849337,0,0,-0.0334258224644097,0.241915874845518,0.62110964059965,0.146451417466511,20
82,5.07651086632927,1.4153314405882,-0.151447890665835,4.65456854849337,0,0,0.169964628712064,0.569899866648365,-0.470876495370515,-0.658263480995018,21
82,5.47246204227449,-1.15215439994531,1.08505357461279,5.23071911552957,0,0,-1.31475671015899,-0.255092142176112,0.194093104012924,0.426103545176525,22
82,5.68085739803513,-0.946266729715631,1.15666537656206,5.23071911552957,0,0,-0.900544547873436,-0.386283085076609,0.45505340374642,0.49437780628834,23
82,5.76004763322417,-1.43295351006699,-0.492664536864176,5.23071911552957,0,0,-0.97182682979385,-0.286411644380152,-0.172140761860441,-0.623726519239987,24
82,6.05596903840429,-1.08085270444725,-0.0374215644325769,5.23071911552957,0,0,-0.819412832127379,-0.156797071871804,0.127326591058334,-0.256127246671099,25
82,6.45192021434951,1.18669414370577,1.38713436357035,6.2043427475155,0,0,-0.18536566375325,0.292391932814013,0.260230043532187,0.49400425532488,26
82,6.74367371241441,-0.814195886532678,0.318779607005434,6.2043427475155,0,0,-1.06478751470471,-0.181645614606573,0.00625670117251255,-0.168252439727097,27
82,6.87704674010122,-1.025132501823,1.66772827307661,6.2043427475155,0,0,-0.704600539002623,-0.360864950759402,1.34142357600496,0.465281879630478,28
82,7.19797558797261,-1.28606896521919,-0.797971147921722,6.2043427475155,0,0,-0.435491620349725,-0.192692242780306,-0.300731832490288,-0.930269594072562,29
82,7.39386722238762,-1.69519819471433,1.19959949548559,6.2043427475155,0,0,-1.18318412494121,-0.434544811478953,0.486506280990678,0.201120309647317,30
82,7.73563560583507,-1.19825149693673,1.04557985137416,6.2043427475155,0,0,-0.851854267103169,-0.399832168686265,0.575297488454881,0.299924550041925,31
82,7.94403096159571,1.50520380973572,-0.73563722817851,7.90115667291595,0,0,0.177772946404685,0.301855604379799,-0.663600544662547,-0.813309245856493,32
82,8.11908306043465,1.22022179918672,-0.989716954959388,7.90115667291595,0,0,0.217997215728685,0.329519298904647,-0.707213596067943,-0.931592204016842,33
82,8.44417981542126,0.392450117811558,0.292224005091388,7.90115667291595,0,0,-0.455536806452346,0.0749487014800563,0.18565125952341,-0.164530002411479,34
82,8.72342959214052,0.128216626553854,0.334473992192357,7.90115667291595,0,0,-0.527775137530463,-0.198408425803013,-0.213641170060072,0.0903795306011368,35
82,8.79845192021435,0.389463312639653,-0.778849768001777,8.77552989880519,0,0,-0.296295611766593,0.0179340775109525,-0.813860745996353,-0.947003695669873,36
82,9.15689193212266,0.971864466579407,-1.09876140090582,8.77552989880519,0,0,-0.0502211033122701,0.215208765537822,-0.922678136905648,-1.16008330937577,37
82,9.26108961000298,2.29955890289151,-0.111985355503599,9.26093089164485,0,0,0.654550944765351,0.488017730656829,-0.338515101375848,-0.497176725461968,38
82,9.71539148556118,0.250130142353012,0.848015212211874,9.26093089164485,0,0,-0.290333945708904,-0.0740748708875612,0.121088444355735,0.00430841793761924,39
82,9.97796963381959,-0.0911374502799457,-0.130820798650459,9.26093089164485,0,0,-0.480382793052873,-0.0583522673200852,0.413720649732287,-0.48477679372671,40
82,10.0071449836261,0.027692772296811,-0.0183867596419103,9.26093089164485,0,0,-0.375448326399591,-0.076415029014453,-0.091046228372473,-0.593131506095207,41
82,10.3905924382257,-0.258976790480955,0.339354883588101,9.26093089164485,0,0,-0.520845143512846,0.0134763782311708,0.156001385617294,0.0850091849094027,42
82,10.5489729086038,0.436387564937513,0.99547165023181,10.4188184318885,0,0,-0.169946072180757,-0.0907277958145961,0.402575706009897,0.318758736914762,43
82,10.8073831497469,1.12834126430727,2.04415233476656,10.4188184318885,0,0,-0.284755545118145,0.195191698987436,0.980524482855724,1.05516102278912,44
82,11.1783268830009,0.217866841922094,-0.851107053525782,10.4188184318885,0,0,-0.477658169862593,0.0220288682427832,-0.372744813765475,-0.728489884089835,45
82,11.3450431676094,-0.745192355047536,1.11406381134149,10.4188184318885,0,0,-0.93274053942804,-0.392830780405886,0.45915168180501,0.374029973074452,46
82,11.6242929443287,1.30683212289244,-1.26767960358058,11.4221125837218,0,0,-0.106609505273263,0.230422902515793,-0.921155079835908,-1.47204936241343,47
82,11.8243524858589,0.153361556070355,-0.470914132461404,11.4221125837218,0,0,-0.374034581937843,0.00413466712612138,-0.384292068233254,-0.803588488355296,48
82,12.04108365585,-1.55936236931613,-0.0750697357192141,11.4221125837218,0,0,-0.892456652259377,-0.322852670363935,-0.055181706241608,-0.477153397072574,49
82,12.4953855314082,0.803312711293887,-1.41514267302305,11.4221125837218,0,0,-0.605766558989117,0.333649925113692,-0.563680234675414,-1.31118606768709,50
82,12.6996129800536,0.404313447997669,-0.416867927075941,11.4221125837218,0,0,-0.592105837293827,0.128978638240671,-0.481442892129622,-0.785570024148654,51
82,12.9455194998511,-0.414923848526148,0.327598183701248,11.4221125837218,0,0,-0.416334777555456,0.102376563762891,-0.0494697820671801,-0.32301649252754,52
82,13.0163739208098,-0.478051161354816,0.599050938833419,11.4221125837218,0,0,-0.753319599528818,0.023743552674238,0.583368252564569,-0.08030906444951,53
82,13.3623102113724,1.70770600186233,-0.705402336421256,13.0843427074858,0,0,0.164766381789635,0.50459465679923,-0.170825902876847,-0.826589691758895,54
82,13.5915451027091,2.21018365931935,-0.139804533603704,13.0843427074858,0,0,0.0293917927379682,0.353196213342995,-0.0856838693625063,-0.757544963243244,55
82,13.8999702292349,0.318211471755713,-0.399925986685542,13.8005104576703,0,0,-0.27371185730542,0.166445763429216,0.0642062149642426,-0.562207696700454,56
83,0,-0.795163611534193,0.0177751661351387,-Inf,0,0,-0.231698621342383,-0.0733647760398047,0.381968167506802,-0.177089657959602,0
83,0.208395355760643,1.56047410394755,-0.832611681502596,0.0372560895164497,0,0,1.29997308730173,0.416360257840402,0.654899869526454,-0.734934450486951,1
83,0.375111640369158,0.544163504432724,-0.206721984773322,0.0372560895164497,0,0,0.624601803923553,0.0567729180797677,0.511873338792321,-0.0524155127860702,2
83,0.646025602857993,0.0492058278654251,-0.914422586185419,0.0372560895164497,0,0,0.743918084890685,0.183376265251674,0.690297900410426,-0.378782414333627,3
83,0.779398630544805,1.2243741849494,-0.631770235957113,0.694932662437742,0,0,1.04243378533752,0.350051157728114,0.639761928579263,-0.171311980369466,4
83,1.1003274784162,0.046260094214502,0.735817496440664,0.694932662437742,0,0,0.319133638771708,0.0863095160248327,1.05705634945836,0.650254706154062,5
83,1.37124144090503,-1.1507875612121,-0.199514842279525,0.694932662437742,0,0,-0.0621389317167779,-0.155397303075443,1.27563106210565,0.0612086577281007,6
83,1.53795772551355,0.264243063269498,-0.431612968837211,0.694932662437742,0,0,0.314507610453457,0.106041638467763,0.746924652298668,-0.185892312956098,7
83,1.94224471568919,-0.547735389902333,0.186867211964525,0.694932662437742,0,0,0.00221750708867999,-0.198350215034839,0.874827463736789,-0.330011895412301,8
83,2.05894611491515,-0.58138176134841,0.430877921330091,0.694932662437742,0,0,0.16252533489905,-0.168693398314959,0.988537096363872,0.0896795380920363,9
83,2.35903542721048,0.598016405152926,1.16974805855407,2.18865123751681,0,0,0.435273585716147,0.109146085568477,1.08754311278041,0.547874519866478,10
83,2.62994938969932,-0.670841949556934,0.507872780047356,2.18865123751681,0,0,0.145201696951792,-0.116283209228965,1.27664814688097,0.101726220165743,11
83,2.84251265257517,-0.699553106700191,0.803408696492126,2.18865123751681,0,0,0.26862034087368,-0.160629023619394,1.6595024508543,0.29334078033281,12
83,3.16344150044656,-0.0370572594248527,-0.852665590178027,2.18865123751681,0,0,0.24593321820405,0.0547868474831126,0.627932483236807,-0.662208263199901,13
83,3.30098243524859,-0.332913282980817,0.788308649764825,2.18865123751681,0,0,0.24724659875924,0.0204835268813818,1.16480625885946,0.286722333306412,14
83,3.7261089610003,1.01360468104603,-1.27544941524362,3.43128235183585,0,0,0.965256171087513,0.179591622889669,0.0388858029841393,-0.466362042175055,15
83,3.759452217922,-0.0587053138311806,-1.09146003724514,3.43128235183585,0,0,0.497190635106322,0.11161887048391,0.19894734781706,-0.635323619165968,16
83,4.21792200059542,0.272094789495155,-1.184604160695,3.43128235183585,0,0,0.510130285487971,0.0679620755527501,0.123303009736377,-0.929941207651074,17
83,4.44298898481691,1.67978263611421,-0.50631930875607,3.43128235183585,0,0,1.04562160059834,0.625158308047493,0.0562767685432621,-0.625306251347673,18
83,4.53885084846681,-0.255040729083031,1.23863640594972,3.43128235183585,0,0,0.269109095280402,0.0660640687127836,1.53577080979023,0.809650072560213,19
83,4.90979458172075,1.24165091182569,-2.39874940815463,4.64866162896371,0,0,1.47442921995433,0.422189120345583,-0.219751167561647,-1.59895224757216,20
83,5.20988389401608,0.441969013349505,-0.389169079493,4.64866162896371,0,0,0.557388754000748,0.189789664282616,0.380230550701064,-0.817208374442041,21
83,5.42244715689193,1.39814619356307,0.314528888590001,4.64866162896371,0,0,0.992957154610983,0.404472730793023,1.56021675304487,-0.139444164897301,22
83,5.59749925573087,-0.220709070954789,-0.462246372926486,4.64866162896371,0,0,0.372953993149657,-0.00600054910137732,0.423935931888691,-0.344391956725447,23
83,5.9642750818696,1.71419952404381,-1.40242664900819,5.70736209530419,0,0,1.27040164007486,0.444647147976427,-0.0751261949658876,-1.25338753476356,24
83,6.18100625186067,1.52563611619258,-0.735571386304876,5.70736209530419,0,0,1.26232385301885,0.31012184241277,0.294641702542746,-0.740591864383168,25
83,6.44358440011908,2.18471297606716,-0.0653791635383531,6.29324673622703,0,0,1.13921066176582,0.753589659322983,1.31828704420053,-0.250534892421974,26
83,6.5477820779994,1.77773298022803,-0.276749006774832,6.29324673622703,0,0,1.23561122539145,0.512456450909548,0.615497244727516,-0.419465539826142,27
83,6.8061923191426,0.472549213222523,-0.621254410840218,6.29324673622703,0,0,0.746040193887451,0.225221108226468,0.519844614490232,-0.712920883725573,28
83,7.1604644239357,1.33014229018223,-1.54943671758194,6.29324673622703,0,0,0.699456985928677,0.336062774847365,0.0528348328826144,-0.933340942513405,29
83,7.41887466507889,-0.0330369552865404,-0.504294278930532,6.29324673622703,0,0,0.39208544584037,0.0671596900446024,0.422430690466998,-0.209843147667468,30
83,7.52724025007443,0.412271037192576,-0.500782338506758,6.29324673622703,0,0,0.509203623814689,0.168237332593258,0.453335336265186,-0.504178611813403,31
83,7.78148258410241,2.38054356376728,-1.30920748065005,7.60918071624966,0,0,1.73187007195093,0.682188552145803,0.438498747207392,-0.916749498345595,32
83,8.01071747543912,2.7638900376605,-2.10292239363192,7.60918071624966,0,0,1.81019130016871,0.772278835240138,0.506449197264118,-1.21781381716882,33
83,8.26079190235189,2.60149083012036,-0.699914157262671,7.60918071624966,0,0,1.44952804448336,0.718968376992863,0.287542429681823,-0.613595135908444,34
83,8.60672819291456,-1.0505120071134,0.315095335267475,7.60918071624966,0,0,-0.0265661115546785,-0.212492208908158,1.13406265971152,-0.259028766901387,35
83,8.7817802917535,-0.458020477117999,-0.526952210914466,8.73739620527217,0,0,-0.160222146286622,-0.0448352753739702,0.455469456096938,-0.643803440238458,36
83,9.15689193212266,-0.360862806128012,1.23490997761231,8.73739620527217,0,0,0.476324018139684,0.139563285760369,1.54608111777637,0.423832788903104,37
83,9.48198868710926,0.357043519339252,1.23369776132777,9.4347447738123,0,0,0.838283671452407,0.244110923282586,1.63970945976994,0.821541890277068,38
83,9.73623102113724,-0.487858784504046,0.357919177656888,9.4347447738123,0,0,0.25008920896059,-0.169280983349529,1.15305294111865,0.150993204904594,39
83,9.9487942840131,0.484690137729831,1.14383333908501,9.4347447738123,0,0,0.572950773229307,0.317449837402644,1.45351834984018,0.481066202999351,40
83,10.103006847276,-0.168172001962344,0.260813251288607,9.4347447738123,0,0,0.71391855453198,-0.0110301199438187,1.03772558342927,-0.0188061691144338,41
83,10.3030663888062,-0.511717431206207,0.416645920235358,9.4347447738123,0,0,-0.164166937976403,0.0616688805493474,0.883992632288508,0.220273438736956,42
83,10.5239654659125,-0.884496297202378,-1.02333419026532,9.4347447738123,0,0,0.292275768444262,-0.0749901918660072,0.123950898364579,-0.923819747778044,43
83,10.8824054778208,-0.350839293328982,0.0664287241112412,9.4347447738123,0,0,0.536930170953198,0.0566610118896027,0.866266452896575,0.027589201893337,44
83,11.0491217624293,0.63554250179967,-0.0748290926687109,9.4347447738123,0,0,0.586120050717689,0.360946656061084,0.943727181358557,-0.44910291232097,45
83,11.2658529324204,1.99514810229163,-1.89606624159664,11.2015694050172,0,0,1.24740688736928,0.647920209256326,-0.117455084046949,-1.45316787189558,46
83,11.6201250372135,2.23080561799198,-0.205032785288784,11.5232126830647,0,0,1.19460212735644,0.58567739706585,0.978027984428476,-0.145723627194984,47
83,11.8910389997023,0.564023007782829,-0.115108368862184,11.5232126830647,0,0,0.582958526152323,0.248937496300622,1.21008598267532,-0.428403668765708,48
83,12.003572491813,0.71197707011827,-0.764062623916263,11.5232126830647,0,0,0.548722810862954,0.151210490213662,0.611275634215198,-0.436456520768402,49
83,12.3911878535278,-0.136730498868445,0.543212570153304,11.5232126830647,0,0,0.72445790575052,0.0648188100615319,1.28133265995639,0.382843136264026,50
83,12.5870794879428,1.39266471180483,-0.253075780930307,12.4956286843884,0,0,0.842237648961273,0.441688107989516,0.361064427447799,-0.345866088135147,51
83,12.8663292646621,1.29792768548189,0.22291287434396,12.4956286843884,0,0,1.06431600982039,0.494519113190807,0.879533096673182,-0.132362218168075,52
83,13.2497767192617,-1.75645342584497,1.49804206509119,12.4956286843884,0,0,-0.15369375192492,-0.240899956507105,1.63845043847369,0.702088861263722,53
83,13.3664781184876,-1.38118887431701,1.02374089990814,12.4956286843884,0,0,-0.343356967370978,-0.234055702836547,1.18562229648349,0.32300730330781,54
83,13.6915748734742,3.29062797651727,-1.41140936221089,13.6405034269323,0,0,1.68861440029313,0.848099212976218,0.516502211853863,-0.809449549910871,55
83,13.9749925573087,0.228297201085748,-0.310263722397069,13.6405034269323,0,0,0.774558038951501,0.156136011292676,0.693108226389944,-0.57849799246138,56
84,0,-0.502681302565052,-1.65252287896818,-Inf,0,0,0.3434312753681,0.692935019348473,-0.237494952682636,-1.32001086901565,0
84,0.0708544209586186,-0.654612092441644,-1.25637407056764,-Inf,0,0,0.344798240885422,0.540939452025875,-0.295611689152271,-1.16240780251861,1
84,0.416790711521286,1.3182675135062,-0.850887066009587,0.11504825593438,0,0,0.696700129231744,1.02612576378057,-0.108432819345484,-0.828194163476447,2
84,0.746055373623102,-1.07437926472635,1.02704553193415,0.11504825593438,0,0,0.121631855035,0.36642539975759,1.17519423827343,0.133713253628498,3
84,0.775230723429592,-1.65846411964769,1.37102518486974,0.11504825593438,0,0,-0.00502130038029536,0.394156974783945,1.37484736576473,0.167172351549745,4
84,1.08365584995534,2.0175494264532,-1.09956845239568,0.11504825593438,0,0,1.41738212462539,1.17814925541706,0.0199960071910313,-1.15793899899747,5
84,1.35040190532897,0.692119177578825,-0.75743919407745,0.11504825593438,0,0,0.989002386367468,1.02701595373523,0.108058624003661,-1.244197098246,6
84,1.65465912473951,1.53780916832869,0.120077731013276,1.41148877127383,0,0,1.04366108668174,1.06106939671876,0.298803498771813,-0.729562624034702,7
84,1.9130693658827,1.8235367197342,-0.804057122219967,1.77398057256001,0,0,1.2182307868029,1.09787362280853,-0.150505939060396,-1.31169512786163,8
84,2.1047930931825,-1.5959625566091,1.27660135820026,1.77398057256001,0,0,-0.28287369882127,0.312480022307972,1.22898614023146,0.253153384388497,9
84,2.43405775528431,-0.809298602116563,1.28071294649505,1.77398057256001,0,0,0.0758210085734972,0.476040799059388,1.13253439499834,0.229079008729454,10
84,2.50074426912772,-1.77006294746177,1.96622842332304,1.77398057256001,0,0,-0.048286918196785,0.180437313442825,1.28441058778288,1.06511456925038,11
84,2.87585590949687,-0.0524398280103083,0.604070067685063,1.77398057256001,0,0,0.57806192195309,0.602588369930829,0.993304015812523,-0.127994323832658,12
84,3.05090800833581,-1.9538575562738,0.532731441809816,1.77398057256001,0,0,-0.203652346495014,0.163571342387368,0.4626658569311,0.00173419405753805,13
84,3.36766894909199,-0.519217598996345,-0.11731944572882,1.77398057256001,0,0,0.0623301529821161,0.592973820844316,0.586111831388249,-0.673388396305104,14
84,3.70943733253945,2.59284883866631,-1.22585126454581,3.49599294389526,0,0,1.16192160011065,1.21555218500662,-0.262031169295136,-1.45450964567416,15
84,3.96367966656743,-0.231664459732744,-0.324484036636381,3.49599294389526,0,0,0.649941444776164,0.618586597937328,0.120083206861824,-0.53410451075136,16
84,4.13456385829116,0.132137501722237,-0.175716783009858,3.49599294389526,0,0,0.314615524012863,0.778124898968746,0.647887087219478,-0.338729759357147,17
84,4.44298898481691,1.00838457842966,-0.899050798689623,3.49599294389526,0,0,1.51594774737376,0.898032470695533,0.134731433443538,-1.16463667163075,18
84,4.70139922596011,1.87274804549394,-1.10554206586572,4.61570501121907,0,0,0.994010453145475,1.25879336070658,-0.0506700683159775,-1.14823798788658,19
84,4.78058946114915,2.97548521123959,-0.938512607511805,4.61570501121907,0,0,1.63328967930529,1.53703481490113,0.208416616399175,-0.778972028205634,20
84,5.20571598690086,0.880506355234452,-0.726819634044057,4.61570501121907,0,0,0.90678129525784,1.01698652731405,0.308473592903161,-1.11062747808694,21
84,5.32241738612682,0.158394838031162,-1.98163813736718,4.61570501121907,0,0,0.228201378690046,0.791595043534942,-0.446843537505389,-1.85772040801941,22
84,5.74754391187854,-0.435048414406114,0.788423187443252,4.61570501121907,0,0,0.213471125470117,0.634942304191893,0.5624203090656,-0.17416306676974,23
84,5.79755879726109,0.128984582555724,-1.17058315309157,5.74791617632414,0,0,0.588120604049846,0.783532021109501,-0.406915728444162,-1.3656209167085,24
84,6.00178624590652,2.25932133717558,-1.92382504271013,5.74791617632414,0,0,1.50265917916703,1.34807227551588,-0.237440571131173,-1.6782663156237,25
84,6.44358440011908,0.296490283172018,1.64203724644825,5.74791617632414,0,0,0.790833443431154,0.661060339712545,1.45479866979872,0.498043618436485,26
84,6.59362905626675,1.47262986413043,-0.495208735213271,6.4900516220261,0,0,1.28617590438857,1.03222678938742,0.139954257953339,-0.757158948154252,27
84,6.8061923191426,1.24028717507114,1.06913487585101,6.4900516220261,0,0,0.661551004462775,0.904164255609172,0.803771806850892,0.343015411483536,28
84,7.16463233105091,-1.62553810326771,1.44871292339313,6.4900516220261,0,0,-0.550192254860431,0.270745981264433,0.732910497868414,0.442223212549739,29
84,7.27716582316166,-1.6648789163363,1.88615769798147,6.4900516220261,0,0,-0.396531728270106,0.29691629117056,1.57912335522907,0.642912676513225,30
84,7.68562072045252,-0.288891824312042,-1.60139989592111,7.33351791248334,0,0,0.680795082068793,0.510027668077149,0.251653925662745,-1.25791134976931,31
84,7.88151235486752,-1.01638805231444,0.140410290576629,7.33351791248334,0,0,0.151692300348349,0.356326141170208,0.625797145911522,-0.200417007884215,32
84,8.13992259601072,-3.787196389821,0.0567021618450215,7.33351791248334,0,0,-1.26464021593953,-0.365701805927237,0.615394642417906,-0.451277832705257,33
84,8.360821673117,-3.31199454473811,1.44533295038276,7.33351791248334,0,0,-1.17784674509077,-0.123953264743959,1.3844736926206,0.279027777570458,34
84,8.6859184281036,-0.606849178041407,0.588171227968305,7.33351791248334,0,0,0.39980815506554,0.483086153736483,0.832807566118654,-0.226242375006278,35
84,8.93599285501637,1.35141504550187,-1.33306400760087,8.92358284458482,0,0,0.805602339137714,1.05690804762357,-0.354231701299037,-1.08442198036835,36
84,9.03185471866627,1.16011907435918,-1.38766011081608,8.92358284458482,0,0,0.724387617971018,0.783690218435078,-0.248337908381243,-1.52053016645832,37
84,9.48615659422447,1.1602250132082,0.748488437125157,8.92358284458482,0,0,1.02210067439143,0.911001165574124,0.789286686128138,-0.195796979166634,38
84,9.65287287883299,0.489297773759075,0.308184506342673,8.92358284458482,0,0,0.907903726425132,0.841871354059281,0.746297695045553,-0.320161710041504,39
84,9.80708544209586,1.0042242527456,0.606660554601488,8.92358284458482,0,0,0.533283028855407,0.929448894118564,1.09121644649907,-0.0100567024116271,40
84,10.1905328966954,2.40751187549007,-0.711622078095617,9.98746536849783,0,0,1.75017757009508,1.41743019585423,-0.0309180179981088,-0.983501607598416,41
84,10.357249181304,-0.216037685380819,-0.798736186292177,9.98746536849783,0,0,0.172839553015347,0.505773315317998,0.38470733688727,-1.51445130806862,42
84,10.7198571003275,2.33446389126135,-0.387102355140646,9.98746536849783,0,0,1.28746317597627,1.11692345990887,0.561520783024459,-0.527101467883501,43
84,10.8949091991664,2.83334829906015,-1.93020207462551,9.98746536849783,0,0,1.55357449953604,1.39860693003138,-0.0494225688534172,-1.72202679359386,44
84,11.2325096754987,1.62115844357777,-1.01382384374879,10.9749839395338,0,0,1.21381288240455,1.12377527954911,-0.0465808760750943,-1.38592085140966,45
84,11.3658827031855,1.72085538500165,-1.88924655454911,10.9749839395338,0,0,1.33849528524622,1.04456646830333,-0.53319743661238,-1.90542925341118,46
84,11.5284310806788,1.51688893545002,-0.642256137088183,10.9749839395338,0,0,0.896976095301009,1.12328319970211,0.74844287314025,-0.83286440779255,47
84,11.9160464423936,0.677092988217425,-2.49125051310652,11.8465540541605,0,0,0.899995545473587,0.787286819298549,-1.06315685867492,-1.84966447755523,48
84,12.04108365585,1.51306964502132,-0.874539628338803,11.8465540541605,0,0,1.44348835740757,1.00549372627961,0.0527370086264804,-1.19086212718213,49
84,12.4828818100625,-0.628516928637977,2.77945547180936,11.8465540541605,0,0,0.221287618037727,0.616682337797866,1.96677740158769,1.38221295861841,50
84,12.5287287883299,-0.676342710289115,2.29863991835137,11.8465540541605,0,0,0.258232187434967,0.410169016242654,1.05962047767071,0.618726731160536,51
84,12.9997022923489,1.82233480679089,-1.63483972329543,12.8527113520093,0,0,1.16863022323137,1.33331009309756,-0.50836323170501,-1.71976101229896,52
84,13.1164036915749,-0.275454772321442,-2.038086060533,12.8527113520093,0,0,0.608012490349833,0.598685546590952,-0.701565310438343,-1.86559467308455,53
84,13.4289967252158,-1.07151637839386,0.156119551070555,12.8527113520093,0,0,0.25094481917699,0.322119252460835,0.747240204859534,-0.784478517326096,54
84,13.6040488240548,0.358481913858229,-0.600727077475042,12.8527113520093,0,0,1.08577173616717,0.934630703693867,0.311398956876985,-0.966560083013838,55
84,13.8999702292349,3.30026597671589,-1.80964256123527,13.8636295100907,0,0,1.55157546961188,1.44123803220163,-0.208915699314632,-1.71812227651282,56
85,0,-1.53980817107665,2.35837395157774,-Inf,0,0,-0.454341401229181,-0.699331369477052,2.40919715209214,1.66662079766521,0
85,0.0791902351890444,-2.11361626548787,1.6683292480275,-Inf,0,0,-0.496875783599881,-0.678279556506248,1.67363539033769,1.02057332744169,1
85,0.287585590949687,1.72873540824658,-1.28497694142492,0.175608468276914,0,0,0.93167899795177,0.39084716854168,0.147473214470609,-0.752150514876244,2
85,0.554331646323311,-0.600990091456704,0.147517255204522,0.175608468276914,0,0,0.120584167087542,-0.380531712454925,0.297830365020988,0.38697376938737,3
85,0.991961893420661,-0.327479614861308,1.30762321162482,0.653876910473292,0,0,0.0918388578302698,-0.304036267145741,1.306315628133,0.864755975175131,4
85,1.19202143495088,-1.34457156280049,1.1846663247304,0.653876910473292,0,0,-0.25625660902023,-0.332312243848375,1.22916485966083,0.816387362984843,5
85,1.43792795474844,-1.10352242757683,1.84955424248682,0.653876910473292,0,0,-0.183009951619807,-0.49057277966622,1.9069092397734,1.24725874598759,6
85,1.55046144685918,-1.22655197427448,0.19784712280403,0.653876910473292,0,0,-0.34693457296592,-0.324941543617006,1.3992883144432,0.461832234013573,7
85,1.8463828520393,0.803535576805217,0.28721981406733,0.653876910473292,0,0,0.69556869456969,0.0769386634019113,0.86385180935353,0.423167567811323,8
85,2.19648704971718,-0.00355487043706118,1.0236790200336,0.653876910473292,0,0,0.314811632099705,-0.0476125299398413,1.67273598017685,0.58956094579841,9
85,2.43405775528431,0.986791437183674,-2.02141800712761,2.39824973037108,0,0,0.53568759945893,0.300631675431892,-0.455575794440852,-1.16116699466053,10
85,2.57993450431676,2.34130550622166,-0.0784090927644013,2.39824973037108,0,0,0.92946458747443,0.643775958852985,0.649778832454377,0.221756514136857,11
85,2.90086335218815,0.0740420791585339,0.77831884068904,2.39824973037108,0,0,0.0952965343109008,-0.197588611404119,1.08123878320134,0.970404125892524,12
85,3.21345638582912,0.62606100111481,-0.42481061392289,3.04387824064515,0,0,0.747074061237699,-0.0418464232542112,0.106377063269254,0.0444907514443486,13
85,3.25930336409646,1.03032883068976,-0.690358478841899,3.04387824064515,0,0,0.560590251331507,0.134347716548806,0.507473103715467,-0.0329651460551053,14
85,3.61774337600476,0.766029318728972,-0.841553874462157,3.04387824064515,0,0,0.41575100828911,-0.080344232461158,-0.325675764247177,-0.654248006894839,15
85,3.98035129502828,0.139686764667121,0.450837386826145,3.04387824064515,0,0,0.13404535135036,-0.0795891174031497,1.30616882213458,0.412796195101413,16
85,4.1804108365585,-0.177751380327552,-2.31560192051045,3.04387824064515,0,0,0.164707978927927,-0.319036646944249,-0.241610269630834,-0.552436426727894,17
85,4.36796665674308,1.34070744717263,-0.201182048001742,4.20068284193269,0,0,0.885819302530526,0.121978357772069,0.362147615223534,0.344284878180839,18
85,4.62220899077106,-0.511643895433147,0.249862406662838,4.20068284193269,0,0,-0.0638474540858739,-0.316081252198535,1.16784177189855,0.610033890459723,19
85,4.91396248883596,0.925762706976442,0.46633564748559,4.20068284193269,0,0,0.711115791483963,0.105685860611569,0.939295553588611,0.704430065422708,20
85,5.24739505805299,0.942560937700273,-0.421870782093557,4.20068284193269,0,0,0.71873527370645,-0.00665843246682478,0.640790867835608,0.301797653261156,21
85,5.35992855016374,-0.257233641895186,-0.972141506682927,4.20068284193269,0,0,0.222444176876024,-0.311822066905135,-0.144167194291728,-0.179498766080707,22
85,5.69336111938077,-1.90648655204454,1.3943431216211,4.20068284193269,0,0,-0.356642292273336,-0.7410199098056,1.35149179815442,0.920870759303246,23
85,5.79755879726109,-0.618865028194713,-1.10412122221113,4.20068284193269,0,0,-0.0152799296004001,-0.414577260738772,-0.154004668404943,-0.172521250904194,24
85,6.23935695147365,2.33010773057984,-0.932021419810742,6.04714604768759,0,0,0.895259094547675,0.44135096381736,0.736901609948932,-0.412872657459749,25
85,6.32271509377791,1.48620072608338,0.0199606528829546,6.04714604768759,0,0,1.12402317968419,0.259810962259889,0.792746428440353,0.394322638628669,26
85,6.56862161357547,1.93816524243823,-1.50904750282506,6.04714604768759,0,0,0.846371583129398,0.227961127080085,-0.334040232577757,-0.854500481089573,27
85,6.81452813337303,1.27181241202282,0.100263838495668,6.04714604768759,0,0,0.676232826590181,0.244879437933265,0.58916486724836,0.0503830837267055,28
85,7.20214349508782,0.319201174769679,-0.268130490657444,6.04714604768759,0,0,0.490031409937767,-0.0559428553849627,1.15115404773148,0.419844970837189,29
85,7.29383745162251,-0.0645219662455974,-0.112338344693348,6.04714604768759,0,0,0.263159231803863,-0.20786822604633,0.451965216963708,0.405905161365116,30
85,7.69395653468294,-1.35779224585095,-0.104999114021632,6.04714604768759,0,0,-0.304722877819181,-0.453651202928772,0.99135011262391,-0.0299218629083682,31
85,7.97737421851742,1.15448737956156,-1.0318311118775,7.81546996479066,0,0,0.788422151780822,0.167930491608985,-0.167923610013984,-0.02880240499017,32
85,8.03155701101518,1.86750721265988,-1.09103399352878,7.81546996479066,0,0,1.10268700585934,0.214510127731191,0.168786943426321,-0.238031803258383,33
85,8.31914260196487,1.85513952466364,-1.3327945531762,7.81546996479066,0,0,0.867691451427242,0.473122443591938,0.314079359068726,-0.705994536297907,34
85,8.74010122060137,-1.34927026053859,0.0514374783050687,7.81546996479066,0,0,-0.0597712073385634,-0.55749319024083,0.45729001117177,0.330895988336419,35
85,8.79428401309914,-0.331704025078351,0.82505409878163,7.81546996479066,0,0,0.063415324085181,-0.180589624730554,0.752762180126094,0.611848256049496,36
85,9.12771658231617,0.243514199742697,-0.0142687587494986,8.90534366067463,0,0,0.286140730043219,-0.0481951159482559,0.547121334394686,0.100904871637529,37
85,9.4944924084549,-0.0237977284819028,-0.625990779032124,8.90534366067463,0,0,0.592841275779654,-0.108772641941783,0.614955230135739,0.0357191514762749,38
85,9.70288776421554,1.34215383497179,-1.4829755083225,8.90534366067463,0,0,0.649330869902868,0.144504140713413,0.909893505505623,-0.937490490425873,39
85,9.94045846978267,2.35886208454169,-1.24924545071819,9.8324727659651,0,0,1.4674133081403,0.37250557076705,0.153247914687856,-0.491422057671235,40
85,10.0946710330456,-0.740094746507738,-1.39484458411671,9.8324727659651,0,0,-0.125304510980513,-0.289132410158855,-0.33437631455457,-0.943052588069147,41
85,10.319738017267,0.971527230329891,-0.909000187602812,9.8324727659651,0,0,0.392466832149204,0.158213278059042,0.16365947954894,-0.261633568359169,42
85,10.5072938374516,0.34758245491731,-0.43475332577506,9.8324727659651,0,0,0.352561607232864,-0.295520886452495,0.701313013893877,-0.107315601338919,43
85,10.9740994343555,1.37859794088784,-1.81145461880695,10.7751210990881,0,0,0.803523969964827,0.259423487638518,0.104882895423618,-0.75240639843177,44
85,11.2325096754987,0.304359591082177,0.57054300237868,10.7751210990881,0,0,0.675941355796273,-0.0745671276137972,0.335093406885635,0.487534610856528,45
85,11.3200357249181,1.07908811284006,0.374889723680711,10.7751210990881,0,0,0.716636729892852,0.161843461808872,0.955923530812479,0.688633048141279,46
85,11.6868115510569,2.22955623902665,-0.170796003543796,11.4326108065935,0,0,1.27569390115054,0.472012437926955,0.112297980755333,0.136801815403835,47
85,11.9535576064305,0.698358645996518,-0.782904973464291,11.4326108065935,0,0,0.480974770082591,0.0206764351499534,0.416261609731627,-0.187640829818414,48
85,12.2494790116106,0.603872274127853,-0.290649252096995,11.4326108065935,0,0,0.653674700359345,-0.027404374267281,1.15156037230608,0.429613378120908,49
85,12.3370050610301,0.894830179778991,-0.164787596974814,11.4326108065935,0,0,0.754407210951515,0.0787650075848775,1.14874978201757,0.274085474095216,50
85,12.5537362310211,-0.544723795440025,-0.628488353209305,11.4326108065935,0,0,-0.0708194545283728,-0.293481528169159,0.3533249478597,-0.00593408638820198,51
85,12.8913367073534,1.77008152427153,-0.165233007073985,12.7307831316739,0,0,0.933538027504634,0.350602989694338,0.594734913908618,0.205598354118508,52
85,13.0580529919619,1.15982086413101,-0.0788900369663267,12.7307831316739,0,0,0.695248280400536,0.191288325161714,1.05722627764487,0.220314114837898,53
85,13.3331348615659,0.730783593099823,0.133568833729383,12.7307831316739,0,0,0.794976978462754,0.0082381212703822,-0.0338382635501936,0.590389542334704,54
85,13.7165823161655,2.12375626495817,-0.603876855390919,13.6035974456347,0,0,1.33249042818343,0.350194362787537,1.33157944802056,-0.344141185183271,55
85,13.883298600774,0.806734646214894,0.805967141459445,13.6035974456347,0,0,0.587691991485709,0.0450348947393456,0.70001265757316,0.893819320133809,56
86,0,0.692427694716126,-0.623714240543633,-Inf,0,0,-0.120493715848878,0.0838258402183092,-0.883453365752367,0.0100751981799242,0
86,0.200059541530217,0.998615868181835,-0.574351114861262,-Inf,0,0,-0.0482574072828204,0.199903655985071,-0.405016980392901,-0.979560222000796,1
86,0.337600476332242,1.39395775795771,-1.36792867838304,0.247963352990337,0,0,0.460699890517839,0.144509483793709,-0.833181980795523,-0.832176081154438,2
86,0.566835367668949,0.70983215113851,-0.41914997062603,0.247963352990337,0,0,0.205577790403584,-0.0161827528886605,-0.482176529396501,-0.316797018980787,3
86,0.804406073236082,0.858490767386737,0.755846471968517,0.247963352990337,0,0,0.24494429530686,0.139381587969416,0.519269912974941,0.173544860539791,4
86,1.24203632033343,-1.71495625877517,2.14513808895708,0.86755739331532,0,0,-0.841692184890812,-0.390589500451826,1.35294617200538,1.07024751439685,5
86,1.47543911878535,-0.513370658827617,0.830908233959065,0.86755739331532,0,0,-0.280631933576656,-0.187702194158068,0.715367236780456,0.332565605059713,6
86,1.67966656743078,-1.21088439482203,1.8918150425668,0.86755739331532,0,0,-0.885001606880645,-0.303772011498789,0.904337865988425,0.908892972472681,7
86,1.77136052396547,0.751520868340334,-0.895759749760597,0.86755739331532,0,0,0.162526514748025,-0.00721421920719832,-0.786797703541337,-0.756763793971704,8
86,2.11312890741292,2.11530104444843,-1.77654887951077,2.10838857586137,0,0,1.02288211534178,0.37398510106215,-0.377585013310768,-0.885213278784666,9
86,2.27567728490622,0.406446334399733,-0.414137374270722,2.10838857586137,0,0,-0.176355251738126,-0.167576140636138,-0.337672732951682,-0.521849708817381,10
86,2.71330753200357,-0.721420019914397,-1.4253569404857,2.10838857586137,0,0,-0.423135009557752,-0.206311739674753,-1.30015056734552,-1.33386305451781,11
86,2.78416195296219,0.0114822539364121,-1.9640029592352,2.10838857586137,0,0,0.0686467377972124,-0.163817130236109,-1.59653117819813,-1.39355799318714,12
86,3.21762429294433,0.442614269978275,0.141346767830815,2.10838857586137,0,0,0.0827809330825409,0.0150690635230475,-0.202639003474824,0.158185967975851,13
86,3.41768383447455,0.375475617126289,-0.429216592758251,3.41276133104156,0,0,-0.0309071578140094,-0.0593643371265917,-0.914823494296336,-0.907813386372669,14
86,3.54688895504614,-0.495300351898271,-0.428352774242526,3.41276133104156,0,0,-0.69044052763799,-0.0517836826383903,-0.0636387771908678,-0.601149440225677,15
86,3.88448943137839,1.48255207492337,-0.409400136932665,3.41276133104156,0,0,0.084237705194283,0.229465158218517,-0.418962872168115,-0.381337641678473,16
86,4.03036618041084,1.10553111290384,0.628458997798243,3.41276133104156,0,0,-0.11142124103267,0.0976439647609638,0.66467005390861,0.183238969349345,17
86,4.43048526347127,-0.0865738603740712,-0.0937904284165664,3.41276133104156,0,0,-0.0775171579213357,0.0755969088359353,-0.503182272303224,-0.0813872616964726,18
86,4.64304852634713,1.08317072939735,-1.53648522059061,4.53051679897337,0,0,0.466511781590592,0.111568870010375,-0.975079021457808,-1.2559136086923,19
86,4.80976481095564,1.40605248123907,-0.0355100747623868,4.53051679897337,0,0,-0.0144619259837138,0.221351609791159,-0.517672921719875,-0.253594387348217,20
86,5.06817505209884,-0.0806281014194171,0.740595022912394,4.53051679897337,0,0,-0.139790384251337,-0.136959354373374,0.56231720524729,0.135245185281301,21
86,5.30157785055076,-0.53058166748497,0.748743495396507,4.53051679897337,0,0,-0.270667417748373,-0.340235574789667,0.672806412894975,-0.057270444483884,22
86,5.61000297707651,0.749223525040004,-0.311344779461089,5.53681576272043,0,0,-0.040311737180008,-0.0324647810384841,-0.0552302708150803,-0.112484559600261,23
86,5.90592438225662,-0.451715393825275,0.2805400126669,5.53681576272043,0,0,-0.379200323676806,-0.22031517287171,0.199537012678875,0.201771274976447,24
86,6.21851741589759,2.51491882437841,-1.68750334900789,6.19308115769034,0,0,1.02695294915639,0.483430593056857,-0.850433138625543,-1.13923989449618,25
86,6.33521881512355,3.3559568876573,-1.25135333224098,6.19308115769034,0,0,1.3371210295745,0.73999375469137,-1.15849057530176,-0.919384751851236,26
86,6.61446859184281,2.28803561807316,-0.777968526017163,6.19308115769034,0,0,0.767753339456136,0.538238657656671,-0.386371690831236,-0.817155622424621,27
86,6.88121464721643,0.901070565180225,-1.92132537975283,6.19308115769034,0,0,-0.184138358451747,-0.0506475285616227,-1.28979470285552,-1.26266126810633,28
86,7.02709139624888,0.626339098386845,-0.0327947813367025,6.19308115769034,0,0,0.199729586790079,-0.0289941472401632,0.356456291706726,-0.39787572940127,29
86,7.45638582911581,1.24934905904806,0.0324350837100809,7.11406635938821,0,0,0.34156790349077,0.165115248745757,-0.0461974065032178,-0.528512938493411,30
86,7.68978862756773,-0.686455559186914,0.488710884142613,7.11406635938821,0,0,-0.331878078247655,-0.2556477934753,0.382700407701551,0.133665013561584,31
86,7.9398630544805,0.711136797526127,-0.715675615081306,7.11406635938821,0,0,-0.0268289974267947,0.0119193776448628,-0.494142099550594,-0.923019298980674,32
86,8.17743376004763,0.0564012727136063,-0.422527403760883,7.11406635938821,0,0,-0.639926998910453,-0.18281373392973,-0.420644915445177,-0.482502276797363,33
86,8.25245608812146,-0.00742864139387255,-0.87101959277608,7.11406635938821,0,0,-0.19276616859277,-0.126138251845324,-0.601185779580037,-0.490783613288539,34
86,8.54420958618637,0.503361534548233,0.631812440351453,8.30252860513014,0,0,0.257188602266735,0.0189396181268312,0.193220369398006,0.359850931635028,35
86,8.96100029770765,0.154518781281213,-0.903190190598562,8.30252860513014,0,0,-0.460560285812799,0.00890857808230863,-0.0743051479850147,-1.05086054178314,36
86,9.03602262578148,1.40967547370027,0.466490117503714,8.30252860513014,0,0,0.346131487274734,0.371813829764491,0.0120897744377939,-0.0932713750345575,37
86,9.43197380172671,-1.41529263677443,-0.157364672055307,8.30252860513014,0,0,-0.948956446333863,-0.449619802012852,0.29077001925657,-0.463961620170806,38
86,9.71955939267639,0.737153708560147,-0.481541194647324,8.30252860513014,0,0,0.372756950022301,0.0348103194587887,-0.444091560952907,-0.622177154538715,39
86,9.78207799940459,0.0547185827708348,0.370021679208613,8.30252860513014,0,0,-0.432728909639758,-0.0278855524674198,0.572412189922718,0.0994053146967598,40
86,10.2322119678476,0.326087879213712,-0.473736374196173,9.94844937739679,0,0,0.405934771873902,0.0819195959910322,-0.0428799402998197,0.316593687062866,41
86,10.4030961595713,-0.0696889777986407,1.3820884731927,9.94844937739679,0,0,-0.263911663563836,0.0127634751594362,0.998758803335336,0.669800682430021,42
86,10.6948496576362,0.210555874977408,0.068911399485268,9.94844937739679,0,0,-0.276477886470342,-0.131381876393954,0.155056528791114,0.251166157111663,43
86,10.8573980351295,1.06190044676322,-1.53864888427805,10.784459218784,0,0,0.287445536160381,0.184989788994612,-0.728776121187422,-1.09612866622711,44
86,11.0532896695445,-0.360545540186192,0.20130162376653,10.784459218784,0,0,-0.577499409811304,-0.208258326999005,0.10514836880923,0.17071062131865,45
86,11.2991961893421,-0.0439850571881907,0.273340101725808,10.784459218784,0,0,-0.369738456560474,-0.303564689045549,0.437243073192195,-0.329481589389977,46
86,11.5742780589461,-2.19879597159582,2.52314968275661,10.784459218784,0,0,-1.27810303955781,-0.671830962462257,1.54857397980053,1.39501794894592,47
86,11.807680857398,-0.31799551807888,1.64218210698981,10.784459218784,0,0,-0.727754593384642,-0.192338555612189,0.63249614188869,0.891166644648001,48
86,12.0285799345043,0.581042171145797,0.276158840634804,10.784459218784,0,0,-0.149406051206001,-0.00962651725742177,-0.318101026674398,0.388110116033287,49
86,12.43286692468,0.379581871365275,-0.00363166176749743,12.1378018725932,0,0,0.153153737635865,-0.0830837440288181,-0.0467206811903168,-0.00850203952011849,50
86,12.5662399523668,-1.08676002324605,-0.229800939675364,12.1378018725932,0,0,-0.385360126293593,-0.45446544282239,-0.148160841135836,0.258303686554452,51
86,12.845489729086,0.359723253104274,-0.455998697262886,12.7788219148544,0,0,-0.010111472081379,-0.169848894196856,-0.342608180986375,-0.629517156363594,52
86,13.0080381065793,1.76184569374115,-0.364370716724861,12.7788219148544,0,0,0.914593224788485,0.531596487228716,-0.890580095573913,-0.207478440355549,53
86,13.353974397142,0.242832403169295,1.11647494645624,12.7788219148544,0,0,0.0585737269129654,0.225300654800701,0.147155337511717,0.0908696146253435,54
86,13.5832092884787,0.577995245252512,-0.237004285754845,12.7788219148544,0,0,0.168067265353735,-0.0280311088708474,-0.0414959968225733,0.0836740465602913,55
86,13.8416195296219,1.21706463901959,-1.41511539312334,13.6111748619122,0,0,0.478957256509855,0.287129714353946,-0.435543243239616,-1.29962726086762,56
87,0,-0.0594731514284457,-1.38192430781677,-Inf,0,0,-0.0559740069162527,-0.288048627233647,-0.878120976437236,-1.00375663643647,0
87,0.0500148853825543,0.650003220193371,-0.962806725998256,-Inf,0,0,0.44673485666139,-0.0838868619004785,-0.38239267978923,-0.541101513797027,1
87,0.458469782673415,2.66362683102762,-1.97956173934618,0.383355587627739,0,0,1.34998797661382,0.711619060829456,-1.13762965198986,-1.1913684780207,2
87,0.587674903245013,1.46613249868444,-0.143152726351021,0.383355587627739,0,0,0.511082129832208,0.19379929633311,-0.207423371682138,-0.0715836258398998,3
87,0.758559094968741,1.56006169720465,-0.744688342140629,0.383355587627739,0,0,0.704500407067487,0.18338959670106,-0.346883340574714,-0.747652252009387,4
87,1.08782375707056,2.78593831638355,-0.736242874907456,0.764399330129919,0,0,0.997174831577388,0.440933755237323,-1.13315550017581,-0.426616435633685,5
87,1.25454004167907,0.921182709987682,-0.217254986970156,0.764399330129919,0,0,0.480306024069643,0.128449804584033,0.110536757542971,-0.0669428002756215,6
87,1.51711818993748,-0.991623097605632,1.55736688353812,0.764399330129919,0,0,-0.344141320709819,-0.42909476398468,0.682968475974779,0.90262904883534,7
87,1.86722238761536,-3.00887593552903,2.29345580481637,0.764399330129919,0,0,-1.51573219555775,-0.93752146796945,1.33958417764415,1.32570741218802,8
87,2.12980053587377,-2.85463368346348,1.74875219266762,0.764399330129919,0,0,-1.39436469791052,-0.738283128283028,1.35395108133521,0.855275084231133,9
87,2.31735635605835,-0.150584174203296,-0.367191866452126,0.764399330129919,0,0,-0.190848069234865,-0.129663208383263,-0.452079448511884,-0.351461540580546,10
87,2.50074426912772,3.29208495291233,-1.61997571539155,2.39730382191125,0,0,0.992004948613409,0.688511185964512,-0.625390864960179,-0.955016718350843,11
87,2.83417683834475,1.09672927547234,0.523836770798804,2.39730382191125,0,0,0.367383198602823,0.0308094061958068,0.844866778143064,0.32988743156796,12
87,3.22596010717475,0.275280260647475,-0.762742614707511,3.0497001714485,0,0,0.0935855035734682,-0.0352171764581709,-0.928530717152252,-0.497097666373044,13
87,3.25513545698124,0.0556531364718263,0.123195787072729,3.0497001714485,0,0,-0.155309946662722,-0.143980842735817,-0.20413415993572,-0.0614489698660186,14
87,3.5010419767788,0.482325099982061,1.00915550492662,3.0497001714485,0,0,0.371416744934309,-0.342494762140501,0.298990274900226,0.692955537283114,15
87,3.95117594522179,-0.650901537451405,0.48979927584388,3.0497001714485,0,0,-0.262924082641243,-0.235988732805169,-0.274933558096048,0.310865745274391,16
87,4.22208990771063,2.52437531039359,-0.0471638824500701,4.05563524723268,0,0,0.597708849952284,0.658331029418354,0.162356226515453,-0.00589079307971668,17
87,4.45132479904734,1.11239610635583,0.217547676086573,4.05563524723268,0,0,0.331528065395952,0.0400480735611972,-0.139013475801262,-0.0605351982817373,18
87,4.71807085442096,0.200546624200976,-0.491812261070522,4.05563524723268,0,0,-0.111634954618993,-0.0949058829039579,-0.447125732399179,-0.232815581689079,19
87,4.95147365287288,0.513532666975679,0.204332597087779,4.05563524723268,0,0,0.224992356848469,-0.154390676029114,0.483226110093701,-0.140815319858609,20
87,5.22655552247693,-0.087439687512545,-0.415832313540038,4.05563524723268,0,0,-0.28230821765967,-0.195250307519552,-0.582169010308288,-0.318292277836725,21
87,5.46829413515927,1.46076289568935,-1.94593457127462,5.40419767148829,0,0,0.588998968955883,0.0934504932353289,-1.16140049642439,-1.03360693925448,22
87,5.64334623399821,0.0912417879651609,-0.225859980126703,5.40419767148829,0,0,-0.0710474260554718,-0.108755771177897,-0.511386408906483,0.256598886179398,23
87,5.8017267043763,0.204488071635489,-0.482976150402044,5.40419767148829,0,0,0.042903794387626,-0.211839785646218,-0.195471498305203,-0.410860229971752,24
87,6.12682345936291,1.65382276264075,-0.96304121727964,5.40419767148829,0,0,0.753378592436753,0.244350087722227,-0.708825161069034,-0.440626595783387,25
87,6.47692765704079,1.56754029172136,-0.155754658440643,5.40419767148829,0,0,0.494614413067464,0.144327746224951,0.313153084631258,0.0312778059659605,26
87,6.51860672819291,0.0962204090275806,0.0510758692402788,5.40419767148829,0,0,0.0187109256823452,-0.148472363750672,-0.214735967756499,-0.0635285755188018,27
87,6.76868115510569,2.46475842557688,-0.0894170836017117,5.40419767148829,0,0,1.14912415113993,0.227112871585732,-0.0534226953950228,-0.1029593290464,28
87,7.0646025602858,3.25073226075917,-1.30343708023865,6.90068421188133,0,0,1.12972967133662,0.606408258943193,-0.454819272778144,-0.823355787693941,29
87,7.29383745162251,0.770181906705414,0.313449123715496,6.90068421188133,0,0,0.26284033084684,0.0908297678402107,-0.194987416606075,0.41813056724166,30
87,7.67311699910688,2.10295445179532,-0.484345721222697,7.59007119281361,0,0,0.59561558954692,0.431756092483653,0.268247085414324,-0.372652383967169,31
87,7.75230723429592,1.44397616304474,-0.333761897396683,7.59007119281361,0,0,0.688137078074512,0.426378965553222,-0.24852347114416,-0.079865777108391,32
87,8.01905328966954,1.06380309378126,0.995370866313555,7.59007119281361,0,0,0.508942559982047,-0.0207883372435367,-0.0696121691960083,0.482536165895802,33
87,8.3274784161953,0.0208653281561711,0.611917600677043,7.59007119281361,0,0,0.112084934843304,-0.306730111255525,0.0652599780884832,0.223707101120354,34
87,8.64423935695147,0.99308497046354,-0.0909913442455805,8.5839844156379,0,0,0.475989899218727,-0.0694692878002031,0.1425311339603,0.0397248331153926,35
87,8.88181006251861,-0.709895556048034,0.922615179618314,8.5839844156379,0,0,-0.0234235867722903,-0.330815356442186,0.619703302170105,0.457769994892245,36
87,9.24025007442691,-0.117725794559142,-1.07270139604708,8.5839844156379,0,0,0.0126279117985655,-0.133938401348316,-0.334894281856569,-0.797599483090187,37
87,9.31110449538553,-0.454428222727284,-0.261009215891035,8.5839844156379,0,0,0.085847039517662,-0.334699148878034,0.112575795176835,-0.500709107417705,38
87,9.66954450729384,0.858994794391728,-2.31067108651848,9.42492126962886,0,0,0.15792381442717,-0.00721442657133453,-0.986464187390971,-1.53222905875674,39
87,9.94462637689789,-0.272084087430421,0.309484323351043,9.42492126962886,0,0,-0.152352045343695,-0.102825792148768,0.344756654931242,0.157510739990512,40
87,10.0404882405478,-1.06157231186398,1.33661286325684,9.42492126962886,0,0,-0.121464202311332,-0.393592027862499,0.311543233084376,0.718324378576604,41
87,10.4781184876451,2.58028043112106,-0.685269930182342,10.4741686530232,0,0,1.06510367126128,0.498035307579098,-0.305085416811848,-0.246079167018761,42
87,10.7115212860971,0.747126911883944,-0.806258762838813,10.4741686530232,0,0,0.497205887985721,-0.0477047822604635,-0.377163684391542,-0.612023584486564,43
87,10.8573980351295,1.4537442144737,0.938361314588508,10.4741686530232,0,0,0.475532713776499,0.181930799604742,0.578478685632361,0.473852480542238,44
87,11.0199464126228,1.11309773374128,-1.21185109578603,10.4741686530232,0,0,0.174763622477765,0.0983272895403853,-0.704341394571953,-1.02627128367043,45
87,11.2533492110747,0.751703378843622,-0.176487190122135,10.4741686530232,0,0,0.516745538820584,0.0458807255341354,0.253118969050443,-0.0167877652977926,46
87,11.7326585293242,-0.235976968468217,1.62866837491124,10.4741686530232,0,0,-0.116474997857208,-0.246049021599782,1.03443588641276,1.20306191532455,47
87,11.9618934206609,2.8352148104995,-2.1735092377587,11.8190577890993,0,0,1.08200236825182,0.541681102532918,-1.40187713222154,-1.72920796974831,48
87,12.0702590056564,0.292916015335303,-0.974079331729096,11.8190577890993,0,0,0.00208716650718749,-0.235770205581035,0.0624892960124312,-0.765529922482997,49
87,12.3370050610301,0.363353308717793,1.70434251404058,11.8190577890993,0,0,-0.178117334489934,-0.0673232649994504,1.38046455682247,0.684685509457819,50
87,12.6746055373623,0.713188348151857,-0.0384712273811852,12.5636097944825,0,0,0.35354346974633,-0.0211028397277874,0.33359176707553,0.185714452589565,51
87,12.9455194998511,0.498330440803849,0.290459409442339,12.5636097944825,0,0,0.331953272386248,0.0140139408786307,0.00465808414044538,-0.198454897499905,52
87,13.0705567133075,-0.205101496360576,-0.304995499638447,12.5636097944825,0,0,-0.00783140768677003,-0.323416737344212,-0.343093835944856,-0.548243531212373,53
87,13.3956534682941,-0.402214620630326,-0.208580724813124,12.5636097944825,0,0,0.112277011759101,-0.369977627157674,-0.483931779065901,-0.0558994811326743,54
87,13.7207502232807,0.72172149837958,-0.203631792994925,13.5720001822105,0,0,0.503841023670546,0.027948835955596,-0.0721460401957171,0.0425925154481923,55
87,13.8499553438523,-0.126987460344998,0.175749235637247,13.5720001822105,0,0,-0.201468160662088,-0.202605651200604,-0.0689736903867491,-0.367056611127795,56
88,0,-0.276565948153218,-0.0284243814020618,-Inf,0,0,0.0421549473742289,-0.282406733544522,0.525904236269196,0.316485537385057,0
88,0.129205120571599,2.50928746090905,-1.24839166774454,0.108949120296165,0,0,1.41825739520375,0.579326347020657,-0.465384692527704,-0.444920655232614,1
88,0.300089312295326,2.15348141969713,-2.00627516548168,0.108949120296165,0,0,1.49371200330699,0.35710085761108,-1.09226928598575,-1.0777460999802,2
88,0.575171181899375,-0.318103128354433,0.804710317362903,0.108949120296165,0,0,0.152179755839013,-0.261993721501759,1.05620002128679,0.572718276058403,3
88,0.754391187853528,-0.421113872764957,1.0845681837117,0.108949120296165,0,0,0.0853064509238904,-0.22850062930296,0.62428616190954,1.02280522234711,4
88,1.24620422744865,-2.22666697331537,0.501535259890333,0.108949120296165,0,0,-0.441645759844817,-0.668222877505051,0.463420136569964,0.520596694276527,5
88,1.46710330455493,1.39140100006586,-0.221144851396918,1.36411629973266,0,0,0.807204993725968,0.396451930249127,0.775548009090787,-0.117443578238644,6
88,1.64632331050908,-0.390713077274097,-0.0909652118299102,1.36411629973266,0,0,0.356388361454957,-0.0900642450258399,0.315046386474081,0.0913461099771868,7
88,1.80887168800238,1.61929690388123,-0.837962965963234,1.36411629973266,0,0,1.01386590454181,0.39754938984358,0.166198078531624,-0.29206156376964,8
88,2.1381363501042,2.880764376609,-0.077358106388571,1.8754063528461,0,0,1.63524823202202,0.616355853437418,0.316516781110772,0.193750735401621,9
88,2.37570705567133,0.538891429142909,0.304049842731291,1.8754063528461,0,0,0.295764314474126,0.238933525715535,0.498714735891057,0.347576368701929,10
88,2.63828520392974,-0.11394007301866,-0.377976334517605,1.8754063528461,0,0,0.132158111062126,-0.0671856189140302,0.406288370503645,-0.132443723622211,11
88,2.93837451622507,-1.79621763325304,0.0374639388424335,1.8754063528461,0,0,-0.4967402750396,-0.470691327364934,1.11499921377633,0.238139677485091,12
88,3.09675498660316,1.5863964129742,-2.03613100681287,3.03467074180416,0,0,0.631104708003179,0.170685191457229,-0.617950263926762,-1.05031194539156,13
88,3.38434057755284,2.73192125009109,-0.747461448449322,3.03467074180416,0,0,1.65784831168964,0.43645217434005,0.066371527580566,-0.263892316287658,14
88,3.70526942542423,1.08214773817395,-1.4063174287436,3.03467074180416,0,0,0.619971002773873,0.1032867674056,-0.320515438495701,-0.712381753062537,15
88,3.86364989580232,0.0948440203400187,-0.0403709833427875,3.03467074180416,0,0,0.519585577914042,-0.128316311960703,0.627565180343487,0.533030231054699,16
88,4.05954153021733,-0.293986788776388,-0.150734611405257,3.03467074180416,0,0,0.197505397896886,-0.17162187551698,0.951617498401351,0.19054398258217,17
88,4.3096159571301,0.709793388540209,0.992996949060208,3.03467074180416,0,0,0.715670336754492,0.0192472214363723,0.70088525115915,0.970178210773827,18
88,4.6680559690384,1.43477105446357,-1.51729208883008,4.61120495390362,0,0,1.14953493339533,0.269159124115512,-0.63699672217799,-0.582332135056012,19
88,4.91813039595118,2.24981701501114,-3.02422310405768,4.61120495390362,0,0,1.33464499499062,0.296970279041317,-1.00604932173012,-1.48142878640287,20
88,5.03899970229235,2.14727065762449,-1.80484729686642,5.02474623039866,0,0,1.20297793808353,0.371169230104757,-0.4519635640198,-0.651304552740275,21
88,5.30157785055076,0.285309563647722,0.755877022671407,5.02474623039866,0,0,0.223445883704617,-0.0380345876530449,0.945380645010238,0.857581572776198,22
88,5.54748437034832,-0.212591670994169,0.144149716403302,5.02474623039866,0,0,0.0805087103690043,-0.150023453993253,0.644157308338234,0.283732369286201,23
88,5.80589461149152,0.0359941712971875,0.511953653145143,5.02474623039866,0,0,0.16372485690076,-0.051282812189215,0.692751942370749,-0.0957000232354943,24
88,6.19767788032152,2.07557403649375,-2.466655788959,6.04143004234737,0,0,1.12469839362622,0.458005276105054,-0.705030056111437,-1.15605641066951,25
88,6.39356951473653,0.81613720779798,-1.05662289861946,6.04143004234737,0,0,0.564999717159557,0.289684841156536,-0.274236026474826,-0.403492344374164,26
88,6.70616254837749,-0.118938213500889,0.943809025778344,6.04143004234737,0,0,0.43037538909557,-0.180159945708156,0.986822453174959,0.501765298803454,27
88,6.99791604644239,-0.0164958591175251,1.691687462555,6.04143004234737,0,0,0.310040420842251,0.010742252254534,1.52164678683668,1.34082907235027,28
88,7.14379279547484,0.00463368594879579,-0.350875874826408,6.04143004234737,0,0,0.198106597317594,-0.169280892456439,0.602482808655816,-0.159242625389014,29
88,7.38553140815719,1.22959511551608,-1.00159558947947,6.04143004234737,0,0,0.948936016264952,0.137659027322953,0.408490624722947,-0.789551109778822,30
88,7.58559094968741,-0.0612442861392536,0.725909464650121,6.04143004234737,0,0,0.0470257772457965,-0.174434276717438,0.576575384000599,0.453145491409684,31
88,7.78981839833284,1.53638882237565,-1.86968281218387,7.74973221764577,0,0,1.1487746325001,0.401525804551614,-0.65173075756125,-1.25555974432639,32
88,8.2316165525454,-0.298646167202454,0.027454544909999,7.74973221764577,0,0,0.205787434685092,-0.168852131676124,0.208790929399445,-0.0313640830276948,33
88,8.36498958023221,0.532098932471779,0.221028035070042,7.74973221764577,0,0,0.599373222906163,-0.0688117184508746,0.10415970517572,-0.015034649277933,34
88,8.6192319142602,-1.37778052647543,-0.44476932569754,7.74973221764577,0,0,-0.140285568105396,-0.67073898767886,-0.022771811726548,0.0143775046914476,35
88,8.83596308425127,2.27972175703569,-0.526274217991393,8.82876521594321,0,0,1.09818442051987,0.375400293028775,0.00327900128218814,-0.303058280075821,36
88,9.22774635308127,-0.264552025845387,0.461852615270774,8.82876521594321,0,0,0.330901650062688,0.0169418017448977,1.35743593906497,0.899797638129026,37
88,9.3652872878833,0.382693452204111,0.381151337077065,8.82876521594321,0,0,0.681966664378076,-0.148550106004323,0.927623064175243,0.0471312716934565,38
88,9.61952962191128,0.550514509361436,-1.12738690412254,8.82876521594321,0,0,0.652392770410069,-0.011761425597234,-0.114599548550364,-0.394106204663174,39
88,9.89461149151533,1.37131979914858,-1.003385752899,9.698360269617,0,0,1.00936301641485,0.343182462361056,0.129133742346147,-0.370397141288581,40
88,10.2197082465019,0.108071368789449,-1.71761835343646,9.698360269617,0,0,0.0701082474548899,0.0922440080699408,-0.449021928624732,-0.929271937723902,41
88,10.2530515034236,0.0576749511721591,-1.84484421147353,9.698360269617,0,0,0.47918657083872,-0.00994107775083562,-0.413939006085443,-0.602245948969984,42
88,10.5239654659125,1.52143056210428,0.0536473985252889,9.698360269617,0,0,1.09970011553933,0.266450407542217,0.73691879861969,-0.292279024056375,43
88,10.9740994343555,2.05521044277976,1.26611324887088,10.7901326241491,0,0,1.06222713073424,0.285522119701837,1.19719279793447,0.970882518760644,44
88,11.2491813039595,-0.766063425941075,1.67145053262843,10.7901326241491,0,0,0.0382763700198466,-0.313226904087439,1.41344135361819,1.51859216349179,45
88,11.4909199166419,-2.11458158385026,2.11780975762542,10.7901326241491,0,0,-0.497419277699777,-0.660940827830163,1.61986001364884,1.48888160014839,46
88,11.6242929443287,0.135525686334333,1.13673731558953,10.7901326241491,0,0,0.147776112962898,-0.125860483970949,0.784278455406695,1.08269722481505,47
88,11.7534980649003,1.86020127903116,0.375564329076566,11.6541879126838,0,0,1.38297026713534,0.282595679270671,0.957003896064794,0.237065952208946,48
88,12.1744566835368,0.955819017404004,-1.02378697246417,11.6541879126838,0,0,0.772071927127006,0.188159082190931,-0.206967499557568,-0.463612427916163,49
88,12.453706460256,0.376768288294713,-0.211571514015427,11.6541879126838,0,0,0.300865295345412,0.000392800551805442,0.389769554000375,-0.0673207925625586,50
88,12.6454301875558,0.944427025805382,-1.33380391190205,11.6541879126838,0,0,0.629201439542937,0.0933955319522406,-0.172036464933138,-1.09908857904863,51
88,12.9455194998511,-0.0865383672104527,1.21489942868264,11.6541879126838,0,0,0.66129652524028,-0.0655570272913311,1.03860531269453,1.21035097184045,52
88,13.1164036915749,0.00251495228070847,0.326039128891146,11.6541879126838,0,0,0.322207054859025,0.0831681416130252,0.854230181131355,0.312638247498196,53
88,13.470675796368,0.463635174787064,-0.694318278920537,13.2141278518615,0,0,0.367035364711204,0.0575755329000768,0.404041821120309,0.0706676118190913,54
88,13.7082465019351,-1.35175206976981,1.62379842853232,13.2141278518615,0,0,-0.355324140336316,-0.332827807773383,1.30370587587396,0.95384313383948,55
88,13.9166418576957,0.722582863978365,-1.26663673313207,13.2141278518615,0,0,0.370174209873261,0.177451179931779,-0.171089371006654,-0.461997987186665,56
89,0,-0.255488787378595,0.590824698369432,-Inf,0,0,0.060166710549872,-0.143839000187342,-0.21273288778583,1.0462739856846,0
89,0.0375111640369157,-0.0754196803780791,0.939068738407299,-Inf,0,0,-0.453623932962179,-0.0515489020573776,0.616964022222785,0.818355942247619,1
89,0.358440011908306,0.604416117505215,-2.10441787707888,0.119121940922923,0,0,0.171073935788767,-0.0178089063140301,-1.15028248639732,-0.845504661824214,2
89,0.604346531705865,0.420560747359118,0.630391490503891,0.119121940922923,0,0,-0.208650092876409,-0.336859264056926,0.0492457750667326,0.961024087711852,3
89,0.958618636498958,1.26984062849982,-0.813483429369017,0.698059853280966,0,0,0.872387629956001,0.251804662700048,-0.794048008027422,-0.135164214739986,4
89,1.0044656147663,1.40754101391529,-0.799584350934485,0.698059853280966,0,0,0.38166811535836,0.127299543666302,-0.489872360287831,0.21091606165328,5
89,1.4921107472462,0.61236515900468,1.22114646228272,0.698059853280966,0,0,0.0749830329721146,-0.0829688137950291,0.588595596818851,0.95554100798192,6
89,1.7171777314677,0.0300803076387162,0.794508019747445,0.698059853280966,0,0,0.293459293337459,-0.145938358382294,0.189449586926119,1.11482055955334,7
89,1.80887168800238,-0.516871816199129,1.70279849682708,0.698059853280966,0,0,-0.442035392340144,-0.275331440480361,0.621735132273842,1.15988776854018,8
89,2.17981542125633,0.263763962714935,0.794811476625629,0.698059853280966,0,0,-0.433945061138383,-0.218481835624578,-0.447184768160312,1.15523713564461,9
89,2.28818100625186,-0.0118306864340104,1.26341024738851,0.698059853280966,0,0,-0.153107605796076,-0.297111756556606,-0.0149971434152331,0.995249872844216,10
89,2.64662101816017,1.89738122822798,-0.93228275586853,2.45105414664946,0,0,0.629090545295941,0.428477414788251,-0.72774849984277,-0.458256771873471,11
89,2.93003870199464,2.33709477577759,-0.121472909585729,2.79100969104956,0,0,0.858788597628088,0.522247089450715,0.193534730064755,0.339263187987614,12
89,3.19678475736826,1.51436857583538,-1.12197952945101,2.79100969104956,0,0,0.596720586898925,0.316229837848257,-0.626764229696995,-0.378295336316647,13
89,3.45519499851146,0.502903818618745,-0.150446135411082,2.79100969104956,0,0,0.292322000446783,0.0713298422179817,-0.371946541127257,0.382542498258719,14
89,3.50520988389402,0.937340083614766,0.7226570495474,2.79100969104956,0,0,0.0502409929610513,0.163059395242903,-0.432356210406579,0.723944305459644,15
89,3.96784757368264,1.47972548766287,0.810138012009473,3.91311568272515,0,0,0.378240675604343,0.0779874782600069,-0.300474217556683,0.599284933037391,16
89,4.0178624590652,1.86584218766207,0.0347436040192382,3.91311568272515,0,0,0.706210028255078,0.484496784820261,-0.0908029955904234,0.273523546310068,17
89,4.39297409943436,0.816409429755608,-0.909499926239298,3.91311568272515,0,0,0.436949214486051,0.00132740844026344,-0.703354499738145,-0.147796160187414,18
89,4.55135456981244,0.481132862581127,0.792275336041358,3.91311568272515,0,0,0.0331275806048728,-0.135774793428348,0.364202457553747,0.780544652393307,19
89,4.93063411729681,-0.69566796836468,1.72487811304544,3.91311568272515,0,0,-0.3758696342811,-0.269387422940397,0.584012795794547,1.01163825491611,20
89,5.23905924382257,0.353274666685654,-0.882349555836998,3.91311568272515,0,0,0.113126300566322,-0.159589170204036,-1.00995640062031,0.196560652001836,21
89,5.35992855016374,-1.66132351133688,1.05270594733498,3.91311568272515,0,0,-0.477159344359299,-0.6267283933794,0.0944071427912883,0.770753885204341,22
89,5.57665972015481,1.69055529523211,-0.274986282782394,5.55292978779449,0,0,0.808503088396209,0.262509882255579,-0.538291703967843,0.231491474049458,23
89,5.77671926168503,0.261908686053823,1.39879017621574,5.55292978779449,0,0,0.413899114338594,-0.0848773876598317,0.35937348871466,1.17986338182696,24
89,6.1559988091694,1.48637173470407,-0.684586784952048,5.55292978779449,0,0,0.573048481830498,-0.0321138285068444,-1.36628418118913,0.449709242340843,25
89,6.48943137838643,0.611924353476633,-0.90059755106803,5.55292978779449,0,0,0.520746214412358,-0.134591675082142,-0.549085091126329,-0.191699786258904,26
89,6.71033045549271,1.97059534357822,-1.85694351156929,6.66762171873214,0,0,1.10775987451459,0.398862849246031,-0.454008079736702,-1.05399220652163,27
89,6.92289371836856,1.98388521915178,0.615819994047676,6.66762171873214,0,0,0.944875774207099,0.277100587461671,-0.199263934791953,0.883409500408389,28
89,7.21464721643346,0.879256641655185,-0.662970187270512,6.66762171873214,0,0,0.195161457789634,-0.00987020264478236,-0.523263869397346,0.0485463389533774,29
89,7.33551652277464,1.37727957089294,-0.393184989271001,6.66762171873214,0,0,0.607207317590453,0.159920239861145,-0.755071195409563,0.181813579418395,30
89,7.73146769871986,-0.249636040149107,0.193464757353318,6.66762171873214,0,0,-0.0263266085595307,-0.0176991449440186,-0.49915189134414,0.760184602800763,31
89,7.91485561178922,0.342129865427814,0.00704749545644039,7.88503779031945,0,0,0.167046020847315,-0.207989236053844,0.115273004932296,0.359543294495574,32
89,8.00238166120869,0.414383717164126,0.769922155723216,7.88503779031945,0,0,-0.172828255451372,-0.216379145500422,0.468967347924365,0.346627262011468,33
89,8.38166120869306,1.05605477329,-0.441324743138378,7.88503779031945,0,0,0.244533118073427,0.0891473555826523,-0.843175517838518,-0.104663731839007,34
89,8.6859184281036,2.34614971399727,-0.191211532737203,8.39171332242863,0,0,1.09371891271018,0.482853794702576,-0.333285488138688,0.788806640748965,35
89,8.8484668055969,0.935780215099736,-0.190207516139674,8.39171332242863,0,0,0.113415924767157,0.0168959570871682,-0.935697952184195,0.289562649036293,36
89,9.19440309615957,1.07551624444529,-0.769166022595508,8.39171332242863,0,0,0.518422159629247,0.107278394768086,-1.21953932797649,-0.208764959556769,37
89,9.49032450133969,2.13473460344833,-2.26276140297046,9.42813678184309,0,0,0.747433984365182,0.361355143731919,-1.14395116196158,-0.954613121770566,38
89,9.50699612980054,2.25515679381897,-1.84083732681181,9.42813678184309,0,0,0.825543318949668,0.31094510969226,-1.60894851080486,-0.961604275348322,39
89,9.90711521286097,-2.15154682825409,0.0570170688497707,9.42813678184309,0,0,-1.09935421543396,-0.789567949017448,-0.0378900963315244,0.304539591610052,40
89,10.2238761536171,-2.25247466862485,1.04151654835812,9.42813678184309,0,0,-0.978970536555236,-0.566602252512169,0.426300066483777,1.13142248840857,41
89,10.3447454599583,-0.0942639342855773,-0.40156108301685,9.42813678184309,0,0,0.0285758817261327,-0.304689803377577,-0.6401628587352,0.141919167401908,42
89,10.5489729086038,0.252344023093704,-1.09663796086896,10.3690756042309,0,0,0.0728936659655125,-0.0628945179123685,-0.783849484195304,-0.608922145850925,43
89,10.8032152426317,0.715795055004377,-1.21078987376657,10.3690756042309,0,0,0.64077233740782,-0.0387730167475441,-0.613739815734059,-0.557041587314313,44
89,11.1574873474248,-0.729935478947897,0.33044220156625,10.3690756042309,0,0,-0.140578648066078,-0.276729909586828,0.138136544995718,0.83806873295344,45
89,11.4867520095266,0.875815164165971,-0.140350772663492,10.3690756042309,0,0,0.325027404262204,0.0109299825812521,-0.60896315824398,0.00740431430323363,46
89,11.6242929443287,-0.295412767956726,0.771078559859823,10.3690756042309,0,0,-0.148317934274005,-0.154012989218446,-0.259041413076229,1.14623860790552,47
89,11.8535278356654,-0.547487734681288,0.0787300044332188,10.3690756042309,0,0,0.174159938150206,-0.0675436694234,-0.2386109352219,0.318134003960758,48
89,12.2244715689193,0.457205377388115,-0.464428911394965,10.3690756042309,0,0,0.178477954319153,-0.0414447666036568,-0.170639658771919,-0.310511548541627,49
89,12.2744864543019,0.0570999553425691,-0.120764292467963,10.3690756042309,0,0,0.241012682681038,-0.12365836341109,0.0356108201679054,0.407928379064079,50
89,12.6954450729384,0.227877306967788,1.1813022644318,12.2873041720165,0,0,0.077647986552032,-0.070076179438933,0.235462619481766,0.797706772974548,51
89,12.8288181006252,-0.529659528664739,1.7149535136779,12.2873041720165,0,0,-0.353407781434228,-0.410906866466716,0.747433201516188,1.28004853661702,52
89,13.1414111342662,0.787475407894767,-0.0250805474937209,13.1371961132641,0,0,0.199822270264634,-0.0254962100143865,-0.503369606867918,0.581612167590087,53
89,13.4623399821375,0.293119959247199,-0.398793391211047,13.1371961132641,0,0,-0.126381323663369,-0.0258106740526185,-1.16297068112611,0.235163087606961,54
89,13.7499255730872,-0.72255642649164,0.184043616925096,13.1371961132641,0,0,-0.289764025121318,-0.313907251227503,-0.20969933739317,0.625595249728083,55
89,13.9791604644239,0.0232232733288164,0.301469923135523,13.1371961132641,0,0,-0.315477954251645,-0.253061726303628,-0.448189889984912,0.339761017640912,56
90,0,-1.68897706142171,1.2573882560003,-Inf,0,0,-1.33104403004273,-0.299146202535256,1.09161658763125,0.263932571315621,0
90,0.208395355760643,1.28237154519487,1.1897366910827,0.0169588113203645,0,0,-0.334683427775182,0.552221470859703,0.310733060056626,1.02937863334814,1
90,0.441798154212563,1.06891357147947,-0.476393639698292,0.0169588113203645,0,0,-0.57205663662695,0.550751183393669,-0.19863131441924,-0.141535908604124,2
90,0.625186067281929,0.199893458307492,0.335000572872608,0.0169588113203645,0,0,-0.934654204833175,0.274554312773367,0.334718774908019,0.321431633194541,3
90,0.88776421554034,2.02922506821496,0.493962691288676,0.885553288295005,0,0,-0.230008743551988,0.757596042435207,0.485985212052245,0.512324314376379,4
90,1.06281631437928,0.114562479950107,-0.389349179282906,0.885553288295005,0,0,-0.736069969234233,0.409266227695035,0.366953564300834,-0.29008608435657,5
90,1.3295623697529,-0.632426916326477,0.502438920177936,0.885553288295005,0,0,-1.23950847113247,0.200869011917038,0.991298457322088,0.727755676547067,6
90,1.56296516820482,-0.355254141997827,-1.92947934065101,0.885553288295005,0,0,-1.06987125293829,0.123742476093198,-0.408883743830276,-0.699470867563076,7
90,1.80887168800238,1.81282377274718,-1.3131756367422,1.74820078422423,0,0,0.0614727137259406,0.512276865917823,-0.615002688321104,-0.435388883099687,8
90,2.15064007144984,0.811284869156875,-1.94824868320537,1.74820078422423,0,0,-0.521182658263421,0.474575493763576,-1.03013067611508,-1.06931336751312,9
90,2.25483774933016,-1.31347738591024,-0.903092824986081,1.74820078422423,0,0,-1.46958396482177,-0.2968904664584,-0.659330725806258,-0.647135506397641,10
90,2.6257814825841,1.64606179913445,-0.424291554801527,1.74820078422423,0,0,-0.477626270765689,0.595883124273627,0.360240123098639,0.280364494209709,11
90,2.76332241738613,-1.05653853429557,0.888002410226133,1.74820078422423,0,0,-1.41449011974328,-0.0675042243008769,0.402794714529244,0.428888140140237,12
90,3.23012801428997,2.47520106020629,-0.957722339272518,3.11494143730424,0,0,0.342836283892038,0.756400991209017,0.360841004323683,-0.199199845495794,13
90,3.36350104197678,3.58021725833596,-0.752289161484391,3.11494143730424,0,0,0.620473756271101,1.18565093948974,-0.0907337410130743,-0.317512711767927,14
90,3.59273593331349,-0.0448442452802507,-0.563182035481905,3.11494143730424,0,0,-0.803146558556493,0.239864383967487,-0.125855885813186,0.124578179315932,15
90,3.81780291753498,0.815631045829743,-0.323797609331392,3.11494143730424,0,0,-0.582339381440236,0.48223982017494,-0.148041231636631,-0.180719746911491,16
90,4.11372432271509,-0.087619231223133,-0.0544403396479063,3.11494143730424,0,0,-0.506821973677613,0.0388765922604025,0.923077519448234,0.085653036754338,17
90,4.42631735635606,0.670432281099959,-0.822996734362248,4.3214333164434,0,0,-0.695612230737514,0.454563652694942,-0.161094369954208,-0.240898960193964,18
90,4.57636201250372,-0.198484004993055,0.496299213389415,4.3214333164434,0,0,-0.862629405686574,0.0924700198992629,0.25573424099863,0.423460403151603,19
90,4.82643643941649,-2.43338847617468,0.879973342657801,4.3214333164434,0,0,-1.65509972622555,-0.409990576390172,0.447199667036101,0.319744926901428,20
90,5.10568621613576,-0.24597085590408,-0.0499379688949282,4.3214333164434,0,0,-1.64989020835447,-0.023042405219707,0.00745232168155807,0.299561864802545,21
90,5.38910389997023,0.74365518072863,-0.129806768430163,4.3214333164434,0,0,-0.702004564651912,0.299587178619434,0.467970728591743,0.172715307355036,22
90,5.68085739803513,2.28941134981253,-1.32489672478468,5.49744315013791,0,0,0.0196480967919033,0.762639449960046,-0.460820365767374,-0.740162329406085,23
90,5.77671926168503,1.80385865839381,-1.56883727866597,5.49744315013791,0,0,-0.0570793122404484,0.743431261293249,-0.45600509643143,-0.934439664160102,24
90,6.13932718070854,-0.23367711448395,-1.5523667013221,5.49744315013791,0,0,-1.29837269112905,0.364052323349578,-0.731949047859063,-0.57354056454461,25
90,6.48526347127121,-1.37593585013754,1.50820886827518,5.49744315013791,0,0,-1.5691548723421,-0.226096451831063,0.749438802248237,0.975954530404725,26
90,6.70199464126228,0.964068260996244,-1.56012141131896,6.56670311881552,0,0,-0.670245739296336,0.406487135483477,-0.588452748099522,-0.710414022660574,27
90,6.85203929740994,0.847061772213396,-0.69534724423242,6.56670311881552,0,0,-0.389648860373909,0.288873914758537,-0.0281120974624803,-0.308021161686982,28
90,7.23131884489431,1.36294395347242,-0.826566724612995,6.56670311881552,0,0,-0.298822865731434,0.50256787195682,0.269659984521668,-0.0229666367024131,29
90,7.44805001488538,2.85933979096629,-0.971379686976525,7.39113414824152,0,0,0.110163296379709,0.985874384522419,-0.767981333808049,-0.63005334009621,30
90,7.67311699910688,1.57357415512177,-0.965417607720438,7.39113414824152,0,0,-0.382031296182365,0.578687195631808,-0.125327714181876,-0.47106037199289,31
90,7.92319142601965,0.108139438712564,0.0533452035944012,7.39113414824152,0,0,-1.0308196771057,0.101275372510504,0.00886063763011075,0.133360270387157,32
90,8.21911283119976,0.44931783525884,-0.734366046893941,7.39113414824152,0,0,-0.399675611676435,0.265288213659727,-0.282101527545571,-0.455018747204915,33
90,8.29830306638881,0.958240129281344,0.0355295736231061,7.39113414824152,0,0,-0.384876528908525,0.516585045267929,0.183604678503456,0.506787533026628,34
90,8.66924679964275,0.681536204015559,-0.881949695188561,7.39113414824152,0,0,-1.02140540100281,0.320972218701587,-0.297806270431172,-0.469907112113367,35
90,8.96100029770765,2.03745850953419,-1.1389355902093,8.92029509189037,0,0,0.424259303139938,0.756669433183602,0.132741075636188,-0.284212993734062,36
90,9.09854123250968,2.25925833047955,-0.42908543348241,8.92029509189037,0,0,0.141479193085834,0.675607715627418,-0.267647855465796,0.162609797545439,37
90,9.3652872878833,-0.646780142474479,-0.114571971608472,8.92029509189037,0,0,-1.60307529367635,0.0732778606021478,0.255490346194567,-0.126171591222831,38
90,9.70288776421554,0.245974938539598,-0.111827091711957,9.41746279758652,0,0,-0.8076829582364,0.38348460711883,0.596532469749308,-0.155958426455769,39
90,9.95713009824352,0.800593865805454,-2.41162278008857,9.41746279758652,0,0,-0.717651279655538,0.423197435842082,-1.43325482311503,-1.09180759896033,40
90,10.1655254540042,0.224673460555235,-0.494459436037808,9.41746279758652,0,0,-0.596760846775589,0.259639352679207,0.665810831445367,-0.271109920955849,41
90,10.4697826734147,-0.0187622940264525,0.0458876794409836,9.41746279758652,0,0,-0.774204618811571,-0.00264493104647673,-0.275507032934385,0.0868758891014036,42
90,10.7240250074427,-0.638784653343936,-0.296991767229979,9.41746279758652,0,0,-0.912311124067681,-0.040364732310547,0.315794569804702,-0.0256542929807076,43
90,10.9490919916642,0.988499138544285,-2.79024689667121,10.733166925079,0,0,-1.01660232547666,0.467203370777098,-1.39546376640817,-1.43008813827687,44
90,11.0991366478119,0.805215782173054,-0.602407332573669,10.733166925079,0,0,-0.37190516878364,0.375095096053291,-0.364995702342909,-0.281677427915891,45
90,11.3658827031855,1.68902534109755,-1.1134596402269,10.733166925079,0,0,-0.397779540798343,0.701986872260107,-0.503356567573827,-0.325544492502403,46
90,11.6909794581721,-0.378042552354506,-0.719063394627603,10.733166925079,0,0,-0.974756087763643,0.0062007974508725,-0.32291771336769,-0.36213584869555,47
90,11.8910389997023,0.410777618499399,1.43420073371842,11.8556501459832,0,0,-0.977536574673264,0.284910775815004,0.550008070846798,0.895668199768733,48
90,12.1327776123846,1.03006204034419,0.92002264000005,11.8556501459832,0,0,-0.491877645450166,0.518179775862322,0.304522412613227,0.64184322268622,49
90,12.3828520392974,-1.1608891512916,0.926972250469432,11.8556501459832,0,0,-1.51378694756892,-0.316079078071768,0.432902439252286,0.94492244579584,50
90,12.5328966954451,0.397688192091776,-1.19088348478709,11.8556501459832,0,0,-0.667024949045345,0.279443802987431,-0.172346375752518,-0.450704686635727,51
90,12.9538553140816,-0.569127259758344,-0.549632211023452,12.6823977808952,0,0,-1.55510769918004,-0.109608135322406,0.279300697442985,0.129636896942794,52
90,13.1122357844597,-0.43878541686937,1.74220258887731,12.6823977808952,0,0,-0.989579293177484,0.0350729192458112,1.29270266577333,1.40041981822948,53
90,13.491515331944,1.11232443769939,-0.910266933439407,12.6823977808952,0,0,-0.519169431578496,0.387695549708112,-0.252374677894477,-0.195678801739731,54
90,13.6415599880917,1.74022491470822,-0.263071852443549,12.6823977808952,0,0,-0.445294954543423,0.524250623159086,-0.0407366619672647,0.35350288221241,55
90,13.7999404584698,0.311728240145298,0.40895688335349,12.6823977808952,0,0,-0.628376539664382,0.328869671127406,0.370527686361699,0.154589501845039,56
91,0,0.231610865476226,-0.381388132744847,-Inf,0,0,-1.77184063976815,-0.514112373944927,-0.509972265314379,0.159955109438809,0
91,0.208395355760643,0.688824885067693,-0.561997753285067,0.205928079772275,0,0,-1.15192905810804,-0.451288263515672,-0.375166377294168,-0.102904735215165,1
91,0.46680559690384,0.0740323700113171,-0.0652953275254461,0.205928079772275,0,0,-1.78535896747259,-0.547418743340944,-0.205693877542921,0.542397503106582,2
91,0.504316760940756,-0.511333249235197,0.444179658376431,0.205928079772275,0,0,-2.05777295477843,-0.793233998635928,-0.0378713039790445,0.766170035812067,3
91,0.800238166120869,-0.842924778599033,1.00604638218728,0.205928079772275,0,0,-2.13618123424733,-0.888307840524105,0.0836502475698528,0.617781630927348,4
91,1.16284608514439,0.360341059617075,-1.09979792057458,0.205928079772275,0,0,-1.58223835500288,-0.472296435080867,-0.535189075102561,-0.124364570882957,5
91,1.30455492706163,1.24203447024982,-1.52755025568243,0.205928079772275,0,0,-1.32826301977544,-0.278883728504954,-0.923232768716887,-0.496633722708911,6
91,1.69217028877642,0.308670294142007,-0.733948702741943,1.50510513384182,0,0,-1.90546484324355,-0.539425265612241,-0.671730989736045,0.0871909416644715,7
91,1.97975587972611,1.31568725401858,-0.571817479065575,1.50510513384182,0,0,-1.3208044119207,-0.337617204021897,-0.807822286982418,0.239892741989654,8
91,2.17981542125633,0.252456609225597,1.55569363070089,1.50510513384182,0,0,-1.29940750780481,-0.402301901458904,0.756408990896749,1.16739513401168,9
91,2.3006847275975,0.550063115227307,0.651858814458811,1.50510513384182,0,0,-1.74394712151059,-0.587439730847661,0.226741346098489,0.779819471100536,10
91,2.62994938969932,0.349276488938784,-0.841390746616267,2.34057135705012,0,0,-1.67159843757563,-0.485107051111847,-0.573370259804774,-0.583354346840502,11
91,2.98422149449241,-0.390870295981709,0.579838874951376,2.34057135705012,0,0,-1.85858385814892,-0.711056798318638,0.85013014681264,0.718236899458875,12
91,3.22179220005954,3.08745118678425,-2.7660777359018,3.15876201933178,0,0,-0.361079194594575,0.171022966845007,-2.20030864056478,-1.48716791657509,13
91,3.36766894909199,2.27603386129378,-0.896110540534949,3.15876201933178,0,0,-1.02162711832767,0.124799789639761,-0.643401417390197,-0.218966311686275,14
91,3.53438523370051,1.10327728279614,-1.11873574764883,3.15876201933178,0,0,-0.964634934797541,-0.30958788011622,-0.791068958430383,-0.358531647995802,15
91,3.81363501041977,-0.159675327292359,-0.869808380481724,3.15876201933178,0,0,-2.1294652703998,-0.510930032168359,-0.497968796438943,-0.46754716499443,16
91,4.20125037213456,3.29029392398045,-3.04727154887634,4.17685871735896,0,0,-0.0231572220283898,0.0690662685149932,-1.12600171028473,-1.31422461104336,17
91,4.48050014885383,1.46291568126959,-2.76705053911989,4.17685871735896,0,0,-1.15302251261213,-0.339386745904527,-1.09127670518439,-1.39726666466263,18
91,4.60553736231021,0.892246029666945,0.279825263957171,4.17685871735896,0,0,-1.65880340175303,-0.194394841617282,-0.289863090710824,0.756439994428446,19
91,4.79309318249479,-1.01123920453728,1.1335266508108,4.17685871735896,0,0,-2.23846604492451,-0.807733961570248,0.0122181580861162,0.885088675826179,20
91,5.0223280738315,0.495902148363494,1.09215123054708,4.17685871735896,0,0,-1.36775328296056,-0.231090871698048,0.753203591992399,1.03885211706754,21
91,5.25573087228342,-0.379537177060905,-0.368991945810601,4.17685871735896,0,0,-1.81556278840721,-0.57082881471254,-0.422051497758725,0.15522636439625,22
91,5.55998809169396,0.965747676629906,0.0372378533817938,4.17685871735896,0,0,-1.36537223844477,-0.311776416434618,-0.0276343798131843,0.522472139599635,23
91,5.95177136052397,-0.37231104629806,-0.476360918908344,5.56006009365933,0,0,-2.07994609520304,-0.70150598669189,-0.579592716929155,0.065451579120095,24
91,6.14349508782376,0.0527707052392169,-0.631714816402183,5.56006009365933,0,0,-1.75026774344963,-0.601998882425897,-0.0834499348488723,-0.133389909921806,25
91,6.41857695742781,-0.114042305530549,1.95863045058915,5.56006009365933,0,0,-1.59061591814118,-0.64582324371215,0.97674781331242,1.40754001121536,26
91,6.58112533492111,-0.207049392265879,-0.144519547896485,5.56006009365933,0,0,-2.03261196593131,-0.551312133471619,-0.504199533107093,0.261471385262441,27
91,6.9353974397142,1.0237168667695,-1.69148897507082,6.60104419604266,0,0,-1.2191563296267,-0.270476230857221,-0.955182728497058,-0.41304630440028,28
91,7.23965465912474,0.176556333683641,-0.0897303060113462,6.60104419604266,0,0,-1.47647781675511,-0.457243683539379,0.387007596222354,0.348478605624319,29
91,7.46888955046145,3.35903765140438,-0.477662930063205,7.37945181034649,0,0,-0.624599785456753,-0.0421109177205226,-0.690424366799086,-0.17852714218336,30
91,7.6481095564156,2.42612917089146,0.118410993362379,7.37945181034649,0,0,-0.887569642881582,-0.075833944589659,-0.353872020932759,-0.0733940172235877,31
91,7.78148258410241,1.90509557433555,0.204729323285074,7.37945181034649,0,0,-0.877377113853743,0.0666946435974873,0.0989301627233449,0.771799502862574,32
91,8.24412027389104,0.429999304970142,-0.735225053767228,7.37945181034649,0,0,-1.57397743819209,-0.337460903334596,-0.263728535612229,0.186971830001484,33
91,8.25245608812146,-0.277085282189485,-0.323191111652122,7.37945181034649,0,0,-1.72888999513699,-0.650907251395899,-0.336123363227024,0.365098820956211,34
91,8.64007144983626,-0.429321120056602,0.600979639742385,7.37945181034649,0,0,-2.20391101846369,-0.66696493287312,-0.0544350337550894,1.23335680539669,35
91,8.81095564155999,0.651607066546734,0.128018039236298,7.37945181034649,0,0,-1.36566362170832,-0.349329787026814,0.158332703763903,0.51229193442553,36
91,9.24858588865734,1.796333418857,-0.666609108832275,9.0377313541338,0,0,-0.915521317198874,0.0203628197429566,-0.0742506314589845,-0.246860188902205,37
91,9.31527240250074,0.806090830667474,-2.21357920269122,9.0377313541338,0,0,-1.2222341089827,-0.244738560967221,-1.14000117603472,-0.985029716552165,38
91,9.71955939267639,0.00700745355238591,-0.880588948419893,9.32391969557637,0,0,-1.62223744250081,-0.67721499313511,-0.616197457763178,-0.198304364076062,39
91,9.8195891634415,-0.655101239665397,0.933796616725736,9.32391969557637,0,0,-1.97677955427804,-0.703225074442207,0.304645728976,1.06311403890749,40
91,10.1113426615064,1.49319066930164,-1.33662008239632,9.32391969557637,0,0,-1.60836279190416,-0.236903780670726,-0.816873116200234,-0.738102577928389,41
91,10.4906222089908,1.43500693429866,0.028728770961717,9.32391969557637,0,0,-1.30567321614498,-0.150293301983106,0.282610331758339,0.150541616727218,42
91,10.6656743078297,-0.798082876455879,-0.512204851662655,9.32391969557637,0,0,-2.11258999800125,-0.658007116507078,-0.129507407560596,0.065698466939361,43
91,10.8573980351295,3.80721428015644,-1.60022691672504,10.827634751546,0,0,-0.744384873073955,0.2640367225698,-0.631746799377912,-0.62162479056129,44
91,11.0991366478119,0.766499322317902,-1.7879277068674,10.827634751546,0,0,-1.60976534501706,-0.290488422987571,-1.11499933148456,-0.792207231764069,45
91,11.4242334027985,1.14129157684085,-1.55510086776241,10.827634751546,0,0,-1.30725948099213,-0.195770480762376,-1.03164099799565,-0.880393669680336,46
91,11.6159571300982,3.12589261819781,-0.714892239237021,11.5571317572415,0,0,-0.264592063667236,0.351821099061062,-0.426794708735513,-0.0867301659377784,47
91,11.8160166716285,0.772137973292839,-0.130182728149782,11.5571317572415,0,0,-1.54439884061111,-0.305287229593604,-0.419667595377283,0.0224405284611468,48
91,12.1452813337303,0.294544651336379,-0.381980015941048,11.5571317572415,0,0,-1.39749761605219,-0.381721766856151,-0.776205336417923,0.217583133431509,49
91,12.2619827329562,0.561781933918418,-0.00581126470691445,11.5571317572415,0,0,-1.48416542413139,-0.354784375836575,-0.0328326584414769,0.173860096149674,50
91,12.5412325096755,-2.35637537813837,1.34102298037133,11.5571317572415,0,0,-2.48084538916675,-1.19680137922487,0.19448933931661,1.13627681607277,51
91,12.7537957725514,-1.2301629140875,0.401273309586103,11.5571317572415,0,0,-2.14995506275543,-1.02936362626545,0.160047328753794,0.763108233103316,52
91,13.1414111342662,1.09934707663855,-1.0915951944923,12.8569326863176,0,0,-1.38683350515394,-0.172448332597877,-0.833581766987391,-0.250548858728509,53
91,13.3581423042572,0.953635737045326,-1.05058931503981,12.8569326863176,0,0,-1.12570476985357,-0.222622412530274,-0.428119608475434,-0.21467133456342,54
91,13.6623995236678,0.360906394880737,-0.568092917198164,12.8569326863176,0,0,-1.41292654419239,-0.381727681485616,-0.0903594706795638,-0.298879952376761,55
91,13.9666567430783,1.53660949126352,-1.22761604444747,13.7207384745125,0,0,-1.14254245124909,-0.0922953880720567,-0.475733081591632,-0.407804640420688,56
92,0,0.640854097631061,1.31004019409443,-Inf,0,0,0.180328605514456,-0.0458735063487048,0.0752156617478857,0.782526168695309,0
92,0.091693956534683,2.33262345736178,-2.11068629040554,0.0883286854717881,0,0,1.09764708769729,0.319101922444767,-1.60563460983071,-1.36222891020535,1
92,0.345936290562668,2.34223439329242,-1.23056300133954,0.0883286854717881,0,0,1.26937641978341,0.37140328464669,-1.57315357047985,-1.02962500622023,2
92,0.500148853825543,-0.609837064980404,-0.546500427990117,0.0883286854717881,0,0,-0.496824358682745,-0.436960454222314,-0.513993457508919,-0.0850901323793996,3
92,0.904435844001191,-1.36257789181347,0.986738313285093,0.0883286854717881,0,0,-0.416777557905609,-0.634100645094788,-0.0272869267084327,0.519366189867978,4
92,1.18368562072045,-0.924518513019399,0.64547734041357,0.91648476300582,0,0,-0.147228783922116,-0.43863051515564,-0.644438363751847,0.212310853542708,5
92,1.37957725513546,-0.00449476727943865,-0.52108805377316,0.91648476300582,0,0,-0.21820595590929,-0.411267033029185,-1.16098957029589,-0.235874655294612,6
92,1.60881214647216,-1.07661298313139,0.0653128940453132,0.91648476300582,0,0,-0.109698827610947,-0.629320969745479,-0.957749059567309,0.179309534539052,7
92,1.89639773742185,-1.28193950797602,-0.0255867773682569,0.91648476300582,0,0,-0.424196095596779,-0.541859073332796,-1.01638449127924,-0.414296130500447,8
92,2.15064007144984,0.115969060205948,0.296258459553035,0.91648476300582,0,0,0.21616466869562,-0.198209158730799,-0.844022452459188,0.0989388424487251,9
92,2.32986007740399,-2.66267967985114,1.34926716061847,0.91648476300582,0,0,-1.10543314460976,-0.984896915837542,0.114193180412563,0.760777327258317,10
92,2.63411729681453,1.70701671750525,-0.508456093778916,2.37880570382919,0,0,0.649213249767775,0.271799093486054,-1.34527182550823,-0.509696075013739,11
92,2.75081869604049,0.0726816473721468,0.99665526123641,2.37880570382919,0,0,0.180874280772095,-0.164473395936539,0.0535288261976024,0.443987245082825,12
92,3.15510568621614,0.443201645185362,-0.6298178934478,2.37880570382919,0,0,-0.087105035091779,-0.0872429925331841,-1.11544600201164,-0.327670603900714,13
92,3.38434057755284,0.959964397430054,-0.922502421180642,2.37880570382919,0,0,0.469769867234461,-0.195968173390744,-1.13938518461952,-0.681305560915021,14
92,3.563560583507,0.237590312521193,0.32758825445374,3.44136526334959,0,0,-0.0864924797062859,-0.379956250048028,-1.16395596588153,0.31510574059164,15
92,3.92616850253052,0.052106834650724,0.581848107478452,3.44136526334959,0,0,-0.375657680311128,-0.153302267775783,-0.576764540186589,-0.023777260645356,16
92,4.17624292944329,1.39594071882247,-1.88531611514501,3.96450259952555,0,0,0.690034399332477,0.221855709309966,-1.2534578632574,-1.17860941072322,17
92,4.46382852039297,-0.322425171268009,1.33845250996617,3.96450259952555,0,0,-0.336520202866847,-0.195133960464157,-0.116168629873695,0.162205044618759,18
92,4.58469782673415,-0.686400720208027,0.269193147192848,3.96450259952555,0,0,0.0641793108063385,-0.400533028633614,-0.580300641776385,0.0193645400397547,19
92,4.75141411134266,0.996077138003216,1.12942905484395,3.96450259952555,0,0,0.33604788951861,0.0366786508975658,-0.337148965727673,0.373488559529321,20
92,5.20154807978565,-0.836083469511871,1.03239170068637,3.96450259952555,0,0,-0.337119897218356,-0.469148163811186,-0.165083789185347,0.70628487463054,21
92,5.29324203632033,1.13498899546419,0.571630180565144,5.21820371054614,0,0,0.577748520649397,-0.137203636274714,0.122198330543344,0.394799894566928,22
92,5.69336111938077,-1.2330639337955,1.08478631404705,5.21820371054614,0,0,-0.103201052414889,-0.616586975715881,-0.447188539873364,0.487700317890989,23
92,5.85590949687407,-0.399089224818944,0.705662164159382,5.21820371054614,0,0,-0.398881995888573,-0.29679050231728,-0.0290376906015007,0.250574360934397,24
92,6.14766299493897,0.0737291933791462,-1.77171585100626,5.21820371054614,0,0,0.0304440406478404,-0.169848361727544,-1.68325693038627,-1.04773715344996,25
92,6.34355462935397,0.191394901896833,-1.77190712076151,5.21820371054614,0,0,-0.00476449203873659,-0.267633572771297,-1.55504829135061,-1.18174787686247,26
92,6.676987198571,0.0634015721147246,0.99356882861869,5.21820371054614,0,0,-0.222590974523329,-0.19031764263901,-0.37108505272418,0.55915580994576,27
92,6.94790116105984,2.5243982188007,-1.97548424054082,6.77336911504479,0,0,1.17451438656116,0.369692182634374,-1.68646443392937,-1.2910916439131,28
92,7.1938076808574,-0.66317388342859,1.27752780361965,6.77336911504479,0,0,-0.238853123709387,-0.375440789151898,-0.171199400903638,0.412142289451764,29
92,7.3563560583507,-0.309642007732564,1.19268645656063,6.77336911504479,0,0,0.171118071247434,-0.246796406222398,0.286759432413852,0.71417247281567,30
92,7.62310211372432,-0.0836496612848623,-0.341437577583444,6.77336911504479,0,0,0.0198837001841174,-0.219479905898512,-1.04764570396719,0.165235042796727,31
92,7.75647514141113,0.439975096022812,0.932322150401597,6.77336911504479,0,0,-0.00153999155320131,-0.10902901811082,-0.76751624773073,0.326071820989057,32
92,8.15659422447157,1.71518785767408,-2.1245742014408,7.93966977560105,0,0,0.730039605555729,0.326622273895309,-1.58257833609686,-1.50437750048256,33
92,8.30247097350402,0.137191545924209,-0.884493697980491,7.93966977560105,0,0,0.164809629603818,-0.272117252515494,-1.02998343965317,-0.435938927985918,34
92,8.57338493599286,0.902396403056318,-0.917898308089792,8.43821855302398,0,0,0.162686870937095,0.0227311244845019,-1.01600649545117,-0.571324077769185,35
92,8.80678773444478,-1.11839876189494,-0.0739035796816515,8.43821855302398,0,0,-0.651233709732432,-0.509119727298225,-1.17214429793215,0.0268858201782124,36
92,9.17773146769872,0.545422943271303,1.22492689193615,8.43821855302398,0,0,0.616013567237092,0.0426484373965911,-0.262983348986988,0.650737765291072,37
92,9.32777612384638,-1.87578954764624,1.42118877123412,8.43821855302398,0,0,-0.3141886449782,-0.658640402450041,0.0667018482078606,0.655462528664807,38
92,9.5611789222983,-0.209191705129811,-0.511876211524591,8.43821855302398,0,0,0.224128674983758,-0.360848510000442,-1.17852404607626,-0.156422906150013,39
92,9.9821375409348,1.85219412893195,-1.98867198605542,9.94130590942939,0,0,0.912385653563685,0.271795612721377,-1.49887541861085,-1.03183924727901,40
92,10.1280142899673,0.852909031211623,-0.48754035058054,9.94130590942939,0,0,0.379071748158447,-0.0627050042656486,-0.874355630709098,-0.537173632589409,41
92,10.3155701101518,-0.340003195732757,-0.00850299763534587,9.94130590942939,0,0,-0.124372201693345,-0.294726450306477,-0.929941451951052,-0.0994180047765053,42
92,10.6406668651384,-0.188139163099979,-0.743151819534476,9.94130590942939,0,0,-0.345498217886228,-0.283778319153728,-1.52221020826146,-0.139367628013756,43
92,10.9949389699315,1.98972837272671,0.453288538401655,10.7012396687463,0,0,0.723637453494864,0.266216788162134,-0.202218442440576,0.311582044160012,44
92,11.0282822268532,1.66024266976049,-0.931064764955729,10.7012396687463,0,0,1.18961257230894,0.194533586193105,-1.19326005568637,-0.589224826294967,45
92,11.3158678178029,-0.654531980065458,0.459191375710589,10.7012396687463,0,0,0.233464066416314,-0.455960901181143,-0.429156930990373,0.148660590491346,46
92,11.5200952664483,-1.14416962825982,2.0746465374385,10.7012396687463,0,0,-0.314074946230003,-0.451490905352215,0.565824670231372,1.70595549806797,47
92,11.7993450431676,-0.423990875946058,2.31443760671995,10.7012396687463,0,0,0.0807425292992944,-0.263330777778235,-0.045128465146193,1.3600165792452,48
92,12.003572491813,-0.739662672567103,1.66825771904982,10.7012396687463,0,0,-0.267391330729604,-0.443268199350432,0.328908733406535,0.72819783683375,49
92,12.395355760643,0.0354042171587282,0.520896358242891,12.1287033734879,0,0,0.308654886580634,-0.232190039114231,-0.211906991280194,0.506530364072926,50
92,12.512057159869,0.733850456262783,0.41765579783491,12.1287033734879,0,0,0.458667994438885,-0.0645257652382652,-0.633268537256862,0.227794699325659,51
92,12.9496874069664,0.120446519715165,1.02258139831248,12.1287033734879,0,0,-0.155065665219523,-0.185603064910956,0.0351785921437706,0.555652408264421,52
92,13.0455492706163,0.605879855686224,-0.290633652500499,12.1287033734879,0,0,0.275572009840595,-0.158833728364309,-1.28123179104215,-0.112620839946854,53
92,13.4748437034832,0.752920720590738,-2.2365331743084,13.1357242588205,0,0,0.487409026902268,-0.0507265417156697,-1.70544163987474,-1.53609016544071,54
92,13.5832092884787,1.58055096708123,-1.50515233766133,13.1357242588205,0,0,0.71179884495311,0.200978976948373,-1.56054566969697,-0.762021230461327,55
92,13.9958320928848,0.858151489196958,1.40980021155436,13.6498887380003,0,0,0.0855913305142352,-0.130732179412067,0.237890909045655,0.812688173376193,56
93,0,-0.844972093967421,-0.40855880158293,-Inf,0,0,-0.458661839969702,0.234188958978568,0.225623952557951,-0.295285785912238,0
93,0.212563262875856,1.45533826701343,-1.55067201691222,0.0260844779550098,0,0,0.338836015788842,0.657684498460959,-0.611221748855784,-1.07914295617974,1
93,0.258410241143197,0.675903200057346,-1.1939735868812,0.0260844779550098,0,0,-0.157801738882823,0.281424080745694,-0.187502365190628,-0.734646810698693,2
93,0.591842810360226,-0.37573487483634,0.471285081810121,0.0260844779550098,0,0,-0.261944860667862,0.155875811712886,-0.0783643243715565,0.332342955089678,3
93,0.958618636498958,1.56654591028751,-1.04285582492137,0.665571660290544,0,0,0.41514429782906,0.710917140619491,-0.378863755187903,-0.747378413315457,4
93,1.09615957130098,0.517492889493794,-0.154077292944407,0.665571660290544,0,0,0.0498192638667609,0.374055356545889,0.575933046381891,-0.244949447666377,5
93,1.47960702590057,1.90610746027904,-0.63461064531467,0.665571660290544,0,0,0.428485214360317,0.662647457014006,0.424979398453888,-0.762913627240354,6
93,1.59630842512653,-0.280725005688441,1.2704552067371,0.665571660290544,0,0,0.165795678816491,0.329513529067097,1.13952909022743,0.240647954734917,7
93,1.95474843703483,1.54936613862305,-1.13514193565762,1.92912618736378,0,0,0.485430975435073,0.695444950636678,-0.124478998798919,-1.16752546717277,8
93,2.10062518606728,1.345641373854,-0.709205244660876,1.92912618736378,0,0,0.815497189368048,0.53718435823556,-0.260587768700097,-0.616294481878164,9
93,2.39237868413218,-1.61153606853754,0.927540179591463,1.92912618736378,0,0,-0.583862273801101,-0.28308777221107,0.930577552448661,0.0269071485562892,10
93,2.69663590354272,-1.91598153665851,-0.318497076273395,1.92912618736378,0,0,-0.682593520672253,-0.253893996637835,-0.297905893987166,-0.575067426104346,11
93,2.81750520988389,-0.19637779914572,0.767694138357749,1.92912618736378,0,0,-0.0804555540925808,0.11360290961595,0.548479374122168,0.238988208287518,12
93,3.03006847275975,-0.0128406472928524,-0.210199751111928,1.92912618736378,0,0,-0.140962225528311,0.160872493991765,0.486898720747768,-0.119918881026813,13
93,3.25096754986603,0.897934127980761,-0.776395920290121,1.92912618736378,0,0,0.316347662330986,0.475212785467122,0.472216188910969,-0.963190652413798,14
93,3.58856802619827,1.17526353869942,-0.58216688823844,3.27011691452398,0,0,0.649307563496632,0.683626412679843,-0.0955241221321637,-1.09938895379862,15
93,3.92616850253052,-1.62357039304688,-1.15131200346814,3.27011691452398,0,0,-0.757037509905959,-0.277867783897303,-0.29024414226137,-0.583026963834771,16
93,4.0178624590652,1.34955360653905,-2.45387460528495,3.95520958201243,0,0,0.518255207725633,0.720103718545019,-1.16669372327304,-1.65578691937929,17
93,4.41798154212563,0.699202651966314,0.416734507713876,3.95520958201243,0,0,0.257505587380531,0.532733788063445,0.12571212726162,-0.174394838769779,18
93,4.50967549866032,0.372226216599146,-1.65584808279934,3.95520958201243,0,0,-0.161655213735443,0.436636285428571,-0.602648775935191,-0.93639563726517,19
93,4.79726108961,1.74350889994426,-1.35161874924379,3.95520958201243,0,0,0.849009813061117,0.712569193565955,-0.522174068744141,-1.1064217222151,20
93,5.18070854420959,0.624248399009635,-0.609060820532849,3.95520958201243,0,0,0.328218131519701,0.521243208614846,-0.273753776033497,-0.635877946274465,21
93,5.43495087823757,1.43112808263793,-1.58261183409256,5.30957551762963,0,0,0.540388086125119,0.638346082589405,-0.351685227610634,-1.29080862494065,22
93,5.52664483477225,0.462686146617083,-2.00804482960864,5.30957551762963,0,0,0.118357395234446,0.421933787058687,0.0234048731416124,-1.15162146474922,23
93,5.88925275379577,-0.371926111901077,-0.37914918907083,5.30957551762963,0,0,-0.0210923378392388,0.225951484883137,-0.109366886234144,-0.725672257326949,24
93,6.00595415302173,-0.913993002859782,-0.125836637100922,5.30957551762963,0,0,-0.508049901666993,0.0541720272222093,0.368306329894434,-0.155888114440102,25
93,6.4477523072343,1.04811453043288,-0.124016072985191,6.21052996144952,0,0,0.389362059187195,0.353281354400446,-0.02427006832172,-0.274285783633405,26
93,6.66865138434058,0.912935528452408,1.30404091271612,6.21052996144952,0,0,0.227786599684812,0.571583312053958,1.1173897050131,0.888082895685402,27
93,6.79368859779696,-0.573059546609642,0.554690815267282,6.21052996144952,0,0,-0.0043438396355015,0.123257558362635,0.400353607128376,0.441182526106005,28
93,7.18547186662697,-0.0165245962002843,1.76346122725579,6.21052996144952,0,0,0.0354485037704196,0.494021241008318,1.34159672911298,0.653205907437722,29
93,7.323012801429,1.46005372612626,0.706205288339818,6.21052996144952,0,0,0.623147933867744,0.646930785528878,0.39219539865499,0.410210119687975,30
93,7.58559094968741,2.29785780022244,-1.99955772494124,7.50648323068073,0,0,1.0435399583022,0.853229046415635,-0.81768758893121,-1.14823851809495,31
93,7.83566537660018,1.57605826465871,-1.73228277029388,7.50648323068073,0,0,0.651268037925856,0.561824449727639,-0.981171259107249,-1.36436261188572,32
93,8.13158678178029,-0.596954818825018,0.37758135750551,7.50648323068073,0,0,-0.170274988819957,0.0253065265771595,0.662686647346457,0.0896506698364209,33
93,8.46085144388211,0.190942531375305,0.999496235522322,7.50648323068073,0,0,0.170108625941488,0.381221945654677,0.828245515356984,0.665155848476304,34
93,8.53587377195594,0.598137614148545,1.16889699531151,7.50648323068073,0,0,0.232557024049642,0.509332094243133,1.15330902581888,0.535791155569721,35
93,8.91932122655552,-0.628785820954109,0.252221951284377,7.50648323068073,0,0,-0.437723961572475,-0.0244156531220298,0.618856290904678,-0.0522855582362486,36
93,9.1068770467401,-0.37656518385336,0.938459402350502,8.95656092544982,0,0,-0.0464295382342442,0.0395739412518046,0.563539706850781,0.273659066366908,37
93,9.35695147365287,-1.92894024669219,0.939339527466754,8.95656092544982,0,0,-0.582713602009969,-0.257602400959017,0.726233256523483,0.748116646551383,38
93,9.51116403691575,-2.82793982932395,0.276288188607228,8.95656092544982,0,0,-1.11997257548583,-0.419886066012379,0.486747842619927,-3.5078477197574e-05,39
93,9.7529026495981,1.47483508456654,0.166723195177601,9.73377174395853,0,0,0.819541239537802,0.489082340185141,0.520833242461774,-0.392769513458711,40
93,10.1071747543912,-0.928449970563012,1.11067768392189,9.73377174395853,0,0,-0.330280442316597,-0.153697984343532,1.31180687411358,0.559844466972869,41
93,10.3489133670735,-0.3614687395935,1.36552001767124,9.73377174395853,0,0,-0.376481181635228,0.0674078468204889,1.36552362843163,0.650917199903189,42
93,10.7031854718666,-0.148699228197183,1.33704392419009,9.73377174395853,0,0,0.169453267527208,0.0958224066052776,1.25867627238115,0.362079482137039,43
93,10.9240845489729,-1.28746852047421,0.684020319931987,9.73377174395853,0,0,-0.865570671101115,-0.105323433315855,0.810331816369254,-0.497206055384688,44
93,11.220005954153,1.46241971287919,-0.188907803145375,11.017504664609,0,0,0.660424844195525,0.560788813656914,0.275041207825723,-0.613813432953843,45
93,11.357546888955,1.16730860945571,-1.53505890437554,11.017504664609,0,0,0.493225748040065,0.574476880274457,-0.306279751094813,-1.44459604998513,46
93,11.611789222983,-0.598435363824652,0.723151933953934,11.017504664609,0,0,-0.745345382332637,0.148059455328096,1.16847694114665,0.385223988350189,47
93,11.8493599285502,0.876325712089829,-0.488386732638178,11.017504664609,0,0,0.507345280238702,0.556946552681939,0.318256086530699,-0.354919222441056,48
93,12.0119083060435,0.48655937755586,-1.54184700765019,11.8927850471147,0,0,0.0840610941417093,0.457869960844068,-0.110946241727812,-0.973004532498279,49
93,12.3453408752605,-0.159888258974586,0.707811537036315,11.8927850471147,0,0,0.0253676067743512,0.183429102200094,-0.0173394907233695,0.0978300107961493,50
93,12.5870794879428,-0.179695104197601,1.09482184058361,11.8927850471147,0,0,-0.0639299474123732,0.295056867261477,1.27338821320804,0.53467392226385,51
93,12.8371539148556,-0.34226463269731,-0.366453727669754,11.8927850471147,0,0,-0.16553131413346,0.254573253525235,0.605396984907224,-0.494194043973893,52
93,13.1205715986901,2.64456550485417,-2.07287498318218,12.9018640146842,0,0,1.01802665286231,1.03612582385781,-0.817359694312603,-1.30435718473145,53
93,13.3122953259899,-0.280714012530007,-0.696405157998319,12.9018640146842,0,0,-0.466399393385721,0.14730569877989,-0.116181979087259,0.0344676795034804,54
93,13.6832390592438,-1.35374077685975,2.75168070201426,12.9018640146842,0,0,-0.783980987300374,-0.108459786130476,1.86654836762735,1.328756854438,55
93,13.7707651086633,-0.265719346803213,0.66682023875466,13.7078408503439,0,0,-0.108399530938698,0.0726244720193272,1.37745210598256,0.47831438716888,56
94,0,-0.612640622671376,0.677649968833034,-Inf,0,0,-0.774341387203984,-0.576883554754824,0.686229681583278,0.871668069390005,0
94,0.208395355760643,-0.402024978056382,1.11481302485329,-Inf,0,0,-0.59917174112951,-0.325784879673855,1.15676320552082,0.957996011211072,1
94,0.412622804406073,1.85056540051226,-1.30927918789616,0.253201778233051,0,0,0.720838741041091,0.173711775954164,-0.55690227200355,-0.486601056529609,2
94,0.621018160166716,2.30486702427494,-1.54716466456497,0.253201778233051,0,0,0.820943927830902,0.262086550565736,-0.159619169205945,-0.417845714867888,3
94,0.879428401309914,1.58076690375398,-1.12968011352684,0.253201778233051,0,0,0.244641279589478,0.179612203544596,0.473800761823925,-0.24197571330336,4
94,1.00863352188151,2.63273281140537,-3.09569098610447,0.253201778233051,0,0,0.786017409353896,0.316622275643633,-0.750248681104046,-1.2144720519503,5
94,1.29205120571599,-1.56071646383117,1.04673261636175,0.253201778233051,0,0,-0.741527365157502,-0.598313984467711,0.616161472561387,1.11313159658588,6
94,1.72134563858291,-0.392221588383245,0.913433209298057,1.40614593140602,0,0,-0.501742569204643,-0.42553182928346,0.949022155729155,0.983877895639094,7
94,1.75468889550461,-0.414147285623297,0.601244956097073,1.40614593140602,0,0,-0.574253322707548,-0.400792780432381,0.865413717636595,1.14850488936899,8
94,2.12563262875856,1.37664310094526,-0.639693139979741,1.94127237223662,0,0,-0.0865283320897502,-0.120831084728459,0.0799728384421857,0.112235796742998,9
94,2.27567728490622,-0.509924539869251,0.794230065809089,1.94127237223662,0,0,-0.643773997739098,-0.320428746679146,0.628848723541772,0.784060872717058,10
94,2.73831497469485,-0.28008181948195,0.504620901390159,1.94127237223662,0,0,-0.663190143799703,-0.298795598711373,0.969846839526794,0.899396100293354,11
94,2.87585590949687,-2.49200444247493,0.194182798393423,1.94127237223662,0,0,-1.26587790697794,-1.0290416705318,0.382740336092893,0.789534073259855,12
94,3.22596010717475,1.31807566784982,-0.778775108855019,2.99808356535549,0,0,-0.227519182956695,-0.0202057136507566,0.42750452792814,0.100198175538264,13
94,3.4343554629354,1.18571952613258,-0.63328293052756,2.99808356535549,0,0,0.101393675642598,-0.00979500788858417,-0.298173524352419,0.178064162659172,14
94,3.67192616850253,1.37690818347493,-0.77333021040521,2.99808356535549,0,0,0.0541435869402247,0.166351077350054,0.183876086371146,-0.181289866503097,15
94,3.80946710330456,0.0478294246352189,-0.166001914517562,2.99808356535549,0,0,-0.493971303804891,-0.409750849885435,0.14878872147314,0.597811049027084,16
94,4.15957130098244,0.105673717729526,-0.62671505962173,2.99808356535549,0,0,-0.401507269150056,-0.376587191006688,0.276422360185109,-0.126570403320449,17
94,4.31795177136052,-0.462268947514757,0.0331625798014366,2.99808356535549,0,0,-0.360933152444264,-0.402721137362106,0.578499830279575,0.323984364951353,18
94,4.73891038999702,0.823566424420842,-1.72068379711016,4.41205299209553,0,0,0.146468919142838,-0.157389605502832,-0.314480014556009,-0.396808353553446,19
94,4.87645132479905,0.638942167781169,0.122872770007251,4.41205299209553,0,0,-0.290167337046482,-0.120579041527518,0.127208411177727,0.684870029209126,20
94,5.14736528728788,1.460786398234,-1.10254871302113,4.41205299209553,0,0,0.0703152381826786,-0.22639801762245,-0.114397282964908,-0.0594276595962332,21
94,5.31824947901161,-0.649486031284188,-0.275375152241236,4.41205299209553,0,0,-0.573980828418257,-0.46905192857727,0.116657464216627,0.241324189945344,22
94,5.74754391187854,-0.544922414717568,-0.253930820128065,4.41205299209553,0,0,-0.824870558604736,-0.600414588672173,0.401174899461998,0.055927645380257,23
94,5.98094671033046,1.49461714782637,-1.36539502619068,5.80892009696959,0,0,0.407262495796103,0.0250720554631213,-0.135827438906751,-0.118389855809103,24
94,6.13099136647812,0.534602134983719,2.08156514486647,5.80892009696959,0,0,-0.127635060221474,-0.127072177879111,1.65480745350794,1.61951643839422,25
94,6.34772253646919,-0.381840996259703,-0.0110516778391856,5.80892009696959,0,0,-0.452194989534566,-0.551830370334993,0.0853938380673226,0.31450153910863,26
94,6.68115510568622,2.39771443777404,-1.11678893448446,6.36196004831089,0,0,0.598729583685316,0.220285420167113,0.213823456603098,-0.047921611666643,27
94,6.86037511164037,0.346761547325433,-1.35689662524606,6.36196004831089,0,0,-0.395393937272647,-0.250770531524127,-0.538771950046628,-0.234334370171169,28
94,7.07293837451623,1.66345873408495,-0.723653859258974,6.36196004831089,0,0,0.0915671144465527,0.106457040356047,0.122755439881212,0.205717179774021,29
94,7.41053885084847,0.108380295526611,0.974235292521221,6.36196004831089,0,0,-0.393539035043389,-0.242511078811046,0.891473908828292,1.00774198566627,30
94,7.61893420660911,1.14670898783804,-0.824691180490224,6.36196004831089,0,0,0.405678193926014,0.0576840929465706,-0.157947913467852,0.127191504483584,31
94,7.8440011908306,4.04489452153329,-0.839954848482043,7.80111538249677,0,0,1.30250402754113,0.527037273812435,0.082204698179869,-0.0957335368956715,32
94,8.11074724620423,0.913625017994403,-0.226257850510883,7.80111538249677,0,0,-0.286579075644078,-0.138257710468215,0.344927972181551,0.50494677790559,33
94,8.25245608812146,0.519400523189494,-0.640477423615155,7.80111538249677,0,0,-0.355858840081063,-0.246721085067956,0.426545570546267,0.0444474638348403,34
94,8.72342959214052,1.96107747154356,0.564023998831877,8.65697877701336,0,0,0.384215917423163,-0.0221184876570556,0.65667040144872,0.730465205731246,35
94,8.90264959809467,0.193482862305277,-0.557572613822497,8.65697877701336,0,0,-0.337023839124324,-0.233207394630226,0.355498694992353,0.152251462600407,36
94,9.24441798154213,0.256269024923367,-0.200870704335725,8.65697877701336,0,0,-0.584981896140206,-0.303575082796476,0.587037879663376,0.452298442596917,37
94,9.31110449538553,1.22234195052516,0.784212653873267,8.65697877701336,0,0,-0.120252383306825,0.0515708366140826,1.15520621363352,0.826493384256069,38
94,9.63620125037214,0.66754536669797,-0.136887707534099,8.65697877701336,0,0,0.103291446843374,-0.132508197085255,0.183379416581343,0.5101999406227,39
94,9.94045846978267,-0.0649806413073365,0.490897364410503,9.73459117096634,0,0,-0.544793345752473,-0.358218618209388,0.481073912253802,0.638498248743177,40
94,10.2155403393867,-0.94728746158798,-0.0573382880033769,9.73459117096634,0,0,-0.941554324627864,-0.482015587948991,0.00637403635395628,0.391960734360698,41
94,10.4906222089908,0.181362737372472,-1.2394717657556,9.73459117096634,0,0,-0.407422927355382,-0.0870477089230929,-0.234947662685783,-0.364202487400361,42
94,10.6656743078297,1.07823615365635,-0.73495568833971,10.5654037397409,0,0,-0.0410525205710227,0.236652390487337,-0.243279017633462,0.0211429940324821,43
94,10.9490919916642,1.13793691642043,-1.9760441926256,10.5654037397409,0,0,0.220284951114705,-0.173003528955607,0.381962775751595,-0.613536316426881,44
94,11.2450133968443,-0.000310448403361557,0.794619456744919,10.5654037397409,0,0,-0.494499472426634,-0.302316376792288,1.51643333558434,0.909795125743808,45
94,11.3492110747246,-0.0526832552960027,1.71806826769458,10.5654037397409,0,0,-0.395960783531897,-0.227713453978469,1.1671938749382,1.5760176036939,46
94,11.5867817802918,-0.403767868412081,0.710546999323136,10.5654037397409,0,0,-0.688304967809708,-0.393564570713335,0.345050279253664,1.07327960316326,47
94,11.8243524858589,-1.32643482719908,1.71613031722727,10.5654037397409,0,0,-0.645566202975908,-0.703977919513016,1.06928636161632,1.99037923221141,48
94,12.1161059839238,2.01425311394583,-0.761748892989733,11.9329429273064,0,0,0.662899704531363,0.287087661643011,-0.00107681438087556,-0.237783553826659,49
94,12.3536766894909,2.25496218418913,-0.87008203606276,11.9329429273064,0,0,0.38820143828776,0.240028834606721,-0.136830881300501,0.357397234721264,50
94,12.7204525156297,-0.696413212841808,0.501358437893485,11.9329429273064,0,0,-0.499120132776625,-0.665832799535093,0.970022737442469,0.770103528610945,51
94,12.8746650788925,0.689153215734446,0.219498777365564,11.9329429273064,0,0,0.0496363145079838,-0.220415645957531,0.946862113068686,0.517208971737673,52
94,13.2497767192617,0.427411475209506,-1.99868025419508,12.9352647586744,0,0,-0.150478373521215,-0.279577696849132,-0.305366812377863,-0.521706399537069,53
94,13.2914557904138,0.327169449440209,-0.954078834550395,12.9352647586744,0,0,-0.0932936131676739,-0.38978523539396,0.128994384612004,0.155429765553823,54
94,13.5582018457874,0.699856890899145,0.379199376314644,12.9352647586744,0,0,-0.214119658152083,-0.282608959184883,0.469433897097409,1.03770024534583,55
94,13.9916641857696,-0.691050851039019,1.65755057098586,13.8637775628944,0,0,-0.545007387881762,-0.395973756807596,1.54283563131791,1.80593541657313,56
95,0,-1.08670939290922,-0.0851424663363831,-Inf,0,0,-0.564809089087908,-0.196522920416832,0.0359715556202871,-0.115079248110901,0
95,0.0500148853825543,-2.52343127391054,1.13378643443128,-Inf,0,0,-1.42242046417105,-0.539865062403357,0.564578685289746,0.432371047812892,1
95,0.32092884787139,-0.149869051283097,1.04660284745226,0.156534009065945,0,0,-0.346859110179837,-0.0763682257158594,0.306319117277243,0.2684960356595,2
95,0.671033045549271,-0.54421156059171,0.760486811445982,0.156534009065945,0,0,-0.44038347550255,-0.0308197920335434,0.39794552203048,0.273271287937896,3
95,0.841917237272998,-0.815934356227008,1.40180164995173,0.156534009065945,0,0,-0.629874097845363,-0.313157022275861,0.629867618051839,0.515272462276589,4
95,1.13783864245311,-0.603780930673877,0.227894942108656,0.156534009065945,0,0,-0.796894338156597,-0.13896896074803,-0.357040644992149,0.206775599134228,5
95,1.27121167013992,1.27508011991544,0.312138831635347,1.26233690392513,0,0,0.284397147103102,0.320879605678987,0.14363480426816,0.286410070684562,6
95,1.67133075320036,0.495585594642257,-0.51219616425768,1.26233690392513,0,0,0.144106244013267,0.287414606663728,-0.139129949522267,-0.607055984985017,7
95,1.98809169395653,0.451548560657612,-0.793762493384821,1.816620901107,0,0,-0.136677031078177,0.10566251585095,-0.850246413328281,-0.49513535769542,8
95,2.07144983626079,-0.863238086365622,-0.64291933160488,1.816620901107,0,0,-0.184259192451991,-0.151934573971877,-0.0501144976705326,-0.502079797542394,9
95,2.42155403393867,-0.644702083689481,0.602772908809354,1.816620901107,0,0,-0.690900091685219,-0.130239043977403,0.995660315492302,-0.125092019519588,10
95,2.67579636796666,0.28562269706597,0.979767497606842,1.816620901107,0,0,-0.233521974771886,-0.147700650564433,0.501195503886385,0.59232882328762,11
95,2.98422149449241,0.835724505208075,0.0746402805109782,1.816620901107,0,0,-0.366026333851149,0.229225825223597,-0.350067528222095,-0.211023900798876,12
95,3.00506103006847,0.804714539920299,-0.182417211531814,1.816620901107,0,0,0.123612974001349,0.244739890436183,-0.226800477981961,-0.346339445698385,13
95,3.44269127716582,1.24800949736047,-1.53315064103147,3.11605754093661,0,0,0.38453225727397,0.411009312188548,-0.675053894214631,-0.866092896018737,14
95,3.6635903542721,0.531110155796711,-1.43645523848246,3.11605754093661,0,0,-0.0395664355614013,-0.0394427161188364,-0.618659061162506,-1.09148507494117,15
95,3.80529919618934,0.396066945674686,0.43041693716147,3.11605754093661,0,0,0.0970738180791815,0.0427459130201624,-0.0285313541369099,0.132751535335272,16
95,4.17624292944329,0.444555301835348,0.618375779719549,3.11605754093661,0,0,-0.560576188254504,0.00221862885095736,0.143967267459838,0.466438935922843,17
95,4.30544805001489,0.693185512893391,0.378668494274858,3.11605754093661,0,0,0.263926129590306,0.276678257662134,0.655348309434692,0.00115502548574661,18
95,4.601369455195,4.09082625719565,-3.08757667824486,4.51258639117452,0,0,1.43458197617517,1.13179340285115,-1.59171789779413,-2.1678985008258,19
95,4.88895504614469,3.00703184989543,-1.88849266810858,4.51258639117452,0,0,0.56500004324994,0.767305541356301,-0.640539644622079,-1.22840765843989,20
95,5.03483179517714,-0.65093537077771,0.548516350751844,4.51258639117452,0,0,-0.230126754285698,-0.228700986282769,0.426887098049975,0.378811384160727,21
95,5.36409645727895,-0.0497909983686263,-0.727537239593747,5.15021605083289,0,0,-0.139970325787093,-0.131920170333168,0.289499699482803,-0.799088042271922,22
95,5.67668949091992,-1.03071854275193,1.39740703647524,5.15021605083289,0,0,-0.388648353699839,-0.055757402014726,0.373305038064949,0.667666861577007,23
95,5.84757368264364,0.72638320091302,-0.859284764957171,5.15021605083289,0,0,0.00747427293046778,0.238313225267928,0.223418312309543,-0.802463292229745,24
95,6.01428996725216,-0.224870713777926,0.152045909128212,5.15021605083289,0,0,-0.199518520735265,-0.120273706159325,0.339465347842327,0.0929559376589237,25
95,6.27686811551057,-0.148648584587989,-0.0513293273146285,5.15021605083289,0,0,-0.412498829195225,0.0676688462163889,0.446542759464823,-0.171117190132219,26
95,6.73533789818398,0.329718234426289,-1.05423617522627,6.58235017423375,0,0,0.0443317311201625,0.192573645983267,-1.08095386833867,-1.14220756634699,27
95,6.87287883298601,0.0595894419013033,0.734159643774525,6.58235017423375,0,0,-0.444235970192837,-0.0734424087734577,0.102792967812275,0.328761891409464,28
95,7.0312593033641,-0.373083386034378,-0.965711376959347,6.58235017423375,0,0,-0.443996527102932,-0.0940004325314574,0.190638773434664,-0.825789268467174,29
95,7.41470675796368,1.33654517673209,0.430186987240225,7.24250120787093,0,0,0.168757769891429,0.36553173652972,0.458877287570983,-0.0507744191258213,30
95,7.65227746353081,-0.578706702664583,1.26802733719531,7.24250120787093,0,0,-0.706966669615641,-0.290529717065537,0.624245258211589,0.801524800279262,31
95,7.88568026198273,-1.28014159306008,0.958617662896769,7.24250120787093,0,0,-0.671573830242088,-0.407556096359911,1.06342852228903,0.457160610576515,32
95,8.14409050312593,0.584078259199151,0.740469369896472,7.24250120787093,0,0,-0.112591300104756,0.243357757148634,0.663990336162507,0.337393520001223,33
95,8.46501935099732,0.460946832740498,0.426190744247947,7.24250120787093,0,0,-0.13992740097242,0.00369005063226113,0.264997843445758,-0.387779822791087,34
95,8.66091098541233,-0.295617893597275,1.02260785313667,7.24250120787093,0,0,-0.35791509511904,-0.0949291338289108,0.349656843193693,0.161634252728667,35
95,8.95683239059244,2.469087102635,-1.56648695057821,8.84067451000178,0,0,0.6451441777554,0.402779703541161,-0.826267810089597,-1.46734975316365,36
95,9.16522774635308,0.038547067510035,-0.246624369250762,8.84067451000178,0,0,0.0165356021046713,-0.0905272129404965,0.314553277080196,-0.0480332034972182,37
95,9.46948496576362,-1.59008803311271,0.905616963043645,8.84067451000178,0,0,-0.692495276679122,-0.334165174997355,-0.121627460186175,0.159578490902428,38
95,9.67371241440905,-0.469129882092614,-0.364658865878131,8.84067451000178,0,0,-0.477688918629921,-0.103156096817046,0.518715496376829,-0.33224024304911,39
95,9.84876451324799,0.77968363551829,-0.339926397975876,9.79863247015298,0,0,0.215977607357659,0.0888833852038511,-0.19450711881081,-0.293872327187321,40
95,10.2280440607324,0.168020006722685,-0.732262461977268,9.79863247015298,0,0,-0.276988654465314,-0.0687230770487278,-0.332972803070337,-0.369489211953101,41
95,10.2947305745758,-0.80859827251778,-0.0994954456953584,9.79863247015298,0,0,-0.864732442253247,-0.283688152957473,-0.168997438302933,-0.206017773849816,42
95,10.5281333730277,0.320485505490066,-1.71536624176493,10.5267807389896,0,0,-0.488563878149979,-0.00529159510234389,-0.958862891040304,-1.33349827407208,43
95,10.9490919916642,0.809554349511063,-1.78781240833999,10.5267807389896,0,0,0.129423853104546,0.234770230792691,-0.666265596003531,-1.21579852194317,44
95,11.0657933908901,0.397579805192292,0.642003887123661,10.5267807389896,0,0,-0.224458731184887,0.0325330484256397,0.909698500650577,0.474605039724174,45
95,11.3116999106877,0.220590371463028,-1.05064483439579,10.5267807389896,0,0,-0.119489626556249,0.185999422367578,-1.21278589183157,-0.902107173534616,46
95,11.6618041083656,-0.661600349238421,0.0719192605524371,10.5267807389896,0,0,-0.547606535409726,-0.170050762326273,0.426101795325384,-0.187008770053467,47
95,11.8910389997023,1.36044983313754,-1.26727352257476,11.8041266808555,0,0,0.462288100711574,0.284187251024994,-0.691159817615584,-1.24066803653707,48
95,12.236975290265,0.222323572369142,-0.478404060015082,11.8041266808555,0,0,-0.185146854089828,-0.115492782056652,-0.366300196037781,-0.41753879976948,49
95,12.3995236677583,-0.445474580718008,0.296953292750051,11.8041266808555,0,0,-0.272287442186569,-0.204044149055167,0.46006456202869,0.413139730544403,50
95,12.7246204227449,-0.608621397472822,-0.435922040817156,11.8041266808555,0,0,-0.350410206243576,-0.322113286049984,-0.518564324515499,-0.221094630044,51
95,12.7704674010122,-0.365284398829461,-1.39643288305265,11.8041266808555,0,0,-0.47309524692413,-0.0623585889119899,-0.332303192607763,-0.77990046663197,52
95,13.041381363501,1.26122727356318,-1.27944574313583,11.8041266808555,0,0,0.161537592589515,0.28580515100094,-0.995956393655132,-0.772433169013013,53
95,13.3831497469485,1.514327396593,-0.907355152519069,13.3541503967037,0,0,0.613842697426847,0.253727322770878,-0.315243964848287,-0.678133815088372,54
95,13.6040488240548,-1.42084152274193,1.17941472913678,13.3541503967037,0,0,-0.942542836015601,-0.382574332597066,0.579008165918607,0.124824100680823,55
95,13.7707651086633,1.16173694478667,-1.66010367953022,13.6240448288387,0,0,0.192560659276312,0.493552269342025,-0.951227101397139,-0.944335646945605,56
96,0,-1.35041269017757,-0.49605853601863,-Inf,0,0,-1.84736004579577,-0.16739001717837,-0.160803826472449,-0.0119381359167853,0
96,0.0375111640369157,-1.02817093559229,1.35593905816059,-Inf,0,0,-1.57247074893104,-0.058946745572924,0.412312515905712,0.525160273096163,1
96,0.479309318249479,1.41432086875027,-0.757248321520656,0.203479166259058,0,0,-0.497921537901792,0.546553802853851,-0.548608695823692,-0.0891273338776128,2
96,0.554331646323311,1.32346738695107,-0.530531102271064,0.203479166259058,0,0,-0.959916442354683,0.643313542934438,-0.371352693611865,-0.119708503570231,3
96,0.862756772849062,0.300055394502019,-0.901066834791768,0.700360770358776,0,0,-0.462244936228858,0.373836397984761,-0.932475916283779,-0.598616121245797,4
96,1.17534980649003,1.67966614891956,-1.14287331198447,0.700360770358776,0,0,-0.486285919128476,1.01388956456492,-0.776906315487672,-0.523142783698194,5
96,1.47127121167014,-1.28986630822427,0.758946820790781,0.700360770358776,0,0,-1.67660541947076,-0.0443093681010024,-0.0155787711770112,0.517639827934696,6
96,1.68800238166121,-1.68071610558626,0.399619774585053,0.700360770358776,0,0,-1.80277903941669,-0.00417894996153366,0.270658213939172,0.166620952743052,7
96,1.97142006549568,-0.586295707724482,0.371100647461994,0.700360770358776,0,0,-1.36857260296802,0.17444544518555,-0.399695663536706,0.130496954758971,8
96,2.05477820779994,-0.217370330266859,0.492409330340632,0.700360770358776,0,0,-1.20411396553247,0.376174300026103,-0.0310157997051221,0.420158602855311,9
96,2.46740101220601,-2.03268941684317,1.39329601492969,0.700360770358776,0,0,-1.81574627651889,0.0511183000870769,0.648196012100436,1.03332421781682,10
96,2.63828520392974,0.557821019625883,-0.71203675711166,2.48167394636772,0,0,-1.1481500002403,0.60596537367047,-1.18711017638684,-0.533621208463326,11
96,2.88835963084251,-0.151614334416403,-0.146311582958979,2.48167394636772,0,0,-1.23220004912866,0.0324842772423278,-0.57087417765859,0.133210605997582,12
96,3.10509080083358,1.62868744222015,-0.944881670702698,3.05141278202108,0,0,-0.777109638811246,0.731963652118568,-0.899450203165897,-0.569761323645032,13
96,3.30931824947901,-0.266427223118463,-0.928781522692538,3.05141278202108,0,0,-1.17010686847924,0.213657152729585,-1.1616795388842,-0.217257722454805,14
96,3.5969038404287,-0.179828911933212,-0.116770719570557,3.05141278202108,0,0,-1.01050656290792,0.487770378252345,-0.572604545414345,-0.156079692871053,15
96,3.77612384638285,-1.95946069311419,0.81170862213185,3.05141278202108,0,0,-2.28628762086329,-0.188876080921999,-0.0689206533048136,0.342029436832851,16
96,4.16790711521286,2.23361684855641,-0.127876598103017,3.05141278202108,0,0,-0.408051866776822,1.04797530773636,-0.538018269057441,-0.338712409978616,17
96,4.35129502828223,0.800063480633865,-0.618557442971677,4.22165677011228,0,0,-0.68680260824192,0.477904585981678,-0.450552773229848,-0.211089892031823,18
96,4.60553736231021,1.04606832044176,-2.49556414838749,4.22165677011228,0,0,-0.913410891986343,0.698896595370155,-1.70645153316094,-1.51470768093205,19
96,4.84727597499256,1.18022994705266,-0.298003935105214,4.22165677011228,0,0,-0.589917699008239,0.686457039851867,-0.393398544340643,-0.361189906231793,20
96,5.20571598690086,0.772175337896604,0.00560424959608322,5.20010946399102,0,0,-1.13716938796188,0.48199728229675,-0.27015703518539,-0.254861196765025,21
96,5.47246204227449,0.449151664565573,-0.341693183584001,5.20010946399102,0,0,-0.892381144131865,0.464601453619998,-0.695933782994322,-0.268303672018733,22
96,5.55998809169396,0.503720066274219,-0.978117139552441,5.20010946399102,0,0,-0.782191205813435,0.511859778521145,-0.823177461640952,-0.910398455072626,23
96,5.93509973206311,0.405575738511698,-1.38312988951821,5.20010946399102,0,0,-0.852763489817394,0.61937117998229,-0.700087242451938,-0.597745678190295,24
96,6.24352485858887,1.12470024118438,0.588158637698075,5.20010946399102,0,0,-0.95504682854576,0.648396315533458,0.207366925967994,0.168679181656524,25
96,6.38940160762132,1.13665420633404,-0.507701938322356,5.20010946399102,0,0,-0.659727897844813,0.481208695162912,-0.501717461792698,-0.209728747286292,26
96,6.72700208395356,-0.180569719985379,0.575748388660052,5.20010946399102,0,0,-1.05400776844725,0.300875698646083,0.0355515710294618,0.372007931270209,27
96,6.99791604644239,0.0454386726156701,1.3251025654574,6.82133713631282,0,0,-1.00198385390895,0.378550815979033,0.0712830509298988,0.710320510379575,28
96,7.06043465317059,0.158786720224446,0.581576811109824,6.82133713631282,0,0,-0.999056763153795,0.145054014676111,-0.240145807896244,0.371554654879717,29
96,7.35218815123549,1.0372919334809,-1.24854364105477,7.17658931327661,0,0,-0.872859260912019,0.585231785771698,-1.21099700625593,-0.621557513410468,30
96,7.53140815718964,0.73182171829824,-0.750796429657305,7.17658931327661,0,0,-1.01180191252968,0.506153753304052,-0.100457082618076,-0.152470330769772,31
96,7.91068770467401,0.810666553233162,0.207532920651541,7.17658931327661,0,0,-0.965520766577068,0.396447036826067,-0.156549945922973,-0.012082383673899,32
96,8.24412027389104,1.72044048252206,-2.25200565824062,7.17658931327661,0,0,-0.159416654537741,0.901060816930321,-1.48720466182245,-1.53178621908619,33
96,8.39833283715392,0.839826018130161,0.350172322463337,7.17658931327661,0,0,-0.96743564753818,0.647361180020283,-0.47127395583347,0.277566089746289,34
96,8.57338493599286,0.174925956892592,-1.80552014150881,7.17658931327661,0,0,-0.888983462459895,0.389163284515719,-1.81250957716474,-1.12230950814981,35
96,8.99434355462935,0.402702627487217,1.17655331584992,8.59570071700459,0,0,-0.865690825015815,0.551250913105723,0.354786553242923,1.0915908567464,36
96,9.05686216135755,0.72548326291283,0.506312148620096,8.59570071700459,0,0,-0.923785304513813,0.473167563544389,-0.0653027982745708,0.548144619405533,37
96,9.49866031557011,0.603226414720007,1.42473083290742,8.59570071700459,0,0,-0.9270177638439,0.476075258952644,0.598854903651679,0.761884744760915,38
96,9.61536171479607,-0.723608092486689,1.00735837216461,8.59570071700459,0,0,-1.47175708552413,-0.00595926141650671,0.527050624487152,0.441469417308852,39
96,9.89877939863054,1.4130164995268,-1.70209451750487,9.68917982714036,0,0,-0.425200351851072,0.691893583113955,-1.6216049783166,-0.958870127714612,40
96,10.0738314974695,0.920291364859652,-1.34014640703467,9.68917982714036,0,0,-1.08377428269691,0.536203700919133,-1.30094158707603,-0.877980128907895,41
96,10.2863947603453,0.603159578150006,-0.469122637124756,9.68917982714036,0,0,-0.748309767180457,0.420981389226091,-0.568150710467928,-0.25227119956867,42
96,10.515629651682,0.357218818548869,-1.09620000786093,9.68917982714036,0,0,-0.875565920608283,0.178636213953139,-1.14766357443172,-0.820616172113017,43
96,10.9866031557011,-0.634190808248453,-0.221335010173915,10.6361462194293,0,0,-1.57304884341006,0.184791785032947,-0.288894688892621,-0.108456042210302,44
96,11.1491515331944,0.172488078585167,-0.270770779099777,10.6361462194293,0,0,-1.10065943625158,0.546285510279964,-0.555670484323479,-0.394124572088615,45
96,11.3283715391486,-0.435410049487987,0.566318879671865,10.6361462194293,0,0,-1.32121003975801,0.300530030400836,0.224304956259398,0.264456967605556,46
96,11.611789222983,-0.341210364332275,-1.55298175313114,10.6361462194293,0,0,-1.26381048116602,0.417036450768308,-0.922077209980556,-0.897508817730438,47
96,11.7618338791307,-1.2586215058246,-0.0824596317812761,10.6361462194293,0,0,-1.47987727023998,-0.1097961681685,0.297131046404515,-0.357441176631678,48
96,12.1411134266151,-0.273417224984598,-1.09282011217742,10.6361462194293,0,0,-1.20144666858279,0.319815233224372,-1.18282436927917,-0.521471755603405,49
96,12.316165525454,0.637025911524051,0.760578857542045,12.162521412623,0,0,-0.575335128224798,0.516160004276132,0.293427501103097,0.568699198819362,50
96,12.5037213456386,2.02724434091085,-0.0720632431943281,12.162521412623,0,0,-0.44310099445474,0.822112413944932,-0.0947769237264756,-0.0868057730210807,51
96,12.9205120571599,-0.781787995027158,0.696080994058873,12.162521412623,0,0,-1.03784692874971,0.243027900751887,0.195142719656509,0.407153306579988,52
96,13.1289074129205,-0.131652900450553,-1.27704363056288,12.162521412623,0,0,-1.46731604569123,0.318656296427799,-0.99029618829425,-0.908352809604199,53
96,13.2789520690682,1.29141884487677,-1.30019415108677,12.162521412623,0,0,-0.819871235728229,0.583031411116258,-0.999746490783279,-0.918201856058303,54
96,13.5873771955939,1.75506412914317,0.380876071588776,13.3391923458799,0,0,-0.538628351197125,0.750669084908743,0.220894532736049,0.177031453158985,55
96,13.7957725513546,1.60909995214882,-0.420051917561298,13.7812956262031,0,0,-0.141395076750884,0.574518719448338,-0.491329974363396,-0.341642113755295,56
97,0,0.0471849595690751,-0.228445477642311,-Inf,0,0,0.113489585451913,0.214205676433579,0.47955823849831,0.0959052959637257,0
97,0.170884191723727,-0.460872559713653,-0.611700357094562,-Inf,0,0,-0.189356120078511,0.00683621842807219,0.119069300197769,-0.0439364609153571,1
97,0.333432569217029,0.12627750153445,-0.182945369883318,-Inf,0,0,0.207719492929609,0.154662560152324,0.39306310949757,0.115627418701543,2
97,0.533492110747246,3.55723812545676,-1.89634395672339,0.422612138616387,0,0,1.35821527941464,0.974152552580407,-0.022567222455298,-0.61760937666201,3
97,0.97529026495981,2.61385641173998,-1.74167904829326,0.422612138616387,0,0,1.02302198025017,0.611059856432143,-0.702627063309169,-0.640305365975531,4
97,1.00863352188151,2.49855666868312,-0.994582235346227,0.422612138616387,0,0,1.05702357199085,0.614429658584081,0.25886260161939,-0.5005707280517,5
97,1.43376004763322,1.72676053678617,-0.809380120254242,1.10480940725941,0,0,0.751120475792422,0.443521314133949,-0.125451309950246,0.0984127632395208,6
97,1.51711818993748,1.66211718901807,-1.4037282121343,1.10480940725941,0,0,0.495320821725893,0.416619809756471,-0.191460123398354,-0.64801306499689,7
97,1.80470378088717,0.871577859785437,2.00774900578456,1.10480940725941,0,0,0.775379990004803,0.365129882358509,1.25710312453204,1.61076010160678,8
97,2.1714796070259,0.924614574013648,-1.9518597770519,1.84341783884089,0,0,0.299402787234805,0.336756707524203,-0.339687439393765,-0.969885894331424,9
97,2.44656147662995,-1.74257099289664,-0.347599078002379,1.84341783884089,0,0,-0.465798627947893,-0.379284997887256,1.10757040143436,0.0674278650987571,10
97,2.57993450431676,-1.74103145688801,1.58144858710403,1.84341783884089,0,0,-0.724972749755239,-0.417150161706528,1.04665898386973,1.5967127933572,11
97,2.99672521583805,1.30976208046418,1.36316067733972,1.84341783884089,0,0,0.636237844041091,0.591185414200089,1.43684516824389,1.01911622539027,12
97,3.04257219410539,2.2007297758588,-1.19720137427045,3.00579985237609,0,0,1.16131558383714,0.485684756465954,-0.079429857612628,-0.109621471158189,13
97,3.29681452813337,1.58127062982588,-0.97557620771549,3.00579985237609,0,0,0.342615040679435,0.530082565975628,-0.55861733083251,-0.311252500544992,14
97,3.71777314676987,-0.280774065682145,1.84055053848259,3.00579985237609,0,0,-0.192806638449127,-0.138365955809542,1.20073278711173,1.36540787912664,15
97,3.94284013099137,0.821779715051254,-0.867581646850349,3.88728116705763,0,0,0.396655832324195,0.246045536278985,-0.00584687181888389,-0.00853959431114498,16
97,4.00952664483477,1.30694924859592,-0.583897619463241,3.88728116705763,0,0,0.526726623522324,0.27493584317241,0.236987536376331,0.145088910954218,17
97,4.4721643346234,-0.494232201411535,1.26702490413997,3.88728116705763,0,0,-0.346026047348619,0.134138946330385,1.02079847198908,1.03171683125623,18
97,4.51384340577553,-0.788729519294523,1.16994003344473,3.88728116705763,0,0,-0.582856649379203,-0.202326390365869,1.0374479808443,1.19759972706956,19
97,4.93063411729681,0.210713624582339,0.793404263895078,3.88728116705763,0,0,-0.0435208023969401,0.169271170112304,1.33243979139445,0.712761122502348,20
97,5.1515331944031,0.871553971092518,-1.83915834387458,3.88728116705763,0,0,0.635457672334829,0.186480472929478,0.395190109339725,-1.11781177371902,21
97,5.37243227150938,0.349901756847997,-0.0699022304157416,3.88728116705763,0,0,0.131077913107574,0.142741395288269,0.562368495555415,0.25758965788206,22
97,5.73087228341768,-0.132962892286255,-1.20707225600282,3.88728116705763,0,0,-0.0984781953127679,0.147179134692234,0.209706032291958,-0.555151628448011,23
97,5.85590949687407,1.98903459332166,-0.697762084462233,5.73489307506511,0,0,0.740604587372987,0.737135965032398,0.558642112061504,0.0606175837326443,24
97,6.04763322417386,1.44844156990062,-1.15056364534925,5.73489307506511,0,0,0.448898668048378,0.462376258816751,-0.177726748183121,-0.494307924122016,25
97,6.26853230128014,-0.525255212014084,-0.0783506506897146,5.73489307506511,0,0,-0.0906377464575446,-0.0921966539469816,0.285955440033072,0.23034677209294,26
97,6.57278952069068,1.15437322232334,-1.32341927772237,6.33903255540734,0,0,0.503268198605501,0.3191277278763,-0.980209589771137,-0.695532526157943,27
97,6.81452813337303,1.34153206395259,-0.812234983229981,6.33903255540734,0,0,0.803468857347816,0.446040164004381,0.366367302307856,-0.334023203985738,28
97,7.13962488835963,0.0424656650596049,-0.225763158970357,6.33903255540734,0,0,0.005455299210068,-0.0707507117785807,0.694428902153318,0.386244646814456,29
97,7.39386722238762,1.23202535866727,-0.19975459495425,7.25764187668593,0,0,0.242903578013384,0.40240319606003,0.430141643819327,0.257528900029446,30
97,7.70646025602858,0.919301533855067,-1.37549657668371,7.25764187668593,0,0,0.653712227049931,0.232591438415841,-0.0860040988166087,-0.387498139441987,31
97,7.9065197975588,1.19786900246823,-1.3201005009386,7.25764187668593,0,0,0.219483055815977,0.29904868616719,-0.0589263364992486,-0.632874014342901,32
97,8.21494492408455,0.39420684236046,0.0606172292981274,7.25764187668593,0,0,0.15057009246309,0.237272265338549,1.07644674171719,0.190893442602316,33
97,8.38999702292349,1.24100694264866,-1.72872262284705,7.25764187668593,0,0,0.202279973669344,0.560141551689621,-0.833174125470199,-0.499716833355842,34
97,8.70675796367967,-0.276851182172927,0.311207154417613,8.43451632024684,0,0,-0.25573353583908,-0.0258929026936298,0.938366524694121,0.467799891371442,35
97,8.86930634117297,-0.00608283141719326,1.63535619823789,8.43451632024684,0,0,-0.129370652664869,-0.00963037351557114,1.41991250266172,1.53715545963311,36
97,9.15689193212266,0.448980229924345,-0.155106626415431,8.43451632024684,0,0,0.449155860248778,0.237019144679785,0.462468049637173,0.0174537357455754,37
97,9.27359333134862,0.236416001875187,-0.451138779431902,8.43451632024684,0,0,0.285261947783866,0.112826704714612,0.244452248193859,0.416152119947702,38
97,9.70705567133075,1.99663457246096,-0.172165274758752,9.38568324819924,0,0,0.862358070436196,0.376226478725455,0.417127981401458,0.280165600356953,39
97,9.99880916939565,-0.3052723254211,1.77408358340473,9.38568324819924,0,0,0.0203269700956107,0.154473912912659,1.98396495903501,1.66214864520784,40
97,10.2197082465019,-0.330837515008836,0.0614474497879921,9.38568324819924,0,0,-0.354589899905894,0.0547131858690737,0.888648257900266,0.314061373732567,41
97,10.3155701101518,1.09972430481045,-0.792496444761563,9.38568324819924,0,0,0.428804119277203,0.365782693390886,-0.145828337575199,0.145637176503514,42
97,10.5281333730277,1.77544655043204,-1.99700338640091,10.3658972999135,0,0,0.86516485587124,0.491159808451644,-0.24811964577493,-0.791835395328533,43
97,10.8532301280143,-0.988971086808753,1.10045716441946,10.3658972999135,0,0,-0.219692756721249,-0.243698605007716,0.890001997069943,0.793104952669851,44
97,11.1158082762727,-0.580284192364534,0.514856755799847,10.3658972999135,0,0,-0.0784322540081919,-0.0161586564584198,0.779825812006771,0.577580439259245,45
97,11.3325394462638,-1.20793024165203,-0.0780623949269294,10.3658972999135,0,0,-0.583106358598679,-0.116125689001354,0.497086386633681,-0.158905888890935,46
97,11.6868115510569,-0.000832029852602667,0.369613885600711,10.3658972999135,0,0,-0.140672487811576,0.127647585003782,0.825518115705572,0.444812171516223,47
97,11.8618636498958,0.0727165932718548,-0.919314121800698,10.3658972999135,0,0,0.273352720616167,-0.0310030455175477,0.426156185272957,-0.392911466537551,48
97,12.1244417981542,1.66556690653257,-3.18089588705774,11.8710251839169,0,0,0.568881733581122,0.217842936127963,-1.15994767065519,-1.55953361048559,49
97,12.2911580827627,1.83058044718966,-2.8808274156767,11.8710251839169,0,0,1.07411942920526,0.446706509143035,-0.62600077527268,-1.05863250500513,50
97,12.6162548377493,0.642060770648058,-0.276379270609418,11.8710251839169,0,0,0.0575205481752959,0.11094309328778,0.304557416402349,0.0508380598859748,51
97,12.9163441500447,0.236303754088931,-0.491923683986553,11.8710251839169,0,0,0.0523396215247289,-0.00265094945054453,-0.175253165704487,0.117890652289018,52
97,13.1164036915749,1.4011545048378,0.89875460822842,13.0191762232938,0,0,0.865237922417189,0.528177268283038,0.715512896002421,0.689951149330858,53
97,13.3998213754093,0.860500751291702,0.41358889595994,13.0191762232938,0,0,-0.0732481485047024,0.367036490169857,0.818720666605802,0.96142405934926,54
97,13.6457278952069,1.04128785182067,-0.56884377412731,13.6033906207071,0,0,0.40023595015158,0.392127297224034,0.340365248520073,-0.0685450373106737,55
97,13.9916641857696,1.38112978140127,-0.418532148311846,13.6033906207071,0,0,0.562771388671103,0.260888924099779,0.642951525468215,0.200502625837331,56
98,0,-0.568995980928878,-0.149118915533973,-Inf,0,0,-0.18039619835318,-0.261409779852475,-0.178598085917443,0.243185283753224,0
98,0.208395355760643,2.55450674845135,-2.59871628499839,0.0542110712500289,0,0,0.649881970347394,0.404137130487072,-1.31104303841884,-1.09579090225056,1
98,0.383447454599583,1.32751694226958,-1.71571990428539,0.0542110712500289,0,0,0.0732295442270905,0.147737438244662,-0.434201281626353,-1.35925546354917,2
98,0.737719559392676,-1.29094548308479,0.223404134973794,0.0542110712500289,0,0,-0.428986875138154,-0.57051872342148,0.300594702374071,0.342095909410964,3
98,0.996129800535874,2.37388959197928,-1.24317817281875,0.962984091274512,0,0,0.747586383861156,0.541874315416525,-0.528390568613819,-0.611937052250994,4
98,1.23370050610301,1.40930433037528,-2.14780861702965,0.962984091274512,0,0,0.156832666529684,0.141867874937812,-1.586812119325,-0.855502122882448,5
98,1.32122655552248,2.6349702836441,-2.14635165588766,0.962984091274512,0,0,0.556169241202025,0.433483116409812,-1.40777151527116,-1.19963901379052,6
98,1.51295028282227,0.648059305033015,-0.339786052574508,0.962984091274512,0,0,-0.0693131476668877,0.0575830671506889,-0.287454932270993,0.278801460980912,7
98,1.78803215242632,0.917494570862958,-1.74126747666145,0.962984091274512,0,0,0.0916464693604368,-0.00337118299214308,-1.22161634597154,-0.847157624436376,8
98,2.15897588568026,0.136050797278925,-1.0628203990148,0.962984091274512,0,0,-0.146265033644518,-0.0109275486891741,-0.837261986790615,-0.481382928646189,9
98,2.27150937779101,1.22711307417297,-1.44080416680979,2.17696204741593,0,0,0.59960262792259,0.314443884467669,-1.55516835149134,-0.781357671718982,10
98,2.54242334027985,2.66236432366603,-1.64875570898297,2.17696204741593,0,0,0.856971160624149,0.521862247021687,-1.10977098379376,-0.644210063063969,11
98,2.77582613873177,2.56570002709087,-1.00574812081382,2.17696204741593,0,0,0.727035983849442,0.46105422633626,-0.335259684519044,-0.514569360322537,12
98,3.21762429294433,-0.302149868095936,0.320168492017362,2.84678640248648,0,0,-0.468067352769235,-0.139198063508103,-0.270905564549205,0.42588836845251,13
98,3.33015778505508,-1.13554376006099,0.539465090264451,2.84678640248648,0,0,-0.667643688578103,-0.332519555899642,-0.0186798160127795,0.810834579099239,14
98,3.53855314081572,-0.180841372808531,-0.125545208683759,2.84678640248648,0,0,-0.558863975321746,-0.106361858984071,0.135521063141346,0.151010172664032,15
98,3.75111640369157,0.503995967590531,-1.45453860201506,2.84678640248648,0,0,0.0778930018961206,0.0325185624540641,-0.633309819906605,-0.821562073827483,16
98,4.00952664483477,0.86817804222401,-0.663790826981689,2.84678640248648,0,0,0.328934612592066,0.123553473617754,-0.333073782145768,-0.205167269448076,17
98,4.48050014885383,0.760827113372074,1.00524060317144,4.04688505119859,0,0,0.0628123263595541,0.23606161869512,0.490996040706421,0.995380941813407,18
98,4.66388806192319,0.925096132994247,-0.802522190061783,4.04688505119859,0,0,0.27739654908678,0.142817595940819,-0.40342920412588,-0.258740470781587,19
98,4.83894016076213,-0.197342663113355,-1.24040466233914,4.04688505119859,0,0,0.0797368397128647,-0.208922362913161,-0.59192861831595,-0.899081993260469,20
98,5.18904435844001,0.467615576393318,-0.708949467057282,4.04688505119859,0,0,-0.161770716671123,-0.0915382617745413,-0.775243184419816,-0.401340062056602,21
98,5.48496576362013,1.24835635185881,-1.33814912672715,5.21847125565669,0,0,0.185907253487314,0.268073817094682,-1.14311168651781,-0.676292396493501,22
98,5.72253646918726,0.117929907192048,-0.725353311813858,5.21847125565669,0,0,-0.371662925079299,0.0342393758226007,-0.669288855280856,-0.362061394896404,23
98,5.88925275379577,1.00681933958228,-0.398919523980147,5.21847125565669,0,0,-0.0632124542642163,0.0830598289225014,-0.181938212890074,-0.165884459118812,24
98,6.06847275974993,1.2558296415028,0.876810390893008,6.01868941538358,0,0,0.531631353373056,0.172995703248663,0.062865220016503,0.600800546756762,25
98,6.35605835069961,2.05967050602867,0.0979145510416276,6.01868941538358,0,0,0.554888108444235,0.474082902522103,-0.502149888844974,0.0409453921461035,26
98,6.51860672819291,0.594612857321368,1.14007124273741,6.01868941538358,0,0,0.512324501175575,0.0775859729366064,-0.0591066962479956,0.755184912421788,27
98,6.83536766894909,1.0181556570197,-0.502074425056984,6.01868941538358,0,0,-0.0226477450691524,0.122059857120198,-0.0277873146382142,-0.468714817614449,28
98,7.10628163143793,-1.22440091705218,-0.200458499786673,6.01868941538358,0,0,-0.991967285819766,-0.392483464163087,-0.62832021047197,-0.126098735104694,29
98,7.28133373027687,-0.533537528806677,0.216116220706631,6.01868941538358,0,0,-0.416115504607668,-0.19690349961645,-0.120675712531297,0.261878176332577,30
98,7.70646025602858,1.9565251619359,-0.754308757357525,7.28365462199928,0,0,0.742510439836135,0.281026331321738,-0.0639008661161289,-0.43882448289977,31
98,7.76481095564156,1.14897728144011,0.00831062911710838,7.28365462199928,0,0,0.148703780663337,0.0745150824892407,-0.305464196525751,0.0208208972930386,32
98,8.16909794581721,-0.539886077878711,0.78765322961181,7.28365462199928,0,0,-0.0908072481311945,-0.165484779104114,0.0650711624803523,0.10795697425957,33
98,8.40250074426913,0.533107510619574,1.35072307845185,8.38427727637777,0,0,-0.0443240282325226,0.017291454669824,0.683551285429554,1.05838920804253,34
98,8.7484370348318,0.35422258922133,0.559235068574,8.38427727637777,0,0,-0.269027675120663,-0.0574556131433373,0.0302606228034755,0.860893678724653,35
98,8.79428401309914,0.571061824286372,0.335984442943846,8.38427727637777,0,0,0.0560875465084995,0.146594111019228,0.220644534817205,0.192733913067728,36
98,9.07770169693361,0.881661551774499,-1.45626398352692,8.38427727637777,0,0,0.0621622834514642,0.110785728600766,-0.70486577749956,-0.907825395248299,37
98,9.34444775230723,0.950785997022129,-0.275155041391569,8.38427727637777,0,0,0.340207177182481,0.221455800634776,0.185113234251792,0.0264219223530292,38
98,9.71539148556118,0.713433702279619,-0.347331654364025,8.38427727637777,0,0,0.13056543038592,0.0292280456118361,0.267658674707103,-0.0345212590368154,39
98,9.7529026495981,3.05665330974755,-1.24170605796812,9.73439628815529,0,0,0.856061921077565,0.590246228434706,-0.802503868400008,-0.270566752954974,40
98,10.0071449836261,-0.166359108993256,2.06195293390453,9.73439628815529,0,0,-0.466892548865662,-0.219963720137312,0.430766745173455,1.39047624631422,41
98,10.3114022030366,0.36857049503718,-0.799454952645994,9.73439628815529,0,0,-0.256866882717427,-0.0429473386580971,-0.819768455035693,-0.191426619947288,42
98,10.5406370943733,-0.0880163926600922,-0.96997068313809,9.73439628815529,0,0,0.0866660628764467,-0.10833326008307,-0.191302778886398,-0.449110865063625,43
98,10.8157189639774,0.421505481859025,0.373760517081364,9.73439628815529,0,0,0.0984194385126025,-0.00595361870226148,0.0123939120263716,0.431195901875783,44
98,11.1074724620423,0.574210633229392,-0.265890256998223,11.1065787055816,0,0,0.135076600017585,0.125470078623237,-0.24075837099849,0.0867562766631283,45
98,11.278356653766,2.60297248524525,-0.0746824588452748,11.1065787055816,0,0,0.580100986843158,0.491224221249319,-0.263875747230637,-0.0532507968491632,46
98,11.5075915451027,2.53075811954256,-2.39284247191508,11.1065787055816,0,0,0.806844358643597,0.553547992408313,-1.03035175184407,-1.50994279093727,47
98,11.9618934206609,0.518462847935621,-2.13430959160657,11.1065787055816,0,0,0.196393204394154,-0.0811883852600707,-1.19742015807266,-1.42954274630643,48
98,12.0160762131587,0.356049587981858,-2.15112511089995,11.1065787055816,0,0,-0.0689929759973519,-0.106166551036069,-1.01009983095738,-1.63142379432129,49
98,12.4370348317952,1.46113164177534,-1.63331095699537,12.2283630995581,0,0,0.305255650675985,0.262960431428722,-1.35107198683583,-0.577168072439337,50
98,12.6621018160167,-1.58738899511468,-0.908824865139081,12.2283630995581,0,0,-0.889470037600706,-0.401366093595526,-0.786358293966033,-0.298770777915227,51
98,12.9746948496576,2.27606195270027,-0.230923293503974,12.8237175673264,0,0,0.773124000519437,0.501714094196439,-0.508098106091539,0.0359909129799304,52
98,13.0038701994641,0.328647369636587,-1.16260981621529,12.8237175673264,0,0,-0.345374955351874,-0.126933501067533,-0.864806775497311,-0.501755994301189,53
98,13.2831199761834,-0.615904438476256,0.97236559516964,12.8237175673264,0,0,-0.682705126277185,-0.501183830061518,0.106413726587965,0.675042958793206,54
98,13.5998809169396,2.11428188355954,-1.10098752584623,13.5829768619267,0,0,0.424502064499284,0.427914830781638,-0.633024384257678,-0.181269659585694,55
98,13.8582911580828,0.536022025466634,-0.653451727637814,13.5829768619267,0,0,-0.138127780857394,-0.0781781279716962,-0.0479603833871298,-0.312607791860463,56
99,0,-0.566697101891328,-0.81771768784171,-Inf,0,0,-1.14859890468248,-0.543998110617587,0.47987021342656,-0.330358725396384,0
99,0.158380470378089,-0.134510208211555,-1.86044589616469,0.0158833675668575,0,0,-0.942645416615967,-0.490960232536017,0.0467140164572424,-1.13521390739671,1
99,0.420958618636499,-0.270400831447522,0.990338573378548,0.0158833675668575,0,0,-1.43376217405551,-0.485898406923117,1.41071963283301,0.941007134881075,2
99,0.558499553438523,0.121891880917703,0.865690224766313,0.0158833675668575,0,0,-0.673876245966878,-0.350073445357925,0.902257941569221,0.610440761742386,3
99,0.796070259005657,-0.875599786503429,-0.210266783307176,0.0158833675668575,0,0,-1.28930252207497,-0.514310807273144,0.562993520756621,0.213831323129403,4
99,1.23370050610301,0.644194948602272,0.106882676217803,0.849239165124555,0,0,-1.1264757190188,-0.231563549264936,0.0475475702178433,0.45373649249884,5
99,1.45043167609408,-1.47153899039821,0.118224211516691,0.849239165124555,0,0,-1.82776915296337,-0.821869291628983,0.478664018590669,0.516434583414021,6
99,1.53795772551355,0.00104438170483789,0.158268588306516,0.849239165124555,0,0,-1.25370061272252,-0.328527896021467,0.637414255857563,0.213239982156403,7
99,1.79636796665674,0.355039593641892,-0.277037690431881,0.849239165124555,0,0,-1.21237331142614,-0.0717112423664385,0.702365015633375,-0.0540918409919104,8
99,2.19231914260196,0.701158388757372,0.15951138219317,0.849239165124555,0,0,-0.762322618323057,-0.102837684387956,1.06486773420019,0.447151657534669,9
99,2.37570705567133,0.341272618597682,0.206329191366838,0.849239165124555,0,0,-1.0841135796334,-0.346016839615823,0.924168085076448,0.368001265285033,10
99,2.69663590354272,0.603185547186761,-0.369821651065805,2.42933842863064,0,0,-1.18110638941596,-0.260474676351776,0.13681899005063,-0.045784165793252,11
99,2.9800535873772,0.983715771091932,0.0500424668746967,2.42933842863064,0,0,-0.849603212788727,-0.129887641728968,0.438289611127193,0.390812546854811,12
99,3.00089312295326,0.749931437054482,0.063376947805798,2.42933842863064,0,0,-0.975783834724276,-0.237577795464178,0.663736362301487,0.328985324340574,13
99,3.35099732063114,0.915576950100198,-0.56027206053667,2.42933842863064,0,0,-0.636012258966989,-0.0119796015968393,0.213792772075449,0.290422208855869,14
99,3.63441500446561,0.730426740168341,1.14706348842406,3.54316936565491,0,0,-0.837331156160924,-0.296771102902651,0.6739784310482,1.03104669608097,15
99,3.83864245311105,-0.5274978339081,1.30621659687097,3.54316936565491,0,0,-1.32280718059332,-0.373976749181751,1.01692861287817,0.750110731810367,16
99,4.15540339386722,-0.906818520930171,0.416939061666706,3.54316936565491,0,0,-1.6167574371381,-0.604313450725162,0.58711281545656,0.760554803355785,17
99,4.46799642750819,-0.732128226538127,0.0799334207608643,3.54316936565491,0,0,-1.26594777585969,-0.52552515785606,0.627826485094928,0.340225341995882,18
99,4.55969038404287,-0.297933832811174,0.622231383764007,3.54316936565491,0,0,-1.71608168027711,-0.432946481897789,1.02508645513331,0.725831155446747,19
99,4.94730574575767,-1.09004013181952,0.0749552916364055,4.68168018017179,0,0,-1.37289117433753,-0.378101012372735,0.27136259617578,0.286783419103513,20
99,5.2182197082465,-1.58177871079404,0.74896582998537,4.68168018017179,0,0,-1.52735497042049,-0.872875322448053,1.47107668221103,0.474489108194135,21
99,5.25989877939863,-0.688365002048357,1.23101643047248,4.68168018017179,0,0,-1.50324334369844,-0.664855876462508,0.918524047428918,1.21806189162461,22
99,5.68502530515034,0.684558184502015,0.361848189490846,4.68168018017179,0,0,-0.620967100996377,-0.298234350462525,0.638708276387303,0.488178828828349,23
99,5.87258112533492,1.77621462858399,-1.51728342369053,5.7241285306312,0,0,-0.303182138972057,0.179243682064411,-0.159286789978205,-0.538751641463734,24
99,6.11015183090205,1.48342469970874,-0.476202839137509,6.04356087719878,0,0,-0.75388609841838,0.0149010541623112,0.0678522284499345,0.235001496035677,25
99,6.29353974397142,-1.0189429744726,-0.266422565742803,6.04356087719878,0,0,-1.62816964971653,-0.562906819845459,0.577061982572662,0.215991952117951,26
99,6.57278952069068,0.188753284398121,-1.74771385385369,6.04356087719878,0,0,-0.800498992739146,-0.334575648634816,0.0667844413799185,-0.688990479961167,27
99,6.9687406966359,-0.371109606982106,0.81638978110203,6.04356087719878,0,0,-1.00971459046744,-0.365476237894713,1.23727251990038,0.563155116829093,28
99,7.24799047335517,-0.718166756973619,1.24442438401925,6.04356087719878,0,0,-1.1595967579235,-0.550524107706089,1.20520987326023,0.860864685089669,29
99,7.2604941947008,-1.1115011315538,1.73673181384767,6.04356087719878,0,0,-1.37095572623317,-0.737216066921755,1.23156575217051,1.21684578289459,30
99,7.63560583506996,0.741869534134028,0.169306131916886,7.33867005420526,0,0,-1.16339240841213,-0.0930907904103397,1.18138584473301,0.248933421002284,31
99,7.96903840428699,0.717065591790478,-0.917076351333757,7.33867005420526,0,0,-1.13135815078301,-0.0472991177814836,-0.252213919805861,0.140261845115566,32
99,8.16909794581721,1.39869004318015,-0.169854815657226,7.33867005420526,0,0,-0.149585697517797,-0.0168522486297082,1.13256322135559,-0.0617487912998976,33
99,8.41500446561477,2.17915101823891,-1.46748585418231,8.41002406767534,0,0,-0.202651722727794,0.20987349621009,-0.0428870388245277,-0.520270807564435,34
99,8.51086632926466,-0.438704503845221,-0.876721673321327,8.41002406767534,0,0,-1.28825988352087,-0.523484702797123,-0.55650063916585,-0.315120787898243,35
99,8.99017564751414,1.32830230933296,-1.73284147004777,8.41002406767534,0,0,-0.17213836175224,-0.0950988284032167,-0.172877577680031,-0.844901877534576,36
99,9.18606728192915,1.0766505758829,-0.220756055440782,8.41002406767534,0,0,-0.401979186073122,-0.131421809095668,0.296952972931361,0.172438631543395,37
99,9.41113426615064,1.4922535293181,-0.0705657708304415,9.35410955437244,0,0,-0.605044218145627,-0.0720805908705553,0.765989674771834,0.248795839568359,38
99,9.69455194998512,1.61384736815021,-0.752174179463543,9.35410955437244,0,0,-0.728689936998948,0.0844451144963338,0.277749413329094,-0.0734643572405379,39
99,9.94045846978267,-0.220686286614532,-1.29311093515087,9.35410955437244,0,0,-1.00154717645459,-0.352240705762533,-0.451138202436251,-0.340061156783176,40
99,10.1696933611194,0.929027061340465,-0.566002693051603,9.35410955437244,0,0,-0.821898655003376,-0.085368714412166,0.30800448300316,0.279259012371294,41
99,10.2697231318845,0.50622321128122,0.194412323865602,9.35410955437244,0,0,-0.743261451306278,-0.246087510515413,1.07274461438552,0.19836257282144,42
99,10.515629651682,0.107646299431498,0.733946284161188,9.35410955437244,0,0,-1.1196712290411,-0.379672290363382,0.780876876937505,0.661247653444582,43
99,10.9240845489729,0.546242276859926,0.848380033280364,9.35410955437244,0,0,-0.806683700862455,-0.0923862687154243,0.815996444642467,0.455009516933804,44
99,11.2033343256922,0.84603484033157,-0.608393250021638,10.9309462716624,0,0,-0.816946031180189,-0.147396061912189,0.359586398324257,-0.168987845181322,45
99,11.4367371241441,0.409489863266859,0.0145266786531121,10.9309462716624,0,0,-1.09009415346306,-0.22449422191683,0.548595080211894,0.339242628014085,46
99,11.532598987794,1.510803241681,-1.26246764903322,10.9309462716624,0,0,-0.756772274109393,0.166564449585421,0.127187103002737,-0.855818400278433,47
99,11.9077106281631,-0.220807639473164,-1.48123529915536,10.9309462716624,0,0,-1.38813580708691,-0.41247546942328,-0.682365986553555,-0.702607177115474,48
99,12.04108365585,-0.0938092390889911,-0.964489177030234,10.9309462716624,0,0,-1.23647617003245,-0.580480347640606,-0.0170338850284167,-0.0737075921861266,49
99,12.3536766894909,0.304029345518935,-0.922801846823273,12.2891781748774,0,0,-0.912519713682312,-0.323939722870165,-0.18977409184979,-0.194025988081176,50
99,12.6787734444775,0.762187181155863,0.862657805238454,12.2891781748774,0,0,-0.603970090350896,-0.288402290045278,1.05773396213563,0.642437332618246,51
99,12.8704971717773,0.941274938177455,0.523341459157861,12.8573738816212,0,0,-0.893572602041159,-0.0400941348828047,0.825063223398592,0.809885890821108,52
99,13.0455492706163,-0.748524877362783,1.41056574632467,12.8573738816212,0,0,-1.01695635680037,-0.439723546202996,1.63513041792823,0.987821278032572,53
99,13.3331348615659,0.739237533048486,0.204400346085504,12.8573738816212,0,0,-0.661791706081768,-0.225505619023953,0.847639856221646,0.346934215369131,54
99,13.7374218517416,1.27834730343331,-0.530967252027926,13.5766432786942,0,0,-0.625713215716836,-0.0740991510382639,0.553260032020625,-0.202938315388261,55
99,13.9624888359631,0.629303187040681,0.351181200472511,13.5766432786942,0,0,-0.780653800540803,-0.289660990744247,0.205115068345897,0.460679814818128,56
100,0,1.54622485620683,-0.779663962294953,-Inf,0,0,0.555470243229593,1.26152628081595,-0.126217115593902,-0.359542927352323,0
100,0.100029770765109,2.24970393911777,-2.17716490701393,0.0782698723487556,0,0,0.74083528099498,1.516567140852,-0.882614886011236,-0.642757489407732,1
100,0.375111640369158,0.0707455878771191,-0.221076359828984,0.0782698723487556,0,0,-0.157862608888252,0.800184650388908,0.606409317192449,-0.0700722834573341,2
100,0.562667460553736,-0.887442365600447,1.27998332015039,0.0782698723487556,0,0,-0.690900601598793,0.523705179166371,1.42530063703367,1.06076776207087,3
100,0.816909794581721,0.00405208282865599,0.951733396063416,0.0782698723487556,0,0,-0.202357141638946,0.806492284761224,1.05531307010921,0.778113856417501,4
100,1.17534980649003,0.725388303057623,-0.579564127092874,0.825234174796452,0,0,0.0545987275974866,1.11636738248268,0.372590652493319,0.0213374489561198,5
100,1.37124144090503,0.314318271343025,-1.63545108708471,0.825234174796452,0,0,0.112637317803224,0.866972574923279,-0.6765244545714,-1.08983386785208,6
100,1.71300982435249,0.0881328587949219,-0.899701681535316,0.825234174796452,0,0,0.0766748173577434,0.73863725490273,0.293381890871649,0.0454155107138684,7
100,1.96308425126526,-1.17847129910221,-0.576804632124977,0.825234174796452,0,0,-0.669048006300746,0.438920382717722,0.133647899207509,-0.185383771260948,8
100,2.02560285799345,0.291840646404272,0.020155633538734,0.825234174796452,0,0,0.0227294841443504,0.916583700422531,0.0486086159196277,0.312254674594555,9
100,2.29651682048229,1.98203568633845,-0.960328133637474,2.04629520268287,0,0,0.691913221372839,1.29402811524176,-0.335543429438699,-0.370381508695945,10
100,2.57576659720155,0.565171912083607,0.999727522606813,2.04629520268287,0,0,-0.252274287286071,0.84552657254896,0.480049735989732,0.911509977466467,11
100,2.89669544507294,-0.720107244319338,0.369709953103575,2.04629520268287,0,0,-0.47813752526493,0.415416608111495,0.673168055898636,0.48386027801103,12
100,3.05924382256624,-0.881320145143542,1.16853221929615,2.04629520268287,0,0,-0.59329524596093,0.671894406927175,1.3515414188586,0.870977738607956,13
100,3.26347127121167,0.384782276926702,-0.25103662290257,2.04629520268287,0,0,-0.0781574550507514,0.801210703498073,0.0378252570843501,0.353063600567971,14
100,3.50520988389402,4.20334056694526,-1.18722586267809,3.45591847034565,0,0,1.47911402936693,1.88466116948201,0.106655980532335,-0.284609987228443,15
100,3.78029175349806,1.78048791037841,-0.786164798726207,3.45591847034565,0,0,0.262920766535902,1.17604281862283,-0.208329898641539,-0.16356263378863,16
100,4.09705269425424,0.45316734429163,-1.63749874196064,3.45591847034565,0,0,-0.16426049216294,0.894236833779335,-0.599277333124847,-0.429141533409752,17
100,4.26793688597797,1.50508293376962,-1.29900510640165,4.14898651870182,0,0,0.439506153916535,1.16976891666125,-0.172928243963199,-0.477004667740898,18
100,4.59303364096457,0.362720446438883,-1.73892964692214,4.14898651870182,0,0,-0.0825771177472806,0.781164859545714,-0.653482095111556,-0.660838701577637,19
100,4.94730574575767,-1.51859473689261,0.115837047843427,4.14898651870182,0,0,-0.838665519237408,0.452175346159644,0.828839269614246,0.290365879336789,20
100,5.10151830902054,0.637461848636191,0.236490332424996,4.14898651870182,0,0,-0.0427203129780778,0.791906104435527,0.254743911647125,0.368614459943245,21
100,5.36409645727895,2.64871424953825,-2.19919959355149,5.30664052822663,0,0,1.03237366596956,1.42165445385548,-0.70893872900444,-0.813571744462817,22
100,5.61000297707651,1.60545156238572,-0.953250761040733,5.30664052822663,0,0,0.350080985643604,1.08494432136084,0.45570326759843,-0.728052335367197,23
100,5.84757368264364,0.122293486209522,-1.23397545137474,5.30664052822663,0,0,-0.123248265167685,0.776295588788576,0.13525606007362,-0.767481685667618,24
100,6.18517415897589,2.27571715117105,-2.23762442565523,6.10168992533671,0,0,0.674239001012364,1.39272522666522,-0.252387082921164,-0.96989292547304,25
100,6.481095564156,-2.08765064131163,-0.514997033719437,6.10168992533671,0,0,-1.26690750470667,0.154712867403865,0.352580175176136,0.0911419136562003,26
100,6.61446859184281,-2.13668634576844,-0.246974073259807,6.10168992533671,0,0,-1.06160018377232,0.242267387776633,0.883956846455843,-0.0470499032390562,27
100,6.96457278952069,-0.0370184882306113,-0.0903345779571114,6.10168992533671,0,0,-0.0588814818847712,0.824040591944646,0.399555661317897,0.0102800170712978,28
100,7.00625186067282,-0.037629748292434,-1.52987754435403,6.10168992533671,0,0,0.0677821865183571,0.672562732600935,0.196907018833435,-0.795252610216133,29
100,7.29383745162251,1.5268745897603,-0.290611072484138,7.14595207668518,0,0,0.481286914762702,0.974965258108752,0.395218900595783,-0.0090152299014177,30
100,7.61893420660911,0.992685909858082,-2.47197325691968,7.14595207668518,0,0,0.315656994102286,1.07097637038313,-0.896913959365485,-1.22735736942399,31
100,7.98571003274784,1.07849607858119,-1.11032202376977,7.14595207668518,0,0,0.535303266595509,0.997825417135256,-0.160140058032476,-0.10193089554106,32
100,8.15242631735636,-1.0721115647698,-0.234710862757632,7.14595207668518,0,0,-1.12733897867978,0.737372332322084,-0.143828330729412,0.427552718534672,33
100,8.44001190830604,0.862446397244223,-1.18437355875315,8.26690842349512,0,0,0.0571694777902308,0.969745876317156,-0.216357769149337,-0.595902374441493,34
100,8.70259005656445,-0.293013812786048,-0.951059004707183,8.26690842349512,0,0,-0.693337123043871,0.569149421979693,0.0876832427771428,-0.401553270758264,35
100,8.86513843405776,0.42124441695499,-0.811133922048299,8.26690842349512,0,0,-0.0130993905819735,1.04766524282461,0.31664566489476,-0.222753815378705,36
100,9.1068770467401,-0.036708308569716,-0.0891959664519004,8.26690842349512,0,0,-0.307963989582146,0.795514589807969,0.655783505875719,0.481570884450349,37
100,9.37779100922894,-1.06398060115156,-0.0267400898639153,8.26690842349512,0,0,-0.40460254437098,0.45410858426736,0.88229888079918,0.519036406284322,38
100,9.74873474248288,1.43552603611798,-1.04181836639078,9.56747038579331,0,0,0.0213493535380886,1.30910627844545,-0.038569256094664,-0.133834667091221,39
100,9.76540637094373,1.2049961410148,-1.22516227669749,9.56747038579331,0,0,0.408448993361438,1.09394667852077,-0.432543765084799,-0.557214324543632,40
100,10.2155403393867,0.941136128188699,0.442795436909985,9.56747038579331,0,0,-0.0256383155541088,0.949523586173224,0.542238384555708,0.624331155547041,41
100,10.2655552247693,0.557188102081067,0.744009590141727,9.56747038579331,0,0,0.150475147709269,1.02439377684414,1.23389197752331,0.900159557895473,42
100,10.6990175647514,-1.32649901143499,0.0689823405029341,9.56747038579331,0,0,-0.771514355037229,0.575859369704,0.343865740236606,0.251006643386449,43
100,10.9240845489729,1.38386317809914,-0.749666311246062,10.7662267919451,0,0,-0.095095956621871,1.09114334014247,0.256822052174472,-0.490892539376981,44
100,11.1199761833879,2.03556474021737,-1.84519414211391,10.7662267919451,0,0,0.819702661083709,1.21364551667941,-0.561970770126158,-0.514599849515683,45
100,11.3742185174159,0.852751652846658,-0.481967251316005,10.7662267919451,0,0,-0.0039395002584201,1.0900546575289,0.342390746039251,0.428219592669086,46
100,11.6284608514439,2.83055363497707,-1.63408281794346,10.7662267919451,0,0,0.982376667873739,1.45062267045387,-0.374613025284447,-0.570336789865481,47
100,11.8410241143197,2.17866625879525,-2.07742624286529,11.8202923191747,0,0,0.421849784674395,1.23160768027038,-0.531284705926822,-0.450883340061439,48
100,12.0202441202739,2.34941019472864,-0.998291911531568,11.8202923191747,0,0,0.527946198289676,1.25098760080395,-0.46783407495452,-0.278440122275032,49
100,12.3036618041084,-0.0523630345611103,0.281910468224091,11.8202923191747,0,0,-0.453507133304449,0.717518684195434,0.0528600009045598,0.852983121682265,50
100,12.6662697231319,-0.413994845321199,1.26296838389133,11.8202923191747,0,0,-0.0866186583631144,0.574465807597819,1.71403017445503,1.06607048351122,51
100,12.8704971717773,1.08530529372339,0.0149676876036732,11.8202923191747,0,0,0.695794786270647,1.02351443131019,0.885815602047935,0.666162144863045,52
100,13.1164036915749,-0.200951070518927,-0.126136502200623,11.8202923191747,0,0,-0.129214811588668,0.890130857037308,0.684419886499686,-0.102923399405176,53
100,13.2914557904138,3.00182875660793,-0.828126814980274,13.1268105381419,0,0,0.870379356725843,1.47616752925548,0.367181470499356,-0.0212247649871534,54
100,13.6623995236678,-0.190577803201453,-1.34947174872036,13.1268105381419,0,0,-0.0739892743234893,0.779852037398314,-0.065834240852336,-0.517838419336243,55
100,13.8707948794284,-0.705736559943809,1.40614453056079,13.1268105381419,0,0,-0.354953061365371,0.44677423113967,1.40076426049075,1.46023801410035,56
